manual_id,section_id,page_sampled,checklist_ref,result,severity,evidence,notes
LOGIQ_S8,sec_0001,1,5.4-hierarchy_level,PASS,,Sec_0001 'Service Manual' is level 1 and has no parent. The p1 cover shows the title block and starts the section. Chapter 1 (sec_0002) is also level 1 and starts at p43.,
LOGIQ_S8,sec_0001,1,5.4-parent_child,PASS,,"parent_section_id is null and child_sections is empty. Pages 1-42 hold the cover, warnings, revision history and contents lists, which are not sub-sections. The next top-level section is sec_0002 (Chapter 1, p43).",
LOGIQ_S8,sec_0001,1,5.4-page_start_end,PASS,,"p1 is the cover and the section starts there with the heading node 'Service Manual'. p42 is a blank page with only the running header and folio '26 -'. Chapter 1 starts at p43 (sec_0002), so no chapter text is absorbed.","The cover title 'LOGIQ S8/LOGIQ E8/LOGIQ S7 XDclear2.0' has no node on p1, probably a Docling limit. Hidden nodes '(OCTOBER 7, 2019)' and 'COVER.FM' are not visible on p1. They are inside the section, so no boundary is crossed. The product name is kept on p2 and in the page headers."
LOGIQ_S8,sec_0001,1,5.4-hierarchy_path,PASS,,"hierarchy_path is '/Service Manual'. It is one level deep, which is correct for a top-level bookmark with no parent.",
LOGIQ_S8,sec_0001,1,5.4-gaps_duplicates,PASS,,"No gap or repeat between p1 and p42: sec_0001 covers p1-p42 and sec_0002 starts at p43. The running-header nodes ('GE Healthcare', 'Direction 5394227, 13 ...') repeat on each page but stay inside the section.",
LOGIQ_S8,sec_0001,1,5.4-flagged_for_review,PASS,,"flagged_for_review is false and verification_score is 100. The bookmark title 'Service Manual' matches the cover wording on p1, so no review flag is needed.",
LOGIQ_S8,sec_0001,1,5.4-structural_source,PASS,,"structural_source is 'toc'. The bookmark range 1-42 ends right before Chapter 1 (p43), and the title matches the cover. Nothing suggests an inferred structure.",
LOGIQ_S8,sec_0001,1,5.6-numbering_scheme,FAIL,Medium,"The section is labeled 'arabic' but the folios are mixed. Node text shows roman folios '- i' (p3), 'ii -' (p4), 'iv -' (p6), 'viii -' (p10), '- xi' (p13), 'xii -' (p14), 'xiv -' (p16). Arabic folios 1 to 26 start again on p17 to p42 (p24 shows '8 -').","Roman folios inside an arabic section: contract Medium. The roman folios are seen in node text only; p3-p16 were not rendered in this batch, so confidence is lower."
LOGIQ_S8,sec_0001,1,5.6-offset_applied,PASS,,"offset_applied is 0. The section starts at physical p1 (the cover) and page_start is 1. The printed folios (roman, then 1-26) differ from physical numbers, but the bookmark pages are physical, so no shift is needed.",
LOGIQ_S8,sec_0001,1,5.6-table_content,PASS,,"p1 has no table. The section has 27 table nodes (revision tables on p15, contents lists on p17-p41). The table fidelity check is made on p24, see the p24 row.",p15 tables were not rendered in this batch.
LOGIQ_S8,sec_0001,1,5.5-filters_discarding,PASS,,"The cover has only the GE logo, and it is extracted (img_0000). Pages 10-12 have raster text images (Japanese, Traditional Chinese, Simplified Chinese, Korean, Vietnamese, Kazakh): img_0001-img_0007 are all kept and read clearly. No meaningful figure looks dropped.",p10-p12 pages were not rendered here; only the extracted images were checked.
LOGIQ_S8,sec_0001,1,5.5-filters_passing_noise,FAIL,Low,"On p1 the GE logo (img_0000, vector, 164x161) is kept as an image. It is a decorative brand mark with no technical content. The other images (img_0001-img_0007 on p10-p12) are real warning texts and are not noise.",Decorative logo kept as an image: contract Low. No information is added or lost. p24 and p42 have no images.
LOGIQ_S8,sec_0001,1,5.5-image_section_mapping,PASS,,"All 8 images (img_0000 on p1, img_0001-img_0007 on p10-p12) map to sec_0001 (p1-p42). No sibling section shares these pages, so the mapping is right.",
LOGIQ_S8,sec_0003,43,5.4-hierarchy_level,,,,
LOGIQ_S8,sec_0003,43,5.4-parent_child,,,,
LOGIQ_S8,sec_0003,43,5.4-page_start_end,,,,
LOGIQ_S8,sec_0003,43,5.4-hierarchy_path,,,,
LOGIQ_S8,sec_0003,43,5.4-gaps_duplicates,,,,
LOGIQ_S8,sec_0003,43,5.4-flagged_for_review,,,,
LOGIQ_S8,sec_0003,43,5.4-structural_source,,,,
LOGIQ_S8,sec_0003,43,5.6-numbering_scheme,,,,
LOGIQ_S8,sec_0003,43,5.6-offset_applied,,,,
LOGIQ_S8,sec_0003,43,5.6-table_content,,,,
LOGIQ_S8,sec_0003,43,5.5-filters_discarding,,,,
LOGIQ_S8,sec_0003,43,5.5-filters_passing_noise,,,,
LOGIQ_S8,sec_0003,43,5.5-image_section_mapping,,,,
LOGIQ_S8,sec_0005,51,5.4-hierarchy_level,,,,
LOGIQ_S8,sec_0005,51,5.4-parent_child,,,,
LOGIQ_S8,sec_0005,51,5.4-page_start_end,,,,
LOGIQ_S8,sec_0005,51,5.4-hierarchy_path,,,,
LOGIQ_S8,sec_0005,51,5.4-gaps_duplicates,,,,
LOGIQ_S8,sec_0005,51,5.4-flagged_for_review,,,,
LOGIQ_S8,sec_0005,51,5.4-structural_source,,,,
LOGIQ_S8,sec_0005,51,5.6-numbering_scheme,,,,
LOGIQ_S8,sec_0005,51,5.6-offset_applied,,,,
LOGIQ_S8,sec_0005,51,5.6-table_content,,,,
LOGIQ_S8,sec_0005,51,5.5-filters_discarding,,,,
LOGIQ_S8,sec_0005,51,5.5-filters_passing_noise,,,,
LOGIQ_S8,sec_0005,51,5.5-image_section_mapping,,,,
LOGIQ_S8,sec_0006,60,5.4-hierarchy_level,,,,
LOGIQ_S8,sec_0006,60,5.4-parent_child,,,,
LOGIQ_S8,sec_0006,60,5.4-page_start_end,,,,
LOGIQ_S8,sec_0006,60,5.4-hierarchy_path,,,,
LOGIQ_S8,sec_0006,60,5.4-gaps_duplicates,,,,
LOGIQ_S8,sec_0006,60,5.4-flagged_for_review,,,,
LOGIQ_S8,sec_0006,60,5.4-structural_source,,,,
LOGIQ_S8,sec_0006,60,5.6-numbering_scheme,,,,
LOGIQ_S8,sec_0006,60,5.6-offset_applied,,,,
LOGIQ_S8,sec_0006,60,5.6-table_content,,,,
LOGIQ_S8,sec_0006,60,5.5-filters_discarding,,,,
LOGIQ_S8,sec_0006,60,5.5-filters_passing_noise,,,,
LOGIQ_S8,sec_0006,60,5.5-image_section_mapping,,,,
LOGIQ_S8,sec_0007,68,5.4-hierarchy_level,,,,
LOGIQ_S8,sec_0007,68,5.4-parent_child,,,,
LOGIQ_S8,sec_0007,68,5.4-page_start_end,,,,
LOGIQ_S8,sec_0007,68,5.4-hierarchy_path,,,,
LOGIQ_S8,sec_0007,68,5.4-gaps_duplicates,,,,
LOGIQ_S8,sec_0007,68,5.4-flagged_for_review,,,,
LOGIQ_S8,sec_0007,68,5.4-structural_source,,,,
LOGIQ_S8,sec_0007,68,5.6-numbering_scheme,,,,
LOGIQ_S8,sec_0007,68,5.6-offset_applied,,,,
LOGIQ_S8,sec_0007,68,5.5-filters_discarding,,,,
LOGIQ_S8,sec_0007,68,5.5-filters_passing_noise,,,,
LOGIQ_S8,sec_0007,68,5.5-image_section_mapping,,,,
LOGIQ_S8,sec_0012,76,5.4-hierarchy_level,,,,
LOGIQ_S8,sec_0012,76,5.4-parent_child,,,,
LOGIQ_S8,sec_0012,76,5.4-page_start_end,,,,
LOGIQ_S8,sec_0012,76,5.4-hierarchy_path,,,,
LOGIQ_S8,sec_0012,76,5.4-gaps_duplicates,,,,
LOGIQ_S8,sec_0012,76,5.4-flagged_for_review,,,,
LOGIQ_S8,sec_0012,76,5.4-structural_source,,,,
LOGIQ_S8,sec_0012,76,5.6-numbering_scheme,,,,
LOGIQ_S8,sec_0012,76,5.6-offset_applied,,,,
LOGIQ_S8,sec_0012,76,5.6-table_content,,,,
LOGIQ_S8,sec_0012,76,5.5-filters_discarding,,,,
LOGIQ_S8,sec_0012,76,5.5-filters_passing_noise,,,,
LOGIQ_S8,sec_0012,76,5.5-image_section_mapping,,,,
LOGIQ_S8,sec_0014,77,5.4-hierarchy_level,,,,
LOGIQ_S8,sec_0014,77,5.4-parent_child,,,,
LOGIQ_S8,sec_0014,77,5.4-page_start_end,,,,
LOGIQ_S8,sec_0014,77,5.4-hierarchy_path,,,,
LOGIQ_S8,sec_0014,77,5.4-gaps_duplicates,,,,
LOGIQ_S8,sec_0014,77,5.4-flagged_for_review,,,,
LOGIQ_S8,sec_0014,77,5.4-structural_source,,,,
LOGIQ_S8,sec_0014,77,5.6-numbering_scheme,,,,
LOGIQ_S8,sec_0014,77,5.6-offset_applied,,,,
LOGIQ_S8,sec_0014,77,5.6-table_content,,,,
LOGIQ_S8,sec_0014,77,5.5-filters_discarding,,,,
LOGIQ_S8,sec_0014,77,5.5-filters_passing_noise,,,,
LOGIQ_S8,sec_0014,77,5.5-image_section_mapping,,,,
LOGIQ_S8,sec_0017,90,5.4-hierarchy_level,,,,
LOGIQ_S8,sec_0017,90,5.4-parent_child,,,,
LOGIQ_S8,sec_0017,90,5.4-page_start_end,,,,
LOGIQ_S8,sec_0017,90,5.4-hierarchy_path,,,,
LOGIQ_S8,sec_0017,90,5.4-gaps_duplicates,,,,
LOGIQ_S8,sec_0017,90,5.4-flagged_for_review,,,,
LOGIQ_S8,sec_0017,90,5.4-structural_source,,,,
LOGIQ_S8,sec_0017,90,5.6-numbering_scheme,,,,
LOGIQ_S8,sec_0017,90,5.6-offset_applied,,,,
LOGIQ_S8,sec_0017,90,5.5-filters_discarding,,,,
LOGIQ_S8,sec_0017,90,5.5-filters_passing_noise,,,,
LOGIQ_S8,sec_0017,90,5.5-image_section_mapping,,,,
LOGIQ_S8,sec_0019,91,5.4-hierarchy_level,,,,
LOGIQ_S8,sec_0019,91,5.4-parent_child,,,,
LOGIQ_S8,sec_0019,91,5.4-page_start_end,,,,
LOGIQ_S8,sec_0019,91,5.4-hierarchy_path,,,,
LOGIQ_S8,sec_0019,91,5.4-gaps_duplicates,,,,
LOGIQ_S8,sec_0019,91,5.4-flagged_for_review,,,,
LOGIQ_S8,sec_0019,91,5.4-structural_source,,,,
LOGIQ_S8,sec_0019,91,5.6-numbering_scheme,,,,
LOGIQ_S8,sec_0019,91,5.6-offset_applied,,,,
LOGIQ_S8,sec_0019,91,5.6-table_content,,,,
LOGIQ_S8,sec_0019,91,5.5-filters_discarding,,,,
LOGIQ_S8,sec_0019,91,5.5-filters_passing_noise,,,,
LOGIQ_S8,sec_0019,91,5.5-image_section_mapping,,,,
LOGIQ_S8,sec_0021,98,5.4-hierarchy_level,,,,
LOGIQ_S8,sec_0021,98,5.4-parent_child,,,,
LOGIQ_S8,sec_0021,98,5.4-page_start_end,,,,
LOGIQ_S8,sec_0021,98,5.4-hierarchy_path,,,,
LOGIQ_S8,sec_0021,98,5.4-gaps_duplicates,,,,
LOGIQ_S8,sec_0021,98,5.4-flagged_for_review,,,,
LOGIQ_S8,sec_0021,98,5.4-structural_source,,,,
LOGIQ_S8,sec_0021,98,5.6-numbering_scheme,,,,
LOGIQ_S8,sec_0021,98,5.6-offset_applied,,,,
LOGIQ_S8,sec_0021,98,5.6-table_content,,,,
LOGIQ_S8,sec_0021,98,5.5-filters_discarding,,,,
LOGIQ_S8,sec_0021,98,5.5-filters_passing_noise,,,,
LOGIQ_S8,sec_0021,98,5.5-image_section_mapping,,,,
LOGIQ_S8,sec_0024,105,5.4-hierarchy_level,PASS,,'Section 3-6 Completing the Set Up' is a section-level heading (hierarchy_level 2) printed under Chapter 3. Siblings sec_0023 and sec_0025 are also level 2. On p105 the running footer shows folio 3 - 15 and names this section.,
LOGIQ_S8,sec_0024,105,5.4-parent_child,PASS,,"parent_section_id is sec_0018 (Chapter 3, p91-188), which contains p102-p106. child_sections is empty. The numbered sub-headings on p105 are headings inside the section, not separate sections.","The bookmark list itself is not in the batch, so I judged nesting from the sibling levels and headings."
LOGIQ_S8,sec_0024,105,5.4-page_start_end,PASS,,"The section starts on p102 with the heading 'Section 3-6 Completing the Set Up' (#/texts/1096), which is the first content after the running header. It ends on p106 after step 7 of 3-6-4-5 (TEE probe). Section 3-7 starts on p107, so no foreign content is absorbed.",
LOGIQ_S8,sec_0024,105,5.4-hierarchy_path,PASS,,"hierarchy_path is '/Chapter 3/Section 3-6 Completing the Set Up'. It lists Chapter 3 then the section title, in the right order and matching the printed headings.",
LOGIQ_S8,sec_0024,105,5.4-gaps_duplicates,PASS,,"The section appears once, with 108 nodes in one unbroken range of semantic_order, and no duplicate node ids. Every page from p102 to p106 has nodes. No other section overlaps.",
LOGIQ_S8,sec_0024,105,5.4-flagged_for_review,PASS,,"flagged_for_review is false, verification_score is 100 and confidence is 1.0. The heading is visible on declared p102, so there is no uncertainty to confirm.",
LOGIQ_S8,sec_0024,105,5.4-structural_source,PASS,,"structural_source is 'toc' (a real bookmark), not inferred. The bookmark title matches the heading printed on p102.",
LOGIQ_S8,sec_0024,105,5.6-numbering_scheme,PASS,,numbering_scheme is arabic. The section uses chapter-page folios (p105 shows 3 - 15) and numbered headings. The scheme is the same as the neighbouring sections.,"The printed folio is chapter-page style, but physical page and bookmark page agree, so no folio is lost."
LOGIQ_S8,sec_0024,105,5.6-offset_applied,PASS,,"offset_applied is 0, like sec_0023 and sec_0025. The heading is on physical p102 as declared, so physical page equals bookmark page. Folio 3 - 15 on p105 agrees with the order of pages.",
LOGIQ_S8,sec_0024,105,5.6-table_content,PASS,,"p105 has no table: it has text, bullet lists, two photos and three CAUTION boxes. No table node has page_no 105. Nothing to compare.",The tables of this section are on p102 to p104.
LOGIQ_S8,sec_0024,105,5.5-filters_discarding,FAIL,Low,"On p105 the three CAUTION boxes each have a yellow warning triangle. images.json lists only img_0074 and img_0075 for p105 (the two probe-port photos), so the triangles are not extracted. The photos for Figure 3-7 are present.","Small icons dropped. Meaning is fully in the CAUTION text (#/texts/1149, 1153, 1154). Probably removed by a small-image filter. Impact: low. The three '!! CAUTION:' text nodes (#/texts/1150-1152) look like OCR of these icons; they are text, not images, so I did not grade them in the noise row. verify_claims expects Critical only because the evidence says 'not extracted'; the contract Low row (small icon dropped, meaning fully in text) applies, so Low is kept. verify_claims expects Critical for a missing figure. The missing items are only three small warning triangles, and the CAUTION text keeps their meaning, so the contract grade is Low."
LOGIQ_S8,sec_0024,105,5.5-filters_passing_noise,PASS,,"On p105 the only images are img_0074 and img_0075, the two probe-port photos of Figure 3-7. No logo, rule, heading or step text is inside them. The other section images (img_0073 p104, img_0076 and vector img_0077 on p106) are also clean on all four edges.",Section-wide check done once; no noise found in sec_0024.
LOGIQ_S8,sec_0024,105,5.5-image_section_mapping,PASS,,"img_0074 (LOGIQ S8 side view, labels b, c, a) and img_0075 (LOGIQ E8 view) match the two views of Figure 3-7 under 3-6-4-1. Both are mapped to sec_0024, the only section on p105.",
LOGIQ_S8,sec_0025,112,5.4-hierarchy_level,,,,
LOGIQ_S8,sec_0025,112,5.4-parent_child,,,,
LOGIQ_S8,sec_0025,112,5.4-page_start_end,,,,
LOGIQ_S8,sec_0025,112,5.4-hierarchy_path,,,,
LOGIQ_S8,sec_0025,112,5.4-gaps_duplicates,,,,
LOGIQ_S8,sec_0025,112,5.4-flagged_for_review,,,,
LOGIQ_S8,sec_0025,112,5.4-structural_source,,,,
LOGIQ_S8,sec_0025,112,5.6-numbering_scheme,,,,
LOGIQ_S8,sec_0025,112,5.6-offset_applied,,,,
LOGIQ_S8,sec_0025,112,5.5-filters_discarding,,,,
LOGIQ_S8,sec_0025,112,5.5-filters_passing_noise,,,,
LOGIQ_S8,sec_0025,112,5.5-image_section_mapping,,,,
LOGIQ_S8,sec_0026,126,5.4-hierarchy_level,,,,
LOGIQ_S8,sec_0026,126,5.4-parent_child,,,,
LOGIQ_S8,sec_0026,126,5.4-page_start_end,,,,
LOGIQ_S8,sec_0026,126,5.4-hierarchy_path,,,,
LOGIQ_S8,sec_0026,126,5.4-gaps_duplicates,,,,
LOGIQ_S8,sec_0026,126,5.4-flagged_for_review,,,,
LOGIQ_S8,sec_0026,126,5.4-structural_source,,,,
LOGIQ_S8,sec_0026,126,5.6-numbering_scheme,,,,
LOGIQ_S8,sec_0026,126,5.6-offset_applied,,,,
LOGIQ_S8,sec_0026,126,5.6-table_content,,,,
LOGIQ_S8,sec_0026,126,5.5-filters_discarding,,,,
LOGIQ_S8,sec_0026,126,5.5-filters_passing_noise,,,,
LOGIQ_S8,sec_0026,126,5.5-image_section_mapping,,,,
LOGIQ_S8,sec_0027,133,5.4-hierarchy_level,,,,
LOGIQ_S8,sec_0027,133,5.4-parent_child,,,,
LOGIQ_S8,sec_0027,133,5.4-page_start_end,,,,
LOGIQ_S8,sec_0027,133,5.4-hierarchy_path,,,,
LOGIQ_S8,sec_0027,133,5.4-gaps_duplicates,,,,
LOGIQ_S8,sec_0027,133,5.4-flagged_for_review,,,,
LOGIQ_S8,sec_0027,133,5.4-structural_source,,,,
LOGIQ_S8,sec_0027,133,5.6-numbering_scheme,,,,
LOGIQ_S8,sec_0027,133,5.6-offset_applied,,,,
LOGIQ_S8,sec_0027,133,5.5-filters_discarding,,,,
LOGIQ_S8,sec_0027,133,5.5-filters_passing_noise,,,,
LOGIQ_S8,sec_0027,133,5.5-image_section_mapping,,,,
LOGIQ_S8,sec_0028,140,5.4-hierarchy_level,PASS,,'Section 3-10 Printer Installation' is a section-level heading (hierarchy_level 2) printed under Chapter 3. Siblings sec_0027 and sec_0029 are also level 2. On p140 the running footer shows folio 3 - 50 and names this section.,
LOGIQ_S8,sec_0028,140,5.4-parent_child,PASS,,"parent_section_id is sec_0018 (Chapter 3, p91-188), which contains p139-p155. child_sections is empty. The numbered sub-headings on p140 are headings inside the section, not separate sections.","The bookmark list itself is not in the batch, so I judged nesting from the sibling levels and headings."
LOGIQ_S8,sec_0028,140,5.4-page_start_end,PASS,,"The section starts on p139 with the heading 'Section 3-10 Printer Installation' (#/texts/1648) and 3-10-1. It ends on p155 with PC printer setup step 6 (#/texts/1834). Section 3-11 starts on p156, so no foreign content is absorbed.",
LOGIQ_S8,sec_0028,140,5.4-hierarchy_path,PASS,,"hierarchy_path is '/Chapter 3/Section 3-10 Printer Installation'. It lists Chapter 3 then the section title, in the right order and matching the printed headings.",
LOGIQ_S8,sec_0028,140,5.4-gaps_duplicates,PASS,,"The section appears once, with 191 nodes in one unbroken range of semantic_order, and no duplicate node ids. Every page from p139 to p155 has nodes. No other section overlaps.",
LOGIQ_S8,sec_0028,140,5.4-flagged_for_review,PASS,,"flagged_for_review is false, verification_score is 100 and confidence is 1.0. The heading is visible on declared p139, so there is no uncertainty to confirm.",
LOGIQ_S8,sec_0028,140,5.4-structural_source,PASS,,"structural_source is 'toc' (a real bookmark), not inferred. The bookmark title matches the heading printed on p139.",
LOGIQ_S8,sec_0028,140,5.6-numbering_scheme,PASS,,numbering_scheme is arabic. The section uses chapter-page folios (p140 shows 3 - 50) and numbered headings. The scheme is the same as the neighbouring sections.,"The printed folio is chapter-page style, but physical page and bookmark page agree, so no folio is lost."
LOGIQ_S8,sec_0028,140,5.6-offset_applied,PASS,,"offset_applied is 0, like sec_0027 and sec_0029. The heading is on physical p139 as declared, so physical page equals bookmark page. Folio 3 - 50 on p140 agrees with the order of pages.",
LOGIQ_S8,sec_0028,140,5.6-table_content,PASS,,"p140 has no table. It has only the heading 3-10-1-1, one large figure and its caption. The only table node in the section is #/tables/65 on p147.",Nothing to compare on this page.
LOGIQ_S8,sec_0028,140,5.5-filters_discarding,FAIL,Low,"On p140 the figure is complete: img_0110 (618x842, vector) holds both photos, the blue arrows and the white boxes of Figure 3-37. In the same section, on p151, the NOTICE warning triangle next to 'Settings for Paper Size MUST match...' is not in images.json. The only p151 image is img_0121 (the Paper page screenshot).","Small icon dropped. Its meaning is fully in the text (#/texts/1778 'NOTICE ...' and the stub '!! NOTICE:' #/texts/1785). Probably removed by a small-image filter. Impact: low. Section-wide check; p140 itself has no missing visual. verify_claims expects Critical because two raster photos on p140 are not in images_v1.json. I checked img_0110: both photos are inside that vector crop together with the arrows and boxes, so nothing is lost on p140. The Low grade is for the p151 icon only."
LOGIQ_S8,sec_0028,140,5.5-filters_passing_noise,FAIL,Low,"Body text is kept inside vector images of sec_0028. img_0119 (p149, 782x1154) has the heading '3-10-2-1 Connection Scheme: Color Printer' at the top edge and the caption 'Figure 3-40 R1 and R2 Color Printer connection' at the bottom edge. img_0121 (p151, 672x611) has the step line '- High Speed (check mark on)' at the top edge. img_0110 on p140 is clean.","Graded once for the whole section, on the first sampled page. The crop box is probably taller than the figure. The same text is also in nodes #/texts/1764, 1765 and 1783, so no content is lost. Impact: cosmetic. Contract: Low."
LOGIQ_S8,sec_0028,140,5.5-image_section_mapping,PASS,,"img_0110 is mapped to sec_0028, under 3-10-1-1 Connection Scheme and above the caption 'Figure 3-37 R1 and R2 Black & White Printer connection'. The page belongs only to this section.",
LOGIQ_S8,sec_0029,160,5.4-hierarchy_level,,,,
LOGIQ_S8,sec_0029,160,5.4-parent_child,,,,
LOGIQ_S8,sec_0029,160,5.4-page_start_end,,,,
LOGIQ_S8,sec_0029,160,5.4-hierarchy_path,,,,
LOGIQ_S8,sec_0029,160,5.4-gaps_duplicates,,,,
LOGIQ_S8,sec_0029,160,5.4-flagged_for_review,,,,
LOGIQ_S8,sec_0029,160,5.4-structural_source,,,,
LOGIQ_S8,sec_0029,160,5.6-numbering_scheme,,,,
LOGIQ_S8,sec_0029,160,5.6-offset_applied,,,,
LOGIQ_S8,sec_0029,160,5.6-table_content,,,,
LOGIQ_S8,sec_0029,160,5.5-filters_discarding,,,,
LOGIQ_S8,sec_0029,160,5.5-filters_passing_noise,,,,
LOGIQ_S8,sec_0029,160,5.5-image_section_mapping,,,,
LOGIQ_S8,sec_0030,167,5.4-hierarchy_level,,,,
LOGIQ_S8,sec_0030,167,5.4-parent_child,,,,
LOGIQ_S8,sec_0030,167,5.4-page_start_end,,,,
LOGIQ_S8,sec_0030,167,5.4-hierarchy_path,,,,
LOGIQ_S8,sec_0030,167,5.4-gaps_duplicates,,,,
LOGIQ_S8,sec_0030,167,5.4-flagged_for_review,,,,
LOGIQ_S8,sec_0030,167,5.4-structural_source,,,,
LOGIQ_S8,sec_0030,167,5.6-numbering_scheme,,,,
LOGIQ_S8,sec_0030,167,5.6-offset_applied,,,,
LOGIQ_S8,sec_0030,167,5.6-table_content,,,,
LOGIQ_S8,sec_0030,167,5.5-filters_discarding,,,,
LOGIQ_S8,sec_0030,167,5.5-filters_passing_noise,,,,
LOGIQ_S8,sec_0030,167,5.5-image_section_mapping,,,,
LOGIQ_S8,sec_0031,174,5.4-hierarchy_level,,,,
LOGIQ_S8,sec_0031,174,5.4-parent_child,,,,
LOGIQ_S8,sec_0031,174,5.4-page_start_end,,,,
LOGIQ_S8,sec_0031,174,5.4-hierarchy_path,,,,
LOGIQ_S8,sec_0031,174,5.4-gaps_duplicates,,,,
LOGIQ_S8,sec_0031,174,5.4-flagged_for_review,,,,
LOGIQ_S8,sec_0031,174,5.4-structural_source,,,,
LOGIQ_S8,sec_0031,174,5.6-numbering_scheme,,,,
LOGIQ_S8,sec_0031,174,5.6-offset_applied,,,,
LOGIQ_S8,sec_0031,174,5.6-table_content,,,,
LOGIQ_S8,sec_0031,174,5.5-filters_discarding,,,,
LOGIQ_S8,sec_0031,174,5.5-filters_passing_noise,,,,
LOGIQ_S8,sec_0031,174,5.5-image_section_mapping,,,,
LOGIQ_S8,sec_0034,188,5.4-hierarchy_level,,,,
LOGIQ_S8,sec_0034,188,5.4-parent_child,,,,
LOGIQ_S8,sec_0034,188,5.4-page_start_end,,,,
LOGIQ_S8,sec_0034,188,5.4-hierarchy_path,,,,
LOGIQ_S8,sec_0034,188,5.4-gaps_duplicates,,,,
LOGIQ_S8,sec_0034,188,5.4-flagged_for_review,,,,
LOGIQ_S8,sec_0034,188,5.4-structural_source,,,,
LOGIQ_S8,sec_0034,188,5.6-numbering_scheme,,,,
LOGIQ_S8,sec_0034,188,5.6-offset_applied,,,,
LOGIQ_S8,sec_0034,188,5.5-filters_discarding,,,,
LOGIQ_S8,sec_0034,188,5.5-filters_passing_noise,,,,
LOGIQ_S8,sec_0034,188,5.5-image_section_mapping,,,,
LOGIQ_S8,sec_0036,189,5.4-hierarchy_level,,,,
LOGIQ_S8,sec_0036,189,5.4-parent_child,,,,
LOGIQ_S8,sec_0036,189,5.4-page_start_end,,,,
LOGIQ_S8,sec_0036,189,5.4-hierarchy_path,,,,
LOGIQ_S8,sec_0036,189,5.4-gaps_duplicates,,,,
LOGIQ_S8,sec_0036,189,5.4-flagged_for_review,,,,
LOGIQ_S8,sec_0036,189,5.4-structural_source,,,,
LOGIQ_S8,sec_0036,189,5.6-numbering_scheme,,,,
LOGIQ_S8,sec_0036,189,5.6-offset_applied,,,,
LOGIQ_S8,sec_0036,189,5.6-table_content,,,,
LOGIQ_S8,sec_0036,189,5.5-filters_discarding,,,,
LOGIQ_S8,sec_0036,189,5.5-filters_passing_noise,,,,
LOGIQ_S8,sec_0036,189,5.5-image_section_mapping,,,,
LOGIQ_S8,sec_0038,196,5.4-hierarchy_level,,,,
LOGIQ_S8,sec_0038,196,5.4-parent_child,,,,
LOGIQ_S8,sec_0038,196,5.4-page_start_end,,,,
LOGIQ_S8,sec_0038,196,5.4-hierarchy_path,,,,
LOGIQ_S8,sec_0038,196,5.4-gaps_duplicates,,,,
LOGIQ_S8,sec_0038,196,5.4-flagged_for_review,,,,
LOGIQ_S8,sec_0038,196,5.4-structural_source,,,,
LOGIQ_S8,sec_0038,196,5.6-numbering_scheme,,,,
LOGIQ_S8,sec_0038,196,5.6-offset_applied,,,,
LOGIQ_S8,sec_0038,196,5.6-table_content,,,,
LOGIQ_S8,sec_0038,196,5.5-filters_discarding,,,,
LOGIQ_S8,sec_0038,196,5.5-filters_passing_noise,,,,
LOGIQ_S8,sec_0038,196,5.5-image_section_mapping,,,,
LOGIQ_S8,sec_0039,210,5.4-hierarchy_level,PASS,,'Section 4-4 Functional Checks' is a section-level heading (hierarchy_level 2) printed under Chapter 4. Siblings sec_0038 and sec_0040 are also level 2. On p210 the running footer shows folio 4 - 22 and names this section.,
LOGIQ_S8,sec_0039,210,5.4-parent_child,PASS,,"parent_section_id is sec_0035 (Chapter 4, p189-238), which contains p206-p235. child_sections is empty. The numbered sub-headings on p210 are headings inside the section, not separate sections.","The bookmark list itself is not in the batch, so I judged nesting from the sibling levels and headings."
LOGIQ_S8,sec_0039,210,5.4-page_start_end,PASS,,"The section starts on p206 with the heading 'Section 4-4 Functional Checks' (#/texts/2576) and 4-4-1 Overview. It ends on p235 with 4-4-23 FibroScan module (steps 1 to 7 and Figures 4-35, 4-36). Section 4-5 starts on p236, so no foreign content is absorbed.",
LOGIQ_S8,sec_0039,210,5.4-hierarchy_path,PASS,,"hierarchy_path is '/Chapter 4/Section 4-4 Functional Checks'. It lists Chapter 4 then the section title, in the right order and matching the printed headings.",
LOGIQ_S8,sec_0039,210,5.4-gaps_duplicates,PASS,,"The section appears once, with 627 nodes in one unbroken range of semantic_order, and no duplicate node ids. Every page from p206 to p235 has nodes. No other section overlaps.",
LOGIQ_S8,sec_0039,210,5.4-flagged_for_review,PASS,,"flagged_for_review is false, verification_score is 100 and confidence is 1.0. The heading is visible on declared p206, so there is no uncertainty to confirm.",
LOGIQ_S8,sec_0039,210,5.4-structural_source,PASS,,"structural_source is 'toc' (a real bookmark), not inferred. The bookmark title matches the heading printed on p206.",
LOGIQ_S8,sec_0039,210,5.6-numbering_scheme,PASS,,numbering_scheme is arabic. The section uses chapter-page folios (p210 shows 4 - 22) and numbered headings. The scheme is the same as the neighbouring sections.,"The printed folio is chapter-page style, but physical page and bookmark page agree, so no folio is lost."
LOGIQ_S8,sec_0039,210,5.6-offset_applied,PASS,,"offset_applied is 0, like sec_0038 and sec_0040. The heading is on physical p206 as declared, so physical page equals bookmark page. Folio 4 - 22 on p210 agrees with the order of pages.",
LOGIQ_S8,sec_0039,210,5.6-table_content,PASS,,"p210 has no table. It has 4-4-5 text, Figure 4-19 (RMI 403GS phantom) and its labels. No table node has page_no 210.","The phantom labels (#/texts/2749-2774) are loose text from the drawing, not a table."
LOGIQ_S8,sec_0039,210,5.5-filters_discarding,PASS,,"p210 has Figure 4-19, a vector drawing of the RMI 403GS phantom with labels and a depth scale 2 to 16. img_0198 (961x1343, vector) contains the whole drawing with all labels. Nothing is missing.",
LOGIQ_S8,sec_0039,210,5.5-filters_passing_noise,PASS,,"img_0198 on p210 holds the heading '4-4-5-1', two paragraph lines, the caption and a footer fragment around Figure 4-19. This text noise is graded once for sec_0039 on the p207 row and is not scored again here. The drawing itself, labels 2 to 16 and RMI 403GS, is complete and no other noise is on p210.","Same defect as the p207 row, not counted twice."
LOGIQ_S8,sec_0039,210,5.5-image_section_mapping,PASS,,img_0198 is mapped to sec_0039 under 4-4-5-1. It matches Figure 4-19 on p210. Only sec_0039 is on p210; 4-4-6 starts on p211 in the same section.,
LOGIQ_S8,sec_0042,238,5.4-hierarchy_level,,,,
LOGIQ_S8,sec_0042,238,5.4-parent_child,,,,
LOGIQ_S8,sec_0042,238,5.4-page_start_end,,,,
LOGIQ_S8,sec_0042,238,5.4-hierarchy_path,,,,
LOGIQ_S8,sec_0042,238,5.4-gaps_duplicates,,,,
LOGIQ_S8,sec_0042,238,5.4-flagged_for_review,,,,
LOGIQ_S8,sec_0042,238,5.4-structural_source,,,,
LOGIQ_S8,sec_0042,238,5.6-numbering_scheme,,,,
LOGIQ_S8,sec_0042,238,5.6-offset_applied,,,,
LOGIQ_S8,sec_0042,238,5.6-table_content,,,,
LOGIQ_S8,sec_0042,238,5.5-filters_discarding,,,,
LOGIQ_S8,sec_0042,238,5.5-filters_passing_noise,,,,
LOGIQ_S8,sec_0042,238,5.5-image_section_mapping,,,,
LOGIQ_S8,sec_0044,239,5.4-hierarchy_level,,,,
LOGIQ_S8,sec_0044,239,5.4-parent_child,,,,
LOGIQ_S8,sec_0044,239,5.4-page_start_end,,,,
LOGIQ_S8,sec_0044,239,5.4-hierarchy_path,,,,
LOGIQ_S8,sec_0044,239,5.4-gaps_duplicates,,,,
LOGIQ_S8,sec_0044,239,5.4-flagged_for_review,,,,
LOGIQ_S8,sec_0044,239,5.4-structural_source,,,,
LOGIQ_S8,sec_0044,239,5.6-numbering_scheme,,,,
LOGIQ_S8,sec_0044,239,5.6-offset_applied,,,,
LOGIQ_S8,sec_0044,239,5.6-table_content,,,,
LOGIQ_S8,sec_0044,239,5.5-filters_discarding,,,,
LOGIQ_S8,sec_0044,239,5.5-filters_passing_noise,,,,
LOGIQ_S8,sec_0044,239,5.5-image_section_mapping,,,,
LOGIQ_S8,sec_0045,246,5.4-hierarchy_level,,,,
LOGIQ_S8,sec_0045,246,5.4-parent_child,,,,
LOGIQ_S8,sec_0045,246,5.4-page_start_end,,,,
LOGIQ_S8,sec_0045,246,5.4-hierarchy_path,,,,
LOGIQ_S8,sec_0045,246,5.4-gaps_duplicates,,,,
LOGIQ_S8,sec_0045,246,5.4-flagged_for_review,,,,
LOGIQ_S8,sec_0045,246,5.4-structural_source,,,,
LOGIQ_S8,sec_0045,246,5.6-numbering_scheme,,,,
LOGIQ_S8,sec_0045,246,5.6-offset_applied,,,,
LOGIQ_S8,sec_0045,246,5.6-table_content,,,,
LOGIQ_S8,sec_0045,246,5.5-filters_discarding,,,,
LOGIQ_S8,sec_0045,246,5.5-filters_passing_noise,,,,
LOGIQ_S8,sec_0045,246,5.5-image_section_mapping,,,,
LOGIQ_S8,sec_0049,254,5.4-hierarchy_level,,,,
LOGIQ_S8,sec_0049,254,5.4-parent_child,,,,
LOGIQ_S8,sec_0049,254,5.4-page_start_end,,,,
LOGIQ_S8,sec_0049,254,5.4-hierarchy_path,,,,
LOGIQ_S8,sec_0049,254,5.4-gaps_duplicates,,,,
LOGIQ_S8,sec_0049,254,5.4-flagged_for_review,,,,
LOGIQ_S8,sec_0049,254,5.4-structural_source,,,,
LOGIQ_S8,sec_0049,254,5.6-numbering_scheme,,,,
LOGIQ_S8,sec_0049,254,5.6-offset_applied,,,,
LOGIQ_S8,sec_0049,254,5.6-table_content,,,,
LOGIQ_S8,sec_0049,254,5.5-filters_discarding,,,,
LOGIQ_S8,sec_0049,254,5.5-filters_passing_noise,,,,
LOGIQ_S8,sec_0049,254,5.5-image_section_mapping,,,,
LOGIQ_S8,sec_0050,261,5.4-hierarchy_level,,,,
LOGIQ_S8,sec_0050,261,5.4-parent_child,,,,
LOGIQ_S8,sec_0050,261,5.4-page_start_end,,,,
LOGIQ_S8,sec_0050,261,5.4-hierarchy_path,,,,
LOGIQ_S8,sec_0050,261,5.4-gaps_duplicates,,,,
LOGIQ_S8,sec_0050,261,5.4-flagged_for_review,,,,
LOGIQ_S8,sec_0050,261,5.4-structural_source,,,,
LOGIQ_S8,sec_0050,261,5.6-numbering_scheme,,,,
LOGIQ_S8,sec_0050,261,5.6-offset_applied,,,,
LOGIQ_S8,sec_0050,261,5.6-table_content,,,,
LOGIQ_S8,sec_0050,261,5.5-filters_discarding,,,,
LOGIQ_S8,sec_0050,261,5.5-filters_passing_noise,,,,
LOGIQ_S8,sec_0050,261,5.5-image_section_mapping,,,,
LOGIQ_S8,sec_0054,268,5.4-hierarchy_level,,,,
LOGIQ_S8,sec_0054,268,5.4-parent_child,,,,
LOGIQ_S8,sec_0054,268,5.4-page_start_end,,,,
LOGIQ_S8,sec_0054,268,5.4-hierarchy_path,,,,
LOGIQ_S8,sec_0054,268,5.4-gaps_duplicates,,,,
LOGIQ_S8,sec_0054,268,5.4-flagged_for_review,,,,
LOGIQ_S8,sec_0054,268,5.4-structural_source,,,,
LOGIQ_S8,sec_0054,268,5.6-numbering_scheme,,,,
LOGIQ_S8,sec_0054,268,5.6-offset_applied,,,,
LOGIQ_S8,sec_0054,268,5.5-filters_discarding,,,,
LOGIQ_S8,sec_0054,268,5.5-filters_passing_noise,,,,
LOGIQ_S8,sec_0054,268,5.5-image_section_mapping,,,,
LOGIQ_S8,sec_0056,269,5.4-hierarchy_level,,,,
LOGIQ_S8,sec_0056,269,5.4-parent_child,,,,
LOGIQ_S8,sec_0056,269,5.4-page_start_end,,,,
LOGIQ_S8,sec_0056,269,5.4-hierarchy_path,,,,
LOGIQ_S8,sec_0056,269,5.4-gaps_duplicates,,,,
LOGIQ_S8,sec_0056,269,5.4-flagged_for_review,,,,
LOGIQ_S8,sec_0056,269,5.4-structural_source,,,,
LOGIQ_S8,sec_0056,269,5.6-numbering_scheme,,,,
LOGIQ_S8,sec_0056,269,5.6-offset_applied,,,,
LOGIQ_S8,sec_0056,269,5.5-filters_discarding,,,,
LOGIQ_S8,sec_0056,269,5.5-filters_passing_noise,,,,
LOGIQ_S8,sec_0056,269,5.5-image_section_mapping,,,,
LOGIQ_S8,sec_0058,282,5.4-hierarchy_level,,,,
LOGIQ_S8,sec_0058,282,5.4-parent_child,,,,
LOGIQ_S8,sec_0058,282,5.4-page_start_end,,,,
LOGIQ_S8,sec_0058,282,5.4-hierarchy_path,,,,
LOGIQ_S8,sec_0058,282,5.4-gaps_duplicates,,,,
LOGIQ_S8,sec_0058,282,5.4-flagged_for_review,,,,
LOGIQ_S8,sec_0058,282,5.4-structural_source,,,,
LOGIQ_S8,sec_0058,282,5.6-numbering_scheme,,,,
LOGIQ_S8,sec_0058,282,5.6-offset_applied,,,,
LOGIQ_S8,sec_0058,282,5.5-filters_discarding,,,,
LOGIQ_S8,sec_0058,282,5.5-filters_passing_noise,,,,
LOGIQ_S8,sec_0058,282,5.5-image_section_mapping,,,,
LOGIQ_S8,sec_0060,283,5.4-hierarchy_level,,,,
LOGIQ_S8,sec_0060,283,5.4-parent_child,,,,
LOGIQ_S8,sec_0060,283,5.4-page_start_end,,,,
LOGIQ_S8,sec_0060,283,5.4-hierarchy_path,,,,
LOGIQ_S8,sec_0060,283,5.4-gaps_duplicates,,,,
LOGIQ_S8,sec_0060,283,5.4-flagged_for_review,,,,
LOGIQ_S8,sec_0060,283,5.4-structural_source,,,,
LOGIQ_S8,sec_0060,283,5.6-numbering_scheme,,,,
LOGIQ_S8,sec_0060,283,5.6-offset_applied,,,,
LOGIQ_S8,sec_0060,283,5.6-table_content,,,,
LOGIQ_S8,sec_0060,283,5.5-filters_discarding,,,,
LOGIQ_S8,sec_0060,283,5.5-filters_passing_noise,,,,
LOGIQ_S8,sec_0060,283,5.5-image_section_mapping,,,,
LOGIQ_S8,sec_0062,290,5.4-hierarchy_level,,,,
LOGIQ_S8,sec_0062,290,5.4-parent_child,,,,
LOGIQ_S8,sec_0062,290,5.4-page_start_end,,,,
LOGIQ_S8,sec_0062,290,5.4-hierarchy_path,,,,
LOGIQ_S8,sec_0062,290,5.4-gaps_duplicates,,,,
LOGIQ_S8,sec_0062,290,5.4-flagged_for_review,,,,
LOGIQ_S8,sec_0062,290,5.4-structural_source,,,,
LOGIQ_S8,sec_0062,290,5.6-numbering_scheme,,,,
LOGIQ_S8,sec_0062,290,5.6-offset_applied,,,,
LOGIQ_S8,sec_0062,290,5.6-table_content,,,,
LOGIQ_S8,sec_0062,290,5.5-filters_discarding,,,,
LOGIQ_S8,sec_0062,290,5.5-filters_passing_noise,,,,
LOGIQ_S8,sec_0062,290,5.5-image_section_mapping,,,,
LOGIQ_S8,sec_0063,304,5.4-hierarchy_level,,,,
LOGIQ_S8,sec_0063,304,5.4-parent_child,,,,
LOGIQ_S8,sec_0063,304,5.4-page_start_end,,,,
LOGIQ_S8,sec_0063,304,5.4-hierarchy_path,,,,
LOGIQ_S8,sec_0063,304,5.4-gaps_duplicates,,,,
LOGIQ_S8,sec_0063,304,5.4-flagged_for_review,,,,
LOGIQ_S8,sec_0063,304,5.4-structural_source,,,,
LOGIQ_S8,sec_0063,304,5.6-numbering_scheme,,,,
LOGIQ_S8,sec_0063,304,5.6-offset_applied,,,,
LOGIQ_S8,sec_0063,304,5.6-table_content,,,,
LOGIQ_S8,sec_0063,304,5.5-filters_discarding,,,,
LOGIQ_S8,sec_0063,304,5.5-filters_passing_noise,,,,
LOGIQ_S8,sec_0063,304,5.5-image_section_mapping,,,,
LOGIQ_S8,sec_0064,326,5.4-hierarchy_level,,,,
LOGIQ_S8,sec_0064,326,5.4-parent_child,,,,
LOGIQ_S8,sec_0064,326,5.4-page_start_end,,,,
LOGIQ_S8,sec_0064,326,5.4-hierarchy_path,,,,
LOGIQ_S8,sec_0064,326,5.4-gaps_duplicates,,,,
LOGIQ_S8,sec_0064,326,5.4-flagged_for_review,,,,
LOGIQ_S8,sec_0064,326,5.4-structural_source,,,,
LOGIQ_S8,sec_0064,326,5.6-numbering_scheme,,,,
LOGIQ_S8,sec_0064,326,5.6-offset_applied,,,,
LOGIQ_S8,sec_0064,326,5.6-table_content,,,,
LOGIQ_S8,sec_0064,326,5.5-filters_discarding,,,,
LOGIQ_S8,sec_0064,326,5.5-filters_passing_noise,,,,
LOGIQ_S8,sec_0064,326,5.5-image_section_mapping,,,,
LOGIQ_S8,sec_0065,333,5.4-hierarchy_level,,,,
LOGIQ_S8,sec_0065,333,5.4-parent_child,,,,
LOGIQ_S8,sec_0065,333,5.4-page_start_end,,,,
LOGIQ_S8,sec_0065,333,5.4-hierarchy_path,,,,
LOGIQ_S8,sec_0065,333,5.4-gaps_duplicates,,,,
LOGIQ_S8,sec_0065,333,5.4-flagged_for_review,,,,
LOGIQ_S8,sec_0065,333,5.4-structural_source,,,,
LOGIQ_S8,sec_0065,333,5.6-numbering_scheme,,,,
LOGIQ_S8,sec_0065,333,5.6-offset_applied,,,,
LOGIQ_S8,sec_0065,333,5.6-table_content,,,,
LOGIQ_S8,sec_0065,333,5.5-filters_discarding,,,,
LOGIQ_S8,sec_0065,333,5.5-filters_passing_noise,,,,
LOGIQ_S8,sec_0065,333,5.5-image_section_mapping,,,,
LOGIQ_S8,sec_0066,355,5.4-hierarchy_level,PASS,,"'Section 7-7 Troubleshooting Trees, Instructions and Tech Tips' is a section-level heading (hierarchy_level 2) printed under Chapter 7. Siblings sec_0065 and sec_0067 are also level 2. On p355 the running footer shows folio 7 - 73 and names this section.",
LOGIQ_S8,sec_0066,355,5.4-parent_child,PASS,,"parent_section_id is sec_0059 (Chapter 7, p283-376), which contains p350-p372. child_sections is empty. The numbered sub-headings on p355 are headings inside the section, not separate sections.","The bookmark list itself is not in the batch, so I judged nesting from the sibling levels and headings."
LOGIQ_S8,sec_0066,355,5.4-page_start_end,FAIL,Low,"The section starts on p350, but the page rendering shows 'Section 7-7' and the two running-header lines above the title. The first node in this section is #/texts/4643 (the title only, no 'Section 7-7'). Unlike p355, p356, p360 and p372, p350 has no 'GE Healthcare' header nodes here. The section ends correctly on p372 (#/tables/138), before 7-8 on p373.","Only boilerplate (running header and the 'Section 7-7' line) probably sits in the end of sec_0065, which is a Low pattern in the contract. I cannot see sec_0065 nodes in this batch, so the cause is a guess. Impact: none for retrieval. Reported once here, not repeated on the p360 row. verify_claims shows UNSUPPORTED because the page numbers are right; my evidence is the render (header lines and 'Section 7-7' printed on p350) against the first node text, so a human should confirm."
LOGIQ_S8,sec_0066,355,5.4-hierarchy_path,PASS,,"hierarchy_path is '/Chapter 7/Section 7-7 Troubleshooting Trees, Instructions and Tech Tips'. It lists Chapter 7 then the section title, in the right order and matching the printed headings.",
LOGIQ_S8,sec_0066,355,5.4-gaps_duplicates,PASS,,"The section appears once, with 352 nodes in one unbroken range of semantic_order, and no duplicate node ids. Every page from p350 to p372 has nodes. No other section overlaps.",
LOGIQ_S8,sec_0066,355,5.4-flagged_for_review,PASS,,"flagged_for_review is false, verification_score is 100 and confidence is 1.0. The heading is visible on declared p350, so there is no uncertainty to confirm.",
LOGIQ_S8,sec_0066,355,5.4-structural_source,PASS,,"structural_source is 'toc' (a real bookmark), not inferred. The bookmark title matches the heading printed on p350.",
LOGIQ_S8,sec_0066,355,5.6-numbering_scheme,PASS,,numbering_scheme is arabic. The section uses chapter-page folios (p355 shows 7 - 73) and numbered headings. The scheme is the same as the neighbouring sections.,"The printed folio is chapter-page style, but physical page and bookmark page agree, so no folio is lost."
LOGIQ_S8,sec_0066,355,5.6-offset_applied,PASS,,"offset_applied is 0, like sec_0065 and sec_0067. The heading is on physical p350 as declared, so physical page equals bookmark page. Folio 7 - 73 on p355 agrees with the order of pages.",
LOGIQ_S8,sec_0066,355,5.6-table_content,PASS,,"p355 has no table. It shows the flowchart of Figure 7-65, kept as paragraph nodes (#/texts/4863-4901). No table node has page_no 355.","Section tables are on p350, p357, p358, p361, p364 and later pages."
LOGIQ_S8,sec_0066,355,5.5-filters_discarding,PASS,,"p355 has the flowchart of Figure 7-65 (Printer malfunction). img_0337 (805x1267, vector) shows all boxes, diamonds, yes/no labels and loop arrows. Nothing is missing.",
LOGIQ_S8,sec_0066,355,5.5-filters_passing_noise,PASS,,"I opened all five vector images of sec_0066: img_0331 (p351), img_0332 (p352), img_0333 (p353), img_0337 (p355) and img_0338 (p356). Each one is a flowchart only, and on all four edges there is no heading, note text, caption, rule or footer. img_0337 holds every box, diamond and yes/no label of Figure 7-65.","The raster images on p354, p359 to p363 and p371 are screenshots or photos and were not cropped from page text."
LOGIQ_S8,sec_0066,355,5.5-image_section_mapping,PASS,,"img_0337 is mapped to sec_0066, under 7-7-6 Printer Malfunction with caption 'Figure 7-65'. Only sec_0066 is on p355.",
LOGIQ_S8,sec_0067,376,5.4-hierarchy_level,,,,
LOGIQ_S8,sec_0067,376,5.4-parent_child,,,,
LOGIQ_S8,sec_0067,376,5.4-page_start_end,,,,
LOGIQ_S8,sec_0067,376,5.4-hierarchy_path,,,,
LOGIQ_S8,sec_0067,376,5.4-gaps_duplicates,,,,
LOGIQ_S8,sec_0067,376,5.4-flagged_for_review,,,,
LOGIQ_S8,sec_0067,376,5.4-structural_source,,,,
LOGIQ_S8,sec_0067,376,5.6-numbering_scheme,,,,
LOGIQ_S8,sec_0067,376,5.6-offset_applied,,,,
LOGIQ_S8,sec_0067,376,5.6-table_content,,,,
LOGIQ_S8,sec_0067,376,5.5-filters_discarding,,,,
LOGIQ_S8,sec_0067,376,5.5-filters_passing_noise,,,,
LOGIQ_S8,sec_0067,376,5.5-image_section_mapping,,,,
LOGIQ_S8,sec_0069,377,5.4-hierarchy_level,,,,
LOGIQ_S8,sec_0069,377,5.4-parent_child,,,,
LOGIQ_S8,sec_0069,377,5.4-page_start_end,,,,
LOGIQ_S8,sec_0069,377,5.4-hierarchy_path,,,,
LOGIQ_S8,sec_0069,377,5.4-gaps_duplicates,,,,
LOGIQ_S8,sec_0069,377,5.4-flagged_for_review,,,,
LOGIQ_S8,sec_0069,377,5.4-structural_source,,,,
LOGIQ_S8,sec_0069,377,5.6-numbering_scheme,,,,
LOGIQ_S8,sec_0069,377,5.6-offset_applied,,,,
LOGIQ_S8,sec_0069,377,5.6-table_content,,,,
LOGIQ_S8,sec_0069,377,5.5-filters_discarding,,,,
LOGIQ_S8,sec_0069,377,5.5-filters_passing_noise,,,,
LOGIQ_S8,sec_0069,377,5.5-image_section_mapping,,,,
LOGIQ_S8,sec_0072,384,5.4-hierarchy_level,,,,
LOGIQ_S8,sec_0072,384,5.4-parent_child,,,,
LOGIQ_S8,sec_0072,384,5.4-page_start_end,,,,
LOGIQ_S8,sec_0072,384,5.4-hierarchy_path,,,,
LOGIQ_S8,sec_0072,384,5.4-gaps_duplicates,,,,
LOGIQ_S8,sec_0072,384,5.4-flagged_for_review,,,,
LOGIQ_S8,sec_0072,384,5.4-structural_source,,,,
LOGIQ_S8,sec_0072,384,5.6-numbering_scheme,,,,
LOGIQ_S8,sec_0072,384,5.6-offset_applied,,,,
LOGIQ_S8,sec_0072,384,5.6-table_content,,,,
LOGIQ_S8,sec_0072,384,5.5-filters_discarding,,,,
LOGIQ_S8,sec_0072,384,5.5-filters_passing_noise,,,,
LOGIQ_S8,sec_0072,384,5.5-image_section_mapping,,,,
LOGIQ_S8,sec_0074,390,5.4-hierarchy_level,PASS,,'Section 8-6 System Software - Installation/Upgrade Procedure' is a section-level heading (hierarchy_level 2) printed under Chapter 8. Siblings sec_0073 and sec_0075 are also level 2. On p390 the running footer shows folio 8 - 14 and names this section.,
LOGIQ_S8,sec_0074,390,5.4-parent_child,PASS,,"parent_section_id is sec_0068 (Chapter 8, p377-766), which contains p387-p463. child_sections is empty. The numbered sub-headings on p390 are headings inside the section, not separate sections.","The bookmark list itself is not in the batch, so I judged nesting from the sibling levels and headings."
LOGIQ_S8,sec_0074,390,5.4-page_start_end,PASS,,"The section starts on p387 with the heading 'Section 8-6 System Software - Installation/Upgrade Procedure' (#/texts/5159) and 8-6-1 Introduction. It ends on p463 with 8-6-12-13 Power Shut Down and its table (#/tables/193). Section 8-7 starts on p464, so no foreign content is absorbed.",
LOGIQ_S8,sec_0074,390,5.4-hierarchy_path,PASS,,"hierarchy_path is '/Chapter 8/Section 8-6 System Software - Installation/Upgrade Procedure'. It lists Chapter 8 then the section title, in the right order and matching the printed headings.",
LOGIQ_S8,sec_0074,390,5.4-gaps_duplicates,PASS,,"The section appears once, with 878 nodes in one unbroken range of semantic_order, and no duplicate node ids. Every page from p387 to p463 has nodes. No other section overlaps.",
LOGIQ_S8,sec_0074,390,5.4-flagged_for_review,PASS,,"flagged_for_review is false, verification_score is 100 and confidence is 1.0. The heading is visible on declared p387, so there is no uncertainty to confirm.",
LOGIQ_S8,sec_0074,390,5.4-structural_source,PASS,,"structural_source is 'toc' (a real bookmark), not inferred. The bookmark title matches the heading printed on p387.",
LOGIQ_S8,sec_0074,390,5.6-numbering_scheme,PASS,,numbering_scheme is arabic. The section uses chapter-page folios (p390 shows 8 - 14) and numbered headings. The scheme is the same as the neighbouring sections.,"The printed folio is chapter-page style, but physical page and bookmark page agree, so no folio is lost."
LOGIQ_S8,sec_0074,390,5.6-offset_applied,PASS,,"offset_applied is 0, like sec_0073 and sec_0075. The heading is on physical p387 as declared, so physical page equals bookmark page. Folio 8 - 14 on p390 agrees with the order of pages.",
LOGIQ_S8,sec_0074,390,5.6-table_content,PASS,,"On p390, Table 8-4 (#/tables/145) has 'PARAMETER | VALUE' and 'COMPUTER NAME' with an empty value. Table 8-5 (#/tables/146) has IP Settings, Enable DHCP 'ON / OFF', IP ADDRESS, SUBNET MASK, DEFAULT GATEWAY and NETWORK SPEED with empty values. Both match the render.",Empty value cells are empty in the PDF too (forms to fill in).
LOGIQ_S8,sec_0074,390,5.5-filters_discarding,PASS,,"p390 has one picture, Figure 8-3 (TCP/IP settings screen). img_0373 (591x316) shows the whole screen. Nothing is missing.",
LOGIQ_S8,sec_0074,390,5.5-filters_passing_noise,FAIL,Low,"Step text is kept inside vector images of sec_0074. img_0488 (p452, 750x549) has the step line '19.) Press Submit.' at the top edge. img_0497 (p456, 778x549) has the same line '19.) Press Submit.' at the top edge. The image on p390 itself, img_0373, is clean. In both crops the line is also a text node on the page, and the screenshot below it is complete.","Graded once for the whole section, on the first sampled page. The crop box probably starts above the screenshot and takes the step line. No bottom edge text: the p452 image ends with the 'Result of ExecutionCompleted' strip and step 20 is not inside it. Impact: cosmetic. Contract: Low."
LOGIQ_S8,sec_0074,390,5.5-image_section_mapping,PASS,,img_0373 is mapped to sec_0074 under 8-6-6-2 and above 'Figure 8-3 TCP/IP settings'. Only sec_0074 is on p390.,
LOGIQ_S8,sec_0075,464,5.4-hierarchy_level,,,,
LOGIQ_S8,sec_0075,464,5.4-parent_child,,,,
LOGIQ_S8,sec_0075,464,5.4-page_start_end,,,,
LOGIQ_S8,sec_0075,464,5.4-hierarchy_path,,,,
LOGIQ_S8,sec_0075,464,5.4-gaps_duplicates,,,,
LOGIQ_S8,sec_0075,464,5.4-flagged_for_review,,,,
LOGIQ_S8,sec_0075,464,5.4-structural_source,,,,
LOGIQ_S8,sec_0075,464,5.6-numbering_scheme,,,,
LOGIQ_S8,sec_0075,464,5.6-offset_applied,,,,
LOGIQ_S8,sec_0075,464,5.6-table_content,,,,
LOGIQ_S8,sec_0075,464,5.5-filters_discarding,,,,
LOGIQ_S8,sec_0075,464,5.5-filters_passing_noise,,,,
LOGIQ_S8,sec_0075,464,5.5-image_section_mapping,,,,
LOGIQ_S8,sec_0076,471,5.4-hierarchy_level,,,,
LOGIQ_S8,sec_0076,471,5.4-parent_child,,,,
LOGIQ_S8,sec_0076,471,5.4-page_start_end,,,,
LOGIQ_S8,sec_0076,471,5.4-hierarchy_path,,,,
LOGIQ_S8,sec_0076,471,5.4-gaps_duplicates,,,,
LOGIQ_S8,sec_0076,471,5.4-flagged_for_review,,,,
LOGIQ_S8,sec_0076,471,5.4-structural_source,,,,
LOGIQ_S8,sec_0076,471,5.6-numbering_scheme,,,,
LOGIQ_S8,sec_0076,471,5.6-offset_applied,,,,
LOGIQ_S8,sec_0076,471,5.5-filters_discarding,,,,
LOGIQ_S8,sec_0076,471,5.5-filters_passing_noise,,,,
LOGIQ_S8,sec_0076,471,5.5-image_section_mapping,,,,
LOGIQ_S8,sec_0079,478,5.4-hierarchy_level,,,,
LOGIQ_S8,sec_0079,478,5.4-parent_child,,,,
LOGIQ_S8,sec_0079,478,5.4-page_start_end,,,,
LOGIQ_S8,sec_0079,478,5.4-hierarchy_path,,,,
LOGIQ_S8,sec_0079,478,5.4-gaps_duplicates,,,,
LOGIQ_S8,sec_0079,478,5.4-flagged_for_review,,,,
LOGIQ_S8,sec_0079,478,5.4-structural_source,,,,
LOGIQ_S8,sec_0079,478,5.6-numbering_scheme,,,,
LOGIQ_S8,sec_0079,478,5.6-offset_applied,,,,
LOGIQ_S8,sec_0079,478,5.6-table_content,,,,
LOGIQ_S8,sec_0079,478,5.5-filters_discarding,,,,
LOGIQ_S8,sec_0079,478,5.5-filters_passing_noise,,,,
LOGIQ_S8,sec_0079,478,5.5-image_section_mapping,,,,
LOGIQ_S8,sec_0080,484,5.4-hierarchy_level,,,,
LOGIQ_S8,sec_0080,484,5.4-parent_child,,,,
LOGIQ_S8,sec_0080,484,5.4-page_start_end,,,,
LOGIQ_S8,sec_0080,484,5.4-hierarchy_path,,,,
LOGIQ_S8,sec_0080,484,5.4-gaps_duplicates,,,,
LOGIQ_S8,sec_0080,484,5.4-flagged_for_review,,,,
LOGIQ_S8,sec_0080,484,5.4-structural_source,,,,
LOGIQ_S8,sec_0080,484,5.6-numbering_scheme,,,,
LOGIQ_S8,sec_0080,484,5.6-offset_applied,,,,
LOGIQ_S8,sec_0080,484,5.6-table_content,,,,
LOGIQ_S8,sec_0080,484,5.5-filters_discarding,,,,
LOGIQ_S8,sec_0080,484,5.5-filters_passing_noise,,,,
LOGIQ_S8,sec_0080,484,5.5-image_section_mapping,,,,
LOGIQ_S8,sec_0083,491,5.4-hierarchy_level,PASS,,'Section 8-15 Monitor and Monitor Arm Plastic Covers Replacement' is a section-level heading (hierarchy_level 2) printed under Chapter 8. Siblings sec_0082 and sec_0084 are also level 2. On p491 the running footer shows folio 8 - 115 and names this section.,
LOGIQ_S8,sec_0083,491,5.4-parent_child,PASS,,"parent_section_id is sec_0068 (Chapter 8, p377-766), which contains p491-p502. child_sections is empty. The numbered sub-headings on p491 are headings inside the section, not separate sections.","The bookmark list itself is not in the batch, so I judged nesting from the sibling levels and headings."
LOGIQ_S8,sec_0083,491,5.4-page_start_end,PASS,,"The section starts on p491 with the heading 'Section 8-15 Monitor and Monitor Arm Plastic Covers Replacement' (#/texts/6336) and 8-15-1 Manpower. It ends on p502 with 8-15-7-3 Functional Checks and its table (#/tables/205). Section 8-16 starts on p503, so no foreign content is absorbed.",
LOGIQ_S8,sec_0083,491,5.4-hierarchy_path,PASS,,"hierarchy_path is '/Chapter 8/Section 8-15 Monitor and Monitor Arm Plastic Covers Replacement'. It lists Chapter 8 then the section title, in the right order and matching the printed headings.",
LOGIQ_S8,sec_0083,491,5.4-gaps_duplicates,PASS,,"The section appears once, with 160 nodes in one unbroken range of semantic_order, and no duplicate node ids. Every page from p491 to p502 has nodes. No other section overlaps.",
LOGIQ_S8,sec_0083,491,5.4-flagged_for_review,PASS,,"flagged_for_review is false, verification_score is 100 and confidence is 1.0. The heading is visible on declared p491, so there is no uncertainty to confirm.",
LOGIQ_S8,sec_0083,491,5.4-structural_source,PASS,,"structural_source is 'toc' (a real bookmark), not inferred. The bookmark title matches the heading printed on p491.",
LOGIQ_S8,sec_0083,491,5.6-numbering_scheme,PASS,,numbering_scheme is arabic. The section uses chapter-page folios (p491 shows 8 - 115) and numbered headings. The scheme is the same as the neighbouring sections.,"The printed folio is chapter-page style, but physical page and bookmark page agree, so no folio is lost."
LOGIQ_S8,sec_0083,491,5.6-offset_applied,PASS,,"offset_applied is 0, like sec_0082 and sec_0084. The heading is on physical p491 as declared, so physical page equals bookmark page. Folio 8 - 115 on p491 agrees with the order of pages.",
LOGIQ_S8,sec_0083,491,5.6-table_content,FAIL,Low,"p491 has two grids: 8-15-3-1 Preparations and 8-15-3-2 Remove Procedure. No table node has page_no 491, 492 or 493. The grids come out as paragraphs: 'Step', 'Illustration' (#/texts/6542-6543, 6548-6549), '1.' plus 'Lock the Monitor Arm to prevent hazard.', and 'Loosen 2 screws, then remove the Monitor rear panel.' The '1.' of the Remove row is not in the text. On p492 the numbers 2 and 3 are also missing.","Header rows are not recognised as a table. The step text and its order are kept, and the numbers are visible in the vector images img_0543 and img_0544. Impact: low."
LOGIQ_S8,sec_0083,491,5.5-filters_discarding,FAIL,Critical,"On p502, Table 8-39 has a 'Corresponding Graphic' cell with a drawing of the arm covers and part numbers 1 to 6. images.json has no image on p502 (the last image is img_0564 on p501). Table #/tables/204 keeps only the loose text '3 2 4 5 6' in that cell. The drawing is a vector figure and was dropped.","Contract: a meaningful vector figure missing from the output, whose information is not in the text, is Critical. The step text names covers 1 to 5 but not the layout, and part 6 appears only in the drawing. Also on p491, the yellow circle and arrow around the lock lever in the first photo are not in the raster img_0542; the word 'Locked' stays as text (#/texts/6546). That second point is minor and not graded separately."
LOGIQ_S8,sec_0083,491,5.5-filters_passing_noise,FAIL,Low,"Heading, table header and step text are kept inside vector images of sec_0083. img_0543 (p491, 1094x446) has the heading '8-15-3-2 Remove Procedure' at the top edge, the Step and Illustration header cells, the step '1. Loosen 2 screws, then remove the Monitor rear panel.' and the table borders. img_0544 (p492, 1095x786) has the Step and Illustration header cells at the top edge, the texts of steps 2 and 3 and the table borders. img_0548 (p494) is a clean photo.","Graded once for the whole section. The photos and arrows in the crops are useful, but the table text is repeated in nodes #/texts/6347-6351 and 6354-6355. Probably the pipeline renders whole table rows as images. Impact: cosmetic. Contract: Low."
LOGIQ_S8,sec_0083,491,5.5-image_section_mapping,PASS,,"All 23 images (img_0542-img_0564) are mapped to sec_0083, and the section owns p491 to p502. On p491, img_0542 (lock arm photo) and img_0543 (rear panel row) belong to the 8-15-3 steps. No other section shares these pages.","The missing p502 drawing is graded once, in the discarding row."
LOGIQ_S8,sec_0084,504,5.4-hierarchy_level,,,,
LOGIQ_S8,sec_0084,504,5.4-parent_child,,,,
LOGIQ_S8,sec_0084,504,5.4-page_start_end,,,,
LOGIQ_S8,sec_0084,504,5.4-hierarchy_path,,,,
LOGIQ_S8,sec_0084,504,5.4-gaps_duplicates,,,,
LOGIQ_S8,sec_0084,504,5.4-flagged_for_review,,,,
LOGIQ_S8,sec_0084,504,5.4-structural_source,,,,
LOGIQ_S8,sec_0084,504,5.6-numbering_scheme,,,,
LOGIQ_S8,sec_0084,504,5.6-offset_applied,,,,
LOGIQ_S8,sec_0084,504,5.6-table_content,,,,
LOGIQ_S8,sec_0084,504,5.5-filters_discarding,,,,
LOGIQ_S8,sec_0084,504,5.5-filters_passing_noise,,,,
LOGIQ_S8,sec_0084,504,5.5-image_section_mapping,,,,
LOGIQ_S8,sec_0085,538,5.4-hierarchy_level,,,,
LOGIQ_S8,sec_0085,538,5.4-parent_child,,,,
LOGIQ_S8,sec_0085,538,5.4-page_start_end,,,,
LOGIQ_S8,sec_0085,538,5.4-hierarchy_path,,,,
LOGIQ_S8,sec_0085,538,5.4-gaps_duplicates,,,,
LOGIQ_S8,sec_0085,538,5.4-flagged_for_review,,,,
LOGIQ_S8,sec_0085,538,5.4-structural_source,,,,
LOGIQ_S8,sec_0085,538,5.6-numbering_scheme,,,,
LOGIQ_S8,sec_0085,538,5.6-offset_applied,,,,
LOGIQ_S8,sec_0085,538,5.6-table_content,,,,
LOGIQ_S8,sec_0085,538,5.5-filters_discarding,,,,
LOGIQ_S8,sec_0085,538,5.5-filters_passing_noise,,,,
LOGIQ_S8,sec_0085,538,5.5-image_section_mapping,,,,
LOGIQ_S8,sec_0086,558,5.4-hierarchy_level,,,,
LOGIQ_S8,sec_0086,558,5.4-parent_child,,,,
LOGIQ_S8,sec_0086,558,5.4-page_start_end,,,,
LOGIQ_S8,sec_0086,558,5.4-hierarchy_path,,,,
LOGIQ_S8,sec_0086,558,5.4-gaps_duplicates,,,,
LOGIQ_S8,sec_0086,558,5.4-flagged_for_review,,,,
LOGIQ_S8,sec_0086,558,5.4-structural_source,,,,
LOGIQ_S8,sec_0086,558,5.6-numbering_scheme,,,,
LOGIQ_S8,sec_0086,558,5.6-offset_applied,,,,
LOGIQ_S8,sec_0086,558,5.6-table_content,,,,
LOGIQ_S8,sec_0086,558,5.5-filters_discarding,,,,
LOGIQ_S8,sec_0086,558,5.5-filters_passing_noise,,,,
LOGIQ_S8,sec_0086,558,5.5-image_section_mapping,,,,
LOGIQ_S8,sec_0087,572,5.4-hierarchy_level,,,,
LOGIQ_S8,sec_0087,572,5.4-parent_child,,,,
LOGIQ_S8,sec_0087,572,5.4-page_start_end,,,,
LOGIQ_S8,sec_0087,572,5.4-hierarchy_path,,,,
LOGIQ_S8,sec_0087,572,5.4-gaps_duplicates,,,,
LOGIQ_S8,sec_0087,572,5.4-flagged_for_review,,,,
LOGIQ_S8,sec_0087,572,5.4-structural_source,,,,
LOGIQ_S8,sec_0087,572,5.6-numbering_scheme,,,,
LOGIQ_S8,sec_0087,572,5.6-offset_applied,,,,
LOGIQ_S8,sec_0087,572,5.6-table_content,,,,
LOGIQ_S8,sec_0087,572,5.5-filters_discarding,,,,
LOGIQ_S8,sec_0087,572,5.5-filters_passing_noise,,,,
LOGIQ_S8,sec_0087,572,5.5-image_section_mapping,,,,
LOGIQ_S8,sec_0088,578,5.4-hierarchy_level,,,,
LOGIQ_S8,sec_0088,578,5.4-parent_child,,,,
LOGIQ_S8,sec_0088,578,5.4-page_start_end,,,,
LOGIQ_S8,sec_0088,578,5.4-hierarchy_path,,,,
LOGIQ_S8,sec_0088,578,5.4-gaps_duplicates,,,,
LOGIQ_S8,sec_0088,578,5.4-flagged_for_review,,,,
LOGIQ_S8,sec_0088,578,5.4-structural_source,,,,
LOGIQ_S8,sec_0088,578,5.6-numbering_scheme,,,,
LOGIQ_S8,sec_0088,578,5.6-offset_applied,,,,
LOGIQ_S8,sec_0088,578,5.6-table_content,,,,
LOGIQ_S8,sec_0088,578,5.5-filters_discarding,,,,
LOGIQ_S8,sec_0088,578,5.5-filters_passing_noise,,,,
LOGIQ_S8,sec_0088,578,5.5-image_section_mapping,,,,
LOGIQ_S8,sec_0091,585,5.4-hierarchy_level,PASS,,On p585 the 'Section 8-23' heading is a section-level title under Chapter 8. sec_0091 has hierarchy_level 2 and parent sec_0068 (level 1). This matches the nesting.,
LOGIQ_S8,sec_0091,585,5.4-parent_child,PASS,,"sec_0091 has parent_section_id sec_0068 (Chapter 8), which lists sec_0091 as a child. child_sections is empty. The 8-23-x items are plain headings inside the section, not TOC entries. The structure is consistent.",
LOGIQ_S8,sec_0091,585,5.4-page_start_end,PASS,,"The heading 'Section 8-23' starts at the top of p585 (page footer 8-209). Node #/texts/7529 '8-23-6 Functional Check' and its table #/tables/232 end on p595 (footer 8-219). All sampled pages p585, p587, p591 and p595 show only 8-23 content. The next section sec_0092 starts on p596.",
LOGIQ_S8,sec_0091,585,5.4-hierarchy_path,PASS,,"hierarchy_path is '/Chapter 8/Section 8-23 Replacement of the SOM, HDD and DVR'. This matches the p585 heading and its parent sec_0068 'Chapter 8'. The order is correct.",
LOGIQ_S8,sec_0091,585,5.4-gaps_duplicates,PASS,,"Page range 585-595 follows sec_0090 (p582-584) and precedes sec_0092 (p596), with no gap or overlap. The heading '8-23-5-2 Initializing EEPROM' repeats on p592 and p593 as '(cont'd)'. This is printed repetition, not a duplicated section.",
LOGIQ_S8,sec_0091,585,5.4-flagged_for_review,PASS,,"flagged_for_review is false, confidence 1.0, verification_score 100. The p585 heading matches the title and page, so no flag is needed.",
LOGIQ_S8,sec_0091,585,5.4-structural_source,PASS,,structural_source is 'toc'. The p585 heading text matches the bookmark title and sits at the declared page_start 585 with offset_applied 0. This supports the TOC source.,
LOGIQ_S8,sec_0091,585,5.6-numbering_scheme,PASS,,"numbering_scheme is 'arabic'. The printed footers are 8-209 on p585, 8-211 on p587, 8-215 on p591 and 8-219 on p595. This is the chapter-page arabic convention.",
LOGIQ_S8,sec_0091,585,5.6-offset_applied,PASS,,offset_applied is 0. The section heading is on physical page 585 as declared in page_start. The printed folios 8-209 to 8-219 advance one per physical page from p585 to p595. The mapping is consistent.,
LOGIQ_S8,sec_0091,585,5.6-table_content,PASS,,"Tables #/tables/231 (p591) and #/tables/232 (p595) match the rendered Device Grid/VPD Field Grid and Functional Check tables, with cells in the right columns. Tables #/tables/229 (p588) and #/tables/230 (p589) were not rendered in this batch, so only their text was read. It looks plausible but is not visually proven.",
LOGIQ_S8,sec_0091,585,5.5-filters_discarding,PASS,,"Vector figures were kept: img_0725 is the full Figure 8-117 on p585, img_0736 is Figure 8-122 on p587 and img_0743 is Figure 8-127 on p591. Raster photos on p587 (img_0732 to img_0735, Figures 8-121 and 8-123) were kept. No missing figure was seen on the sampled pages.","verify_claims reports two raster photos on p585 (290x240 and 500x396 px) missing from images_v1.json as separate files. I checked img_0725 (vector, 903x709): it contains both board photos plus the screw callouts, so the figure is kept as one composite. Not a loss, but the two photos have no separate image entries."
LOGIQ_S8,sec_0091,585,5.5-filters_passing_noise,PASS,,"All 24 images (img_0725 to img_0748) in sec_0091 are real figures or screenshots, such as the board photos, VPD Editor screens and the question dialog. The sampled pages show no logo, rule or footer divider kept as an image.",
LOGIQ_S8,sec_0091,585,5.5-image_section_mapping,PASS,,"All images are mapped to sec_0091. They sit on p585-p595 and each belongs to the 8-23 procedure, for example Figure 8-117 on p585 and Figure 8-133 as img_0748 on p595. No sibling section shares these pages.",
LOGIQ_S8,sec_0092,598,5.4-hierarchy_level,,,,
LOGIQ_S8,sec_0092,598,5.4-parent_child,,,,
LOGIQ_S8,sec_0092,598,5.4-page_start_end,,,,
LOGIQ_S8,sec_0092,598,5.4-hierarchy_path,,,,
LOGIQ_S8,sec_0092,598,5.4-gaps_duplicates,,,,
LOGIQ_S8,sec_0092,598,5.4-flagged_for_review,,,,
LOGIQ_S8,sec_0092,598,5.4-structural_source,,,,
LOGIQ_S8,sec_0092,598,5.6-numbering_scheme,,,,
LOGIQ_S8,sec_0092,598,5.6-offset_applied,,,,
LOGIQ_S8,sec_0092,598,5.6-table_content,,,,
LOGIQ_S8,sec_0092,598,5.5-filters_discarding,,,,
LOGIQ_S8,sec_0092,598,5.5-filters_passing_noise,,,,
LOGIQ_S8,sec_0092,598,5.5-image_section_mapping,,,,
LOGIQ_S8,sec_0093,612,5.4-hierarchy_level,,,,
LOGIQ_S8,sec_0093,612,5.4-parent_child,,,,
LOGIQ_S8,sec_0093,612,5.4-page_start_end,,,,
LOGIQ_S8,sec_0093,612,5.4-hierarchy_path,,,,
LOGIQ_S8,sec_0093,612,5.4-gaps_duplicates,,,,
LOGIQ_S8,sec_0093,612,5.4-flagged_for_review,,,,
LOGIQ_S8,sec_0093,612,5.4-structural_source,,,,
LOGIQ_S8,sec_0093,612,5.6-numbering_scheme,,,,
LOGIQ_S8,sec_0093,612,5.6-offset_applied,,,,
LOGIQ_S8,sec_0093,612,5.6-table_content,,,,
LOGIQ_S8,sec_0093,612,5.5-filters_discarding,,,,
LOGIQ_S8,sec_0093,612,5.5-filters_passing_noise,,,,
LOGIQ_S8,sec_0093,612,5.5-image_section_mapping,,,,
LOGIQ_S8,sec_0095,618,5.4-hierarchy_level,,,,
LOGIQ_S8,sec_0095,618,5.4-parent_child,,,,
LOGIQ_S8,sec_0095,618,5.4-page_start_end,,,,
LOGIQ_S8,sec_0095,618,5.4-hierarchy_path,,,,
LOGIQ_S8,sec_0095,618,5.4-gaps_duplicates,,,,
LOGIQ_S8,sec_0095,618,5.4-flagged_for_review,,,,
LOGIQ_S8,sec_0095,618,5.4-structural_source,,,,
LOGIQ_S8,sec_0095,618,5.6-numbering_scheme,,,,
LOGIQ_S8,sec_0095,618,5.6-offset_applied,,,,
LOGIQ_S8,sec_0095,618,5.6-table_content,,,,
LOGIQ_S8,sec_0095,618,5.5-filters_discarding,,,,
LOGIQ_S8,sec_0095,618,5.5-filters_passing_noise,,,,
LOGIQ_S8,sec_0095,618,5.5-image_section_mapping,,,,
LOGIQ_S8,sec_0097,639,5.4-hierarchy_level,,,,
LOGIQ_S8,sec_0097,639,5.4-parent_child,,,,
LOGIQ_S8,sec_0097,639,5.4-page_start_end,,,,
LOGIQ_S8,sec_0097,639,5.4-hierarchy_path,,,,
LOGIQ_S8,sec_0097,639,5.4-gaps_duplicates,,,,
LOGIQ_S8,sec_0097,639,5.4-flagged_for_review,,,,
LOGIQ_S8,sec_0097,639,5.4-structural_source,,,,
LOGIQ_S8,sec_0097,639,5.6-numbering_scheme,,,,
LOGIQ_S8,sec_0097,639,5.6-offset_applied,,,,
LOGIQ_S8,sec_0097,639,5.6-table_content,,,,
LOGIQ_S8,sec_0097,639,5.5-filters_discarding,,,,
LOGIQ_S8,sec_0097,639,5.5-filters_passing_noise,,,,
LOGIQ_S8,sec_0097,639,5.5-image_section_mapping,,,,
LOGIQ_S8,sec_0099,659,5.4-hierarchy_level,,,,
LOGIQ_S8,sec_0099,659,5.4-parent_child,,,,
LOGIQ_S8,sec_0099,659,5.4-page_start_end,,,,
LOGIQ_S8,sec_0099,659,5.4-hierarchy_path,,,,
LOGIQ_S8,sec_0099,659,5.4-gaps_duplicates,,,,
LOGIQ_S8,sec_0099,659,5.4-flagged_for_review,,,,
LOGIQ_S8,sec_0099,659,5.4-structural_source,,,,
LOGIQ_S8,sec_0099,659,5.6-numbering_scheme,,,,
LOGIQ_S8,sec_0099,659,5.6-offset_applied,,,,
LOGIQ_S8,sec_0099,659,5.5-filters_discarding,,,,
LOGIQ_S8,sec_0099,659,5.5-filters_passing_noise,,,,
LOGIQ_S8,sec_0099,659,5.5-image_section_mapping,,,,
LOGIQ_S8,sec_0100,665,5.4-hierarchy_level,,,,
LOGIQ_S8,sec_0100,665,5.4-parent_child,,,,
LOGIQ_S8,sec_0100,665,5.4-page_start_end,,,,
LOGIQ_S8,sec_0100,665,5.4-hierarchy_path,,,,
LOGIQ_S8,sec_0100,665,5.4-gaps_duplicates,,,,
LOGIQ_S8,sec_0100,665,5.4-flagged_for_review,,,,
LOGIQ_S8,sec_0100,665,5.4-structural_source,,,,
LOGIQ_S8,sec_0100,665,5.6-numbering_scheme,,,,
LOGIQ_S8,sec_0100,665,5.6-offset_applied,,,,
LOGIQ_S8,sec_0100,665,5.6-table_content,,,,
LOGIQ_S8,sec_0100,665,5.5-filters_discarding,,,,
LOGIQ_S8,sec_0100,665,5.5-filters_passing_noise,,,,
LOGIQ_S8,sec_0100,665,5.5-image_section_mapping,,,,
LOGIQ_S8,sec_0102,672,5.4-hierarchy_level,,,,
LOGIQ_S8,sec_0102,672,5.4-parent_child,,,,
LOGIQ_S8,sec_0102,672,5.4-page_start_end,,,,
LOGIQ_S8,sec_0102,672,5.4-hierarchy_path,,,,
LOGIQ_S8,sec_0102,672,5.4-gaps_duplicates,,,,
LOGIQ_S8,sec_0102,672,5.4-flagged_for_review,,,,
LOGIQ_S8,sec_0102,672,5.4-structural_source,,,,
LOGIQ_S8,sec_0102,672,5.6-numbering_scheme,,,,
LOGIQ_S8,sec_0102,672,5.6-offset_applied,,,,
LOGIQ_S8,sec_0102,672,5.5-filters_discarding,,,,
LOGIQ_S8,sec_0102,672,5.5-filters_passing_noise,,,,
LOGIQ_S8,sec_0102,672,5.5-image_section_mapping,,,,
LOGIQ_S8,sec_0103,679,5.4-hierarchy_level,,,,
LOGIQ_S8,sec_0103,679,5.4-parent_child,,,,
LOGIQ_S8,sec_0103,679,5.4-page_start_end,,,,
LOGIQ_S8,sec_0103,679,5.4-hierarchy_path,,,,
LOGIQ_S8,sec_0103,679,5.4-gaps_duplicates,,,,
LOGIQ_S8,sec_0103,679,5.4-flagged_for_review,,,,
LOGIQ_S8,sec_0103,679,5.4-structural_source,,,,
LOGIQ_S8,sec_0103,679,5.6-numbering_scheme,,,,
LOGIQ_S8,sec_0103,679,5.6-offset_applied,,,,
LOGIQ_S8,sec_0103,679,5.6-table_content,,,,
LOGIQ_S8,sec_0103,679,5.5-filters_discarding,,,,
LOGIQ_S8,sec_0103,679,5.5-filters_passing_noise,,,,
LOGIQ_S8,sec_0103,679,5.5-image_section_mapping,,,,
LOGIQ_S8,sec_0104,686,5.4-hierarchy_level,,,,
LOGIQ_S8,sec_0104,686,5.4-parent_child,,,,
LOGIQ_S8,sec_0104,686,5.4-page_start_end,,,,
LOGIQ_S8,sec_0104,686,5.4-hierarchy_path,,,,
LOGIQ_S8,sec_0104,686,5.4-gaps_duplicates,,,,
LOGIQ_S8,sec_0104,686,5.4-flagged_for_review,,,,
LOGIQ_S8,sec_0104,686,5.4-structural_source,,,,
LOGIQ_S8,sec_0104,686,5.6-numbering_scheme,,,,
LOGIQ_S8,sec_0104,686,5.6-offset_applied,,,,
LOGIQ_S8,sec_0104,686,5.6-table_content,,,,
LOGIQ_S8,sec_0104,686,5.5-filters_discarding,,,,
LOGIQ_S8,sec_0104,686,5.5-filters_passing_noise,,,,
LOGIQ_S8,sec_0104,686,5.5-image_section_mapping,,,,
LOGIQ_S8,sec_0107,699,5.4-hierarchy_level,,,,
LOGIQ_S8,sec_0107,699,5.4-parent_child,,,,
LOGIQ_S8,sec_0107,699,5.4-page_start_end,,,,
LOGIQ_S8,sec_0107,699,5.4-hierarchy_path,,,,
LOGIQ_S8,sec_0107,699,5.4-gaps_duplicates,,,,
LOGIQ_S8,sec_0107,699,5.4-flagged_for_review,,,,
LOGIQ_S8,sec_0107,699,5.4-structural_source,,,,
LOGIQ_S8,sec_0107,699,5.6-numbering_scheme,,,,
LOGIQ_S8,sec_0107,699,5.6-offset_applied,,,,
LOGIQ_S8,sec_0107,699,5.6-table_content,,,,
LOGIQ_S8,sec_0107,699,5.5-filters_discarding,,,,
LOGIQ_S8,sec_0107,699,5.5-filters_passing_noise,,,,
LOGIQ_S8,sec_0107,699,5.5-image_section_mapping,,,,
LOGIQ_S8,sec_0108,706,5.4-hierarchy_level,,,,
LOGIQ_S8,sec_0108,706,5.4-parent_child,,,,
LOGIQ_S8,sec_0108,706,5.4-page_start_end,,,,
LOGIQ_S8,sec_0108,706,5.4-hierarchy_path,,,,
LOGIQ_S8,sec_0108,706,5.4-gaps_duplicates,,,,
LOGIQ_S8,sec_0108,706,5.4-flagged_for_review,,,,
LOGIQ_S8,sec_0108,706,5.4-structural_source,,,,
LOGIQ_S8,sec_0108,706,5.6-numbering_scheme,,,,
LOGIQ_S8,sec_0108,706,5.6-offset_applied,,,,
LOGIQ_S8,sec_0108,706,5.6-table_content,,,,
LOGIQ_S8,sec_0108,706,5.5-filters_discarding,,,,
LOGIQ_S8,sec_0108,706,5.5-filters_passing_noise,,,,
LOGIQ_S8,sec_0108,706,5.5-image_section_mapping,,,,
LOGIQ_S8,sec_0109,712,5.4-hierarchy_level,,,,
LOGIQ_S8,sec_0109,712,5.4-parent_child,,,,
LOGIQ_S8,sec_0109,712,5.4-page_start_end,,,,
LOGIQ_S8,sec_0109,712,5.4-hierarchy_path,,,,
LOGIQ_S8,sec_0109,712,5.4-gaps_duplicates,,,,
LOGIQ_S8,sec_0109,712,5.4-flagged_for_review,,,,
LOGIQ_S8,sec_0109,712,5.4-structural_source,,,,
LOGIQ_S8,sec_0109,712,5.6-numbering_scheme,,,,
LOGIQ_S8,sec_0109,712,5.6-offset_applied,,,,
LOGIQ_S8,sec_0109,712,5.6-table_content,,,,
LOGIQ_S8,sec_0109,712,5.5-filters_discarding,,,,
LOGIQ_S8,sec_0109,712,5.5-filters_passing_noise,,,,
LOGIQ_S8,sec_0109,712,5.5-image_section_mapping,,,,
LOGIQ_S8,sec_0110,726,5.4-hierarchy_level,,,,
LOGIQ_S8,sec_0110,726,5.4-parent_child,,,,
LOGIQ_S8,sec_0110,726,5.4-page_start_end,,,,
LOGIQ_S8,sec_0110,726,5.4-hierarchy_path,,,,
LOGIQ_S8,sec_0110,726,5.4-gaps_duplicates,,,,
LOGIQ_S8,sec_0110,726,5.4-flagged_for_review,,,,
LOGIQ_S8,sec_0110,726,5.4-structural_source,,,,
LOGIQ_S8,sec_0110,726,5.6-numbering_scheme,,,,
LOGIQ_S8,sec_0110,726,5.6-offset_applied,,,,
LOGIQ_S8,sec_0110,726,5.6-table_content,,,,
LOGIQ_S8,sec_0110,726,5.5-filters_discarding,,,,
LOGIQ_S8,sec_0110,726,5.5-filters_passing_noise,,,,
LOGIQ_S8,sec_0110,726,5.5-image_section_mapping,,,,
LOGIQ_S8,sec_0111,753,5.4-hierarchy_level,,,,
LOGIQ_S8,sec_0111,753,5.4-parent_child,,,,
LOGIQ_S8,sec_0111,753,5.4-page_start_end,,,,
LOGIQ_S8,sec_0111,753,5.4-hierarchy_path,,,,
LOGIQ_S8,sec_0111,753,5.4-gaps_duplicates,,,,
LOGIQ_S8,sec_0111,753,5.4-flagged_for_review,,,,
LOGIQ_S8,sec_0111,753,5.4-structural_source,,,,
LOGIQ_S8,sec_0111,753,5.6-numbering_scheme,,,,
LOGIQ_S8,sec_0111,753,5.6-offset_applied,,,,
LOGIQ_S8,sec_0111,753,5.6-table_content,,,,
LOGIQ_S8,sec_0111,753,5.5-filters_discarding,,,,
LOGIQ_S8,sec_0111,753,5.5-filters_passing_noise,,,,
LOGIQ_S8,sec_0111,753,5.5-image_section_mapping,,,,
LOGIQ_S8,sec_0113,767,5.4-hierarchy_level,,,,
LOGIQ_S8,sec_0113,767,5.4-parent_child,,,,
LOGIQ_S8,sec_0113,767,5.4-page_start_end,,,,
LOGIQ_S8,sec_0113,767,5.4-hierarchy_path,,,,
LOGIQ_S8,sec_0113,767,5.4-gaps_duplicates,,,,
LOGIQ_S8,sec_0113,767,5.4-flagged_for_review,,,,
LOGIQ_S8,sec_0113,767,5.4-structural_source,,,,
LOGIQ_S8,sec_0113,767,5.6-numbering_scheme,,,,
LOGIQ_S8,sec_0113,767,5.6-offset_applied,,,,
LOGIQ_S8,sec_0113,767,5.6-table_content,,,,
LOGIQ_S8,sec_0113,767,5.5-filters_discarding,,,,
LOGIQ_S8,sec_0113,767,5.5-filters_passing_noise,,,,
LOGIQ_S8,sec_0113,767,5.5-image_section_mapping,,,,
LOGIQ_S8,sec_0116,774,5.4-hierarchy_level,,,,
LOGIQ_S8,sec_0116,774,5.4-parent_child,,,,
LOGIQ_S8,sec_0116,774,5.4-page_start_end,,,,
LOGIQ_S8,sec_0116,774,5.4-hierarchy_path,,,,
LOGIQ_S8,sec_0116,774,5.4-gaps_duplicates,,,,
LOGIQ_S8,sec_0116,774,5.4-flagged_for_review,,,,
LOGIQ_S8,sec_0116,774,5.4-structural_source,,,,
LOGIQ_S8,sec_0116,774,5.6-numbering_scheme,,,,
LOGIQ_S8,sec_0116,774,5.6-offset_applied,,,,
LOGIQ_S8,sec_0116,774,5.6-table_content,,,,
LOGIQ_S8,sec_0116,774,5.5-filters_discarding,,,,
LOGIQ_S8,sec_0116,774,5.5-filters_passing_noise,,,,
LOGIQ_S8,sec_0116,774,5.5-image_section_mapping,,,,
LOGIQ_S8,sec_0119,781,5.4-hierarchy_level,,,,
LOGIQ_S8,sec_0119,781,5.4-parent_child,,,,
LOGIQ_S8,sec_0119,781,5.4-page_start_end,,,,
LOGIQ_S8,sec_0119,781,5.4-hierarchy_path,,,,
LOGIQ_S8,sec_0119,781,5.4-gaps_duplicates,,,,
LOGIQ_S8,sec_0119,781,5.4-flagged_for_review,,,,
LOGIQ_S8,sec_0119,781,5.4-structural_source,,,,
LOGIQ_S8,sec_0119,781,5.6-numbering_scheme,,,,
LOGIQ_S8,sec_0119,781,5.6-offset_applied,,,,
LOGIQ_S8,sec_0119,781,5.6-table_content,,,,
LOGIQ_S8,sec_0119,781,5.5-filters_discarding,,,,
LOGIQ_S8,sec_0119,781,5.5-filters_passing_noise,,,,
LOGIQ_S8,sec_0119,781,5.5-image_section_mapping,,,,
LOGIQ_S8,sec_0121,788,5.4-hierarchy_level,PASS,,"The heading 'Section 9-9 Operator panel' (p787) is a section title under Chapter 9, so level 2 is right. '9-9-1 OPIO, OPIO2 and OPIO3' (p787) and '9-9-2 OPIO4' (p792) are sub-headings kept as heading nodes in sec_0121.",
LOGIQ_S8,sec_0121,788,5.4-parent_child,PASS,,"parent_section_id is sec_0112 (Chapter 9) and child_sections is empty. The siblings are sec_0120 (9-8 LCD Monitor, p784-786) and sec_0122 (9-10 Nest Box Parts, p797-808).",
LOGIQ_S8,sec_0121,788,5.4-page_start_end,PASS,,"The heading 'Section 9-9 Operator panel' opens p787 and sec_0122 starts at p797. The last page p796 has only the end of Table 9-6 (parts 417-421) and folio '9 - 30'. p788 has only two photo figures (Joystick, Mode Switch/Encoder) and its nodes 12-23 match. All 97 nodes sit in p787-p796.",
LOGIQ_S8,sec_0121,788,5.4-hierarchy_path,PASS,,hierarchy_path is '/Chapter 9/Section 9-9 Operator panel'. It matches the nesting: Chapter 9 (sec_0112) then Section 9-9.,
LOGIQ_S8,sec_0121,788,5.4-gaps_duplicates,PASS,,"No gap: sec_0120 ends at p786, sec_0121 covers p787-p796 and sec_0122 starts at p797. Figures 9-3 to 9-6 and Tables 9-5 and 9-6 each appear once.",
LOGIQ_S8,sec_0121,788,5.4-flagged_for_review,PASS,,"flagged_for_review is false and verification_score is 100. The title is on p787, the first page of the range, so no flag is needed.",
LOGIQ_S8,sec_0121,788,5.4-structural_source,PASS,,structural_source is 'toc'. The bookmark 'Section 9-9 Operator panel' matches the heading on p787 and the range ends before the next bookmark at p797.,
LOGIQ_S8,sec_0121,788,5.6-numbering_scheme,PASS,,The folios 9 - 21 to 9 - 30 are chapter-page numbers made of arabic digits. The label 'arabic' is acceptable and the physical mapping is not affected.,"Chapter-dash-page folios could also be called alphanumeric, so confidence is a little lower."
LOGIQ_S8,sec_0121,788,5.6-offset_applied,PASS,,"offset_applied is 0. The 'Section 9-9' heading is on physical p787, which equals page_start. Printed folio 9 - 21 is chapter-based, so no shift to physical pages is needed.",
LOGIQ_S8,sec_0121,788,5.6-table_content,PASS,,"p788 has no table. The tables of this section are on p789, p790, p791, p795 and p796. I compared Table 9-5 on p789 (rows 301, 302) and Table 9-6 on p796 (rows 417-421) with the rendering. Part names, part numbers, descriptions and Qty all match. Blank cells under row 301 are the original row-merged cells.","p790, p791 and p795 were not rendered here, so they were not compared."
LOGIQ_S8,sec_0121,788,5.5-filters_discarding,PASS,,"Every figure on the rendered pages p787, p788, p789, p792, p793 and p794 is in the image output (img_1207-img_1228), including the photos with callouts 301-312 and 401-421. The keyboard photos img_1214-img_1218 (p790-p791) are kept. No figure is missing.","p790, p791 and p795 were not rendered here. verify_claims flags a 640x480 raster on p788 as not kept because it matches by pixel size only. Both p788 photos are inside the vector crops img_1209 (713x481) and img_1210 (788x481), which I compared with the rendered page: the keyboard photos, arrows and callouts 311-317 are all there. So the figure is not dropped; I keep PASS."
LOGIQ_S8,sec_0121,788,5.5-filters_passing_noise,FAIL,Low,"Some vector crops overlap or hold part of a neighbour figure (pages 789 and 792). p789: img_1212 shows the start of the '303'/'Fron' figure on its right edge, and img_1213 repeats the right part of the 306/308 photo with cut circles. p792: photo 402 is in both img_1220 and img_1221, and img_1221 also has slivers of 403 and 405. p788, p793 (img_1223-img_1226) and p794 (img_1227, img_1228) are clean: each part appears once and no image is inside another.",Repeated or partial pixels only; the figure content is complete. Contract: cosmetic noise kept as image is Low. Probably the vector region grouping. Graded once for the section.
LOGIQ_S8,sec_0121,788,5.5-image_section_mapping,PASS,,"All images on p787-p794 (img_1207-img_1228) are mapped to sec_0121 (p787-p796). The previous section ends at p786 and the next starts at p797, so no page is shared with a sibling.",
LOGIQ_S8,sec_0122,802,5.4-hierarchy_level,,,,
LOGIQ_S8,sec_0122,802,5.4-parent_child,,,,
LOGIQ_S8,sec_0122,802,5.4-page_start_end,,,,
LOGIQ_S8,sec_0122,802,5.4-hierarchy_path,,,,
LOGIQ_S8,sec_0122,802,5.4-gaps_duplicates,,,,
LOGIQ_S8,sec_0122,802,5.4-flagged_for_review,,,,
LOGIQ_S8,sec_0122,802,5.4-structural_source,,,,
LOGIQ_S8,sec_0122,802,5.6-numbering_scheme,,,,
LOGIQ_S8,sec_0122,802,5.6-offset_applied,,,,
LOGIQ_S8,sec_0122,802,5.6-table_content,,,,
LOGIQ_S8,sec_0122,802,5.5-filters_discarding,,,,
LOGIQ_S8,sec_0122,802,5.5-filters_passing_noise,,,,
LOGIQ_S8,sec_0122,802,5.5-image_section_mapping,,,,
LOGIQ_S8,sec_0123,809,5.4-hierarchy_level,,,,
LOGIQ_S8,sec_0123,809,5.4-parent_child,,,,
LOGIQ_S8,sec_0123,809,5.4-page_start_end,,,,
LOGIQ_S8,sec_0123,809,5.4-hierarchy_path,,,,
LOGIQ_S8,sec_0123,809,5.4-gaps_duplicates,,,,
LOGIQ_S8,sec_0123,809,5.4-flagged_for_review,,,,
LOGIQ_S8,sec_0123,809,5.4-structural_source,,,,
LOGIQ_S8,sec_0123,809,5.6-numbering_scheme,,,,
LOGIQ_S8,sec_0123,809,5.6-offset_applied,,,,
LOGIQ_S8,sec_0123,809,5.6-table_content,,,,
LOGIQ_S8,sec_0123,809,5.5-filters_discarding,,,,
LOGIQ_S8,sec_0123,809,5.5-filters_passing_noise,,,,
LOGIQ_S8,sec_0123,809,5.5-image_section_mapping,,,,
LOGIQ_S8,sec_0124,816,5.4-hierarchy_level,,,,
LOGIQ_S8,sec_0124,816,5.4-parent_child,,,,
LOGIQ_S8,sec_0124,816,5.4-page_start_end,,,,
LOGIQ_S8,sec_0124,816,5.4-hierarchy_path,,,,
LOGIQ_S8,sec_0124,816,5.4-gaps_duplicates,,,,
LOGIQ_S8,sec_0124,816,5.4-flagged_for_review,,,,
LOGIQ_S8,sec_0124,816,5.4-structural_source,,,,
LOGIQ_S8,sec_0124,816,5.6-numbering_scheme,,,,
LOGIQ_S8,sec_0124,816,5.6-offset_applied,,,,
LOGIQ_S8,sec_0124,816,5.6-table_content,,,,
LOGIQ_S8,sec_0124,816,5.5-filters_discarding,,,,
LOGIQ_S8,sec_0124,816,5.5-filters_passing_noise,,,,
LOGIQ_S8,sec_0124,816,5.5-image_section_mapping,,,,
LOGIQ_S8,sec_0125,823,5.4-hierarchy_level,,,,
LOGIQ_S8,sec_0125,823,5.4-parent_child,,,,
LOGIQ_S8,sec_0125,823,5.4-page_start_end,,,,
LOGIQ_S8,sec_0125,823,5.4-hierarchy_path,,,,
LOGIQ_S8,sec_0125,823,5.4-gaps_duplicates,,,,
LOGIQ_S8,sec_0125,823,5.4-flagged_for_review,,,,
LOGIQ_S8,sec_0125,823,5.4-structural_source,,,,
LOGIQ_S8,sec_0125,823,5.6-numbering_scheme,,,,
LOGIQ_S8,sec_0125,823,5.6-offset_applied,,,,
LOGIQ_S8,sec_0125,823,5.6-table_content,,,,
LOGIQ_S8,sec_0125,823,5.5-filters_discarding,,,,
LOGIQ_S8,sec_0125,823,5.5-filters_passing_noise,,,,
LOGIQ_S8,sec_0125,823,5.5-image_section_mapping,,,,
LOGIQ_S8,sec_0127,830,5.4-hierarchy_level,,,,
LOGIQ_S8,sec_0127,830,5.4-parent_child,,,,
LOGIQ_S8,sec_0127,830,5.4-page_start_end,,,,
LOGIQ_S8,sec_0127,830,5.4-hierarchy_path,,,,
LOGIQ_S8,sec_0127,830,5.4-gaps_duplicates,,,,
LOGIQ_S8,sec_0127,830,5.4-flagged_for_review,,,,
LOGIQ_S8,sec_0127,830,5.4-structural_source,,,,
LOGIQ_S8,sec_0127,830,5.6-numbering_scheme,,,,
LOGIQ_S8,sec_0127,830,5.6-offset_applied,,,,
LOGIQ_S8,sec_0127,830,5.6-table_content,,,,
LOGIQ_S8,sec_0127,830,5.5-filters_discarding,,,,
LOGIQ_S8,sec_0127,830,5.5-filters_passing_noise,,,,
LOGIQ_S8,sec_0127,830,5.5-image_section_mapping,,,,
LOGIQ_S8,sec_0128,837,5.4-hierarchy_level,,,,
LOGIQ_S8,sec_0128,837,5.4-parent_child,,,,
LOGIQ_S8,sec_0128,837,5.4-page_start_end,,,,
LOGIQ_S8,sec_0128,837,5.4-hierarchy_path,,,,
LOGIQ_S8,sec_0128,837,5.4-gaps_duplicates,,,,
LOGIQ_S8,sec_0128,837,5.4-flagged_for_review,,,,
LOGIQ_S8,sec_0128,837,5.4-structural_source,,,,
LOGIQ_S8,sec_0128,837,5.6-numbering_scheme,,,,
LOGIQ_S8,sec_0128,837,5.6-offset_applied,,,,
LOGIQ_S8,sec_0128,837,5.6-table_content,,,,
LOGIQ_S8,sec_0128,837,5.5-filters_discarding,,,,
LOGIQ_S8,sec_0128,837,5.5-filters_passing_noise,,,,
LOGIQ_S8,sec_0128,837,5.5-image_section_mapping,,,,
LOGIQ_S8,sec_0130,873,5.4-hierarchy_level,,,,
LOGIQ_S8,sec_0130,873,5.4-parent_child,,,,
LOGIQ_S8,sec_0130,873,5.4-page_start_end,,,,
LOGIQ_S8,sec_0130,873,5.4-hierarchy_path,,,,
LOGIQ_S8,sec_0130,873,5.4-gaps_duplicates,,,,
LOGIQ_S8,sec_0130,873,5.4-flagged_for_review,,,,
LOGIQ_S8,sec_0130,873,5.4-structural_source,,,,
LOGIQ_S8,sec_0130,873,5.6-numbering_scheme,,,,
LOGIQ_S8,sec_0130,873,5.6-offset_applied,,,,
LOGIQ_S8,sec_0130,873,5.6-table_content,,,,
LOGIQ_S8,sec_0130,873,5.5-filters_discarding,,,,
LOGIQ_S8,sec_0130,873,5.5-filters_passing_noise,,,,
LOGIQ_S8,sec_0130,873,5.5-image_section_mapping,,,,
LOGIQ_S8,sec_0135,880,5.4-hierarchy_level,PASS,,"The heading 'Section 10-6 System maintenance' (p879) is a section under Chapter 10 (sec_0129), so level 2 is right. p880 opens with sub-headings '10-6-2 Functional checks' and '10-6-2-1 System functional checks', kept as heading nodes.",
LOGIQ_S8,sec_0135,880,5.4-parent_child,PASS,,"parent_section_id is sec_0129 (Chapter 10) and child_sections is empty. The neighbours sec_0134 (10-5 Tools required, p878) and sec_0136 (10-7 Using a Phantom, p888) are siblings.",
LOGIQ_S8,sec_0135,880,5.4-page_start_end,PASS,,"p879 starts with the heading 'Section 10-6' and p887 ends with the probe cleaning cautions and folio '10 - 15'. sec_0136 starts at p888. The p880 content (10-6-2, Table 10-4, the NOTE) is owned by sec_0135, and no node of its 112 belongs to a neighbour.",
LOGIQ_S8,sec_0135,880,5.4-hierarchy_path,PASS,,hierarchy_path is '/Chapter 10/Section 10-6 System maintenance'. It matches the nesting of the bookmarks.,
LOGIQ_S8,sec_0135,880,5.4-gaps_duplicates,PASS,,"No gap: sec_0134 ends at p878, sec_0135 covers p879-p887 and sec_0136 starts at p888. Tables 10-3 to 10-10 and Figures 10-1 to 10-5 each appear once.",
LOGIQ_S8,sec_0135,880,5.4-flagged_for_review,PASS,,"flagged_for_review is false and verification_score is 100. The title is on p879, the first page of the range.",
LOGIQ_S8,sec_0135,880,5.4-structural_source,PASS,,structural_source is 'toc'. The bookmark matches the 'Section 10-6' heading on p879 and the range ends right before sec_0136 at p888.,
LOGIQ_S8,sec_0135,880,5.6-numbering_scheme,PASS,,Folios '10 - 7' to '10 - 15' (p879-p887) are chapter-page numbers of arabic digits. The label 'arabic' is acceptable.,
LOGIQ_S8,sec_0135,880,5.6-offset_applied,PASS,,offset_applied is 0. The 'Section 10-6' heading is on physical p879 = page_start. No wrong shift is seen on p880 (folio '10 - 8').,
LOGIQ_S8,sec_0135,880,5.6-table_content,FAIL,Low,"Table 10-4 on p880 has 15 rows and all 15 are in node #/tables/433 in the right order. For rows 7, 10, 11, 12, 14 and 15 the Step name is merged into the Description cell and the Step cell is empty (example: 'Basic Measurements Check Distance and Tissue Depth Measurement.'). Rows 1-6, 8, 9 and 13 keep the Step name in its own column. The Check number is right in all rows.","Chosen Low, not Medium. Every value is present, in the right row and in reading order, and the step name stays first in its row. Only the cell border between Step and Description is merged. Medium needs a value that cannot be attributed to its column, which is not the case. The same pattern is on p879 (Table 10-3 rows 1, 4, 5) and p886 (Table 10-10 row 2)."
LOGIQ_S8,sec_0135,880,5.5-filters_discarding,PASS,,"p880 has no picture. On p886 and p887 the Figure 10-5 icon strip and the three probe icons (hands, NEVER, OK) are extracted, and the photos of Figures 10-1 to 10-4 (p883-p884, img_1390-img_1393) are kept. The small warning triangles beside CAUTION and NOTICE are not extracted, but their meaning is written in the text.",
LOGIQ_S8,sec_0135,880,5.5-filters_passing_noise,FAIL,Low,"Pages 886 and 887. On p886 the vector image img_1394 (870x618) is the Figure 10-5 icon strip plus page text. Its top edge has a cut body line ('equipment damage. Failure to properly handle or maintain a probe may also void its warra...'). Below the icons it has the caption 'Figure 10-5 Probe handling icons' and two body lines ('Any evidence of wear...', 'Do a visual check...'). About half of the image is empty white. On p887 img_1396 (436x263) has a cut line 'NOTICE Disinfect a defective probe befo...' with the warning triangles and 'CAUTION' labels around the hands icon. The figures themselves are complete.","Extra page text kept inside a figure image. The same text is in the paragraph nodes 10179-10184, so the content is not affected. Low by contract (noise kept as image): not Critical (nothing is dropped) and not Medium (the section mapping is right). Graded once for the section. Probably the vector crop box is too large."
LOGIQ_S8,sec_0135,880,5.5-image_section_mapping,PASS,,"All images (img_1390-img_1397) are on p883-p887 inside sec_0135 (p879-p887). sec_0134 ends at p878 and sec_0136 starts at p888, so no page is shared. The captions Figure 10-1 to 10-5 match the images on the same pages.",
LOGIQ_S8,sec_0136,888,5.4-hierarchy_level,,,,
LOGIQ_S8,sec_0136,888,5.4-parent_child,,,,
LOGIQ_S8,sec_0136,888,5.4-page_start_end,,,,
LOGIQ_S8,sec_0136,888,5.4-hierarchy_path,,,,
LOGIQ_S8,sec_0136,888,5.4-gaps_duplicates,,,,
LOGIQ_S8,sec_0136,888,5.4-flagged_for_review,,,,
LOGIQ_S8,sec_0136,888,5.4-structural_source,,,,
LOGIQ_S8,sec_0136,888,5.6-numbering_scheme,,,,
LOGIQ_S8,sec_0136,888,5.6-offset_applied,,,,
LOGIQ_S8,sec_0136,888,5.5-filters_discarding,,,,
LOGIQ_S8,sec_0136,888,5.5-filters_passing_noise,,,,
LOGIQ_S8,sec_0136,888,5.5-image_section_mapping,,,,
LOGIQ_S8,sec_0137,895,5.4-hierarchy_level,PASS,,"The heading 'Section 10-8 Electrical Safety Tests' (p889) is a section under Chapter 10 (sec_0129), so level 2 is right. p895 shows '10-8-6 Data sheet for enclosure/chassis leakage current' with Table 10-15. The 10-8-x headings are kept as heading nodes of sec_0137.",
LOGIQ_S8,sec_0137,895,5.4-parent_child,PASS,,"parent_section_id is sec_0129 (Chapter 10) and child_sections is empty. The neighbours sec_0136 (10-7 Using a Phantom, p888) and sec_0138 (10-9 Too Much Leakage Current, p907-p910) are siblings.",
LOGIQ_S8,sec_0137,895,5.4-page_start_end,PASS,,"The section opens on p889 with 'Section 10-8 Electrical Safety Tests'. The last page p906 has 10-8-13 and Table 10-19, then sec_0138 starts at p907. p895 (10-8-6 text, Table 10-15 caption, NOTEs) matches nodes 81-90 and is owned by this section. No neighbour content is inside the 256 nodes.",
LOGIQ_S8,sec_0137,895,5.4-hierarchy_path,PASS,,hierarchy_path is '/Chapter 10/Section 10-8 Electrical Safety Tests'. It matches the bookmark nesting.,
LOGIQ_S8,sec_0137,895,5.4-gaps_duplicates,PASS,,"No gap: sec_0136 ends at p888, sec_0137 covers p889-p906 and sec_0138 starts at p907. Tables 10-15 and 10-19 and Figures 10-6 to 10-15 each appear once. The 'Table 10-17' mention in text on p898 is probably a source typo.",
LOGIQ_S8,sec_0137,895,5.4-flagged_for_review,PASS,,"flagged_for_review is false and verification_score is 100. The 'Section 10-8' heading is on p889, the first page of the range.",
LOGIQ_S8,sec_0137,895,5.4-structural_source,PASS,,structural_source is 'toc'. The bookmark matches the heading on p889 and the range ends before sec_0138 at p907.,
LOGIQ_S8,sec_0137,895,5.6-numbering_scheme,PASS,,Folios '10 - 17' to '10 - 34' (p889-p906) are chapter-page numbers of arabic digits. The label 'arabic' is acceptable.,
LOGIQ_S8,sec_0137,895,5.6-offset_applied,PASS,,"offset_applied is 0. The 'Section 10-8' heading is on physical p889 = page_start, and p906 (folio '10 - 34') is the last page. No wrong shift is seen.",
LOGIQ_S8,sec_0137,895,5.6-table_content,FAIL,Low,"Table 10-15 on p895 (#/tables/445) keeps the title row, the header names (Rear Panel, Lower Frame, Probe Connector, Main Handle) and the four condition rows Off Closed, Off Open, On Closed, On Open in order. But 'System Power' and 'Grounding/PE' are merged in one cell, and 'Off Closed' etc. are in one cell. The measurement cells are empty, as in the PDF.","Merged cells with values and reading order kept: Low. The same pattern is in Table 10-19 on p906 ('On Closed' sits in the second column). The tables on p890, p898, p899 and p902 were not rendered here. Probably the same cell-merge cause as Table 10-4 in sec_0135."
LOGIQ_S8,sec_0137,895,5.5-filters_discarding,PASS,,"p895 has no picture. In the section, the figures of 10-6 to 10-15 are extracted (img_1398-img_1409), including the drawing on p893 (img_1401). The small warning triangles beside CAUTION are not extracted, but their meaning is in the text.",
LOGIQ_S8,sec_0137,895,5.5-filters_passing_noise,PASS,,"I checked all four edges of the vector image img_1401 (p893, 397x311). It holds only the grounding test drawing (plug, ohmmeter, device, labels 1-4), with no body text or caption. The other images are real figures (outlet tester, circuit diagrams, BF label, TEE test). No decorative strip is kept.","Hidden text nodes like '!! CAUTION:' (p905) and '!! DANGER:' (p906) are text, not images, so they are not graded here."
LOGIQ_S8,sec_0137,895,5.5-image_section_mapping,PASS,,"All 12 images (img_1398-img_1409, p891-p905) map to sec_0137 (p889-p906). sec_0136 is only p888 and sec_0138 starts at p907, so no page is shared. The captions match the nearby images.",
LOGIQ_S8,sec_0138,910,5.4-hierarchy_level,,,,
LOGIQ_S8,sec_0138,910,5.4-parent_child,,,,
LOGIQ_S8,sec_0138,910,5.4-page_start_end,,,,
LOGIQ_S8,sec_0138,910,5.4-hierarchy_path,,,,
LOGIQ_S8,sec_0138,910,5.4-gaps_duplicates,,,,
LOGIQ_S8,sec_0138,910,5.4-flagged_for_review,,,,
LOGIQ_S8,sec_0138,910,5.4-structural_source,,,,
LOGIQ_S8,sec_0138,910,5.6-numbering_scheme,,,,
LOGIQ_S8,sec_0138,910,5.6-offset_applied,,,,
LOGIQ_S8,sec_0138,910,5.6-table_content,,,,
LOGIQ_S8,sec_0138,910,5.5-filters_discarding,,,,
LOGIQ_S8,sec_0138,910,5.5-filters_passing_noise,,,,
LOGIQ_S8,sec_0138,910,5.5-image_section_mapping,,,,
LOGIQ_S8,DOCUMENT-LEVEL,,5.6-sanity_report,,,,
LOGIQ_S8,sec_0001,24,5.4-hierarchy_level,PASS,,"Sec_0001 'Service Manual' is level 1 and has no parent. p24 is a contents-list page of the front matter, not a chapter, so sec_0001 stays the top level. Chapter 1 (sec_0002) is also level 1 and starts at p43.",
LOGIQ_S8,sec_0001,24,5.4-parent_child,PASS,,"parent_section_id is null and child_sections is empty. Pages 1-42 hold the cover, warnings, revision history and contents lists, which are not sub-sections. The next top-level section is sec_0002 (Chapter 1, p43).",
LOGIQ_S8,sec_0001,24,5.4-page_start_end,PASS,,p24 shows the end of the Chapter 4 contents list (Volume Navigation to Site Log) with folio '8 -'. All 8 rows are in table node #/tables/9 (p24) of sec_0001. This front matter belongs to the section. The section ends at blank p42 and Chapter 1 starts at p43.,"Table nodes are listed after all paragraph nodes (tables are placed by page), but their owner is still correct."
LOGIQ_S8,sec_0001,24,5.4-hierarchy_path,PASS,,"hierarchy_path is '/Service Manual'. It is one level deep, which is correct for a top-level bookmark with no parent.",
LOGIQ_S8,sec_0001,24,5.4-gaps_duplicates,PASS,,On p24 each contents row appears once in table #/tables/9. Nothing is repeated or missing against the rendered page. The section range p1-p42 touches sec_0002 at p43 with no gap.,
LOGIQ_S8,sec_0001,24,5.4-flagged_for_review,PASS,,"flagged_for_review is false and verification_score is 100. The bookmark title 'Service Manual' matches the cover wording on p1, so no review flag is needed.",
LOGIQ_S8,sec_0001,24,5.4-structural_source,PASS,,"structural_source is 'toc'. The bookmark range 1-42 ends right before Chapter 1 (p43), and the title matches the cover. Nothing suggests an inferred structure.",
LOGIQ_S8,sec_0001,24,5.6-numbering_scheme,PASS,,"Folio '8 -' on p24 is an arabic number. The contents pages p17-p42 restart at 1, so the 'arabic' label fits this page. The roman folios of p3-p16 are logged in the p1 row.",
LOGIQ_S8,sec_0001,24,5.6-offset_applied,PASS,,"p24 prints folio '8' but is physical page 24. offset_applied is 0 and page_start 1 / page_end 42 are physical, so the p24 content is correctly inside the range. No wrong shift is visible.",
LOGIQ_S8,sec_0001,24,5.6-table_content,FAIL,Low,"Table #/tables/9 on p24 has all 8 contents rows in the right order (Volume Navigation (Option) ... Site Log) and all page numbers (4 - 46 to 4 - 49) match the page. But each row is split into a title cell and a second cell with the dot leaders plus the page number, and the indent levels of the page are not kept.","Merged and split cells with values and reading order kept: contract Low. The same split is seen in the other contents tables of the section (p17-p41, node text only)."
LOGIQ_S8,sec_0001,24,5.5-filters_discarding,PASS,,"p24 has no picture or drawing, only the contents list, the header and the footer. Nothing meaningful can be dropped on this page.",
LOGIQ_S8,sec_0001,24,5.5-filters_passing_noise,PASS,,No image is mapped to p24. The header and footer rules and the page text were not kept as images. The logo noise of the section is logged on the p1 row.,
LOGIQ_S8,sec_0001,24,5.5-image_section_mapping,PASS,,No image exists on p24 and none is mapped to it. This is correct for a text-only contents page.,
LOGIQ_S8,sec_0004,46,5.4-hierarchy_level,,,,
LOGIQ_S8,sec_0004,46,5.4-parent_child,,,,
LOGIQ_S8,sec_0004,46,5.4-page_start_end,,,,
LOGIQ_S8,sec_0004,46,5.4-hierarchy_path,,,,
LOGIQ_S8,sec_0004,46,5.4-gaps_duplicates,,,,
LOGIQ_S8,sec_0004,46,5.4-flagged_for_review,,,,
LOGIQ_S8,sec_0004,46,5.4-structural_source,,,,
LOGIQ_S8,sec_0004,46,5.6-numbering_scheme,,,,
LOGIQ_S8,sec_0004,46,5.6-offset_applied,,,,
LOGIQ_S8,sec_0004,46,5.6-table_content,,,,
LOGIQ_S8,sec_0004,46,5.5-filters_discarding,,,,
LOGIQ_S8,sec_0004,46,5.5-filters_passing_noise,,,,
LOGIQ_S8,sec_0004,46,5.5-image_section_mapping,,,,
LOGIQ_S8,sec_0005,54,5.4-hierarchy_level,,,,
LOGIQ_S8,sec_0005,54,5.4-parent_child,,,,
LOGIQ_S8,sec_0005,54,5.4-page_start_end,,,,
LOGIQ_S8,sec_0005,54,5.4-hierarchy_path,,,,
LOGIQ_S8,sec_0005,54,5.4-gaps_duplicates,,,,
LOGIQ_S8,sec_0005,54,5.4-flagged_for_review,,,,
LOGIQ_S8,sec_0005,54,5.4-structural_source,,,,
LOGIQ_S8,sec_0005,54,5.6-numbering_scheme,,,,
LOGIQ_S8,sec_0005,54,5.6-offset_applied,,,,
LOGIQ_S8,sec_0005,54,5.6-table_content,,,,
LOGIQ_S8,sec_0005,54,5.5-filters_discarding,,,,
LOGIQ_S8,sec_0005,54,5.5-filters_passing_noise,,,,
LOGIQ_S8,sec_0005,54,5.5-image_section_mapping,,,,
LOGIQ_S8,sec_0006,63,5.4-hierarchy_level,,,,
LOGIQ_S8,sec_0006,63,5.4-parent_child,,,,
LOGIQ_S8,sec_0006,63,5.4-page_start_end,,,,
LOGIQ_S8,sec_0006,63,5.4-hierarchy_path,,,,
LOGIQ_S8,sec_0006,63,5.4-gaps_duplicates,,,,
LOGIQ_S8,sec_0006,63,5.4-flagged_for_review,,,,
LOGIQ_S8,sec_0006,63,5.4-structural_source,,,,
LOGIQ_S8,sec_0006,63,5.6-numbering_scheme,,,,
LOGIQ_S8,sec_0006,63,5.6-offset_applied,,,,
LOGIQ_S8,sec_0006,63,5.6-table_content,,,,
LOGIQ_S8,sec_0006,63,5.5-filters_discarding,,,,
LOGIQ_S8,sec_0006,63,5.5-filters_passing_noise,,,,
LOGIQ_S8,sec_0006,63,5.5-image_section_mapping,,,,
LOGIQ_S8,sec_0024,104,5.4-hierarchy_level,PASS,,'Section 3-6 Completing the Set Up' is a section-level heading (hierarchy_level 2) printed under Chapter 3. Siblings sec_0023 and sec_0025 are also level 2. On p104 the running footer shows folio 3 - 14 and names this section.,
LOGIQ_S8,sec_0024,104,5.4-parent_child,PASS,,"parent_section_id is sec_0018 (Chapter 3, p91-188), which contains p102-p106. child_sections is empty. The numbered sub-headings on p104 are headings inside the section, not separate sections.","The bookmark list itself is not in the batch, so I judged nesting from the sibling levels and headings."
LOGIQ_S8,sec_0024,104,5.4-page_start_end,PASS,,"The section starts on p102 with the heading 'Section 3-6 Completing the Set Up' (#/texts/1096), which is the first content after the running header. It ends on p106 after step 7 of 3-6-4-5 (TEE probe). Section 3-7 starts on p107, so no foreign content is absorbed.",
LOGIQ_S8,sec_0024,104,5.4-hierarchy_path,PASS,,"hierarchy_path is '/Chapter 3/Section 3-6 Completing the Set Up'. It lists Chapter 3 then the section title, in the right order and matching the printed headings.",
LOGIQ_S8,sec_0024,104,5.4-gaps_duplicates,PASS,,"The section appears once, with 108 nodes in one unbroken range of semantic_order, and no duplicate node ids. Every page from p102 to p106 has nodes. No other section overlaps.",
LOGIQ_S8,sec_0024,104,5.4-flagged_for_review,PASS,,"flagged_for_review is false, verification_score is 100 and confidence is 1.0. The heading is visible on declared p102, so there is no uncertainty to confirm.",
LOGIQ_S8,sec_0024,104,5.4-structural_source,PASS,,"structural_source is 'toc' (a real bookmark), not inferred. The bookmark title matches the heading printed on p102.",
LOGIQ_S8,sec_0024,104,5.6-numbering_scheme,PASS,,numbering_scheme is arabic. The section uses chapter-page folios (p104 shows 3 - 14) and numbered headings. The scheme is the same as the neighbouring sections.,"The printed folio is chapter-page style, but physical page and bookmark page agree, so no folio is lost."
LOGIQ_S8,sec_0024,104,5.6-offset_applied,PASS,,"offset_applied is 0, like sec_0023 and sec_0025. The heading is on physical p102 as declared, so physical page equals bookmark page. Folio 3 - 14 on p104 agrees with the order of pages.",
LOGIQ_S8,sec_0024,104,5.6-table_content,PASS,,"On p104, Table 3-11 (#/tables/62) has 4 rows: USB Port 5-2-3-2, HDMI Connector 5-2-4-1, Ethernet 5-2-4-2, AUDIO 5-2-4-3. Items, names, section numbers and descriptions match the render, including the 'R1/R2' and 'R3/R4' USB lines.","Table nodes are listed after the text nodes (semantic_order 1256), but ownership is correct."
LOGIQ_S8,sec_0024,104,5.5-filters_discarding,PASS,,"p104 has one figure, Figure 3-6 (rear I/O panel with callouts 1 to 4). img_0073 (294x281) is that photo and shows the callouts. No other diagram or icon is on the page.",
LOGIQ_S8,sec_0024,104,5.5-filters_passing_noise,PASS,,"I checked every image mapped to sec_0024 against its page. img_0073 (p104), img_0074 and img_0075 (p105) and img_0076 (p106) are photos only. The vector img_0077 (p106, 892x260) is the Figure 3-9 photo with its Release/Lock labels. On all four edges there is no heading, step text, caption, rule or footer.","The 'Figure 3-9' caption and steps 1.) and 2.) stay outside the crop, as they should."
LOGIQ_S8,sec_0024,104,5.5-image_section_mapping,PASS,,img_0073 is mapped to sec_0024. It sits under 3-6-3 and above 'Figure 3-6 External I/O Connectors'. Only this section is on p104.,
LOGIQ_S8,sec_0025,120,5.4-hierarchy_level,,,,
LOGIQ_S8,sec_0025,120,5.4-parent_child,,,,
LOGIQ_S8,sec_0025,120,5.4-page_start_end,,,,
LOGIQ_S8,sec_0025,120,5.4-hierarchy_path,,,,
LOGIQ_S8,sec_0025,120,5.4-gaps_duplicates,,,,
LOGIQ_S8,sec_0025,120,5.4-flagged_for_review,,,,
LOGIQ_S8,sec_0025,120,5.4-structural_source,,,,
LOGIQ_S8,sec_0025,120,5.6-numbering_scheme,,,,
LOGIQ_S8,sec_0025,120,5.6-offset_applied,,,,
LOGIQ_S8,sec_0025,120,5.5-filters_discarding,,,,
LOGIQ_S8,sec_0025,120,5.5-filters_passing_noise,,,,
LOGIQ_S8,sec_0025,120,5.5-image_section_mapping,,,,
LOGIQ_S8,sec_0029,157,5.4-hierarchy_level,,,,
LOGIQ_S8,sec_0029,157,5.4-parent_child,,,,
LOGIQ_S8,sec_0029,157,5.4-page_start_end,,,,
LOGIQ_S8,sec_0029,157,5.4-hierarchy_path,,,,
LOGIQ_S8,sec_0029,157,5.4-gaps_duplicates,,,,
LOGIQ_S8,sec_0029,157,5.4-flagged_for_review,,,,
LOGIQ_S8,sec_0029,157,5.4-structural_source,,,,
LOGIQ_S8,sec_0029,157,5.6-numbering_scheme,,,,
LOGIQ_S8,sec_0029,157,5.6-offset_applied,,,,
LOGIQ_S8,sec_0029,157,5.6-table_content,,,,
LOGIQ_S8,sec_0029,157,5.5-filters_discarding,,,,
LOGIQ_S8,sec_0029,157,5.5-filters_passing_noise,,,,
LOGIQ_S8,sec_0029,157,5.5-image_section_mapping,,,,
LOGIQ_S8,sec_0038,198,5.4-hierarchy_level,,,,
LOGIQ_S8,sec_0038,198,5.4-parent_child,,,,
LOGIQ_S8,sec_0038,198,5.4-page_start_end,,,,
LOGIQ_S8,sec_0038,198,5.4-hierarchy_path,,,,
LOGIQ_S8,sec_0038,198,5.4-gaps_duplicates,,,,
LOGIQ_S8,sec_0038,198,5.4-flagged_for_review,,,,
LOGIQ_S8,sec_0038,198,5.4-structural_source,,,,
LOGIQ_S8,sec_0038,198,5.6-numbering_scheme,,,,
LOGIQ_S8,sec_0038,198,5.6-offset_applied,,,,
LOGIQ_S8,sec_0038,198,5.6-table_content,,,,
LOGIQ_S8,sec_0038,198,5.5-filters_discarding,,,,
LOGIQ_S8,sec_0038,198,5.5-filters_passing_noise,,,,
LOGIQ_S8,sec_0038,198,5.5-image_section_mapping,,,,
LOGIQ_S8,sec_0039,207,5.4-hierarchy_level,PASS,,'Section 4-4 Functional Checks' is a section-level heading (hierarchy_level 2) printed under Chapter 4. Siblings sec_0038 and sec_0040 are also level 2. On p207 the running footer shows folio 4 - 19 and names this section.,
LOGIQ_S8,sec_0039,207,5.4-parent_child,PASS,,"parent_section_id is sec_0035 (Chapter 4, p189-238), which contains p206-p235. child_sections is empty. The numbered sub-headings on p207 are headings inside the section, not separate sections.","The bookmark list itself is not in the batch, so I judged nesting from the sibling levels and headings."
LOGIQ_S8,sec_0039,207,5.4-page_start_end,PASS,,"The section starts on p206 with the heading 'Section 4-4 Functional Checks' (#/texts/2576) and 4-4-1 Overview. It ends on p235 with 4-4-23 FibroScan module (steps 1 to 7 and Figures 4-35, 4-36). Section 4-5 starts on p236, so no foreign content is absorbed.",
LOGIQ_S8,sec_0039,207,5.4-hierarchy_path,PASS,,"hierarchy_path is '/Chapter 4/Section 4-4 Functional Checks'. It lists Chapter 4 then the section title, in the right order and matching the printed headings.",
LOGIQ_S8,sec_0039,207,5.4-gaps_duplicates,PASS,,"The section appears once, with 627 nodes in one unbroken range of semantic_order, and no duplicate node ids. Every page from p206 to p235 has nodes. No other section overlaps.",
LOGIQ_S8,sec_0039,207,5.4-flagged_for_review,PASS,,"flagged_for_review is false, verification_score is 100 and confidence is 1.0. The heading is visible on declared p206, so there is no uncertainty to confirm.",
LOGIQ_S8,sec_0039,207,5.4-structural_source,PASS,,"structural_source is 'toc' (a real bookmark), not inferred. The bookmark title matches the heading printed on p206.",
LOGIQ_S8,sec_0039,207,5.6-numbering_scheme,PASS,,numbering_scheme is arabic. The section uses chapter-page folios (p207 shows 4 - 19) and numbered headings. The scheme is the same as the neighbouring sections.,"The printed folio is chapter-page style, but physical page and bookmark page agree, so no folio is lost."
LOGIQ_S8,sec_0039,207,5.6-offset_applied,PASS,,"offset_applied is 0, like sec_0038 and sec_0040. The heading is on physical p206 as declared, so physical page equals bookmark page. Folio 4 - 19 on p207 agrees with the order of pages.",
LOGIQ_S8,sec_0039,207,5.6-table_content,PASS,,"p207 has no table. It has the heading 4-4-4-1, Figure 4-15 and a two-column key list (items 1 to 22). The list is kept as paragraph nodes #/texts/2664-2685 in the right order. No table node has page_no 207.","The section tables are on p206, p213, p225, p226, p229 and p230."
LOGIQ_S8,sec_0039,207,5.5-filters_discarding,PASS,,"p207 has Figure 4-15, the R1/R2/R3 control panel with callouts 1 to 22. img_0194 (472x347) shows the whole panel with all numbered callouts. Nothing is missing.",
LOGIQ_S8,sec_0039,207,5.5-filters_passing_noise,FAIL,Low,"Heading and body text are kept inside vector images of sec_0039. img_0198 (p210, 961x1343) has the heading '4-4-5-1 Recommended Test Phantoms (optional)', two paragraph lines cut at the right edge, the caption 'Figure 4-19 Performance tests' and part of the page footer cut at the bottom edge. img_0207 (p223, 859x411) has the heading '4-4-14-1 Operator panel Test' at the top edge. The p207 image img_0194 is clean.","Graded once for the whole section, on the first sampled page (p207). Probably the crop box is larger than the figure. The text is also in the section nodes, so nothing is lost. Impact: cosmetic. Contract: Low. The other vector images (img_0208 p224, img_0210 to img_0212 p229-p230, img_0215 and img_0219) are clean."
LOGIQ_S8,sec_0039,207,5.5-image_section_mapping,PASS,,"img_0194 is mapped to sec_0039, under 4-4-4-1 Control Panel Map and above the caption 'Figure 4-15'. Only sec_0039 is on p207.",
LOGIQ_S8,sec_0045,247,5.4-hierarchy_level,,,,
LOGIQ_S8,sec_0045,247,5.4-parent_child,,,,
LOGIQ_S8,sec_0045,247,5.4-page_start_end,,,,
LOGIQ_S8,sec_0045,247,5.4-hierarchy_path,,,,
LOGIQ_S8,sec_0045,247,5.4-gaps_duplicates,,,,
LOGIQ_S8,sec_0045,247,5.4-flagged_for_review,,,,
LOGIQ_S8,sec_0045,247,5.4-structural_source,,,,
LOGIQ_S8,sec_0045,247,5.6-numbering_scheme,,,,
LOGIQ_S8,sec_0045,247,5.6-offset_applied,,,,
LOGIQ_S8,sec_0045,247,5.6-table_content,,,,
LOGIQ_S8,sec_0045,247,5.5-filters_discarding,,,,
LOGIQ_S8,sec_0045,247,5.5-filters_passing_noise,,,,
LOGIQ_S8,sec_0045,247,5.5-image_section_mapping,,,,
LOGIQ_S8,sec_0046,249,5.4-hierarchy_level,,,,
LOGIQ_S8,sec_0046,249,5.4-parent_child,,,,
LOGIQ_S8,sec_0046,249,5.4-page_start_end,,,,
LOGIQ_S8,sec_0046,249,5.4-hierarchy_path,,,,
LOGIQ_S8,sec_0046,249,5.4-gaps_duplicates,,,,
LOGIQ_S8,sec_0046,249,5.4-flagged_for_review,,,,
LOGIQ_S8,sec_0046,249,5.4-structural_source,,,,
LOGIQ_S8,sec_0046,249,5.6-numbering_scheme,,,,
LOGIQ_S8,sec_0046,249,5.6-offset_applied,,,,
LOGIQ_S8,sec_0046,249,5.5-filters_discarding,,,,
LOGIQ_S8,sec_0046,249,5.5-filters_passing_noise,,,,
LOGIQ_S8,sec_0046,249,5.5-image_section_mapping,,,,
LOGIQ_S8,sec_0047,250,5.4-hierarchy_level,,,,
LOGIQ_S8,sec_0047,250,5.4-parent_child,,,,
LOGIQ_S8,sec_0047,250,5.4-page_start_end,,,,
LOGIQ_S8,sec_0047,250,5.4-hierarchy_path,,,,
LOGIQ_S8,sec_0047,250,5.4-gaps_duplicates,,,,
LOGIQ_S8,sec_0047,250,5.4-flagged_for_review,,,,
LOGIQ_S8,sec_0047,250,5.4-structural_source,,,,
LOGIQ_S8,sec_0047,250,5.6-numbering_scheme,,,,
LOGIQ_S8,sec_0047,250,5.6-offset_applied,,,,
LOGIQ_S8,sec_0047,250,5.5-filters_discarding,,,,
LOGIQ_S8,sec_0047,250,5.5-filters_passing_noise,,,,
LOGIQ_S8,sec_0047,250,5.5-image_section_mapping,,,,
LOGIQ_S8,sec_0050,258,5.4-hierarchy_level,,,,
LOGIQ_S8,sec_0050,258,5.4-parent_child,,,,
LOGIQ_S8,sec_0050,258,5.4-page_start_end,,,,
LOGIQ_S8,sec_0050,258,5.4-hierarchy_path,,,,
LOGIQ_S8,sec_0050,258,5.4-gaps_duplicates,,,,
LOGIQ_S8,sec_0050,258,5.4-flagged_for_review,,,,
LOGIQ_S8,sec_0050,258,5.4-structural_source,,,,
LOGIQ_S8,sec_0050,258,5.6-numbering_scheme,,,,
LOGIQ_S8,sec_0050,258,5.6-offset_applied,,,,
LOGIQ_S8,sec_0050,258,5.6-table_content,,,,
LOGIQ_S8,sec_0050,258,5.5-filters_discarding,,,,
LOGIQ_S8,sec_0050,258,5.5-filters_passing_noise,,,,
LOGIQ_S8,sec_0050,258,5.5-image_section_mapping,,,,
LOGIQ_S8,sec_0064,324,5.4-hierarchy_level,,,,
LOGIQ_S8,sec_0064,324,5.4-parent_child,,,,
LOGIQ_S8,sec_0064,324,5.4-page_start_end,,,,
LOGIQ_S8,sec_0064,324,5.4-hierarchy_path,,,,
LOGIQ_S8,sec_0064,324,5.4-gaps_duplicates,,,,
LOGIQ_S8,sec_0064,324,5.4-flagged_for_review,,,,
LOGIQ_S8,sec_0064,324,5.4-structural_source,,,,
LOGIQ_S8,sec_0064,324,5.6-numbering_scheme,,,,
LOGIQ_S8,sec_0064,324,5.6-offset_applied,,,,
LOGIQ_S8,sec_0064,324,5.6-table_content,,,,
LOGIQ_S8,sec_0064,324,5.5-filters_discarding,,,,
LOGIQ_S8,sec_0064,324,5.5-filters_passing_noise,,,,
LOGIQ_S8,sec_0064,324,5.5-image_section_mapping,,,,
LOGIQ_S8,sec_0065,331,5.4-hierarchy_level,,,,
LOGIQ_S8,sec_0065,331,5.4-parent_child,,,,
LOGIQ_S8,sec_0065,331,5.4-page_start_end,,,,
LOGIQ_S8,sec_0065,331,5.4-hierarchy_path,,,,
LOGIQ_S8,sec_0065,331,5.4-gaps_duplicates,,,,
LOGIQ_S8,sec_0065,331,5.4-flagged_for_review,,,,
LOGIQ_S8,sec_0065,331,5.4-structural_source,,,,
LOGIQ_S8,sec_0065,331,5.6-numbering_scheme,,,,
LOGIQ_S8,sec_0065,331,5.6-offset_applied,,,,
LOGIQ_S8,sec_0065,331,5.6-table_content,,,,
LOGIQ_S8,sec_0065,331,5.5-filters_discarding,,,,
LOGIQ_S8,sec_0065,331,5.5-filters_passing_noise,,,,
LOGIQ_S8,sec_0065,331,5.5-image_section_mapping,,,,
LOGIQ_S8,sec_0066,360,5.4-hierarchy_level,PASS,,"'Section 7-7 Troubleshooting Trees, Instructions and Tech Tips' is a section-level heading (hierarchy_level 2) printed under Chapter 7. Siblings sec_0065 and sec_0067 are also level 2. On p360 the running footer shows folio 7 - 78 and names this section.",
LOGIQ_S8,sec_0066,360,5.4-parent_child,PASS,,"parent_section_id is sec_0059 (Chapter 7, p283-376), which contains p350-p372. child_sections is empty. The numbered sub-headings on p360 are headings inside the section, not separate sections.","The bookmark list itself is not in the batch, so I judged nesting from the sibling levels and headings."
LOGIQ_S8,sec_0066,360,5.4-page_start_end,PASS,,"The section ends on p372 with the Group Rights table (#/tables/138) and 7-8 starts on p373. On p360 the heading '7-7-15 PC Printer Installation' (#/texts/4840), Figure 7-67 and steps 1 and 2 all belong to 7-7 and sit between its bookmarks p350-p372.","The start-of-section boilerplate issue (p350 header lines and 'Section 7-7') is recorded once on the p355 row, not counted twice."
LOGIQ_S8,sec_0066,360,5.4-hierarchy_path,PASS,,"hierarchy_path is '/Chapter 7/Section 7-7 Troubleshooting Trees, Instructions and Tech Tips'. It lists Chapter 7 then the section title, in the right order and matching the printed headings.",
LOGIQ_S8,sec_0066,360,5.4-gaps_duplicates,PASS,,"The section appears once, with 352 nodes in one unbroken range of semantic_order, and no duplicate node ids. Every page from p350 to p372 has nodes. No other section overlaps.",
LOGIQ_S8,sec_0066,360,5.4-flagged_for_review,PASS,,"flagged_for_review is false, verification_score is 100 and confidence is 1.0. The heading is visible on declared p350, so there is no uncertainty to confirm.",
LOGIQ_S8,sec_0066,360,5.4-structural_source,PASS,,"structural_source is 'toc' (a real bookmark), not inferred. The bookmark title matches the heading printed on p350.",
LOGIQ_S8,sec_0066,360,5.6-numbering_scheme,PASS,,numbering_scheme is arabic. The section uses chapter-page folios (p360 shows 7 - 78) and numbered headings. The scheme is the same as the neighbouring sections.,"The printed folio is chapter-page style, but physical page and bookmark page agree, so no folio is lost."
LOGIQ_S8,sec_0066,360,5.6-offset_applied,PASS,,"offset_applied is 0, like sec_0065 and sec_0067. The heading is on physical p350 as declared, so physical page equals bookmark page. Folio 7 - 78 on p360 agrees with the order of pages.",
LOGIQ_S8,sec_0066,360,5.6-table_content,PASS,,"p360 has no table. It shows Figure 7-67 and two numbered steps, all as paragraph nodes. No table node has page_no 360.","Section tables are on p350, p357, p358, p361, p364 and later pages."
LOGIQ_S8,sec_0066,360,5.5-filters_discarding,PASS,,p360 has one picture: Figure 7-67 (HP 'installation is not complete' screen). img_0340 (640x480) shows the whole screen photo. Nothing is missing.,
LOGIQ_S8,sec_0066,360,5.5-filters_passing_noise,PASS,,"The only image on p360 is img_0340, the HP 'installation is not complete' screenshot. The HP logo is part of the screenshot. The five vector flowcharts of sec_0066 on p351 to p356 are clean on all four edges, so no page text is kept as an image.",
LOGIQ_S8,sec_0066,360,5.5-image_section_mapping,PASS,,img_0340 is mapped to sec_0066 under 7-7-15 PC Printer Installation. It matches Figure 7-67 above the two steps. Only sec_0066 is on p360.,
LOGIQ_S8,sec_0074,418,5.4-hierarchy_level,PASS,,'Section 8-6 System Software - Installation/Upgrade Procedure' is a section-level heading (hierarchy_level 2) printed under Chapter 8. Siblings sec_0073 and sec_0075 are also level 2. On p418 the running footer shows folio 8 - 42 and names this section.,
LOGIQ_S8,sec_0074,418,5.4-parent_child,PASS,,"parent_section_id is sec_0068 (Chapter 8, p377-766), which contains p387-p463. child_sections is empty. The numbered sub-headings on p418 are headings inside the section, not separate sections.","The bookmark list itself is not in the batch, so I judged nesting from the sibling levels and headings."
LOGIQ_S8,sec_0074,418,5.4-page_start_end,PASS,,"The section starts on p387 with the heading 'Section 8-6 System Software - Installation/Upgrade Procedure' (#/texts/5159) and 8-6-1 Introduction. It ends on p463 with 8-6-12-13 Power Shut Down and its table (#/tables/193). Section 8-7 starts on p464, so no foreign content is absorbed.",
LOGIQ_S8,sec_0074,418,5.4-hierarchy_path,PASS,,"hierarchy_path is '/Chapter 8/Section 8-6 System Software - Installation/Upgrade Procedure'. It lists Chapter 8 then the section title, in the right order and matching the printed headings.",
LOGIQ_S8,sec_0074,418,5.4-gaps_duplicates,PASS,,"The section appears once, with 878 nodes in one unbroken range of semantic_order, and no duplicate node ids. Every page from p387 to p463 has nodes. On p418 the 10-step table is present once (#/tables/179) and not repeated.","I could not see p419 in this batch. On p419 there is a '13.' node but no '11.' or '12.' nodes, so the step numbers there were probably lost. The step texts are present. Not graded as a defect because the p419 render is not available."
LOGIQ_S8,sec_0074,418,5.4-flagged_for_review,PASS,,"flagged_for_review is false, verification_score is 100 and confidence is 1.0. The heading is visible on declared p387, so there is no uncertainty to confirm.",
LOGIQ_S8,sec_0074,418,5.4-structural_source,PASS,,"structural_source is 'toc' (a real bookmark), not inferred. The bookmark title matches the heading printed on p387.",
LOGIQ_S8,sec_0074,418,5.6-numbering_scheme,PASS,,numbering_scheme is arabic. The section uses chapter-page folios (p418 shows 8 - 42) and numbered headings. The scheme is the same as the neighbouring sections.,"The printed folio is chapter-page style, but physical page and bookmark page agree, so no folio is lost."
LOGIQ_S8,sec_0074,418,5.6-offset_applied,PASS,,"offset_applied is 0, like sec_0073 and sec_0075. The heading is on physical p387 as declared, so physical page equals bookmark page. Folio 8 - 42 on p418 agrees with the order of pages.",
LOGIQ_S8,sec_0074,418,5.6-table_content,PASS,,"On p418, #/tables/179 holds all 10 steps. I read the full canonical_text. Step 7 is 'Select ""Load the bootable C: and repository Z: partition only""', step 8 has the R3.x.x notes and 'WARNING!: DO NOT interrupt the software loading', step 9 is 'Approx. 50 minutes later', step 10 is 'type ""exit""'. This matches the render.","Steps 7 to 10 are present in the table text. The third column is empty in the table text because it holds screenshots (img_0402-img_0405). The table node is listed at semantic_order 6162, after the text nodes, but it belongs to 8-6-8-2."
LOGIQ_S8,sec_0074,418,5.5-filters_discarding,PASS,,"The table on p418 has four screenshots, in rows 6, 7, 8 and 10. img_0402, img_0403, img_0404 and img_0405 (all 591 px wide, 304, 232, 83 and 135 px high) match them in order. Nothing is missing.",
LOGIQ_S8,sec_0074,418,5.5-filters_passing_noise,PASS,,"The four images on p418, img_0402 to img_0405, are the four screenshots in rows 6, 7, 8 and 10 of the table. No table border, step text, logo or rule is inside them.","The step line kept in the vector images on p452 and p456 is graded once, on the p390 row."
LOGIQ_S8,sec_0074,418,5.5-image_section_mapping,PASS,,"img_0402-img_0405 are mapped to sec_0074. They belong to the 8-6-8-2 table on p418, and the section owns this page. No other section is on p418.",
LOGIQ_S8,sec_0074,428,5.4-hierarchy_level,PASS,,'Section 8-6 System Software - Installation/Upgrade Procedure' is a section-level heading (hierarchy_level 2) printed under Chapter 8. Siblings sec_0073 and sec_0075 are also level 2. On p428 the running footer shows folio 8 - 52 and names this section.,
LOGIQ_S8,sec_0074,428,5.4-parent_child,PASS,,"parent_section_id is sec_0068 (Chapter 8, p377-766), which contains p387-p463. child_sections is empty. The numbered sub-headings on p428 are headings inside the section, not separate sections.","The bookmark list itself is not in the batch, so I judged nesting from the sibling levels and headings."
LOGIQ_S8,sec_0074,428,5.4-page_start_end,PASS,,"The section starts on p387 with the heading 'Section 8-6 System Software - Installation/Upgrade Procedure' (#/texts/5159) and 8-6-1 Introduction. It ends on p463 with 8-6-12-13 Power Shut Down and its table (#/tables/193). Section 8-7 starts on p464, so no foreign content is absorbed.",
LOGIQ_S8,sec_0074,428,5.4-hierarchy_path,PASS,,"hierarchy_path is '/Chapter 8/Section 8-6 System Software - Installation/Upgrade Procedure'. It lists Chapter 8 then the section title, in the right order and matching the printed headings.",
LOGIQ_S8,sec_0074,428,5.4-gaps_duplicates,PASS,,"The section appears once, with 878 nodes in one unbroken range of semantic_order, and no duplicate node ids. Every page from p387 to p463 has nodes. No other section overlaps.",
LOGIQ_S8,sec_0074,428,5.4-flagged_for_review,PASS,,"flagged_for_review is false, verification_score is 100 and confidence is 1.0. The heading is visible on declared p387, so there is no uncertainty to confirm.",
LOGIQ_S8,sec_0074,428,5.4-structural_source,PASS,,"structural_source is 'toc' (a real bookmark), not inferred. The bookmark title matches the heading printed on p387.",
LOGIQ_S8,sec_0074,428,5.6-numbering_scheme,PASS,,numbering_scheme is arabic. The section uses chapter-page folios (p428 shows 8 - 52) and numbered headings. The scheme is the same as the neighbouring sections.,"The printed folio is chapter-page style, but physical page and bookmark page agree, so no folio is lost."
LOGIQ_S8,sec_0074,428,5.6-offset_applied,PASS,,"offset_applied is 0, like sec_0073 and sec_0075. The heading is on physical p387 as declared, so physical page equals bookmark page. Folio 8 - 52 on p428 agrees with the order of pages.",
LOGIQ_S8,sec_0074,428,5.6-table_content,PASS,,p428 has no table. It has two screenshots and steps 7 to 10 as paragraph nodes (#/texts/5748-5751). No table node has page_no 428.,Nothing to compare on this page.
LOGIQ_S8,sec_0074,428,5.5-filters_discarding,PASS,,"p428 has two screenshots: the LOGIQ boot screen with a green progress bar, and the blue 'System Imaging Complete' screen. img_0429 (352x211) and img_0430 (404x224) match them. Nothing is missing.",
LOGIQ_S8,sec_0074,428,5.5-filters_passing_noise,PASS,,"The two images on p428, img_0429 and img_0430, are the boot screen and the 'System Imaging Complete' screen. No heading, step text, logo or rule is inside them.","The step line kept in the vector images on p452 and p456 is graded once, on the p390 row."
LOGIQ_S8,sec_0074,428,5.5-image_section_mapping,PASS,,img_0429 and img_0430 are mapped to sec_0074. They match the images between steps 6 and 9. Only sec_0074 is on p428.,
LOGIQ_S8,sec_0074,438,5.4-hierarchy_level,PASS,,'Section 8-6 System Software - Installation/Upgrade Procedure' is a section-level heading (hierarchy_level 2) printed under Chapter 8. Siblings sec_0073 and sec_0075 are also level 2. On p438 the running footer shows folio 8 - 62 and names this section.,
LOGIQ_S8,sec_0074,438,5.4-parent_child,PASS,,"parent_section_id is sec_0068 (Chapter 8, p377-766), which contains p387-p463. child_sections is empty. The numbered sub-headings on p438 are headings inside the section, not separate sections.","The bookmark list itself is not in the batch, so I judged nesting from the sibling levels and headings."
LOGIQ_S8,sec_0074,438,5.4-page_start_end,PASS,,"The section starts on p387 with the heading 'Section 8-6 System Software - Installation/Upgrade Procedure' (#/texts/5159) and 8-6-1 Introduction. It ends on p463 with 8-6-12-13 Power Shut Down and its table (#/tables/193). Section 8-7 starts on p464, so no foreign content is absorbed.",
LOGIQ_S8,sec_0074,438,5.4-hierarchy_path,PASS,,"hierarchy_path is '/Chapter 8/Section 8-6 System Software - Installation/Upgrade Procedure'. It lists Chapter 8 then the section title, in the right order and matching the printed headings.",
LOGIQ_S8,sec_0074,438,5.4-gaps_duplicates,PASS,,"The section appears once, with 878 nodes in one unbroken range of semantic_order, and no duplicate node ids. Every page from p387 to p463 has nodes. No other section overlaps.",
LOGIQ_S8,sec_0074,438,5.4-flagged_for_review,PASS,,"flagged_for_review is false, verification_score is 100 and confidence is 1.0. The heading is visible on declared p387, so there is no uncertainty to confirm.",
LOGIQ_S8,sec_0074,438,5.4-structural_source,PASS,,"structural_source is 'toc' (a real bookmark), not inferred. The bookmark title matches the heading printed on p387.",
LOGIQ_S8,sec_0074,438,5.6-numbering_scheme,PASS,,numbering_scheme is arabic. The section uses chapter-page folios (p438 shows 8 - 62) and numbered headings. The scheme is the same as the neighbouring sections.,"The printed folio is chapter-page style, but physical page and bookmark page agree, so no folio is lost."
LOGIQ_S8,sec_0074,438,5.6-offset_applied,PASS,,"offset_applied is 0, like sec_0073 and sec_0075. The heading is on physical p387 as declared, so physical page equals bookmark page. Folio 8 - 62 on p438 agrees with the order of pages.",
LOGIQ_S8,sec_0074,438,5.6-table_content,PASS,,p438 has no table. It has 8-6-9-6 steps 1 to 10 as paragraph nodes (#/texts/5864-5874) and two screenshots. No table node has page_no 438.,Nothing to compare on this page.
LOGIQ_S8,sec_0074,438,5.5-filters_discarding,PASS,,"p438 has two screenshots: the 'Adjust ClearType text' menu with a red oval, and the ClearType Text Tuner window. img_0453 (163x114) and img_0454 (331x271) match them. Nothing is missing.",
LOGIQ_S8,sec_0074,438,5.5-filters_passing_noise,PASS,,"The two images on p438, img_0453 and img_0454, are the ClearType menu and the ClearType Text Tuner window. No heading, step text, logo or rule is inside them.","The step line kept in the vector images on p452 and p456 is graded once, on the p390 row."
LOGIQ_S8,sec_0074,438,5.5-image_section_mapping,PASS,,"img_0453 and img_0454 are mapped to sec_0074, under 8-6-9-6 steps 7 and 9. Only sec_0074 is on p438.",
LOGIQ_S8,sec_0074,462,5.4-hierarchy_level,PASS,,'Section 8-6 System Software - Installation/Upgrade Procedure' is a section-level heading (hierarchy_level 2) printed under Chapter 8. Siblings sec_0073 and sec_0075 are also level 2. On p462 the running footer shows folio 8 - 86 and names this section.,
LOGIQ_S8,sec_0074,462,5.4-parent_child,PASS,,"parent_section_id is sec_0068 (Chapter 8, p377-766), which contains p387-p463. child_sections is empty. The numbered sub-headings on p462 are headings inside the section, not separate sections.","The bookmark list itself is not in the batch, so I judged nesting from the sibling levels and headings."
LOGIQ_S8,sec_0074,462,5.4-page_start_end,PASS,,"The section starts on p387 with the heading 'Section 8-6 System Software - Installation/Upgrade Procedure' (#/texts/5159) and 8-6-1 Introduction. It ends on p463 with 8-6-12-13 Power Shut Down and its table (#/tables/193). Section 8-7 starts on p464, so no foreign content is absorbed.",
LOGIQ_S8,sec_0074,462,5.4-hierarchy_path,PASS,,"hierarchy_path is '/Chapter 8/Section 8-6 System Software - Installation/Upgrade Procedure'. It lists Chapter 8 then the section title, in the right order and matching the printed headings.",
LOGIQ_S8,sec_0074,462,5.4-gaps_duplicates,PASS,,"The section appears once, with 878 nodes in one unbroken range of semantic_order, and no duplicate node ids. Every page from p387 to p463 has nodes. No other section overlaps.",
LOGIQ_S8,sec_0074,462,5.4-flagged_for_review,PASS,,"flagged_for_review is false, verification_score is 100 and confidence is 1.0. The heading is visible on declared p387, so there is no uncertainty to confirm.",
LOGIQ_S8,sec_0074,462,5.4-structural_source,PASS,,"structural_source is 'toc' (a real bookmark), not inferred. The bookmark title matches the heading printed on p387.",
LOGIQ_S8,sec_0074,462,5.6-numbering_scheme,PASS,,numbering_scheme is arabic. The section uses chapter-page folios (p462 shows 8 - 86) and numbered headings. The scheme is the same as the neighbouring sections.,"The printed folio is chapter-page style, but physical page and bookmark page agree, so no folio is lost."
LOGIQ_S8,sec_0074,462,5.6-offset_applied,PASS,,"offset_applied is 0, like sec_0073 and sec_0075. The heading is on physical p387 as declared, so physical page equals bookmark page. Folio 8 - 86 on p462 agrees with the order of pages.",
LOGIQ_S8,sec_0074,462,5.6-table_content,PASS,,"On p462, #/tables/192 has the header 'Steps | Expected Outcomes | Results (Pass/Fail/NA) | Comments' and one row. The steps cell keeps all bullets in order, from 'Make sure that Volume Navigation is assigned to the BT key' to 'verify that the environmental indicator ... is responding'. Expected outcome and 'Pass / Fail / NA' match the render.","The real table has one big row, so the single row is correct. The photos inside the cell are separate images."
LOGIQ_S8,sec_0074,462,5.5-filters_discarding,FAIL,Low,"p462 has five pictures in the table: BT Key screen, receiver cable photo, transmitter photo, 'all cables connected' photo, and a small screenshot of the green environmental indicator (with GE logo) in the Expected Outcomes cell. images.json lists only four for p462: img_0498-img_0501. The indicator screenshot is missing.","The cell text says 'The environmental indicator on the screen is responding', so the meaning is in the text. The missing picture is small (about 170x50 pt). Probably dropped by a small-image filter. Low, because it is a small image whose meaning is stated in the text. I am not fully sure it is small enough to count as an icon."
LOGIQ_S8,sec_0074,462,5.5-filters_passing_noise,PASS,,"The four extracted images on p462 are the BT Key screen (img_0501), the receiver cable photo (img_0498), the transmitter photo (img_0499) and the cables-connected photo (img_0500). No logo, rule or step text is inside them.","The step line kept in the vector images on p452 and p456 is graded once, on the p390 row."
LOGIQ_S8,sec_0074,462,5.5-image_section_mapping,PASS,,"img_0498-img_0501 are mapped to sec_0074, under 8-6-12-12 Volume Navigation. They match the pictures in the steps cell. Only sec_0074 is on p462.","The indicator screenshot is not extracted; that is graded once, in the discarding row."
LOGIQ_S8,sec_0084,513,5.4-hierarchy_level,,,,
LOGIQ_S8,sec_0084,513,5.4-parent_child,,,,
LOGIQ_S8,sec_0084,513,5.4-page_start_end,,,,
LOGIQ_S8,sec_0084,513,5.4-hierarchy_path,,,,
LOGIQ_S8,sec_0084,513,5.4-gaps_duplicates,,,,
LOGIQ_S8,sec_0084,513,5.4-flagged_for_review,,,,
LOGIQ_S8,sec_0084,513,5.4-structural_source,,,,
LOGIQ_S8,sec_0084,513,5.6-numbering_scheme,,,,
LOGIQ_S8,sec_0084,513,5.6-offset_applied,,,,
LOGIQ_S8,sec_0084,513,5.6-table_content,,,,
LOGIQ_S8,sec_0084,513,5.5-filters_discarding,,,,
LOGIQ_S8,sec_0084,513,5.5-filters_passing_noise,,,,
LOGIQ_S8,sec_0084,513,5.5-image_section_mapping,,,,
LOGIQ_S8,sec_0085,549,5.4-hierarchy_level,,,,
LOGIQ_S8,sec_0085,549,5.4-parent_child,,,,
LOGIQ_S8,sec_0085,549,5.4-page_start_end,,,,
LOGIQ_S8,sec_0085,549,5.4-hierarchy_path,,,,
LOGIQ_S8,sec_0085,549,5.4-gaps_duplicates,,,,
LOGIQ_S8,sec_0085,549,5.4-flagged_for_review,,,,
LOGIQ_S8,sec_0085,549,5.4-structural_source,,,,
LOGIQ_S8,sec_0085,549,5.6-numbering_scheme,,,,
LOGIQ_S8,sec_0085,549,5.6-offset_applied,,,,
LOGIQ_S8,sec_0085,549,5.6-table_content,,,,
LOGIQ_S8,sec_0085,549,5.5-filters_discarding,,,,
LOGIQ_S8,sec_0085,549,5.5-filters_passing_noise,,,,
LOGIQ_S8,sec_0085,549,5.5-image_section_mapping,,,,
LOGIQ_S8,sec_0085,550,5.4-hierarchy_level,,,,
LOGIQ_S8,sec_0085,550,5.4-parent_child,,,,
LOGIQ_S8,sec_0085,550,5.4-page_start_end,,,,
LOGIQ_S8,sec_0085,550,5.4-hierarchy_path,,,,
LOGIQ_S8,sec_0085,550,5.4-gaps_duplicates,,,,
LOGIQ_S8,sec_0085,550,5.4-flagged_for_review,,,,
LOGIQ_S8,sec_0085,550,5.4-structural_source,,,,
LOGIQ_S8,sec_0085,550,5.6-numbering_scheme,,,,
LOGIQ_S8,sec_0085,550,5.6-offset_applied,,,,
LOGIQ_S8,sec_0085,550,5.6-table_content,,,,
LOGIQ_S8,sec_0085,550,5.5-filters_discarding,,,,
LOGIQ_S8,sec_0085,550,5.5-filters_passing_noise,,,,
LOGIQ_S8,sec_0085,550,5.5-image_section_mapping,,,,
LOGIQ_S8,sec_0086,555,5.4-hierarchy_level,,,,
LOGIQ_S8,sec_0086,555,5.4-parent_child,,,,
LOGIQ_S8,sec_0086,555,5.4-page_start_end,,,,
LOGIQ_S8,sec_0086,555,5.4-hierarchy_path,,,,
LOGIQ_S8,sec_0086,555,5.4-gaps_duplicates,,,,
LOGIQ_S8,sec_0086,555,5.4-flagged_for_review,,,,
LOGIQ_S8,sec_0086,555,5.4-structural_source,,,,
LOGIQ_S8,sec_0086,555,5.6-numbering_scheme,,,,
LOGIQ_S8,sec_0086,555,5.6-offset_applied,,,,
LOGIQ_S8,sec_0086,555,5.6-table_content,,,,
LOGIQ_S8,sec_0086,555,5.5-filters_discarding,,,,
LOGIQ_S8,sec_0086,555,5.5-filters_passing_noise,,,,
LOGIQ_S8,sec_0086,555,5.5-image_section_mapping,,,,
LOGIQ_S8,sec_0086,563,5.4-hierarchy_level,,,,
LOGIQ_S8,sec_0086,563,5.4-parent_child,,,,
LOGIQ_S8,sec_0086,563,5.4-page_start_end,,,,
LOGIQ_S8,sec_0086,563,5.4-hierarchy_path,,,,
LOGIQ_S8,sec_0086,563,5.4-gaps_duplicates,,,,
LOGIQ_S8,sec_0086,563,5.4-flagged_for_review,,,,
LOGIQ_S8,sec_0086,563,5.4-structural_source,,,,
LOGIQ_S8,sec_0086,563,5.6-numbering_scheme,,,,
LOGIQ_S8,sec_0086,563,5.6-offset_applied,,,,
LOGIQ_S8,sec_0086,563,5.6-table_content,,,,
LOGIQ_S8,sec_0086,563,5.5-filters_discarding,,,,
LOGIQ_S8,sec_0086,563,5.5-filters_passing_noise,,,,
LOGIQ_S8,sec_0086,563,5.5-image_section_mapping,,,,
LOGIQ_S8,sec_0086,566,5.4-hierarchy_level,,,,
LOGIQ_S8,sec_0086,566,5.4-parent_child,,,,
LOGIQ_S8,sec_0086,566,5.4-page_start_end,,,,
LOGIQ_S8,sec_0086,566,5.4-hierarchy_path,,,,
LOGIQ_S8,sec_0086,566,5.4-gaps_duplicates,,,,
LOGIQ_S8,sec_0086,566,5.4-flagged_for_review,,,,
LOGIQ_S8,sec_0086,566,5.4-structural_source,,,,
LOGIQ_S8,sec_0086,566,5.6-numbering_scheme,,,,
LOGIQ_S8,sec_0086,566,5.6-offset_applied,,,,
LOGIQ_S8,sec_0086,566,5.6-table_content,,,,
LOGIQ_S8,sec_0086,566,5.5-filters_discarding,,,,
LOGIQ_S8,sec_0086,566,5.5-filters_passing_noise,,,,
LOGIQ_S8,sec_0086,566,5.5-image_section_mapping,,,,
LOGIQ_S8,sec_0086,568,5.4-hierarchy_level,,,,
LOGIQ_S8,sec_0086,568,5.4-parent_child,,,,
LOGIQ_S8,sec_0086,568,5.4-page_start_end,,,,
LOGIQ_S8,sec_0086,568,5.4-hierarchy_path,,,,
LOGIQ_S8,sec_0086,568,5.4-gaps_duplicates,,,,
LOGIQ_S8,sec_0086,568,5.4-flagged_for_review,,,,
LOGIQ_S8,sec_0086,568,5.4-structural_source,,,,
LOGIQ_S8,sec_0086,568,5.6-numbering_scheme,,,,
LOGIQ_S8,sec_0086,568,5.6-offset_applied,,,,
LOGIQ_S8,sec_0086,568,5.6-table_content,,,,
LOGIQ_S8,sec_0086,568,5.5-filters_discarding,,,,
LOGIQ_S8,sec_0086,568,5.5-filters_passing_noise,,,,
LOGIQ_S8,sec_0086,568,5.5-image_section_mapping,,,,
LOGIQ_S8,sec_0095,627,5.4-hierarchy_level,,,,
LOGIQ_S8,sec_0095,627,5.4-parent_child,,,,
LOGIQ_S8,sec_0095,627,5.4-page_start_end,,,,
LOGIQ_S8,sec_0095,627,5.4-hierarchy_path,,,,
LOGIQ_S8,sec_0095,627,5.4-gaps_duplicates,,,,
LOGIQ_S8,sec_0095,627,5.4-flagged_for_review,,,,
LOGIQ_S8,sec_0095,627,5.4-structural_source,,,,
LOGIQ_S8,sec_0095,627,5.6-numbering_scheme,,,,
LOGIQ_S8,sec_0095,627,5.6-offset_applied,,,,
LOGIQ_S8,sec_0095,627,5.6-table_content,,,,
LOGIQ_S8,sec_0095,627,5.5-filters_discarding,,,,
LOGIQ_S8,sec_0095,627,5.5-filters_passing_noise,,,,
LOGIQ_S8,sec_0095,627,5.5-image_section_mapping,,,,
LOGIQ_S8,sec_0105,695,5.4-hierarchy_level,,,,
LOGIQ_S8,sec_0105,695,5.4-parent_child,,,,
LOGIQ_S8,sec_0105,695,5.4-page_start_end,,,,
LOGIQ_S8,sec_0105,695,5.4-hierarchy_path,,,,
LOGIQ_S8,sec_0105,695,5.4-gaps_duplicates,,,,
LOGIQ_S8,sec_0105,695,5.4-flagged_for_review,,,,
LOGIQ_S8,sec_0105,695,5.4-structural_source,,,,
LOGIQ_S8,sec_0105,695,5.6-numbering_scheme,,,,
LOGIQ_S8,sec_0105,695,5.6-offset_applied,,,,
LOGIQ_S8,sec_0105,695,5.6-table_content,,,,
LOGIQ_S8,sec_0105,695,5.5-filters_discarding,,,,
LOGIQ_S8,sec_0105,695,5.5-filters_passing_noise,,,,
LOGIQ_S8,sec_0105,695,5.5-image_section_mapping,,,,
LOGIQ_S8,sec_0108,707,5.4-hierarchy_level,,,,
LOGIQ_S8,sec_0108,707,5.4-parent_child,,,,
LOGIQ_S8,sec_0108,707,5.4-page_start_end,,,,
LOGIQ_S8,sec_0108,707,5.4-hierarchy_path,,,,
LOGIQ_S8,sec_0108,707,5.4-gaps_duplicates,,,,
LOGIQ_S8,sec_0108,707,5.4-flagged_for_review,,,,
LOGIQ_S8,sec_0108,707,5.4-structural_source,,,,
LOGIQ_S8,sec_0108,707,5.6-numbering_scheme,,,,
LOGIQ_S8,sec_0108,707,5.6-offset_applied,,,,
LOGIQ_S8,sec_0108,707,5.6-table_content,,,,
LOGIQ_S8,sec_0108,707,5.5-filters_discarding,,,,
LOGIQ_S8,sec_0108,707,5.5-filters_passing_noise,,,,
LOGIQ_S8,sec_0108,707,5.5-image_section_mapping,,,,
LOGIQ_S8,sec_0109,721,5.4-hierarchy_level,,,,
LOGIQ_S8,sec_0109,721,5.4-parent_child,,,,
LOGIQ_S8,sec_0109,721,5.4-page_start_end,,,,
LOGIQ_S8,sec_0109,721,5.4-hierarchy_path,,,,
LOGIQ_S8,sec_0109,721,5.4-gaps_duplicates,,,,
LOGIQ_S8,sec_0109,721,5.4-flagged_for_review,,,,
LOGIQ_S8,sec_0109,721,5.4-structural_source,,,,
LOGIQ_S8,sec_0109,721,5.6-numbering_scheme,,,,
LOGIQ_S8,sec_0109,721,5.6-offset_applied,,,,
LOGIQ_S8,sec_0109,721,5.6-table_content,,,,
LOGIQ_S8,sec_0109,721,5.5-filters_discarding,,,,
LOGIQ_S8,sec_0109,721,5.5-filters_passing_noise,,,,
LOGIQ_S8,sec_0109,721,5.5-image_section_mapping,,,,
LOGIQ_S8,sec_0109,724,5.4-hierarchy_level,,,,
LOGIQ_S8,sec_0109,724,5.4-parent_child,,,,
LOGIQ_S8,sec_0109,724,5.4-page_start_end,,,,
LOGIQ_S8,sec_0109,724,5.4-hierarchy_path,,,,
LOGIQ_S8,sec_0109,724,5.4-gaps_duplicates,,,,
LOGIQ_S8,sec_0109,724,5.4-flagged_for_review,,,,
LOGIQ_S8,sec_0109,724,5.4-structural_source,,,,
LOGIQ_S8,sec_0109,724,5.6-numbering_scheme,,,,
LOGIQ_S8,sec_0109,724,5.6-offset_applied,,,,
LOGIQ_S8,sec_0109,724,5.6-table_content,,,,
LOGIQ_S8,sec_0109,724,5.5-filters_discarding,,,,
LOGIQ_S8,sec_0109,724,5.5-filters_passing_noise,,,,
LOGIQ_S8,sec_0109,724,5.5-image_section_mapping,,,,
LOGIQ_S8,sec_0110,735,5.4-hierarchy_level,,,,
LOGIQ_S8,sec_0110,735,5.4-parent_child,,,,
LOGIQ_S8,sec_0110,735,5.4-page_start_end,,,,
LOGIQ_S8,sec_0110,735,5.4-hierarchy_path,,,,
LOGIQ_S8,sec_0110,735,5.4-gaps_duplicates,,,,
LOGIQ_S8,sec_0110,735,5.4-flagged_for_review,,,,
LOGIQ_S8,sec_0110,735,5.4-structural_source,,,,
LOGIQ_S8,sec_0110,735,5.6-numbering_scheme,,,,
LOGIQ_S8,sec_0110,735,5.6-offset_applied,,,,
LOGIQ_S8,sec_0110,735,5.6-table_content,,,,
LOGIQ_S8,sec_0110,735,5.5-filters_discarding,,,,
LOGIQ_S8,sec_0110,735,5.5-filters_passing_noise,,,,
LOGIQ_S8,sec_0110,735,5.5-image_section_mapping,,,,
LOGIQ_S8,sec_0111,756,5.4-hierarchy_level,,,,
LOGIQ_S8,sec_0111,756,5.4-parent_child,,,,
LOGIQ_S8,sec_0111,756,5.4-page_start_end,,,,
LOGIQ_S8,sec_0111,756,5.4-hierarchy_path,,,,
LOGIQ_S8,sec_0111,756,5.4-gaps_duplicates,,,,
LOGIQ_S8,sec_0111,756,5.4-flagged_for_review,,,,
LOGIQ_S8,sec_0111,756,5.4-structural_source,,,,
LOGIQ_S8,sec_0111,756,5.6-numbering_scheme,,,,
LOGIQ_S8,sec_0111,756,5.6-offset_applied,,,,
LOGIQ_S8,sec_0111,756,5.6-table_content,,,,
LOGIQ_S8,sec_0111,756,5.5-filters_discarding,,,,
LOGIQ_S8,sec_0111,756,5.5-filters_passing_noise,,,,
LOGIQ_S8,sec_0111,756,5.5-image_section_mapping,,,,
LOGIQ_S8,sec_0126,827,5.4-hierarchy_level,,,,
LOGIQ_S8,sec_0126,827,5.4-parent_child,,,,
LOGIQ_S8,sec_0126,827,5.4-page_start_end,,,,
LOGIQ_S8,sec_0126,827,5.4-hierarchy_path,,,,
LOGIQ_S8,sec_0126,827,5.4-gaps_duplicates,,,,
LOGIQ_S8,sec_0126,827,5.4-flagged_for_review,,,,
LOGIQ_S8,sec_0126,827,5.4-structural_source,,,,
LOGIQ_S8,sec_0126,827,5.6-numbering_scheme,,,,
LOGIQ_S8,sec_0126,827,5.6-offset_applied,,,,
LOGIQ_S8,sec_0126,827,5.6-table_content,,,,
LOGIQ_S8,sec_0126,827,5.5-filters_discarding,,,,
LOGIQ_S8,sec_0126,827,5.5-filters_passing_noise,,,,
LOGIQ_S8,sec_0126,827,5.5-image_section_mapping,,,,
LOGIQ_S8,sec_0128,849,5.4-hierarchy_level,,,,
LOGIQ_S8,sec_0128,849,5.4-parent_child,,,,
LOGIQ_S8,sec_0128,849,5.4-page_start_end,,,,
LOGIQ_S8,sec_0128,849,5.4-hierarchy_path,,,,
LOGIQ_S8,sec_0128,849,5.4-gaps_duplicates,,,,
LOGIQ_S8,sec_0128,849,5.4-flagged_for_review,,,,
LOGIQ_S8,sec_0128,849,5.4-structural_source,,,,
LOGIQ_S8,sec_0128,849,5.6-numbering_scheme,,,,
LOGIQ_S8,sec_0128,849,5.6-offset_applied,,,,
LOGIQ_S8,sec_0128,849,5.6-table_content,,,,
LOGIQ_S8,sec_0128,849,5.5-filters_discarding,,,,
LOGIQ_S8,sec_0128,849,5.5-filters_passing_noise,,,,
LOGIQ_S8,sec_0128,849,5.5-image_section_mapping,,,,
LOGIQ_S8,sec_0137,894,5.4-hierarchy_level,PASS,,"The heading 'Section 10-8 Electrical Safety Tests' (p889) is a section under Chapter 10 (sec_0129), so level 2 is right. p894 shows '10-8-5 Chassis leakage current test' with its sub-headings and numbered steps. The 10-8-x headings are kept as heading nodes of sec_0137.",
LOGIQ_S8,sec_0137,894,5.4-parent_child,PASS,,"parent_section_id is sec_0129 (Chapter 10) and child_sections is empty. The neighbours sec_0136 (10-7 Using a Phantom, p888) and sec_0138 (10-9 Too Much Leakage Current, p907-p910) are siblings.",
LOGIQ_S8,sec_0137,894,5.4-page_start_end,PASS,,"p894 (10-8-5 Chassis leakage current test, with 10-8-5-1 Definition and 10-8-5-2 Generic Procedure) matches nodes 52-80 in order. It is inside p889-p906 and belongs to this section. The section ends at p906 and sec_0138 starts at p907.",
LOGIQ_S8,sec_0137,894,5.4-hierarchy_path,PASS,,hierarchy_path is '/Chapter 10/Section 10-8 Electrical Safety Tests'. It matches the bookmark nesting.,
LOGIQ_S8,sec_0137,894,5.4-gaps_duplicates,PASS,,"On p894 each heading and step appears once (10-8-5, 10-8-5-1, 10-8-5-2, steps 1.) to 5.)). The section range p889-p906 touches sec_0136 (p888) and sec_0138 (p907) with no gap or overlap.",
LOGIQ_S8,sec_0137,894,5.4-flagged_for_review,PASS,,"flagged_for_review is false and verification_score is 100. The 'Section 10-8' heading is on p889, the first page of the range.",
LOGIQ_S8,sec_0137,894,5.4-structural_source,PASS,,structural_source is 'toc'. The bookmark matches the heading on p889 and the range ends before sec_0138 at p907.,
LOGIQ_S8,sec_0137,894,5.6-numbering_scheme,PASS,,Folios '10 - 17' to '10 - 34' (p889-p906) are chapter-page numbers of arabic digits. The label 'arabic' is acceptable.,
LOGIQ_S8,sec_0137,894,5.6-offset_applied,PASS,,"offset_applied is 0. The 'Section 10-8' heading is on physical p889 = page_start, and p906 (folio '10 - 34') is the last page. No wrong shift is seen.",
LOGIQ_S8,sec_0137,894,5.6-table_content,PASS,,"p894 has no table. The tables of this section are on p890, p891, p893, p895, p898, p899, p902 and p906. I checked the p893 legend table (4 cells, values match), Table 10-15 on p895 and Table 10-19 on p906. The merged-cell problem is logged on the p895 row.",
LOGIQ_S8,sec_0137,894,5.5-filters_discarding,PASS,,"p894 has no picture, only text with warning triangles. In the section, the figures of 10-6 to 10-15 are extracted (img_1398-img_1409), including the drawing on p893 (img_1401). The small warning triangles beside CAUTION are not extracted, but their meaning is in the text.",
LOGIQ_S8,sec_0137,894,5.5-filters_passing_noise,PASS,,"I checked all four edges of the vector image img_1401 (p893, 397x311). It holds only the grounding test drawing (plug, ohmmeter, device, labels 1-4), with no body text or caption. The other images are real figures (outlet tester, circuit diagrams, BF label, TEE test). No decorative strip is kept.","Hidden text nodes like '!! CAUTION:' (p905) and '!! DANGER:' (p906) are text, not images, so they are not graded here."
LOGIQ_S8,sec_0137,894,5.5-image_section_mapping,PASS,,"All 12 images (img_1398-img_1409, p891-p905) map to sec_0137 (p889-p906). sec_0136 is only p888 and sec_0138 starts at p907, so no page is shared. The captions match the nearby images.",
LOGIQ_S8,sec_0138,909,5.4-hierarchy_level,,,,
LOGIQ_S8,sec_0138,909,5.4-parent_child,,,,
LOGIQ_S8,sec_0138,909,5.4-page_start_end,,,,
LOGIQ_S8,sec_0138,909,5.4-hierarchy_path,,,,
LOGIQ_S8,sec_0138,909,5.4-gaps_duplicates,,,,
LOGIQ_S8,sec_0138,909,5.4-flagged_for_review,,,,
LOGIQ_S8,sec_0138,909,5.4-structural_source,,,,
LOGIQ_S8,sec_0138,909,5.6-numbering_scheme,,,,
LOGIQ_S8,sec_0138,909,5.6-offset_applied,,,,
LOGIQ_S8,sec_0138,909,5.6-table_content,,,,
LOGIQ_S8,sec_0138,909,5.5-filters_discarding,,,,
LOGIQ_S8,sec_0138,909,5.5-filters_passing_noise,,,,
LOGIQ_S8,sec_0138,909,5.5-image_section_mapping,,,,
