manual_id,section_id,page_sampled,checklist_ref,result,severity,evidence,notes
LOGIQ_S8,sec_0001,1,5.4-hierarchy_level,PASS,,Sec_0001 'Service Manual' is level 1 and has no parent. The p1 cover shows the title block and starts the section. Chapter 1 (sec_0002) is also level 1 and starts at p43.,
LOGIQ_S8,sec_0001,1,5.4-parent_child,PASS,,"parent_section_id is null and child_sections is empty. Pages 1-42 hold the cover, warnings, revision history and contents lists, which are not sub-sections. The next top-level section is sec_0002 (Chapter 1, p43).",
LOGIQ_S8,sec_0001,1,5.4-page_start_end,PASS,,"p1 is the cover and the section starts there with the heading node 'Service Manual'. p42 is a blank page with only the running header and folio '26 -'. Chapter 1 starts at p43 (sec_0002), so no chapter text is absorbed.","The cover title 'LOGIQ S8/LOGIQ E8/LOGIQ S7 XDclear2.0' has no node on p1, probably a Docling limit. Hidden nodes '(OCTOBER 7, 2019)' and 'COVER.FM' are not visible on p1. They are inside the section, so no boundary is crossed. The product name is kept on p2 and in the page headers."
LOGIQ_S8,sec_0001,1,5.4-hierarchy_path,PASS,,"hierarchy_path is '/Service Manual'. It is one level deep, which is correct for a top-level bookmark with no parent.",
LOGIQ_S8,sec_0001,1,5.4-gaps_duplicates,PASS,,"No gap or repeat between p1 and p42: sec_0001 covers p1-p42 and sec_0002 starts at p43. The running-header nodes ('GE Healthcare', 'Direction 5394227, 13 ...') repeat on each page but stay inside the section.",
LOGIQ_S8,sec_0001,1,5.4-flagged_for_review,PASS,,"flagged_for_review is false and verification_score is 100. The bookmark title 'Service Manual' matches the cover wording on p1, so no review flag is needed.",
LOGIQ_S8,sec_0001,1,5.4-structural_source,PASS,,"structural_source is 'toc'. The bookmark range 1-42 ends right before Chapter 1 (p43), and the title matches the cover. Nothing suggests an inferred structure.",
LOGIQ_S8,sec_0001,1,5.6-numbering_scheme,FAIL,Medium,"The section is labeled 'arabic' but the folios are mixed. Node text shows roman folios '- i' (p3), 'ii -' (p4), 'iv -' (p6), 'viii -' (p10), '- xi' (p13), 'xii -' (p14), 'xiv -' (p16). Arabic folios 1 to 26 start again on p17 to p42 (p24 shows '8 -').","Roman folios inside an arabic section: contract Medium. The roman folios are seen in node text only; p3-p16 were not rendered in this batch, so confidence is lower."
LOGIQ_S8,sec_0001,1,5.6-offset_applied,PASS,,"offset_applied is 0. The section starts at physical p1 (the cover) and page_start is 1. The printed folios (roman, then 1-26) differ from physical numbers, but the bookmark pages are physical, so no shift is needed.",
LOGIQ_S8,sec_0001,1,5.6-table_content,PASS,,"p1 is the cover. The render shows only the title, the GE logo and the document number. No table on p1.","Same as base_approved v1.8. Contents tables of sec_0001 are checked on p24, p19, p27 and p28 in the p24 row."
LOGIQ_S8,sec_0001,1,5.5-filters_discarding,PASS,,"The cover has only the GE logo, and it is extracted (img_0000). Pages 10-12 have raster text images (Japanese, Traditional Chinese, Simplified Chinese, Korean, Vietnamese, Kazakh): img_0001-img_0007 are all kept and read clearly. No meaningful figure looks dropped.",p10-p12 pages were not rendered here; only the extracted images were checked.
LOGIQ_S8,sec_0001,1,5.5-filters_passing_noise,FAIL,Low,"On p1 the GE logo (img_0000, vector, 164x161) is kept as an image. It is a decorative brand mark with no technical content. The other images (img_0001-img_0007 on p10-p12) are real warning texts and are not noise.",Decorative logo kept as an image: contract Low. No information is added or lost. p24 and p42 have no images.
LOGIQ_S8,sec_0001,1,5.5-image_section_mapping,PASS,,"All 8 images (img_0000 on p1, img_0001-img_0007 on p10-p12) map to sec_0001 (p1-p42). No sibling section shares these pages, so the mapping is right.",
LOGIQ_S8,sec_0003,43,5.4-hierarchy_level,,,,
LOGIQ_S8,sec_0003,43,5.4-parent_child,,,,
LOGIQ_S8,sec_0003,43,5.4-page_start_end,,,,
LOGIQ_S8,sec_0003,43,5.4-hierarchy_path,,,,
LOGIQ_S8,sec_0003,43,5.4-gaps_duplicates,,,,
LOGIQ_S8,sec_0003,43,5.4-flagged_for_review,,,,
LOGIQ_S8,sec_0003,43,5.4-structural_source,,,,
LOGIQ_S8,sec_0003,43,5.6-numbering_scheme,,,,
LOGIQ_S8,sec_0003,43,5.6-offset_applied,,,,
LOGIQ_S8,sec_0003,43,5.6-table_content,FAIL,Low,"Table #/tables/27 on p43 has 10 rows and 3 columns (section number, title, page). All numbers, titles and pages (1-1 to 1-32) match the render in the same order. But the title cells keep the dot leaders and each page cell starts with an extra dot ('. 1-1').","Low: this is a Contents table, values and order are kept, only leader dot noise. Same pattern as p91 in sec_0019. Same text as round one."
LOGIQ_S8,sec_0003,43,5.5-filters_discarding,,,,
LOGIQ_S8,sec_0003,43,5.5-filters_passing_noise,,,,
LOGIQ_S8,sec_0003,43,5.5-image_section_mapping,,,,
LOGIQ_S8,sec_0005,51,5.4-hierarchy_level,,,,
LOGIQ_S8,sec_0005,51,5.4-parent_child,,,,
LOGIQ_S8,sec_0005,51,5.4-page_start_end,,,,
LOGIQ_S8,sec_0005,51,5.4-hierarchy_path,,,,
LOGIQ_S8,sec_0005,51,5.4-gaps_duplicates,,,,
LOGIQ_S8,sec_0005,51,5.4-flagged_for_review,,,,
LOGIQ_S8,sec_0005,51,5.4-structural_source,,,,
LOGIQ_S8,sec_0005,51,5.6-numbering_scheme,,,,
LOGIQ_S8,sec_0005,51,5.6-offset_applied,,,,
LOGIQ_S8,sec_0005,51,5.6-table_content,FAIL,Low,"p51 shows Table 1-7 'Standard Icons Indicating a Special Procedure be Used' with a grid of 5 icons and their labels. No table node exists on p51. The 5 labels (AVOID STATIC ELECTRICITY, TAG AND LOCK OUT, WEAR EYE PROTECTION, WEAR HAND PROTECTION, WEAR FOOT PROTECTION) are separate paragraphs #/texts/418 to #/texts/422, and the icons are separate images img_0009 to img_0013.","Low: the label text is kept in the right order, so the information survives, but the grid structure is lost and the link between each icon and its label is not in the text. Probably the table detector did not see a grid made of images. verify_claims expects Medium because the icon-to-label link cannot be read from the text. I keep Low: no value changes meaning, every label survives in order, and the icons are mapped as images in sec_0005. Confidence is lower because no table node exists to compare."
LOGIQ_S8,sec_0005,51,5.5-filters_discarding,,,,
LOGIQ_S8,sec_0005,51,5.5-filters_passing_noise,,,,
LOGIQ_S8,sec_0005,51,5.5-image_section_mapping,,,,
LOGIQ_S8,sec_0006,60,5.4-hierarchy_level,,,,
LOGIQ_S8,sec_0006,60,5.4-parent_child,,,,
LOGIQ_S8,sec_0006,60,5.4-page_start_end,,,,
LOGIQ_S8,sec_0006,60,5.4-hierarchy_path,,,,
LOGIQ_S8,sec_0006,60,5.4-gaps_duplicates,,,,
LOGIQ_S8,sec_0006,60,5.4-flagged_for_review,,,,
LOGIQ_S8,sec_0006,60,5.4-structural_source,,,,
LOGIQ_S8,sec_0006,60,5.6-numbering_scheme,,,,
LOGIQ_S8,sec_0006,60,5.6-offset_applied,,,,
LOGIQ_S8,sec_0006,60,5.6-table_content,PASS,,"No table on p60. The render shows the heading 1-4-4 Mechanical Safety with WARNING and CAUTION boxes, and a bullet list. No table node has page 60.",Nothing to compare.
LOGIQ_S8,sec_0006,60,5.5-filters_discarding,,,,
LOGIQ_S8,sec_0006,60,5.5-filters_passing_noise,,,,
LOGIQ_S8,sec_0006,60,5.5-image_section_mapping,,,,
LOGIQ_S8,sec_0007,68,5.4-hierarchy_level,,,,
LOGIQ_S8,sec_0007,68,5.4-parent_child,,,,
LOGIQ_S8,sec_0007,68,5.4-page_start_end,,,,
LOGIQ_S8,sec_0007,68,5.4-hierarchy_path,,,,
LOGIQ_S8,sec_0007,68,5.4-gaps_duplicates,,,,
LOGIQ_S8,sec_0007,68,5.4-flagged_for_review,,,,
LOGIQ_S8,sec_0007,68,5.4-structural_source,,,,
LOGIQ_S8,sec_0007,68,5.6-numbering_scheme,,,,
LOGIQ_S8,sec_0007,68,5.6-offset_applied,,,,
LOGIQ_S8,sec_0007,68,5.5-filters_discarding,,,,
LOGIQ_S8,sec_0007,68,5.5-filters_passing_noise,,,,
LOGIQ_S8,sec_0007,68,5.5-image_section_mapping,,,,
LOGIQ_S8,sec_0012,76,5.4-hierarchy_level,,,,
LOGIQ_S8,sec_0012,76,5.4-parent_child,,,,
LOGIQ_S8,sec_0012,76,5.4-page_start_end,,,,
LOGIQ_S8,sec_0012,76,5.4-hierarchy_path,,,,
LOGIQ_S8,sec_0012,76,5.4-gaps_duplicates,,,,
LOGIQ_S8,sec_0012,76,5.4-flagged_for_review,,,,
LOGIQ_S8,sec_0012,76,5.4-structural_source,,,,
LOGIQ_S8,sec_0012,76,5.6-numbering_scheme,,,,
LOGIQ_S8,sec_0012,76,5.6-offset_applied,,,,
LOGIQ_S8,sec_0012,76,5.6-table_content,PASS,,No table on p76. The render is an almost blank page with only the running header and footer '1 - 34 Section 1-10 - Customer Assistance'.,Nothing to compare.
LOGIQ_S8,sec_0012,76,5.5-filters_discarding,,,,
LOGIQ_S8,sec_0012,76,5.5-filters_passing_noise,,,,
LOGIQ_S8,sec_0012,76,5.5-image_section_mapping,,,,
LOGIQ_S8,sec_0014,77,5.4-hierarchy_level,,,,
LOGIQ_S8,sec_0014,77,5.4-parent_child,,,,
LOGIQ_S8,sec_0014,77,5.4-page_start_end,,,,
LOGIQ_S8,sec_0014,77,5.4-hierarchy_path,,,,
LOGIQ_S8,sec_0014,77,5.4-gaps_duplicates,,,,
LOGIQ_S8,sec_0014,77,5.4-flagged_for_review,,,,
LOGIQ_S8,sec_0014,77,5.4-structural_source,,,,
LOGIQ_S8,sec_0014,77,5.6-numbering_scheme,,,,
LOGIQ_S8,sec_0014,77,5.6-offset_applied,,,,
LOGIQ_S8,sec_0014,77,5.6-table_content,FAIL,Low,"Table #/tables/45 on p77 has the 3 Contents rows (2-1 Overview, 2-2 General console requirements, 2-3 Facility needs) with the right section numbers and pages (2-1, 2-2, 2-7). But the page number is merged into the title cell, after the dot leaders (for example 'Overview. . . . 2-1'), so the table has 2 columns instead of number, title and page.","Low: cells are merged, but values and order are kept, and it is a Contents table. Same text as round one. Probably the dot leaders hide the column gap."
LOGIQ_S8,sec_0014,77,5.5-filters_discarding,,,,
LOGIQ_S8,sec_0014,77,5.5-filters_passing_noise,,,,
LOGIQ_S8,sec_0014,77,5.5-image_section_mapping,,,,
LOGIQ_S8,sec_0017,90,5.4-hierarchy_level,,,,
LOGIQ_S8,sec_0017,90,5.4-parent_child,,,,
LOGIQ_S8,sec_0017,90,5.4-page_start_end,,,,
LOGIQ_S8,sec_0017,90,5.4-hierarchy_path,,,,
LOGIQ_S8,sec_0017,90,5.4-gaps_duplicates,,,,
LOGIQ_S8,sec_0017,90,5.4-flagged_for_review,,,,
LOGIQ_S8,sec_0017,90,5.4-structural_source,,,,
LOGIQ_S8,sec_0017,90,5.6-numbering_scheme,,,,
LOGIQ_S8,sec_0017,90,5.6-offset_applied,,,,
LOGIQ_S8,sec_0017,90,5.5-filters_discarding,,,,
LOGIQ_S8,sec_0017,90,5.5-filters_passing_noise,,,,
LOGIQ_S8,sec_0017,90,5.5-image_section_mapping,,,,
LOGIQ_S8,sec_0019,91,5.4-hierarchy_level,,,,
LOGIQ_S8,sec_0019,91,5.4-parent_child,,,,
LOGIQ_S8,sec_0019,91,5.4-page_start_end,,,,
LOGIQ_S8,sec_0019,91,5.4-hierarchy_path,,,,
LOGIQ_S8,sec_0019,91,5.4-gaps_duplicates,,,,
LOGIQ_S8,sec_0019,91,5.4-flagged_for_review,,,,
LOGIQ_S8,sec_0019,91,5.4-structural_source,,,,
LOGIQ_S8,sec_0019,91,5.6-numbering_scheme,,,,
LOGIQ_S8,sec_0019,91,5.6-offset_applied,,,,
LOGIQ_S8,sec_0019,91,5.6-table_content,FAIL,Low,"Contents table #/tables/50 on p91 has 15 rows and 3 columns (section number, title, page). All numbers, titles and pages (3-1 to 3-97) match the render, in order. Row 3-7 is also missing in the PDF. But title cells keep the dot leaders and each page cell starts with an extra dot ('. 3-1').",Low: values and order are kept. The dots are leader line noise. Same text as round one. Same pattern as p43 and p24.
LOGIQ_S8,sec_0019,91,5.5-filters_discarding,,,,
LOGIQ_S8,sec_0019,91,5.5-filters_passing_noise,,,,
LOGIQ_S8,sec_0019,91,5.5-image_section_mapping,,,,
LOGIQ_S8,sec_0021,98,5.4-hierarchy_level,,,,
LOGIQ_S8,sec_0021,98,5.4-parent_child,,,,
LOGIQ_S8,sec_0021,98,5.4-page_start_end,,,,
LOGIQ_S8,sec_0021,98,5.4-hierarchy_path,,,,
LOGIQ_S8,sec_0021,98,5.4-gaps_duplicates,,,,
LOGIQ_S8,sec_0021,98,5.4-flagged_for_review,,,,
LOGIQ_S8,sec_0021,98,5.4-structural_source,,,,
LOGIQ_S8,sec_0021,98,5.6-numbering_scheme,,,,
LOGIQ_S8,sec_0021,98,5.6-offset_applied,,,,
LOGIQ_S8,sec_0021,98,5.6-table_content,PASS,,"No table on p98. The render shows heading 3-3-3 Transportation Box Label with three label figures (Figures 3-2, 3-3, 3-4) and captions. No table node has page 98.",Nothing to compare.
LOGIQ_S8,sec_0021,98,5.5-filters_discarding,,,,
LOGIQ_S8,sec_0021,98,5.5-filters_passing_noise,,,,
LOGIQ_S8,sec_0021,98,5.5-image_section_mapping,,,,
LOGIQ_S8,sec_0024,105,5.4-hierarchy_level,PASS,,'Section 3-6 Completing the Set Up' is a section-level heading (hierarchy_level 2) printed under Chapter 3. Siblings sec_0023 and sec_0025 are also level 2. On p105 the running footer shows folio 3 - 15 and names this section.,
LOGIQ_S8,sec_0024,105,5.4-parent_child,PASS,,"parent_section_id is sec_0018 (Chapter 3, p91-188), which contains p102-p106. child_sections is empty. The numbered sub-headings on p105 are headings inside the section, not separate sections.","The bookmark list itself is not in the batch, so I judged nesting from the sibling levels and headings."
LOGIQ_S8,sec_0024,105,5.4-page_start_end,PASS,,"The section starts on p102 with the heading 'Section 3-6 Completing the Set Up' (#/texts/1096), which is the first content after the running header. It ends on p106 after step 7 of 3-6-4-5 (TEE probe). Section 3-7 starts on p107, so no foreign content is absorbed.",
LOGIQ_S8,sec_0024,105,5.4-hierarchy_path,PASS,,"hierarchy_path is '/Chapter 3/Section 3-6 Completing the Set Up'. It lists Chapter 3 then the section title, in the right order and matching the printed headings.",
LOGIQ_S8,sec_0024,105,5.4-gaps_duplicates,PASS,,"The section appears once, with 108 nodes in one unbroken range of semantic_order, and no duplicate node ids. Every page from p102 to p106 has nodes. No other section overlaps.",
LOGIQ_S8,sec_0024,105,5.4-flagged_for_review,PASS,,"flagged_for_review is false, verification_score is 100 and confidence is 1.0. The heading is visible on declared p102, so there is no uncertainty to confirm.",
LOGIQ_S8,sec_0024,105,5.4-structural_source,PASS,,"structural_source is 'toc' (a real bookmark), not inferred. The bookmark title matches the heading printed on p102.",
LOGIQ_S8,sec_0024,105,5.6-numbering_scheme,PASS,,numbering_scheme is arabic. The section uses chapter-page folios (p105 shows 3 - 15) and numbered headings. The scheme is the same as the neighbouring sections.,"The printed folio is chapter-page style, but physical page and bookmark page agree, so no folio is lost."
LOGIQ_S8,sec_0024,105,5.6-offset_applied,PASS,,"offset_applied is 0, like sec_0023 and sec_0025. The heading is on physical p102 as declared, so physical page equals bookmark page. Folio 3 - 15 on p105 agrees with the order of pages.",
LOGIQ_S8,sec_0024,105,5.6-table_content,PASS,,"p105 has no table. The render shows heading 3-6-4 and its sub-headings, Figure 3-7 with two photos, a bullet list, three CAUTION boxes and numbered steps. No table node has page 105.",Same as base_approved v1.8. The tables of this section are on p102 to p104.
LOGIQ_S8,sec_0024,105,5.5-filters_discarding,FAIL,Low,"On p105 the three CAUTION boxes each have a yellow warning triangle. images.json lists only img_0074 and img_0075 for p105 (the two probe-port photos), so the triangles are not extracted. The photos for Figure 3-7 are present.","Small icons dropped. Meaning is fully in the CAUTION text (#/texts/1149, 1153, 1154). Probably removed by a small-image filter. Impact: low. The three '!! CAUTION:' text nodes (#/texts/1150-1152) look like OCR of these icons; they are text, not images, so I did not grade them in the noise row. verify_claims expects Critical only because the evidence says 'not extracted'; the contract Low row (small icon dropped, meaning fully in text) applies, so Low is kept. verify_claims expects Critical for a missing figure. The missing items are only three small warning triangles, and the CAUTION text keeps their meaning, so the contract grade is Low."
LOGIQ_S8,sec_0024,105,5.5-filters_passing_noise,PASS,,"On p105 the only images are img_0074 and img_0075, the two probe-port photos of Figure 3-7. No logo, rule, heading or step text is inside them. The other section images (img_0073 p104, img_0076 and vector img_0077 on p106) are also clean on all four edges.",Section-wide check done once; no noise found in sec_0024.
LOGIQ_S8,sec_0024,105,5.5-image_section_mapping,PASS,,"img_0074 (LOGIQ S8 side view, labels b, c, a) and img_0075 (LOGIQ E8 view) match the two views of Figure 3-7 under 3-6-4-1. Both are mapped to sec_0024, the only section on p105.",
LOGIQ_S8,sec_0025,112,5.4-hierarchy_level,,,,
LOGIQ_S8,sec_0025,112,5.4-parent_child,,,,
LOGIQ_S8,sec_0025,112,5.4-page_start_end,,,,
LOGIQ_S8,sec_0025,112,5.4-hierarchy_path,,,,
LOGIQ_S8,sec_0025,112,5.4-gaps_duplicates,,,,
LOGIQ_S8,sec_0025,112,5.4-flagged_for_review,,,,
LOGIQ_S8,sec_0025,112,5.4-structural_source,,,,
LOGIQ_S8,sec_0025,112,5.6-numbering_scheme,,,,
LOGIQ_S8,sec_0025,112,5.6-offset_applied,,,,
LOGIQ_S8,sec_0025,112,5.5-filters_discarding,,,,
LOGIQ_S8,sec_0025,112,5.5-filters_passing_noise,,,,
LOGIQ_S8,sec_0025,112,5.5-image_section_mapping,,,,
LOGIQ_S8,sec_0026,126,5.4-hierarchy_level,,,,
LOGIQ_S8,sec_0026,126,5.4-parent_child,,,,
LOGIQ_S8,sec_0026,126,5.4-page_start_end,,,,
LOGIQ_S8,sec_0026,126,5.4-hierarchy_path,,,,
LOGIQ_S8,sec_0026,126,5.4-gaps_duplicates,,,,
LOGIQ_S8,sec_0026,126,5.4-flagged_for_review,,,,
LOGIQ_S8,sec_0026,126,5.4-structural_source,,,,
LOGIQ_S8,sec_0026,126,5.6-numbering_scheme,,,,
LOGIQ_S8,sec_0026,126,5.6-offset_applied,,,,
LOGIQ_S8,sec_0026,126,5.6-table_content,PASS,,"No table on p126. The render shows Figure 3-25 with a borderless two-line 'Option keys file can be imported from Media / Service Folder' layout, a screenshot and numbered steps. No table node has page 126; the words are in #/texts/1477, #/texts/1478 and #/texts/1482.",Nothing to compare. The loose text is not a real table grid.
LOGIQ_S8,sec_0026,126,5.5-filters_discarding,,,,
LOGIQ_S8,sec_0026,126,5.5-filters_passing_noise,,,,
LOGIQ_S8,sec_0026,126,5.5-image_section_mapping,,,,
LOGIQ_S8,sec_0027,133,5.4-hierarchy_level,,,,
LOGIQ_S8,sec_0027,133,5.4-parent_child,,,,
LOGIQ_S8,sec_0027,133,5.4-page_start_end,,,,
LOGIQ_S8,sec_0027,133,5.4-hierarchy_path,,,,
LOGIQ_S8,sec_0027,133,5.4-gaps_duplicates,,,,
LOGIQ_S8,sec_0027,133,5.4-flagged_for_review,,,,
LOGIQ_S8,sec_0027,133,5.4-structural_source,,,,
LOGIQ_S8,sec_0027,133,5.6-numbering_scheme,,,,
LOGIQ_S8,sec_0027,133,5.6-offset_applied,,,,
LOGIQ_S8,sec_0027,133,5.5-filters_discarding,,,,
LOGIQ_S8,sec_0027,133,5.5-filters_passing_noise,,,,
LOGIQ_S8,sec_0027,133,5.5-image_section_mapping,,,,
LOGIQ_S8,sec_0028,140,5.4-hierarchy_level,PASS,,'Section 3-10 Printer Installation' is a section-level heading (hierarchy_level 2) printed under Chapter 3. Siblings sec_0027 and sec_0029 are also level 2. On p140 the running footer shows folio 3 - 50 and names this section.,
LOGIQ_S8,sec_0028,140,5.4-parent_child,PASS,,"parent_section_id is sec_0018 (Chapter 3, p91-188), which contains p139-p155. child_sections is empty. The numbered sub-headings on p140 are headings inside the section, not separate sections.","The bookmark list itself is not in the batch, so I judged nesting from the sibling levels and headings."
LOGIQ_S8,sec_0028,140,5.4-page_start_end,PASS,,"The section starts on p139 with the heading 'Section 3-10 Printer Installation' (#/texts/1648) and 3-10-1. It ends on p155 with PC printer setup step 6 (#/texts/1834). Section 3-11 starts on p156, so no foreign content is absorbed.",
LOGIQ_S8,sec_0028,140,5.4-hierarchy_path,PASS,,"hierarchy_path is '/Chapter 3/Section 3-10 Printer Installation'. It lists Chapter 3 then the section title, in the right order and matching the printed headings.",
LOGIQ_S8,sec_0028,140,5.4-gaps_duplicates,PASS,,"The section appears once, with 191 nodes in one unbroken range of semantic_order, and no duplicate node ids. Every page from p139 to p155 has nodes. No other section overlaps.",
LOGIQ_S8,sec_0028,140,5.4-flagged_for_review,PASS,,"flagged_for_review is false, verification_score is 100 and confidence is 1.0. The heading is visible on declared p139, so there is no uncertainty to confirm.",
LOGIQ_S8,sec_0028,140,5.4-structural_source,PASS,,"structural_source is 'toc' (a real bookmark), not inferred. The bookmark title matches the heading printed on p139.",
LOGIQ_S8,sec_0028,140,5.6-numbering_scheme,PASS,,numbering_scheme is arabic. The section uses chapter-page folios (p140 shows 3 - 50) and numbered headings. The scheme is the same as the neighbouring sections.,"The printed folio is chapter-page style, but physical page and bookmark page agree, so no folio is lost."
LOGIQ_S8,sec_0028,140,5.6-offset_applied,PASS,,"offset_applied is 0, like sec_0027 and sec_0029. The heading is on physical p139 as declared, so physical page equals bookmark page. Folio 3 - 50 on p140 agrees with the order of pages.",
LOGIQ_S8,sec_0028,140,5.6-table_content,PASS,,"p140 has no table. It has only the heading 3-10-1-1, one large figure (Figure 3-37) and its caption. No table node has page 140.","Same as base_approved v1.8. The only table in the section is #/tables/65 on p147, which is not a sampled page here."
LOGIQ_S8,sec_0028,140,5.5-filters_discarding,FAIL,Low,"On p140 the figure is complete: img_0110 (618x842, vector) holds both photos, the blue arrows and the white boxes of Figure 3-37. In the same section, on p151, the NOTICE warning triangle next to 'Settings for Paper Size MUST match...' is not in images.json. The only p151 image is img_0121 (the Paper page screenshot).","Small icon dropped. Its meaning is fully in the text (#/texts/1778 'NOTICE ...' and the stub '!! NOTICE:' #/texts/1785). Probably removed by a small-image filter. Impact: low. Section-wide check; p140 itself has no missing visual. verify_claims expects Critical because two raster photos on p140 are not in images_v1.json. I checked img_0110: both photos are inside that vector crop together with the arrows and boxes, so nothing is lost on p140. The Low grade is for the p151 icon only."
LOGIQ_S8,sec_0028,140,5.5-filters_passing_noise,FAIL,Low,"Body text is kept inside vector images of sec_0028. img_0119 (p149, 782x1154) has the heading '3-10-2-1 Connection Scheme: Color Printer' at the top edge and the caption 'Figure 3-40 R1 and R2 Color Printer connection' at the bottom edge. img_0121 (p151, 672x611) has the step line '- High Speed (check mark on)' at the top edge. img_0110 on p140 is clean.","Graded once for the whole section, on the first sampled page. The crop box is probably taller than the figure. The same text is also in nodes #/texts/1764, 1765 and 1783, so no content is lost. Impact: cosmetic. Contract: Low."
LOGIQ_S8,sec_0028,140,5.5-image_section_mapping,PASS,,"img_0110 is mapped to sec_0028, under 3-10-1-1 Connection Scheme and above the caption 'Figure 3-37 R1 and R2 Black & White Printer connection'. The page belongs only to this section.",
LOGIQ_S8,sec_0029,160,5.4-hierarchy_level,,,,
LOGIQ_S8,sec_0029,160,5.4-parent_child,,,,
LOGIQ_S8,sec_0029,160,5.4-page_start_end,,,,
LOGIQ_S8,sec_0029,160,5.4-hierarchy_path,,,,
LOGIQ_S8,sec_0029,160,5.4-gaps_duplicates,,,,
LOGIQ_S8,sec_0029,160,5.4-flagged_for_review,,,,
LOGIQ_S8,sec_0029,160,5.4-structural_source,,,,
LOGIQ_S8,sec_0029,160,5.6-numbering_scheme,,,,
LOGIQ_S8,sec_0029,160,5.6-offset_applied,,,,
LOGIQ_S8,sec_0029,160,5.6-table_content,PASS,,"On p160 Table 3-7 'Network icon description' is #/tables/66. It has 9 rows. All description texts match the render, in the right rows. The 'Wireless network limited connected' cell keeps its 3 bullets in one cell.","CASE: still fixed. The Icon column is empty in the text because the icons are pictures, not text. No picture is mapped on p160 (that is a 5.5 matter, not a table text defect). No table text is lost."
LOGIQ_S8,sec_0029,160,5.5-filters_discarding,,,,
LOGIQ_S8,sec_0029,160,5.5-filters_passing_noise,,,,
LOGIQ_S8,sec_0029,160,5.5-image_section_mapping,,,,
LOGIQ_S8,sec_0030,167,5.4-hierarchy_level,,,,
LOGIQ_S8,sec_0030,167,5.4-parent_child,,,,
LOGIQ_S8,sec_0030,167,5.4-page_start_end,,,,
LOGIQ_S8,sec_0030,167,5.4-hierarchy_path,,,,
LOGIQ_S8,sec_0030,167,5.4-gaps_duplicates,,,,
LOGIQ_S8,sec_0030,167,5.4-flagged_for_review,,,,
LOGIQ_S8,sec_0030,167,5.4-structural_source,,,,
LOGIQ_S8,sec_0030,167,5.6-numbering_scheme,,,,
LOGIQ_S8,sec_0030,167,5.6-offset_applied,,,,
LOGIQ_S8,sec_0030,167,5.6-table_content,PASS,,"No table on p167. It has two screenshots (Figures 3-49 and 3-50), a numbered list and the heading 3-12-7.","The tables of this section are on p162, 164-166 and 168. The p162 contents table (#/tables/67) has leader-dot noise (Low). p162 is not sampled, so it is not scored here."
LOGIQ_S8,sec_0030,167,5.5-filters_discarding,,,,
LOGIQ_S8,sec_0030,167,5.5-filters_passing_noise,,,,
LOGIQ_S8,sec_0030,167,5.5-image_section_mapping,,,,
LOGIQ_S8,sec_0031,174,5.4-hierarchy_level,,,,
LOGIQ_S8,sec_0031,174,5.4-parent_child,,,,
LOGIQ_S8,sec_0031,174,5.4-page_start_end,,,,
LOGIQ_S8,sec_0031,174,5.4-hierarchy_path,,,,
LOGIQ_S8,sec_0031,174,5.4-gaps_duplicates,,,,
LOGIQ_S8,sec_0031,174,5.4-flagged_for_review,,,,
LOGIQ_S8,sec_0031,174,5.4-structural_source,,,,
LOGIQ_S8,sec_0031,174,5.6-numbering_scheme,,,,
LOGIQ_S8,sec_0031,174,5.6-offset_applied,,,,
LOGIQ_S8,sec_0031,174,5.6-table_content,PASS,,"No table on p174. It has heading 3-13-6, one screenshot (Figure 3-52) and list items 4 and 5. No table node has page_no 174.",No table to grade.
LOGIQ_S8,sec_0031,174,5.5-filters_discarding,,,,
LOGIQ_S8,sec_0031,174,5.5-filters_passing_noise,,,,
LOGIQ_S8,sec_0031,174,5.5-image_section_mapping,,,,
LOGIQ_S8,sec_0034,188,5.4-hierarchy_level,,,,
LOGIQ_S8,sec_0034,188,5.4-parent_child,,,,
LOGIQ_S8,sec_0034,188,5.4-page_start_end,,,,
LOGIQ_S8,sec_0034,188,5.4-hierarchy_path,,,,
LOGIQ_S8,sec_0034,188,5.4-gaps_duplicates,,,,
LOGIQ_S8,sec_0034,188,5.4-flagged_for_review,,,,
LOGIQ_S8,sec_0034,188,5.4-structural_source,,,,
LOGIQ_S8,sec_0034,188,5.6-numbering_scheme,,,,
LOGIQ_S8,sec_0034,188,5.6-offset_applied,,,,
LOGIQ_S8,sec_0034,188,5.5-filters_discarding,,,,
LOGIQ_S8,sec_0034,188,5.5-filters_passing_noise,,,,
LOGIQ_S8,sec_0034,188,5.5-image_section_mapping,,,,
LOGIQ_S8,sec_0036,189,5.4-hierarchy_level,,,,
LOGIQ_S8,sec_0036,189,5.4-parent_child,,,,
LOGIQ_S8,sec_0036,189,5.4-page_start_end,,,,
LOGIQ_S8,sec_0036,189,5.4-hierarchy_path,,,,
LOGIQ_S8,sec_0036,189,5.4-gaps_duplicates,,,,
LOGIQ_S8,sec_0036,189,5.4-flagged_for_review,,,,
LOGIQ_S8,sec_0036,189,5.4-structural_source,,,,
LOGIQ_S8,sec_0036,189,5.6-numbering_scheme,,,,
LOGIQ_S8,sec_0036,189,5.6-offset_applied,,,,
LOGIQ_S8,sec_0036,189,5.6-table_content,FAIL,Low,"On p189 the Chapter 4 Contents table is #/tables/76. It has 6 rows. Section numbers and titles match the render (4-1 Overview to 4-7 Site Log). The page cells keep a stray leading dot, for example '. 4-18'. The leader dots stay in the title cells.","Severity check note: the tool suggests Medium, but this is a Contents table. The lead rule says lost or noisy leader dots and page-number digits in a Contents table are Low. The digits are all kept. No value is lost or moved. Page numbers stay readable. CASE: still wrong. The table text is the same as round one."
LOGIQ_S8,sec_0036,189,5.5-filters_discarding,,,,
LOGIQ_S8,sec_0036,189,5.5-filters_passing_noise,,,,
LOGIQ_S8,sec_0036,189,5.5-image_section_mapping,,,,
LOGIQ_S8,sec_0038,196,5.4-hierarchy_level,,,,
LOGIQ_S8,sec_0038,196,5.4-parent_child,,,,
LOGIQ_S8,sec_0038,196,5.4-page_start_end,,,,
LOGIQ_S8,sec_0038,196,5.4-hierarchy_path,,,,
LOGIQ_S8,sec_0038,196,5.4-gaps_duplicates,,,,
LOGIQ_S8,sec_0038,196,5.4-flagged_for_review,,,,
LOGIQ_S8,sec_0038,196,5.4-structural_source,,,,
LOGIQ_S8,sec_0038,196,5.6-numbering_scheme,,,,
LOGIQ_S8,sec_0038,196,5.6-offset_applied,,,,
LOGIQ_S8,sec_0038,196,5.6-table_content,PASS,,"No table on p196. It has heading 4-3-5-2, a 5-step list and Figure 4-4 (Monitor Arm Lock). No table node has page_no 196.",No table to grade.
LOGIQ_S8,sec_0038,196,5.5-filters_discarding,,,,
LOGIQ_S8,sec_0038,196,5.5-filters_passing_noise,,,,
LOGIQ_S8,sec_0038,196,5.5-image_section_mapping,,,,
LOGIQ_S8,sec_0039,210,5.4-hierarchy_level,PASS,,'Section 4-4 Functional Checks' is a section-level heading (hierarchy_level 2) printed under Chapter 4. Siblings sec_0038 and sec_0040 are also level 2. On p210 the running footer shows folio 4 - 22 and names this section.,
LOGIQ_S8,sec_0039,210,5.4-parent_child,PASS,,"parent_section_id is sec_0035 (Chapter 4, p189-238), which contains p206-p235. child_sections is empty. The numbered sub-headings on p210 are headings inside the section, not separate sections.","The bookmark list itself is not in the batch, so I judged nesting from the sibling levels and headings."
LOGIQ_S8,sec_0039,210,5.4-page_start_end,PASS,,"The section starts on p206 with the heading 'Section 4-4 Functional Checks' (#/texts/2576) and 4-4-1 Overview. It ends on p235 with 4-4-23 FibroScan module (steps 1 to 7 and Figures 4-35, 4-36). Section 4-5 starts on p236, so no foreign content is absorbed.",
LOGIQ_S8,sec_0039,210,5.4-hierarchy_path,PASS,,"hierarchy_path is '/Chapter 4/Section 4-4 Functional Checks'. It lists Chapter 4 then the section title, in the right order and matching the printed headings.",
LOGIQ_S8,sec_0039,210,5.4-gaps_duplicates,PASS,,"The section appears once, with 627 nodes in one unbroken range of semantic_order, and no duplicate node ids. Every page from p206 to p235 has nodes. No other section overlaps.",
LOGIQ_S8,sec_0039,210,5.4-flagged_for_review,PASS,,"flagged_for_review is false, verification_score is 100 and confidence is 1.0. The heading is visible on declared p206, so there is no uncertainty to confirm.",
LOGIQ_S8,sec_0039,210,5.4-structural_source,PASS,,"structural_source is 'toc' (a real bookmark), not inferred. The bookmark title matches the heading printed on p206.",
LOGIQ_S8,sec_0039,210,5.6-numbering_scheme,PASS,,numbering_scheme is arabic. The section uses chapter-page folios (p210 shows 4 - 22) and numbered headings. The scheme is the same as the neighbouring sections.,"The printed folio is chapter-page style, but physical page and bookmark page agree, so no folio is lost."
LOGIQ_S8,sec_0039,210,5.6-offset_applied,PASS,,"offset_applied is 0, like sec_0038 and sec_0040. The heading is on physical p206 as declared, so physical page equals bookmark page. Folio 4 - 22 on p210 agrees with the order of pages.",
LOGIQ_S8,sec_0039,210,5.6-table_content,PASS,,"p210 has no table. It has 4-4-5 text, Figure 4-19 (RMI 403GS phantom) and its labels. No table node has page_no 210.","The phantom labels are loose text from the drawing, not a table. Same as the approved v1.8 row."
LOGIQ_S8,sec_0039,210,5.5-filters_discarding,PASS,,"p210 has Figure 4-19, a vector drawing of the RMI 403GS phantom with labels and a depth scale 2 to 16. img_0198 (961x1343, vector) contains the whole drawing with all labels. Nothing is missing.",
LOGIQ_S8,sec_0039,210,5.5-filters_passing_noise,PASS,,"img_0198 on p210 holds the heading '4-4-5-1', two paragraph lines, the caption and a footer fragment around Figure 4-19. This text noise is graded once for sec_0039 on the p207 row and is not scored again here. The drawing itself, labels 2 to 16 and RMI 403GS, is complete and no other noise is on p210.","Same defect as the p207 row, not counted twice."
LOGIQ_S8,sec_0039,210,5.5-image_section_mapping,PASS,,img_0198 is mapped to sec_0039 under 4-4-5-1. It matches Figure 4-19 on p210. Only sec_0039 is on p210; 4-4-6 starts on p211 in the same section.,
LOGIQ_S8,sec_0042,238,5.4-hierarchy_level,,,,
LOGIQ_S8,sec_0042,238,5.4-parent_child,,,,
LOGIQ_S8,sec_0042,238,5.4-page_start_end,,,,
LOGIQ_S8,sec_0042,238,5.4-hierarchy_path,,,,
LOGIQ_S8,sec_0042,238,5.4-gaps_duplicates,,,,
LOGIQ_S8,sec_0042,238,5.4-flagged_for_review,,,,
LOGIQ_S8,sec_0042,238,5.4-structural_source,,,,
LOGIQ_S8,sec_0042,238,5.6-numbering_scheme,,,,
LOGIQ_S8,sec_0042,238,5.6-offset_applied,,,,
LOGIQ_S8,sec_0042,238,5.6-table_content,PASS,,"On p238 Table 4-5 'Site Log (Continued)' is #/tables/86. The render shows the header DATE, SERVICE PERSON, PROBLEM, COMMENTS and about 30 blank rows. The node keeps the 4 header cells in the right order.","The blank form rows hold no text, so no information is lost. CASE: still fixed. The text is the same as round one."
LOGIQ_S8,sec_0042,238,5.5-filters_discarding,,,,
LOGIQ_S8,sec_0042,238,5.5-filters_passing_noise,,,,
LOGIQ_S8,sec_0042,238,5.5-image_section_mapping,,,,
LOGIQ_S8,sec_0044,239,5.4-hierarchy_level,,,,
LOGIQ_S8,sec_0044,239,5.4-parent_child,,,,
LOGIQ_S8,sec_0044,239,5.4-page_start_end,,,,
LOGIQ_S8,sec_0044,239,5.4-hierarchy_path,,,,
LOGIQ_S8,sec_0044,239,5.4-gaps_duplicates,,,,
LOGIQ_S8,sec_0044,239,5.4-flagged_for_review,,,,
LOGIQ_S8,sec_0044,239,5.4-structural_source,,,,
LOGIQ_S8,sec_0044,239,5.6-numbering_scheme,,,,
LOGIQ_S8,sec_0044,239,5.6-offset_applied,,,,
LOGIQ_S8,sec_0044,239,5.6-table_content,FAIL,Low,"On p239 the Chapter 5 table #/tables/87 mixes two parts. The purpose paragraph of 5-1-1 and the italic NOTE are joined in one cell after 'NOTE:'. The 5-1-2 contents rows (5-1 to 5-11) match the render but keep leader dots and a leading dot in the page cells, for example '. 5-11'.","Low: cells are merged and there is leader-dot noise, but every word and number is kept in order. The title and the page number stay in their own cells. CASE: still wrong. The text is the same as round one."
LOGIQ_S8,sec_0044,239,5.5-filters_discarding,,,,
LOGIQ_S8,sec_0044,239,5.5-filters_passing_noise,,,,
LOGIQ_S8,sec_0044,239,5.5-image_section_mapping,,,,
LOGIQ_S8,sec_0045,246,5.4-hierarchy_level,,,,
LOGIQ_S8,sec_0045,246,5.4-parent_child,,,,
LOGIQ_S8,sec_0045,246,5.4-page_start_end,,,,
LOGIQ_S8,sec_0045,246,5.4-hierarchy_path,,,,
LOGIQ_S8,sec_0045,246,5.4-gaps_duplicates,,,,
LOGIQ_S8,sec_0045,246,5.4-flagged_for_review,,,,
LOGIQ_S8,sec_0045,246,5.4-structural_source,,,,
LOGIQ_S8,sec_0045,246,5.6-numbering_scheme,,,,
LOGIQ_S8,sec_0045,246,5.6-offset_applied,,,,
LOGIQ_S8,sec_0045,246,5.6-table_content,FAIL,Medium,"Three tables are on p246 (#/tables/88, 89, 90). Tables 5-2 and 5-3 match the render. In Table 5-1 (#/tables/88) the row 'Right side' loses its third line. The render shows 'This port is capped with rubber cover.' It is not in the cell text and I found it in no other node of the section.",Medium: words of a cell are lost and are not anywhere else. Probably the small-font line is dropped when the cell text is re-read. CASE: still wrong. The re-read table was kept but the line is still missing. BUG-008.
LOGIQ_S8,sec_0045,246,5.5-filters_discarding,,,,
LOGIQ_S8,sec_0045,246,5.5-filters_passing_noise,,,,
LOGIQ_S8,sec_0045,246,5.5-image_section_mapping,,,,
LOGIQ_S8,sec_0049,254,5.4-hierarchy_level,,,,
LOGIQ_S8,sec_0049,254,5.4-parent_child,,,,
LOGIQ_S8,sec_0049,254,5.4-page_start_end,,,,
LOGIQ_S8,sec_0049,254,5.4-hierarchy_path,,,,
LOGIQ_S8,sec_0049,254,5.4-gaps_duplicates,,,,
LOGIQ_S8,sec_0049,254,5.4-flagged_for_review,,,,
LOGIQ_S8,sec_0049,254,5.4-structural_source,,,,
LOGIQ_S8,sec_0049,254,5.6-numbering_scheme,,,,
LOGIQ_S8,sec_0049,254,5.6-offset_applied,,,,
LOGIQ_S8,sec_0049,254,5.6-table_content,PASS,,"Table 5-5 (#/tables/95) on p254 has the 10 option rows from B Steer+ to Tricefy. Each description matches the render. Each N/A or Yes value sits in the right column R1 to R4.2.5x. The spanned header 'Install available or not' is written once with blank neighbour cells, which is normal.","Two paragraphs of 'Advanced Security' are joined in one cell, with no loss. CASE: still fixed. The text is the same as round one."
LOGIQ_S8,sec_0049,254,5.5-filters_discarding,,,,
LOGIQ_S8,sec_0049,254,5.5-filters_passing_noise,,,,
LOGIQ_S8,sec_0049,254,5.5-image_section_mapping,,,,
LOGIQ_S8,sec_0050,261,5.4-hierarchy_level,,,,
LOGIQ_S8,sec_0050,261,5.4-parent_child,,,,
LOGIQ_S8,sec_0050,261,5.4-page_start_end,,,,
LOGIQ_S8,sec_0050,261,5.4-hierarchy_path,,,,
LOGIQ_S8,sec_0050,261,5.4-gaps_duplicates,,,,
LOGIQ_S8,sec_0050,261,5.4-flagged_for_review,,,,
LOGIQ_S8,sec_0050,261,5.4-structural_source,,,,
LOGIQ_S8,sec_0050,261,5.6-numbering_scheme,,,,
LOGIQ_S8,sec_0050,261,5.6-offset_applied,,,,
LOGIQ_S8,sec_0050,261,5.6-table_content,PASS,,"The FibroScan touch panel table (#/tables/100) on p261 has 5 rows: M or XL, CAP, FibroScan Report, Delete, Measurement. Every parameter and description matches the render. The 'Note:' lines stay in the same cell.",CASE: still fixed. The text is the same as round one.
LOGIQ_S8,sec_0050,261,5.5-filters_discarding,,,,
LOGIQ_S8,sec_0050,261,5.5-filters_passing_noise,,,,
LOGIQ_S8,sec_0050,261,5.5-image_section_mapping,,,,
LOGIQ_S8,sec_0054,268,5.4-hierarchy_level,,,,
LOGIQ_S8,sec_0054,268,5.4-parent_child,,,,
LOGIQ_S8,sec_0054,268,5.4-page_start_end,,,,
LOGIQ_S8,sec_0054,268,5.4-hierarchy_path,,,,
LOGIQ_S8,sec_0054,268,5.4-gaps_duplicates,,,,
LOGIQ_S8,sec_0054,268,5.4-flagged_for_review,,,,
LOGIQ_S8,sec_0054,268,5.4-structural_source,,,,
LOGIQ_S8,sec_0054,268,5.6-numbering_scheme,,,,
LOGIQ_S8,sec_0054,268,5.6-offset_applied,,,,
LOGIQ_S8,sec_0054,268,5.5-filters_discarding,,,,
LOGIQ_S8,sec_0054,268,5.5-filters_passing_noise,,,,
LOGIQ_S8,sec_0054,268,5.5-image_section_mapping,,,,
LOGIQ_S8,sec_0056,269,5.4-hierarchy_level,,,,
LOGIQ_S8,sec_0056,269,5.4-parent_child,,,,
LOGIQ_S8,sec_0056,269,5.4-page_start_end,,,,
LOGIQ_S8,sec_0056,269,5.4-hierarchy_path,,,,
LOGIQ_S8,sec_0056,269,5.4-gaps_duplicates,,,,
LOGIQ_S8,sec_0056,269,5.4-flagged_for_review,,,,
LOGIQ_S8,sec_0056,269,5.4-structural_source,,,,
LOGIQ_S8,sec_0056,269,5.6-numbering_scheme,,,,
LOGIQ_S8,sec_0056,269,5.6-offset_applied,,,,
LOGIQ_S8,sec_0056,269,5.5-filters_discarding,,,,
LOGIQ_S8,sec_0056,269,5.5-filters_passing_noise,,,,
LOGIQ_S8,sec_0056,269,5.5-image_section_mapping,,,,
LOGIQ_S8,sec_0058,282,5.4-hierarchy_level,,,,
LOGIQ_S8,sec_0058,282,5.4-parent_child,,,,
LOGIQ_S8,sec_0058,282,5.4-page_start_end,,,,
LOGIQ_S8,sec_0058,282,5.4-hierarchy_path,,,,
LOGIQ_S8,sec_0058,282,5.4-gaps_duplicates,,,,
LOGIQ_S8,sec_0058,282,5.4-flagged_for_review,,,,
LOGIQ_S8,sec_0058,282,5.4-structural_source,,,,
LOGIQ_S8,sec_0058,282,5.6-numbering_scheme,,,,
LOGIQ_S8,sec_0058,282,5.6-offset_applied,,,,
LOGIQ_S8,sec_0058,282,5.5-filters_discarding,,,,
LOGIQ_S8,sec_0058,282,5.5-filters_passing_noise,,,,
LOGIQ_S8,sec_0058,282,5.5-image_section_mapping,,,,
LOGIQ_S8,sec_0060,283,5.4-hierarchy_level,,,,
LOGIQ_S8,sec_0060,283,5.4-parent_child,,,,
LOGIQ_S8,sec_0060,283,5.4-page_start_end,,,,
LOGIQ_S8,sec_0060,283,5.4-hierarchy_path,,,,
LOGIQ_S8,sec_0060,283,5.4-gaps_duplicates,,,,
LOGIQ_S8,sec_0060,283,5.4-flagged_for_review,,,,
LOGIQ_S8,sec_0060,283,5.4-structural_source,,,,
LOGIQ_S8,sec_0060,283,5.6-numbering_scheme,,,,
LOGIQ_S8,sec_0060,283,5.6-offset_applied,,,,
LOGIQ_S8,sec_0060,283,5.6-table_content,FAIL,Low,"On p283 the Chapter 7 Contents table is #/tables/105. It has 8 rows, 7-1 Overview to 7-8 Error messages. Titles and section numbers match the render. The page cells keep a stray leading dot, for example '. 7-91'. Leader dots stay in the title cells.","Severity check note: the tool suggests Medium, but this is a Contents table. The lead rule says lost or noisy leader dots and page-number digits in a Contents table are Low. The digits are all kept. No value is lost or moved. CASE: still wrong. The text is the same as round one."
LOGIQ_S8,sec_0060,283,5.5-filters_discarding,,,,
LOGIQ_S8,sec_0060,283,5.5-filters_passing_noise,,,,
LOGIQ_S8,sec_0060,283,5.5-image_section_mapping,,,,
LOGIQ_S8,sec_0062,290,5.4-hierarchy_level,,,,
LOGIQ_S8,sec_0062,290,5.4-parent_child,,,,
LOGIQ_S8,sec_0062,290,5.4-page_start_end,,,,
LOGIQ_S8,sec_0062,290,5.4-hierarchy_path,,,,
LOGIQ_S8,sec_0062,290,5.4-gaps_duplicates,,,,
LOGIQ_S8,sec_0062,290,5.4-flagged_for_review,,,,
LOGIQ_S8,sec_0062,290,5.4-structural_source,,,,
LOGIQ_S8,sec_0062,290,5.6-numbering_scheme,,,,
LOGIQ_S8,sec_0062,290,5.6-offset_applied,,,,
LOGIQ_S8,sec_0062,290,5.6-table_content,PASS,,"No table on p290. The page has Figure 7-8 mostly, a Request Submitted dialog, a step 3 line, a NOTE and Figure 7-9. No table node has page_no 290 in sec_0062 and no grid is drawn.","The section table #/tables/106 is on p287, not sampled."
LOGIQ_S8,sec_0062,290,5.5-filters_discarding,,,,
LOGIQ_S8,sec_0062,290,5.5-filters_passing_noise,,,,
LOGIQ_S8,sec_0062,290,5.5-image_section_mapping,,,,
LOGIQ_S8,sec_0063,304,5.4-hierarchy_level,,,,
LOGIQ_S8,sec_0063,304,5.4-parent_child,,,,
LOGIQ_S8,sec_0063,304,5.4-page_start_end,,,,
LOGIQ_S8,sec_0063,304,5.4-hierarchy_path,,,,
LOGIQ_S8,sec_0063,304,5.4-gaps_duplicates,,,,
LOGIQ_S8,sec_0063,304,5.4-flagged_for_review,,,,
LOGIQ_S8,sec_0063,304,5.4-structural_source,,,,
LOGIQ_S8,sec_0063,304,5.6-numbering_scheme,,,,
LOGIQ_S8,sec_0063,304,5.6-offset_applied,,,,
LOGIQ_S8,sec_0063,304,5.6-table_content,FAIL,Medium,"On p304, Table 7-2 CSD Home Page (#/tables/109) has 7 numbered rows. In the text, rows 2 to 5 lose their column order. The row number is inside the label cell, for example ""2 Connected Probes"". ""Enabled Options and its expiration date"" is split as ""Options and its expiration | Enabled date"". ""Connected and system recognized peripheral listed"" is split too, and ""and system recognized"" sits in the middle column. In rows 6 and 7 the numbers 6 and 7 are at the end of the row, not first.","Probably a cell-structure error from the table reader (BUG-008). All words are present, but values are under the wrong columns, so Medium. Same text as round one. No base row exists to compare."
LOGIQ_S8,sec_0063,304,5.5-filters_discarding,,,,
LOGIQ_S8,sec_0063,304,5.5-filters_passing_noise,,,,
LOGIQ_S8,sec_0063,304,5.5-image_section_mapping,,,,
LOGIQ_S8,sec_0064,326,5.4-hierarchy_level,,,,
LOGIQ_S8,sec_0064,326,5.4-parent_child,,,,
LOGIQ_S8,sec_0064,326,5.4-page_start_end,,,,
LOGIQ_S8,sec_0064,326,5.4-hierarchy_path,,,,
LOGIQ_S8,sec_0064,326,5.4-gaps_duplicates,,,,
LOGIQ_S8,sec_0064,326,5.4-flagged_for_review,,,,
LOGIQ_S8,sec_0064,326,5.4-structural_source,,,,
LOGIQ_S8,sec_0064,326,5.6-numbering_scheme,,,,
LOGIQ_S8,sec_0064,326,5.6-offset_applied,,,,
LOGIQ_S8,sec_0064,326,5.6-table_content,PASS,,"No table on p326. The page has heading 7-5-5, a numbered list of 5 steps, a note and one screenshot of Microsoft Message Analyzer. No grid is drawn and no table node is on p326.",Nothing to compare on this page.
LOGIQ_S8,sec_0064,326,5.5-filters_discarding,,,,
LOGIQ_S8,sec_0064,326,5.5-filters_passing_noise,,,,
LOGIQ_S8,sec_0064,326,5.5-image_section_mapping,,,,
LOGIQ_S8,sec_0065,333,5.4-hierarchy_level,,,,
LOGIQ_S8,sec_0065,333,5.4-parent_child,,,,
LOGIQ_S8,sec_0065,333,5.4-page_start_end,,,,
LOGIQ_S8,sec_0065,333,5.4-hierarchy_path,,,,
LOGIQ_S8,sec_0065,333,5.4-gaps_duplicates,,,,
LOGIQ_S8,sec_0065,333,5.4-flagged_for_review,,,,
LOGIQ_S8,sec_0065,333,5.4-structural_source,,,,
LOGIQ_S8,sec_0065,333,5.6-numbering_scheme,,,,
LOGIQ_S8,sec_0065,333,5.6-offset_applied,,,,
LOGIQ_S8,sec_0065,333,5.6-table_content,PASS,,"Table 7-4 (#/tables/112) has 8 data rows: CRM Number, Agent Registered, Agent Quarantine, Agent CRM Verified, Model Number, Serial Number, System Type, Facility. Header is Element | Description. Each description matches the render. The Yes, No and Not Available values stay in the right cell.","Bullets are joined in one line with the bullet sign and the dash is a hyphen. This is cosmetic. Same text as round one, so I keep the round one decision after checking the render."
LOGIQ_S8,sec_0065,333,5.5-filters_discarding,,,,
LOGIQ_S8,sec_0065,333,5.5-filters_passing_noise,,,,
LOGIQ_S8,sec_0065,333,5.5-image_section_mapping,,,,
LOGIQ_S8,sec_0066,355,5.4-hierarchy_level,PASS,,"'Section 7-7 Troubleshooting Trees, Instructions and Tech Tips' is a section-level heading (hierarchy_level 2) printed under Chapter 7. Siblings sec_0065 and sec_0067 are also level 2. On p355 the running footer shows folio 7 - 73 and names this section.",
LOGIQ_S8,sec_0066,355,5.4-parent_child,PASS,,"parent_section_id is sec_0059 (Chapter 7, p283-376), which contains p350-p372. child_sections is empty. The numbered sub-headings on p355 are headings inside the section, not separate sections.","The bookmark list itself is not in the batch, so I judged nesting from the sibling levels and headings."
LOGIQ_S8,sec_0066,355,5.4-page_start_end,FAIL,Low,"The section starts on p350, but the page rendering shows 'Section 7-7' and the two running-header lines above the title. The first node in this section is #/texts/4643 (the title only, no 'Section 7-7'). Unlike p355, p356, p360 and p372, p350 has no 'GE Healthcare' header nodes here. The section ends correctly on p372 (#/tables/138), before 7-8 on p373.","Only boilerplate (running header and the 'Section 7-7' line) probably sits in the end of sec_0065, which is a Low pattern in the contract. I cannot see sec_0065 nodes in this batch, so the cause is a guess. Impact: none for retrieval. Reported once here, not repeated on the p360 row. verify_claims shows UNSUPPORTED because the page numbers are right; my evidence is the render (header lines and 'Section 7-7' printed on p350) against the first node text, so a human should confirm. Copied from the human-approved v1.8 row. verify_claims shows no automatic boundary signal because only boilerplate (running header/footer) crosses the boundary, which is Low by the contract."
LOGIQ_S8,sec_0066,355,5.4-hierarchy_path,PASS,,"hierarchy_path is '/Chapter 7/Section 7-7 Troubleshooting Trees, Instructions and Tech Tips'. It lists Chapter 7 then the section title, in the right order and matching the printed headings.",
LOGIQ_S8,sec_0066,355,5.4-gaps_duplicates,PASS,,"The section appears once, with 352 nodes in one unbroken range of semantic_order, and no duplicate node ids. Every page from p350 to p372 has nodes. No other section overlaps.",
LOGIQ_S8,sec_0066,355,5.4-flagged_for_review,PASS,,"flagged_for_review is false, verification_score is 100 and confidence is 1.0. The heading is visible on declared p350, so there is no uncertainty to confirm.",
LOGIQ_S8,sec_0066,355,5.4-structural_source,PASS,,"structural_source is 'toc' (a real bookmark), not inferred. The bookmark title matches the heading printed on p350.",
LOGIQ_S8,sec_0066,355,5.6-numbering_scheme,PASS,,numbering_scheme is arabic. The section uses chapter-page folios (p355 shows 7 - 73) and numbered headings. The scheme is the same as the neighbouring sections.,"The printed folio is chapter-page style, but physical page and bookmark page agree, so no folio is lost."
LOGIQ_S8,sec_0066,355,5.6-offset_applied,PASS,,"offset_applied is 0, like sec_0065 and sec_0067. The heading is on physical p350 as declared, so physical page equals bookmark page. Folio 7 - 73 on p355 agrees with the order of pages.",
LOGIQ_S8,sec_0066,355,5.6-table_content,PASS,,"p355 has no table. It shows the flowchart of Figure 7-65, kept as paragraph nodes (#/texts/4863-4901). No table node has page_no 355.","Section tables are on p350, p357, p358, p361, p364 and later pages."
LOGIQ_S8,sec_0066,355,5.5-filters_discarding,PASS,,"p355 has the flowchart of Figure 7-65 (Printer malfunction). img_0337 (805x1267, vector) shows all boxes, diamonds, yes/no labels and loop arrows. Nothing is missing.",
LOGIQ_S8,sec_0066,355,5.5-filters_passing_noise,PASS,,"I opened all five vector images of sec_0066: img_0331 (p351), img_0332 (p352), img_0333 (p353), img_0337 (p355) and img_0338 (p356). Each one is a flowchart only, and on all four edges there is no heading, note text, caption, rule or footer. img_0337 holds every box, diamond and yes/no label of Figure 7-65.","The raster images on p354, p359 to p363 and p371 are screenshots or photos and were not cropped from page text."
LOGIQ_S8,sec_0066,355,5.5-image_section_mapping,PASS,,"img_0337 is mapped to sec_0066, under 7-7-6 Printer Malfunction with caption 'Figure 7-65'. Only sec_0066 is on p355.",
LOGIQ_S8,sec_0067,376,5.4-hierarchy_level,,,,
LOGIQ_S8,sec_0067,376,5.4-parent_child,,,,
LOGIQ_S8,sec_0067,376,5.4-page_start_end,,,,
LOGIQ_S8,sec_0067,376,5.4-hierarchy_path,,,,
LOGIQ_S8,sec_0067,376,5.4-gaps_duplicates,,,,
LOGIQ_S8,sec_0067,376,5.4-flagged_for_review,,,,
LOGIQ_S8,sec_0067,376,5.4-structural_source,,,,
LOGIQ_S8,sec_0067,376,5.6-numbering_scheme,,,,
LOGIQ_S8,sec_0067,376,5.6-offset_applied,,,,
LOGIQ_S8,sec_0067,376,5.6-table_content,PASS,,"No table on p376. The page only says ""This page was intentionally left blank."" No table node has page_no 376.",Nothing to compare on this page.
LOGIQ_S8,sec_0067,376,5.5-filters_discarding,,,,
LOGIQ_S8,sec_0067,376,5.5-filters_passing_noise,,,,
LOGIQ_S8,sec_0067,376,5.5-image_section_mapping,,,,
LOGIQ_S8,sec_0069,377,5.4-hierarchy_level,,,,
LOGIQ_S8,sec_0069,377,5.4-parent_child,,,,
LOGIQ_S8,sec_0069,377,5.4-page_start_end,,,,
LOGIQ_S8,sec_0069,377,5.4-hierarchy_path,,,,
LOGIQ_S8,sec_0069,377,5.4-gaps_duplicates,,,,
LOGIQ_S8,sec_0069,377,5.4-flagged_for_review,,,,
LOGIQ_S8,sec_0069,377,5.4-structural_source,,,,
LOGIQ_S8,sec_0069,377,5.6-numbering_scheme,,,,
LOGIQ_S8,sec_0069,377,5.6-offset_applied,,,,
LOGIQ_S8,sec_0069,377,5.6-table_content,PASS,,"No table on p377. It is the Chapter 8 opening page with 8-1-1 Purpose of this chapter, notices and a short list. No table node has page_no 377.",Nothing to compare on this page.
LOGIQ_S8,sec_0069,377,5.5-filters_discarding,,,,
LOGIQ_S8,sec_0069,377,5.5-filters_passing_noise,,,,
LOGIQ_S8,sec_0069,377,5.5-image_section_mapping,,,,
LOGIQ_S8,sec_0072,384,5.4-hierarchy_level,,,,
LOGIQ_S8,sec_0072,384,5.4-parent_child,,,,
LOGIQ_S8,sec_0072,384,5.4-page_start_end,,,,
LOGIQ_S8,sec_0072,384,5.4-hierarchy_path,,,,
LOGIQ_S8,sec_0072,384,5.4-gaps_duplicates,,,,
LOGIQ_S8,sec_0072,384,5.4-flagged_for_review,,,,
LOGIQ_S8,sec_0072,384,5.4-structural_source,,,,
LOGIQ_S8,sec_0072,384,5.6-numbering_scheme,,,,
LOGIQ_S8,sec_0072,384,5.6-offset_applied,,,,
LOGIQ_S8,sec_0072,384,5.6-table_content,FAIL,Medium,"Table 8-2 Kit applicability (#/tables/143) on p384: the body rows match the render. Low, Mid and High rows, the Yes/No values and bays A to E agree, and a label written once for a merged cell is normal. But the header cell ""Cabinet Type"" is missing. The first header cell is empty in both header rows. The words are not elsewhere in sec_0072 nodes.","Probably a lost header cell in the table reader (BUG-008). Rows Low, Mid and High still sit in the first column, so retrieval partly works. I grade Medium because header words are lost. A reviewer may prefer Low. Same text as round one."
LOGIQ_S8,sec_0072,384,5.5-filters_discarding,,,,
LOGIQ_S8,sec_0072,384,5.5-filters_passing_noise,,,,
LOGIQ_S8,sec_0072,384,5.5-image_section_mapping,,,,
LOGIQ_S8,sec_0074,390,5.4-hierarchy_level,PASS,,'Section 8-6 System Software - Installation/Upgrade Procedure' is a section-level heading (hierarchy_level 2) printed under Chapter 8. Siblings sec_0073 and sec_0075 are also level 2. On p390 the running footer shows folio 8 - 14 and names this section.,
LOGIQ_S8,sec_0074,390,5.4-parent_child,PASS,,"parent_section_id is sec_0068 (Chapter 8, p377-766), which contains p387-p463. child_sections is empty. The numbered sub-headings on p390 are headings inside the section, not separate sections.","The bookmark list itself is not in the batch, so I judged nesting from the sibling levels and headings."
LOGIQ_S8,sec_0074,390,5.4-page_start_end,PASS,,"The section starts on p387 with the heading 'Section 8-6 System Software - Installation/Upgrade Procedure' (#/texts/5159) and 8-6-1 Introduction. It ends on p463 with 8-6-12-13 Power Shut Down and its table (#/tables/193). Section 8-7 starts on p464, so no foreign content is absorbed.",
LOGIQ_S8,sec_0074,390,5.4-hierarchy_path,PASS,,"hierarchy_path is '/Chapter 8/Section 8-6 System Software - Installation/Upgrade Procedure'. It lists Chapter 8 then the section title, in the right order and matching the printed headings.",
LOGIQ_S8,sec_0074,390,5.4-gaps_duplicates,PASS,,"The section appears once, with 878 nodes in one unbroken range of semantic_order, and no duplicate node ids. Every page from p387 to p463 has nodes. No other section overlaps.",
LOGIQ_S8,sec_0074,390,5.4-flagged_for_review,PASS,,"flagged_for_review is false, verification_score is 100 and confidence is 1.0. The heading is visible on declared p387, so there is no uncertainty to confirm.",
LOGIQ_S8,sec_0074,390,5.4-structural_source,PASS,,"structural_source is 'toc' (a real bookmark), not inferred. The bookmark title matches the heading printed on p387.",
LOGIQ_S8,sec_0074,390,5.6-numbering_scheme,PASS,,numbering_scheme is arabic. The section uses chapter-page folios (p390 shows 8 - 14) and numbered headings. The scheme is the same as the neighbouring sections.,"The printed folio is chapter-page style, but physical page and bookmark page agree, so no folio is lost."
LOGIQ_S8,sec_0074,390,5.6-offset_applied,PASS,,"offset_applied is 0, like sec_0073 and sec_0075. The heading is on physical p387 as declared, so physical page equals bookmark page. Folio 8 - 14 on p390 agrees with the order of pages.",
LOGIQ_S8,sec_0074,390,5.6-table_content,PASS,,"Table 8-4 (#/tables/145) and Table 8-5 (#/tables/146) match the page cell by cell. COMPUTER NAME, Enable DHCP (ON / OFF), IP ADDRESS, SUBNET MASK, DEFAULT GATEWAY and NETWORK SPEED stay in column 1. Blank VALUE cells are blank in the print too.",Same as base: both PASS. Empty value cells are forms to fill in.
LOGIQ_S8,sec_0074,390,5.5-filters_discarding,PASS,,"p390 has one picture, Figure 8-3 (TCP/IP settings screen). img_0373 (591x316) shows the whole screen. Nothing is missing.",
LOGIQ_S8,sec_0074,390,5.5-filters_passing_noise,FAIL,Low,"Step text is kept inside vector images of sec_0074. img_0488 (p452, 750x549) has the step line '19.) Press Submit.' at the top edge. img_0497 (p456, 778x549) has the same line '19.) Press Submit.' at the top edge. The image on p390 itself, img_0373, is clean. In both crops the line is also a text node on the page, and the screenshot below it is complete.","Graded once for the whole section, on the first sampled page. The crop box probably starts above the screenshot and takes the step line. No bottom edge text: the p452 image ends with the 'Result of ExecutionCompleted' strip and step 20 is not inside it. Impact: cosmetic. Contract: Low."
LOGIQ_S8,sec_0074,390,5.5-image_section_mapping,PASS,,img_0373 is mapped to sec_0074 under 8-6-6-2 and above 'Figure 8-3 TCP/IP settings'. Only sec_0074 is on p390.,
LOGIQ_S8,sec_0075,464,5.4-hierarchy_level,,,,
LOGIQ_S8,sec_0075,464,5.4-parent_child,,,,
LOGIQ_S8,sec_0075,464,5.4-page_start_end,,,,
LOGIQ_S8,sec_0075,464,5.4-hierarchy_path,,,,
LOGIQ_S8,sec_0075,464,5.4-gaps_duplicates,,,,
LOGIQ_S8,sec_0075,464,5.4-flagged_for_review,,,,
LOGIQ_S8,sec_0075,464,5.4-structural_source,,,,
LOGIQ_S8,sec_0075,464,5.6-numbering_scheme,,,,
LOGIQ_S8,sec_0075,464,5.6-offset_applied,,,,
LOGIQ_S8,sec_0075,464,5.6-table_content,PASS,,"No table on p464. It has the Section 8-7 heading, 8-7-1 text, a short list and two NOTE lines. No table node has page_no 464.",Nothing to compare on this page.
LOGIQ_S8,sec_0075,464,5.5-filters_discarding,,,,
LOGIQ_S8,sec_0075,464,5.5-filters_passing_noise,,,,
LOGIQ_S8,sec_0075,464,5.5-image_section_mapping,,,,
LOGIQ_S8,sec_0076,471,5.4-hierarchy_level,,,,
LOGIQ_S8,sec_0076,471,5.4-parent_child,,,,
LOGIQ_S8,sec_0076,471,5.4-page_start_end,,,,
LOGIQ_S8,sec_0076,471,5.4-hierarchy_path,,,,
LOGIQ_S8,sec_0076,471,5.4-gaps_duplicates,,,,
LOGIQ_S8,sec_0076,471,5.4-flagged_for_review,,,,
LOGIQ_S8,sec_0076,471,5.4-structural_source,,,,
LOGIQ_S8,sec_0076,471,5.6-numbering_scheme,,,,
LOGIQ_S8,sec_0076,471,5.6-offset_applied,,,,
LOGIQ_S8,sec_0076,471,5.5-filters_discarding,,,,
LOGIQ_S8,sec_0076,471,5.5-filters_passing_noise,,,,
LOGIQ_S8,sec_0076,471,5.5-image_section_mapping,,,,
LOGIQ_S8,sec_0079,478,5.4-hierarchy_level,,,,
LOGIQ_S8,sec_0079,478,5.4-parent_child,,,,
LOGIQ_S8,sec_0079,478,5.4-page_start_end,,,,
LOGIQ_S8,sec_0079,478,5.4-hierarchy_path,,,,
LOGIQ_S8,sec_0079,478,5.4-gaps_duplicates,,,,
LOGIQ_S8,sec_0079,478,5.4-flagged_for_review,,,,
LOGIQ_S8,sec_0079,478,5.4-structural_source,,,,
LOGIQ_S8,sec_0079,478,5.6-numbering_scheme,,,,
LOGIQ_S8,sec_0079,478,5.6-offset_applied,,,,
LOGIQ_S8,sec_0079,478,5.6-table_content,FAIL,Low,"On p478, the render shows a Step | Illustration grid with step 4 ""Pull out Side Cover (L). There is mechanical hook on bottom of the part."" This is the continuation of #/tables/198 from p477. No table node is on p478. ""Step"" (#/texts/6198) and ""Illustration"" (#/texts/6200) are heading nodes, and the step text is paragraph #/texts/6199. The step number 4 is not kept.","Probably the table continued on a new page and was not read as a table (BUG-008). The step text is kept in nearby nodes, so retrieval still works. Low. The photo is graded in 5.5 rows, not here."
LOGIQ_S8,sec_0079,478,5.5-filters_discarding,,,,
LOGIQ_S8,sec_0079,478,5.5-filters_passing_noise,,,,
LOGIQ_S8,sec_0079,478,5.5-image_section_mapping,,,,
LOGIQ_S8,sec_0080,484,5.4-hierarchy_level,,,,
LOGIQ_S8,sec_0080,484,5.4-parent_child,,,,
LOGIQ_S8,sec_0080,484,5.4-page_start_end,,,,
LOGIQ_S8,sec_0080,484,5.4-hierarchy_path,,,,
LOGIQ_S8,sec_0080,484,5.4-gaps_duplicates,,,,
LOGIQ_S8,sec_0080,484,5.4-flagged_for_review,,,,
LOGIQ_S8,sec_0080,484,5.4-structural_source,,,,
LOGIQ_S8,sec_0080,484,5.6-numbering_scheme,,,,
LOGIQ_S8,sec_0080,484,5.6-offset_applied,,,,
LOGIQ_S8,sec_0080,484,5.6-table_content,PASS,,"No table on p484. It has the Section 8-12 Rear Cover Replacement (cont'd) heading, a NOTE and one picture of the rear cover label. No table node has page_no 484.",Nothing to compare on this page.
LOGIQ_S8,sec_0080,484,5.5-filters_discarding,,,,
LOGIQ_S8,sec_0080,484,5.5-filters_passing_noise,,,,
LOGIQ_S8,sec_0080,484,5.5-image_section_mapping,,,,
LOGIQ_S8,sec_0083,491,5.4-hierarchy_level,PASS,,'Section 8-15 Monitor and Monitor Arm Plastic Covers Replacement' is a section-level heading (hierarchy_level 2) printed under Chapter 8. Siblings sec_0082 and sec_0084 are also level 2. On p491 the running footer shows folio 8 - 115 and names this section.,
LOGIQ_S8,sec_0083,491,5.4-parent_child,PASS,,"parent_section_id is sec_0068 (Chapter 8, p377-766), which contains p491-p502. child_sections is empty. The numbered sub-headings on p491 are headings inside the section, not separate sections.","The bookmark list itself is not in the batch, so I judged nesting from the sibling levels and headings."
LOGIQ_S8,sec_0083,491,5.4-page_start_end,PASS,,"The section starts on p491 with the heading 'Section 8-15 Monitor and Monitor Arm Plastic Covers Replacement' (#/texts/6336) and 8-15-1 Manpower. It ends on p502 with 8-15-7-3 Functional Checks and its table (#/tables/205). Section 8-16 starts on p503, so no foreign content is absorbed.",
LOGIQ_S8,sec_0083,491,5.4-hierarchy_path,PASS,,"hierarchy_path is '/Chapter 8/Section 8-15 Monitor and Monitor Arm Plastic Covers Replacement'. It lists Chapter 8 then the section title, in the right order and matching the printed headings.",
LOGIQ_S8,sec_0083,491,5.4-gaps_duplicates,PASS,,"The section appears once, with 160 nodes in one unbroken range of semantic_order, and no duplicate node ids. Every page from p491 to p502 has nodes. No other section overlaps.",
LOGIQ_S8,sec_0083,491,5.4-flagged_for_review,PASS,,"flagged_for_review is false, verification_score is 100 and confidence is 1.0. The heading is visible on declared p491, so there is no uncertainty to confirm.",
LOGIQ_S8,sec_0083,491,5.4-structural_source,PASS,,"structural_source is 'toc' (a real bookmark), not inferred. The bookmark title matches the heading printed on p491.",
LOGIQ_S8,sec_0083,491,5.6-numbering_scheme,PASS,,numbering_scheme is arabic. The section uses chapter-page folios (p491 shows 8 - 115) and numbered headings. The scheme is the same as the neighbouring sections.,"The printed folio is chapter-page style, but physical page and bookmark page agree, so no folio is lost."
LOGIQ_S8,sec_0083,491,5.6-offset_applied,PASS,,"offset_applied is 0, like sec_0082 and sec_0084. The heading is on physical p491 as declared, so physical page equals bookmark page. Folio 8 - 115 on p491 agrees with the order of pages.",
LOGIQ_S8,sec_0083,491,5.6-table_content,FAIL,Low,"p491 has two grids: 8-15-3-1 Preparations and 8-15-3-2 Remove Procedure. No table node has page_no 491, 492 or 493. The grids come out as paragraphs: 'Step', 'Illustration' (#/texts/6542-6543, 6548-6549), '1.' plus 'Lock the Monitor Arm to prevent hazard.', and 'Loosen 2 screws, then remove the Monitor rear panel.' The '1.' of the Remove row is not in the text. On p492 the numbers 2 and 3 are also missing.","Header rows are not recognised as a table. The step text and its order are kept, and the numbers are visible in the vector images img_0543 and img_0544. Impact: low. Compared with base v1.8: same. No table node on p491 to p493 in v1.10 either."
LOGIQ_S8,sec_0083,491,5.5-filters_discarding,FAIL,Critical,"On p502, Table 8-39 has a 'Corresponding Graphic' cell with a drawing of the arm covers and part numbers 1 to 6. images.json has no image on p502 (the last image is img_0564 on p501). Table #/tables/204 keeps only the loose text '3 2 4 5 6' in that cell. The drawing is a vector figure and was dropped.","Contract: a meaningful vector figure missing from the output, whose information is not in the text, is Critical. The step text names covers 1 to 5 but not the layout, and part 6 appears only in the drawing. Also on p491, the yellow circle and arrow around the lock lever in the first photo are not in the raster img_0542; the word 'Locked' stays as text (#/texts/6546). That second point is minor and not graded separately."
LOGIQ_S8,sec_0083,491,5.5-filters_passing_noise,FAIL,Low,"Heading, table header and step text are kept inside vector images of sec_0083. img_0543 (p491, 1094x446) has the heading '8-15-3-2 Remove Procedure' at the top edge, the Step and Illustration header cells, the step '1. Loosen 2 screws, then remove the Monitor rear panel.' and the table borders. img_0544 (p492, 1095x786) has the Step and Illustration header cells at the top edge, the texts of steps 2 and 3 and the table borders. img_0548 (p494) is a clean photo.","Graded once for the whole section. The photos and arrows in the crops are useful, but the table text is repeated in nodes #/texts/6347-6351 and 6354-6355. Probably the pipeline renders whole table rows as images. Impact: cosmetic. Contract: Low."
LOGIQ_S8,sec_0083,491,5.5-image_section_mapping,PASS,,"All 23 images (img_0542-img_0564) are mapped to sec_0083, and the section owns p491 to p502. On p491, img_0542 (lock arm photo) and img_0543 (rear panel row) belong to the 8-15-3 steps. No other section shares these pages.","The missing p502 drawing is graded once, in the discarding row."
LOGIQ_S8,sec_0084,504,5.4-hierarchy_level,,,,
LOGIQ_S8,sec_0084,504,5.4-parent_child,,,,
LOGIQ_S8,sec_0084,504,5.4-page_start_end,,,,
LOGIQ_S8,sec_0084,504,5.4-hierarchy_path,,,,
LOGIQ_S8,sec_0084,504,5.4-gaps_duplicates,,,,
LOGIQ_S8,sec_0084,504,5.4-flagged_for_review,,,,
LOGIQ_S8,sec_0084,504,5.4-structural_source,,,,
LOGIQ_S8,sec_0084,504,5.6-numbering_scheme,,,,
LOGIQ_S8,sec_0084,504,5.6-offset_applied,,,,
LOGIQ_S8,sec_0084,504,5.6-table_content,PASS,,"No table on p504. The parts-nesting diagram under 8-16-3 is a drawing with boxes and lines, not a table. No table node has page_no 504.",
LOGIQ_S8,sec_0084,504,5.5-filters_discarding,,,,
LOGIQ_S8,sec_0084,504,5.5-filters_passing_noise,,,,
LOGIQ_S8,sec_0084,504,5.5-image_section_mapping,,,,
LOGIQ_S8,sec_0085,538,5.4-hierarchy_level,,,,
LOGIQ_S8,sec_0085,538,5.4-parent_child,,,,
LOGIQ_S8,sec_0085,538,5.4-page_start_end,,,,
LOGIQ_S8,sec_0085,538,5.4-hierarchy_path,,,,
LOGIQ_S8,sec_0085,538,5.4-gaps_duplicates,,,,
LOGIQ_S8,sec_0085,538,5.4-flagged_for_review,,,,
LOGIQ_S8,sec_0085,538,5.4-structural_source,,,,
LOGIQ_S8,sec_0085,538,5.6-numbering_scheme,,,,
LOGIQ_S8,sec_0085,538,5.6-offset_applied,,,,
LOGIQ_S8,sec_0085,538,5.6-table_content,PASS,,"No table on p538. The page has Figure 8-76, steps 5 and 6 as paragraphs (#/texts/6898, #/texts/6899) and Figure 8-77. No table node has page_no 538.",
LOGIQ_S8,sec_0085,538,5.5-filters_discarding,,,,
LOGIQ_S8,sec_0085,538,5.5-filters_passing_noise,,,,
LOGIQ_S8,sec_0085,538,5.5-image_section_mapping,,,,
LOGIQ_S8,sec_0086,558,5.4-hierarchy_level,,,,
LOGIQ_S8,sec_0086,558,5.4-parent_child,,,,
LOGIQ_S8,sec_0086,558,5.4-page_start_end,,,,
LOGIQ_S8,sec_0086,558,5.4-hierarchy_path,,,,
LOGIQ_S8,sec_0086,558,5.4-gaps_duplicates,,,,
LOGIQ_S8,sec_0086,558,5.4-flagged_for_review,,,,
LOGIQ_S8,sec_0086,558,5.4-structural_source,,,,
LOGIQ_S8,sec_0086,558,5.6-numbering_scheme,,,,
LOGIQ_S8,sec_0086,558,5.6-offset_applied,,,,
LOGIQ_S8,sec_0086,558,5.6-table_content,FAIL,Low,"On p558 the page top shows a continued Step/Illustration table with one row, step 4 'Separate BF192 and PID.' and a photo. No table node exists for it. The cells are loose paragraphs: '4.' (#/texts/7104), 'Separate BF192 and PID.' (#/texts/7105), then 'Step' and 'Illustration' (#/texts/7106, #/texts/7107).","The grid is flattened to paragraphs and the repeated header comes after the row. The step number and text stay together and no value is in a wrong column, so Low. Probably the re-read does not apply because Docling made no table here. Probable cause: BUG-008."
LOGIQ_S8,sec_0086,558,5.5-filters_discarding,,,,
LOGIQ_S8,sec_0086,558,5.5-filters_passing_noise,,,,
LOGIQ_S8,sec_0086,558,5.5-image_section_mapping,,,,
LOGIQ_S8,sec_0087,572,5.4-hierarchy_level,,,,
LOGIQ_S8,sec_0087,572,5.4-parent_child,,,,
LOGIQ_S8,sec_0087,572,5.4-page_start_end,,,,
LOGIQ_S8,sec_0087,572,5.4-hierarchy_path,,,,
LOGIQ_S8,sec_0087,572,5.4-gaps_duplicates,,,,
LOGIQ_S8,sec_0087,572,5.4-flagged_for_review,,,,
LOGIQ_S8,sec_0087,572,5.4-structural_source,,,,
LOGIQ_S8,sec_0087,572,5.6-numbering_scheme,,,,
LOGIQ_S8,sec_0087,572,5.6-offset_applied,,,,
LOGIQ_S8,sec_0087,572,5.6-table_content,PASS,,"Table #/tables/222 on p572 has the header Step, (blank), Illustration and three rows: 1 'Remove the front cover.', 2 'Unscrew 4 screws and remove the Indicator Bracket.', 3 'Unscrew 4 screws and remove the Fan Bracket.' All steps and texts match the render and sit in the right cells. The Illustration cells hold photos, so they are blank in the text. The blank middle header is a normal spanned header.",Same text as round one (re-read kept).
LOGIQ_S8,sec_0087,572,5.5-filters_discarding,,,,
LOGIQ_S8,sec_0087,572,5.5-filters_passing_noise,,,,
LOGIQ_S8,sec_0087,572,5.5-image_section_mapping,,,,
LOGIQ_S8,sec_0088,578,5.4-hierarchy_level,,,,
LOGIQ_S8,sec_0088,578,5.4-parent_child,,,,
LOGIQ_S8,sec_0088,578,5.4-page_start_end,,,,
LOGIQ_S8,sec_0088,578,5.4-hierarchy_path,,,,
LOGIQ_S8,sec_0088,578,5.4-gaps_duplicates,,,,
LOGIQ_S8,sec_0088,578,5.4-flagged_for_review,,,,
LOGIQ_S8,sec_0088,578,5.4-structural_source,,,,
LOGIQ_S8,sec_0088,578,5.6-numbering_scheme,,,,
LOGIQ_S8,sec_0088,578,5.6-offset_applied,,,,
LOGIQ_S8,sec_0088,578,5.6-table_content,FAIL,Low,"On p578 the page shows Table 8-41 with rows 6 and 7 (screws and CPS-Cover-bracket, two harnesses from CPS2) and photos. No table node has page_no 578. The cells are loose paragraphs: '6', 'Remove screws securing CPS-Cover-bracket and' and 'open the cover-bracket.' (#/texts/7290 to #/texts/7292), '7' and its text (#/texts/7293 to #/texts/7295). 'Step', 'Instruction' and 'Illustration' come after them (#/texts/7296 to #/texts/7298).","The continued table is flattened to paragraphs. Step numbers, text and order are kept, so Low. Probably Docling did not detect the table on this page. Probable cause: BUG-008."
LOGIQ_S8,sec_0088,578,5.5-filters_discarding,,,,
LOGIQ_S8,sec_0088,578,5.5-filters_passing_noise,,,,
LOGIQ_S8,sec_0088,578,5.5-image_section_mapping,,,,
LOGIQ_S8,sec_0091,585,5.4-hierarchy_level,PASS,,On p585 the 'Section 8-23' heading is a section-level title under Chapter 8. sec_0091 has hierarchy_level 2 and parent sec_0068 (level 1). This matches the nesting.,
LOGIQ_S8,sec_0091,585,5.4-parent_child,PASS,,"sec_0091 has parent_section_id sec_0068 (Chapter 8), which lists sec_0091 as a child. child_sections is empty. The 8-23-x items are plain headings inside the section, not TOC entries. The structure is consistent.",
LOGIQ_S8,sec_0091,585,5.4-page_start_end,PASS,,"The heading 'Section 8-23' starts at the top of p585 (page footer 8-209). Node #/texts/7529 '8-23-6 Functional Check' and its table #/tables/232 end on p595 (footer 8-219). All sampled pages p585, p587, p591 and p595 show only 8-23 content. The next section sec_0092 starts on p596.",
LOGIQ_S8,sec_0091,585,5.4-hierarchy_path,PASS,,"hierarchy_path is '/Chapter 8/Section 8-23 Replacement of the SOM, HDD and DVR'. This matches the p585 heading and its parent sec_0068 'Chapter 8'. The order is correct.",
LOGIQ_S8,sec_0091,585,5.4-gaps_duplicates,PASS,,"Page range 585-595 follows sec_0090 (p582-584) and precedes sec_0092 (p596), with no gap or overlap. The heading '8-23-5-2 Initializing EEPROM' repeats on p592 and p593 as '(cont'd)'. This is printed repetition, not a duplicated section.",
LOGIQ_S8,sec_0091,585,5.4-flagged_for_review,PASS,,"flagged_for_review is false, confidence 1.0, verification_score 100. The p585 heading matches the title and page, so no flag is needed.",
LOGIQ_S8,sec_0091,585,5.4-structural_source,PASS,,structural_source is 'toc'. The p585 heading text matches the bookmark title and sits at the declared page_start 585 with offset_applied 0. This supports the TOC source.,
LOGIQ_S8,sec_0091,585,5.6-numbering_scheme,PASS,,"numbering_scheme is 'arabic'. The printed footers are 8-209 on p585, 8-211 on p587, 8-215 on p591 and 8-219 on p595. This is the chapter-page arabic convention.",
LOGIQ_S8,sec_0091,585,5.6-offset_applied,PASS,,offset_applied is 0. The section heading is on physical page 585 as declared in page_start. The printed folios 8-209 to 8-219 advance one per physical page from p585 to p595. The mapping is consistent.,
LOGIQ_S8,sec_0091,585,5.6-table_content,PASS,,"No table on p585. The page has the heading of Section 8-23, headings 8-23-1 to 8-23-3, step 1 and Figure 8-117 with callouts. The coloured boxes are drawing labels, not a table. No table node has page_no 585.","Base v1.8 PASS judged other pages (p591 and p595, text only for p588 and p589). This row only covers p585, so there is no change to compare."
LOGIQ_S8,sec_0091,585,5.5-filters_discarding,PASS,,"Vector figures were kept: img_0725 is the full Figure 8-117 on p585, img_0736 is Figure 8-122 on p587 and img_0743 is Figure 8-127 on p591. Raster photos on p587 (img_0732 to img_0735, Figures 8-121 and 8-123) were kept. No missing figure was seen on the sampled pages.","verify_claims reports two raster photos on p585 (290x240 and 500x396 px) missing from images_v1.json as separate files. I checked img_0725 (vector, 903x709): it contains both board photos plus the screw callouts, so the figure is kept as one composite. Not a loss, but the two photos have no separate image entries. Rechecked in v1.10: I viewed img_0725 and both board photos are inside the vector render, so the claims warning is a false alarm."
LOGIQ_S8,sec_0091,585,5.5-filters_passing_noise,PASS,,"All 24 images (img_0725 to img_0748) in sec_0091 are real figures or screenshots, such as the board photos, VPD Editor screens and the question dialog. The sampled pages show no logo, rule or footer divider kept as an image.",
LOGIQ_S8,sec_0091,585,5.5-image_section_mapping,PASS,,"All images are mapped to sec_0091. They sit on p585-p595 and each belongs to the 8-23 procedure, for example Figure 8-117 on p585 and Figure 8-133 as img_0748 on p595. No sibling section shares these pages.",
LOGIQ_S8,sec_0092,598,5.4-hierarchy_level,,,,
LOGIQ_S8,sec_0092,598,5.4-parent_child,,,,
LOGIQ_S8,sec_0092,598,5.4-page_start_end,,,,
LOGIQ_S8,sec_0092,598,5.4-hierarchy_path,,,,
LOGIQ_S8,sec_0092,598,5.4-gaps_duplicates,,,,
LOGIQ_S8,sec_0092,598,5.4-flagged_for_review,,,,
LOGIQ_S8,sec_0092,598,5.4-structural_source,,,,
LOGIQ_S8,sec_0092,598,5.6-numbering_scheme,,,,
LOGIQ_S8,sec_0092,598,5.6-offset_applied,,,,
LOGIQ_S8,sec_0092,598,5.6-table_content,PASS,,No table on p598. The page has only the photo Figure 8-134 with labels 1 to 5 and its caption. No table node has page_no 598.,
LOGIQ_S8,sec_0092,598,5.5-filters_discarding,,,,
LOGIQ_S8,sec_0092,598,5.5-filters_passing_noise,,,,
LOGIQ_S8,sec_0092,598,5.5-image_section_mapping,,,,
LOGIQ_S8,sec_0093,612,5.4-hierarchy_level,,,,
LOGIQ_S8,sec_0093,612,5.4-parent_child,,,,
LOGIQ_S8,sec_0093,612,5.4-page_start_end,,,,
LOGIQ_S8,sec_0093,612,5.4-hierarchy_path,,,,
LOGIQ_S8,sec_0093,612,5.4-gaps_duplicates,,,,
LOGIQ_S8,sec_0093,612,5.4-flagged_for_review,,,,
LOGIQ_S8,sec_0093,612,5.4-structural_source,,,,
LOGIQ_S8,sec_0093,612,5.6-numbering_scheme,,,,
LOGIQ_S8,sec_0093,612,5.6-offset_applied,,,,
LOGIQ_S8,sec_0093,612,5.6-table_content,PASS,,"Table #/tables/243 on p612 has the headers Step, Instruction, Illustration and one row: 1 'Simply pull out Probe Holder from its location.' The text 'Small Probe Cup Probe Holder' in the Illustration cell comes from photo labels. 'Probe Holder Removed' is a third label that is not in the cell. The step text is in the right column.","Same text as round one (re-read kept). A lost photo label is not instruction text, so PASS."
LOGIQ_S8,sec_0093,612,5.5-filters_discarding,,,,
LOGIQ_S8,sec_0093,612,5.5-filters_passing_noise,,,,
LOGIQ_S8,sec_0093,612,5.5-image_section_mapping,,,,
LOGIQ_S8,sec_0095,618,5.4-hierarchy_level,,,,
LOGIQ_S8,sec_0095,618,5.4-parent_child,,,,
LOGIQ_S8,sec_0095,618,5.4-page_start_end,,,,
LOGIQ_S8,sec_0095,618,5.4-hierarchy_path,,,,
LOGIQ_S8,sec_0095,618,5.4-gaps_duplicates,,,,
LOGIQ_S8,sec_0095,618,5.4-flagged_for_review,,,,
LOGIQ_S8,sec_0095,618,5.4-structural_source,,,,
LOGIQ_S8,sec_0095,618,5.6-numbering_scheme,,,,
LOGIQ_S8,sec_0095,618,5.6-offset_applied,,,,
LOGIQ_S8,sec_0095,618,5.6-table_content,FAIL,Medium,"In #/tables/249 on p618, row 4 reads '4. | Remove the DVD cable connectors from the DVD | drive as necessary.' The words 'drive as necessary.' are in the Illustration column. On the page they end the Instruction cell 'Remove the DVD cable connectors from the DVD drive as necessary.' Rows 2 and 3 and the headers Step, Instruction, Illustration match the render.","CASE: still wrong. The row 4 wrap is still in the wrong cell after the re-read (BUG-008). Same as round one, so no regression and no fix. Medium: a value sits under the wrong column."
LOGIQ_S8,sec_0095,618,5.5-filters_discarding,,,,
LOGIQ_S8,sec_0095,618,5.5-filters_passing_noise,,,,
LOGIQ_S8,sec_0095,618,5.5-image_section_mapping,,,,
LOGIQ_S8,sec_0097,639,5.4-hierarchy_level,,,,
LOGIQ_S8,sec_0097,639,5.4-parent_child,,,,
LOGIQ_S8,sec_0097,639,5.4-page_start_end,,,,
LOGIQ_S8,sec_0097,639,5.4-hierarchy_path,,,,
LOGIQ_S8,sec_0097,639,5.4-gaps_duplicates,,,,
LOGIQ_S8,sec_0097,639,5.4-flagged_for_review,,,,
LOGIQ_S8,sec_0097,639,5.4-structural_source,,,,
LOGIQ_S8,sec_0097,639,5.6-numbering_scheme,,,,
LOGIQ_S8,sec_0097,639,5.6-offset_applied,,,,
LOGIQ_S8,sec_0097,639,5.6-table_content,PASS,,"Table #/tables/262 on p639 has the headers Step, Instruction, Illustration and one row: 1 'Remove HDMI CABLE from console.' The text matches the render and sits in the Instruction column. The Illustration cell is a photo.",Same text as round one (re-read kept).
LOGIQ_S8,sec_0097,639,5.5-filters_discarding,,,,
LOGIQ_S8,sec_0097,639,5.5-filters_passing_noise,,,,
LOGIQ_S8,sec_0097,639,5.5-image_section_mapping,,,,
LOGIQ_S8,sec_0099,659,5.4-hierarchy_level,,,,
LOGIQ_S8,sec_0099,659,5.4-parent_child,,,,
LOGIQ_S8,sec_0099,659,5.4-page_start_end,,,,
LOGIQ_S8,sec_0099,659,5.4-hierarchy_path,,,,
LOGIQ_S8,sec_0099,659,5.4-gaps_duplicates,,,,
LOGIQ_S8,sec_0099,659,5.4-flagged_for_review,,,,
LOGIQ_S8,sec_0099,659,5.4-structural_source,,,,
LOGIQ_S8,sec_0099,659,5.6-numbering_scheme,,,,
LOGIQ_S8,sec_0099,659,5.6-offset_applied,,,,
LOGIQ_S8,sec_0099,659,5.5-filters_discarding,,,,
LOGIQ_S8,sec_0099,659,5.5-filters_passing_noise,,,,
LOGIQ_S8,sec_0099,659,5.5-image_section_mapping,,,,
LOGIQ_S8,sec_0100,665,5.4-hierarchy_level,,,,
LOGIQ_S8,sec_0100,665,5.4-parent_child,,,,
LOGIQ_S8,sec_0100,665,5.4-page_start_end,,,,
LOGIQ_S8,sec_0100,665,5.4-hierarchy_path,,,,
LOGIQ_S8,sec_0100,665,5.4-gaps_duplicates,,,,
LOGIQ_S8,sec_0100,665,5.4-flagged_for_review,,,,
LOGIQ_S8,sec_0100,665,5.4-structural_source,,,,
LOGIQ_S8,sec_0100,665,5.6-numbering_scheme,,,,
LOGIQ_S8,sec_0100,665,5.6-offset_applied,,,,
LOGIQ_S8,sec_0100,665,5.6-table_content,PASS,,"Table #/tables/271 on p665 has the headers Step, (blank), Illustration and rows 4 to 7: 'Loosen 2 screws, then remove the 2nd arm cover.', 'Remove 4 cable ties.', 'Loosen 1 screw and remove the 1st arm cover polaris.', 'Loosen 1 screw and remove cable guide bracket.' All match the render and the step numbers are in order. The blank middle header is a normal spanned header.",Same text as round one (re-read kept).
LOGIQ_S8,sec_0100,665,5.5-filters_discarding,,,,
LOGIQ_S8,sec_0100,665,5.5-filters_passing_noise,,,,
LOGIQ_S8,sec_0100,665,5.5-image_section_mapping,,,,
LOGIQ_S8,sec_0102,672,5.4-hierarchy_level,,,,
LOGIQ_S8,sec_0102,672,5.4-parent_child,,,,
LOGIQ_S8,sec_0102,672,5.4-page_start_end,,,,
LOGIQ_S8,sec_0102,672,5.4-hierarchy_path,,,,
LOGIQ_S8,sec_0102,672,5.4-gaps_duplicates,,,,
LOGIQ_S8,sec_0102,672,5.4-flagged_for_review,,,,
LOGIQ_S8,sec_0102,672,5.4-structural_source,,,,
LOGIQ_S8,sec_0102,672,5.6-numbering_scheme,,,,
LOGIQ_S8,sec_0102,672,5.6-offset_applied,,,,
LOGIQ_S8,sec_0102,672,5.5-filters_discarding,,,,
LOGIQ_S8,sec_0102,672,5.5-filters_passing_noise,,,,
LOGIQ_S8,sec_0102,672,5.5-image_section_mapping,,,,
LOGIQ_S8,sec_0103,679,5.4-hierarchy_level,,,,
LOGIQ_S8,sec_0103,679,5.4-parent_child,,,,
LOGIQ_S8,sec_0103,679,5.4-page_start_end,,,,
LOGIQ_S8,sec_0103,679,5.4-hierarchy_path,,,,
LOGIQ_S8,sec_0103,679,5.4-gaps_duplicates,,,,
LOGIQ_S8,sec_0103,679,5.4-flagged_for_review,,,,
LOGIQ_S8,sec_0103,679,5.4-structural_source,,,,
LOGIQ_S8,sec_0103,679,5.6-numbering_scheme,,,,
LOGIQ_S8,sec_0103,679,5.6-offset_applied,,,,
LOGIQ_S8,sec_0103,679,5.6-table_content,PASS,,"On p679 table #/tables/277 (Table 8-66 Static IP Setting) has 7 steps. All step texts match the render, including 'UNCHECK' and the three network fields. The graphic cells are empty because they hold screenshots.",
LOGIQ_S8,sec_0103,679,5.5-filters_discarding,,,,
LOGIQ_S8,sec_0103,679,5.5-filters_passing_noise,,,,
LOGIQ_S8,sec_0103,679,5.5-image_section_mapping,,,,
LOGIQ_S8,sec_0104,686,5.4-hierarchy_level,,,,
LOGIQ_S8,sec_0104,686,5.4-parent_child,,,,
LOGIQ_S8,sec_0104,686,5.4-page_start_end,,,,
LOGIQ_S8,sec_0104,686,5.4-hierarchy_path,,,,
LOGIQ_S8,sec_0104,686,5.4-gaps_duplicates,,,,
LOGIQ_S8,sec_0104,686,5.4-flagged_for_review,,,,
LOGIQ_S8,sec_0104,686,5.4-structural_source,,,,
LOGIQ_S8,sec_0104,686,5.6-numbering_scheme,,,,
LOGIQ_S8,sec_0104,686,5.6-offset_applied,,,,
LOGIQ_S8,sec_0104,686,5.6-table_content,FAIL,Low,"p686 table #/tables/279 matches the render (steps 1-6). On p687 table #/tables/280 now has all words: the label 'Unplug the cables' is back, and 'Cut the tie-wrap' is in #/texts/8416. But step number '1.' is merged into the Steps cell, and the header row is shifted one column right. On p689 table #/tables/282 has all words, with the same merge for step 1.","CASE: back to original. All words are back; only step-1 cells are merged (probably BUG-008). Hyphens in 'high-center' and 'V-Nav' are lost at line breaks. Verify_claims suggests Medium, but I keep Low: step 1 text is intact and still under the Steps label, no words are lost, and no value moves to another row. Round one lost words (Medium); this is better."
LOGIQ_S8,sec_0104,686,5.5-filters_discarding,,,,
LOGIQ_S8,sec_0104,686,5.5-filters_passing_noise,,,,
LOGIQ_S8,sec_0104,686,5.5-image_section_mapping,,,,
LOGIQ_S8,sec_0107,699,5.4-hierarchy_level,,,,
LOGIQ_S8,sec_0107,699,5.4-parent_child,,,,
LOGIQ_S8,sec_0107,699,5.4-page_start_end,,,,
LOGIQ_S8,sec_0107,699,5.4-hierarchy_path,,,,
LOGIQ_S8,sec_0107,699,5.4-gaps_duplicates,,,,
LOGIQ_S8,sec_0107,699,5.4-flagged_for_review,,,,
LOGIQ_S8,sec_0107,699,5.4-structural_source,,,,
LOGIQ_S8,sec_0107,699,5.6-numbering_scheme,,,,
LOGIQ_S8,sec_0107,699,5.6-offset_applied,,,,
LOGIQ_S8,sec_0107,699,5.6-table_content,FAIL,Low,"p699 shows a Steps/Corresponding Graphic table with steps 4 to 7, but there is no table node. The cells are loose nodes: heading 'Steps' (#/texts/8540), the four step texts (#/texts/8541-8544), and heading 'Corresponding Graphic' last (#/texts/8545). The numbers 4 to 7 are missing.","Table is flattened and the header comes after the rows (probably BUG-008). Step text survives in order, so Low."
LOGIQ_S8,sec_0107,699,5.5-filters_discarding,,,,
LOGIQ_S8,sec_0107,699,5.5-filters_passing_noise,,,,
LOGIQ_S8,sec_0107,699,5.5-image_section_mapping,,,,
LOGIQ_S8,sec_0108,706,5.4-hierarchy_level,,,,
LOGIQ_S8,sec_0108,706,5.4-parent_child,,,,
LOGIQ_S8,sec_0108,706,5.4-page_start_end,,,,
LOGIQ_S8,sec_0108,706,5.4-hierarchy_path,,,,
LOGIQ_S8,sec_0108,706,5.4-gaps_duplicates,,,,
LOGIQ_S8,sec_0108,706,5.4-flagged_for_review,,,,
LOGIQ_S8,sec_0108,706,5.4-structural_source,,,,
LOGIQ_S8,sec_0108,706,5.6-numbering_scheme,,,,
LOGIQ_S8,sec_0108,706,5.6-offset_applied,,,,
LOGIQ_S8,sec_0108,706,5.6-table_content,PASS,,"No table on p706. The page has the Section 8-40 title, 8-40-1 Man power and 8-40-2 Tools Required only.",
LOGIQ_S8,sec_0108,706,5.5-filters_discarding,,,,
LOGIQ_S8,sec_0108,706,5.5-filters_passing_noise,,,,
LOGIQ_S8,sec_0108,706,5.5-image_section_mapping,,,,
LOGIQ_S8,sec_0109,712,5.4-hierarchy_level,,,,
LOGIQ_S8,sec_0109,712,5.4-parent_child,,,,
LOGIQ_S8,sec_0109,712,5.4-page_start_end,,,,
LOGIQ_S8,sec_0109,712,5.4-hierarchy_path,,,,
LOGIQ_S8,sec_0109,712,5.4-gaps_duplicates,,,,
LOGIQ_S8,sec_0109,712,5.4-flagged_for_review,,,,
LOGIQ_S8,sec_0109,712,5.4-structural_source,,,,
LOGIQ_S8,sec_0109,712,5.6-numbering_scheme,,,,
LOGIQ_S8,sec_0109,712,5.6-offset_applied,,,,
LOGIQ_S8,sec_0109,712,5.6-table_content,FAIL,Low,"On p712 a Step/Illustration table (steps 2-4) is visible, but there is no table node. Cells are loose nodes: heading 'Step' (#/texts/8651), step 2 text, number '3.' (#/texts/8653), step 3 and 4 text, then heading 'Illustration' last. The numbers 2 and 4 are missing.","Table is flattened and the header comes after the rows (probably BUG-008). All step text survives in order, so Low."
LOGIQ_S8,sec_0109,712,5.5-filters_discarding,,,,
LOGIQ_S8,sec_0109,712,5.5-filters_passing_noise,,,,
LOGIQ_S8,sec_0109,712,5.5-image_section_mapping,,,,
LOGIQ_S8,sec_0110,726,5.4-hierarchy_level,,,,
LOGIQ_S8,sec_0110,726,5.4-parent_child,,,,
LOGIQ_S8,sec_0110,726,5.4-page_start_end,,,,
LOGIQ_S8,sec_0110,726,5.4-hierarchy_path,,,,
LOGIQ_S8,sec_0110,726,5.4-gaps_duplicates,,,,
LOGIQ_S8,sec_0110,726,5.4-flagged_for_review,,,,
LOGIQ_S8,sec_0110,726,5.4-structural_source,,,,
LOGIQ_S8,sec_0110,726,5.6-numbering_scheme,,,,
LOGIQ_S8,sec_0110,726,5.6-offset_applied,,,,
LOGIQ_S8,sec_0110,726,5.6-table_content,FAIL,Low,"On p726 two Step/Illustration tables (8-42-3-1 and 8-42-3-2) are visible but no table node exists. Cells are loose paragraphs: 'Step', 'Illustration', 'Lock the Monitor Arm to prevent hazard.', 'Locked', 'Loosen 2 screws, then remove the Monitor rear panel.' (#/texts/8746-8753). Both step numbers '1.' are missing.","Tables are flattened (probably BUG-008). Step text survives in order, so Low."
LOGIQ_S8,sec_0110,726,5.5-filters_discarding,,,,
LOGIQ_S8,sec_0110,726,5.5-filters_passing_noise,,,,
LOGIQ_S8,sec_0110,726,5.5-image_section_mapping,,,,
LOGIQ_S8,sec_0111,753,5.4-hierarchy_level,,,,
LOGIQ_S8,sec_0111,753,5.4-parent_child,,,,
LOGIQ_S8,sec_0111,753,5.4-page_start_end,,,,
LOGIQ_S8,sec_0111,753,5.4-hierarchy_path,,,,
LOGIQ_S8,sec_0111,753,5.4-gaps_duplicates,,,,
LOGIQ_S8,sec_0111,753,5.4-flagged_for_review,,,,
LOGIQ_S8,sec_0111,753,5.4-structural_source,,,,
LOGIQ_S8,sec_0111,753,5.6-numbering_scheme,,,,
LOGIQ_S8,sec_0111,753,5.6-offset_applied,,,,
LOGIQ_S8,sec_0111,753,5.6-table_content,FAIL,Low,"On p753 a Step/Illustration table (steps 4-7) is visible, but there is no table node. Cells are loose nodes: heading 'Step' (#/texts/9005), four step texts (#/texts/9006-9009), heading 'Illustration' last (#/texts/9010). Step numbers 4 to 7 are missing.","Table is flattened and header order is wrong (probably BUG-008). Step text survives in order, so Low."
LOGIQ_S8,sec_0111,753,5.5-filters_discarding,,,,
LOGIQ_S8,sec_0111,753,5.5-filters_passing_noise,,,,
LOGIQ_S8,sec_0111,753,5.5-image_section_mapping,,,,
LOGIQ_S8,sec_0113,767,5.4-hierarchy_level,,,,
LOGIQ_S8,sec_0113,767,5.4-parent_child,,,,
LOGIQ_S8,sec_0113,767,5.4-page_start_end,,,,
LOGIQ_S8,sec_0113,767,5.4-hierarchy_path,,,,
LOGIQ_S8,sec_0113,767,5.4-gaps_duplicates,,,,
LOGIQ_S8,sec_0113,767,5.4-flagged_for_review,,,,
LOGIQ_S8,sec_0113,767,5.4-structural_source,,,,
LOGIQ_S8,sec_0113,767,5.6-numbering_scheme,,,,
LOGIQ_S8,sec_0113,767,5.6-offset_applied,,,,
LOGIQ_S8,sec_0113,767,5.6-table_content,PASS,,"On p767 table #/tables/326 is the 9-1-2 Contents list, 9-1 to 9-16 (no 9-5 in the PDF either). Section numbers, titles and page numbers (9-1 to 9-67) match the render. Leader dots are kept in the title cells.",
LOGIQ_S8,sec_0113,767,5.5-filters_discarding,,,,
LOGIQ_S8,sec_0113,767,5.5-filters_passing_noise,,,,
LOGIQ_S8,sec_0113,767,5.5-image_section_mapping,,,,
LOGIQ_S8,sec_0116,774,5.4-hierarchy_level,,,,
LOGIQ_S8,sec_0116,774,5.4-parent_child,,,,
LOGIQ_S8,sec_0116,774,5.4-page_start_end,,,,
LOGIQ_S8,sec_0116,774,5.4-hierarchy_path,,,,
LOGIQ_S8,sec_0116,774,5.4-gaps_duplicates,,,,
LOGIQ_S8,sec_0116,774,5.4-flagged_for_review,,,,
LOGIQ_S8,sec_0116,774,5.4-structural_source,,,,
LOGIQ_S8,sec_0116,774,5.6-numbering_scheme,,,,
LOGIQ_S8,sec_0116,774,5.6-offset_applied,,,,
LOGIQ_S8,sec_0116,774,5.6-table_content,FAIL,Low,"On p773 the header of Table 9-4-1 (#/tables/334) reads 'Bae Image Software DVD Part Number' in one cell. In the PDF 'Part Number' is a second header row, and the next row has an empty cell under Bae Image. All 5 data rows (R2.2.0 to R2.3.1) and all part numbers match the render. On p774 #/tables/336 matches: R4.2.51 5815517-2 and R4.2.54 5815517-4 are present, and the NOTE texts match, including the PDF typos 'Bandle' and 'Appliation'. The part number spans two columns, so one cell is empty. On p773 #/tables/335 (R3.1.1 to R3.2.1) matches.","CASE: still wrong. Only a header cell is merged in #/tables/334 (probably BUG-008, table structure). Values, order and columns of all data rows stay correct, so Low. The spanned part number on p774 is normal. Carried from the round-one decision."
LOGIQ_S8,sec_0116,774,5.5-filters_discarding,,,,
LOGIQ_S8,sec_0116,774,5.5-filters_passing_noise,,,,
LOGIQ_S8,sec_0116,774,5.5-image_section_mapping,,,,
LOGIQ_S8,sec_0119,781,5.4-hierarchy_level,,,,
LOGIQ_S8,sec_0119,781,5.4-parent_child,,,,
LOGIQ_S8,sec_0119,781,5.4-page_start_end,,,,
LOGIQ_S8,sec_0119,781,5.4-hierarchy_path,,,,
LOGIQ_S8,sec_0119,781,5.4-gaps_duplicates,,,,
LOGIQ_S8,sec_0119,781,5.4-flagged_for_review,,,,
LOGIQ_S8,sec_0119,781,5.4-structural_source,,,,
LOGIQ_S8,sec_0119,781,5.6-numbering_scheme,,,,
LOGIQ_S8,sec_0119,781,5.6-offset_applied,,,,
LOGIQ_S8,sec_0119,781,5.6-table_content,PASS,,"On p781 table #/tables/342 (Table 9-3 Plastics Covers, items 17-22) matches the render. Part names, part numbers (5448569 to 5722798) and Qty 1 are in the right columns. Description cells are empty because they hold photos.",
LOGIQ_S8,sec_0119,781,5.5-filters_discarding,,,,
LOGIQ_S8,sec_0119,781,5.5-filters_passing_noise,,,,
LOGIQ_S8,sec_0119,781,5.5-image_section_mapping,,,,
LOGIQ_S8,sec_0121,788,5.4-hierarchy_level,PASS,,"The heading 'Section 9-9 Operator panel' (p787) is a section title under Chapter 9, so level 2 is right. '9-9-1 OPIO, OPIO2 and OPIO3' (p787) and '9-9-2 OPIO4' (p792) are sub-headings kept as heading nodes in sec_0121.",
LOGIQ_S8,sec_0121,788,5.4-parent_child,PASS,,"parent_section_id is sec_0112 (Chapter 9) and child_sections is empty. The siblings are sec_0120 (9-8 LCD Monitor, p784-786) and sec_0122 (9-10 Nest Box Parts, p797-808).",
LOGIQ_S8,sec_0121,788,5.4-page_start_end,PASS,,"The heading 'Section 9-9 Operator panel' opens p787 and sec_0122 starts at p797. The last page p796 has only the end of Table 9-6 (parts 417-421) and folio '9 - 30'. p788 has only two photo figures (Joystick, Mode Switch/Encoder) and its nodes 12-23 match. All 97 nodes sit in p787-p796.",
LOGIQ_S8,sec_0121,788,5.4-hierarchy_path,PASS,,hierarchy_path is '/Chapter 9/Section 9-9 Operator panel'. It matches the nesting: Chapter 9 (sec_0112) then Section 9-9.,
LOGIQ_S8,sec_0121,788,5.4-gaps_duplicates,PASS,,"No gap: sec_0120 ends at p786, sec_0121 covers p787-p796 and sec_0122 starts at p797. Figures 9-3 to 9-6 and Tables 9-5 and 9-6 each appear once.",
LOGIQ_S8,sec_0121,788,5.4-flagged_for_review,PASS,,"flagged_for_review is false and verification_score is 100. The title is on p787, the first page of the range, so no flag is needed.",
LOGIQ_S8,sec_0121,788,5.4-structural_source,PASS,,structural_source is 'toc'. The bookmark 'Section 9-9 Operator panel' matches the heading on p787 and the range ends before the next bookmark at p797.,
LOGIQ_S8,sec_0121,788,5.6-numbering_scheme,PASS,,The folios 9 - 21 to 9 - 30 are chapter-page numbers made of arabic digits. The label 'arabic' is acceptable and the physical mapping is not affected.,"Chapter-dash-page folios could also be called alphanumeric, so confidence is a little lower."
LOGIQ_S8,sec_0121,788,5.6-offset_applied,PASS,,"offset_applied is 0. The 'Section 9-9' heading is on physical p787, which equals page_start. Printed folio 9 - 21 is chapter-based, so no shift to physical pages is needed.",
LOGIQ_S8,sec_0121,788,5.6-table_content,PASS,,"No table on p788. The page has two operator panel photos with callouts only. The section tables (Table 9-5, Table 9-6) are on other pages.",Same as base_approved (PASS). The base compared tables on p789 and p796; those pages are not in this batch.
LOGIQ_S8,sec_0121,788,5.5-filters_discarding,PASS,,"Every figure on the rendered pages p787, p788, p789, p792, p793 and p794 is in the image output (img_1207-img_1228), including the photos with callouts 301-312 and 401-421. The keyboard photos img_1214-img_1218 (p790-p791) are kept. No figure is missing.","p790, p791 and p795 were not rendered here. verify_claims flags a 640x480 raster on p788 as not kept because it matches by pixel size only. Both p788 photos are inside the vector crops img_1209 (713x481) and img_1210 (788x481), which I compared with the rendered page: the keyboard photos, arrows and callouts 311-317 are all there. So the figure is not dropped; I keep PASS."
LOGIQ_S8,sec_0121,788,5.5-filters_passing_noise,FAIL,Low,"Some vector crops overlap or hold part of a neighbour figure (pages 789 and 792). p789: img_1212 shows the start of the '303'/'Fron' figure on its right edge, and img_1213 repeats the right part of the 306/308 photo with cut circles. p792: photo 402 is in both img_1220 and img_1221, and img_1221 also has slivers of 403 and 405. p788, p793 (img_1223-img_1226) and p794 (img_1227, img_1228) are clean: each part appears once and no image is inside another.",Repeated or partial pixels only; the figure content is complete. Contract: cosmetic noise kept as image is Low. Probably the vector region grouping. Graded once for the section.
LOGIQ_S8,sec_0121,788,5.5-image_section_mapping,PASS,,"All images on p787-p794 (img_1207-img_1228) are mapped to sec_0121 (p787-p796). The previous section ends at p786 and the next starts at p797, so no page is shared with a sibling.",
LOGIQ_S8,sec_0122,802,5.4-hierarchy_level,,,,
LOGIQ_S8,sec_0122,802,5.4-parent_child,,,,
LOGIQ_S8,sec_0122,802,5.4-page_start_end,,,,
LOGIQ_S8,sec_0122,802,5.4-hierarchy_path,,,,
LOGIQ_S8,sec_0122,802,5.4-gaps_duplicates,,,,
LOGIQ_S8,sec_0122,802,5.4-flagged_for_review,,,,
LOGIQ_S8,sec_0122,802,5.4-structural_source,,,,
LOGIQ_S8,sec_0122,802,5.6-numbering_scheme,,,,
LOGIQ_S8,sec_0122,802,5.6-offset_applied,,,,
LOGIQ_S8,sec_0122,802,5.6-table_content,FAIL,Medium,"On p802 #/tables/358 (items 20-23) matches the page. Two defects are on other pages of the section. On p798 (Table 9-7) #/tables/354 has the Qty column empty for items 4-7. The Qty value '1' sits in the Description cell for items 4, 6 and 7. Row 5 reads 'SOM, without HDD 1'. The label 'Midprocessor without' above the photo of item 5 is not in the node. On p806 #/tables/362 now has all words: 'Kit including DVD SATA signal cable and power cable, as well as Printer USB cable, dual printer power cable'. But '35.' sits in the Part Name cell with the name, the No. cell is empty, and Qty '1' is at the end of the Description cell.","CASE: still wrong. p798 still has Qty under the wrong column (BUG-008, probably a Docling cell split; same as round one). CASE: back to original on p806. The lost words of round one are back, but the cells are shifted. Medium because the Qty values are under the wrong column on p798 and p806. Round one was also Medium."
LOGIQ_S8,sec_0122,802,5.5-filters_discarding,,,,
LOGIQ_S8,sec_0122,802,5.5-filters_passing_noise,,,,
LOGIQ_S8,sec_0122,802,5.5-image_section_mapping,,,,
LOGIQ_S8,sec_0123,809,5.4-hierarchy_level,,,,
LOGIQ_S8,sec_0123,809,5.4-parent_child,,,,
LOGIQ_S8,sec_0123,809,5.4-page_start_end,,,,
LOGIQ_S8,sec_0123,809,5.4-hierarchy_path,,,,
LOGIQ_S8,sec_0123,809,5.4-gaps_duplicates,,,,
LOGIQ_S8,sec_0123,809,5.4-flagged_for_review,,,,
LOGIQ_S8,sec_0123,809,5.4-structural_source,,,,
LOGIQ_S8,sec_0123,809,5.6-numbering_scheme,,,,
LOGIQ_S8,sec_0123,809,5.6-offset_applied,,,,
LOGIQ_S8,sec_0123,809,5.6-table_content,FAIL,Low,"On p809 #/tables/365 (Table 9-8) has the header No., Part Name, Part Number, Description, Qty and items 1-4 with the right part names, part numbers and Qty (3, 1, 1, 1). Item 4 'Caster Total Lock N9' has an empty Description cell in the node. The PDF Description of item 4 has one sentence of text and a photo. The sentence is 'except swivel lock caster (3 per console)' above the photo.","The same sentence is in the node for item 1 in the same table. One cell lost a repeated sentence, and the other cells are correct. Low. verify_claims expects Medium (lost cell words); I keep Low because the exact sentence is kept in item 1 of the same table and in the same section (rule: Medium only if the words are nowhere else). Probably the text is lost with the photo in the cell. No round-one draft for this row."
LOGIQ_S8,sec_0123,809,5.5-filters_discarding,,,,
LOGIQ_S8,sec_0123,809,5.5-filters_passing_noise,,,,
LOGIQ_S8,sec_0123,809,5.5-image_section_mapping,,,,
LOGIQ_S8,sec_0124,816,5.4-hierarchy_level,,,,
LOGIQ_S8,sec_0124,816,5.4-parent_child,,,,
LOGIQ_S8,sec_0124,816,5.4-page_start_end,,,,
LOGIQ_S8,sec_0124,816,5.4-hierarchy_path,,,,
LOGIQ_S8,sec_0124,816,5.4-gaps_duplicates,,,,
LOGIQ_S8,sec_0124,816,5.4-flagged_for_review,,,,
LOGIQ_S8,sec_0124,816,5.4-structural_source,,,,
LOGIQ_S8,sec_0124,816,5.6-numbering_scheme,,,,
LOGIQ_S8,sec_0124,816,5.6-offset_applied,,,,
LOGIQ_S8,sec_0124,816,5.6-table_content,PASS,,"On p816 #/tables/372 (Table 9-9) has items 5-12 and matches the render. Names, part numbers (6020740, 5488347/ 5488347-2, 6020741, 5491354, 5692044, 5692045, 5418137, 5341188), descriptions and Qty 1 are in the right columns. Photos are not text. Items 11 and 12 have an empty Description, as in the PDF.",Same as round one (PASS). Only p816 was compared again here.
LOGIQ_S8,sec_0124,816,5.5-filters_discarding,,,,
LOGIQ_S8,sec_0124,816,5.5-filters_passing_noise,,,,
LOGIQ_S8,sec_0124,816,5.5-image_section_mapping,,,,
LOGIQ_S8,sec_0125,823,5.4-hierarchy_level,,,,
LOGIQ_S8,sec_0125,823,5.4-parent_child,,,,
LOGIQ_S8,sec_0125,823,5.4-page_start_end,,,,
LOGIQ_S8,sec_0125,823,5.4-hierarchy_path,,,,
LOGIQ_S8,sec_0125,823,5.4-gaps_duplicates,,,,
LOGIQ_S8,sec_0125,823,5.4-flagged_for_review,,,,
LOGIQ_S8,sec_0125,823,5.4-structural_source,,,,
LOGIQ_S8,sec_0125,823,5.6-numbering_scheme,,,,
LOGIQ_S8,sec_0125,823,5.6-offset_applied,,,,
LOGIQ_S8,sec_0125,823,5.6-table_content,PASS,,"On p823 #/tables/379 (Table 9-10, Printers) has items 1-4 with part names, part numbers (5160458, 5599030, H44642LW, 5555266) and the Description 'Digital B/W Video Printer, USB-Port.' or 'Digital Color Printer, USB-Port.'. The Qty '-' is kept. All values match the render and are in the right columns.",No round-one draft for this row.
LOGIQ_S8,sec_0125,823,5.5-filters_discarding,,,,
LOGIQ_S8,sec_0125,823,5.5-filters_passing_noise,,,,
LOGIQ_S8,sec_0125,823,5.5-image_section_mapping,,,,
LOGIQ_S8,sec_0127,830,5.4-hierarchy_level,,,,
LOGIQ_S8,sec_0127,830,5.4-parent_child,,,,
LOGIQ_S8,sec_0127,830,5.4-page_start_end,,,,
LOGIQ_S8,sec_0127,830,5.4-hierarchy_path,,,,
LOGIQ_S8,sec_0127,830,5.4-gaps_duplicates,,,,
LOGIQ_S8,sec_0127,830,5.4-flagged_for_review,,,,
LOGIQ_S8,sec_0127,830,5.4-structural_source,,,,
LOGIQ_S8,sec_0127,830,5.6-numbering_scheme,,,,
LOGIQ_S8,sec_0127,830,5.6-offset_applied,,,,
LOGIQ_S8,sec_0127,830,5.6-table_content,FAIL,Medium,"On p830 #/tables/386 (Table 9-13, items 1-5) matches the render. On p832 #/tables/388 has only three headers: No., Part Name, Description. The headers 'Part Number' and 'Qty' are not in the node. The part number and Qty are joined in the Description cell (for example '2388982 1', '5399665 1'). For items 13-16 the number is in the Part Name cell ('13. Power Cord for Brazil') and the No. cell is empty.","CASE: back to original on p832 (BUG-008). The values and the order are kept, but part numbers and Qty sit under the Description header and cannot be tied to their column. Medium. verify_claims suggests Low (merged cells, values kept). I keep Medium because the Part Number and Qty headers are missing on p832, so those values cannot be tied to their columns. The human may choose Low."
LOGIQ_S8,sec_0127,830,5.5-filters_discarding,,,,
LOGIQ_S8,sec_0127,830,5.5-filters_passing_noise,,,,
LOGIQ_S8,sec_0127,830,5.5-image_section_mapping,,,,
LOGIQ_S8,sec_0128,837,5.4-hierarchy_level,,,,
LOGIQ_S8,sec_0128,837,5.4-parent_child,,,,
LOGIQ_S8,sec_0128,837,5.4-page_start_end,,,,
LOGIQ_S8,sec_0128,837,5.4-hierarchy_path,,,,
LOGIQ_S8,sec_0128,837,5.4-gaps_duplicates,,,,
LOGIQ_S8,sec_0128,837,5.4-flagged_for_review,,,,
LOGIQ_S8,sec_0128,837,5.4-structural_source,,,,
LOGIQ_S8,sec_0128,837,5.6-numbering_scheme,,,,
LOGIQ_S8,sec_0128,837,5.6-offset_applied,,,,
LOGIQ_S8,sec_0128,837,5.6-table_content,FAIL,Medium,"On p837 #/tables/392 matches the render. Header and all rows from Covers 5405167 to OPIO 6020703 are in the right columns. The only small error is the Parts Group of 5756412/6756412: row 6756412 has an empty Parts Group and row 6756412-2 shows 'OPIO OPIO'. On p838 #/tables/393 has all the words of the page, but the cells are merged. The header cells are mixed ('Replace with R1.5 R2 Upg R2 R3'). Most rows have group, number, description and Y/N values in the Part Number or Part Description cells. 'Option 5756406 Fibroscan Probe Holder Active N N N N N' sits inside the cell of row 5409146. 'Option 5405177 Drawer Active Y Y Y Y Y' sits in the R3 Upg cell of row 5380960-2. In the rows 6020710-6020712 the text '5480205 and' is out of place.","CASE: back to original. The round-one lost words are back on p838 (BUG-008). Values are under the wrong cells and two rows are inside other rows, so Medium. Round one was also Medium."
LOGIQ_S8,sec_0128,837,5.5-filters_discarding,,,,
LOGIQ_S8,sec_0128,837,5.5-filters_passing_noise,,,,
LOGIQ_S8,sec_0128,837,5.5-image_section_mapping,,,,
LOGIQ_S8,sec_0130,873,5.4-hierarchy_level,,,,
LOGIQ_S8,sec_0130,873,5.4-parent_child,,,,
LOGIQ_S8,sec_0130,873,5.4-page_start_end,,,,
LOGIQ_S8,sec_0130,873,5.4-hierarchy_path,,,,
LOGIQ_S8,sec_0130,873,5.4-gaps_duplicates,,,,
LOGIQ_S8,sec_0130,873,5.4-flagged_for_review,,,,
LOGIQ_S8,sec_0130,873,5.4-structural_source,,,,
LOGIQ_S8,sec_0130,873,5.6-numbering_scheme,,,,
LOGIQ_S8,sec_0130,873,5.6-offset_applied,,,,
LOGIQ_S8,sec_0130,873,5.6-table_content,PASS,,"On p873 #/tables/427 (Contents of Chapter 10) matches the render. The 10 rows are 10-1 Overview 10-1, 10-2 Warnings 10-2, 10-3 Why do maintenance 10-2, 10-4 10-3, 10-5 10-6, 10-6 10-7, 10-7 10-16, 10-8 10-17, 10-9 10-35 and the Ultrasound INSPECTION CERTIFICATE 10-37. Page numbers are in the last cell.",Same as round one (PASS). Dot leaders stay in the cell text. They are noise only.
LOGIQ_S8,sec_0130,873,5.5-filters_discarding,,,,
LOGIQ_S8,sec_0130,873,5.5-filters_passing_noise,,,,
LOGIQ_S8,sec_0130,873,5.5-image_section_mapping,,,,
LOGIQ_S8,sec_0135,880,5.4-hierarchy_level,PASS,,"The heading 'Section 10-6 System maintenance' (p879) is a section under Chapter 10 (sec_0129), so level 2 is right. p880 opens with sub-headings '10-6-2 Functional checks' and '10-6-2-1 System functional checks', kept as heading nodes.",
LOGIQ_S8,sec_0135,880,5.4-parent_child,PASS,,"parent_section_id is sec_0129 (Chapter 10) and child_sections is empty. The neighbours sec_0134 (10-5 Tools required, p878) and sec_0136 (10-7 Using a Phantom, p888) are siblings.",
LOGIQ_S8,sec_0135,880,5.4-page_start_end,PASS,,"p879 starts with the heading 'Section 10-6' and p887 ends with the probe cleaning cautions and folio '10 - 15'. sec_0136 starts at p888. The p880 content (10-6-2, Table 10-4, the NOTE) is owned by sec_0135, and no node of its 112 belongs to a neighbour.",
LOGIQ_S8,sec_0135,880,5.4-hierarchy_path,PASS,,hierarchy_path is '/Chapter 10/Section 10-6 System maintenance'. It matches the nesting of the bookmarks.,
LOGIQ_S8,sec_0135,880,5.4-gaps_duplicates,PASS,,"No gap: sec_0134 ends at p878, sec_0135 covers p879-p887 and sec_0136 starts at p888. Tables 10-3 to 10-10 and Figures 10-1 to 10-5 each appear once.",
LOGIQ_S8,sec_0135,880,5.4-flagged_for_review,PASS,,"flagged_for_review is false and verification_score is 100. The title is on p879, the first page of the range.",
LOGIQ_S8,sec_0135,880,5.4-structural_source,PASS,,structural_source is 'toc'. The bookmark matches the 'Section 10-6' heading on p879 and the range ends right before sec_0136 at p888.,
LOGIQ_S8,sec_0135,880,5.6-numbering_scheme,PASS,,Folios '10 - 7' to '10 - 15' (p879-p887) are chapter-page numbers of arabic digits. The label 'arabic' is acceptable.,
LOGIQ_S8,sec_0135,880,5.6-offset_applied,PASS,,offset_applied is 0. The 'Section 10-6' heading is on physical p879 = page_start. No wrong shift is seen on p880 (folio '10 - 8').,
LOGIQ_S8,sec_0135,880,5.6-table_content,PASS,,"On p880 #/tables/433 (Table 10-4) has the header Check, Step, Description and 15 rows. Each Step name is in the Step cell, for example row 7 'Basic Measurements' and row 15 'Monitor'. Each Description is in the Description cell. Two-line descriptions are joined. All text matches the render.","CASE: still fixed. In v1.8 rows 7, 10, 11, 12, 14 and 15 had the Step merged into Description (FAIL Low). Now the Step column is separate in all rows. Same as round one."
LOGIQ_S8,sec_0135,880,5.5-filters_discarding,PASS,,"p880 has no picture. On p886 and p887 the Figure 10-5 icon strip and the three probe icons (hands, NEVER, OK) are extracted, and the photos of Figures 10-1 to 10-4 (p883-p884, img_1390-img_1393) are kept. The small warning triangles beside CAUTION and NOTICE are not extracted, but their meaning is written in the text.",
LOGIQ_S8,sec_0135,880,5.5-filters_passing_noise,FAIL,Low,"Pages 886 and 887. On p886 the vector image img_1394 (870x618) is the Figure 10-5 icon strip plus page text. Its top edge has a cut body line ('equipment damage. Failure to properly handle or maintain a probe may also void its warra...'). Below the icons it has the caption 'Figure 10-5 Probe handling icons' and two body lines ('Any evidence of wear...', 'Do a visual check...'). About half of the image is empty white. On p887 img_1396 (436x263) has a cut line 'NOTICE Disinfect a defective probe befo...' with the warning triangles and 'CAUTION' labels around the hands icon. The figures themselves are complete.","Extra page text kept inside a figure image. The same text is in the paragraph nodes 10179-10184, so the content is not affected. Low by contract (noise kept as image): not Critical (nothing is dropped) and not Medium (the section mapping is right). Graded once for the section. Probably the vector crop box is too large."
LOGIQ_S8,sec_0135,880,5.5-image_section_mapping,PASS,,"All images (img_1390-img_1397) are on p883-p887 inside sec_0135 (p879-p887). sec_0134 ends at p878 and sec_0136 starts at p888, so no page is shared. The captions Figure 10-1 to 10-5 match the images on the same pages.",
LOGIQ_S8,sec_0136,888,5.4-hierarchy_level,,,,
LOGIQ_S8,sec_0136,888,5.4-parent_child,,,,
LOGIQ_S8,sec_0136,888,5.4-page_start_end,,,,
LOGIQ_S8,sec_0136,888,5.4-hierarchy_path,,,,
LOGIQ_S8,sec_0136,888,5.4-gaps_duplicates,,,,
LOGIQ_S8,sec_0136,888,5.4-flagged_for_review,,,,
LOGIQ_S8,sec_0136,888,5.4-structural_source,,,,
LOGIQ_S8,sec_0136,888,5.6-numbering_scheme,,,,
LOGIQ_S8,sec_0136,888,5.6-offset_applied,,,,
LOGIQ_S8,sec_0136,888,5.5-filters_discarding,,,,
LOGIQ_S8,sec_0136,888,5.5-filters_passing_noise,,,,
LOGIQ_S8,sec_0136,888,5.5-image_section_mapping,,,,
LOGIQ_S8,sec_0137,895,5.4-hierarchy_level,PASS,,"The heading 'Section 10-8 Electrical Safety Tests' (p889) is a section under Chapter 10 (sec_0129), so level 2 is right. p895 shows '10-8-6 Data sheet for enclosure/chassis leakage current' with Table 10-15. The 10-8-x headings are kept as heading nodes of sec_0137.",
LOGIQ_S8,sec_0137,895,5.4-parent_child,PASS,,"parent_section_id is sec_0129 (Chapter 10) and child_sections is empty. The neighbours sec_0136 (10-7 Using a Phantom, p888) and sec_0138 (10-9 Too Much Leakage Current, p907-p910) are siblings.",
LOGIQ_S8,sec_0137,895,5.4-page_start_end,PASS,,"The section opens on p889 with 'Section 10-8 Electrical Safety Tests'. The last page p906 has 10-8-13 and Table 10-19, then sec_0138 starts at p907. p895 (10-8-6 text, Table 10-15 caption, NOTEs) matches nodes 81-90 and is owned by this section. No neighbour content is inside the 256 nodes.",
LOGIQ_S8,sec_0137,895,5.4-hierarchy_path,PASS,,hierarchy_path is '/Chapter 10/Section 10-8 Electrical Safety Tests'. It matches the bookmark nesting.,
LOGIQ_S8,sec_0137,895,5.4-gaps_duplicates,PASS,,"No gap: sec_0136 ends at p888, sec_0137 covers p889-p906 and sec_0138 starts at p907. Tables 10-15 and 10-19 and Figures 10-6 to 10-15 each appear once. The 'Table 10-17' mention in text on p898 is probably a source typo.",
LOGIQ_S8,sec_0137,895,5.4-flagged_for_review,PASS,,"flagged_for_review is false and verification_score is 100. The 'Section 10-8' heading is on p889, the first page of the range.",
LOGIQ_S8,sec_0137,895,5.4-structural_source,PASS,,structural_source is 'toc'. The bookmark matches the heading on p889 and the range ends before sec_0138 at p907.,
LOGIQ_S8,sec_0137,895,5.6-numbering_scheme,PASS,,Folios '10 - 17' to '10 - 34' (p889-p906) are chapter-page numbers of arabic digits. The label 'arabic' is acceptable.,
LOGIQ_S8,sec_0137,895,5.6-offset_applied,PASS,,"offset_applied is 0. The 'Section 10-8' heading is on physical p889 = page_start, and p906 (folio '10 - 34') is the last page. No wrong shift is seen.",
LOGIQ_S8,sec_0137,895,5.6-table_content,PASS,,"On p895 #/tables/445 (Table 10-15) matches the render. Row 1 has 'Unit under test___' and 'Date of test:___' in the wide header. Row 2 has 'Test Conditions' and 'Measurement/Test Point Location'. Row 3 has System Power, Grounding/PE, Rear Panel, Lower Frame, Probe Connector, Main Handle in separate cells. The four rows Off/Closed, Off/Open, On/Closed, On/Open have separate cells. The measurement cells are empty, as in the PDF.","CASE: still fixed. In v1.8 'System Power' and 'Grounding/PE' were merged in one cell and 'Off Closed' too (FAIL Low). Now they are separate. Spanned headers are written once with blank neighbour cells, which is normal."
LOGIQ_S8,sec_0137,895,5.5-filters_discarding,PASS,,"p895 has no picture. In the section, the figures of 10-6 to 10-15 are extracted (img_1398-img_1409), including the drawing on p893 (img_1401). The small warning triangles beside CAUTION are not extracted, but their meaning is in the text.",
LOGIQ_S8,sec_0137,895,5.5-filters_passing_noise,PASS,,"I checked all four edges of the vector image img_1401 (p893, 397x311). It holds only the grounding test drawing (plug, ohmmeter, device, labels 1-4), with no body text or caption. The other images are real figures (outlet tester, circuit diagrams, BF label, TEE test). No decorative strip is kept.","Hidden text nodes like '!! CAUTION:' (p905) and '!! DANGER:' (p906) are text, not images, so they are not graded here."
LOGIQ_S8,sec_0137,895,5.5-image_section_mapping,PASS,,"All 12 images (img_1398-img_1409, p891-p905) map to sec_0137 (p889-p906). sec_0136 is only p888 and sec_0138 starts at p907, so no page is shared. The captions match the nearby images.",
LOGIQ_S8,sec_0138,910,5.4-hierarchy_level,,,,
LOGIQ_S8,sec_0138,910,5.4-parent_child,,,,
LOGIQ_S8,sec_0138,910,5.4-page_start_end,,,,
LOGIQ_S8,sec_0138,910,5.4-hierarchy_path,,,,
LOGIQ_S8,sec_0138,910,5.4-gaps_duplicates,,,,
LOGIQ_S8,sec_0138,910,5.4-flagged_for_review,,,,
LOGIQ_S8,sec_0138,910,5.4-structural_source,,,,
LOGIQ_S8,sec_0138,910,5.6-numbering_scheme,,,,
LOGIQ_S8,sec_0138,910,5.6-offset_applied,,,,
LOGIQ_S8,sec_0138,910,5.6-table_content,PASS,,"On p910 #/tables/451 has the header Electrical Test Performed, Max Value Allowed, Value Measured, OK?, Comments and 14 rows from 'Outlet (correct ground &wiring config.)' to 'Peripheral 3Ground Continuity'. #/tables/452 has the header Probe Number (from previous page), Max Value Allowed, Max Value Measured, OK?, Comments and Probe 1 to Probe 9. The word PROBES is a separate node. Empty cells are in the right places.",Same as round one (PASS).
LOGIQ_S8,sec_0138,910,5.5-filters_discarding,,,,
LOGIQ_S8,sec_0138,910,5.5-filters_passing_noise,,,,
LOGIQ_S8,sec_0138,910,5.5-image_section_mapping,,,,
LOGIQ_S8,DOCUMENT-LEVEL,,5.6-sanity_report,,,,
LOGIQ_S8,sec_0001,24,5.4-hierarchy_level,PASS,,"Sec_0001 'Service Manual' is level 1 and has no parent. p24 is a contents-list page of the front matter, not a chapter, so sec_0001 stays the top level. Chapter 1 (sec_0002) is also level 1 and starts at p43.",
LOGIQ_S8,sec_0001,24,5.4-parent_child,PASS,,"parent_section_id is null and child_sections is empty. Pages 1-42 hold the cover, warnings, revision history and contents lists, which are not sub-sections. The next top-level section is sec_0002 (Chapter 1, p43).",
LOGIQ_S8,sec_0001,24,5.4-page_start_end,PASS,,p24 shows the end of the Chapter 4 contents list (Volume Navigation to Site Log) with folio '8 -'. All 8 rows are in table node #/tables/9 (p24) of sec_0001. This front matter belongs to the section. The section ends at blank p42 and Chapter 1 starts at p43.,"Table nodes are listed after all paragraph nodes (tables are placed by page), but their owner is still correct."
LOGIQ_S8,sec_0001,24,5.4-hierarchy_path,PASS,,"hierarchy_path is '/Service Manual'. It is one level deep, which is correct for a top-level bookmark with no parent.",
LOGIQ_S8,sec_0001,24,5.4-gaps_duplicates,PASS,,On p24 each contents row appears once in table #/tables/9. Nothing is repeated or missing against the rendered page. The section range p1-p42 touches sec_0002 at p43 with no gap.,
LOGIQ_S8,sec_0001,24,5.4-flagged_for_review,PASS,,"flagged_for_review is false and verification_score is 100. The bookmark title 'Service Manual' matches the cover wording on p1, so no review flag is needed.",
LOGIQ_S8,sec_0001,24,5.4-structural_source,PASS,,"structural_source is 'toc'. The bookmark range 1-42 ends right before Chapter 1 (p43), and the title matches the cover. Nothing suggests an inferred structure.",
LOGIQ_S8,sec_0001,24,5.6-numbering_scheme,PASS,,"Folio '8 -' on p24 is an arabic number. The contents pages p17-p42 restart at 1, so the 'arabic' label fits this page. The roman folios of p3-p16 are logged in the p1 row.",
LOGIQ_S8,sec_0001,24,5.6-offset_applied,PASS,,"p24 prints folio '8' but is physical page 24. offset_applied is 0 and page_start 1 / page_end 42 are physical, so the p24 content is correctly inside the range. No wrong shift is visible.",
LOGIQ_S8,sec_0001,24,5.6-table_content,FAIL,Medium,"Table #/tables/9 on p24 has all 8 Contents rows in the right order, and the page numbers (4 - 46 to 4 - 49) match the render. But each page cell starts with an extra dot ('.4 - 46') and the sub-item indent is lost. The other Contents tables of sec_0001 are the same text as the original. On p19 (#/tables/4) every title and page number is present, including 'and ANSI AAMI'. On p27 (#/tables/12) all rows are present. On p28 (#/tables/13) the row 'Error messages ... 7 - 91' is broken: the page number 7 - 91 sits in a row with an empty title, and the title 'Error messages' is joined with 'FibroScan Module Error messages and Logs ... 7 - 93'.","CASE: still wrong. The p24 table itself keeps values and order (Low: extra dots and lost indent, same as base_approved). The round-one lost words on p19 are fixed, since p19, p27 and p28 are back to the original text. But the p28 row 'Error messages' has a page number under the wrong row (Medium), probably from the table re-read. BUG-008. I grade the worst case in the group as Medium. A reviewer may prefer Low because it is a Contents table. Compared with base_approved (Low): worse only because of the p28 row."
LOGIQ_S8,sec_0001,24,5.5-filters_discarding,PASS,,"p24 has no picture or drawing, only the contents list, the header and the footer. Nothing meaningful can be dropped on this page.",
LOGIQ_S8,sec_0001,24,5.5-filters_passing_noise,PASS,,No image is mapped to p24. The header and footer rules and the page text were not kept as images. The logo noise of the section is logged on the p1 row.,
LOGIQ_S8,sec_0001,24,5.5-image_section_mapping,PASS,,No image exists on p24 and none is mapped to it. This is correct for a text-only contents page.,
LOGIQ_S8,sec_0004,46,5.4-hierarchy_level,,,,
LOGIQ_S8,sec_0004,46,5.4-parent_child,,,,
LOGIQ_S8,sec_0004,46,5.4-page_start_end,,,,
LOGIQ_S8,sec_0004,46,5.4-hierarchy_path,,,,
LOGIQ_S8,sec_0004,46,5.4-gaps_duplicates,,,,
LOGIQ_S8,sec_0004,46,5.4-flagged_for_review,,,,
LOGIQ_S8,sec_0004,46,5.4-structural_source,,,,
LOGIQ_S8,sec_0004,46,5.6-numbering_scheme,,,,
LOGIQ_S8,sec_0004,46,5.6-offset_applied,,,,
LOGIQ_S8,sec_0004,46,5.6-table_content,PASS,,Table 1-2 (#/tables/29) has 14 model rows and 7 columns. Model numbers 5418099 to 5808841 and the Y/U/U*/N values are under the right R1 to R4.2.5x columns in the render. Table 1-3 (#/tables/30) has 4 rows and also matches the render.,Same decision as the round-one draft. Table text is the same as round one. Table 1-1 on p44 was not rendered for this row.
LOGIQ_S8,sec_0004,46,5.5-filters_discarding,,,,
LOGIQ_S8,sec_0004,46,5.5-filters_passing_noise,,,,
LOGIQ_S8,sec_0004,46,5.5-image_section_mapping,,,,
LOGIQ_S8,sec_0005,54,5.4-hierarchy_level,,,,
LOGIQ_S8,sec_0005,54,5.4-parent_child,,,,
LOGIQ_S8,sec_0005,54,5.4-page_start_end,,,,
LOGIQ_S8,sec_0005,54,5.4-hierarchy_path,,,,
LOGIQ_S8,sec_0005,54,5.4-gaps_duplicates,,,,
LOGIQ_S8,sec_0005,54,5.4-flagged_for_review,,,,
LOGIQ_S8,sec_0005,54,5.4-structural_source,,,,
LOGIQ_S8,sec_0005,54,5.6-numbering_scheme,,,,
LOGIQ_S8,sec_0005,54,5.6-offset_applied,,,,
LOGIQ_S8,sec_0005,54,5.6-table_content,PASS,,"Table 1-8 (#/tables/35) on p54 has 3 columns (Label/Icon, Purpose/Meaning, Location) and 4 text rows. The meaning text of the Equipotentiality, waste, battery and China '10' rows matches the render. Locations (Rear of the system, Probe connector, Battery Pack if contains Pb/Cd/Hg, Probe connector) are in the right rows. The Label/Icon cells are empty because the icons are images.","The shared 'waste' meaning for two icons is written once, with a blank neighbour cell, which is normal. The Location 'Probe connector' for the second waste icon has no meaning text in its own row for the same reason."
LOGIQ_S8,sec_0005,54,5.5-filters_discarding,,,,
LOGIQ_S8,sec_0005,54,5.5-filters_passing_noise,,,,
LOGIQ_S8,sec_0005,54,5.5-image_section_mapping,,,,
LOGIQ_S8,sec_0006,63,5.4-hierarchy_level,,,,
LOGIQ_S8,sec_0006,63,5.4-parent_child,,,,
LOGIQ_S8,sec_0006,63,5.4-page_start_end,,,,
LOGIQ_S8,sec_0006,63,5.4-hierarchy_path,,,,
LOGIQ_S8,sec_0006,63,5.4-gaps_duplicates,,,,
LOGIQ_S8,sec_0006,63,5.4-flagged_for_review,,,,
LOGIQ_S8,sec_0006,63,5.4-structural_source,,,,
LOGIQ_S8,sec_0006,63,5.6-numbering_scheme,,,,
LOGIQ_S8,sec_0006,63,5.6-offset_applied,,,,
LOGIQ_S8,sec_0006,63,5.6-table_content,PASS,,"No table on p63. The render shows heading 1-4-6 Auxiliary Devices Safety, WARNING boxes, paragraphs and a bullet list. No table node has page 63.",Nothing to compare.
LOGIQ_S8,sec_0006,63,5.5-filters_discarding,,,,
LOGIQ_S8,sec_0006,63,5.5-filters_passing_noise,,,,
LOGIQ_S8,sec_0006,63,5.5-image_section_mapping,,,,
LOGIQ_S8,sec_0024,104,5.4-hierarchy_level,PASS,,'Section 3-6 Completing the Set Up' is a section-level heading (hierarchy_level 2) printed under Chapter 3. Siblings sec_0023 and sec_0025 are also level 2. On p104 the running footer shows folio 3 - 14 and names this section.,
LOGIQ_S8,sec_0024,104,5.4-parent_child,PASS,,"parent_section_id is sec_0018 (Chapter 3, p91-188), which contains p102-p106. child_sections is empty. The numbered sub-headings on p104 are headings inside the section, not separate sections.","The bookmark list itself is not in the batch, so I judged nesting from the sibling levels and headings."
LOGIQ_S8,sec_0024,104,5.4-page_start_end,PASS,,"The section starts on p102 with the heading 'Section 3-6 Completing the Set Up' (#/texts/1096), which is the first content after the running header. It ends on p106 after step 7 of 3-6-4-5 (TEE probe). Section 3-7 starts on p107, so no foreign content is absorbed.",
LOGIQ_S8,sec_0024,104,5.4-hierarchy_path,PASS,,"hierarchy_path is '/Chapter 3/Section 3-6 Completing the Set Up'. It lists Chapter 3 then the section title, in the right order and matching the printed headings.",
LOGIQ_S8,sec_0024,104,5.4-gaps_duplicates,PASS,,"The section appears once, with 108 nodes in one unbroken range of semantic_order, and no duplicate node ids. Every page from p102 to p106 has nodes. No other section overlaps.",
LOGIQ_S8,sec_0024,104,5.4-flagged_for_review,PASS,,"flagged_for_review is false, verification_score is 100 and confidence is 1.0. The heading is visible on declared p102, so there is no uncertainty to confirm.",
LOGIQ_S8,sec_0024,104,5.4-structural_source,PASS,,"structural_source is 'toc' (a real bookmark), not inferred. The bookmark title matches the heading printed on p102.",
LOGIQ_S8,sec_0024,104,5.6-numbering_scheme,PASS,,numbering_scheme is arabic. The section uses chapter-page folios (p104 shows 3 - 14) and numbered headings. The scheme is the same as the neighbouring sections.,"The printed folio is chapter-page style, but physical page and bookmark page agree, so no folio is lost."
LOGIQ_S8,sec_0024,104,5.6-offset_applied,PASS,,"offset_applied is 0, like sec_0023 and sec_0025. The heading is on physical p102 as declared, so physical page equals bookmark page. Folio 3 - 14 on p104 agrees with the order of pages.",
LOGIQ_S8,sec_0024,104,5.6-table_content,PASS,,"On p104, Table 3-11 (#/tables/62) has a header and 4 rows: USB Port 5-2-3-2, HDMI Connector 5-2-4-1, Ethernet 5-2-4-2, AUDIO 5-2-4-3. Items, names, section numbers and descriptions match the render, including the 'R1/R2' and 'R3/R4' USB lines.","Same as base_approved v1.8 (PASS). Table text is the same as round one. The table node is listed after the text nodes, but ownership is correct."
LOGIQ_S8,sec_0024,104,5.5-filters_discarding,PASS,,"p104 has one figure, Figure 3-6 (rear I/O panel with callouts 1 to 4). img_0073 (294x281) is that photo and shows the callouts. No other diagram or icon is on the page.",
LOGIQ_S8,sec_0024,104,5.5-filters_passing_noise,PASS,,"I checked every image mapped to sec_0024 against its page. img_0073 (p104), img_0074 and img_0075 (p105) and img_0076 (p106) are photos only. The vector img_0077 (p106, 892x260) is the Figure 3-9 photo with its Release/Lock labels. On all four edges there is no heading, step text, caption, rule or footer.","The 'Figure 3-9' caption and steps 1.) and 2.) stay outside the crop, as they should."
LOGIQ_S8,sec_0024,104,5.5-image_section_mapping,PASS,,img_0073 is mapped to sec_0024. It sits under 3-6-3 and above 'Figure 3-6 External I/O Connectors'. Only this section is on p104.,
LOGIQ_S8,sec_0025,120,5.4-hierarchy_level,,,,
LOGIQ_S8,sec_0025,120,5.4-parent_child,,,,
LOGIQ_S8,sec_0025,120,5.4-page_start_end,,,,
LOGIQ_S8,sec_0025,120,5.4-hierarchy_path,,,,
LOGIQ_S8,sec_0025,120,5.4-gaps_duplicates,,,,
LOGIQ_S8,sec_0025,120,5.4-flagged_for_review,,,,
LOGIQ_S8,sec_0025,120,5.4-structural_source,,,,
LOGIQ_S8,sec_0025,120,5.6-numbering_scheme,,,,
LOGIQ_S8,sec_0025,120,5.6-offset_applied,,,,
LOGIQ_S8,sec_0025,120,5.5-filters_discarding,,,,
LOGIQ_S8,sec_0025,120,5.5-filters_passing_noise,,,,
LOGIQ_S8,sec_0025,120,5.5-image_section_mapping,,,,
LOGIQ_S8,sec_0029,157,5.4-hierarchy_level,,,,
LOGIQ_S8,sec_0029,157,5.4-parent_child,,,,
LOGIQ_S8,sec_0029,157,5.4-page_start_end,,,,
LOGIQ_S8,sec_0029,157,5.4-hierarchy_path,,,,
LOGIQ_S8,sec_0029,157,5.4-gaps_duplicates,,,,
LOGIQ_S8,sec_0029,157,5.4-flagged_for_review,,,,
LOGIQ_S8,sec_0029,157,5.4-structural_source,,,,
LOGIQ_S8,sec_0029,157,5.6-numbering_scheme,,,,
LOGIQ_S8,sec_0029,157,5.6-offset_applied,,,,
LOGIQ_S8,sec_0029,157,5.6-table_content,PASS,,No table on p157. The page has heading 3-11-2-1 and Figure 3-46 with three dataflow drawings and their captions. No table node has page_no 157.,No table to grade.
LOGIQ_S8,sec_0029,157,5.5-filters_discarding,,,,
LOGIQ_S8,sec_0029,157,5.5-filters_passing_noise,,,,
LOGIQ_S8,sec_0029,157,5.5-image_section_mapping,,,,
LOGIQ_S8,sec_0031,180,5.4-hierarchy_level,,,,
LOGIQ_S8,sec_0031,180,5.4-parent_child,,,,
LOGIQ_S8,sec_0031,180,5.4-page_start_end,,,,
LOGIQ_S8,sec_0031,180,5.4-hierarchy_path,,,,
LOGIQ_S8,sec_0031,180,5.4-gaps_duplicates,,,,
LOGIQ_S8,sec_0031,180,5.4-flagged_for_review,,,,
LOGIQ_S8,sec_0031,180,5.4-structural_source,,,,
LOGIQ_S8,sec_0031,180,5.6-numbering_scheme,,,,
LOGIQ_S8,sec_0031,180,5.6-offset_applied,,,,
LOGIQ_S8,sec_0031,180,5.6-table_content,PASS,,"No table on p180. It has heading 3-13-8, a numbered list, a note, Figures 3-56 and 3-57 and heading 3-13-8-1. No table node has page_no 180.",No table to grade.
LOGIQ_S8,sec_0031,180,5.5-filters_discarding,,,,
LOGIQ_S8,sec_0031,180,5.5-filters_passing_noise,,,,
LOGIQ_S8,sec_0031,180,5.5-image_section_mapping,,,,
LOGIQ_S8,sec_0032,183,5.4-hierarchy_level,,,,
LOGIQ_S8,sec_0032,183,5.4-parent_child,,,,
LOGIQ_S8,sec_0032,183,5.4-page_start_end,,,,
LOGIQ_S8,sec_0032,183,5.4-hierarchy_path,,,,
LOGIQ_S8,sec_0032,183,5.4-gaps_duplicates,,,,
LOGIQ_S8,sec_0032,183,5.4-flagged_for_review,,,,
LOGIQ_S8,sec_0032,183,5.4-structural_source,,,,
LOGIQ_S8,sec_0032,183,5.6-numbering_scheme,,,,
LOGIQ_S8,sec_0032,183,5.6-offset_applied,,,,
LOGIQ_S8,sec_0032,183,5.5-filters_discarding,,,,
LOGIQ_S8,sec_0032,183,5.5-filters_passing_noise,,,,
LOGIQ_S8,sec_0032,183,5.5-image_section_mapping,,,,
LOGIQ_S8,sec_0038,198,5.4-hierarchy_level,,,,
LOGIQ_S8,sec_0038,198,5.4-parent_child,,,,
LOGIQ_S8,sec_0038,198,5.4-page_start_end,,,,
LOGIQ_S8,sec_0038,198,5.4-hierarchy_path,,,,
LOGIQ_S8,sec_0038,198,5.4-gaps_duplicates,,,,
LOGIQ_S8,sec_0038,198,5.4-flagged_for_review,,,,
LOGIQ_S8,sec_0038,198,5.4-structural_source,,,,
LOGIQ_S8,sec_0038,198,5.6-numbering_scheme,,,,
LOGIQ_S8,sec_0038,198,5.6-offset_applied,,,,
LOGIQ_S8,sec_0038,198,5.6-table_content,PASS,,"No table on p198. It has heading 4-3-6-2, a note, Figures 4-7 and 4-8, a 5-step list and a NOTICE. No table node has page_no 198.",No table to grade.
LOGIQ_S8,sec_0038,198,5.5-filters_discarding,,,,
LOGIQ_S8,sec_0038,198,5.5-filters_passing_noise,,,,
LOGIQ_S8,sec_0038,198,5.5-image_section_mapping,,,,
LOGIQ_S8,sec_0039,207,5.4-hierarchy_level,PASS,,'Section 4-4 Functional Checks' is a section-level heading (hierarchy_level 2) printed under Chapter 4. Siblings sec_0038 and sec_0040 are also level 2. On p207 the running footer shows folio 4 - 19 and names this section.,
LOGIQ_S8,sec_0039,207,5.4-parent_child,PASS,,"parent_section_id is sec_0035 (Chapter 4, p189-238), which contains p206-p235. child_sections is empty. The numbered sub-headings on p207 are headings inside the section, not separate sections.","The bookmark list itself is not in the batch, so I judged nesting from the sibling levels and headings."
LOGIQ_S8,sec_0039,207,5.4-page_start_end,PASS,,"The section starts on p206 with the heading 'Section 4-4 Functional Checks' (#/texts/2576) and 4-4-1 Overview. It ends on p235 with 4-4-23 FibroScan module (steps 1 to 7 and Figures 4-35, 4-36). Section 4-5 starts on p236, so no foreign content is absorbed.",
LOGIQ_S8,sec_0039,207,5.4-hierarchy_path,PASS,,"hierarchy_path is '/Chapter 4/Section 4-4 Functional Checks'. It lists Chapter 4 then the section title, in the right order and matching the printed headings.",
LOGIQ_S8,sec_0039,207,5.4-gaps_duplicates,PASS,,"The section appears once, with 627 nodes in one unbroken range of semantic_order, and no duplicate node ids. Every page from p206 to p235 has nodes. No other section overlaps.",
LOGIQ_S8,sec_0039,207,5.4-flagged_for_review,PASS,,"flagged_for_review is false, verification_score is 100 and confidence is 1.0. The heading is visible on declared p206, so there is no uncertainty to confirm.",
LOGIQ_S8,sec_0039,207,5.4-structural_source,PASS,,"structural_source is 'toc' (a real bookmark), not inferred. The bookmark title matches the heading printed on p206.",
LOGIQ_S8,sec_0039,207,5.6-numbering_scheme,PASS,,numbering_scheme is arabic. The section uses chapter-page folios (p207 shows 4 - 19) and numbered headings. The scheme is the same as the neighbouring sections.,"The printed folio is chapter-page style, but physical page and bookmark page agree, so no folio is lost."
LOGIQ_S8,sec_0039,207,5.6-offset_applied,PASS,,"offset_applied is 0, like sec_0038 and sec_0040. The heading is on physical p206 as declared, so physical page equals bookmark page. Folio 4 - 19 on p207 agrees with the order of pages.",
LOGIQ_S8,sec_0039,207,5.6-table_content,PASS,,"p207 has no table. It has the heading 4-4-4-1, Figure 4-15 and a two-column key list (items 1 to 22). The list is kept as paragraph nodes #/texts/2664-2685 in the right order. No table node has page_no 207.","The section tables are on p206, p213, p225, p226, p229 and p230. Same as the approved v1.8 row."
LOGIQ_S8,sec_0039,207,5.5-filters_discarding,PASS,,"p207 has Figure 4-15, the R1/R2/R3 control panel with callouts 1 to 22. img_0194 (472x347) shows the whole panel with all numbered callouts. Nothing is missing.",
LOGIQ_S8,sec_0039,207,5.5-filters_passing_noise,FAIL,Low,"Heading and body text are kept inside vector images of sec_0039. img_0198 (p210, 961x1343) has the heading '4-4-5-1 Recommended Test Phantoms (optional)', two paragraph lines cut at the right edge, the caption 'Figure 4-19 Performance tests' and part of the page footer cut at the bottom edge. img_0207 (p223, 859x411) has the heading '4-4-14-1 Operator panel Test' at the top edge. The p207 image img_0194 is clean.","Graded once for the whole section, on the first sampled page (p207). Probably the crop box is larger than the figure. The text is also in the section nodes, so nothing is lost. Impact: cosmetic. Contract: Low. The other vector images (img_0208 p224, img_0210 to img_0212 p229-p230, img_0215 and img_0219) are clean."
LOGIQ_S8,sec_0039,207,5.5-image_section_mapping,PASS,,"img_0194 is mapped to sec_0039, under 4-4-4-1 Control Panel Map and above the caption 'Figure 4-15'. Only sec_0039 is on p207.",
LOGIQ_S8,sec_0045,247,5.4-hierarchy_level,,,,
LOGIQ_S8,sec_0045,247,5.4-parent_child,,,,
LOGIQ_S8,sec_0045,247,5.4-page_start_end,,,,
LOGIQ_S8,sec_0045,247,5.4-hierarchy_path,,,,
LOGIQ_S8,sec_0045,247,5.4-gaps_duplicates,,,,
LOGIQ_S8,sec_0045,247,5.4-flagged_for_review,,,,
LOGIQ_S8,sec_0045,247,5.4-structural_source,,,,
LOGIQ_S8,sec_0045,247,5.6-numbering_scheme,,,,
LOGIQ_S8,sec_0045,247,5.6-offset_applied,,,,
LOGIQ_S8,sec_0045,247,5.6-table_content,PASS,,"Table 5-4 (#/tables/91) on p247 has a header and one row: 'R4 | USB 3.0, 5 Gbps, 5V 900 mA'. It matches the render cell by cell.",CASE: still fixed. The text is the same as round one.
LOGIQ_S8,sec_0045,247,5.5-filters_discarding,,,,
LOGIQ_S8,sec_0045,247,5.5-filters_passing_noise,,,,
LOGIQ_S8,sec_0045,247,5.5-image_section_mapping,,,,
LOGIQ_S8,sec_0046,249,5.4-hierarchy_level,,,,
LOGIQ_S8,sec_0046,249,5.4-parent_child,,,,
LOGIQ_S8,sec_0046,249,5.4-page_start_end,,,,
LOGIQ_S8,sec_0046,249,5.4-hierarchy_path,,,,
LOGIQ_S8,sec_0046,249,5.4-gaps_duplicates,,,,
LOGIQ_S8,sec_0046,249,5.4-flagged_for_review,,,,
LOGIQ_S8,sec_0046,249,5.4-structural_source,,,,
LOGIQ_S8,sec_0046,249,5.6-numbering_scheme,,,,
LOGIQ_S8,sec_0046,249,5.6-offset_applied,,,,
LOGIQ_S8,sec_0046,249,5.5-filters_discarding,,,,
LOGIQ_S8,sec_0046,249,5.5-filters_passing_noise,,,,
LOGIQ_S8,sec_0046,249,5.5-image_section_mapping,,,,
LOGIQ_S8,sec_0047,250,5.4-hierarchy_level,,,,
LOGIQ_S8,sec_0047,250,5.4-parent_child,,,,
LOGIQ_S8,sec_0047,250,5.4-page_start_end,,,,
LOGIQ_S8,sec_0047,250,5.4-hierarchy_path,,,,
LOGIQ_S8,sec_0047,250,5.4-gaps_duplicates,,,,
LOGIQ_S8,sec_0047,250,5.4-flagged_for_review,,,,
LOGIQ_S8,sec_0047,250,5.4-structural_source,,,,
LOGIQ_S8,sec_0047,250,5.6-numbering_scheme,,,,
LOGIQ_S8,sec_0047,250,5.6-offset_applied,,,,
LOGIQ_S8,sec_0047,250,5.5-filters_discarding,,,,
LOGIQ_S8,sec_0047,250,5.5-filters_passing_noise,,,,
LOGIQ_S8,sec_0047,250,5.5-image_section_mapping,,,,
LOGIQ_S8,sec_0050,258,5.4-hierarchy_level,,,,
LOGIQ_S8,sec_0050,258,5.4-parent_child,,,,
LOGIQ_S8,sec_0050,258,5.4-page_start_end,,,,
LOGIQ_S8,sec_0050,258,5.4-hierarchy_path,,,,
LOGIQ_S8,sec_0050,258,5.4-gaps_duplicates,,,,
LOGIQ_S8,sec_0050,258,5.4-flagged_for_review,,,,
LOGIQ_S8,sec_0050,258,5.4-structural_source,,,,
LOGIQ_S8,sec_0050,258,5.6-numbering_scheme,,,,
LOGIQ_S8,sec_0050,258,5.6-offset_applied,,,,
LOGIQ_S8,sec_0050,258,5.6-table_content,PASS,,"Table 5-6 continues on p258 (#/tables/99) with 2 data rows. 'LS8 UVC Off-board installation kit | - | Y | Y | Y | Y' and 'LS8 Off-Board UVC AC Adaptor * | - | Y | Y | Y | Y | * Japan model is different H-Cat' match the render. Each value sits under the right R1 to R4.2.5x column. The header 'R4.2. 5x' has a space, as the render breaks that line.",The meaning stays clear. The p255 part of the table (#/tables/96) is not scored here. CASE: still fixed. The text is the same as round one.
LOGIQ_S8,sec_0050,258,5.5-filters_discarding,,,,
LOGIQ_S8,sec_0050,258,5.5-filters_passing_noise,,,,
LOGIQ_S8,sec_0050,258,5.5-image_section_mapping,,,,
LOGIQ_S8,sec_0058,281,5.4-hierarchy_level,,,,
LOGIQ_S8,sec_0058,281,5.4-parent_child,,,,
LOGIQ_S8,sec_0058,281,5.4-page_start_end,,,,
LOGIQ_S8,sec_0058,281,5.4-hierarchy_path,,,,
LOGIQ_S8,sec_0058,281,5.4-gaps_duplicates,,,,
LOGIQ_S8,sec_0058,281,5.4-flagged_for_review,,,,
LOGIQ_S8,sec_0058,281,5.4-structural_source,,,,
LOGIQ_S8,sec_0058,281,5.6-numbering_scheme,,,,
LOGIQ_S8,sec_0058,281,5.6-offset_applied,,,,
LOGIQ_S8,sec_0058,281,5.5-filters_discarding,,,,
LOGIQ_S8,sec_0058,281,5.5-filters_passing_noise,,,,
LOGIQ_S8,sec_0058,281,5.5-image_section_mapping,,,,
LOGIQ_S8,sec_0064,324,5.4-hierarchy_level,,,,
LOGIQ_S8,sec_0064,324,5.4-parent_child,,,,
LOGIQ_S8,sec_0064,324,5.4-page_start_end,,,,
LOGIQ_S8,sec_0064,324,5.4-hierarchy_path,,,,
LOGIQ_S8,sec_0064,324,5.4-gaps_duplicates,,,,
LOGIQ_S8,sec_0064,324,5.4-flagged_for_review,,,,
LOGIQ_S8,sec_0064,324,5.4-structural_source,,,,
LOGIQ_S8,sec_0064,324,5.6-numbering_scheme,,,,
LOGIQ_S8,sec_0064,324,5.6-offset_applied,,,,
LOGIQ_S8,sec_0064,324,5.6-table_content,PASS,,"No table on p324. The page has Figure 7-45, Figure 7-46, the heading Mark log files and one paragraph. No table node has page_no 324.",Nothing to compare on this page.
LOGIQ_S8,sec_0064,324,5.5-filters_discarding,,,,
LOGIQ_S8,sec_0064,324,5.5-filters_passing_noise,,,,
LOGIQ_S8,sec_0064,324,5.5-image_section_mapping,,,,
LOGIQ_S8,sec_0065,331,5.4-hierarchy_level,,,,
LOGIQ_S8,sec_0065,331,5.4-parent_child,,,,
LOGIQ_S8,sec_0065,331,5.4-page_start_end,,,,
LOGIQ_S8,sec_0065,331,5.4-hierarchy_path,,,,
LOGIQ_S8,sec_0065,331,5.4-gaps_duplicates,,,,
LOGIQ_S8,sec_0065,331,5.4-flagged_for_review,,,,
LOGIQ_S8,sec_0065,331,5.4-structural_source,,,,
LOGIQ_S8,sec_0065,331,5.6-numbering_scheme,,,,
LOGIQ_S8,sec_0065,331,5.6-offset_applied,,,,
LOGIQ_S8,sec_0065,331,5.6-table_content,PASS,,No table on p331. It has Figure 7-49 and a list of three links. No table node has page_no 331.,"The p328 contents table (#/tables/111) is not sampled, so not scored here."
LOGIQ_S8,sec_0065,331,5.5-filters_discarding,,,,
LOGIQ_S8,sec_0065,331,5.5-filters_passing_noise,,,,
LOGIQ_S8,sec_0065,331,5.5-image_section_mapping,,,,
LOGIQ_S8,sec_0066,360,5.4-hierarchy_level,PASS,,"'Section 7-7 Troubleshooting Trees, Instructions and Tech Tips' is a section-level heading (hierarchy_level 2) printed under Chapter 7. Siblings sec_0065 and sec_0067 are also level 2. On p360 the running footer shows folio 7 - 78 and names this section.",
LOGIQ_S8,sec_0066,360,5.4-parent_child,PASS,,"parent_section_id is sec_0059 (Chapter 7, p283-376), which contains p350-p372. child_sections is empty. The numbered sub-headings on p360 are headings inside the section, not separate sections.","The bookmark list itself is not in the batch, so I judged nesting from the sibling levels and headings."
LOGIQ_S8,sec_0066,360,5.4-page_start_end,PASS,,"The section ends on p372 with the Group Rights table (#/tables/138) and 7-8 starts on p373. On p360 the heading '7-7-15 PC Printer Installation' (#/texts/4840), Figure 7-67 and steps 1 and 2 all belong to 7-7 and sit between its bookmarks p350-p372.","The start-of-section boilerplate issue (p350 header lines and 'Section 7-7') is recorded once on the p355 row, not counted twice."
LOGIQ_S8,sec_0066,360,5.4-hierarchy_path,PASS,,"hierarchy_path is '/Chapter 7/Section 7-7 Troubleshooting Trees, Instructions and Tech Tips'. It lists Chapter 7 then the section title, in the right order and matching the printed headings.",
LOGIQ_S8,sec_0066,360,5.4-gaps_duplicates,PASS,,"The section appears once, with 352 nodes in one unbroken range of semantic_order, and no duplicate node ids. Every page from p350 to p372 has nodes. No other section overlaps.",
LOGIQ_S8,sec_0066,360,5.4-flagged_for_review,PASS,,"flagged_for_review is false, verification_score is 100 and confidence is 1.0. The heading is visible on declared p350, so there is no uncertainty to confirm.",
LOGIQ_S8,sec_0066,360,5.4-structural_source,PASS,,"structural_source is 'toc' (a real bookmark), not inferred. The bookmark title matches the heading printed on p350.",
LOGIQ_S8,sec_0066,360,5.6-numbering_scheme,PASS,,numbering_scheme is arabic. The section uses chapter-page folios (p360 shows 7 - 78) and numbered headings. The scheme is the same as the neighbouring sections.,"The printed folio is chapter-page style, but physical page and bookmark page agree, so no folio is lost."
LOGIQ_S8,sec_0066,360,5.6-offset_applied,PASS,,"offset_applied is 0, like sec_0065 and sec_0067. The heading is on physical p350 as declared, so physical page equals bookmark page. Folio 7 - 78 on p360 agrees with the order of pages.",
LOGIQ_S8,sec_0066,360,5.6-table_content,FAIL,Medium,"p360 has no table, only a photo and two steps. The extra page p367 has Table 7-17 (#/tables/134). In its text, row 2 puts ""magnetic fields, and Noise is a problem on a single probe. Test with another probe."" all in the Symptom cell, and the Solution cell is empty. In the render, ""Test with another probe."" is in the Solution column. The words ""magnetic fields, and"" are stray text from the Cause cell. Table 7-18 (#/tables/135) on p367 matches the render.","CASE: back to original. The guard kept the original table, which has a value under the wrong column (BUG-008). Round one text was clean here, so this is worse than round one. The base row (PASS) only looked at p360 with no table."
LOGIQ_S8,sec_0066,360,5.5-filters_discarding,PASS,,p360 has one picture: Figure 7-67 (HP 'installation is not complete' screen). img_0340 (640x480) shows the whole screen photo. Nothing is missing.,
LOGIQ_S8,sec_0066,360,5.5-filters_passing_noise,PASS,,"The only image on p360 is img_0340, the HP 'installation is not complete' screenshot. The HP logo is part of the screenshot. The five vector flowcharts of sec_0066 on p351 to p356 are clean on all four edges, so no page text is kept as an image.",
LOGIQ_S8,sec_0066,360,5.5-image_section_mapping,PASS,,img_0340 is mapped to sec_0066 under 7-7-15 PC Printer Installation. It matches Figure 7-67 above the two steps. Only sec_0066 is on p360.,
LOGIQ_S8,sec_0074,418,5.4-hierarchy_level,PASS,,'Section 8-6 System Software - Installation/Upgrade Procedure' is a section-level heading (hierarchy_level 2) printed under Chapter 8. Siblings sec_0073 and sec_0075 are also level 2. On p418 the running footer shows folio 8 - 42 and names this section.,
LOGIQ_S8,sec_0074,418,5.4-parent_child,PASS,,"parent_section_id is sec_0068 (Chapter 8, p377-766), which contains p387-p463. child_sections is empty. The numbered sub-headings on p418 are headings inside the section, not separate sections.","The bookmark list itself is not in the batch, so I judged nesting from the sibling levels and headings."
LOGIQ_S8,sec_0074,418,5.4-page_start_end,PASS,,"The section starts on p387 with the heading 'Section 8-6 System Software - Installation/Upgrade Procedure' (#/texts/5159) and 8-6-1 Introduction. It ends on p463 with 8-6-12-13 Power Shut Down and its table (#/tables/193). Section 8-7 starts on p464, so no foreign content is absorbed.",
LOGIQ_S8,sec_0074,418,5.4-hierarchy_path,PASS,,"hierarchy_path is '/Chapter 8/Section 8-6 System Software - Installation/Upgrade Procedure'. It lists Chapter 8 then the section title, in the right order and matching the printed headings.",
LOGIQ_S8,sec_0074,418,5.4-gaps_duplicates,PASS,,"The section appears once, with 878 nodes in one unbroken range of semantic_order, and no duplicate node ids. Every page from p387 to p463 has nodes. On p418 the 10-step table is present once (#/tables/179) and not repeated.","I could not see p419 in this batch. On p419 there is a '13.' node but no '11.' or '12.' nodes, so the step numbers there were probably lost. The step texts are present. Not graded as a defect because the p419 render is not available."
LOGIQ_S8,sec_0074,418,5.4-flagged_for_review,PASS,,"flagged_for_review is false, verification_score is 100 and confidence is 1.0. The heading is visible on declared p387, so there is no uncertainty to confirm.",
LOGIQ_S8,sec_0074,418,5.4-structural_source,PASS,,"structural_source is 'toc' (a real bookmark), not inferred. The bookmark title matches the heading printed on p387.",
LOGIQ_S8,sec_0074,418,5.6-numbering_scheme,PASS,,numbering_scheme is arabic. The section uses chapter-page folios (p418 shows 8 - 42) and numbered headings. The scheme is the same as the neighbouring sections.,"The printed folio is chapter-page style, but physical page and bookmark page agree, so no folio is lost."
LOGIQ_S8,sec_0074,418,5.6-offset_applied,PASS,,"offset_applied is 0, like sec_0073 and sec_0075. The heading is on physical p387 as declared, so physical page equals bookmark page. Folio 8 - 42 on p418 agrees with the order of pages.",
LOGIQ_S8,sec_0074,418,5.6-table_content,FAIL,Low,"On p418, #/tables/179 has all 10 steps in the right cells. Steps 7 to 10 and the step 8 R3.x.x and WARNING text match the render and keep their order. But the first row is ""the system, please remove the key before installing the system software."" That is the end of the NOTE above the table, not a table cell. The same line is also in a paragraph node, so it is duplicated.","CASE: still wrong. The same stray first row as round one remains (BUG-008). Values are not in the wrong step cell, so only Low. This is worse than base, where the row was graded PASS."
LOGIQ_S8,sec_0074,418,5.5-filters_discarding,PASS,,"The table on p418 has four screenshots, in rows 6, 7, 8 and 10. img_0402, img_0403, img_0404 and img_0405 (all 591 px wide, 304, 232, 83 and 135 px high) match them in order. Nothing is missing.",
LOGIQ_S8,sec_0074,418,5.5-filters_passing_noise,PASS,,"The four images on p418, img_0402 to img_0405, are the four screenshots in rows 6, 7, 8 and 10 of the table. No table border, step text, logo or rule is inside them.","The step line kept in the vector images on p452 and p456 is graded once, on the p390 row."
LOGIQ_S8,sec_0074,418,5.5-image_section_mapping,PASS,,"img_0402-img_0405 are mapped to sec_0074. They belong to the 8-6-8-2 table on p418, and the section owns this page. No other section is on p418.",
LOGIQ_S8,sec_0074,428,5.4-hierarchy_level,PASS,,'Section 8-6 System Software - Installation/Upgrade Procedure' is a section-level heading (hierarchy_level 2) printed under Chapter 8. Siblings sec_0073 and sec_0075 are also level 2. On p428 the running footer shows folio 8 - 52 and names this section.,
LOGIQ_S8,sec_0074,428,5.4-parent_child,PASS,,"parent_section_id is sec_0068 (Chapter 8, p377-766), which contains p387-p463. child_sections is empty. The numbered sub-headings on p428 are headings inside the section, not separate sections.","The bookmark list itself is not in the batch, so I judged nesting from the sibling levels and headings."
LOGIQ_S8,sec_0074,428,5.4-page_start_end,PASS,,"The section starts on p387 with the heading 'Section 8-6 System Software - Installation/Upgrade Procedure' (#/texts/5159) and 8-6-1 Introduction. It ends on p463 with 8-6-12-13 Power Shut Down and its table (#/tables/193). Section 8-7 starts on p464, so no foreign content is absorbed.",
LOGIQ_S8,sec_0074,428,5.4-hierarchy_path,PASS,,"hierarchy_path is '/Chapter 8/Section 8-6 System Software - Installation/Upgrade Procedure'. It lists Chapter 8 then the section title, in the right order and matching the printed headings.",
LOGIQ_S8,sec_0074,428,5.4-gaps_duplicates,PASS,,"The section appears once, with 878 nodes in one unbroken range of semantic_order, and no duplicate node ids. Every page from p387 to p463 has nodes. No other section overlaps.",
LOGIQ_S8,sec_0074,428,5.4-flagged_for_review,PASS,,"flagged_for_review is false, verification_score is 100 and confidence is 1.0. The heading is visible on declared p387, so there is no uncertainty to confirm.",
LOGIQ_S8,sec_0074,428,5.4-structural_source,PASS,,"structural_source is 'toc' (a real bookmark), not inferred. The bookmark title matches the heading printed on p387.",
LOGIQ_S8,sec_0074,428,5.6-numbering_scheme,PASS,,numbering_scheme is arabic. The section uses chapter-page folios (p428 shows 8 - 52) and numbered headings. The scheme is the same as the neighbouring sections.,"The printed folio is chapter-page style, but physical page and bookmark page agree, so no folio is lost."
LOGIQ_S8,sec_0074,428,5.6-offset_applied,PASS,,"offset_applied is 0, like sec_0073 and sec_0075. The heading is on physical p387 as declared, so physical page equals bookmark page. Folio 8 - 52 on p428 agrees with the order of pages.",
LOGIQ_S8,sec_0074,428,5.6-table_content,PASS,,p428 has no table. It has two screenshots and steps 7 to 10 as paragraph nodes. No table node has page_no 428.,Nothing to compare on this page. Same as base.
LOGIQ_S8,sec_0074,428,5.5-filters_discarding,PASS,,"p428 has two screenshots: the LOGIQ boot screen with a green progress bar, and the blue 'System Imaging Complete' screen. img_0429 (352x211) and img_0430 (404x224) match them. Nothing is missing.",
LOGIQ_S8,sec_0074,428,5.5-filters_passing_noise,PASS,,"The two images on p428, img_0429 and img_0430, are the boot screen and the 'System Imaging Complete' screen. No heading, step text, logo or rule is inside them.","The step line kept in the vector images on p452 and p456 is graded once, on the p390 row."
LOGIQ_S8,sec_0074,428,5.5-image_section_mapping,PASS,,img_0429 and img_0430 are mapped to sec_0074. They match the images between steps 6 and 9. Only sec_0074 is on p428.,
LOGIQ_S8,sec_0074,438,5.4-hierarchy_level,PASS,,'Section 8-6 System Software - Installation/Upgrade Procedure' is a section-level heading (hierarchy_level 2) printed under Chapter 8. Siblings sec_0073 and sec_0075 are also level 2. On p438 the running footer shows folio 8 - 62 and names this section.,
LOGIQ_S8,sec_0074,438,5.4-parent_child,PASS,,"parent_section_id is sec_0068 (Chapter 8, p377-766), which contains p387-p463. child_sections is empty. The numbered sub-headings on p438 are headings inside the section, not separate sections.","The bookmark list itself is not in the batch, so I judged nesting from the sibling levels and headings."
LOGIQ_S8,sec_0074,438,5.4-page_start_end,PASS,,"The section starts on p387 with the heading 'Section 8-6 System Software - Installation/Upgrade Procedure' (#/texts/5159) and 8-6-1 Introduction. It ends on p463 with 8-6-12-13 Power Shut Down and its table (#/tables/193). Section 8-7 starts on p464, so no foreign content is absorbed.",
LOGIQ_S8,sec_0074,438,5.4-hierarchy_path,PASS,,"hierarchy_path is '/Chapter 8/Section 8-6 System Software - Installation/Upgrade Procedure'. It lists Chapter 8 then the section title, in the right order and matching the printed headings.",
LOGIQ_S8,sec_0074,438,5.4-gaps_duplicates,PASS,,"The section appears once, with 878 nodes in one unbroken range of semantic_order, and no duplicate node ids. Every page from p387 to p463 has nodes. No other section overlaps.",
LOGIQ_S8,sec_0074,438,5.4-flagged_for_review,PASS,,"flagged_for_review is false, verification_score is 100 and confidence is 1.0. The heading is visible on declared p387, so there is no uncertainty to confirm.",
LOGIQ_S8,sec_0074,438,5.4-structural_source,PASS,,"structural_source is 'toc' (a real bookmark), not inferred. The bookmark title matches the heading printed on p387.",
LOGIQ_S8,sec_0074,438,5.6-numbering_scheme,PASS,,numbering_scheme is arabic. The section uses chapter-page folios (p438 shows 8 - 62) and numbered headings. The scheme is the same as the neighbouring sections.,"The printed folio is chapter-page style, but physical page and bookmark page agree, so no folio is lost."
LOGIQ_S8,sec_0074,438,5.6-offset_applied,PASS,,"offset_applied is 0, like sec_0073 and sec_0075. The heading is on physical p387 as declared, so physical page equals bookmark page. Folio 8 - 62 on p438 agrees with the order of pages.",
LOGIQ_S8,sec_0074,438,5.6-table_content,PASS,,p438 has no table. It has 8-6-9-6 steps 1 to 10 as a list and two screenshots. No table node has page_no 438.,Nothing to compare on this page. Same as base.
LOGIQ_S8,sec_0074,438,5.5-filters_discarding,PASS,,"p438 has two screenshots: the 'Adjust ClearType text' menu with a red oval, and the ClearType Text Tuner window. img_0453 (163x114) and img_0454 (331x271) match them. Nothing is missing.",
LOGIQ_S8,sec_0074,438,5.5-filters_passing_noise,PASS,,"The two images on p438, img_0453 and img_0454, are the ClearType menu and the ClearType Text Tuner window. No heading, step text, logo or rule is inside them.","The step line kept in the vector images on p452 and p456 is graded once, on the p390 row."
LOGIQ_S8,sec_0074,438,5.5-image_section_mapping,PASS,,"img_0453 and img_0454 are mapped to sec_0074, under 8-6-9-6 steps 7 and 9. Only sec_0074 is on p438.",
LOGIQ_S8,sec_0074,462,5.4-hierarchy_level,PASS,,'Section 8-6 System Software - Installation/Upgrade Procedure' is a section-level heading (hierarchy_level 2) printed under Chapter 8. Siblings sec_0073 and sec_0075 are also level 2. On p462 the running footer shows folio 8 - 86 and names this section.,
LOGIQ_S8,sec_0074,462,5.4-parent_child,PASS,,"parent_section_id is sec_0068 (Chapter 8, p377-766), which contains p387-p463. child_sections is empty. The numbered sub-headings on p462 are headings inside the section, not separate sections.","The bookmark list itself is not in the batch, so I judged nesting from the sibling levels and headings."
LOGIQ_S8,sec_0074,462,5.4-page_start_end,PASS,,"The section starts on p387 with the heading 'Section 8-6 System Software - Installation/Upgrade Procedure' (#/texts/5159) and 8-6-1 Introduction. It ends on p463 with 8-6-12-13 Power Shut Down and its table (#/tables/193). Section 8-7 starts on p464, so no foreign content is absorbed.",
LOGIQ_S8,sec_0074,462,5.4-hierarchy_path,PASS,,"hierarchy_path is '/Chapter 8/Section 8-6 System Software - Installation/Upgrade Procedure'. It lists Chapter 8 then the section title, in the right order and matching the printed headings.",
LOGIQ_S8,sec_0074,462,5.4-gaps_duplicates,PASS,,"The section appears once, with 878 nodes in one unbroken range of semantic_order, and no duplicate node ids. Every page from p387 to p463 has nodes. No other section overlaps.",
LOGIQ_S8,sec_0074,462,5.4-flagged_for_review,PASS,,"flagged_for_review is false, verification_score is 100 and confidence is 1.0. The heading is visible on declared p387, so there is no uncertainty to confirm.",
LOGIQ_S8,sec_0074,462,5.4-structural_source,PASS,,"structural_source is 'toc' (a real bookmark), not inferred. The bookmark title matches the heading printed on p387.",
LOGIQ_S8,sec_0074,462,5.6-numbering_scheme,PASS,,numbering_scheme is arabic. The section uses chapter-page folios (p462 shows 8 - 86) and numbered headings. The scheme is the same as the neighbouring sections.,"The printed folio is chapter-page style, but physical page and bookmark page agree, so no folio is lost."
LOGIQ_S8,sec_0074,462,5.6-offset_applied,PASS,,"offset_applied is 0, like sec_0073 and sec_0075. The heading is on physical p387 as declared, so physical page equals bookmark page. Folio 8 - 86 on p462 agrees with the order of pages.",
LOGIQ_S8,sec_0074,462,5.6-table_content,PASS,,"On p462, #/tables/192 has the 4 headers Steps, Expected Outcomes, Results (Pass/Fail/NA), Comments. The bullet steps are in column 1, ""The environmental indicator on the screen is responding."" is in column 2 and ""Pass / Fail / NA"" is in column 3. Comments is blank like the print.",Same as base: PASS. The green indicator picture in column 2 is graded in 5.5-filters_discarding.
LOGIQ_S8,sec_0074,462,5.5-filters_discarding,FAIL,Low,"p462 has five pictures in the table: BT Key screen, receiver cable photo, transmitter photo, 'all cables connected' photo, and a small screenshot of the green environmental indicator (with GE logo) in the Expected Outcomes cell. images.json lists only four for p462: img_0498-img_0501. The indicator screenshot is missing.","The cell text says 'The environmental indicator on the screen is responding', so the meaning is in the text. The missing picture is small (about 170x50 pt). Probably dropped by a small-image filter. Low, because it is a small image whose meaning is stated in the text. I am not fully sure it is small enough to count as an icon."
LOGIQ_S8,sec_0074,462,5.5-filters_passing_noise,PASS,,"The four extracted images on p462 are the BT Key screen (img_0501), the receiver cable photo (img_0498), the transmitter photo (img_0499) and the cables-connected photo (img_0500). No logo, rule or step text is inside them.","The step line kept in the vector images on p452 and p456 is graded once, on the p390 row."
LOGIQ_S8,sec_0074,462,5.5-image_section_mapping,PASS,,"img_0498-img_0501 are mapped to sec_0074, under 8-6-12-12 Volume Navigation. They match the pictures in the steps cell. Only sec_0074 is on p462.","The indicator screenshot is not extracted; that is graded once, in the discarding row."
LOGIQ_S8,sec_0084,513,5.4-hierarchy_level,,,,
LOGIQ_S8,sec_0084,513,5.4-parent_child,,,,
LOGIQ_S8,sec_0084,513,5.4-page_start_end,,,,
LOGIQ_S8,sec_0084,513,5.4-hierarchy_path,,,,
LOGIQ_S8,sec_0084,513,5.4-gaps_duplicates,,,,
LOGIQ_S8,sec_0084,513,5.4-flagged_for_review,,,,
LOGIQ_S8,sec_0084,513,5.4-structural_source,,,,
LOGIQ_S8,sec_0084,513,5.6-numbering_scheme,,,,
LOGIQ_S8,sec_0084,513,5.6-offset_applied,,,,
LOGIQ_S8,sec_0084,513,5.6-table_content,PASS,,No table on p513. The page shows five numbered steps and photo figures under 8-16-14. No table node has page_no 513.,
LOGIQ_S8,sec_0084,513,5.5-filters_discarding,,,,
LOGIQ_S8,sec_0084,513,5.5-filters_passing_noise,,,,
LOGIQ_S8,sec_0084,513,5.5-image_section_mapping,,,,
LOGIQ_S8,sec_0085,549,5.4-hierarchy_level,,,,
LOGIQ_S8,sec_0085,549,5.4-parent_child,,,,
LOGIQ_S8,sec_0085,549,5.4-page_start_end,,,,
LOGIQ_S8,sec_0085,549,5.4-hierarchy_path,,,,
LOGIQ_S8,sec_0085,549,5.4-gaps_duplicates,,,,
LOGIQ_S8,sec_0085,549,5.4-flagged_for_review,,,,
LOGIQ_S8,sec_0085,549,5.4-structural_source,,,,
LOGIQ_S8,sec_0085,549,5.6-numbering_scheme,,,,
LOGIQ_S8,sec_0085,549,5.6-offset_applied,,,,
LOGIQ_S8,sec_0085,549,5.6-table_content,PASS,,"No table on p549. The page has steps 6 to 8 with Figure 8-92, the heading 8-17-14-5 and steps 1 to 4 with Figure 8-93. No table node has page_no 549.",
LOGIQ_S8,sec_0085,549,5.5-filters_discarding,,,,
LOGIQ_S8,sec_0085,549,5.5-filters_passing_noise,,,,
LOGIQ_S8,sec_0085,549,5.5-image_section_mapping,,,,
LOGIQ_S8,sec_0085,550,5.4-hierarchy_level,,,,
LOGIQ_S8,sec_0085,550,5.4-parent_child,,,,
LOGIQ_S8,sec_0085,550,5.4-page_start_end,,,,
LOGIQ_S8,sec_0085,550,5.4-hierarchy_path,,,,
LOGIQ_S8,sec_0085,550,5.4-gaps_duplicates,,,,
LOGIQ_S8,sec_0085,550,5.4-flagged_for_review,,,,
LOGIQ_S8,sec_0085,550,5.4-structural_source,,,,
LOGIQ_S8,sec_0085,550,5.6-numbering_scheme,,,,
LOGIQ_S8,sec_0085,550,5.6-offset_applied,,,,
LOGIQ_S8,sec_0085,550,5.6-table_content,PASS,,"No table on p550. The page has steps 5 to 7, Figure 8-94, headings 8-17-15 and 8-17-15-1 and two method paragraphs. No table node has page_no 550.",
LOGIQ_S8,sec_0085,550,5.5-filters_discarding,,,,
LOGIQ_S8,sec_0085,550,5.5-filters_passing_noise,,,,
LOGIQ_S8,sec_0085,550,5.5-image_section_mapping,,,,
LOGIQ_S8,sec_0086,555,5.4-hierarchy_level,,,,
LOGIQ_S8,sec_0086,555,5.4-parent_child,,,,
LOGIQ_S8,sec_0086,555,5.4-page_start_end,,,,
LOGIQ_S8,sec_0086,555,5.4-hierarchy_path,,,,
LOGIQ_S8,sec_0086,555,5.4-gaps_duplicates,,,,
LOGIQ_S8,sec_0086,555,5.4-flagged_for_review,,,,
LOGIQ_S8,sec_0086,555,5.4-structural_source,,,,
LOGIQ_S8,sec_0086,555,5.6-numbering_scheme,,,,
LOGIQ_S8,sec_0086,555,5.6-offset_applied,,,,
LOGIQ_S8,sec_0086,555,5.6-table_content,PASS,,"No table on p555. The page has heading 8-18-4-1, step 1, Figure 8-99 with five photos and one NOTE. No table node has page_no 555.",
LOGIQ_S8,sec_0086,555,5.5-filters_discarding,,,,
LOGIQ_S8,sec_0086,555,5.5-filters_passing_noise,,,,
LOGIQ_S8,sec_0086,555,5.5-image_section_mapping,,,,
LOGIQ_S8,sec_0086,563,5.4-hierarchy_level,,,,
LOGIQ_S8,sec_0086,563,5.4-parent_child,,,,
LOGIQ_S8,sec_0086,563,5.4-page_start_end,,,,
LOGIQ_S8,sec_0086,563,5.4-hierarchy_path,,,,
LOGIQ_S8,sec_0086,563,5.4-gaps_duplicates,,,,
LOGIQ_S8,sec_0086,563,5.4-flagged_for_review,,,,
LOGIQ_S8,sec_0086,563,5.4-structural_source,,,,
LOGIQ_S8,sec_0086,563,5.6-numbering_scheme,,,,
LOGIQ_S8,sec_0086,563,5.6-offset_applied,,,,
LOGIQ_S8,sec_0086,563,5.6-table_content,PASS,,"No table on p563. The page has heading 8-18-4-7, two lists A and B, Figure 8-101 and Figure 8-102. The heading 'EEPROM must move' is a drawing label. No table node has page_no 563.",
LOGIQ_S8,sec_0086,563,5.5-filters_discarding,,,,
LOGIQ_S8,sec_0086,563,5.5-filters_passing_noise,,,,
LOGIQ_S8,sec_0086,563,5.5-image_section_mapping,,,,
LOGIQ_S8,sec_0086,566,5.4-hierarchy_level,,,,
LOGIQ_S8,sec_0086,566,5.4-parent_child,,,,
LOGIQ_S8,sec_0086,566,5.4-page_start_end,,,,
LOGIQ_S8,sec_0086,566,5.4-hierarchy_path,,,,
LOGIQ_S8,sec_0086,566,5.4-gaps_duplicates,,,,
LOGIQ_S8,sec_0086,566,5.4-flagged_for_review,,,,
LOGIQ_S8,sec_0086,566,5.4-structural_source,,,,
LOGIQ_S8,sec_0086,566,5.6-numbering_scheme,,,,
LOGIQ_S8,sec_0086,566,5.6-offset_applied,,,,
LOGIQ_S8,sec_0086,566,5.6-table_content,PASS,,"No table on p566. The page has heading 8-18-5, notes, a DIP switch list, Figure 8-106 and Figure 8-107. No table node has page_no 566. Tables #/tables/217 to #/tables/219 are on p567, not on this page.",
LOGIQ_S8,sec_0086,566,5.5-filters_discarding,,,,
LOGIQ_S8,sec_0086,566,5.5-filters_passing_noise,,,,
LOGIQ_S8,sec_0086,566,5.5-image_section_mapping,,,,
LOGIQ_S8,sec_0086,568,5.4-hierarchy_level,,,,
LOGIQ_S8,sec_0086,568,5.4-parent_child,,,,
LOGIQ_S8,sec_0086,568,5.4-page_start_end,,,,
LOGIQ_S8,sec_0086,568,5.4-hierarchy_path,,,,
LOGIQ_S8,sec_0086,568,5.4-gaps_duplicates,,,,
LOGIQ_S8,sec_0086,568,5.4-flagged_for_review,,,,
LOGIQ_S8,sec_0086,568,5.4-structural_source,,,,
LOGIQ_S8,sec_0086,568,5.6-numbering_scheme,,,,
LOGIQ_S8,sec_0086,568,5.6-offset_applied,,,,
LOGIQ_S8,sec_0086,568,5.6-table_content,PASS,,"No table on p568. The page has heading 8-18-6 with seven numbered steps, Figure 8-108, heading 8-18-7 and a WARNING. No table node has page_no 568.",
LOGIQ_S8,sec_0086,568,5.5-filters_discarding,,,,
LOGIQ_S8,sec_0086,568,5.5-filters_passing_noise,,,,
LOGIQ_S8,sec_0086,568,5.5-image_section_mapping,,,,
LOGIQ_S8,sec_0095,627,5.4-hierarchy_level,,,,
LOGIQ_S8,sec_0095,627,5.4-parent_child,,,,
LOGIQ_S8,sec_0095,627,5.4-page_start_end,,,,
LOGIQ_S8,sec_0095,627,5.4-hierarchy_path,,,,
LOGIQ_S8,sec_0095,627,5.4-gaps_duplicates,,,,
LOGIQ_S8,sec_0095,627,5.4-flagged_for_review,,,,
LOGIQ_S8,sec_0095,627,5.4-structural_source,,,,
LOGIQ_S8,sec_0095,627,5.6-numbering_scheme,,,,
LOGIQ_S8,sec_0095,627,5.6-offset_applied,,,,
LOGIQ_S8,sec_0095,627,5.6-table_content,PASS,,No table on p627. The page has the headings 8-27-6-2 and 8-27-6-3 and short text. No table node has page_no 627.,
LOGIQ_S8,sec_0095,627,5.5-filters_discarding,,,,
LOGIQ_S8,sec_0095,627,5.5-filters_passing_noise,,,,
LOGIQ_S8,sec_0095,627,5.5-image_section_mapping,,,,
LOGIQ_S8,sec_0105,695,5.4-hierarchy_level,,,,
LOGIQ_S8,sec_0105,695,5.4-parent_child,,,,
LOGIQ_S8,sec_0105,695,5.4-page_start_end,,,,
LOGIQ_S8,sec_0105,695,5.4-hierarchy_path,,,,
LOGIQ_S8,sec_0105,695,5.4-gaps_duplicates,,,,
LOGIQ_S8,sec_0105,695,5.4-flagged_for_review,,,,
LOGIQ_S8,sec_0105,695,5.4-structural_source,,,,
LOGIQ_S8,sec_0105,695,5.6-numbering_scheme,,,,
LOGIQ_S8,sec_0105,695,5.6-offset_applied,,,,
LOGIQ_S8,sec_0105,695,5.6-table_content,PASS,,On p695 table #/tables/286 has the repeated header and steps 4 and 5. Both step texts match the render. The graphic cells are empty in the PDF too.,
LOGIQ_S8,sec_0105,695,5.5-filters_discarding,,,,
LOGIQ_S8,sec_0105,695,5.5-filters_passing_noise,,,,
LOGIQ_S8,sec_0105,695,5.5-image_section_mapping,,,,
LOGIQ_S8,sec_0108,707,5.4-hierarchy_level,,,,
LOGIQ_S8,sec_0108,707,5.4-parent_child,,,,
LOGIQ_S8,sec_0108,707,5.4-page_start_end,,,,
LOGIQ_S8,sec_0108,707,5.4-hierarchy_path,,,,
LOGIQ_S8,sec_0108,707,5.4-gaps_duplicates,,,,
LOGIQ_S8,sec_0108,707,5.4-flagged_for_review,,,,
LOGIQ_S8,sec_0108,707,5.4-structural_source,,,,
LOGIQ_S8,sec_0108,707,5.6-numbering_scheme,,,,
LOGIQ_S8,sec_0108,707,5.6-offset_applied,,,,
LOGIQ_S8,sec_0108,707,5.6-table_content,PASS,,"On p707 table #/tables/291 has steps 1-3 and matches the render. Step 1 keeps the four Section references (8-9, 8-10, 8-12, 8-18) with page numbers. Graphic cells are empty because they hold photos.",
LOGIQ_S8,sec_0108,707,5.5-filters_discarding,,,,
LOGIQ_S8,sec_0108,707,5.5-filters_passing_noise,,,,
LOGIQ_S8,sec_0108,707,5.5-image_section_mapping,,,,
LOGIQ_S8,sec_0109,721,5.4-hierarchy_level,,,,
LOGIQ_S8,sec_0109,721,5.4-parent_child,,,,
LOGIQ_S8,sec_0109,721,5.4-page_start_end,,,,
LOGIQ_S8,sec_0109,721,5.4-hierarchy_path,,,,
LOGIQ_S8,sec_0109,721,5.4-gaps_duplicates,,,,
LOGIQ_S8,sec_0109,721,5.4-flagged_for_review,,,,
LOGIQ_S8,sec_0109,721,5.4-structural_source,,,,
LOGIQ_S8,sec_0109,721,5.6-numbering_scheme,,,,
LOGIQ_S8,sec_0109,721,5.6-offset_applied,,,,
LOGIQ_S8,sec_0109,721,5.6-table_content,FAIL,Low,"On p721 table #/tables/299 (step 10, Remove Cables from Elevation arm.) matches the top of the page. The second table under 8-41-9 is not a table node. 'Step', 'Illustration' and the step text are paragraphs #/texts/8706 to #/texts/8708. The step number '1.' is missing.","Second table is flattened to paragraphs (probably BUG-008). Step text survives in order, so Low."
LOGIQ_S8,sec_0109,721,5.5-filters_discarding,,,,
LOGIQ_S8,sec_0109,721,5.5-filters_passing_noise,,,,
LOGIQ_S8,sec_0109,721,5.5-image_section_mapping,,,,
LOGIQ_S8,sec_0109,724,5.4-hierarchy_level,,,,
LOGIQ_S8,sec_0109,724,5.4-parent_child,,,,
LOGIQ_S8,sec_0109,724,5.4-page_start_end,,,,
LOGIQ_S8,sec_0109,724,5.4-hierarchy_path,,,,
LOGIQ_S8,sec_0109,724,5.4-gaps_duplicates,,,,
LOGIQ_S8,sec_0109,724,5.4-flagged_for_review,,,,
LOGIQ_S8,sec_0109,724,5.4-structural_source,,,,
LOGIQ_S8,sec_0109,724,5.6-numbering_scheme,,,,
LOGIQ_S8,sec_0109,724,5.6-offset_applied,,,,
LOGIQ_S8,sec_0109,724,5.6-table_content,PASS,,"On p724 tables #/tables/304, #/tables/305 and #/tables/306 match the three small tables. Step 1 texts (down stopper, plastic washer) and steps 1 and 2 (Remove 6 screws. / Remove the Elevation Arm.) are right. The Illustration cells are empty because they hold photos.",
LOGIQ_S8,sec_0109,724,5.5-filters_discarding,,,,
LOGIQ_S8,sec_0109,724,5.5-filters_passing_noise,,,,
LOGIQ_S8,sec_0109,724,5.5-image_section_mapping,,,,
LOGIQ_S8,sec_0110,735,5.4-hierarchy_level,,,,
LOGIQ_S8,sec_0110,735,5.4-parent_child,,,,
LOGIQ_S8,sec_0110,735,5.4-page_start_end,,,,
LOGIQ_S8,sec_0110,735,5.4-hierarchy_path,,,,
LOGIQ_S8,sec_0110,735,5.4-gaps_duplicates,,,,
LOGIQ_S8,sec_0110,735,5.4-flagged_for_review,,,,
LOGIQ_S8,sec_0110,735,5.4-structural_source,,,,
LOGIQ_S8,sec_0110,735,5.6-numbering_scheme,,,,
LOGIQ_S8,sec_0110,735,5.6-offset_applied,,,,
LOGIQ_S8,sec_0110,735,5.6-table_content,PASS,,"On p735 table #/tables/310 matches the render. Header is Location | Connector | Description. Rows A CN9 Power/Signal to Host, CN9 Front USB, B CN11 Power to Gel Warmer, C CN36 and CN37 USB to Rear Peripheral are all right. Locations A and C span two rows in the PDF, so the second row has an empty Location cell.",A spanned label written once with blank neighbour cells is normal. Every value stays in the right column.
LOGIQ_S8,sec_0110,735,5.5-filters_discarding,,,,
LOGIQ_S8,sec_0110,735,5.5-filters_passing_noise,,,,
LOGIQ_S8,sec_0110,735,5.5-image_section_mapping,,,,
LOGIQ_S8,sec_0111,756,5.4-hierarchy_level,,,,
LOGIQ_S8,sec_0111,756,5.4-parent_child,,,,
LOGIQ_S8,sec_0111,756,5.4-page_start_end,,,,
LOGIQ_S8,sec_0111,756,5.4-hierarchy_path,,,,
LOGIQ_S8,sec_0111,756,5.4-gaps_duplicates,,,,
LOGIQ_S8,sec_0111,756,5.4-flagged_for_review,,,,
LOGIQ_S8,sec_0111,756,5.4-structural_source,,,,
LOGIQ_S8,sec_0111,756,5.6-numbering_scheme,,,,
LOGIQ_S8,sec_0111,756,5.6-offset_applied,,,,
LOGIQ_S8,sec_0111,756,5.6-table_content,FAIL,Low,"On p756 a Step/Illustration table (steps 3-6) is visible, but there is no table node. Cells are loose nodes: heading 'Step' (#/texts/9035), four step texts (#/texts/9036-9039), heading 'Illustration' last (#/texts/9040). Step numbers 3 to 6 are missing.","Table is flattened and header order is wrong (probably BUG-008). Step text survives in order, so Low."
LOGIQ_S8,sec_0111,756,5.5-filters_discarding,,,,
LOGIQ_S8,sec_0111,756,5.5-filters_passing_noise,,,,
LOGIQ_S8,sec_0111,756,5.5-image_section_mapping,,,,
LOGIQ_S8,sec_0111,757,5.4-hierarchy_level,,,,
LOGIQ_S8,sec_0111,757,5.4-parent_child,,,,
LOGIQ_S8,sec_0111,757,5.4-page_start_end,,,,
LOGIQ_S8,sec_0111,757,5.4-hierarchy_path,,,,
LOGIQ_S8,sec_0111,757,5.4-gaps_duplicates,,,,
LOGIQ_S8,sec_0111,757,5.4-flagged_for_review,,,,
LOGIQ_S8,sec_0111,757,5.4-structural_source,,,,
LOGIQ_S8,sec_0111,757,5.6-numbering_scheme,,,,
LOGIQ_S8,sec_0111,757,5.6-offset_applied,,,,
LOGIQ_S8,sec_0111,757,5.6-table_content,FAIL,Low,"On p757 the Removal procedure table (steps 1-2) is not a table node. Nodes are heading 'Step' (#/texts/9052), the step 1 text, the number '1.' (#/texts/9054), the step 2 text, then heading 'Illustration' last. The number '1.' sits after the step 1 text, so it now reads as the number of the step 2 text, and '2.' is missing.","Table is flattened (probably BUG-008). The number '1.' is next to the step 2 text, which could confuse a reader. I keep Low as for p753 and p756: all step text is complete and in order, and each step is still one separate node. Unsure about Medium."
LOGIQ_S8,sec_0111,757,5.5-filters_discarding,,,,
LOGIQ_S8,sec_0111,757,5.5-filters_passing_noise,,,,
LOGIQ_S8,sec_0111,757,5.5-image_section_mapping,,,,
LOGIQ_S8,sec_0126,827,5.4-hierarchy_level,,,,
LOGIQ_S8,sec_0126,827,5.4-parent_child,,,,
LOGIQ_S8,sec_0126,827,5.4-page_start_end,,,,
LOGIQ_S8,sec_0126,827,5.4-hierarchy_path,,,,
LOGIQ_S8,sec_0126,827,5.4-gaps_duplicates,,,,
LOGIQ_S8,sec_0126,827,5.4-flagged_for_review,,,,
LOGIQ_S8,sec_0126,827,5.4-structural_source,,,,
LOGIQ_S8,sec_0126,827,5.6-numbering_scheme,,,,
LOGIQ_S8,sec_0126,827,5.6-offset_applied,,,,
LOGIQ_S8,sec_0126,827,5.6-table_content,FAIL,Medium,"On p826 #/tables/382 the Feature of probe C2-9-D ends with 'Volume Navigation,' and the word 'Biopsy' sits in the Feature cell of the row '5488219 C2-9VN-D'. In the PDF 'Biopsy' ends the C2-9-D feature list. Also on p826 some rows put the part name and the application in one cell, for example '5397669 3CRF-D Abdomen'. On p827 #/tables/383 part number and name are in one cell (for example '5271060 ML6-15-D') and '5394466 6S-D Cardiac, OB, Pediatrics, Neonatal' is in one cell. On p828 #/tables/384 and p829 #/tables/385 similar merges appear. Their values and order are kept.","CASE: still wrong. The p826 'Biopsy' value is under the wrong probe, same as round one (BUG-008, probably a spanning cell split). CASE: back to original on p827-p829, which are merged-cell Low issues only. Medium because of the p826 value. verify_claims suggests Low because it reads the merged-cell wording; the Medium grade is for the moved word 'Biopsy' (a value under the wrong row), which is not merged-cell only."
LOGIQ_S8,sec_0126,827,5.5-filters_discarding,,,,
LOGIQ_S8,sec_0126,827,5.5-filters_passing_noise,,,,
LOGIQ_S8,sec_0126,827,5.5-image_section_mapping,,,,
LOGIQ_S8,sec_0128,840,5.4-hierarchy_level,,,,
LOGIQ_S8,sec_0128,840,5.4-parent_child,,,,
LOGIQ_S8,sec_0128,840,5.4-page_start_end,,,,
LOGIQ_S8,sec_0128,840,5.4-hierarchy_path,,,,
LOGIQ_S8,sec_0128,840,5.4-gaps_duplicates,,,,
LOGIQ_S8,sec_0128,840,5.4-flagged_for_review,,,,
LOGIQ_S8,sec_0128,840,5.4-structural_source,,,,
LOGIQ_S8,sec_0128,840,5.6-numbering_scheme,,,,
LOGIQ_S8,sec_0128,840,5.6-offset_applied,,,,
LOGIQ_S8,sec_0128,840,5.6-table_content,PASS,,"On p840 #/tables/395 has the header 'Parts Group, Part Number, Part Description, Parts staus, Replace with, R1.5, R1.5. 6, R2 Upg, R2, R3 Upg, R3' and all rows from Covers 5405167 to Power Cord 5182235. Values such as 'Y *', 'Active', 'Replace with 6736105-3' and 'N' match the render and sit in the right columns.",No round-one draft for this row.
LOGIQ_S8,sec_0128,840,5.5-filters_discarding,,,,
LOGIQ_S8,sec_0128,840,5.5-filters_passing_noise,,,,
LOGIQ_S8,sec_0128,840,5.5-image_section_mapping,,,,
LOGIQ_S8,sec_0128,849,5.4-hierarchy_level,,,,
LOGIQ_S8,sec_0128,849,5.4-parent_child,,,,
LOGIQ_S8,sec_0128,849,5.4-page_start_end,,,,
LOGIQ_S8,sec_0128,849,5.4-hierarchy_path,,,,
LOGIQ_S8,sec_0128,849,5.4-gaps_duplicates,,,,
LOGIQ_S8,sec_0128,849,5.4-flagged_for_review,,,,
LOGIQ_S8,sec_0128,849,5.4-structural_source,,,,
LOGIQ_S8,sec_0128,849,5.6-numbering_scheme,,,,
LOGIQ_S8,sec_0128,849,5.6-offset_applied,,,,
LOGIQ_S8,sec_0128,849,5.6-table_content,PASS,,"On p849 #/tables/404 has the header 'Parts Group, Part Number, Part Description, Parts staus, Replace with, R4 Upg, R4, R4.2.5x Upg, R4.2.5 x'. The rows from Covers 5405167 to Option 5460247-2 match the render, including 'Replaced' with '5480205 and 5480206' and the Y/N cells.",Same as round one (PASS). The typo 'staus' is in the PDF.
LOGIQ_S8,sec_0128,849,5.5-filters_discarding,,,,
LOGIQ_S8,sec_0128,849,5.5-filters_passing_noise,,,,
LOGIQ_S8,sec_0128,849,5.5-image_section_mapping,,,,
LOGIQ_S8,sec_0137,894,5.4-hierarchy_level,PASS,,"The heading 'Section 10-8 Electrical Safety Tests' (p889) is a section under Chapter 10 (sec_0129), so level 2 is right. p894 shows '10-8-5 Chassis leakage current test' with its sub-headings and numbered steps. The 10-8-x headings are kept as heading nodes of sec_0137.",
LOGIQ_S8,sec_0137,894,5.4-parent_child,PASS,,"parent_section_id is sec_0129 (Chapter 10) and child_sections is empty. The neighbours sec_0136 (10-7 Using a Phantom, p888) and sec_0138 (10-9 Too Much Leakage Current, p907-p910) are siblings.",
LOGIQ_S8,sec_0137,894,5.4-page_start_end,PASS,,"p894 (10-8-5 Chassis leakage current test, with 10-8-5-1 Definition and 10-8-5-2 Generic Procedure) matches nodes 52-80 in order. It is inside p889-p906 and belongs to this section. The section ends at p906 and sec_0138 starts at p907.",
LOGIQ_S8,sec_0137,894,5.4-hierarchy_path,PASS,,hierarchy_path is '/Chapter 10/Section 10-8 Electrical Safety Tests'. It matches the bookmark nesting.,
LOGIQ_S8,sec_0137,894,5.4-gaps_duplicates,PASS,,"On p894 each heading and step appears once (10-8-5, 10-8-5-1, 10-8-5-2, steps 1.) to 5.)). The section range p889-p906 touches sec_0136 (p888) and sec_0138 (p907) with no gap or overlap.",
LOGIQ_S8,sec_0137,894,5.4-flagged_for_review,PASS,,"flagged_for_review is false and verification_score is 100. The 'Section 10-8' heading is on p889, the first page of the range.",
LOGIQ_S8,sec_0137,894,5.4-structural_source,PASS,,structural_source is 'toc'. The bookmark matches the heading on p889 and the range ends before sec_0138 at p907.,
LOGIQ_S8,sec_0137,894,5.6-numbering_scheme,PASS,,Folios '10 - 17' to '10 - 34' (p889-p906) are chapter-page numbers of arabic digits. The label 'arabic' is acceptable.,
LOGIQ_S8,sec_0137,894,5.6-offset_applied,PASS,,"offset_applied is 0. The 'Section 10-8' heading is on physical p889 = page_start, and p906 (folio '10 - 34') is the last page. No wrong shift is seen.",
LOGIQ_S8,sec_0137,894,5.6-table_content,PASS,,There is no table node on p894 and the render shows none. The table nodes of this section on other pages were not rechecked for this row. The p895 table is judged on the p895 row.,Same as base_approved (PASS). The text is shorter because the tables of p895 are judged on that row.
LOGIQ_S8,sec_0137,894,5.5-filters_discarding,PASS,,"p894 has no picture, only text with warning triangles. In the section, the figures of 10-6 to 10-15 are extracted (img_1398-img_1409), including the drawing on p893 (img_1401). The small warning triangles beside CAUTION are not extracted, but their meaning is in the text.",
LOGIQ_S8,sec_0137,894,5.5-filters_passing_noise,PASS,,"I checked all four edges of the vector image img_1401 (p893, 397x311). It holds only the grounding test drawing (plug, ohmmeter, device, labels 1-4), with no body text or caption. The other images are real figures (outlet tester, circuit diagrams, BF label, TEE test). No decorative strip is kept.","Hidden text nodes like '!! CAUTION:' (p905) and '!! DANGER:' (p906) are text, not images, so they are not graded here."
LOGIQ_S8,sec_0137,894,5.5-image_section_mapping,PASS,,"All 12 images (img_1398-img_1409, p891-p905) map to sec_0137 (p889-p906). sec_0136 is only p888 and sec_0138 starts at p907, so no page is shared. The captions match the nearby images.",
LOGIQ_S8,sec_0138,909,5.4-hierarchy_level,,,,
LOGIQ_S8,sec_0138,909,5.4-parent_child,,,,
LOGIQ_S8,sec_0138,909,5.4-page_start_end,,,,
LOGIQ_S8,sec_0138,909,5.4-hierarchy_path,,,,
LOGIQ_S8,sec_0138,909,5.4-gaps_duplicates,,,,
LOGIQ_S8,sec_0138,909,5.4-flagged_for_review,,,,
LOGIQ_S8,sec_0138,909,5.4-structural_source,,,,
LOGIQ_S8,sec_0138,909,5.6-numbering_scheme,,,,
LOGIQ_S8,sec_0138,909,5.6-offset_applied,,,,
LOGIQ_S8,sec_0138,909,5.6-table_content,PASS,,"On p909 #/tables/450 has the header Functional Check (if applicable), OK? or N/A, Physical Inspection and Cleaning (if applicable), Inspect, Clean. The rows B-Mode Function to Measurement Accuracy match the render. The right side lists Console, Monitor, a blank, Air Filter, Probe Holders, External I/O, Wheels Brakes & Swivel Locks, Cables and Connectors, Approved Peripherals.","Same as round one (PASS). The top grid (Customer Name, Probe 1-9) is not a table node. It is paragraph text."
LOGIQ_S8,sec_0138,909,5.5-filters_discarding,,,,
LOGIQ_S8,sec_0138,909,5.5-filters_passing_noise,,,,
LOGIQ_S8,sec_0138,909,5.5-image_section_mapping,,,,
