manual_id,section_id,page_sampled,checklist_ref,result,severity,evidence,notes
LOGIQ_S8,sec_0001,1,5.4-hierarchy_level,PASS,,"'Service Manual' is a top-level bookmark with hierarchy_level 1. It covers the cover, legal pages and the full Contents, before Chapter 1, so level 1 is right.",Same as v1.13; the tree did not change here.
LOGIQ_S8,sec_0001,1,5.4-parent_child,PASS,,sec_0001 has no parent and no child_sections. It is a top-level front-matter section. The next top-level section is sec_0002 Chapter 1.,Same as v1.13; the tree did not change here.
LOGIQ_S8,sec_0001,1,5.4-page_start_end,PASS,,"On p1 the cover shows 'Service Manual' (heading #/texts/3) and starts the section. p42 is a blank Contents page with only header and footer, and Chapter 1 starts on p43 in sec_0002. No Chapter 1 content is absorbed.","Same as v1.13. p1 also has nodes #/texts/4 to #/texts/7 ((OCTOBER 7, 2019), COVER.FM) that are not visible on the render. They are probably hidden text on the cover and do not cross a boundary."
LOGIQ_S8,sec_0001,1,5.4-hierarchy_path,PASS,,"hierarchy_path is '/Service Manual'. It is a root node, so a one-item path is right.",Same as v1.13; the tree did not change here.
LOGIQ_S8,sec_0001,1,5.4-gaps_duplicates,PASS,,sec_0001 covers p1-p42 and sec_0002 starts at p43. No page is missing or doubled between them.,Same as v1.13; the tree did not change here.
LOGIQ_S8,sec_0001,1,5.4-flagged_for_review,PASS,,flagged_for_review is false and verification_score is 100. Nothing on the sampled page contradicts this.,Same as v1.13; the tree did not change here.
LOGIQ_S8,sec_0001,1,5.4-structural_source,PASS,,"structural_source is 'toc'. The bookmark 'Service Manual' points to the cover on p1, which the render confirms.",Same as v1.13; the tree did not change here.
LOGIQ_S8,sec_0001,1,5.6-numbering_scheme,FAIL,Medium,"The section is labeled 'arabic', but the folios are mixed. Node text shows roman folios on p3 ('- i'), p4 ('ii -') and later pages up to 'xiv -' on p16. Arabic folios restart on p17 and p24 shows '8 -'. The p3-p16 pages were not rendered here.","Same as v1.13. roman folios inside an arabic section are still not represented in numbering_scheme. Roman folios are seen in node text only, not on a render, so confidence is lower. Impact: the roman-to-arabic change is not visible in the tree."
LOGIQ_S8,sec_0001,1,5.6-offset_applied,PASS,,"offset_applied is 0. The cover is physical p1 and the Contents pages follow in physical order, so the mapping is consistent.",Same as v1.13; the tree did not change here.
LOGIQ_S8,sec_0001,1,5.6-table_content,PASS,,p1 is the cover page and has no table. The Contents tables of sec_0001 start on p15 and are graded on the p24 row.,Same as v1.13; the tree did not change here.
LOGIQ_S8,sec_0001,1,5.5-filters_discarding,PASS,,"p1 shows only text and the GE logo. No other figure is on the cover, so no meaningful figure is lost. The warning images on p10-p12 (img_0001 to img_0007) were not rendered here.",Same as v1.13; the tree did not change here.
LOGIQ_S8,sec_0001,1,5.5-filters_passing_noise,FAIL,Low,"On p1 the GE logo (img_0000, origin vector, 164x161) is kept as an image. It is a decorative brand mark with no technical content. The warning images img_0001 to img_0007 on p10-p12 were not rendered here and look like real warning figures.",Same as v1.13. the logo is still kept as an image. The v1.13 filter change did not affect it. No information is lost (Low).
LOGIQ_S8,sec_0001,1,5.5-image_section_mapping,PASS,,"The only image on p1 is img_0000 (the logo) and it is mapped to sec_0001, which owns p1. The mapping is right.",Same as v1.13; the tree did not change here.
LOGIQ_S8,sec_0003,43,5.4-hierarchy_level,PASS,,"The page shows 'Section 1-1 Overview' as a main heading below the 'Chapter 1 Introduction' title. A Section heading under a Chapter is level 2, and hierarchy_level is 2.",Same as v1.13; the tree did not change here.
LOGIQ_S8,sec_0003,43,5.4-parent_child,PASS,,"sec_0003 has parent_section_id sec_0002 (Chapter 1). It has no child_sections. The heading on the page is a numbered Section under the Chapter 1 title page, so this nesting is right.",Same as v1.13; the tree did not change here.
LOGIQ_S8,sec_0003,43,5.4-page_start_end,PASS,,sec_0003 starts at its heading 'Section 1-1 Overview' (#/texts/322) and ends with the Contents table #/tables/27 and the footer line on p43. The 'Chapter 1 Introduction' title above it is not in sec_0003. Section 1-2 starts on p44.,Same as v1.13; the tree did not change here.
LOGIQ_S8,sec_0003,43,5.4-hierarchy_path,PASS,,hierarchy_path is '/Chapter 1/Section 1-1 Overview'. It lists Chapter 1 then 'Section 1-1 Overview' in the right order and matches the headings on the pages.,Same as v1.13; the tree did not change here.
LOGIQ_S8,sec_0003,43,5.4-gaps_duplicates,PASS,,sec_0003 covers p43-p43. Previous section: sec_0002. Next section: sec_0004 (p44). No page range is missing or doubled.,Same as v1.13; the tree did not change here.
LOGIQ_S8,sec_0003,43,5.4-flagged_for_review,PASS,,"flagged_for_review is false and verification_score is high. The page content shows no sign that the section is wrong, so the flag state is right.",Same as v1.13; the tree did not change here.
LOGIQ_S8,sec_0003,43,5.4-structural_source,PASS,,"structural_source is 'toc'. The bookmark title 'Section 1-1 Overview' matches the heading on p43, so the TOC source is supported.",Same as v1.13; the tree did not change here.
LOGIQ_S8,sec_0003,43,5.6-numbering_scheme,PASS,,"The footer shows '1 - 1', an arabic chapter-page folio. numbering_scheme 'arabic' is right.",Same as v1.13; the tree did not change here.
LOGIQ_S8,sec_0003,43,5.6-offset_applied,PASS,,"offset_applied is 0. The heading of sec_0003 is on physical p43, the same page as page_start. The page footer shows '1 - 1' (chapter-relative folio), not a mismatch.",Same as v1.13; the tree did not change here.
LOGIQ_S8,sec_0003,43,5.6-table_content,FAIL,Low,"Table #/tables/27 on p43 has 10 rows and 3 columns (number, title, page). All numbers, titles and pages (1-1 to 1-32) match the render in order. But the title cells keep the dot leaders and each page cell starts with an extra dot ('. 1-1').","Same as v1.13. this is the same leader-dot noise in a Contents table. Values and order are kept, so Low."
LOGIQ_S8,sec_0003,43,5.5-filters_discarding,PASS,,"p43 shows only text and a Contents list. There is no figure or icon, so nothing is lost.",Same as v1.13; the tree did not change here.
LOGIQ_S8,sec_0003,43,5.5-filters_passing_noise,PASS,,"No image is mapped to p43, so no noise image is kept.",Same as v1.13; the tree did not change here.
LOGIQ_S8,sec_0003,43,5.5-image_section_mapping,PASS,,p43 has no pictures and images.json has no image on p43. This is correct.,Same as v1.13; the tree did not change here.
LOGIQ_S8,sec_0005,51,5.4-hierarchy_level,PASS,,"'Section 1-3 Important conventions' is a Section heading on p49, level 2 under Chapter 1. Numbered headings such as 1-3-2-1 are sub-headings inside the section.",Same as v1.13; the tree did not change here.
LOGIQ_S8,sec_0005,51,5.4-parent_child,PASS,,"sec_0005 has parent_section_id sec_0002 (Chapter 1). It has no child_sections. The heading on the page is a numbered Section under the Chapter 1 title page, so this nesting is right.",Same as v1.13; the tree did not change here.
LOGIQ_S8,sec_0005,51,5.4-page_start_end,PASS,,"sec_0005 starts at 'Section 1-3' on p49 and ends on p57 with the last Table 1-8 page. p51 holds heading 1-3-2-1 and Table 1-7, both owned by sec_0005. Section 1-4 starts on p58.",Same as v1.13; the tree did not change here.
LOGIQ_S8,sec_0005,51,5.4-hierarchy_path,PASS,,hierarchy_path is '/Chapter 1/Section 1-3 Important conventions'. It lists Chapter 1 then 'Section 1-3 Important conventions' in the right order and matches the headings on the pages.,Same as v1.13; the tree did not change here.
LOGIQ_S8,sec_0005,51,5.4-gaps_duplicates,PASS,,sec_0005 covers p49-p57. Previous section: sec_0004 (p44-48). Next section: sec_0006 (p58). No page range is missing or doubled.,Same as v1.13; the tree did not change here.
LOGIQ_S8,sec_0005,51,5.4-flagged_for_review,PASS,,"flagged_for_review is false and verification_score is high. The page content shows no sign that the section is wrong, so the flag state is right.",Same as v1.13; the tree did not change here.
LOGIQ_S8,sec_0005,51,5.4-structural_source,PASS,,"structural_source is 'toc'. The bookmark title 'Section 1-3 Important conventions' matches the heading on p49, so the TOC source is supported.",Same as v1.13; the tree did not change here.
LOGIQ_S8,sec_0005,51,5.6-numbering_scheme,PASS,,The footer shows an arabic chapter-page folio. The label 'arabic' is right.,Same as v1.13; the tree did not change here.
LOGIQ_S8,sec_0005,51,5.6-offset_applied,PASS,,"offset_applied is 0. The heading of sec_0005 is on physical p49, the same page as page_start. The footer shows a chapter-page folio ('1 - 9' on p51, '1 - 12' on p54).",Same as v1.13; the tree did not change here.
LOGIQ_S8,sec_0005,51,5.6-table_content,FAIL,Low,"p51 shows Table 1-7 'Standard Icons Indicating a Special Procedure be Used', a grid of 5 icons with labels. No table node exists on p51. The 5 labels (AVOID STATIC ELECTRICITY, TAG AND LOCK OUT, WEAR EYE PROTECTION, WEAR HAND PROTECTION, WEAR FOOT PROTECTION) are separate paragraphs #/texts/418 to #/texts/422.","Same as v1.13. the grid is still flat paragraphs, and the 5 icons img_0009 to img_0013 are separate images. The label words are in order (Low). The link between each icon and its label is not in the text. The table detector probably did not see a grid made of images."
LOGIQ_S8,sec_0005,51,5.5-filters_discarding,PASS,,"p51 shows 5 icons in Table 1-7. All 5 are in images.json: img_0009 to img_0013 (static electricity, tag and lock out, eye, hand and foot protection). No figure is lost.",Same as v1.13; the tree did not change here.
LOGIQ_S8,sec_0005,51,5.5-filters_passing_noise,PASS,,"The 5 images on p51 are real hazard icons with labels. They are not decorative, so no noise is kept.",Same as v1.13; the tree did not change here.
LOGIQ_S8,sec_0005,51,5.5-image_section_mapping,PASS,,"img_0009 to img_0013 are mapped to sec_0005 on p51. The heading 1-3-2-1 and Table 1-7 are in sec_0005, so the mapping is right.",Same as v1.13; the tree did not change here.
LOGIQ_S8,sec_0006,60,5.4-hierarchy_level,PASS,,"'Section 1-4 Safety Considerations' is a Section heading on p58, level 2 under Chapter 1. Headings 1-4-1 to 1-4-7 are sub-headings inside the section, so level 2 is right.",Same as v1.13; the tree did not change here.
LOGIQ_S8,sec_0006,60,5.4-parent_child,PASS,,"sec_0006 has parent_section_id sec_0002 (Chapter 1). It has no child_sections. The heading on the page is a numbered Section under the Chapter 1 title page, so this nesting is right.",Same as v1.13; the tree did not change here.
LOGIQ_S8,sec_0006,60,5.4-page_start_end,PASS,,"sec_0006 starts at 'Section 1-4' on p58 and ends on p65 with 1-4-7 Battery Safety. p60 holds heading 1-4-4 Mechanical Safety and its warnings, all owned by sec_0006. Section 1-5 starts on p66.",Same as v1.13; the tree did not change here.
LOGIQ_S8,sec_0006,60,5.4-hierarchy_path,PASS,,hierarchy_path is '/Chapter 1/Section 1-4 Safety Considerations'. It lists Chapter 1 then 'Section 1-4 Safety Considerations' in the right order and matches the headings on the pages.,Same as v1.13; the tree did not change here.
LOGIQ_S8,sec_0006,60,5.4-gaps_duplicates,PASS,,sec_0006 covers p58-p65. Previous section: sec_0005 (p49-57). Next section: sec_0007 (p66). No page range is missing or doubled.,Same as v1.13; the tree did not change here.
LOGIQ_S8,sec_0006,60,5.4-flagged_for_review,PASS,,"flagged_for_review is false and verification_score is high. The page content shows no sign that the section is wrong, so the flag state is right.",Same as v1.13; the tree did not change here.
LOGIQ_S8,sec_0006,60,5.4-structural_source,PASS,,"structural_source is 'toc'. The bookmark title 'Section 1-4 Safety Considerations' matches the heading on p58, so the TOC source is supported.",Same as v1.13; the tree did not change here.
LOGIQ_S8,sec_0006,60,5.6-numbering_scheme,PASS,,The footer shows an arabic chapter-page folio. The label 'arabic' is right.,Same as v1.13; the tree did not change here.
LOGIQ_S8,sec_0006,60,5.6-offset_applied,PASS,,"offset_applied is 0. The heading of sec_0006 is on physical p58, the same page as page_start. The footer shows a chapter-page folio ('1 - 18').",Same as v1.13; the tree did not change here.
LOGIQ_S8,sec_0006,60,5.6-table_content,PASS,,"p60 has no table, and no table node is on p60. The Contents table #/tables/39 is on p58 and its text matches the p58 render, with dot noise in the page cells (for example '.1-16').","Same as v1.13. Possible side issue off the sampled page: the dot noise in #/tables/39 on p58 is Low, same pattern as other Contents tables. Not graded on p60."
LOGIQ_S8,sec_0006,60,5.5-filters_discarding,PASS,,"On p60 each WARNING and CAUTION box has a yellow warning triangle. images.json still has no image for p60. The triangles are not extracted, but they are only decorative icons.",CHANGED grade vs v1.13 (Low to PASS) by rule 6i: the yellow triangle beside WARNING/CAUTION is a decorative icon with no meaning of its own. The warning meaning is in the kept WARNING/CAUTION text.
LOGIQ_S8,sec_0006,60,5.5-filters_passing_noise,PASS,,"No image is mapped to p60, so no noise image is kept.",Same as v1.13; the tree did not change here.
LOGIQ_S8,sec_0006,60,5.5-image_section_mapping,PASS,,"images.json has no image on p60, and the render has no figure. The three PPE icons (img_0047 to img_0049) are on p61 and the figure img_0050 is on p64. All are in sec_0006.",Same as v1.13; the tree did not change here.
LOGIQ_S8,sec_0007,68,5.4-hierarchy_level,PASS,,"'Section 1-5 Labels Locations' is a Section heading on p66, level 2 under Chapter 1. On p68 the heading '1-5-1-1 WLAN label location' is a sub-heading inside the section.",Same as v1.13; the tree did not change here.
LOGIQ_S8,sec_0007,68,5.4-parent_child,PASS,,"sec_0007 has parent_section_id sec_0002 (Chapter 1). It has no child_sections. The heading on the page is a numbered Section under the Chapter 1 title page, so this nesting is right.",Same as v1.13; the tree did not change here.
LOGIQ_S8,sec_0007,68,5.4-page_start_end,PASS,,"sec_0007 starts at 'Section 1-5' on p66 and ends on p69 after '1-5-2 Rating plate'. p68 holds heading 1-5-1-1 with Figures 1-3 and 1-4, owned by sec_0007. Section 1-6 starts on p70.",Same as v1.13; the tree did not change here.
LOGIQ_S8,sec_0007,68,5.4-hierarchy_path,PASS,,hierarchy_path is '/Chapter 1/Section 1-5 Labels Locations'. It lists Chapter 1 then 'Section 1-5 Labels Locations' in the right order and matches the headings on the pages.,Same as v1.13; the tree did not change here.
LOGIQ_S8,sec_0007,68,5.4-gaps_duplicates,PASS,,sec_0007 covers p66-p69. Previous section: sec_0006 (p58-65). Next section: sec_0008 (p70). No page range is missing or doubled.,Same as v1.13; the tree did not change here.
LOGIQ_S8,sec_0007,68,5.4-flagged_for_review,PASS,,"flagged_for_review is false and verification_score is high. The page content shows no sign that the section is wrong, so the flag state is right.",Same as v1.13; the tree did not change here.
LOGIQ_S8,sec_0007,68,5.4-structural_source,PASS,,"structural_source is 'toc'. The bookmark title 'Section 1-5 Labels Locations' matches the heading on p66, so the TOC source is supported.",Same as v1.13; the tree did not change here.
LOGIQ_S8,sec_0007,68,5.6-numbering_scheme,PASS,,"The footer shows '1 - 26', an arabic folio. The label 'arabic' is right.",Same as v1.13; the tree did not change here.
LOGIQ_S8,sec_0007,68,5.6-offset_applied,PASS,,"offset_applied is 0. The heading of sec_0007 is on physical p66, the same page as page_start. The footer shows '1 - 26', a chapter-page folio.",Same as v1.13; the tree did not change here.
LOGIQ_S8,sec_0007,68,5.5-filters_discarding,PASS,,p68 has two figures (Figure 1-3 and Figure 1-4). Both are in images.json: img_0053 and img_0054. Both crops show the whole picture. No figure is lost.,Same as v1.13; the tree did not change here.
LOGIQ_S8,sec_0007,68,5.5-filters_passing_noise,PASS,,img_0053 and img_0054 are real WLAN label photos. No decorative item is kept.,Same as v1.13; the tree did not change here.
LOGIQ_S8,sec_0007,68,5.5-image_section_mapping,PASS,,"img_0053 (Figure 1-3) and img_0054 (Figure 1-4) are mapped to sec_0007 on p68. The heading 1-5-1-1 is in sec_0007, so the mapping is right.",Same as v1.13; the tree did not change here.
LOGIQ_S8,sec_0012,76,5.4-hierarchy_level,PASS,,"'Section 1-10 Customer Assistance' is a Section heading on p74, level 2 under Chapter 1. It is the last Section of Chapter 1.",Same as v1.13; the tree did not change here.
LOGIQ_S8,sec_0012,76,5.4-parent_child,PASS,,"sec_0012 has parent_section_id sec_0002 (Chapter 1). It has no child_sections. The heading on the page is a numbered Section under the Chapter 1 title page, so this nesting is right.",Same as v1.13; the tree did not change here.
LOGIQ_S8,sec_0012,76,5.4-page_start_end,PASS,,"sec_0012 starts at 'Section 1-10' on p74. p76 is blank except header and footer, and it belongs to Section 1-10. The nodes of sec_0012 are on p74, p75 and p76 only. No node from p77 is in sec_0012, and Chapter 2 starts on p77.","OLD FAIL FIXED: before, two header-line nodes tagged page_no=77 leaked into sec_0012. Now no node of sec_0012 has page_no 77."
LOGIQ_S8,sec_0012,76,5.4-hierarchy_path,PASS,,hierarchy_path is '/Chapter 1/Section 1-10 Customer Assistance'. It lists Chapter 1 then 'Section 1-10 Customer Assistance' in the right order and matches the headings on the pages.,Same as v1.13; the tree did not change here.
LOGIQ_S8,sec_0012,76,5.4-gaps_duplicates,PASS,,sec_0012 covers p74-p76. Previous section: sec_0011 (p73). Next section: sec_0013 Chapter 2 (p77). No page range is missing or doubled.,Same as v1.13; the tree did not change here.
LOGIQ_S8,sec_0012,76,5.4-flagged_for_review,PASS,,"flagged_for_review is false and verification_score is high. The page content shows no sign that the section is wrong, so the flag state is right.",Same as v1.13; the tree did not change here.
LOGIQ_S8,sec_0012,76,5.4-structural_source,PASS,,"structural_source is 'toc'. The bookmark title 'Section 1-10 Customer Assistance' matches the heading on p74, so the TOC source is supported.",Same as v1.13; the tree did not change here.
LOGIQ_S8,sec_0012,76,5.6-numbering_scheme,PASS,,"The p76 footer shows '1 - 34', an arabic folio. The label 'arabic' is right.",Same as v1.13; the tree did not change here.
LOGIQ_S8,sec_0012,76,5.6-offset_applied,PASS,,"offset_applied is 0. The heading of sec_0012 is on physical p74, the same page as page_start. The p76 footer shows '1 - 34'. This is a blank page of the same chapter.",Same as v1.13; the tree did not change here.
LOGIQ_S8,sec_0012,76,5.6-table_content,FAIL,Medium,"The sampled page p76 is blank, but the section tables are on p74 and p75. Changed table #/tables/44 on p75 (2x render checked): the printed address 'Authorized EU Representative ... Munzinger Strasse 3, D-79111 Freiburg, GERMANY' was lost in v1.13 and is now back, once, in a new row of the Manufacturer column. But the printed phone line '+49 761 45 43 -233' is also in that Manufacturer cell, glued to the start of the address. The TEL/FAX column keeps only '+49 761 45 43 -0 /' and its second line '-233' is not under that column.","CHANGED vs v1.13 (PASS to FAIL): address text is FIXED (BUG-030) but a phone number is now under the wrong column (BUG-008, probably from the recovery step). The table is on p75, not on the sampled p76, so the grade is for the section. No text is lost and nothing is duplicated; tables #/tables/41, 42 and 43 are unchanged. Impact: the second phone line of the EU representative is attached to the wrong column."
LOGIQ_S8,sec_0012,76,5.5-filters_discarding,PASS,,p76 is blank with only header and footer. There is no figure to lose.,Same as v1.13; the tree did not change here.
LOGIQ_S8,sec_0012,76,5.5-filters_passing_noise,PASS,,"No image is mapped to p76. The only image of sec_0012 is img_0062 (EC REP mark, p75). It is a real regulatory mark, not noise.",Same as v1.13; the tree did not change here.
LOGIQ_S8,sec_0012,76,5.5-image_section_mapping,PASS,,"p76 has no picture. img_0062 is on p75 and is mapped to sec_0012, which owns the 1-10-3 Authorized EU Representative heading.",Same as v1.13; the tree did not change here.
LOGIQ_S8,sec_0014,77,5.4-hierarchy_level,PASS,,'Section 2-1 Overview' is a Section heading under the 'Chapter 2 Site preparations' title on p77. It is level 2 under Chapter 2.,Same as v1.13; the tree did not change here.
LOGIQ_S8,sec_0014,77,5.4-parent_child,PASS,,"sec_0014 has parent_section_id sec_0013 (Chapter 2). It has no child_sections. The heading on the page is a numbered Section under the Chapter 2 title page, so this nesting is right.",Same as v1.13; the tree did not change here.
LOGIQ_S8,sec_0014,77,5.4-page_start_end,PASS,,sec_0014 starts at 'Section 2-1 Overview' (#/texts/731) and ends with the Contents table and footer on p77. The 'Chapter 2 Site preparations' title is not in sec_0014. Section 2-2 starts on p78.,Same as v1.13; the tree did not change here.
LOGIQ_S8,sec_0014,77,5.4-hierarchy_path,PASS,,hierarchy_path is '/Chapter 2/Section 2-1 Overview'. It lists Chapter 2 then 'Section 2-1 Overview' in the right order and matches the headings on the pages.,Same as v1.13; the tree did not change here.
LOGIQ_S8,sec_0014,77,5.4-gaps_duplicates,PASS,,sec_0014 covers p77-p77. Previous section: sec_0013 Chapter 2 (p77). Next section: sec_0015 (p78). No page range is missing or doubled.,Same as v1.13; the tree did not change here.
LOGIQ_S8,sec_0014,77,5.4-flagged_for_review,PASS,,"flagged_for_review is false and verification_score is high. The page content shows no sign that the section is wrong, so the flag state is right.",Same as v1.13; the tree did not change here.
LOGIQ_S8,sec_0014,77,5.4-structural_source,PASS,,"structural_source is 'toc'. The bookmark title 'Section 2-1 Overview' matches the heading on p77, so the TOC source is supported.",Same as v1.13; the tree did not change here.
LOGIQ_S8,sec_0014,77,5.6-numbering_scheme,PASS,,"The footer shows '2 - 1', an arabic folio. The label 'arabic' is right.",Same as v1.13; the tree did not change here.
LOGIQ_S8,sec_0014,77,5.6-offset_applied,PASS,,"offset_applied is 0. The heading of sec_0014 is on physical p77, the same page as page_start. The footer shows '2 - 1', a chapter-page folio.",Same as v1.13; the tree did not change here.
LOGIQ_S8,sec_0014,77,5.6-table_content,FAIL,Low,"Table #/tables/45 on p77 has the 3 Contents rows (2-1, 2-2, 2-3) with the right section numbers and pages (2-1, 2-2, 2-7). But the page number is merged into the title cell, after the dot leaders ('Overview. . . . 2-1'). The table has 2 columns instead of number, title and page.","Same as v1.13. cells are merged but values and order are kept, and it is a Contents table, so Low. Probably the dot leaders hide the column gap."
LOGIQ_S8,sec_0014,77,5.5-filters_discarding,PASS,,p77 shows only text and a Contents list. There is no figure or icon.,Same as v1.13; the tree did not change here.
LOGIQ_S8,sec_0014,77,5.5-filters_passing_noise,PASS,,"No image is mapped to p77, so no noise is kept.",Same as v1.13; the tree did not change here.
LOGIQ_S8,sec_0014,77,5.5-image_section_mapping,PASS,,p77 has no picture and images.json has no image on p77. This is correct.,Same as v1.13; the tree did not change here.
LOGIQ_S8,sec_0017,90,5.4-hierarchy_level,PASS,,"'Section 2-4 Environmental Dangers' is a Section heading on p88, level 2 under Chapter 2. Headings 2-4-1 and 2-4-2 are sub-headings inside the section.",Same as v1.13; the tree did not change here.
LOGIQ_S8,sec_0017,90,5.4-parent_child,PASS,,"sec_0017 has parent_section_id sec_0013 (Chapter 2). It has no child_sections. The heading on the page is a numbered Section under the Chapter 2 title page, so this nesting is right.",Same as v1.13; the tree did not change here.
LOGIQ_S8,sec_0017,90,5.4-page_start_end,PASS,,"sec_0017 starts at 'Section 2-4' on p88. p90 shows only 'This page was intentionally left blank' (#/texts/974) with header and footer, and it is the last page. Chapter 3 starts on p91 in sec_0018.",Same as v1.13; the tree did not change here.
LOGIQ_S8,sec_0017,90,5.4-hierarchy_path,PASS,,hierarchy_path is '/Chapter 2/Section 2-4 Environmental Dangers'. It lists Chapter 2 then 'Section 2-4 Environmental Dangers' in the right order and matches the headings on the pages.,Same as v1.13; the tree did not change here.
LOGIQ_S8,sec_0017,90,5.4-gaps_duplicates,PASS,,sec_0017 covers p88-p90. Previous section: sec_0016 (p83-87). Next section: sec_0018 Chapter 3 (p91). No page range is missing or doubled.,Same as v1.13; the tree did not change here.
LOGIQ_S8,sec_0017,90,5.4-flagged_for_review,PASS,,"flagged_for_review is false and verification_score is high. The page content shows no sign that the section is wrong, so the flag state is right.",Same as v1.13; the tree did not change here.
LOGIQ_S8,sec_0017,90,5.4-structural_source,PASS,,"structural_source is 'toc'. The bookmark title 'Section 2-4 Environmental Dangers' matches the heading on p88, so the TOC source is supported.",Same as v1.13; the tree did not change here.
LOGIQ_S8,sec_0017,90,5.6-numbering_scheme,PASS,,"The p90 footer shows '2 - 14', an arabic folio. The label 'arabic' is right.",Same as v1.13; the tree did not change here.
LOGIQ_S8,sec_0017,90,5.6-offset_applied,PASS,,"offset_applied is 0. The heading of sec_0017 is on physical p88, the same page as page_start. The p90 footer shows '2 - 14'. It is a blank page of Section 2-4.",Same as v1.13; the tree did not change here.
LOGIQ_S8,sec_0017,90,5.5-filters_discarding,PASS,,p90 is a blank page with no figure. The figures of sec_0017 are on p88 (img_0065) and p89 (img_0066). Both crops show the full drawings with their '1. Patient environment' caption.,Same as v1.13; the tree did not change here.
LOGIQ_S8,sec_0017,90,5.5-filters_passing_noise,PASS,,"No image is mapped to p90. img_0065 and img_0066 are real patient-environment drawings, not noise.",Same as v1.13; the tree did not change here.
LOGIQ_S8,sec_0017,90,5.5-image_section_mapping,PASS,,"p90 has no picture. img_0065 (p88) and img_0066 (p89) are mapped to sec_0017, which owns headings 2-4-1 and 2-4-2. The mapping is right.",Same as v1.13; the tree did not change here.
LOGIQ_S8,sec_0019,91,5.4-hierarchy_level,PASS,,'Section 3-1 Overview' is a Section heading under the 'Chapter 3 System Setup' title on p91. It is level 2 under Chapter 3.,Same as v1.13; the tree did not change here.
LOGIQ_S8,sec_0019,91,5.4-parent_child,PASS,,"sec_0019 has parent_section_id sec_0018 (Chapter 3). It has no child_sections. The heading on the page is a numbered Section under the Chapter 3 title page, so this nesting is right.",Same as v1.13; the tree did not change here.
LOGIQ_S8,sec_0019,91,5.4-page_start_end,PASS,,sec_0019 starts at 'Section 3-1 Overview' (#/texts/979) and ends with the Contents table and footer on p91. The 'Chapter 3 System Setup' title is not in sec_0019. Section 3-2 starts on p92.,Same as v1.13; the tree did not change here.
LOGIQ_S8,sec_0019,91,5.4-hierarchy_path,PASS,,hierarchy_path is '/Chapter 3/Section 3-1 Overview'. It lists Chapter 3 then 'Section 3-1 Overview' in the right order and matches the headings on the pages.,Same as v1.13; the tree did not change here.
LOGIQ_S8,sec_0019,91,5.4-gaps_duplicates,PASS,,sec_0019 covers p91-p91. Previous section: sec_0018 Chapter 3 (p91). Next section: sec_0020 (p92). No page range is missing or doubled.,Same as v1.13; the tree did not change here.
LOGIQ_S8,sec_0019,91,5.4-flagged_for_review,PASS,,"flagged_for_review is false and verification_score is high. The page content shows no sign that the section is wrong, so the flag state is right.",Same as v1.13; the tree did not change here.
LOGIQ_S8,sec_0019,91,5.4-structural_source,PASS,,"structural_source is 'toc'. The bookmark title 'Section 3-1 Overview' matches the heading on p91, so the TOC source is supported.",Same as v1.13; the tree did not change here.
LOGIQ_S8,sec_0019,91,5.6-numbering_scheme,PASS,,"The footer shows '3 - 1', an arabic folio. The label 'arabic' is right.",Same as v1.13; the tree did not change here.
LOGIQ_S8,sec_0019,91,5.6-offset_applied,PASS,,"offset_applied is 0. The heading of sec_0019 is on physical p91, the same page as page_start. The footer shows '3 - 1', a chapter-page folio.",Same as v1.13; the tree did not change here.
LOGIQ_S8,sec_0019,91,5.6-table_content,FAIL,Low,"Contents table #/tables/50 on p91 has 15 rows and 3 columns (number, title, page). All numbers, titles and pages (3-1 to 3-97) match the render in order. Row 3-7 is also missing in the PDF. But title cells keep the dot leaders and each page cell starts with an extra dot ('. 3-1').","Same as v1.13. leader-dot noise in a Contents table. Values and order are kept, so Low."
LOGIQ_S8,sec_0019,91,5.5-filters_discarding,PASS,,p91 shows only text and a Contents list. There is no figure or icon.,Same as v1.13; the tree did not change here.
LOGIQ_S8,sec_0019,91,5.5-filters_passing_noise,PASS,,"No image is mapped to p91, so no noise is kept.",Same as v1.13; the tree did not change here.
LOGIQ_S8,sec_0019,91,5.5-image_section_mapping,PASS,,p91 has no picture and images.json has no image on p91. This is correct.,Same as v1.13; the tree did not change here.
LOGIQ_S8,sec_0021,98,5.4-hierarchy_level,PASS,,On p98 the footer reads 'Section 3-3 - ...' under Chapter 3. sec_0021 has hierarchy_level 2 and its parent sec_0018 is 'Chapter 3' at level 1. This matches the bookmark nesting.,Same as v1.13; the tree did not change here.
LOGIQ_S8,sec_0021,98,5.4-parent_child,PASS,,"sec_0021 has parent_section_id sec_0018 ('Chapter 3', p91-188), and the parent lists sec_0021 in child_sections. sec_0021 has no children. This fits the printed structure: p98 shows heading 3-3-3 Transportation Box Label with Figures 3-2, 3-3 and 3-4 (three label drawings), all inside one section.",Same as v1.13; the tree did not change here.
LOGIQ_S8,sec_0021,98,5.4-page_start_end,PASS,,"page_start=95 and page_end=100. On p98 I see heading 3-3-3 Transportation Box Label with Figures 3-2, 3-3 and 3-4 (three label drawings). Nodes on p98 are #/texts/1056 to #/texts/1062 and all belong to this section. Only the running header and footer are boilerplate. The previous section sec_0020 ends on p94 and the next one sec_0022 starts on p100. The p100 page is shared with sec_0022; I did not render p100, so the end boundary rests on sections.json.",Same as v1.13; the tree did not change here.
LOGIQ_S8,sec_0021,98,5.4-hierarchy_path,PASS,,"hierarchy_path is '/Chapter 3/Section 3-3 Receiving and unpacking the equipment'. The page footer on p98 reads Section 3-3 and Chapter 3 is the parent, so the path is complete and in order.",Same as v1.13; the tree did not change here.
LOGIQ_S8,sec_0021,98,5.4-gaps_duplicates,PASS,,"sec_0021 covers p95 to p100 once. Previous section sec_0020 ends on p94 and next section sec_0022 starts on p100. I see no gap or overlap. On p98 I see heading 3-3-3 Transportation Box Label with Figures 3-2, 3-3 and 3-4 (three label drawings).",Same as v1.13; the tree did not change here.
LOGIQ_S8,sec_0021,98,5.4-flagged_for_review,PASS,,"flagged_for_review is false and verification_score is 100. On p98 the section content (heading 3-3-3 Transportation Box Label with Figures 3-2, 3-3 and 3-4 (three label drawings)) is where the bookmark says, so the unflagged state is right.",Same as v1.13; the tree did not change here.
LOGIQ_S8,sec_0021,98,5.4-structural_source,PASS,,"structural_source is 'toc' (embedded bookmark). The footer on p98 reads 'Section 3-3', which agrees with the bookmark title 'Section 3-3 Receiving and unpacking the equipment'. No inference is involved.",Same as v1.13; the tree did not change here.
LOGIQ_S8,sec_0021,98,5.6-numbering_scheme,PASS,,"numbering_scheme is 'arabic'. The footer of p98 shows the chapter-page folio '3 - 8', which is an arabic scheme (Chapter 3 starts on p91, so physical p98 is printed 3 - 8).",Same as v1.13; the tree did not change here.
LOGIQ_S8,sec_0021,98,5.6-offset_applied,PASS,,"offset_applied is 0. Physical p98 is printed '3 - 8' and the section starts on p95 as the bookmark says. The folio gap to the physical page is the same as on other Chapter 3 pages (physical minus 90), so no offset error.",Same as v1.13; the tree did not change here.
LOGIQ_S8,sec_0021,98,5.6-table_content,PASS,,"p98 has no table. The tables of sec_0021 are #/tables/53 to #/tables/56 on p96, p99 and p100.",Same as v1.13; the tree did not change here.
LOGIQ_S8,sec_0021,98,5.5-filters_discarding,PASS,,"On p98 I see heading 3-3-3 Transportation Box Label with Figures 3-2, 3-3 and 3-4 (three label drawings). Extracted: img_0069, img_0070 and img_0071. Every figure or screenshot on the page has an extracted image. No meaningful visual is missing.",Same as v1.13. v1.13: image list for this page is the same as in v1.12 (only the id numbers moved by 3). No new image here.
LOGIQ_S8,sec_0021,98,5.5-filters_passing_noise,PASS,,"On p98 the extracted images (img_0069, img_0070 and img_0071) are real figures or screenshots. I see no logo, rule or decoration kept as an image.",Same as v1.13. v1.13: no new small image appears on this page compared with v1.12.
LOGIQ_S8,sec_0021,98,5.5-image_section_mapping,PASS,,"On p98 the figures (img_0069, img_0070 and img_0071) are mapped to sec_0021. sec_0021 is the only section on the page and the headings on the page (heading 3-3-3 Transportation Box Label with Figures 3-2, 3-3) are in this section, so the mapping is right.",Same as v1.13; the tree did not change here.
LOGIQ_S8,sec_0024,105,5.4-hierarchy_level,PASS,,On p105 the footer reads 'Section 3-6 - ...' under Chapter 3. sec_0024 has hierarchy_level 2 and its parent sec_0018 is 'Chapter 3' at level 1. This matches the bookmark nesting.,Same as v1.13; the tree did not change here.
LOGIQ_S8,sec_0024,105,5.4-parent_child,PASS,,"sec_0024 has parent_section_id sec_0018 ('Chapter 3', p91-188), and the parent lists sec_0024 in child_sections. sec_0024 has no children. This fits the printed structure: p105 shows heading 3-6-4 Connecting Probes, Figure 3-7 with two probe-port photos, three CAUTION boxes and seven steps, all inside one section.",Same as v1.13; the tree did not change here.
LOGIQ_S8,sec_0024,105,5.4-page_start_end,PASS,,"page_start=102 and page_end=106. On p105 I see heading 3-6-4 Connecting Probes, Figure 3-7 with two probe-port photos, three CAUTION boxes and seven steps. Nodes on p105 are #/texts/1129 to #/texts/1165 and all belong to this section. Only the running header and footer are boilerplate. The previous section sec_0023 ends on p101 and the next one sec_0025 starts on p107.",Same as v1.13; the tree did not change here.
LOGIQ_S8,sec_0024,105,5.4-hierarchy_path,PASS,,"hierarchy_path is '/Chapter 3/Section 3-6 Completing the Set Up'. The page footer on p105 reads Section 3-6 and Chapter 3 is the parent, so the path is complete and in order.",Same as v1.13; the tree did not change here.
LOGIQ_S8,sec_0024,105,5.4-gaps_duplicates,PASS,,"sec_0024 covers p102 to p106 once. Previous section sec_0023 ends on p101 and next section sec_0025 starts on p107. I see no gap or overlap. On p105 I see heading 3-6-4 Connecting Probes, Figure 3-7 with two probe-port photos, three CAUTION boxes and seven steps.",Same as v1.13; the tree did not change here.
LOGIQ_S8,sec_0024,105,5.4-flagged_for_review,PASS,,"flagged_for_review is false and verification_score is 100. On p105 the section content (heading 3-6-4 Connecting Probes, Figure 3-7 with two probe-port photos, three CAUTION boxes and seven steps) is where the bookmark says, so the unflagged state is right.",Same as v1.13; the tree did not change here.
LOGIQ_S8,sec_0024,105,5.4-structural_source,PASS,,"structural_source is 'toc' (embedded bookmark). The footer on p105 reads 'Section 3-6', which agrees with the bookmark title 'Section 3-6 Completing the Set Up'. No inference is involved.",Same as v1.13; the tree did not change here.
LOGIQ_S8,sec_0024,105,5.6-numbering_scheme,PASS,,"numbering_scheme is 'arabic'. The footer of p105 shows the chapter-page folio '3 - 15', which is an arabic scheme (Chapter 3 starts on p91, so physical p105 is printed 3 - 15).",Same as v1.13; the tree did not change here.
LOGIQ_S8,sec_0024,105,5.6-offset_applied,PASS,,"offset_applied is 0. Physical p105 is printed '3 - 15' and the section starts on p102 as the bookmark says. The folio gap to the physical page is the same as on other Chapter 3 pages (physical minus 90), so no offset error.",Same as v1.13; the tree did not change here.
LOGIQ_S8,sec_0024,105,5.6-table_content,PASS,,p105 has no table. The tables of sec_0024 are #/tables/57 to #/tables/62 on p102 to p104.,Same as v1.13; the tree did not change here.
LOGIQ_S8,sec_0024,105,5.5-filters_discarding,PASS,,On p105 the three CAUTION boxes each have a yellow warning triangle. images.json lists only img_0077 and img_0078 (the two probe-port photos) for p105. The three small icons are left out of the image list; their warning text is kept in the tree. The Figure 3-7 photos are present.,CHANGED grade vs v1.13 (Low to PASS) by rule 6i: the yellow triangle beside WARNING/CAUTION is a decorative icon with no meaning of its own. The warning meaning is in the kept WARNING/CAUTION text.
LOGIQ_S8,sec_0024,105,5.5-filters_passing_noise,PASS,,"On p105 the extracted images (img_0077 and img_0078) are real figures or screenshots. I see no logo, rule or decoration kept as an image.",Same as v1.13. v1.13: no new small image appears on this page compared with v1.12.
LOGIQ_S8,sec_0024,105,5.5-image_section_mapping,PASS,,"On p105 the figures (img_0077 and img_0078) are mapped to sec_0024. sec_0024 is the only section on the page and the headings on the page (heading 3-6-4 Connecting Probes, Figure 3-7 with two probe-port photos, three CAUTION boxes) are in this section, so the mapping is right.",Same as v1.13; the tree did not change here.
LOGIQ_S8,sec_0025,112,5.4-hierarchy_level,PASS,,On p112 the footer reads 'Section 3-7 - ...' under Chapter 3. sec_0025 has hierarchy_level 2 and its parent sec_0018 is 'Chapter 3' at level 1. This matches the bookmark nesting.,Same as v1.13. No change in this node or image for this row.
LOGIQ_S8,sec_0025,112,5.4-parent_child,PASS,,"sec_0025 has parent_section_id sec_0018 ('Chapter 3', p91-188), and the parent lists sec_0025 in child_sections. sec_0025 has no children. This fits the printed structure: p112 shows heading 3-7-5 Complete shutdown, three NOTICE boxes, one WARNING box and the Power Status LED photo, all inside one section.",Same as v1.13. No change in this node or image for this row.
LOGIQ_S8,sec_0025,112,5.4-page_start_end,PASS,,"page_start=107 and page_end=121. On p112 I see heading 3-7-5 Complete shutdown, three NOTICE boxes, one WARNING box and the Power Status LED photo. Nodes on p112 are #/texts/1286 to #/texts/1306 and all belong to this section. Only the running header and footer are boilerplate. The previous section sec_0024 ends on p106 and the next one sec_0026 starts on p122.",Same as v1.13. No change in this node or image for this row.
LOGIQ_S8,sec_0025,112,5.4-hierarchy_path,PASS,,"hierarchy_path is '/Chapter 3/Section 3-7 Power On/Off'. The page footer on p112 reads Section 3-7 and Chapter 3 is the parent, so the path is complete and in order.",Same as v1.13. No change in this node or image for this row.
LOGIQ_S8,sec_0025,112,5.4-gaps_duplicates,PASS,,"sec_0025 covers p107 to p121 once. Previous section sec_0024 ends on p106 and next section sec_0026 starts on p122. I see no gap or overlap. On p112 I see heading 3-7-5 Complete shutdown, three NOTICE boxes, one WARNING box and the Power Status LED photo.",Same as v1.13. No change in this node or image for this row.
LOGIQ_S8,sec_0025,112,5.4-flagged_for_review,PASS,,"flagged_for_review is false and verification_score is 100. On p112 the section content (heading 3-7-5 Complete shutdown, three NOTICE boxes, one WARNING box and the Power Status LED photo) is where the bookmark says, so the unflagged state is right.",Same as v1.13. No change in this node or image for this row.
LOGIQ_S8,sec_0025,112,5.4-structural_source,PASS,,"structural_source is 'toc' (embedded bookmark). The footer on p112 reads 'Section 3-7', which agrees with the bookmark title 'Section 3-7 Power On/Off'. No inference is involved.",Same as v1.13. No change in this node or image for this row.
LOGIQ_S8,sec_0025,112,5.6-numbering_scheme,PASS,,"numbering_scheme is 'arabic'. The footer of p112 shows the chapter-page folio '3 - 22', which is an arabic scheme (Chapter 3 starts on p91, so physical p112 is printed 3 - 22).",Same as v1.13. No change in this node or image for this row.
LOGIQ_S8,sec_0025,112,5.6-offset_applied,PASS,,"offset_applied is 0. Physical p112 is printed '3 - 22' and the section starts on p107 as the bookmark says. The folio gap to the physical page is the same as on other Chapter 3 pages (physical minus 90), so no offset error.",Same as v1.13. No change in this node or image for this row.
LOGIQ_S8,sec_0025,112,5.5-filters_discarding,PASS,,"On p112 the three NOTICE boxes and the WARNING box each have a yellow triangle. The triangles are not extracted. images.json lists img_0086 (Power Status LED photo, vector crop) and the photo with its arrow and label is complete.","CHANGED vs v1.13 (Low -> PASS). Brief rule 6i: decorative note/warning triangles are noise. The meaning is in text #/texts/1289, 1296, 1297 and 1300. verify_claims flags a raster (300x272 px) as missing: false alarm. It is the LED photo, which I saw complete inside vector img_0086."
LOGIQ_S8,sec_0025,112,5.5-filters_passing_noise,PASS,,"On p112 the extracted images (img_0086 (vector)) are real figures or screenshots. I see no logo, rule or decoration kept as an image.",Same as v1.13. No change in this node or image for this row.
LOGIQ_S8,sec_0025,112,5.5-image_section_mapping,PASS,,"On p112 the figures (img_0086 (vector)) are mapped to sec_0025. sec_0025 is the only section on the page and the headings on the page (heading 3-7-5 Complete shutdown, three NOTICE boxes, one WARNING box) are in this section, so the mapping is right.",Same as v1.13. No change in this node or image for this row.
LOGIQ_S8,sec_0026,126,5.4-hierarchy_level,PASS,,On p126 the footer reads 'Section 3-8 - ...' under Chapter 3. sec_0026 has hierarchy_level 2 and its parent sec_0018 is 'Chapter 3' at level 1. This matches the bookmark nesting.,Same as v1.13. No change in this node or image for this row.
LOGIQ_S8,sec_0026,126,5.4-parent_child,PASS,,"sec_0026 has parent_section_id sec_0018 ('Chapter 3', p91-188), and the parent lists sec_0026 in child_sections. sec_0026 has no children. This fits the printed structure: p126 shows heading 3-8-3 (cont'd), steps 4 to 6 and Figure 3-25 (Option Keys import screens), all inside one section.",Same as v1.13. No change in this node or image for this row.
LOGIQ_S8,sec_0026,126,5.4-page_start_end,PASS,,"page_start=122 and page_end=126. On p126 I see heading 3-8-3 (cont'd), steps 4 to 6 and Figure 3-25 (Option Keys import screens). Nodes on p126 are #/texts/1472 to #/texts/1483 and all belong to this section. Only the running header and footer are boilerplate. The previous section sec_0025 ends on p121 and the next one sec_0027 starts on p127.",Same as v1.13. No change in this node or image for this row.
LOGIQ_S8,sec_0026,126,5.4-hierarchy_path,PASS,,"hierarchy_path is '/Chapter 3/Section 3-8 System Configuration'. The page footer on p126 reads Section 3-8 and Chapter 3 is the parent, so the path is complete and in order.",Same as v1.13. No change in this node or image for this row.
LOGIQ_S8,sec_0026,126,5.4-gaps_duplicates,PASS,,"sec_0026 covers p122 to p126 once. Previous section sec_0025 ends on p121 and next section sec_0027 starts on p127. I see no gap or overlap. On p126 I see heading 3-8-3 (cont'd), steps 4 to 6 and Figure 3-25 (Option Keys import screens).",Same as v1.13. No change in this node or image for this row.
LOGIQ_S8,sec_0026,126,5.4-flagged_for_review,PASS,,"flagged_for_review is false and verification_score is 100. On p126 the section content (heading 3-8-3 (cont'd), steps 4 to 6 and Figure 3-25 (Option Keys import screens)) is where the bookmark says, so the unflagged state is right.",Same as v1.13. No change in this node or image for this row.
LOGIQ_S8,sec_0026,126,5.4-structural_source,PASS,,"structural_source is 'toc' (embedded bookmark). The footer on p126 reads 'Section 3-8', which agrees with the bookmark title 'Section 3-8 System Configuration'. No inference is involved.",Same as v1.13. No change in this node or image for this row.
LOGIQ_S8,sec_0026,126,5.6-numbering_scheme,PASS,,"numbering_scheme is 'arabic'. The footer of p126 shows the chapter-page folio '3 - 36', which is an arabic scheme (Chapter 3 starts on p91, so physical p126 is printed 3 - 36).",Same as v1.13. No change in this node or image for this row.
LOGIQ_S8,sec_0026,126,5.6-offset_applied,PASS,,"offset_applied is 0. Physical p126 is printed '3 - 36' and the section starts on p122 as the bookmark says. The folio gap to the physical page is the same as on other Chapter 3 pages (physical minus 90), so no offset error.",Same as v1.13. No change in this node or image for this row.
LOGIQ_S8,sec_0026,126,5.6-table_content,PASS,,p126 has no table. The tables of sec_0026 are #/tables/63 and #/tables/64 on p123 and p124.,Same as v1.13. No change in this node or image for this row.
LOGIQ_S8,sec_0026,126,5.5-filters_discarding,FAIL,Low,On p126 Figure 3-25 is extracted as img_0100 (option keys screen) and img_0101 (Import dialog). The red Import box and the red arrow drawn on the print are not in either image. The screen text is kept.,"Same as v1.13. Probably BUG-010 or BUG-017 (overlay or small icon not in the crop). The meaning is kept in the text, so the impact is low."
LOGIQ_S8,sec_0026,126,5.5-filters_passing_noise,PASS,,"On p126 the extracted images (img_0100 and img_0101) are real figures or screenshots. I see no logo, rule or decoration kept as an image.",Same as v1.13. No change in this node or image for this row.
LOGIQ_S8,sec_0026,126,5.5-image_section_mapping,PASS,,"On p126 the figures (img_0100 and img_0101) are mapped to sec_0026. sec_0026 is the only section on the page and the headings on the page (heading 3-8-3 (cont'd), steps 4 to 6) are in this section, so the mapping is right.",Same as v1.13. No change in this node or image for this row.
LOGIQ_S8,sec_0027,133,5.4-hierarchy_level,PASS,,On p133 the footer reads 'Section 3-9 - ...' under Chapter 3. sec_0027 has hierarchy_level 2 and its parent sec_0018 is 'Chapter 3' at level 1. This matches the bookmark nesting.,Same as v1.13. No change in this node or image for this row.
LOGIQ_S8,sec_0027,133,5.4-parent_child,PASS,,"sec_0027 has parent_section_id sec_0018 ('Chapter 3', p91-188), and the parent lists sec_0027 in child_sections. sec_0027 has no children. This fits the printed structure: p133 shows heading 3-9-2-1 (cont'd) and Figure 3-30 (UVC wiring photo with blue arrows), all inside one section.",Same as v1.13. No change in this node or image for this row.
LOGIQ_S8,sec_0027,133,5.4-page_start_end,PASS,,page_start=127 and page_end=138. On p133 I see heading 3-9-2-1 (cont'd) and Figure 3-30 (UVC wiring photo with blue arrows). Nodes on p133 are #/texts/1574 to #/texts/1580 and all belong to this section. Only the running header and footer are boilerplate. The previous section sec_0026 ends on p126 and the next one sec_0028 starts on p139.,Same as v1.13. No change in this node or image for this row.
LOGIQ_S8,sec_0027,133,5.4-hierarchy_path,PASS,,"hierarchy_path is '/Chapter 3/Section 3-9 Optional Peripherals/Peripheral Connection'. The page footer on p133 reads Section 3-9 and Chapter 3 is the parent, so the path is complete and in order.",Same as v1.13. No change in this node or image for this row.
LOGIQ_S8,sec_0027,133,5.4-gaps_duplicates,PASS,,sec_0027 covers p127 to p138 once. Previous section sec_0026 ends on p126 and next section sec_0028 starts on p139. I see no gap or overlap. On p133 I see heading 3-9-2-1 (cont'd) and Figure 3-30 (UVC wiring photo with blue arrows).,Same as v1.13. No change in this node or image for this row.
LOGIQ_S8,sec_0027,133,5.4-flagged_for_review,PASS,,"flagged_for_review is false and verification_score is 100. On p133 the section content (heading 3-9-2-1 (cont'd) and Figure 3-30 (UVC wiring photo with blue arrows)) is where the bookmark says, so the unflagged state is right.",Same as v1.13. No change in this node or image for this row.
LOGIQ_S8,sec_0027,133,5.4-structural_source,PASS,,"structural_source is 'toc' (embedded bookmark). The footer on p133 reads 'Section 3-9', which agrees with the bookmark title 'Section 3-9 Optional Peripherals/Peripheral Connection'. No inference is involved.",Same as v1.13. No change in this node or image for this row.
LOGIQ_S8,sec_0027,133,5.6-numbering_scheme,PASS,,"numbering_scheme is 'arabic'. The footer of p133 shows the chapter-page folio '3 - 43', which is an arabic scheme (Chapter 3 starts on p91, so physical p133 is printed 3 - 43).",Same as v1.13. No change in this node or image for this row.
LOGIQ_S8,sec_0027,133,5.6-offset_applied,PASS,,"offset_applied is 0. Physical p133 is printed '3 - 43' and the section starts on p127 as the bookmark says. The folio gap to the physical page is the same as on other Chapter 3 pages (physical minus 90), so no offset error.",Same as v1.13. No change in this node or image for this row.
LOGIQ_S8,sec_0027,133,5.5-filters_discarding,PASS,,"On p133 Figure 3-30 is extracted as img_0107 (368x421). I checked the crop: it has the UVC unit, the adapter inset, the rear panel and the blue arrows. Nothing is cut.",Same as v1.13. No change in this node or image for this row.
LOGIQ_S8,sec_0027,133,5.5-filters_passing_noise,PASS,,"On p133 the extracted images (img_0107) are real figures or screenshots. I see no logo, rule or decoration kept as an image.",Same as v1.13. No change in this node or image for this row.
LOGIQ_S8,sec_0027,133,5.5-image_section_mapping,PASS,,"On p133 the figures (img_0107) are mapped to sec_0027. sec_0027 is the only section on the page and the headings on the page (heading 3-9-2-1 (cont'd)) are in this section, so the mapping is right.",Same as v1.13. No change in this node or image for this row.
LOGIQ_S8,sec_0028,140,5.4-hierarchy_level,PASS,,On p140 the footer reads 'Section 3-10 - ...' under Chapter 3. sec_0028 has hierarchy_level 2 and its parent sec_0018 is 'Chapter 3' at level 1. This matches the bookmark nesting.,Same as v1.13. No change in this node or image for this row.
LOGIQ_S8,sec_0028,140,5.4-parent_child,PASS,,"sec_0028 has parent_section_id sec_0018 ('Chapter 3', p91-188), and the parent lists sec_0028 in child_sections. sec_0028 has no children. This fits the printed structure: p140 shows heading 3-10-1-1 and Figure 3-37 (two photos, blue arrows, white boxes), all inside one section.",Same as v1.13. No change in this node or image for this row.
LOGIQ_S8,sec_0028,140,5.4-page_start_end,PASS,,"page_start=139 and page_end=155. On p140 I see heading 3-10-1-1 and Figure 3-37 (two photos, blue arrows, white boxes). Nodes on p140 are #/texts/1660 to #/texts/1664 and all belong to this section. Only the running header and footer are boilerplate. The previous section sec_0027 ends on p138 and the next one sec_0029 starts on p156.",Same as v1.13. No change in this node or image for this row.
LOGIQ_S8,sec_0028,140,5.4-hierarchy_path,PASS,,"hierarchy_path is '/Chapter 3/Section 3-10 Printer Installation'. The page footer on p140 reads Section 3-10 and Chapter 3 is the parent, so the path is complete and in order.",Same as v1.13. No change in this node or image for this row.
LOGIQ_S8,sec_0028,140,5.4-gaps_duplicates,PASS,,"sec_0028 covers p139 to p155 once. Previous section sec_0027 ends on p138 and next section sec_0029 starts on p156. I see no gap or overlap. On p140 I see heading 3-10-1-1 and Figure 3-37 (two photos, blue arrows, white boxes).",Same as v1.13. No change in this node or image for this row.
LOGIQ_S8,sec_0028,140,5.4-flagged_for_review,PASS,,"flagged_for_review is false and verification_score is 100. On p140 the section content (heading 3-10-1-1 and Figure 3-37 (two photos, blue arrows, white boxes)) is where the bookmark says, so the unflagged state is right.",Same as v1.13. No change in this node or image for this row.
LOGIQ_S8,sec_0028,140,5.4-structural_source,PASS,,"structural_source is 'toc' (embedded bookmark). The footer on p140 reads 'Section 3-10', which agrees with the bookmark title 'Section 3-10 Printer Installation'. No inference is involved.",Same as v1.13. No change in this node or image for this row.
LOGIQ_S8,sec_0028,140,5.6-numbering_scheme,PASS,,"numbering_scheme is 'arabic'. The footer of p140 shows the chapter-page folio '3 - 50', which is an arabic scheme (Chapter 3 starts on p91, so physical p140 is printed 3 - 50).",Same as v1.13. No change in this node or image for this row.
LOGIQ_S8,sec_0028,140,5.6-offset_applied,PASS,,"offset_applied is 0. Physical p140 is printed '3 - 50' and the section starts on p139 as the bookmark says. The folio gap to the physical page is the same as on other Chapter 3 pages (physical minus 90), so no offset error.",Same as v1.13. No change in this node or image for this row.
LOGIQ_S8,sec_0028,140,5.6-table_content,PASS,,p140 has no table. The only table of sec_0028 is #/tables/65 on p147.,Same as v1.13. No change in this node or image for this row.
LOGIQ_S8,sec_0028,140,5.5-filters_discarding,PASS,,"On p140 Figure 3-37 is complete in img_0113 (two photos, blue arrows, white boxes). In the same section the NOTICE triangle on p151 is not extracted. It is a decorative icon. p151 is not in my renders, so this part rests on images.json.","CHANGED vs v1.13 (Low -> PASS). Brief rule 6i. The words '!! NOTICE:' and the message are in text nodes #/texts/1785 and 1778. verify_claims flags two rasters (423x573 and 418x224 px) as missing: false alarm. They are the two photos of Figure 3-37, which I saw complete inside vector img_0113."
LOGIQ_S8,sec_0028,140,5.5-filters_passing_noise,FAIL,Low,Text from the page is kept inside vector crops of sec_0028. img_0122 (p149) has the heading '3-10-2-1 Connection Scheme: Color Printer' at its top edge and the caption 'Figure 3-40' at its bottom edge. img_0124 (p151) has the line '- High Speed (check mark on)' at its top edge. img_0113 on p140 is clean.,"Same as v1.13. The crop box of the vector image is taller than the figure (probably BUG-010). The same text is also in text nodes, so nothing is lost."
LOGIQ_S8,sec_0028,140,5.5-image_section_mapping,PASS,,"On p140 the figures (img_0113 (vector)) are mapped to sec_0028. sec_0028 is the only section on the page and the headings on the page (heading 3-10-1-1) are in this section, so the mapping is right.",Same as v1.13. No change in this node or image for this row.
LOGIQ_S8,sec_0029,160,5.4-hierarchy_level,PASS,,On p160 the footer reads 'Section 3-11 - ...' under Chapter 3. sec_0029 has hierarchy_level 2 and its parent sec_0018 is 'Chapter 3' at level 1. This matches the bookmark nesting.,Same as v1.13. No change in this node or image for this row.
LOGIQ_S8,sec_0029,160,5.4-parent_child,PASS,,"sec_0029 has parent_section_id sec_0018 ('Chapter 3', p91-188), and the parent lists sec_0029 in child_sections. sec_0029 has no children. This fits the printed structure: p160 shows heading 3-11-8 Network icon and Table 3-7 (nine icon rows), all inside one section.",Same as v1.13. No change in this node or image for this row.
LOGIQ_S8,sec_0029,160,5.4-page_start_end,PASS,,page_start=156 and page_end=161. On p160 I see heading 3-11-8 Network icon and Table 3-7 (nine icon rows). Nodes on p160 are #/texts/1908 to #/tables/66 and all belong to this section. Only the running header and footer are boilerplate. The previous section sec_0028 ends on p155 and the next one sec_0030 starts on p162.,Same as v1.13. No change in this node or image for this row.
LOGIQ_S8,sec_0029,160,5.4-hierarchy_path,PASS,,"hierarchy_path is '/Chapter 3/Section 3-11 Connectivity Setup'. The page footer on p160 reads Section 3-11 and Chapter 3 is the parent, so the path is complete and in order.",Same as v1.13. No change in this node or image for this row.
LOGIQ_S8,sec_0029,160,5.4-gaps_duplicates,PASS,,sec_0029 covers p156 to p161 once. Previous section sec_0028 ends on p155 and next section sec_0030 starts on p162. I see no gap or overlap. On p160 I see heading 3-11-8 Network icon and Table 3-7 (nine icon rows).,Same as v1.13. No change in this node or image for this row.
LOGIQ_S8,sec_0029,160,5.4-flagged_for_review,PASS,,"flagged_for_review is false and verification_score is 100. On p160 the section content (heading 3-11-8 Network icon and Table 3-7 (nine icon rows)) is where the bookmark says, so the unflagged state is right.",Same as v1.13. No change in this node or image for this row.
LOGIQ_S8,sec_0029,160,5.4-structural_source,PASS,,"structural_source is 'toc' (embedded bookmark). The footer on p160 reads 'Section 3-11', which agrees with the bookmark title 'Section 3-11 Connectivity Setup'. No inference is involved.",Same as v1.13. No change in this node or image for this row.
LOGIQ_S8,sec_0029,160,5.6-numbering_scheme,PASS,,"numbering_scheme is 'arabic'. The footer of p160 shows the chapter-page folio '3 - 70', which is an arabic scheme (Chapter 3 starts on p91, so physical p160 is printed 3 - 70).",Same as v1.13. No change in this node or image for this row.
LOGIQ_S8,sec_0029,160,5.6-offset_applied,PASS,,"offset_applied is 0. Physical p160 is printed '3 - 70' and the section starts on p156 as the bookmark says. The folio gap to the physical page is the same as on other Chapter 3 pages (physical minus 90), so no offset error.",Same as v1.13. No change in this node or image for this row.
LOGIQ_S8,sec_0029,160,5.6-table_content,PASS,,"#/tables/66 has 9 data rows. The Description text of each row matches the render, including the three bullets of 'Wireless network limited connected'. The Icon column is empty because the icons are not extracted.",Same as v1.13. No change in this node or image for this row.
LOGIQ_S8,sec_0029,160,5.5-filters_discarding,FAIL,Low,On p160 Table 3-7 has nine small network icons in the Icon column. images.json lists no image for p160. The icon cells in #/tables/66 are empty. The Description text of each row is kept.,"Same as v1.13. Probably BUG-010 or BUG-017 (overlay or small icon not in the crop). The meaning is kept in the text, so the impact is low."
LOGIQ_S8,sec_0029,160,5.5-filters_passing_noise,PASS,,"No image is extracted for p160, so no decorative element was kept.",Same as v1.13. No change in this node or image for this row.
LOGIQ_S8,sec_0029,160,5.5-image_section_mapping,PASS,,"p160 has no extracted image. The page belongs only to sec_0029, so nothing is mapped to a wrong section.",Same as v1.13. No change in this node or image for this row.
LOGIQ_S8,sec_0030,167,5.4-hierarchy_level,PASS,,On p167 the footer reads 'Section 3-12 - ...' under Chapter 3. sec_0030 has hierarchy_level 2 and its parent sec_0018 is 'Chapter 3' at level 1. This matches the bookmark nesting.,Same as v1.13. No change in this node or image for this row.
LOGIQ_S8,sec_0030,167,5.4-parent_child,PASS,,"sec_0030 has parent_section_id sec_0018 ('Chapter 3', p91-188), and the parent lists sec_0030 in child_sections. sec_0030 has no children. This fits the printed structure: p167 shows heading 3-12-7 Service, Figure 3-49 and Figure 3-50 (two screenshots), all inside one section.",Same as v1.13. No change in this node or image for this row.
LOGIQ_S8,sec_0030,167,5.4-page_start_end,PASS,,"page_start=162 and page_end=171. On p167 I see heading 3-12-7 Service, Figure 3-49 and Figure 3-50 (two screenshots). Nodes on p167 are #/texts/1996 to #/texts/2010 and all belong to this section. Only the running header and footer are boilerplate. The previous section sec_0029 ends on p161 and the next one sec_0031 starts on p172.",Same as v1.13. No change in this node or image for this row.
LOGIQ_S8,sec_0030,167,5.4-hierarchy_path,PASS,,"hierarchy_path is '/Chapter 3/Section 3-12 Configuring Connectivity'. The page footer on p167 reads Section 3-12 and Chapter 3 is the parent, so the path is complete and in order.",Same as v1.13. No change in this node or image for this row.
LOGIQ_S8,sec_0030,167,5.4-gaps_duplicates,PASS,,"sec_0030 covers p162 to p171 once. Previous section sec_0029 ends on p161 and next section sec_0031 starts on p172. I see no gap or overlap. On p167 I see heading 3-12-7 Service, Figure 3-49 and Figure 3-50 (two screenshots).",Same as v1.13. No change in this node or image for this row.
LOGIQ_S8,sec_0030,167,5.4-flagged_for_review,PASS,,"flagged_for_review is false and verification_score is 100. On p167 the section content (heading 3-12-7 Service, Figure 3-49 and Figure 3-50 (two screenshots)) is where the bookmark says, so the unflagged state is right.",Same as v1.13. No change in this node or image for this row.
LOGIQ_S8,sec_0030,167,5.4-structural_source,PASS,,"structural_source is 'toc' (embedded bookmark). The footer on p167 reads 'Section 3-12', which agrees with the bookmark title 'Section 3-12 Configuring Connectivity'. No inference is involved.",Same as v1.13. No change in this node or image for this row.
LOGIQ_S8,sec_0030,167,5.6-numbering_scheme,PASS,,"numbering_scheme is 'arabic'. The footer of p167 shows the chapter-page folio '3 - 77', which is an arabic scheme (Chapter 3 starts on p91, so physical p167 is printed 3 - 77).",Same as v1.13. No change in this node or image for this row.
LOGIQ_S8,sec_0030,167,5.6-offset_applied,PASS,,"offset_applied is 0. Physical p167 is printed '3 - 77' and the section starts on p162 as the bookmark says. The folio gap to the physical page is the same as on other Chapter 3 pages (physical minus 90), so no offset error.",Same as v1.13. No change in this node or image for this row.
LOGIQ_S8,sec_0030,167,5.6-table_content,PASS,,p167 has no table. The tables of sec_0030 are #/tables/67 to #/tables/71 on p162 to p168.,Same as v1.13. No change in this node or image for this row.
LOGIQ_S8,sec_0030,167,5.5-filters_discarding,PASS,,"On p167 I see heading 3-12-7 Service, Figure 3-49 and Figure 3-50 (two screenshots). Extracted: img_0152 and img_0153. Every figure or screenshot on the page has an extracted image. No meaningful visual is missing.",Same as v1.13. No change in this node or image for this row.
LOGIQ_S8,sec_0030,167,5.5-filters_passing_noise,PASS,,"On p167 the extracted images (img_0152 and img_0153) are real figures or screenshots. I see no logo, rule or decoration kept as an image.",Same as v1.13. No change in this node or image for this row.
LOGIQ_S8,sec_0030,167,5.5-image_section_mapping,PASS,,"On p167 the figures (img_0152 and img_0153) are mapped to sec_0030. sec_0030 is the only section on the page and the headings on the page (heading 3-12-7 Service, Figure 3-49) are in this section, so the mapping is right.",Same as v1.13. No change in this node or image for this row.
LOGIQ_S8,sec_0031,174,5.4-hierarchy_level,PASS,,On p174 the footer reads 'Section 3-13 - ...' under Chapter 3. sec_0031 has hierarchy_level 2 and its parent sec_0018 is 'Chapter 3' at level 1. This matches the bookmark nesting.,Same as v1.13. No change in this node or image for this row.
LOGIQ_S8,sec_0031,174,5.4-parent_child,PASS,,"sec_0031 has parent_section_id sec_0018 ('Chapter 3', p91-188), and the parent lists sec_0031 in child_sections. sec_0031 has no children. This fits the printed structure: p174 shows heading 3-13-6 (cont'd) and Figure 3-52 (Configuration Home Page screenshot), all inside one section.",Same as v1.13. No change in this node or image for this row.
LOGIQ_S8,sec_0031,174,5.4-page_start_end,PASS,,page_start=172 and page_end=182. On p174 I see heading 3-13-6 (cont'd) and Figure 3-52 (Configuration Home Page screenshot). Nodes on p174 are #/texts/2095 to #/texts/2101 and all belong to this section. Only the running header and footer are boilerplate. The previous section sec_0030 ends on p171 and the next one sec_0032 starts on p183.,Same as v1.13. No change in this node or image for this row.
LOGIQ_S8,sec_0031,174,5.4-hierarchy_path,PASS,,"hierarchy_path is '/Chapter 3/Section 3-13 Setting up InSite Connection (R1 to R4)'. The page footer on p174 reads Section 3-13 and Chapter 3 is the parent, so the path is complete and in order.",Same as v1.13. No change in this node or image for this row.
LOGIQ_S8,sec_0031,174,5.4-gaps_duplicates,PASS,,sec_0031 covers p172 to p182 once. Previous section sec_0030 ends on p171 and next section sec_0032 starts on p183. I see no gap or overlap. On p174 I see heading 3-13-6 (cont'd) and Figure 3-52 (Configuration Home Page screenshot).,Same as v1.13. No change in this node or image for this row.
LOGIQ_S8,sec_0031,174,5.4-flagged_for_review,PASS,,"flagged_for_review is false and verification_score is 100. On p174 the section content (heading 3-13-6 (cont'd) and Figure 3-52 (Configuration Home Page screenshot)) is where the bookmark says, so the unflagged state is right.",Same as v1.13. No change in this node or image for this row.
LOGIQ_S8,sec_0031,174,5.4-structural_source,PASS,,"structural_source is 'toc' (embedded bookmark). The footer on p174 reads 'Section 3-13', which agrees with the bookmark title 'Section 3-13 Setting up InSite Connection (R1 to R4)'. No inference is involved.",Same as v1.13. No change in this node or image for this row.
LOGIQ_S8,sec_0031,174,5.6-numbering_scheme,PASS,,"numbering_scheme is 'arabic'. The footer of p174 shows the chapter-page folio '3 - 84', which is an arabic scheme (Chapter 3 starts on p91, so physical p174 is printed 3 - 84).",Same as v1.13. No change in this node or image for this row.
LOGIQ_S8,sec_0031,174,5.6-offset_applied,PASS,,"offset_applied is 0. Physical p174 is printed '3 - 84' and the section starts on p172 as the bookmark says. The folio gap to the physical page is the same as on other Chapter 3 pages (physical minus 90), so no offset error.",Same as v1.13. No change in this node or image for this row.
LOGIQ_S8,sec_0031,174,5.6-table_content,PASS,,p174 has no table. The tables of sec_0031 are #/tables/72 to #/tables/74 on p172 to p179.,Same as v1.13. No change in this node or image for this row.
LOGIQ_S8,sec_0031,174,5.5-filters_discarding,PASS,,On p174 I see heading 3-13-6 (cont'd) and Figure 3-52 (Configuration Home Page screenshot). Extracted: img_0160. Every figure or screenshot on the page has an extracted image. No meaningful visual is missing.,Same as v1.13. No change in this node or image for this row.
LOGIQ_S8,sec_0031,174,5.5-filters_passing_noise,PASS,,"On p174 the extracted images (img_0160) are real figures or screenshots. I see no logo, rule or decoration kept as an image.",Same as v1.13. No change in this node or image for this row.
LOGIQ_S8,sec_0031,174,5.5-image_section_mapping,PASS,,"On p174 the figures (img_0160) are mapped to sec_0031. sec_0031 is the only section on the page and the headings on the page (heading 3-13-6 (cont'd)) are in this section, so the mapping is right.",Same as v1.13. No change in this node or image for this row.
LOGIQ_S8,sec_0034,188,5.4-hierarchy_level,PASS,,"Section 3-16 Paperwork (sec_0034) is hierarchy_level 2 under Chapter 3. On p188 I see a blank page with only the running header and footer '3 - 98'. The section title is printed as a section-level heading, bigger than the 3-x-y subheadings.",Same as v1.13. No change in this node or image for this row.
LOGIQ_S8,sec_0034,188,5.4-parent_child,PASS,,"parent_section_id=sec_0018 is Chapter 3, which spans p91 to p188 and lists this section as a child. On p188 I see a blank page with only the running header and footer '3 - 98'. The visible content belongs to this section and it has no children.",Same as v1.13. No change in this node or image for this row.
LOGIQ_S8,sec_0034,188,5.4-page_start_end,PASS,,"page_start=187 and page_end=188. p188 is a blank printed page (footer '3 - 98 Section 3-16 - Paperwork'). Its only nodes are the header and footer #/texts/2293-2295. Chapter 4 starts on p189, so the end is correct.",Same as v1.13. No change in this node or image for this row.
LOGIQ_S8,sec_0034,188,5.4-hierarchy_path,PASS,,hierarchy_path is '/Chapter 3/Section 3-16 Paperwork'. Chapter 3 is the root and the title matches the printed Section heading.,Same as v1.13. No change in this node or image for this row.
LOGIQ_S8,sec_0034,188,5.4-gaps_duplicates,PASS,,"The section covers p187 to p188 once. The previous section ends on p186 and the next one starts after p188, so I see no gap or overlap. On p188 I see a blank page with only the running header and footer '3 - 98'.",Same as v1.13. No change in this node or image for this row.
LOGIQ_S8,sec_0034,188,5.4-flagged_for_review,PASS,,"flagged_for_review is false and verification_score is 100. The title and page match the render, so no flag is needed.",Same as v1.13. No change in this node or image for this row.
LOGIQ_S8,sec_0034,188,5.4-structural_source,PASS,,"structural_source is 'toc'. The section title and start page match the bookmark and the printed heading, so no inferred structure needs checking.",Same as v1.13. No change in this node or image for this row.
LOGIQ_S8,sec_0034,188,5.6-numbering_scheme,PASS,,"numbering_scheme is arabic. The footer on p188 uses the chapter-page style (for example '3 - xx'), and the section keeps the same scheme as its neighbours.",Same as v1.13. No change in this node or image for this row.
LOGIQ_S8,sec_0034,188,5.6-offset_applied,PASS,,"offset_applied is 0, the same as the neighbouring sections. Physical p188 shows content of this section, so the mapping is plausible.",Same as v1.13. No change in this node or image for this row.
LOGIQ_S8,sec_0034,188,5.5-filters_discarding,PASS,,"p188 is blank apart from the header and footer. Nothing is missing. Figure 3-62 is on p187 and is extracted as img_0175, complete.",Same as v1.13. No change in this node or image for this row.
LOGIQ_S8,sec_0034,188,5.5-filters_passing_noise,PASS,,"No image is extracted for p188. The only image of sec_0034, img_0175 on p187, is the card figure and has no extra page text.",Same as v1.13. No change in this node or image for this row.
LOGIQ_S8,sec_0034,188,5.5-image_section_mapping,PASS,,"p188 has no visual. img_0175 (Figure 3-62, p187) is mapped to sec_0034 under heading 3-16-1, which is correct.",Same as v1.13. No change in this node or image for this row.
LOGIQ_S8,sec_0036,189,5.4-hierarchy_level,PASS,,"Section 4-1 Overview (sec_0036) is hierarchy_level 2 under Chapter 4 (sec_0035, level 1). On p189 the 'Section 4-1' heading is below the big 'Chapter 4' title, so level 2 is right.",Same as v1.13. No change in this node or image for this row.
LOGIQ_S8,sec_0036,189,5.4-parent_child,PASS,,parent_section_id=sec_0035 (Chapter 4) is correct. On p189 the Contents table #/tables/76 is printed under the numbered heading 4-1-2 'Contents in this chapter' inside Section 4-1. So it belongs to sec_0036. sec_0037 (Section 4-2) starts below it.,Same as v1.13. No change in this node or image for this row.
LOGIQ_S8,sec_0036,189,5.4-page_start_end,PASS,,"On p189 the NOTICE sentence 'Most of the information pertaining to this Functional Checks chapter ...' is printed in Section 4-1 under the 4-1-2 table. In the tree it is #/texts/2309 in sec_0036 now. sec_0036 holds #/texts/2299 to 2303, #/texts/2309 and #/tables/76. Section 4-2 starts below it.","FIXED vs v1.13 (was Critical, BUG-023). The sentence moved from sec_0037 to sec_0036. The Contents table, the stub '!! NOTICE:' and the sentence are all in 4-1 now."
LOGIQ_S8,sec_0036,189,5.4-hierarchy_path,PASS,,hierarchy_path is '/Chapter 4/Section 4-1 Overview'. It matches the Chapter 4 title and the Section 4-1 heading on p189.,Same as v1.13. No change in this node or image for this row.
LOGIQ_S8,sec_0036,189,5.4-gaps_duplicates,PASS,,"sec_0035, sec_0036 and sec_0037 share p189 with no overlap. #/texts/2309 appears once, in sec_0036. Nothing is missing or doubled on p189.","FIXED vs v1.13. The NOTICE sentence is no longer in sec_0037, so sec_0036 has its own text."
LOGIQ_S8,sec_0036,189,5.4-flagged_for_review,PASS,,flagged_for_review is false and verification_score is 100. The 4-1 heading is on p189 as expected.,Same as v1.13. No change in this node or image for this row.
LOGIQ_S8,sec_0036,189,5.4-structural_source,PASS,,"structural_source is 'toc'. The section title and start page match the bookmark and the printed heading, so no inferred structure needs checking.",Same as v1.13. No change in this node or image for this row.
LOGIQ_S8,sec_0036,189,5.6-numbering_scheme,PASS,,"numbering_scheme is arabic. The footer on p189 reads '4 - 1', the first page of the chapter in the chapter-page style.",Same as v1.13. No change in this node or image for this row.
LOGIQ_S8,sec_0036,189,5.6-offset_applied,PASS,,"offset_applied is 0, as for neighbouring sections. Physical p189 shows printed page 4 - 1, which is the start of Chapter 4.",Same as v1.13. No change in this node or image for this row.
LOGIQ_S8,sec_0036,189,5.6-table_content,FAIL,Low,"On p189 #/tables/76 has 6 rows (4-1, 4-3, 4-4, 4-5, 4-6, 4-7). Numbers and titles match the render. Leader dots stay in the title cells. The page cells start with a dot, for example '. 4-18'. All digits are kept.","Same as v1.13. Leader-dot noise in a Contents table is Low. No value is lost or moved. verify_claims expects Medium. Only leader dots add noise. All titles and page numbers stay attributable, so Low (agreed Contents-table rule)."
LOGIQ_S8,sec_0036,189,5.5-filters_discarding,PASS,,On p189 the NOTICE box has a yellow warning triangle. It is not extracted and images.json has no image for p189. The triangle is only a decorative marker. The word NOTICE and the sentence are in text nodes.,"CHANGED vs v1.13 (Low -> PASS). Brief rule 6i: a decorative note triangle that is not extracted is noise, not a defect."
LOGIQ_S8,sec_0036,189,5.5-filters_passing_noise,PASS,,"No image is extracted for p189, so no logo, rule or decoration was kept as an image.",Same as v1.13. No change in this node or image for this row.
LOGIQ_S8,sec_0036,189,5.5-image_section_mapping,PASS,,p189 has no extracted image. The only visual is the NOTICE triangle (see the discarding row). Nothing is mapped to the wrong section.,Same as v1.13. No change in this node or image for this row.
LOGIQ_S8,sec_0038,196,5.4-hierarchy_level,PASS,,"Section 4-3 General procedures (sec_0038) has hierarchy_level 2. The render shows a section heading under its chapter, so level 2 is right. p196 shows 4-3-5-2 Monitor Arm Lock with five steps and Figure 4-4.",Same as v1.13. No change in this node or image for this row.
LOGIQ_S8,sec_0038,196,5.4-parent_child,PASS,,"parent_section_id is sec_0035 (Chapter 4) and child_sections is empty. This matches the bookmark nesting. Sub-headings such as 4-x-y are text nodes inside sec_0038, not separate sections. p196 shows 4-3-5-2 Monitor Arm Lock with five steps and Figure 4-4.",Same as v1.13. No change in this node or image for this row.
LOGIQ_S8,sec_0038,196,5.4-page_start_end,PASS,,"The section runs p190-p205. Its heading starts the section on its first page and the next section sec_0039 (4-4, p206) starts after it. On the sampled page nodes belong to sec_0038: p196 shows 4-3-5-2 Monitor Arm Lock with five steps and Figure 4-4.",Same as v1.13. No change in this node or image for this row.
LOGIQ_S8,sec_0038,196,5.4-hierarchy_path,PASS,,"hierarchy_path is '/Chapter 4/Section 4-3 General procedures'. Chapter, then section, in the right order, same as the printed headings.",Same as v1.13. No change in this node or image for this row.
LOGIQ_S8,sec_0038,196,5.4-gaps_duplicates,PASS,,"Previous section is sec_0037 (4-2, p189) and next is sec_0039 (4-4, p206). The page ranges join with no gap and no overlap. No duplicated nodes seen on the sampled page. p196 shows 4-3-5-2 Monitor Arm Lock with five steps and Figure 4-4.",Same as v1.13. No change in this node or image for this row.
LOGIQ_S8,sec_0038,196,5.4-flagged_for_review,PASS,,"flagged_for_review is false and verification_score is 100. Heading and content on the sampled page agree with the tree, so no flag is needed.",Same as v1.13. No change in this node or image for this row.
LOGIQ_S8,sec_0038,196,5.4-structural_source,PASS,,structural_source is 'toc'. The section is an embedded bookmark and the same heading is printed at the top of its first page.,Same as v1.13. No change in this node or image for this row.
LOGIQ_S8,sec_0038,196,5.6-numbering_scheme,PASS,,"numbering_scheme is arabic. The printed folio on the sampled page is '4 - 8', chapter-page style with arabic digits, and no roman folios appear.",Same as v1.13. No change in this node or image for this row.
LOGIQ_S8,sec_0038,196,5.6-offset_applied,PASS,,"offset_applied is 0. The sampled physical page p196 is the page the tree uses, and the folio '4 - 8' is consistent with the section sequence, so no shift is needed.",Same as v1.13. No change in this node or image for this row.
LOGIQ_S8,sec_0038,196,5.6-table_content,PASS,,"The p196 render shows no table, and no table node of sec_0038 is on p196. Nothing to compare.",Same as v1.13. No change in this node or image for this row.
LOGIQ_S8,sec_0038,196,5.5-filters_discarding,PASS,,"img_0183 (p196, 227x99) holds both lock pictures (1 Unlock, 2 Lock) with arrows. The words Unlock and Lock are in text nodes #/texts/2492. Nothing is cut.",Same as v1.13. No change in this node or image for this row.
LOGIQ_S8,sec_0038,196,5.5-filters_passing_noise,PASS,,img_0183 has only the two round pictures. No page text or footer is inside the crop.,Same as v1.13. No change in this node or image for this row.
LOGIQ_S8,sec_0038,196,5.5-image_section_mapping,PASS,,img_0183 (p196) is mapped to sec_0038 under 4-3-5-2 Monitor Arm Lock. This is the right section.,Same as v1.13. No change in this node or image for this row.
LOGIQ_S8,sec_0039,210,5.4-hierarchy_level,PASS,,"Section 4-4 Functional Checks (sec_0039) has hierarchy_level 2. The page heading 'Section ...' is a section heading under its chapter, so level 2 is right. Printed page 4 - 22 on p210.",same as v1.13.
LOGIQ_S8,sec_0039,210,5.4-parent_child,PASS,,"parent_section_id is sec_0035 (Chapter 4) and child_sections is empty. This matches the chapter and section headings on the render. Sub-headings such as x-y-z are text nodes inside sec_0039, not separate sections.",same as v1.13.
LOGIQ_S8,sec_0039,210,5.4-page_start_end,PASS,,"p210 shows heading 4-4-5 Performance Tests, 4-4-5-1 Recommended Test Phantoms, Figure 4-19 with its labels, footer '4 - 22'. All nodes (#/texts/2666 to 2699) are in sec_0039. The section ends later on p235.",Same as v1.13 (PASS).
LOGIQ_S8,sec_0039,210,5.4-hierarchy_path,PASS,,"hierarchy_path is '/Chapter 4/Section 4-4 Functional Checks'. Chapter, then section, in the right order, same as the printed headings.",same as v1.13.
LOGIQ_S8,sec_0039,210,5.4-gaps_duplicates,PASS,,"Figure 4-19 labels (Penetration, Functional Resolution, 2 to 16, RMI 403GS) appear once each in the text nodes of p210. No gap or repeat with p209 or p211.",same as v1.13.
LOGIQ_S8,sec_0039,210,5.4-flagged_for_review,PASS,,flagged_for_review is false and structural_source is toc. The render of p210 shows nothing that needs a flag.,
LOGIQ_S8,sec_0039,210,5.4-structural_source,PASS,,"structural_source is toc, from the embedded bookmarks. The bookmark title 'Section 4-4 Functional Checks' matches the printed heading, which first prints on p206.",
LOGIQ_S8,sec_0039,210,5.6-numbering_scheme,PASS,,"numbering_scheme is arabic. The footer of p210 prints '4 - 22' (chapter - page), which is a plain arabic scheme.",
LOGIQ_S8,sec_0039,210,5.6-offset_applied,PASS,,"offset_applied is 0. The heading 'Section 4-4 Functional Checks' first prints on physical p206, which is page_start. So no offset is needed.",
LOGIQ_S8,sec_0039,210,5.6-table_content,PASS,,No table is printed on p210 and no table node of sec_0039 is on p210. Nothing to compare.,same as v1.13.
LOGIQ_S8,sec_0039,210,5.5-filters_discarding,PASS,,"img_0201 (p210, vector) holds the full RMI 403GS phantom drawing with all labels (Lateral Distance Measurement, Penetration, Functional Resolution, 2 to 16). Nothing is missing from the figure.",
LOGIQ_S8,sec_0039,210,5.5-filters_passing_noise,PASS,,"The p210 crop img_0201 (961x1343) also has the 4-4-5-1 heading, body lines cut at the right edge, the caption and a cut footer. That is page text around the figure.","Same as v1.13 (PASS). The extra-text defect of the vector crops is graded once, on the sec_0039 p207 row (Low, BUG-010)."
LOGIQ_S8,sec_0039,210,5.5-image_section_mapping,PASS,,"img_0201 (p210) is mapped to sec_0039. The figure is under 4-4-5-1, which is in sec_0039.",
LOGIQ_S8,sec_0042,238,5.4-hierarchy_level,PASS,,"Section 4-7 Site Log (sec_0042) has hierarchy_level 2. The page heading 'Section ...' is a section heading under its chapter, so level 2 is right. Printed page 4 - 50 on p238.",same as v1.13.
LOGIQ_S8,sec_0042,238,5.4-parent_child,PASS,,"parent_section_id is sec_0035 (Chapter 4) and child_sections is empty. This matches the chapter and section headings on the render. Sub-headings such as x-y-z are text nodes inside sec_0042, not separate sections.",same as v1.13.
LOGIQ_S8,sec_0042,238,5.4-page_start_end,PASS,,"p238 shows only the caption 'Table 4-5 Site Log (Continued)', an empty log table and footer '4 - 50'. All nodes (#/texts/3212 to 3215 and #/tables/86) are in sec_0042 (p237-238). The next section starts on a later page.",Same as v1.13 (PASS).
LOGIQ_S8,sec_0042,238,5.4-hierarchy_path,PASS,,"hierarchy_path is '/Chapter 4/Section 4-7 Site Log'. Chapter, then section, in the right order, same as the printed headings.",same as v1.13.
LOGIQ_S8,sec_0042,238,5.4-gaps_duplicates,PASS,,p237 has the heading and Table 4-5 Site Log. p238 has the continuation of the same table. Nothing is missing and nothing is repeated.,same as v1.13.
LOGIQ_S8,sec_0042,238,5.4-flagged_for_review,PASS,,flagged_for_review is false and structural_source is toc. The render of p238 shows nothing that needs a flag.,
LOGIQ_S8,sec_0042,238,5.4-structural_source,PASS,,"structural_source is toc, from the embedded bookmarks. The bookmark title 'Section 4-7 Site Log' matches the printed heading, which first prints on p237.",
LOGIQ_S8,sec_0042,238,5.6-numbering_scheme,PASS,,"numbering_scheme is arabic. The footer of p238 prints '4 - 50' (chapter - page), which is a plain arabic scheme.",
LOGIQ_S8,sec_0042,238,5.6-offset_applied,PASS,,"offset_applied is 0. The heading 'Section 4-7 Site Log' first prints on physical p237, which is page_start. So no offset is needed.",
LOGIQ_S8,sec_0042,238,5.6-table_content,PASS,,"On p238 #/tables/86 has the header row DATE, SERVICE PERSON, PROBLEM, COMMENTS. The render shows the same four headers over empty rows. No cell text is lost.","Same as v1.13 (PASS). The empty rows are not exported, but they hold no information."
LOGIQ_S8,sec_0042,238,5.5-filters_discarding,PASS,,The p238 render shows only a blank log table and no figure. Nothing meaningful is missing from images.json.,
LOGIQ_S8,sec_0042,238,5.5-filters_passing_noise,PASS,,No image is kept for p238 and no decorative element is kept as an image.,
LOGIQ_S8,sec_0042,238,5.5-image_section_mapping,PASS,,No image is mapped to p238 and the render shows none that belongs to sec_0042.,
LOGIQ_S8,sec_0044,239,5.4-hierarchy_level,PASS,,"Section 5-1 Overview (sec_0044) has hierarchy_level 2. The page heading 'Section ...' is a section heading under its chapter, so level 2 is right. Printed page 5 - 1 on p239.",same as v1.13.
LOGIQ_S8,sec_0044,239,5.4-parent_child,PASS,,"parent_section_id is sec_0043 (Chapter 5) and child_sections is empty. This matches the chapter and section headings on the render. Sub-headings such as x-y-z are text nodes inside sec_0044, not separate sections.",same as v1.13.
LOGIQ_S8,sec_0044,239,5.4-page_start_end,PASS,,"p239 shows Chapter 5 title, heading Section 5-1 Overview, 5-1-1, a NOTE and the 5-1-2 Contents list, footer '5 - 1'. The Chapter 5 title is not in sec_0044. Its heading, footer and table #/tables/87 are in sec_0044 (p239 only).",Same as v1.13 (PASS).
LOGIQ_S8,sec_0044,239,5.4-hierarchy_path,PASS,,"hierarchy_path is '/Chapter 5/Section 5-1 Overview'. Chapter, then section, in the right order, same as the printed headings.",same as v1.13.
LOGIQ_S8,sec_0044,239,5.4-gaps_duplicates,PASS,,"sec_0044 has 3 nodes on p239. The text of 5-1-1 and the NOTE appears once, inside #/tables/87. Nothing is repeated and nothing is missing.",same as v1.13.
LOGIQ_S8,sec_0044,239,5.4-flagged_for_review,PASS,,flagged_for_review is false and structural_source is toc. The render of p239 shows nothing that needs a flag.,
LOGIQ_S8,sec_0044,239,5.4-structural_source,PASS,,"structural_source is toc, from the embedded bookmarks. The bookmark title 'Section 5-1 Overview' matches the printed heading, which first prints on p239.",
LOGIQ_S8,sec_0044,239,5.6-numbering_scheme,PASS,,"numbering_scheme is arabic. The footer of p239 prints '5 - 1' (chapter - page), which is a plain arabic scheme.",
LOGIQ_S8,sec_0044,239,5.6-offset_applied,PASS,,"offset_applied is 0. The heading 'Section 5-1 Overview' first prints on physical p239, which is page_start. So no offset is needed.",
LOGIQ_S8,sec_0044,239,5.6-table_content,FAIL,Low,"On p239 #/tables/87 mixes two parts. The 5-1-1 purpose text and the NOTE are in one table. The 5-1-2 rows (5-1 to 5-11) match the render in order, but keep leader dots and a leading dot in the page cell, for example '. 5-11'.","v1.13: STILL PRESENT, same text as before. Cells are merged and there is leader-dot noise, but every word and number is kept in order. Probably BUG-008. Low as in v1.13 (Contents table noise)."
LOGIQ_S8,sec_0044,239,5.5-filters_discarding,PASS,,The p239 render shows only text and a Contents list. No figure is missing from images.json.,
LOGIQ_S8,sec_0044,239,5.5-filters_passing_noise,PASS,,No image is kept for p239 and no decorative element is kept as an image.,
LOGIQ_S8,sec_0044,239,5.5-image_section_mapping,PASS,,No image is mapped to p239 and the render shows none that belongs to sec_0044.,
LOGIQ_S8,sec_0045,246,5.4-hierarchy_level,PASS,,"Section 5-2 General Information (sec_0045) has hierarchy_level 2. The page heading 'Section ...' is a section heading under its chapter, so level 2 is right. Printed page 5 - 8 on p246.",same as v1.13.
LOGIQ_S8,sec_0045,246,5.4-parent_child,PASS,,"parent_section_id is sec_0043 (Chapter 5) and child_sections is empty. This matches the chapter and section headings on the render. Sub-headings such as x-y-z are text nodes inside sec_0045, not separate sections.",same as v1.13.
LOGIQ_S8,sec_0045,246,5.4-page_start_end,PASS,,"p246 starts at 5-2-3-1 Front USB and ends with Table 5-3. Headings 5-2-3-1, 5-2-3-2, 5-2-3-3, the three tables, the notes and footer '5 - 8' are all in sec_0045 (p240-248). The section ends on p248 and 5-3 starts on p249.",Same as v1.13 (PASS).
LOGIQ_S8,sec_0045,246,5.4-hierarchy_path,PASS,,"hierarchy_path is '/Chapter 5/Section 5-2 General Information'. Chapter, then section, in the right order, same as the printed headings.",same as v1.13.
LOGIQ_S8,sec_0045,246,5.4-gaps_duplicates,PASS,,"The text lines on p246 appear once each in the text nodes. In Table 5-1 the line 'USB 2.0, 480 Mbps, 5V 500 mA' is printed twice (Front side and Right side), so two copies are right.",same as v1.13.
LOGIQ_S8,sec_0045,246,5.4-flagged_for_review,PASS,,flagged_for_review is false and structural_source is toc. The render of p246 shows nothing that needs a flag.,
LOGIQ_S8,sec_0045,246,5.4-structural_source,PASS,,"structural_source is toc, from the embedded bookmarks. The bookmark title 'Section 5-2 General Information' matches the printed heading, which first prints on p240.",
LOGIQ_S8,sec_0045,246,5.6-numbering_scheme,PASS,,"numbering_scheme is arabic. The footer of p246 prints '5 - 8' (chapter - page), which is a plain arabic scheme.",
LOGIQ_S8,sec_0045,246,5.6-offset_applied,PASS,,"offset_applied is 0. The heading 'Section 5-2 General Information' first prints on physical p240, which is page_start. So no offset is needed.",
LOGIQ_S8,sec_0045,246,5.6-table_content,PASS,,"Three tables are on p246 (#/tables/88, 89, 90) and all match the render. CHANGED table #/tables/88: the two lines lost in v1.13 are back. 'USB 2.0, 480 Mbps, 5V 500 mA' and 'This port is capped with rubber cover.' are each in their own row with an empty Location cell. No text is duplicated beyond the print. The spec line is in a row above the 'Right side' row, not inside it.","FIXED vs v1.13 (BUG-030): text is complete. Row split is a small risk: the first recovered line sits between the Front side row and the Right side row, so it could be read as part of Front side. Brief says a lost line back in its own new row is PASS. Please confirm. Table 5-2 (#/tables/89) and Table 5-3 (#/tables/90) are unchanged."
LOGIQ_S8,sec_0045,246,5.5-filters_discarding,PASS,,The p246 render shows only text and tables. No figure is missing from images.json.,
LOGIQ_S8,sec_0045,246,5.5-filters_passing_noise,PASS,,No image is kept for p246 and no decorative element is kept as an image.,
LOGIQ_S8,sec_0045,246,5.5-image_section_mapping,PASS,,No image is mapped to p246 and the render shows none that belongs to sec_0045.,
LOGIQ_S8,sec_0049,254,5.4-hierarchy_level,PASS,,"Section 5-6 Software Options (sec_0049) has hierarchy_level 2. The page heading 'Section ...' is a section heading under its chapter, so level 2 is right. Printed page 5 - 16 on p254.",same as v1.13.
LOGIQ_S8,sec_0049,254,5.4-parent_child,PASS,,"parent_section_id is sec_0043 (Chapter 5) and child_sections is empty. This matches the chapter and section headings on the render. Sub-headings such as x-y-z are text nodes inside sec_0049, not separate sections.",same as v1.13.
LOGIQ_S8,sec_0049,254,5.4-page_start_end,PASS,,"p254 has only the continuation of Table 5-5 Software Option list and footer '5 - 16'. The nodes (#/texts/3456 to 3459, #/tables/95) are in sec_0049 (p252-254). 5-7 Hardware Options starts on p255 in sec_0050.",Same as v1.13 (PASS).
LOGIQ_S8,sec_0049,254,5.4-hierarchy_path,PASS,,"hierarchy_path is '/Chapter 5/Section 5-6 Software Options'. Chapter, then section, in the right order, same as the printed headings.",same as v1.13.
LOGIQ_S8,sec_0049,254,5.4-gaps_duplicates,PASS,,"Table 5-5 is split in three nodes on p252, p253 and p254 (#/tables/93, 94, 95). Each page's rows appear once. No row is repeated or missing on p254.",same as v1.13.
LOGIQ_S8,sec_0049,254,5.4-flagged_for_review,PASS,,flagged_for_review is false and structural_source is toc. The render of p254 shows nothing that needs a flag.,
LOGIQ_S8,sec_0049,254,5.4-structural_source,PASS,,"structural_source is toc, from the embedded bookmarks. The bookmark title 'Section 5-6 Software Options' matches the printed heading, which first prints on p252.",
LOGIQ_S8,sec_0049,254,5.6-numbering_scheme,PASS,,"numbering_scheme is arabic. The footer of p254 prints '5 - 16' (chapter - page), which is a plain arabic scheme.",
LOGIQ_S8,sec_0049,254,5.6-offset_applied,PASS,,"offset_applied is 0. The heading 'Section 5-6 Software Options' first prints on physical p252, which is page_start. So no offset is needed.",
LOGIQ_S8,sec_0049,254,5.6-table_content,FAIL,Low,"Line-break hyphen kept in a table cell: 'non- quantitative' in #/tables/93 on p252. Exact search for the whole word fails. On p254 #/tables/95 has the two header rows and ten rows from B Steer+ to Tricefy. The render shows the same ten rows. The descriptions and the R1 to R4.2.5x values (N/A, Yes) are under the right columns.",Low by the reviewer rule of 2026-10-08 (line-break hyphens in cells). Fix planned in Phase 4 (text normalization).
LOGIQ_S8,sec_0049,254,5.5-filters_discarding,PASS,,The p254 render shows only a table. No figure is missing from images.json.,
LOGIQ_S8,sec_0049,254,5.5-filters_passing_noise,PASS,,No image is kept for p254 and no decorative element is kept as an image.,
LOGIQ_S8,sec_0049,254,5.5-image_section_mapping,PASS,,No image is mapped to p254 and the render shows none that belongs to sec_0049.,
LOGIQ_S8,sec_0050,261,5.4-hierarchy_level,PASS,,"Section 5-7 Hardware Options. (sec_0050) has hierarchy_level 2. The page heading 'Section ...' is a section heading under its chapter, so level 2 is right. Printed page 5 - 23 on p261.",same as v1.13.
LOGIQ_S8,sec_0050,261,5.4-parent_child,PASS,,"parent_section_id is sec_0043 (Chapter 5) and child_sections is empty. This matches the chapter and section headings on the render. Sub-headings such as x-y-z are text nodes inside sec_0050, not separate sections.",same as v1.13.
LOGIQ_S8,sec_0050,261,5.4-page_start_end,PASS,,"p261 has headings 5-7-1-6 FibroScan Touch Panel and 5-7-1-7 FibroScan Warning indicator, Figure 5-15, a parameter table, Figure 5-16 with its three captions, footer '5 - 23'. All in sec_0050 (p255-262). p262 continues with 5-7-1-8 in the same section.",Same as v1.13 (PASS).
LOGIQ_S8,sec_0050,261,5.4-hierarchy_path,PASS,,"hierarchy_path is '/Chapter 5/Section 5-7 Hardware Options.'. Chapter, then section, in the right order, same as the printed headings.",same as v1.13.
LOGIQ_S8,sec_0050,261,5.4-gaps_duplicates,PASS,,"The p261 nodes (#/texts/3498 to 3508, #/tables/100) appear once. p260 ends with 5-7-1-5 and p261 starts with 5-7-1-6. No gap or repeat.",same as v1.13.
LOGIQ_S8,sec_0050,261,5.4-flagged_for_review,PASS,,flagged_for_review is false and structural_source is toc. The render of p261 shows nothing that needs a flag.,
LOGIQ_S8,sec_0050,261,5.4-structural_source,PASS,,"structural_source is toc, from the embedded bookmarks. The bookmark title 'Section 5-7 Hardware Options.' matches the printed heading, which first prints on p255.",
LOGIQ_S8,sec_0050,261,5.6-numbering_scheme,PASS,,"numbering_scheme is arabic. The footer of p261 prints '5 - 23' (chapter - page), which is a plain arabic scheme.",
LOGIQ_S8,sec_0050,261,5.6-offset_applied,PASS,,"offset_applied is 0. The heading 'Section 5-7 Hardware Options.' first prints on physical p255, which is page_start. So no offset is needed.",
LOGIQ_S8,sec_0050,261,5.6-table_content,PASS,,"On p261 the table is #/tables/100 with a header and 5 rows (M or XL, CAP, FibroScan Report, Delete, Measurement). The names and descriptions match the render, including both Note lines.",Same as v1.13 (PASS).
LOGIQ_S8,sec_0050,261,5.5-filters_discarding,PASS,,p261 shows Figure 5-15 touch panel and Figure 5-16 warning indicators. images.json has img_0244 (577x351) and img_0245 (332x271). The crops show the full touch panel and the screen with the three red warning icons and their numbers 1 to 3. Nothing is cut.,
LOGIQ_S8,sec_0050,261,5.5-filters_passing_noise,PASS,,"img_0244 and img_0245 are real figures. No page text, rule or logo is kept as an image on p261.",Same as v1.13 (PASS).
LOGIQ_S8,sec_0050,261,5.5-image_section_mapping,PASS,,"img_0244 and img_0245 (p261) are mapped to sec_0050, which owns the headings 5-7-1-6 and 5-7-1-7 on this page. Figure 5-15 and Figure 5-16 belong to this section.",
LOGIQ_S8,sec_0054,268,5.4-hierarchy_level,PASS,,"Section 5-11 LOGIQ E8 (sec_0054) has hierarchy_level 2. The page heading 'Section ...' is a section heading under its chapter, so level 2 is right. Printed page 5 - 30 on p268.",same as v1.13.
LOGIQ_S8,sec_0054,268,5.4-parent_child,PASS,,"parent_section_id is sec_0043 (Chapter 5) and child_sections is empty. This matches the chapter and section headings on the render. Sub-headings such as x-y-z are text nodes inside sec_0054, not separate sections.",same as v1.13.
LOGIQ_S8,sec_0054,268,5.4-page_start_end,PASS,,p268 shows only 'This page was intentionally left blank.' and footer '5 - 30'. These nodes (#/texts/3595 to 3598) are the last of sec_0054 (p266-268). Chapter 6 starts on p269 in a different section.,Same as v1.13 (PASS).
LOGIQ_S8,sec_0054,268,5.4-hierarchy_path,PASS,,"hierarchy_path is '/Chapter 5/Section 5-11 LOGIQ E8'. Chapter, then section, in the right order, same as the printed headings.",same as v1.13.
LOGIQ_S8,sec_0054,268,5.4-gaps_duplicates,PASS,,"p266 has the 5-11 text and Figure 5-18, p267 has Figure 5-19 and p268 is blank. Each node appears once. No gap or repeat.",same as v1.13.
LOGIQ_S8,sec_0054,268,5.4-flagged_for_review,PASS,,flagged_for_review is false and structural_source is toc. The render of p268 shows nothing that needs a flag.,
LOGIQ_S8,sec_0054,268,5.4-structural_source,PASS,,"structural_source is toc, from the embedded bookmarks. The bookmark title 'Section 5-11 LOGIQ E8' matches the printed heading, which first prints on p266.",
LOGIQ_S8,sec_0054,268,5.6-numbering_scheme,PASS,,"numbering_scheme is arabic. The footer of p268 prints '5 - 30' (chapter - page), which is a plain arabic scheme.",
LOGIQ_S8,sec_0054,268,5.6-offset_applied,PASS,,"offset_applied is 0. The heading 'Section 5-11 LOGIQ E8' first prints on physical p266, which is page_start. So no offset is needed.",
LOGIQ_S8,sec_0054,268,5.5-filters_discarding,PASS,,p268 shows only the blank-page sentence and the footer. There is no figure on the page and images.json has no image for p268. Nothing was dropped.,
LOGIQ_S8,sec_0054,268,5.5-filters_passing_noise,PASS,,No image is kept for p268 and no decorative element is kept as an image.,
LOGIQ_S8,sec_0054,268,5.5-image_section_mapping,PASS,,No image is mapped to p268 and the render shows none that belongs to sec_0054.,
LOGIQ_S8,sec_0056,269,5.4-hierarchy_level,PASS,,"Section 6-1 Overview (sec_0056) has hierarchy_level 2. The page heading 'Section ...' is a section heading under its chapter, so level 2 is right. Printed page 6 - 1 on p269.",same as v1.13.
LOGIQ_S8,sec_0056,269,5.4-parent_child,PASS,,"parent_section_id is sec_0055 (Chapter 6) and child_sections is empty. This matches the chapter and section headings on the render. Sub-headings such as x-y-z are text nodes inside sec_0056, not separate sections.",same as v1.13.
LOGIQ_S8,sec_0056,269,5.4-page_start_end,PASS,,"p269 shows the Chapter 6 title, heading Section 6-1 Overview, 6-1-1 Purpose of this chapter, one paragraph, a NOTE and footer '6 - 1'. sec_0056 holds the Section 6-1 heading, 6-1-1, the text, the NOTE and the footer (#/texts/3602 to 3606). The Chapter 6 title is in the parent chapter section.",Same as v1.13 (PASS).
LOGIQ_S8,sec_0056,269,5.4-hierarchy_path,PASS,,"hierarchy_path is '/Chapter 6/Section 6-1 Overview'. Chapter, then section, in the right order, same as the printed headings.",same as v1.13.
LOGIQ_S8,sec_0056,269,5.4-gaps_duplicates,PASS,,"sec_0056 has 5 nodes on p269, each once. The next section (6-2) starts on p270. No gap or repeat.",same as v1.13.
LOGIQ_S8,sec_0056,269,5.4-flagged_for_review,PASS,,flagged_for_review is false and structural_source is toc. The render of p269 shows nothing that needs a flag.,
LOGIQ_S8,sec_0056,269,5.4-structural_source,PASS,,"structural_source is toc, from the embedded bookmarks. The bookmark title 'Section 6-1 Overview' matches the printed heading, which first prints on p269.",
LOGIQ_S8,sec_0056,269,5.6-numbering_scheme,PASS,,"numbering_scheme is arabic. The footer of p269 prints '6 - 1' (chapter - page), which is a plain arabic scheme.",
LOGIQ_S8,sec_0056,269,5.6-offset_applied,PASS,,"offset_applied is 0. The heading 'Section 6-1 Overview' first prints on physical p269, which is page_start. So no offset is needed.",
LOGIQ_S8,sec_0056,269,5.5-filters_discarding,PASS,,p269 shows only text. There is no figure on the page and images.json has no image for p269. Nothing was dropped.,
LOGIQ_S8,sec_0056,269,5.5-filters_passing_noise,PASS,,No image is kept for p269 and no decorative element is kept as an image.,
LOGIQ_S8,sec_0056,269,5.5-image_section_mapping,PASS,,No image is mapped to p269 and the render shows none that belongs to sec_0056.,
LOGIQ_S8,sec_0058,282,5.4-hierarchy_level,PASS,,"Section 6-3 Volume Navigation Calibration Procedure (sec_0058) has hierarchy_level 2. The page heading 'Section ...' is a section heading under its chapter, so level 2 is right. Printed page 6 - 14 on p282.",same as v1.13.
LOGIQ_S8,sec_0058,282,5.4-parent_child,PASS,,"parent_section_id is sec_0055 (Chapter 6) and child_sections is empty. This matches the chapter and section headings on the render. Sub-headings such as x-y-z are text nodes inside sec_0058, not separate sections.",same as v1.13.
LOGIQ_S8,sec_0058,282,5.4-page_start_end,PASS,,"p282 shows heading 6-3-6 Perform Calibration (cont'd), steps 9 to 18, two Problem notes and footer '6 - 14'. All nodes (#/texts/3789 to 3806) are in sec_0058, which ends on p282. Chapter 7 starts on p283 in another section.",Same as v1.13 (PASS).
LOGIQ_S8,sec_0058,282,5.4-hierarchy_path,PASS,,"hierarchy_path is '/Chapter 6/Section 6-3 Volume Navigation Calibration Procedure'. Chapter, then section, in the right order, same as the printed headings.",same as v1.13.
LOGIQ_S8,sec_0058,282,5.4-gaps_duplicates,PASS,,"The '(cont'd)' heading on p282 is a repeated page heading, not repeated content. Steps 9 to 18 and the two Problem notes appear once.",same as v1.13.
LOGIQ_S8,sec_0058,282,5.4-flagged_for_review,PASS,,flagged_for_review is false and structural_source is toc. The render of p282 shows nothing that needs a flag.,
LOGIQ_S8,sec_0058,282,5.4-structural_source,PASS,,"structural_source is toc, from the embedded bookmarks. The bookmark title 'Section 6-3 Volume Navigation Calibration Procedure' matches the printed heading, which first prints on p278.",
LOGIQ_S8,sec_0058,282,5.6-numbering_scheme,PASS,,"numbering_scheme is arabic. The footer of p282 prints '6 - 14' (chapter - page), which is a plain arabic scheme.",
LOGIQ_S8,sec_0058,282,5.6-offset_applied,PASS,,"offset_applied is 0. The heading 'Section 6-3 Volume Navigation Calibration Procedure' first prints on physical p278, which is page_start. So no offset is needed.",
LOGIQ_S8,sec_0058,282,5.5-filters_discarding,PASS,,p282 shows only text. There is no figure on the page and images.json has no image for p282. Nothing was dropped.,
LOGIQ_S8,sec_0058,282,5.5-filters_passing_noise,PASS,,No image is kept for p282 and no decorative element is kept as an image.,
LOGIQ_S8,sec_0058,282,5.5-image_section_mapping,PASS,,No image is mapped to p282 and the render shows none that belongs to sec_0058.,
LOGIQ_S8,sec_0060,283,5.4-hierarchy_level,PASS,,"Section 7-1 Overview (sec_0060) has hierarchy_level 2. The page heading 'Section ...' is a section heading under its chapter, so level 2 is right. Printed page 7 - 1 on p283.",same as v1.13.
LOGIQ_S8,sec_0060,283,5.4-parent_child,PASS,,"parent_section_id is sec_0059 (Chapter 7) and child_sections is empty. This matches the chapter and section headings on the render. Sub-headings such as x-y-z are text nodes inside sec_0060, not separate sections.",same as v1.13.
LOGIQ_S8,sec_0060,283,5.4-page_start_end,PASS,,"p283 shows the Chapter 7 title, heading Section 7-1 Overview, 7-1-1, two paragraphs, a NOTE, 7-1-2 Contents and footer '7 - 1'. The sec_0060 nodes (#/texts/3810 to 3816, #/tables/105) hold all of it except the chapter title. sec_0060 is p283 only. 7-2 starts on p284.",Same as v1.13 (PASS).
LOGIQ_S8,sec_0060,283,5.4-hierarchy_path,PASS,,"hierarchy_path is '/Chapter 7/Section 7-1 Overview'. Chapter, then section, in the right order, same as the printed headings.",same as v1.13.
LOGIQ_S8,sec_0060,283,5.4-gaps_duplicates,PASS,,"sec_0060 has 8 nodes on p283, each once. The 7-1-2 Contents list is only in #/tables/105. No gap or repeat.",same as v1.13.
LOGIQ_S8,sec_0060,283,5.4-flagged_for_review,PASS,,flagged_for_review is false and structural_source is toc. The render of p283 shows nothing that needs a flag.,
LOGIQ_S8,sec_0060,283,5.4-structural_source,PASS,,"structural_source is toc, from the embedded bookmarks. The bookmark title 'Section 7-1 Overview' matches the printed heading, which first prints on p283.",
LOGIQ_S8,sec_0060,283,5.6-numbering_scheme,PASS,,"numbering_scheme is arabic. The footer of p283 prints '7 - 1' (chapter - page), which is a plain arabic scheme.",
LOGIQ_S8,sec_0060,283,5.6-offset_applied,PASS,,"offset_applied is 0. The heading 'Section 7-1 Overview' first prints on physical p283, which is page_start. So no offset is needed.",
LOGIQ_S8,sec_0060,283,5.6-table_content,FAIL,Low,"On p283 the Chapter 7 Contents table is #/tables/105. It has 8 rows, 7-1 Overview to 7-8 Error messages. Titles and section numbers match the render. Leader dots stay in the title cells. Page cells keep a stray leading dot, for example '. 7-91'.","v1.13: STILL PRESENT, same leader-dot noise. No row, title or digit is lost, so Low. Probably BUG-008. verify_claims flags SEVERITY (expects Medium) because of the stray dots in the page cells. Low is kept on purpose, as approved in v1.13: the dots are cosmetic, and every title and page number is kept in the right column."
LOGIQ_S8,sec_0060,283,5.5-filters_discarding,PASS,,The p283 render shows only text and a Contents list. No figure is missing from images.json.,
LOGIQ_S8,sec_0060,283,5.5-filters_passing_noise,PASS,,No image is kept for p283 and no decorative element is kept as an image.,
LOGIQ_S8,sec_0060,283,5.5-image_section_mapping,PASS,,No image is mapped to p283 and the render shows none that belongs to sec_0060.,
LOGIQ_S8,sec_0062,290,5.4-hierarchy_level,PASS,,"Section 7-3 Gathering Troubleshooting Data (R1 to R4) (sec_0062) has hierarchy_level 2. The page heading 'Section ...' is a section heading under its chapter, so level 2 is right. Printed page 7 - 8 on p290.",same as v1.13.
LOGIQ_S8,sec_0062,290,5.4-parent_child,PASS,,"parent_section_id is sec_0059 (Chapter 7) and child_sections is empty. This matches the chapter and section headings on the render. Sub-headings such as x-y-z are text nodes inside sec_0062, not separate sections.",same as v1.13.
LOGIQ_S8,sec_0062,290,5.4-page_start_end,PASS,,"p290 shows heading 7-3-3-2 Request for Service (RFS) (cont'd), Figure 7-8, step 3, a NOTE, Figure 7-9 and footer '7 - 8'. All nodes (#/texts/3908 to 3918) are in sec_0062 (p287-301). The section is not split here.",Same as v1.13 (PASS).
LOGIQ_S8,sec_0062,290,5.4-hierarchy_path,PASS,,"hierarchy_path is '/Chapter 7/Section 7-3 Gathering Troubleshooting Data (R1 to R4)'. Chapter, then section, in the right order, same as the printed headings.",same as v1.13.
LOGIQ_S8,sec_0062,290,5.4-gaps_duplicates,PASS,,"The '(cont'd)' heading is a page heading, not repeated content. Figure 7-7 is on p289 and Figures 7-8 and 7-9 are on p290, each once.",same as v1.13.
LOGIQ_S8,sec_0062,290,5.4-flagged_for_review,PASS,,flagged_for_review is false and structural_source is toc. The render of p290 shows nothing that needs a flag.,
LOGIQ_S8,sec_0062,290,5.4-structural_source,PASS,,"structural_source is toc, from the embedded bookmarks. The bookmark title 'Section 7-3 Gathering Troubleshooting Data (R1 to R4)' matches the printed heading, which first prints on p287.",
LOGIQ_S8,sec_0062,290,5.6-numbering_scheme,PASS,,"numbering_scheme is arabic. The footer of p290 prints '7 - 8' (chapter - page), which is a plain arabic scheme.",
LOGIQ_S8,sec_0062,290,5.6-offset_applied,PASS,,"offset_applied is 0. The heading 'Section 7-3 Gathering Troubleshooting Data (R1 to R4)' first prints on physical p287, which is page_start. So no offset is needed.",
LOGIQ_S8,sec_0062,290,5.6-table_content,PASS,,"p290 has no table node (#/tables/*) and no table in the render. It shows Figure 7-8, step 3, a NOTE and Figure 7-9.",Same as v1.13 (PASS).
LOGIQ_S8,sec_0062,290,5.5-filters_discarding,PASS,,p290 has Figure 7-8 (request dialog) and Figure 7-9 (Contact GE queue screen). images.json has img_0269 (392x171) and img_0270 (828x661). The crops show the full dialog with its warning icon and the full queue screen.,
LOGIQ_S8,sec_0062,290,5.5-filters_passing_noise,PASS,,"img_0269 and img_0270 are real figures. No page text, rule or logo is kept as an image on p290.",Same as v1.13 (PASS).
LOGIQ_S8,sec_0062,290,5.5-image_section_mapping,PASS,,"img_0269 and img_0270 (p290) are mapped to sec_0062, which owns the heading 7-3-3-2 on this page. Figure 7-8 and Figure 7-9 belong to this section.",
LOGIQ_S8,sec_0063,304,5.4-hierarchy_level,PASS,,"sec_0063 has hierarchy_level 2 and its heading is 'Section 7-4 Service Desktop (CSD) - R1 to R4'. This is a section-level title under a chapter. p304 shows the headings 7-4-4 CSD Top Page and 7-4-4-1 General Layout, Table 7-2 CSD Home Page (7 numbered rows) and one screenshot with callouts 1 to 7, folio 7 - 22.",Same as v1.13 (approved PASS).
LOGIQ_S8,sec_0063,304,5.4-parent_child,PASS,,"parent_section_id is sec_0059 (the chapter). sec_0063 has no child_sections. Sub-headings seen on p304 are text nodes, not bookmarks, so no child is missing.",Same as v1.13 (approved PASS).
LOGIQ_S8,sec_0063,304,5.4-page_start_end,PASS,,"sec_0063 spans p302-p319. Its nodes are in reading order and the content of p304 belongs to it: #/texts/4084 to #/texts/4097. p304 shows the headings 7-4-4 CSD Top Page and 7-4-4-1 General Layout, Table 7-2 CSD Home Page (7 numbered rows) and one screenshot with callouts 1 to 7, folio 7 - 22. The sampled page is inside the range. Previous is sec_0062 (p287-301), next is sec_0064 (p320-327).",Same as v1.13 (approved PASS).
LOGIQ_S8,sec_0063,304,5.4-hierarchy_path,PASS,,hierarchy_path is '/Chapter 7/Section 7-4 Service Desktop (CSD) - R1 to R4'. It matches the chapter and section named in the footer of p304 (folio 7 - 22) and the heading 'Section 7-4 Service Desktop (CSD) - R1 to R4'.,Same as v1.13 (approved PASS).
LOGIQ_S8,sec_0063,304,5.4-gaps_duplicates,PASS,,"Previous section is sec_0062 (p287-301) and next is sec_0064 (p320-327). The ranges join with no gap and no overlap in page numbers. p304 shows the headings 7-4-4 CSD Top Page and 7-4-4-1 General Layout, Table 7-2 CSD Home Page (7 numbered rows) and one screenshot with callouts 1 to 7, folio 7 - 22. No node of this page is also in a neighbour.",Same as v1.13 (approved PASS).
LOGIQ_S8,sec_0063,304,5.4-flagged_for_review,PASS,,flagged_for_review is false and verification_score is 100. The range p302-p319 matches the printed headings and footers. On p304 the content agrees with the tree.,Same as v1.13 (approved PASS).
LOGIQ_S8,sec_0063,304,5.4-structural_source,PASS,,"structural_source is 'toc', so the section comes from an embedded bookmark. Its heading 'Section 7-4 Service Desktop (CSD) - R1 to R4' is printed at the start of the range (p302). p304 (folio 7 - 22) belongs to the same section.",Same as v1.13 (approved PASS).
LOGIQ_S8,sec_0063,304,5.6-numbering_scheme,PASS,,"numbering_scheme is arabic. The footer folio on p304 is '7 - 22' (chapter-page style), which is an arabic scheme.",Same as v1.13 (approved PASS).
LOGIQ_S8,sec_0063,304,5.6-offset_applied,PASS,,"offset_applied is 0. The sampled physical page p304 is inside p302-p319. The folio '7 - 22' fits the section order, so no shift is needed.","Printed folios are chapter-based (chapter-page), so they are not compared to the physical number directly. Same as v1.13."
LOGIQ_S8,sec_0063,304,5.6-table_content,FAIL,Medium,On p304 Table 7-2 is #/tables/109 with 7 numbered rows. In the render row 3 is 'Options Installed | Enabled Options and its expiration date' and row 4 is 'Windows Printers | Connected and system recognized peripheral listed'. The extracted text splits the right cell: 'Options and its expiration | Enabled date' and 'and system recognized | Connected peripheral listed'. Row number 2 sits in the label cell ('2 Connected Probes'). Numbers 6 and 7 are at the end of their rows.,Same as v1.13 (approved FAIL Medium). The table text did not change in v1.14. All words are present but some are under the wrong column. Probably BUG-008.
LOGIQ_S8,sec_0063,304,5.5-filters_discarding,PASS,,images.json has img_0286 (1280x988) on p304. It is the CSD home screenshot with callouts 1 to 7 and it is complete. Nothing is cut or missing.,Same as v1.13 (approved PASS).
LOGIQ_S8,sec_0063,304,5.5-filters_passing_noise,PASS,,"img_0286 holds only the screenshot and its callout boxes. No header, footer, rule or caption text is inside the crop.",Same as v1.13 (approved PASS).
LOGIQ_S8,sec_0063,304,5.5-image_section_mapping,PASS,,"img_0286 (p304) is mapped to sec_0063. This section owns the heading and the range p302-p319, so the mapping is right.",Same as v1.13 (approved PASS).
LOGIQ_S8,sec_0064,326,5.4-hierarchy_level,PASS,,"sec_0064 has hierarchy_level 2 and its heading is 'Section 7-5 Gathering Troubleshooting Data (R4.2.5x and later)'. This is a section-level title under a chapter. p326 shows heading 7-5-5 Capturing network logs, five numbered steps and the Message Analyzer screenshot, folio 7 - 44.",Same as v1.13 (approved PASS).
LOGIQ_S8,sec_0064,326,5.4-parent_child,PASS,,"parent_section_id is sec_0059 (the chapter). sec_0064 has no child_sections. Sub-headings seen on p326 are text nodes, not bookmarks, so no child is missing.",Same as v1.13 (approved PASS).
LOGIQ_S8,sec_0064,326,5.4-page_start_end,PASS,,"sec_0064 spans p320-p327. Its nodes are in reading order and the content of p326 belongs to it: #/texts/4344 to #/texts/4355. p326 shows heading 7-5-5 Capturing network logs, five numbered steps and the Message Analyzer screenshot, folio 7 - 44. The sampled page is inside the range. Previous is sec_0063 (p302-319), next is sec_0065 (p328-349).",Same as v1.13 (approved PASS).
LOGIQ_S8,sec_0064,326,5.4-hierarchy_path,PASS,,hierarchy_path is '/Chapter 7/Section 7-5 Gathering Troubleshooting Data (R4.2.5x and later)'. It matches the chapter and section named in the footer of p326 (folio 7 - 44) and the heading 'Section 7-5 Gathering Troubleshooting Data (R4.2.5x and later)'.,Same as v1.13 (approved PASS).
LOGIQ_S8,sec_0064,326,5.4-gaps_duplicates,PASS,,"Previous section is sec_0063 (p302-319) and next is sec_0065 (p328-349). The ranges join with no gap and no overlap in page numbers. p326 shows heading 7-5-5 Capturing network logs, five numbered steps and the Message Analyzer screenshot, folio 7 - 44. No node of this page is also in a neighbour.",Same as v1.13 (approved PASS).
LOGIQ_S8,sec_0064,326,5.4-flagged_for_review,PASS,,flagged_for_review is false and verification_score is 100. The range p320-p327 matches the printed headings and footers. On p326 the content agrees with the tree.,Same as v1.13 (approved PASS).
LOGIQ_S8,sec_0064,326,5.4-structural_source,PASS,,"structural_source is 'toc', so the section comes from an embedded bookmark. Its heading 'Section 7-5 Gathering Troubleshooting Data (R4.2.5x and later)' is printed at the start of the range (p320). p326 (folio 7 - 44) belongs to the same section.",Same as v1.13 (approved PASS).
LOGIQ_S8,sec_0064,326,5.6-numbering_scheme,PASS,,"numbering_scheme is arabic. The footer folio on p326 is '7 - 44' (chapter-page style), which is an arabic scheme.",Same as v1.13 (approved PASS).
LOGIQ_S8,sec_0064,326,5.6-offset_applied,PASS,,"offset_applied is 0. The sampled physical page p326 is inside p320-p327. The folio '7 - 44' fits the section order, so no shift is needed.","Printed folios are chapter-based (chapter-page), so they are not compared to the physical number directly. Same as v1.13."
LOGIQ_S8,sec_0064,326,5.6-table_content,PASS,,p326 has no table in the render and no table node (#/tables/*) with page_no 326.,Same as v1.13 (approved PASS).
LOGIQ_S8,sec_0064,326,5.5-filters_discarding,PASS,,images.json has img_0316 (675x480) on p326. It is the Microsoft Message Analyzer screenshot and it is complete. Nothing is cut or missing.,Same as v1.13 (approved PASS).
LOGIQ_S8,sec_0064,326,5.5-filters_passing_noise,PASS,,"img_0316 contains only the Message Analyzer window. No header, footer, rule or caption text is inside.",Same as v1.13 (approved PASS).
LOGIQ_S8,sec_0064,326,5.5-image_section_mapping,PASS,,"img_0316 (p326) is mapped to sec_0064, which owns this page and the range p320-p327.",Same as v1.13 (approved PASS).
LOGIQ_S8,sec_0065,333,5.4-hierarchy_level,PASS,,"sec_0065 has hierarchy_level 2 and its heading is 'Section 7-6 Service Desktop (R4.2.5x and later)'. This is a section-level title under a chapter. p333 shows Table 7-4 System Information (header and 8 data rows) and one link, with no figure, folio 7 - 51.",Same as v1.13 (approved PASS).
LOGIQ_S8,sec_0065,333,5.4-parent_child,PASS,,"parent_section_id is sec_0059 (the chapter). sec_0065 has no child_sections. Sub-headings seen on p333 are text nodes, not bookmarks, so no child is missing.",Same as v1.13 (approved PASS).
LOGIQ_S8,sec_0065,333,5.4-page_start_end,PASS,,"sec_0065 spans p328-p349. Its nodes are in reading order and the content of p333 belongs to it: #/texts/4425 to #/texts/4431. p333 shows Table 7-4 System Information (header and 8 data rows) and one link, with no figure, folio 7 - 51. The sampled page is inside the range. Previous is sec_0064 (p320-327), next is sec_0066 (p350-372). The three nodes #/texts/4640 to #/texts/4642 with page_no=350 are header lines of sec_0066; they are counted on the p331 row.","Same as v1.13 (approved PASS). The BUG-022 boilerplate defect is counted once, on the p331 row. verify_claims shows CONTRADICTED (expects FAIL Low) for the same p350 nodes; I do not count one defect twice in this section."
LOGIQ_S8,sec_0065,333,5.4-hierarchy_path,PASS,,hierarchy_path is '/Chapter 7/Section 7-6 Service Desktop (R4.2.5x and later)'. It matches the chapter and section named in the footer of p333 (folio 7 - 51) and the heading 'Section 7-6 Service Desktop (R4.2.5x and later)'.,Same as v1.13 (approved PASS).
LOGIQ_S8,sec_0065,333,5.4-gaps_duplicates,PASS,,"Previous section is sec_0064 (p320-327) and next is sec_0066 (p350-372). The ranges join with no gap and no overlap in page numbers. p333 shows Table 7-4 System Information (header and 8 data rows) and one link, with no figure, folio 7 - 51. No node of this page is also in a neighbour. The only exception is the three p350 boilerplate nodes noted on the page_start_end rows.",Same as v1.13 (approved PASS). The boilerplate overlap is graded on the page_start_end rows (BUG-022).
LOGIQ_S8,sec_0065,333,5.4-flagged_for_review,PASS,,flagged_for_review is false and verification_score is 100. The range p328-p349 matches the printed headings and footers. On p333 the content agrees with the tree.,Same as v1.13 (approved PASS).
LOGIQ_S8,sec_0065,333,5.4-structural_source,PASS,,"structural_source is 'toc', so the section comes from an embedded bookmark. Its heading 'Section 7-6 Service Desktop (R4.2.5x and later)' is printed at the start of the range (p328). p333 (folio 7 - 51) belongs to the same section.",Same as v1.13 (approved PASS).
LOGIQ_S8,sec_0065,333,5.6-numbering_scheme,PASS,,"numbering_scheme is arabic. The footer folio on p333 is '7 - 51' (chapter-page style), which is an arabic scheme.",Same as v1.13 (approved PASS).
LOGIQ_S8,sec_0065,333,5.6-offset_applied,PASS,,"offset_applied is 0. The sampled physical page p333 is inside p328-p349. The folio '7 - 51' fits the section order, so no shift is needed.","Printed folios are chapter-based (chapter-page), so they are not compared to the physical number directly. Same as v1.13."
LOGIQ_S8,sec_0065,333,5.6-table_content,PASS,,"Table 7-4 on p333 is #/tables/112. It has a header row (Element, Description) and 8 data rows from CRM Number to Facility. Names and descriptions match the render, and the bullet lists in the Agent rows are kept.",Same as v1.13 (approved PASS). Bullet dashes are written as '-' instead of the printed bullet. This is cosmetic.
LOGIQ_S8,sec_0065,333,5.5-filters_discarding,PASS,,There is no figure or photo on p333 and images.json has no image for it. Nothing was dropped.,Same as v1.13 (approved PASS).
LOGIQ_S8,sec_0065,333,5.5-filters_passing_noise,PASS,,"No image is mapped to p333, so no logo, rule or page text was kept as an image.",Same as v1.13 (approved PASS).
LOGIQ_S8,sec_0065,333,5.5-image_section_mapping,PASS,,No image is mapped to p333 and the render shows none that belongs to sec_0065. No mapping is needed.,Same as v1.13 (approved PASS).
LOGIQ_S8,sec_0066,355,5.4-hierarchy_level,PASS,,"sec_0066 has hierarchy_level 2 and its heading is 'Section 7-7 Troubleshooting Trees, Instructions and Tech Tips'. This is a section-level title under a chapter. p355 shows heading 7-7-6 Printer Malfunction and the Figure 7-65 flowchart, folio 7 - 73.",Same as v1.13 (approved PASS).
LOGIQ_S8,sec_0066,355,5.4-parent_child,PASS,,"parent_section_id is sec_0059 (the chapter). sec_0066 has no child_sections. Sub-headings seen on p355 are text nodes, not bookmarks, so no child is missing.",Same as v1.13 (approved PASS).
LOGIQ_S8,sec_0066,355,5.4-page_start_end,FAIL,Low,"sec_0066 starts on p350, but its first node #/texts/4643 is only the title 'Troubleshooting Trees, Instructions and Tech Tips'. The header lines #/texts/4640 and #/texts/4641 and the 'Section 7-7' line #/texts/4642 (page_no=350) sit at the end of sec_0065. The section ends correctly at #/tables/138 on p372, before 7-8 on p373. p355 itself is inside the range.","Same as v1.13 (approved FAIL Low). Probably BUG-022. Same defect as the sec_0065 p331 row, seen from the other side. Only boilerplate and a title line cross, so Low. verify_claims shows UNSUPPORTED because the extra nodes sit in sec_0065, not here."
LOGIQ_S8,sec_0066,355,5.4-hierarchy_path,PASS,,"hierarchy_path is '/Chapter 7/Section 7-7 Troubleshooting Trees, Instructions and Tech Tips'. It matches the chapter and section named in the footer of p355 (folio 7 - 73) and the heading 'Section 7-7 Troubleshooting Trees, Instructions and Tech Tips'.",Same as v1.13 (approved PASS).
LOGIQ_S8,sec_0066,355,5.4-gaps_duplicates,PASS,,"Previous section is sec_0065 (p328-349) and next is sec_0067 (p373-376). The ranges join with no gap and no overlap in page numbers. p355 shows heading 7-7-6 Printer Malfunction and the Figure 7-65 flowchart, folio 7 - 73. No node of this page is also in a neighbour. The only exception is the three p350 boilerplate nodes noted on the page_start_end rows.",Same as v1.13 (approved PASS). The boilerplate overlap is graded on the page_start_end rows (BUG-022).
LOGIQ_S8,sec_0066,355,5.4-flagged_for_review,PASS,,flagged_for_review is false and verification_score is 100. The range p350-p372 matches the printed headings and footers. On p355 the content agrees with the tree.,Same as v1.13 (approved PASS).
LOGIQ_S8,sec_0066,355,5.4-structural_source,PASS,,"structural_source is 'toc', so the section comes from an embedded bookmark. Its heading 'Section 7-7 Troubleshooting Trees, Instructions and Tech Tips' is printed at the start of the range (p350). p355 (folio 7 - 73) belongs to the same section.",Same as v1.13 (approved PASS).
LOGIQ_S8,sec_0066,355,5.6-numbering_scheme,PASS,,"numbering_scheme is arabic. The footer folio on p355 is '7 - 73' (chapter-page style), which is an arabic scheme.",Same as v1.13 (approved PASS).
LOGIQ_S8,sec_0066,355,5.6-offset_applied,PASS,,"offset_applied is 0. The sampled physical page p355 is inside p350-p372. The folio '7 - 73' fits the section order, so no shift is needed.","Printed folios are chapter-based (chapter-page), so they are not compared to the physical number directly. Same as v1.13."
LOGIQ_S8,sec_0066,355,5.6-table_content,PASS,,p355 has no table in the render and no table node (#/tables/*) with page_no 355.,Same as v1.13 (approved PASS).
LOGIQ_S8,sec_0066,355,5.5-filters_discarding,PASS,,"images.json has img_0343 (805x1267, origin vector) on p355. It is the full Figure 7-65 flowchart, from 'Printer malfunction' to 'Return to normal scanning'. Nothing is cut.",Same as v1.13 (approved PASS).
LOGIQ_S8,sec_0066,355,5.5-filters_passing_noise,PASS,,img_0343 contains only the flowchart. The caption 'Figure 7-65' and the footer are outside the crop. No rule or logo.,Same as v1.13 (approved PASS).
LOGIQ_S8,sec_0066,355,5.5-image_section_mapping,PASS,,"img_0343 (p355) is mapped to sec_0066, which owns the heading 7-7-6 and the range p350-p372.",Same as v1.13 (approved PASS).
LOGIQ_S8,sec_0067,376,5.4-hierarchy_level,PASS,,"sec_0067 has hierarchy_level 2 and its heading is 'Section 7-8 Error messages'. This is a section-level title under a chapter. p376 shows a blank page ('This page was intentionally left blank') with folio 7 - 94, folio 7 - 94.",Same as v1.13 (approved PASS).
LOGIQ_S8,sec_0067,376,5.4-parent_child,PASS,,"parent_section_id is sec_0059 (the chapter). sec_0067 has no child_sections. Sub-headings seen on p376 are text nodes, not bookmarks, so no child is missing.",Same as v1.13 (approved PASS).
LOGIQ_S8,sec_0067,376,5.4-page_start_end,PASS,,"sec_0067 spans p373-p376. Its nodes are in reading order and the content of p376 belongs to it: #/texts/5034 to #/texts/5037. p376 shows a blank page ('This page was intentionally left blank') with folio 7 - 94, folio 7 - 94. The sampled page is inside the range. Previous is sec_0066 (p350-372), next is sec_0068 (p377-766).",Same as v1.13 (approved PASS).
LOGIQ_S8,sec_0067,376,5.4-hierarchy_path,PASS,,hierarchy_path is '/Chapter 7/Section 7-8 Error messages'. It matches the chapter and section named in the footer of p376 (folio 7 - 94) and the heading 'Section 7-8 Error messages'.,Same as v1.13 (approved PASS).
LOGIQ_S8,sec_0067,376,5.4-gaps_duplicates,PASS,,"Previous section is sec_0066 (p350-372) and next is sec_0068 (p377-766). The ranges join with no gap and no overlap in page numbers. p376 shows a blank page ('This page was intentionally left blank') with folio 7 - 94, folio 7 - 94. No node of this page is also in a neighbour.",Same as v1.13 (approved PASS).
LOGIQ_S8,sec_0067,376,5.4-flagged_for_review,PASS,,flagged_for_review is false and verification_score is 100. The range p373-p376 matches the printed headings and footers. On p376 the content agrees with the tree.,Same as v1.13 (approved PASS).
LOGIQ_S8,sec_0067,376,5.4-structural_source,PASS,,"structural_source is 'toc', so the section comes from an embedded bookmark. Its heading 'Section 7-8 Error messages' is printed at the start of the range (p373). p376 (folio 7 - 94) belongs to the same section.",Same as v1.13 (approved PASS).
LOGIQ_S8,sec_0067,376,5.6-numbering_scheme,PASS,,"numbering_scheme is arabic. The footer folio on p376 is '7 - 94' (chapter-page style), which is an arabic scheme.",Same as v1.13 (approved PASS).
LOGIQ_S8,sec_0067,376,5.6-offset_applied,PASS,,"offset_applied is 0. The sampled physical page p376 is inside p373-p376. The folio '7 - 94' fits the section order, so no shift is needed.","Printed folios are chapter-based (chapter-page), so they are not compared to the physical number directly. Same as v1.13."
LOGIQ_S8,sec_0067,376,5.6-table_content,PASS,,p376 has no table in the render and no table node (#/tables/*) with page_no 376. The tables of this section are on p374-p375.,Same as v1.13 (approved PASS).
LOGIQ_S8,sec_0067,376,5.5-filters_discarding,PASS,,"p376 is blank, so there is no picture to drop. images.json has no image for p376.",Same as v1.13 (approved PASS).
LOGIQ_S8,sec_0067,376,5.5-filters_passing_noise,PASS,,"No image is listed for p376, so no logo, rule or divider was kept as an image.",Same as v1.13 (approved PASS).
LOGIQ_S8,sec_0067,376,5.5-image_section_mapping,PASS,,"No image is on p376, so no mapping is needed.",Same as v1.13 (approved PASS).
LOGIQ_S8,sec_0069,377,5.4-hierarchy_level,PASS,,"sec_0069 has hierarchy_level 2 and its heading is 'Section 8-1 Overview'. This is a section-level title under a chapter. p377 shows the Chapter 8 title, Section 8-1 Overview, 8-1-1, 8-1-1-1 and 8-1-1-2, two NOTICE lines with a warning triangle each, the Tag and Lockout picture and a 4-step list, folio 8 - 1.",Same as v1.13 (approved PASS).
LOGIQ_S8,sec_0069,377,5.4-parent_child,PASS,,"parent_section_id is sec_0068 (the chapter). sec_0069 has no child_sections. Sub-headings seen on p377 are text nodes, not bookmarks, so no child is missing.",Same as v1.13 (approved PASS).
LOGIQ_S8,sec_0069,377,5.4-page_start_end,PASS,,"sec_0069 spans p377-p378. Its nodes are in reading order and the content of p377 belongs to it: #/texts/5041 to #/texts/5060. p377 shows the Chapter 8 title, Section 8-1 Overview, 8-1-1, 8-1-1-1 and 8-1-1-2, two NOTICE lines with a warning triangle each, the Tag and Lockout picture and a 4-step list, folio 8 - 1. The sampled page is inside the range. Previous is sec_0068 (p377-766), next is sec_0070 (p379-382).",Same as v1.13 (approved PASS).
LOGIQ_S8,sec_0069,377,5.4-hierarchy_path,PASS,,hierarchy_path is '/Chapter 8/Section 8-1 Overview'. It matches the chapter and section named in the footer of p377 (folio 8 - 1) and the heading 'Section 8-1 Overview'.,Same as v1.13 (approved PASS).
LOGIQ_S8,sec_0069,377,5.4-gaps_duplicates,PASS,,"Previous section is sec_0068 (p377-766) and next is sec_0070 (p379-382). The ranges join with no gap and no overlap in page numbers. p377 shows the Chapter 8 title, Section 8-1 Overview, 8-1-1, 8-1-1-1 and 8-1-1-2, two NOTICE lines with a warning triangle each, the Tag and Lockout picture and a 4-step list, folio 8 - 1. No node of this page is also in a neighbour.",Same as v1.13 (approved PASS).
LOGIQ_S8,sec_0069,377,5.4-flagged_for_review,PASS,,flagged_for_review is false and verification_score is 100. The range p377-p378 matches the printed headings and footers. On p377 the content agrees with the tree.,Same as v1.13 (approved PASS).
LOGIQ_S8,sec_0069,377,5.4-structural_source,PASS,,"structural_source is 'toc', so the section comes from an embedded bookmark. Its heading 'Section 8-1 Overview' is printed at the start of the range (p377). p377 (folio 8 - 1) belongs to the same section.",Same as v1.13 (approved PASS).
LOGIQ_S8,sec_0069,377,5.6-numbering_scheme,PASS,,"numbering_scheme is arabic. The footer folio on p377 is '8 - 1' (chapter-page style), which is an arabic scheme.",Same as v1.13 (approved PASS).
LOGIQ_S8,sec_0069,377,5.6-offset_applied,PASS,,"offset_applied is 0. The sampled physical page p377 is inside p377-p378. The folio '8 - 1' fits the section order, so no shift is needed.","Printed folios are chapter-based (chapter-page), so they are not compared to the physical number directly. Same as v1.13."
LOGIQ_S8,sec_0069,377,5.6-table_content,PASS,,p377 has no table in the render and no table node (#/tables/*) with page_no 377. The Contents table #/tables/140 is on p378.,Same as v1.13 (approved PASS).
LOGIQ_S8,sec_0069,377,5.5-filters_discarding,PASS,,"p377 has two small yellow warning triangles beside the two NOTICE labels. They are not in images.json. They are decorative note icons and the NOTICE text is in #/texts/5045 and #/texts/5047, with '!! NOTICE:' in #/texts/5044. The Tag and Lockout picture is extracted as img_0371 (59x97).","CHANGED vs v1.13 (FAIL Low) by grading rule 6i: a decorative icon beside NOTICE is noise, so PASS. The tree did not change. No meaningful figure is lost."
LOGIQ_S8,sec_0069,377,5.5-filters_passing_noise,PASS,,"img_0371 on p377 is the Tag and Lockout picture, a real figure for 8-1-1-1. No logo, rule or footer divider is kept as an image.",Same as v1.13 (approved PASS).
LOGIQ_S8,sec_0069,377,5.5-image_section_mapping,PASS,,"img_0371 (p377) is mapped to sec_0069. It sits beside 8-1-1-1 'Read and follow', which is in sec_0069.",Same as v1.13 (approved PASS).
LOGIQ_S8,sec_0072,384,5.4-hierarchy_level,PASS,,"sec_0072 has hierarchy_level 2 and its heading is 'Section 8-4 Kit Applicable to LOGIQ S8'. This is a section-level title under a chapter. p384 shows the title Section 8-4 Kit Applicable to LOGIQ S8, two intro lines and the large Table 8-2 Kit applicability, folio 8 - 8.",Same as v1.13 (approved PASS).
LOGIQ_S8,sec_0072,384,5.4-parent_child,PASS,,"parent_section_id is sec_0068 (the chapter). sec_0072 has no child_sections. Sub-headings seen on p384 are text nodes, not bookmarks, so no child is missing.",Same as v1.13 (approved PASS).
LOGIQ_S8,sec_0072,384,5.4-page_start_end,PASS,,"sec_0072 spans p384-p385. Its nodes are in reading order and the content of p384 belongs to it: #/texts/5128 to #/texts/5134. p384 shows the title Section 8-4 Kit Applicable to LOGIQ S8, two intro lines and the large Table 8-2 Kit applicability, folio 8 - 8. The sampled page is inside the range. Previous is sec_0071 (p383-383), next is sec_0073 (p386-386).",Same as v1.13 (approved PASS).
LOGIQ_S8,sec_0072,384,5.4-hierarchy_path,PASS,,hierarchy_path is '/Chapter 8/Section 8-4 Kit Applicable to LOGIQ S8'. It matches the chapter and section named in the footer of p384 (folio 8 - 8) and the heading 'Section 8-4 Kit Applicable to LOGIQ S8'.,Same as v1.13 (approved PASS).
LOGIQ_S8,sec_0072,384,5.4-gaps_duplicates,PASS,,"Previous section is sec_0071 (p383-383) and next is sec_0073 (p386-386). The ranges join with no gap and no overlap in page numbers. p384 shows the title Section 8-4 Kit Applicable to LOGIQ S8, two intro lines and the large Table 8-2 Kit applicability, folio 8 - 8. No node of this page is also in a neighbour.",Same as v1.13 (approved PASS).
LOGIQ_S8,sec_0072,384,5.4-flagged_for_review,PASS,,flagged_for_review is false and verification_score is 100. The range p384-p385 matches the printed headings and footers. On p384 the content agrees with the tree.,Same as v1.13 (approved PASS).
LOGIQ_S8,sec_0072,384,5.4-structural_source,PASS,,"structural_source is 'toc', so the section comes from an embedded bookmark. Its heading 'Section 8-4 Kit Applicable to LOGIQ S8' is printed at the start of the range (p384). p384 (folio 8 - 8) belongs to the same section.",Same as v1.13 (approved PASS).
LOGIQ_S8,sec_0072,384,5.6-numbering_scheme,PASS,,"numbering_scheme is arabic. The footer folio on p384 is '8 - 8' (chapter-page style), which is an arabic scheme.",Same as v1.13 (approved PASS).
LOGIQ_S8,sec_0072,384,5.6-offset_applied,PASS,,"offset_applied is 0. The sampled physical page p384 is inside p384-p385. The folio '8 - 8' fits the section order, so no shift is needed.","Printed folios are chapter-based (chapter-page), so they are not compared to the physical number directly. Same as v1.13."
LOGIQ_S8,sec_0072,384,5.6-table_content,FAIL,Medium,"Table 8-2 (#/tables/143) on p384: the body rows match the render. Low, Mid and High rows, Yes/No values and bays A to E agree. But the first header cell 'Cabinet Type' is empty, and its words are in no node of this section. The 'Yes' of Side Cabinet for the Low rows is printed in row 5 instead of the middle of rows 2 to 7.","Same as v1.13 (approved FAIL Medium). Same lost header (Docling lost the column header; probably BUG-008). Row labels Low, Mid and High are kept, so retrieval partly works."
LOGIQ_S8,sec_0072,384,5.5-filters_discarding,PASS,,p384 has only text and Table 8-2. There is no figure and images.json has no image for p384. Figure 8-1 is on p385.,Same as v1.13 (approved PASS).
LOGIQ_S8,sec_0072,384,5.5-filters_passing_noise,PASS,,"No image is listed for p384, so no logo, rule or divider was kept as an image.",Same as v1.13 (approved PASS).
LOGIQ_S8,sec_0072,384,5.5-image_section_mapping,PASS,,No image is on p384 and none is needed. The p385 images are mapped to sec_0072.,Same as v1.13 (approved PASS).
LOGIQ_S8,sec_0074,390,5.4-hierarchy_level,PASS,,"sec_0074 has hierarchy_level 2 and its heading is 'Section 8-6 System Software - Installation/Upgrade Procedure'. This is a section-level title under a chapter. p390 shows heading 8-6-6-2 Connectivity - Recording the TCP/IP settings, Figure 8-3 and the two tables 8-4 and 8-5, folio 8 - 14.",Same as v1.13 (approved PASS).
LOGIQ_S8,sec_0074,390,5.4-parent_child,PASS,,"parent_section_id is sec_0068 (the chapter). sec_0074 has no child_sections. Sub-headings seen on p390 are text nodes, not bookmarks, so no child is missing.",Same as v1.13 (approved PASS).
LOGIQ_S8,sec_0074,390,5.4-page_start_end,PASS,,"sec_0074 spans p387-p463. Its nodes are in reading order and the content of p390 belongs to it: #/texts/5235 to #/texts/5243. p390 shows heading 8-6-6-2 Connectivity - Recording the TCP/IP settings, Figure 8-3 and the two tables 8-4 and 8-5, folio 8 - 14. The sampled page is inside the range. Previous is sec_0073 (p386-386), next is sec_0075 (p464-470).",Same as v1.13 (approved PASS).
LOGIQ_S8,sec_0074,390,5.4-hierarchy_path,PASS,,hierarchy_path is '/Chapter 8/Section 8-6 System Software - Installation/Upgrade Procedure'. It matches the chapter and section named in the footer of p390 (folio 8 - 14) and the heading 'Section 8-6 System Software - Installation/Upgrade Procedure'.,Same as v1.13 (approved PASS).
LOGIQ_S8,sec_0074,390,5.4-gaps_duplicates,PASS,,"Previous section is sec_0073 (p386-386) and next is sec_0075 (p464-470). The ranges join with no gap and no overlap in page numbers. p390 shows heading 8-6-6-2 Connectivity - Recording the TCP/IP settings, Figure 8-3 and the two tables 8-4 and 8-5, folio 8 - 14. No node of this page is also in a neighbour.",Same as v1.13 (approved PASS).
LOGIQ_S8,sec_0074,390,5.4-flagged_for_review,PASS,,flagged_for_review is false and verification_score is 100. The range p387-p463 matches the printed headings and footers. On p390 the content agrees with the tree.,Same as v1.13 (approved PASS).
LOGIQ_S8,sec_0074,390,5.4-structural_source,PASS,,"structural_source is 'toc', so the section comes from an embedded bookmark. Its heading 'Section 8-6 System Software - Installation/Upgrade Procedure' is printed at the start of the range (p387). p390 (folio 8 - 14) belongs to the same section.",Same as v1.13 (approved PASS).
LOGIQ_S8,sec_0074,390,5.6-numbering_scheme,PASS,,"numbering_scheme is arabic. The footer folio on p390 is '8 - 14' (chapter-page style), which is an arabic scheme.",Same as v1.13 (approved PASS).
LOGIQ_S8,sec_0074,390,5.6-offset_applied,PASS,,"offset_applied is 0. The sampled physical page p390 is inside p387-p463. The folio '8 - 14' fits the section order, so no shift is needed.","Printed folios are chapter-based (chapter-page), so they are not compared to the physical number directly. Same as v1.13."
LOGIQ_S8,sec_0074,390,5.6-table_content,PASS,,"On p390 two tables match the render. #/tables/145 has COMPUTER NAME with an empty value. #/tables/146 has Enable DHCP 'ON / OFF' and four empty rows (IP ADDRESS to NETWORK SPEED), in order.",Same as v1.13 (approved PASS).
LOGIQ_S8,sec_0074,390,5.5-filters_discarding,PASS,,"p390 has one picture, the TCP/IP settings screen of Figure 8-3. img_0379 (591x316) is that screen and it is complete.",Same as v1.13 (approved PASS).
LOGIQ_S8,sec_0074,390,5.5-filters_passing_noise,FAIL,Low,"Step text is kept inside vector images of this section. img_0495 (p452, 750x549) has the step line '19.) Press Submit.' at its top edge. img_0504 (p456, 778x549) has the same line. The image on p390, img_0379, is clean. The same line is also a text node on its page.","Same as v1.13 (approved FAIL Low). Both crops are unchanged and still start above the screenshot. Graded once for the section, on its first sampled page. Impact: one repeated line, the screenshot is complete."
LOGIQ_S8,sec_0074,390,5.5-image_section_mapping,PASS,,"img_0379 (p390, folio 8 - 14) is mapped to sec_0074, and p390 is inside p387-p463. No sibling shares this page.",Same as v1.13 (approved PASS).
LOGIQ_S8,sec_0075,464,5.4-hierarchy_level,PASS,,"p464 shows 'Section 8-7 Settings - Backup and Restore', 8-7-1, 8-7-1-1 and 8-7-1-2 (nodes #/texts/5987-6000), folio 8 - 88. The heading is a section-level title under a chapter, and sec_0075 has hierarchy_level 2.",Same as v1.13 (re-checked on the render).
LOGIQ_S8,sec_0075,464,5.4-parent_child,PASS,,"sec_0075 has parent sec_0068 (Chapter 8) and no children. The title 'Section 8-7 Settings - Backup and Restore' is a section of Chapter 8, so the parent is right. p464 shows 'Section 8-7 Settings - Backup and Restore', 8-7-1, 8-7-1-1 and 8-7-1-2 (nodes #/texts/5987-6000), folio 8 - 88.",Same as v1.13 (re-checked on the render).
LOGIQ_S8,sec_0075,464,5.4-page_start_end,PASS,,"sec_0075 runs p464 to p470. p464 shows 'Section 8-7 Settings - Backup and Restore', 8-7-1, 8-7-1-1 and 8-7-1-2 (nodes #/texts/5987-6000), folio 8 - 88. The page content belongs to this section; previous sec_0074 ends p463, next sec_0076 starts p471. The tree is the same as v1.12.",Same as v1.13 (re-checked on the render).
LOGIQ_S8,sec_0075,464,5.4-hierarchy_path,PASS,,hierarchy_path of sec_0075 is '/Chapter 8/Section 8-7 Settings - Backup and Restore'. This matches the printed title and the chapter on p464.,Same as v1.13 (re-checked on the render).
LOGIQ_S8,sec_0075,464,5.4-gaps_duplicates,PASS,,"No gap or overlap around sec_0075: previous sec_0074 ends p463, next sec_0076 starts p471. Nothing from p464 is also in a neighbour section, and nothing from p464 is missing here.",Same as v1.13 (re-checked on the render).
LOGIQ_S8,sec_0075,464,5.4-flagged_for_review,PASS,,sec_0075 has flagged_for_review false and verification_score 100. The render on p464 agrees: the section starts and ends where the tree says.,Same as v1.13 (re-checked on the render).
LOGIQ_S8,sec_0075,464,5.4-structural_source,PASS,,sec_0075 has structural_source 'toc' (embedded bookmark). The printed title 'Section 8-7 Settings - Backup and Restore' is on p464 and the footer on p464 repeats the section name.,Same as v1.13 (re-checked on the render).
LOGIQ_S8,sec_0075,464,5.6-numbering_scheme,PASS,,"sec_0075 has numbering_scheme 'arabic'. Page p464 has an arabic chapter-page folio in the footer, as in the rest of Chapter 8.",Same as v1.13 (re-checked on the render).
LOGIQ_S8,sec_0075,464,5.6-offset_applied,PASS,,sec_0075 has offset_applied 0. The bookmark page equals the physical page: the section title is on p464 and the sampled page p464 is inside p464-p470.,Same as v1.13 (re-checked on the render).
LOGIQ_S8,sec_0075,464,5.6-table_content,PASS,,"No table is on p464. The section table #/tables/194 is on p468: 'Item | Value' with HW Number and Installed Option Keys, both values empty. That fits a blank form for Table 8-37. No render of p468 was in the input.",Same as v1.13 (re-checked on the render). Low confidence on #/tables/194 only because p468 was not rendered here.
LOGIQ_S8,sec_0075,464,5.5-filters_discarding,PASS,,"p464 has text only and no picture in the render. The section pictures on p468-p470 are img_0511, img_0512 and img_0513. The p470 desktop screenshot (Figure 8-31) matches img_0513 (457x257).",Same as v1.13 (re-checked on the render).
LOGIQ_S8,sec_0075,464,5.5-filters_passing_noise,PASS,,No image is mapped to p464. img_0511 to img_0513 on p468-p470 are real screenshots with no logo or page text inside.,Same as v1.13 (re-checked on the render).
LOGIQ_S8,sec_0075,464,5.5-image_section_mapping,PASS,,"No image is on p464. The images on p468-p470 are mapped to sec_0075, which owns p464-p470. No sibling shares these pages.",Same as v1.13 (re-checked on the render).
LOGIQ_S8,sec_0076,471,5.4-hierarchy_level,PASS,,"p471 shows 'Section 8-8 Front Cover replacement', 8-8-1 to 8-8-3, Figure 8-32 and Figure 8-33 (nodes #/texts/6113-6122), folio 8 - 95. The heading is a section-level title under a chapter, and sec_0076 has hierarchy_level 2.",Same as v1.13 (re-checked on the render).
LOGIQ_S8,sec_0076,471,5.4-parent_child,PASS,,"sec_0076 has parent sec_0068 (Chapter 8) and no children. The title 'Section 8-8 Front Cover replacement' is a section of Chapter 8, so the parent is right. p471 shows 'Section 8-8 Front Cover replacement', 8-8-1 to 8-8-3, Figure 8-32 and Figure 8-33 (nodes #/texts/6113-6122), folio 8 - 95.",Same as v1.13 (re-checked on the render).
LOGIQ_S8,sec_0076,471,5.4-page_start_end,PASS,,"sec_0076 runs p471 to p472. p471 shows 'Section 8-8 Front Cover replacement', 8-8-1 to 8-8-3, Figure 8-32 and Figure 8-33 (nodes #/texts/6113-6122), folio 8 - 95. The page content belongs to this section; previous sec_0075 ends p470, next sec_0077 starts p473. The tree is the same as v1.12.",Same as v1.13 (re-checked on the render).
LOGIQ_S8,sec_0076,471,5.4-hierarchy_path,PASS,,hierarchy_path of sec_0076 is '/Chapter 8/Section 8-8 Front Cover replacement'. This matches the printed title and the chapter on p471.,Same as v1.13 (re-checked on the render).
LOGIQ_S8,sec_0076,471,5.4-gaps_duplicates,PASS,,"No gap or overlap around sec_0076: previous sec_0075 ends p470, next sec_0077 starts p473. Nothing from p471 is also in a neighbour section, and nothing from p471 is missing here.",Same as v1.13 (re-checked on the render).
LOGIQ_S8,sec_0076,471,5.4-flagged_for_review,PASS,,sec_0076 has flagged_for_review false and verification_score 100. The render on p471 agrees: the section starts and ends where the tree says.,Same as v1.13 (re-checked on the render).
LOGIQ_S8,sec_0076,471,5.4-structural_source,PASS,,sec_0076 has structural_source 'toc' (embedded bookmark). The printed title 'Section 8-8 Front Cover replacement' is on p471 and the footer on p471 repeats the section name.,Same as v1.13 (re-checked on the render).
LOGIQ_S8,sec_0076,471,5.6-numbering_scheme,PASS,,"sec_0076 has numbering_scheme 'arabic'. Page p471 has an arabic chapter-page folio in the footer, as in the rest of Chapter 8.",Same as v1.13 (re-checked on the render).
LOGIQ_S8,sec_0076,471,5.6-offset_applied,PASS,,sec_0076 has offset_applied 0. The bookmark page equals the physical page: the section title is on p471 and the sampled page p471 is inside p471-p472.,Same as v1.13 (re-checked on the render).
LOGIQ_S8,sec_0076,471,5.5-filters_discarding,PASS,,p471 Figure 8-33 (LOGIQ E8) shows a cart with a blue arrow and a hand photo. img_0514 (297x394) is the cart but has no blue arrow. img_0515 (197x176) is the hand photo. Figure 8-32 is kept in img_0516 (vector) with its blue and yellow arrows.,"Same as v1.13 (PASS). Seen now, unchanged since v1.13: the blue arrow of Figure 8-33 is not in img_0514. Probably BUG-010. The human reviewer may grade it Low."
LOGIQ_S8,sec_0076,471,5.5-filters_passing_noise,FAIL,Low,"img_0517 (p472, vector, 1093x1016) is a render of the whole Installation Procedure table. It has the Step and Illustration header cells, the table frame and the step text 'Remove the window film.' and 'Align the edges...'. The three photos are complete inside it.",Same as v1.13 (re-checked on the render). v1.12: FAIL Low. v1.13: STILL PRESENT (the image id changed from img_0508 to img_0517; the picture is the same). The extra text and frame come with the photos. The text is also in nodes #/texts/6126-6133. Graded on the p471 row because p472 is not sampled. Low. The p471 images are clean.
LOGIQ_S8,sec_0076,471,5.5-image_section_mapping,PASS,,"Images on p471 (folio 8-95) are mapped to sec_0076, and the page is inside p471-p472. No sibling shares this page.",Same as v1.13 (re-checked on the render).
LOGIQ_S8,sec_0079,478,5.4-hierarchy_level,PASS,,"p478 shows only the continued Step | Illustration grid with step 4 (nodes #/texts/6198-6201), folio 8 - 102. The heading is a section-level title under a chapter, and sec_0079 has hierarchy_level 2.",Same as v1.13 (re-checked on the render).
LOGIQ_S8,sec_0079,478,5.4-parent_child,PASS,,"sec_0079 has parent sec_0068 (Chapter 8) and no children. The title 'Section 8-11 Side Cover Replacement' is a section of Chapter 8, so the parent is right. p478 shows only the continued Step | Illustration grid with step 4 (nodes #/texts/6198-6201), folio 8 - 102.",Same as v1.13 (re-checked on the render).
LOGIQ_S8,sec_0079,478,5.4-page_start_end,PASS,,"sec_0079 runs p477 to p482. p478 shows only the continued Step | Illustration grid with step 4 (nodes #/texts/6198-6201), folio 8 - 102. The page content belongs to this section; previous sec_0078 ends p476, next sec_0080 starts p483. The tree is the same as v1.12.",Same as v1.13 (re-checked on the render).
LOGIQ_S8,sec_0079,478,5.4-hierarchy_path,PASS,,hierarchy_path of sec_0079 is '/Chapter 8/Section 8-11 Side Cover Replacement'. This matches the printed title and the chapter on p478.,Same as v1.13 (re-checked on the render).
LOGIQ_S8,sec_0079,478,5.4-gaps_duplicates,PASS,,"No gap or overlap around sec_0079: previous sec_0078 ends p476, next sec_0080 starts p483. Nothing from p478 is also in a neighbour section, and nothing from p478 is missing here.",Same as v1.13 (re-checked on the render).
LOGIQ_S8,sec_0079,478,5.4-flagged_for_review,PASS,,sec_0079 has flagged_for_review false and verification_score 100. The render on p478 agrees: the section starts and ends where the tree says.,Same as v1.13 (re-checked on the render).
LOGIQ_S8,sec_0079,478,5.4-structural_source,PASS,,sec_0079 has structural_source 'toc' (embedded bookmark). The printed title 'Section 8-11 Side Cover Replacement' is on p477 and the footer on p478 repeats the section name.,Same as v1.13 (re-checked on the render).
LOGIQ_S8,sec_0079,478,5.6-numbering_scheme,PASS,,"sec_0079 has numbering_scheme 'arabic'. Page p478 has an arabic chapter-page folio in the footer, as in the rest of Chapter 8.",Same as v1.13 (re-checked on the render).
LOGIQ_S8,sec_0079,478,5.6-offset_applied,PASS,,sec_0079 has offset_applied 0. The bookmark page equals the physical page: the section title is on p477 and the sampled page p478 is inside p477-p482.,Same as v1.13 (re-checked on the render).
LOGIQ_S8,sec_0079,478,5.6-table_content,FAIL,Low,"On p478 the render shows a Step | Illustration grid with step 4 'Pull out Side Cover (L). There is mechanical hook on bottom of the part.' It continues #/tables/198 from p477 (steps 1 to 3). No table node is on p478. 'Step' (#/texts/6198) and 'Illustration' (#/texts/6200) are heading nodes, and the step text is paragraph #/texts/6199. The number 4 is lost.","Same as v1.13 (re-checked on the render). v1.12: FAIL Low. v1.13: STILL PRESENT. The continued table is still read as loose nodes (BUG-008). The step text stays in nearby nodes, so retrieval still works. verify_claims may suggest Medium, but text and order are kept and only the grid and the number 4 are lost, so Low."
LOGIQ_S8,sec_0079,478,5.5-filters_discarding,PASS,,"On p478 one big photo with two close-up insets is visible. img_0530 (453x361) holds all three with the lines, yellow circles and arrows. Nothing is cut.",Same as v1.13 (re-checked on the render).
LOGIQ_S8,sec_0079,478,5.5-filters_passing_noise,PASS,,"img_0530 on p478 has only the photos, circles and arrows. No table frame, step text or page text is inside.",Same as v1.13 (re-checked on the render).
LOGIQ_S8,sec_0079,478,5.5-image_section_mapping,PASS,,"img_0530 (p478, folio 8-102) is mapped to sec_0079, and the page is inside p477-p482. No sibling shares this page.",Same as v1.13 (re-checked on the render).
LOGIQ_S8,sec_0080,484,5.4-hierarchy_level,PASS,,"p484 shows 'Section 8-12 Rear Cover Replacement (cont'd)', one NOTE and one picture (nodes #/texts/6254-6257), folio 8 - 108. The heading is a section-level title under a chapter, and sec_0080 has hierarchy_level 2.",Same as v1.13 (re-checked on the render).
LOGIQ_S8,sec_0080,484,5.4-parent_child,PASS,,"sec_0080 has parent sec_0068 (Chapter 8) and no children. The title 'Section 8-12 Rear Cover Replacement' is a section of Chapter 8, so the parent is right. p484 shows 'Section 8-12 Rear Cover Replacement (cont'd)', one NOTE and one picture (nodes #/texts/6254-6257), folio 8 - 108.",Same as v1.13 (re-checked on the render).
LOGIQ_S8,sec_0080,484,5.4-page_start_end,PASS,,"sec_0080 runs p483 to p484. p484 shows 'Section 8-12 Rear Cover Replacement (cont'd)', one NOTE and one picture (nodes #/texts/6254-6257), folio 8 - 108. The page content belongs to this section; previous sec_0079 ends p482, next sec_0081 starts p485. The tree is the same as v1.12.",Same as v1.13 (re-checked on the render).
LOGIQ_S8,sec_0080,484,5.4-hierarchy_path,PASS,,hierarchy_path of sec_0080 is '/Chapter 8/Section 8-12 Rear Cover Replacement'. This matches the printed title and the chapter on p484.,Same as v1.13 (re-checked on the render).
LOGIQ_S8,sec_0080,484,5.4-gaps_duplicates,PASS,,"No gap or overlap around sec_0080: previous sec_0079 ends p482, next sec_0081 starts p485. Nothing from p484 is also in a neighbour section, and nothing from p484 is missing here.",Same as v1.13 (re-checked on the render).
LOGIQ_S8,sec_0080,484,5.4-flagged_for_review,PASS,,sec_0080 has flagged_for_review false and verification_score 100. The render on p484 agrees: the section starts and ends where the tree says.,Same as v1.13 (re-checked on the render).
LOGIQ_S8,sec_0080,484,5.4-structural_source,PASS,,sec_0080 has structural_source 'toc' (embedded bookmark). The printed title 'Section 8-12 Rear Cover Replacement' is on p483 and the footer on p484 repeats the section name.,Same as v1.13 (re-checked on the render).
LOGIQ_S8,sec_0080,484,5.6-numbering_scheme,PASS,,"sec_0080 has numbering_scheme 'arabic'. Page p484 has an arabic chapter-page folio in the footer, as in the rest of Chapter 8.",Same as v1.13 (re-checked on the render).
LOGIQ_S8,sec_0080,484,5.6-offset_applied,PASS,,sec_0080 has offset_applied 0. The bookmark page equals the physical page: the section title is on p483 and the sampled page p484 is inside p483-p484.,Same as v1.13 (re-checked on the render).
LOGIQ_S8,sec_0080,484,5.6-table_content,PASS,,p484 has no table. The section table #/tables/200 is on p483: step 1 'Remove 5 screws and rear cover.' with an empty illustration cell. No render of p483 was needed for this page.,Same as v1.13 (re-checked on the render).
LOGIQ_S8,sec_0080,484,5.5-filters_discarding,PASS,,"p484 has one figure: the Russian caution label close-up and the rear view of the cart with two red lines. img_0540 (360x299) holds both parts together, with the lines. Nothing is cut.",Same as v1.13 (re-checked on the render).
LOGIQ_S8,sec_0080,484,5.5-filters_passing_noise,PASS,,img_0540 on p484 has only the label and the cart pictures. No page text is inside.,Same as v1.13 (re-checked on the render).
LOGIQ_S8,sec_0080,484,5.5-image_section_mapping,PASS,,"img_0540 (p484, folio 8-108) is mapped to sec_0080, and the page is inside p483-p484. No sibling shares this page.",Same as v1.13 (re-checked on the render).
LOGIQ_S8,sec_0083,491,5.4-hierarchy_level,PASS,,"p491 starts 'Section 8-15 Monitor and Monitor Arm Plastic Covers Replacement' with 8-15-1 to 8-15-3-2 and two Step/Illustration tables (nodes #/texts/6336-6352), folio 8 - 115. The heading is a section-level title under a chapter, and sec_0083 has hierarchy_level 2.",Same as v1.13 (re-checked on the render).
LOGIQ_S8,sec_0083,491,5.4-parent_child,PASS,,"sec_0083 has parent sec_0068 (Chapter 8) and no children. The title 'Section 8-15 Monitor and Monitor Arm Plastic Covers Replacement' is a section of Chapter 8, so the parent is right. p491 starts 'Section 8-15 Monitor and Monitor Arm Plastic Covers Replacement' with 8-15-1 to 8-15-3-2 and two Step/Illustration tables (nodes #/texts/6336-6352), folio 8 - 115.",Same as v1.13 (re-checked on the render).
LOGIQ_S8,sec_0083,491,5.4-page_start_end,PASS,,"sec_0083 runs p491 to p502. p491 starts 'Section 8-15 Monitor and Monitor Arm Plastic Covers Replacement' with 8-15-1 to 8-15-3-2 and two Step/Illustration tables (nodes #/texts/6336-6352), folio 8 - 115. The page content belongs to this section; previous sec_0082 ends p490, next sec_0084 starts p503. The tree is the same as v1.12.",Same as v1.13 (re-checked on the render).
LOGIQ_S8,sec_0083,491,5.4-hierarchy_path,PASS,,hierarchy_path of sec_0083 is '/Chapter 8/Section 8-15 Monitor and Monitor Arm Plastic Covers Replacement'. This matches the printed title and the chapter on p491.,Same as v1.13 (re-checked on the render).
LOGIQ_S8,sec_0083,491,5.4-gaps_duplicates,PASS,,"No gap or overlap around sec_0083: previous sec_0082 ends p490, next sec_0084 starts p503. Nothing from p491 is also in a neighbour section, and nothing from p491 is missing here.",Same as v1.13 (re-checked on the render).
LOGIQ_S8,sec_0083,491,5.4-flagged_for_review,PASS,,sec_0083 has flagged_for_review false and verification_score 100. The render on p491 agrees: the section starts and ends where the tree says.,Same as v1.13 (re-checked on the render).
LOGIQ_S8,sec_0083,491,5.4-structural_source,PASS,,sec_0083 has structural_source 'toc' (embedded bookmark). The printed title 'Section 8-15 Monitor and Monitor Arm Plastic Covers Replacement' is on p491 and the footer on p491 repeats the section name.,Same as v1.13 (re-checked on the render).
LOGIQ_S8,sec_0083,491,5.6-numbering_scheme,PASS,,"sec_0083 has numbering_scheme 'arabic'. Page p491 has an arabic chapter-page folio in the footer, as in the rest of Chapter 8.",Same as v1.13 (re-checked on the render).
LOGIQ_S8,sec_0083,491,5.6-offset_applied,PASS,,sec_0083 has offset_applied 0. The bookmark page equals the physical page: the section title is on p491 and the sampled page p491 is inside p491-p502.,Same as v1.13 (re-checked on the render).
LOGIQ_S8,sec_0083,491,5.6-table_content,FAIL,Low,"On p491 two Step/Illustration tables are visible (8-15-3-1 Preparations and 8-15-3-2 Remove Procedure). Neither is a table node. Their cells are flat paragraphs #/texts/6343-6351: 'Step', 'Illustration', '1.', 'Lock the Monitor Arm to prevent hazard.', 'Locked' and so on. Text and order are kept, but the grid is lost.","Same as v1.13 (re-checked on the render). v1.12: FAIL Low. v1.13: STILL PRESENT (BUG-008). Step numbers, text and order are kept, so values still attach to the right step. verify_claims may suggest Medium, but text and order are kept, so Low. The other tables of this section are #/tables/201-205 on p495-p502."
LOGIQ_S8,sec_0083,491,5.5-filters_discarding,PASS,,"p491 arm photo img_0551 (571x458) is kept, but the yellow circle and the white arrow to 'Locked' are not in it. The word 'Locked' is text node #/texts/6347. The rear panel photo with two arrows is complete in img_0552 (vector).","Same as v1.13 (PASS). Seen now, unchanged since v1.13: the yellow circle and white arrow are not in img_0551. Probably BUG-010. The photo and the word 'Locked' are kept. The human reviewer may grade it Low."
LOGIQ_S8,sec_0083,491,5.5-filters_passing_noise,FAIL,Low,"On p491 img_0552 (vector, 1094x446) is not only the photo. It is a render of the whole Remove Procedure table. It also holds the heading '8-15-3-2 Remove Procedure', the Step and Illustration header cells and the step text 'Loosen 2 screws, then remove the Monitor rear panel.' This text is also in paragraph nodes. img_0551 is only the arm photo.",Same as v1.13 (re-checked on the render). v1.12: FAIL Low. v1.13: STILL PRESENT (the image id changed from img_0543 to img_0552; the picture is the same). The real photo with arrows is kept. Only repeated text and the table frame come with it. Low.
LOGIQ_S8,sec_0083,491,5.5-image_section_mapping,PASS,,"Images on p491 (folio 8-115) are mapped to sec_0083, and the page is inside p491-p502. No sibling shares this page.",Same as v1.13 (re-checked on the render).
LOGIQ_S8,sec_0084,504,5.4-hierarchy_level,PASS,,"On p504 the footer reads 'Section 8-16' (folio 8 - 128). The title is a Section under Chapter 8. sec_0084 has hierarchy_level 2 and parent sec_0068 (Chapter 8, level 1). This matches.",Same as v1.13 (re-checked on the render).
LOGIQ_S8,sec_0084,504,5.4-parent_child,PASS,,"sec_0084 has parent_section_id sec_0068 (Chapter 8) and is listed in its child_sections. It has no children. The PDF has no deeper bookmarks, so sub-headings like 8-16-3 Overview stay inside the section.",Same as v1.13 (re-checked on the render).
LOGIQ_S8,sec_0084,504,5.4-page_start_end,PASS,,"The section is declared p503-p531. It starts on p503 with #/texts/6489 ('GE Healthcare') and the section title, and the last node is on p531. The sampled p504 shows heading 8-16-3 Overview (#/texts/6499), its Manpower, Tools and Removal Procedure sub-headings, and Figure 8-44. All of it belongs to sec_0084. No node of a neighbour crosses the boundary.",Same as v1.13 (re-checked on the render).
LOGIQ_S8,sec_0084,504,5.4-hierarchy_path,PASS,,"hierarchy_path is '/Chapter 8/Section 8-16 Replacement of OPIO, OPIO2, OPIO3 and Related Parts'. The p504 footer names Section 8-16 and the manual is Chapter 8. The order Chapter then Section is correct.",Same as v1.13 (re-checked on the render).
LOGIQ_S8,sec_0084,504,5.4-gaps_duplicates,PASS,,The previous section sec_0083 ends on p502 and sec_0084 starts on p503. sec_0084 ends on p531 and the next section starts on p532. No page gap and no repeated node.,Same as v1.13 (re-checked on the render).
LOGIQ_S8,sec_0084,504,5.4-flagged_for_review,PASS,,"flagged_for_review is false and verification_score is 100. The title is on p503, the declared start page. The sampled p504 shows heading 8-16-3 Overview (#/texts/6499), its Manpower, Tools and Removal Procedure sub-headings, and Figure 8-44, so the section looks right and no flag is needed.",Same as v1.13 (re-checked on the render).
LOGIQ_S8,sec_0084,504,5.4-structural_source,PASS,,"structural_source is 'toc'. The title 'Section 8-16' is a bookmark and is printed on p503, the declared start. The TOC source is supported.",Same as v1.13 (re-checked on the render).
LOGIQ_S8,sec_0084,504,5.6-numbering_scheme,PASS,,"The folio on p504 reads '8 - 128' (chapter-page style, Arabic digits). numbering_scheme is 'arabic'. This matches.",Same as v1.13 (re-checked on the render).
LOGIQ_S8,sec_0084,504,5.6-offset_applied,PASS,,"offset_applied is 0. The bookmark page and the physical page are the same (503). The folio 8 - 128 on physical p504 is only a chapter-page print number, not a shift. This is consistent with neighbours.",Same as v1.13 (re-checked on the render).
LOGIQ_S8,sec_0084,504,5.6-table_content,FAIL,Low,"p504 has no table. The first table of this section, #/tables/206 (p503, Contents in this section), has leader-dot noise. Cell text is 'Purpose of this section . . . . . .' and the page number is split into a second cell as '. 8-127'. The meaning is still readable.","Same as v1.13 (re-checked on the render). OLD FAIL STILL PRESENT (same as v1.12). Probably the dotted leader line of the Contents list (BUG-001 type). Graded here because p504 has no table of its own. Impact: a few dot characters in the table text. verify_claims suggests a higher severity. I keep Low: text and order are kept, only grid detail or marks are lost (same as the approved v1.13 grade)."
LOGIQ_S8,sec_0084,504,5.5-filters_discarding,FAIL,Low,"p504 Figure 8-44 has a left photo with red dashed boxes and labels. img_0576 has the left photo without the boxes. The labels TGC Assy, LCD Touch Panel Assy, Trackball and AN Key are text nodes (#/texts/6508-6511). img_0575 (nesting chart) is complete.","Same as v1.13 (re-checked on the render). OLD FAIL STILL PRESENT (same as v1.12; ids shifted by 9). Annotation marks are missing from the extracted photo, but the photo is kept and the label words are in text. Low. Probably the crop of the right photo took the left boxes (see the noise row). verify_claims suggests a higher severity. I keep Low: text and order are kept, only grid detail or marks are lost (same as the approved v1.13 grade)."
LOGIQ_S8,sec_0084,504,5.5-filters_passing_noise,FAIL,Low,"img_0577 (p504, vector, 667x421) is the right photo, but its left edge also holds a strip of the left photo. Cut label text 'h Panel Assy' and 'AN Key' with red dashed lines is visible inside the crop.","Same as v1.13 (re-checked on the render). OLD FAIL STILL PRESENT (same as v1.12). Extra page content inside the crop, probably from the same wrong crop box as the missing red boxes. The words are also in text. Low."
LOGIQ_S8,sec_0084,504,5.5-image_section_mapping,PASS,,"img_0575, img_0576 and img_0577 are on p504 under 8-16-3 and are mapped to sec_0084. The page is inside p503-p531 and no sibling shares it.",Same as v1.13 (re-checked on the render).
LOGIQ_S8,sec_0085,538,5.4-hierarchy_level,PASS,,"On p538 the footer reads 'Section 8-17' (folio 8 - 162). The title is a Section under Chapter 8. sec_0085 has hierarchy_level 2 and parent sec_0068 (Chapter 8, level 1). This matches.",Same as v1.13 (re-checked on the render).
LOGIQ_S8,sec_0085,538,5.4-parent_child,PASS,,"sec_0085 has parent_section_id sec_0068 (Chapter 8) and is listed in its child_sections. It has no children. The PDF has no deeper bookmarks, so sub-headings like 8-17-15 Additional steps stay inside the section.",Same as v1.13 (re-checked on the render).
LOGIQ_S8,sec_0085,538,5.4-page_start_end,PASS,,"The section is declared p532-p551. It starts on p532 with #/texts/6839 ('GE Healthcare') and the section title, and the last node is on p551. The sampled p538 shows steps 5 and 6 with Figures 8-76 and 8-77 (#/texts/6897-6900). All of it belongs to sec_0085. No node of a neighbour crosses the boundary.",Same as v1.13 (re-checked on the render).
LOGIQ_S8,sec_0085,538,5.4-hierarchy_path,PASS,,hierarchy_path is '/Chapter 8/Section 8-17 Replacement of OPIO4 and related parts'. The p538 footer names Section 8-17 and the manual is Chapter 8. The order Chapter then Section is correct.,Same as v1.13 (re-checked on the render).
LOGIQ_S8,sec_0085,538,5.4-gaps_duplicates,PASS,,The previous section sec_0084 ends on p531 and sec_0085 starts on p532. sec_0085 ends on p551 and the next section starts on p552. No page gap and no repeated node.,Same as v1.13 (re-checked on the render).
LOGIQ_S8,sec_0085,538,5.4-flagged_for_review,PASS,,"flagged_for_review is false and verification_score is 100. The title is on p532, the declared start page. The sampled p538 shows steps 5 and 6 with Figures 8-76 and 8-77 (#/texts/6897-6900), so the section looks right and no flag is needed.",Same as v1.13 (re-checked on the render).
LOGIQ_S8,sec_0085,538,5.4-structural_source,PASS,,"structural_source is 'toc'. The title 'Section 8-17' is a bookmark and is printed on p532, the declared start. The TOC source is supported.",Same as v1.13 (re-checked on the render).
LOGIQ_S8,sec_0085,538,5.6-numbering_scheme,PASS,,"The folio on p538 reads '8 - 162' (chapter-page style, Arabic digits). numbering_scheme is 'arabic'. This matches.",Same as v1.13 (re-checked on the render).
LOGIQ_S8,sec_0085,538,5.6-offset_applied,PASS,,"offset_applied is 0. The bookmark page and the physical page are the same (532). The folio 8 - 162 on physical p538 is only a chapter-page print number, not a shift. This is consistent with neighbours.",Same as v1.13 (re-checked on the render).
LOGIQ_S8,sec_0085,538,5.6-table_content,FAIL,Low,"p538 has no table. The first table of this section, #/tables/212 (p532, Contents in this section), has leader-dot noise. Cell text is 'Purpose of this section . . . . .' and the page number is in a second cell as '.8-156'. The meaning is still readable.","Same as v1.13 (re-checked on the render). OLD FAIL STILL PRESENT (same as v1.12). Probably the dotted leader line of the Contents list (BUG-001 type). Graded here because p538 has no table of its own. Impact: a few dot characters. verify_claims suggests a higher severity. I keep Low: text and order are kept, only grid detail or marks are lost (same as the approved v1.13 grade)."
LOGIQ_S8,sec_0085,538,5.5-filters_discarding,PASS,,"On p538 two photos are visible: Figure 8-76 (lifting OPIO4 Assy, red arrow) and Figure 8-77 (connectors, yellow circles). img_0640 (272x201) and img_0641 (447x232) match them, and the red arrow and yellow circles are inside the images.",Same as v1.13 (re-checked on the render).
LOGIQ_S8,sec_0085,538,5.5-filters_passing_noise,PASS,,img_0640 and img_0641 are real photos. No page text or decoration is inside them.,Same as v1.13 (re-checked on the render).
LOGIQ_S8,sec_0085,538,5.5-image_section_mapping,PASS,,img_0640 and img_0641 are on p538 under steps 5 and 6 and are mapped to sec_0085. The page is inside p532-p551.,Same as v1.13 (re-checked on the render).
LOGIQ_S8,sec_0086,558,5.4-hierarchy_level,PASS,,"On p558 the footer reads 'Section 8-18' (folio 8 - 182). The title is a Section under Chapter 8. sec_0086 has hierarchy_level 2 and parent sec_0068 (Chapter 8, level 1). This matches.",Same as v1.13 (re-checked on the render).
LOGIQ_S8,sec_0086,558,5.4-parent_child,PASS,,"sec_0086 has parent_section_id sec_0068 (Chapter 8) and is listed in its child_sections. It has no children. The PDF has no deeper bookmarks, so sub-headings like 8-18-4-1 Removal Procedure stay inside the section.",Same as v1.13 (re-checked on the render).
LOGIQ_S8,sec_0086,558,5.4-page_start_end,PASS,,"The section is declared p552-p571. It starts on p552 with #/texts/7042 ('GE Healthcare') and the section title, and the last node is on p571. The sampled p558 shows the last row (step 4) of the Step/Illustration table and a NOTE (#/texts/7104-7108). All of it belongs to sec_0086. No node of a neighbour crosses the boundary.",Same as v1.13 (re-checked on the render).
LOGIQ_S8,sec_0086,558,5.4-hierarchy_path,PASS,,hierarchy_path is '/Chapter 8/Section 8-18 Replacement around ACQ Box'. The p558 footer names Section 8-18 and the manual is Chapter 8. The order Chapter then Section is correct.,Same as v1.13 (re-checked on the render).
LOGIQ_S8,sec_0086,558,5.4-gaps_duplicates,PASS,,The previous section sec_0085 ends on p551 and sec_0086 starts on p552. sec_0086 ends on p571 and the next section starts on p572. No page gap and no repeated node.,Same as v1.13 (re-checked on the render).
LOGIQ_S8,sec_0086,558,5.4-flagged_for_review,PASS,,"flagged_for_review is false and verification_score is 100. The title is on p552, the declared start page. The sampled p558 shows the last row (step 4) of the Step/Illustration table and a NOTE (#/texts/7104-7108), so the section looks right and no flag is needed.",Same as v1.13 (re-checked on the render).
LOGIQ_S8,sec_0086,558,5.4-structural_source,PASS,,"structural_source is 'toc'. The title 'Section 8-18' is a bookmark and is printed on p552, the declared start. The TOC source is supported.",Same as v1.13 (re-checked on the render).
LOGIQ_S8,sec_0086,558,5.6-numbering_scheme,PASS,,"The folio on p558 reads '8 - 182' (chapter-page style, Arabic digits). numbering_scheme is 'arabic'. This matches.",Same as v1.13 (re-checked on the render).
LOGIQ_S8,sec_0086,558,5.6-offset_applied,PASS,,"offset_applied is 0. The bookmark page and the physical page are the same (552). The folio 8 - 182 on physical p558 is only a chapter-page print number, not a shift. This is consistent with neighbours.",Same as v1.13 (re-checked on the render).
LOGIQ_S8,sec_0086,558,5.6-table_content,FAIL,Low,"The step 4 table on p558 is not a table node. Its cells are loose paragraphs #/texts/7104-7107 ('4.', 'Separate BF192 and PID.', 'Step', 'Illustration'). The header cells come after the step text.","Same as v1.13 (re-checked on the render). OLD FAIL STILL PRESENT (same as v1.12). Step number and text stay together. Only the header order is wrong. Probably a Docling table miss (BUG-008). Low. verify_claims suggests a higher severity. I keep Low: text and order are kept, only grid detail or marks are lost (same as the approved v1.13 grade)."
LOGIQ_S8,sec_0086,558,5.5-filters_discarding,PASS,,"p558 has one photo, in the step 4 row (the two boards being separated). img_0678 (496x377) holds the whole photo.",Same as v1.13 (re-checked on the render).
LOGIQ_S8,sec_0086,558,5.5-filters_passing_noise,PASS,,img_0678 is only the step 4 photo. The table grid and text are not inside it.,Same as v1.13 (re-checked on the render).
LOGIQ_S8,sec_0086,558,5.5-image_section_mapping,PASS,,img_0678 is on p558 under 8-18-4-2 and is mapped to sec_0086. No sibling shares the page.,Same as v1.13 (re-checked on the render).
LOGIQ_S8,sec_0087,572,5.4-hierarchy_level,PASS,,"On p572 the footer reads 'Section 8-19' (folio 8 - 196). The title is a Section under Chapter 8. sec_0087 has hierarchy_level 2 and parent sec_0068 (Chapter 8, level 1). This matches.",
LOGIQ_S8,sec_0087,572,5.4-parent_child,PASS,,"sec_0087 has parent_section_id sec_0068 (Chapter 8) and is listed in its child_sections. It has no children. The PDF has no deeper bookmarks, so sub-headings like 8-19-3 Removal Procedure stay inside the section.",
LOGIQ_S8,sec_0087,572,5.4-page_start_end,PASS,,"The section is declared p572-p574. It starts on p572 with #/texts/7231 and the section title, and the last node is on p574. The sampled p572 shows the title ""Section 8-19"" (#/texts/7233), headings 8-19-1 to 8-19-3 (#/texts/7234-7238) and table #/tables/222. All of it belongs to sec_0087. No node of a neighbour is on the page.",Same as v1.13.
LOGIQ_S8,sec_0087,572,5.4-hierarchy_path,PASS,,hierarchy_path is '/Chapter 8/Section 8-19 Replacement of CSI and Fan'. The p572 footer names Section 8-19 and the manual is Chapter 8. The order Chapter then Section is correct.,
LOGIQ_S8,sec_0087,572,5.4-gaps_duplicates,PASS,,The previous section sec_0086 ends on p571 and sec_0087 starts on p572. sec_0087 ends on p574 and the next section starts on p575. No page gap and no repeated node.,Same as v1.13.
LOGIQ_S8,sec_0087,572,5.4-flagged_for_review,PASS,,"flagged_for_review is false and verification_score is 100. The title is on p572, the declared start page. The sampled p572 shows the title ""Section 8-19"" (#/texts/7233), headings 8-19-1 to 8-19-3 (#/texts/7234-7238) and table #/tables/222, so the section looks right and no flag is needed.",
LOGIQ_S8,sec_0087,572,5.4-structural_source,PASS,,"structural_source is 'toc'. The title 'Section 8-19' is a bookmark and is printed on p572, the declared start. The TOC source is supported.",
LOGIQ_S8,sec_0087,572,5.6-numbering_scheme,PASS,,"The folio on p572 reads '8 - 196' (chapter-page style, Arabic digits). numbering_scheme is 'arabic'. This matches.",
LOGIQ_S8,sec_0087,572,5.6-offset_applied,PASS,,"offset_applied is 0. The bookmark page and the physical page are the same (572). The folio 8 - 196 on physical p572 is only a chapter-page print number, not a shift. This is consistent with neighbours.",
LOGIQ_S8,sec_0087,572,5.6-table_content,PASS,,"Table #/tables/222 on p572 has steps 1 to 3 with the printed Step and Illustration columns. The step texts match the render. The photo cells are empty as text, which is expected.","Same as v1.13. Seen now, unchanged since v1.13: the step 4 table on p573 is read as loose paragraphs #/texts/7242-7247. p573 is not sampled here."
LOGIQ_S8,sec_0087,572,5.5-filters_discarding,FAIL,Low,"The photos of steps 2 and 3 are kept as img_0702, img_0703 and img_0704. In the render each photo has yellow circles on the screws. The circles are not in the extracted images.","Same as v1.13. Probably the yellow marks are drawn over the photo and are not merged (BUG-010 rule). The text says ""Unscrew 4 screws"", so Low."
LOGIQ_S8,sec_0087,572,5.5-filters_passing_noise,PASS,,"img_0702-img_0704 are plain photos or screenshots. No table text, header or footer is inside them.",Same as v1.13.
LOGIQ_S8,sec_0087,572,5.5-image_section_mapping,PASS,,img_0702-img_0704 are on p572 and mapped to sec_0087. No sibling shares the page.,Same as v1.13.
LOGIQ_S8,sec_0088,578,5.4-hierarchy_level,PASS,,"On p578 the footer reads 'Section 8-20' (folio 8 - 202). The title is a Section under Chapter 8. sec_0088 has hierarchy_level 2 and parent sec_0068 (Chapter 8, level 1). This matches.",
LOGIQ_S8,sec_0088,578,5.4-parent_child,PASS,,"sec_0088 has parent_section_id sec_0068 (Chapter 8) and is listed in its child_sections. It has no children. The PDF has no deeper bookmarks, so sub-headings like 8-20-3 Instruction stay inside the section.",
LOGIQ_S8,sec_0088,578,5.4-page_start_end,PASS,,"The section is declared p575-p580. It starts on p575 with #/texts/7261 and the section title, and the last node is on p580. The sampled p578 shows the continued Table 8-41 with steps 6 and 7 (#/texts/7289-7298). All of it belongs to sec_0088. No node of a neighbour is on the page.",Same as v1.13.
LOGIQ_S8,sec_0088,578,5.4-hierarchy_path,PASS,,hierarchy_path is '/Chapter 8/Section 8-20 Replacement of Small Battery'. The p578 footer names Section 8-20 and the manual is Chapter 8. The order Chapter then Section is correct.,
LOGIQ_S8,sec_0088,578,5.4-gaps_duplicates,PASS,,The previous section sec_0087 ends on p574 and sec_0088 starts on p575. sec_0088 ends on p580 and the next section starts on p581. No page gap and no repeated node.,Same as v1.13.
LOGIQ_S8,sec_0088,578,5.4-flagged_for_review,PASS,,"flagged_for_review is false and verification_score is 100. The title is on p575, the declared start page. The sampled p578 shows the continued Table 8-41 with steps 6 and 7 (#/texts/7289-7298), so the section looks right and no flag is needed.",
LOGIQ_S8,sec_0088,578,5.4-structural_source,PASS,,"structural_source is 'toc'. The title 'Section 8-20' is a bookmark and is printed on p575, the declared start. The TOC source is supported.",
LOGIQ_S8,sec_0088,578,5.6-numbering_scheme,PASS,,"The folio on p578 reads '8 - 202' (chapter-page style, Arabic digits). numbering_scheme is 'arabic'. This matches.",
LOGIQ_S8,sec_0088,578,5.6-offset_applied,PASS,,"offset_applied is 0. The bookmark page and the physical page are the same (575). The folio 8 - 202 on physical p578 is only a chapter-page print number, not a shift. This is consistent with neighbours.",
LOGIQ_S8,sec_0088,578,5.6-table_content,FAIL,Low,"On p578 Table 8-41 shows steps 6 and 7 with photos. No table node has page_no 578. The cells are loose paragraphs: ""6"" and its text (#/texts/7290-7292), ""7"" and its text (#/texts/7293-7295). The Step, Instruction and Illustration headers are loose too (#/texts/7296-7298).","Same as v1.13. The continued table is still flattened. Step numbers, text and order are kept, so Low. Probably Docling did not detect the table (BUG-008)."
LOGIQ_S8,sec_0088,578,5.5-filters_discarding,FAIL,Low,"Step 6 has two photos with red circles on the screws. They are kept as img_0719 (one image), but the red circles are not in it. Step 7 photos img_0720 and img_0721 keep their circles.","Same as v1.13. Probably the red marks are not merged for step 6 (BUG-010 rule). The text keeps the step, so Low."
LOGIQ_S8,sec_0088,578,5.5-filters_passing_noise,PASS,,"img_0719-img_0721 are plain photos or screenshots. No table text, header or footer is inside them.",Same as v1.13.
LOGIQ_S8,sec_0088,578,5.5-image_section_mapping,PASS,,img_0719-img_0721 are on p578 and mapped to sec_0088. No sibling shares the page.,Same as v1.13.
LOGIQ_S8,sec_0091,585,5.4-hierarchy_level,PASS,,"On p585 the footer reads 'Section 8-23' (folio 8 - 209). The title is a Section under Chapter 8. sec_0091 has hierarchy_level 2 and parent sec_0068 (Chapter 8, level 1). This matches.",
LOGIQ_S8,sec_0091,585,5.4-parent_child,PASS,,"sec_0091 has parent_section_id sec_0068 (Chapter 8) and is listed in its child_sections. It has no children. The PDF has no deeper bookmarks, so sub-headings like 8-23-4 Note on SOM Replacement stay inside the section.",
LOGIQ_S8,sec_0091,585,5.4-page_start_end,PASS,,"The section is declared p585-p595. It starts on p585 with #/texts/7372 and the section title, and the last node is on p595. The sampled p585 shows the title ""Section 8-23"" (#/texts/7374), headings 8-23-1 to 8-23-3 and Figure 8-117 (#/texts/7395). All of it belongs to sec_0091. No node of a neighbour is on the page.",Same as v1.13.
LOGIQ_S8,sec_0091,585,5.4-hierarchy_path,PASS,,"hierarchy_path is '/Chapter 8/Section 8-23 Replacement of the SOM, HDD and DVR'. The p585 footer names Section 8-23 and the manual is Chapter 8. The order Chapter then Section is correct.",
LOGIQ_S8,sec_0091,585,5.4-gaps_duplicates,PASS,,The previous section sec_0090 ends on p584 and sec_0091 starts on p585. sec_0091 ends on p595 and the next section starts on p596. No page gap and no repeated node.,Same as v1.13.
LOGIQ_S8,sec_0091,585,5.4-flagged_for_review,PASS,,"flagged_for_review is false and verification_score is 100. The title is on p585, the declared start page. The sampled p585 shows the title ""Section 8-23"" (#/texts/7374), headings 8-23-1 to 8-23-3 and Figure 8-117 (#/texts/7395), so the section looks right and no flag is needed.",
LOGIQ_S8,sec_0091,585,5.4-structural_source,PASS,,"structural_source is 'toc'. The title 'Section 8-23' is a bookmark and is printed on p585, the declared start. The TOC source is supported.",
LOGIQ_S8,sec_0091,585,5.6-numbering_scheme,PASS,,"The folio on p585 reads '8 - 209' (chapter-page style, Arabic digits). numbering_scheme is 'arabic'. This matches.",
LOGIQ_S8,sec_0091,585,5.6-offset_applied,PASS,,"offset_applied is 0. The bookmark page and the physical page are the same (585). The folio 8 - 209 on physical p585 is only a chapter-page print number, not a shift. This is consistent with neighbours.",
LOGIQ_S8,sec_0091,585,5.6-table_content,PASS,,"No table is drawn on p585. The page has the title, headings 8-23-1 to 8-23-3, step 1 and Figure 8-117.",Same as v1.13.
LOGIQ_S8,sec_0091,585,5.5-filters_discarding,PASS,,"Figure 8-117 on p585 is kept as vector crop img_0735 (903x709). The two board photos, the yellow circle, the dashed boxes and the colour call-outs are all inside it.","Same as v1.13. verify_claims says CONTRADICTED (Critical) because it sees two raster photos not listed in images_v1.json. Those two photos are inside the vector crop img_0735, which covers the whole figure. So I keep PASS."
LOGIQ_S8,sec_0091,585,5.5-filters_passing_noise,PASS,,"img_0735 is the Figure 8-117 drawing. The call-out words are part of the drawing. No page text, header or footer is inside it.",Same as v1.13.
LOGIQ_S8,sec_0091,585,5.5-image_section_mapping,PASS,,img_0735 are on p585 and mapped to sec_0091. No sibling shares the page.,Same as v1.13.
LOGIQ_S8,sec_0092,598,5.4-hierarchy_level,PASS,,"On p598 the footer reads 'Section 8-24' (folio 8 - 222). The title is a Section under Chapter 8. sec_0092 has hierarchy_level 2 and parent sec_0068 (Chapter 8, level 1). This matches.",
LOGIQ_S8,sec_0092,598,5.4-parent_child,PASS,,"sec_0092 has parent_section_id sec_0068 (Chapter 8) and is listed in its child_sections. It has no children. The PDF has no deeper bookmarks, so sub-headings like 8-24-2-5 Removal Procedure stay inside the section.",
LOGIQ_S8,sec_0092,598,5.4-page_start_end,FAIL,Low,"The section is declared p596-p611. It ends on p611 with heading 8-24-5-5 Functional Check. It also holds three p612 nodes: #/texts/7667 ""GE Healthcare"", #/texts/7668 the running header and #/texts/7669 ""Section 8-25"". On p612 these are the page header and the first line of the next title. No body text is absorbed. The sampled p598 (Figure 8-134) is owned correctly.","Same as v1.13. Only boilerplate and the first title line cross the boundary. page_end stays 611. Probably the next title is split at the section edge (BUG-023). Low, as in the approved precedent."
LOGIQ_S8,sec_0092,598,5.4-hierarchy_path,PASS,,hierarchy_path is '/Chapter 8/Section 8-24 Replacement of Cables'. The p598 footer names Section 8-24 and the manual is Chapter 8. The order Chapter then Section is correct.,
LOGIQ_S8,sec_0092,598,5.4-gaps_duplicates,PASS,,The previous section sec_0091 ends on p595 and sec_0092 starts on p596. sec_0092 ends on p611 and the next section starts on p612. No page gap and no repeated node.,Same as v1.13.
LOGIQ_S8,sec_0092,598,5.4-flagged_for_review,PASS,,"flagged_for_review is false and verification_score is 100. The title is on p596, the declared start page. The sampled p598 shows only Figure 8-134 and its caption (#/texts/7554), so the section looks right and no flag is needed.",
LOGIQ_S8,sec_0092,598,5.4-structural_source,PASS,,"structural_source is 'toc'. The title 'Section 8-24' is a bookmark and is printed on p596, the declared start. The TOC source is supported.",
LOGIQ_S8,sec_0092,598,5.6-numbering_scheme,PASS,,"The folio on p598 reads '8 - 222' (chapter-page style, Arabic digits). numbering_scheme is 'arabic'. This matches.",
LOGIQ_S8,sec_0092,598,5.6-offset_applied,PASS,,"offset_applied is 0. The bookmark page and the physical page are the same (596). The folio 8 - 222 on physical p598 is only a chapter-page print number, not a shift. This is consistent with neighbours.",
LOGIQ_S8,sec_0092,598,5.6-table_content,PASS,,No table is drawn on p598. The page has only Figure 8-134 and its caption. No table node has page_no 598.,"Same as v1.13. Seen now, unchanged since v1.13: the Contents table #/tables/233 on p596 keeps leader dots in its cells. This is Low noise and p596 is not sampled here."
LOGIQ_S8,sec_0092,598,5.5-filters_discarding,FAIL,Low,Figure 8-134 on p598 shows the monitor arm with number circles 1 to 5. img_0768 has the photo but not the five number circles. The numbers are loose text nodes #/texts/7555-7559 without position.,Same as v1.13. Probably the overlay marks are not merged (BUG-010 rule). Low as in the approved precedent. The loss is the place of each number on the arm.
LOGIQ_S8,sec_0092,598,5.5-filters_passing_noise,PASS,,"img_0768 are plain photos or screenshots. No table text, header or footer is inside them.",Same as v1.13.
LOGIQ_S8,sec_0092,598,5.5-image_section_mapping,PASS,,img_0768 are on p598 and mapped to sec_0092. No sibling shares the page.,Same as v1.13.
LOGIQ_S8,sec_0093,612,5.4-hierarchy_level,PASS,,"On p612 the footer reads 'Section 8-25' (folio 8 - 236). The title is a Section under Chapter 8. sec_0093 has hierarchy_level 2 and parent sec_0068 (Chapter 8, level 1). This matches.",
LOGIQ_S8,sec_0093,612,5.4-parent_child,PASS,,"sec_0093 has parent_section_id sec_0068 (Chapter 8) and is listed in its child_sections. It has no children. The PDF has no deeper bookmarks, so sub-headings like 8-25-3 Removal Procedure - Probe Holder stay inside the section.",
LOGIQ_S8,sec_0093,612,5.4-page_start_end,PASS,,"The section is declared p612-p614. It starts on p612 with heading #/texts/7670 and ends with the p614 footer #/texts/7699. The p612 page header and the first title line ""Section 8-25"" are in sec_0092 (#/texts/7667-7669). The body and Table 8-49 on p612 belong to sec_0093.","Same as v1.13. The title split is graded once, on the sec_0092 row. No body text is lost here. Lower confidence because the title line is outside the section."
LOGIQ_S8,sec_0093,612,5.4-hierarchy_path,PASS,,"hierarchy_path is '/Chapter 8/Section 8-25 Replacement of the Probe Holder (Kit), Cable Hook, and Extended probe holder'. The p612 footer names Section 8-25 and the manual is Chapter 8. The order Chapter then Section is correct.",
LOGIQ_S8,sec_0093,612,5.4-gaps_duplicates,PASS,,The previous section sec_0092 ends on p611 and sec_0093 starts on p612. sec_0093 ends on p614 and the next section starts on p615. No page gap and no repeated node.,Same as v1.13.
LOGIQ_S8,sec_0093,612,5.4-flagged_for_review,PASS,,"flagged_for_review is false and verification_score is 100. The title is on p612, the declared start page. The sampled p612 shows heading #/texts/7670, 8-25-1 to 8-25-3 and Table 8-49 (#/tables/243), so the section looks right and no flag is needed.",
LOGIQ_S8,sec_0093,612,5.4-structural_source,PASS,,"structural_source is 'toc'. The title 'Section 8-25' is a bookmark and is printed on p612, the declared start. The TOC source is supported.",
LOGIQ_S8,sec_0093,612,5.6-numbering_scheme,PASS,,"The folio on p612 reads '8 - 236' (chapter-page style, Arabic digits). numbering_scheme is 'arabic'. This matches.",
LOGIQ_S8,sec_0093,612,5.6-offset_applied,PASS,,"offset_applied is 0. The bookmark page and the physical page are the same (612). The folio 8 - 236 on physical p612 is only a chapter-page print number, not a shift. This is consistent with neighbours.",
LOGIQ_S8,sec_0093,612,5.6-table_content,PASS,,"Table #/tables/243 on p612 has the header, step 1 and ""Simply pull out Probe Holder from its location."" The cell Illustration holds ""Small Probe Cup Probe Holder"". This matches the render.","Same as v1.13. Seen now, unchanged since v1.13: the third label ""Probe Holder Removed"" is only a loose node (#/texts/7678). ""Probe Holder"" and ""Small Probe Cup"" are also loose nodes (#/texts/7679-7680), so they appear twice. Text is not lost, so PASS."
LOGIQ_S8,sec_0093,612,5.5-filters_discarding,FAIL,Low,The step 1 photos are kept as img_0801 and img_0802. In the render the first photo has a white up arrow. It is not in img_0801. The labels are text in the table.,"Same as v1.13. Probably the overlay arrow is not merged (BUG-010 rule). The text says to pull the probe holder out, so Low."
LOGIQ_S8,sec_0093,612,5.5-filters_passing_noise,FAIL,Low,On p613 the vector crop img_0807 (94x296) is a thin strip of white circles and a red arrow. The photos img_0803 to img_0806 have no marks. The strip repeats part of the photos and is not a figure of its own.,Same as v1.13. Probably the BUG-010 rule for marks drawn across overlapping photos. Accepted Low (decision 6c). Impact: one extra image.
LOGIQ_S8,sec_0093,612,5.5-image_section_mapping,PASS,,"img_0801 and img_0802 are on p612 and mapped to sec_0093. The page is shared only with sec_0092 boilerplate, not with its images.",Same as v1.13.
LOGIQ_S8,sec_0095,618,5.4-hierarchy_level,PASS,,"On p618 the footer reads 'Section 8-27' (folio 8 - 242). The title is a Section under Chapter 8. sec_0095 has hierarchy_level 2 and parent sec_0068 (Chapter 8, level 1). This matches.",
LOGIQ_S8,sec_0095,618,5.4-parent_child,PASS,,"sec_0095 has parent_section_id sec_0068 (Chapter 8) and is listed in its child_sections. It has no children. The PDF has no deeper bookmarks, so sub-headings like 8-27-3 DVD drive stay inside the section.",
LOGIQ_S8,sec_0095,618,5.4-page_start_end,PASS,,"The section is declared p617-p632. It starts on p617 with #/texts/7721 and the section title, and the last node is on p632. The sampled p618 shows Table 8-53 continued (#/tables/249), steps 2 to 4. All of it belongs to sec_0095. No node of a neighbour is on the page.",Same as v1.13.
LOGIQ_S8,sec_0095,618,5.4-hierarchy_path,PASS,,"hierarchy_path is '/Chapter 8/Section 8-27 Replacement of DVD Drive, Printers and Drawer'. The p618 footer names Section 8-27 and the manual is Chapter 8. The order Chapter then Section is correct.",
LOGIQ_S8,sec_0095,618,5.4-gaps_duplicates,PASS,,The previous section sec_0094 ends on p616 and sec_0095 starts on p617. sec_0095 ends on p632 and the next section starts on p633. No page gap and no repeated node.,Same as v1.13.
LOGIQ_S8,sec_0095,618,5.4-flagged_for_review,PASS,,"flagged_for_review is false and verification_score is 100. The title is on p617, the declared start page. The sampled p618 shows Table 8-53 continued (#/tables/249), steps 2 to 4, so the section looks right and no flag is needed.",
LOGIQ_S8,sec_0095,618,5.4-structural_source,PASS,,"structural_source is 'toc'. The title 'Section 8-27' is a bookmark and is printed on p617, the declared start. The TOC source is supported.",
LOGIQ_S8,sec_0095,618,5.6-numbering_scheme,PASS,,"The folio on p618 reads '8 - 242' (chapter-page style, Arabic digits). numbering_scheme is 'arabic'. This matches.",
LOGIQ_S8,sec_0095,618,5.6-offset_applied,PASS,,"offset_applied is 0. The bookmark page and the physical page are the same (617). The folio 8 - 242 on physical p618 is only a chapter-page print number, not a shift. This is consistent with neighbours.",
LOGIQ_S8,sec_0095,618,5.6-table_content,FAIL,Medium,"On p618 table 8-53 (#/tables/249), row 4 is split wrongly. One cell reads ""Remove the DVD cable connectors from the DVD"". The next cell reads ""drive as necessary."" and sits in the Illustration column.","Same as v1.13. This table is unchanged. The step 4 instruction is cut in two and part of it is under the wrong column. Probably a Docling cell split (BUG-008). CHANGED-TABLE CHECK for sec_0095 (BUG-030): #/tables/248 p617, #/tables/251 p620, #/tables/256 p628 and #/tables/257 p632 each have a new first row with ""LOGIQ S8: Remove top cover"" in the Illustration column. #/tables/253 p624 has new rows ""UP-D897"" (before step 2) and ""UP-D898"" (between steps 2 and 3). I checked each page render: the text is printed in that table, at the top of the cell, once only. It is not repeated in another node and the column is right. All five are FIXED vs v1.13. Small point: the new row has no step number."
LOGIQ_S8,sec_0095,618,5.5-filters_discarding,FAIL,Low,"Steps 2, 3 and 4 have photos kept as img_0816 to img_0819. In the render they have yellow circles and arrows. The circles on img_0816 and img_0817 and the arrow on img_0818 are missing. img_0819 keeps a thin arrow, not the two thick arrows of the page.","Same as v1.13. Probably overlay marks are not merged (BUG-010 rule). The text keeps the step, so Low."
LOGIQ_S8,sec_0095,618,5.5-filters_passing_noise,PASS,,"img_0816-img_0819 are plain photos or screenshots. No table text, header or footer is inside them.",Same as v1.13.
LOGIQ_S8,sec_0095,618,5.5-image_section_mapping,PASS,,img_0816-img_0819 are on p618 and mapped to sec_0095. No sibling shares the page.,Same as v1.13.
LOGIQ_S8,sec_0097,639,5.4-hierarchy_level,PASS,,"On p639 the footer reads 'Section 8-29' (folio 8 - 263). The title is a Section under Chapter 8. sec_0097 has hierarchy_level 2 and parent sec_0068 (Chapter 8, level 1). This matches.",
LOGIQ_S8,sec_0097,639,5.4-parent_child,PASS,,"sec_0097 has parent_section_id sec_0068 (Chapter 8) and is listed in its child_sections. It has no children. The PDF has no deeper bookmarks, so sub-headings like 8-29-3 LOGIQ S8 Removal Procedure stay inside the section.",
LOGIQ_S8,sec_0097,639,5.4-page_start_end,PASS,,"The section is declared p639-p656. It starts on p639 with #/texts/7911 and the section title, and the last node is on p656. The sampled p639 shows the title ""Section 8-29"" (#/texts/7911), headings 8-29-1 to 8-29-3 and table #/tables/262. All of it belongs to sec_0097. No node of a neighbour is on the page.",Same as v1.13.
LOGIQ_S8,sec_0097,639,5.4-hierarchy_path,PASS,,hierarchy_path is '/Chapter 8/Section 8-29 On-Board UVC'. The p639 footer names Section 8-29 and the manual is Chapter 8. The order Chapter then Section is correct.,
LOGIQ_S8,sec_0097,639,5.4-gaps_duplicates,PASS,,The previous section sec_0096 ends on p638 and sec_0097 starts on p639. sec_0097 ends on p656 and the next section starts on p657. No page gap and no repeated node.,Same as v1.13.
LOGIQ_S8,sec_0097,639,5.4-flagged_for_review,PASS,,"flagged_for_review is false and verification_score is 100. The title is on p639, the declared start page. The sampled p639 shows the title ""Section 8-29"" (#/texts/7911), headings 8-29-1 to 8-29-3 and table #/tables/262, so the section looks right and no flag is needed.",
LOGIQ_S8,sec_0097,639,5.4-structural_source,PASS,,"structural_source is 'toc'. The title 'Section 8-29' is a bookmark and is printed on p639, the declared start. The TOC source is supported.",
LOGIQ_S8,sec_0097,639,5.6-numbering_scheme,PASS,,"The folio on p639 reads '8 - 263' (chapter-page style, Arabic digits). numbering_scheme is 'arabic'. This matches.",
LOGIQ_S8,sec_0097,639,5.6-offset_applied,PASS,,"offset_applied is 0. The bookmark page and the physical page are the same (639). The folio 8 - 263 on physical p639 is only a chapter-page print number, not a shift. This is consistent with neighbours.",
LOGIQ_S8,sec_0097,639,5.6-table_content,PASS,,"Table #/tables/262 on p639 has step 1 and ""Remove HDMI CABLE from console."" It matches the render.",Same as v1.13.
LOGIQ_S8,sec_0097,639,5.5-filters_discarding,FAIL,Low,The p639 step 1 photo is kept as img_0863. The render shows a white circle and a white arrow on the HDMI port. They are not in img_0863.,"Same as v1.13. Probably the BUG-010 rule does not catch these marks. The text says what to remove, so Low. Seen again: the p642 step 9 photo img_0870 also has no marks (accepted Low, decision 6c)."
LOGIQ_S8,sec_0097,639,5.5-filters_passing_noise,PASS,,"img_0863 are plain photos or screenshots. No table text, header or footer is inside them.",Same as v1.13.
LOGIQ_S8,sec_0097,639,5.5-image_section_mapping,PASS,,img_0863 are on p639 and mapped to sec_0097. No sibling shares the page.,Same as v1.13.
LOGIQ_S8,sec_0099,659,5.4-hierarchy_level,PASS,,"On p659 the footer reads 'Section 8-31' (folio 8 - 283). The title is a Section under Chapter 8. sec_0099 has hierarchy_level 2 and parent sec_0068 (Chapter 8, level 1). This matches.",
LOGIQ_S8,sec_0099,659,5.4-parent_child,PASS,,"sec_0099 has parent_section_id sec_0068 (Chapter 8) and is listed in its child_sections. It has no children. The PDF has no deeper bookmarks, so sub-headings like 8-31-3 Removal Procedure stay inside the section.",
LOGIQ_S8,sec_0099,659,5.4-page_start_end,PASS,,"The section is declared p659-p663. It starts on p659 with #/texts/8137 and the section title, and the last node is on p663. The sampled p659 shows the 8-31 heading (#/texts/8137), headings 8-31-1 to 8-31-3 and the step table (steps 1 and 2, read as loose nodes #/texts/8143-8148). All of it belongs to sec_0099. No node of a neighbour is on the page.",Same as v1.13.
LOGIQ_S8,sec_0099,659,5.4-hierarchy_path,PASS,,hierarchy_path is '/Chapter 8/Section 8-31 Replacement of the 19” and 23” Monitor Arm'. The p659 footer names Section 8-31 and the manual is Chapter 8. The order Chapter then Section is correct.,
LOGIQ_S8,sec_0099,659,5.4-gaps_duplicates,PASS,,"Headings 8-31-1 to 8-31-5 are each present once, in order, from p659 to p663. No missing or repeated block is seen on p659.","Same as v1.13. Seen now, unchanged since v1.13: the step table of p659-p662 is read as loose nodes, and a lone label ""WARNING WARNING"" (#/texts/8180) sits at the end of p663. p663 is not sampled and this template has no table row for sec_0099."
LOGIQ_S8,sec_0099,659,5.4-flagged_for_review,PASS,,"flagged_for_review is false and verification_score is 96.4. The title is on p659, the declared start page. The sampled p659 shows the 8-31 heading (#/texts/8137), headings 8-31-1 to 8-31-3 and the step table (steps 1 and 2, read as loose nodes #/texts/8143-8148), so the section looks right and no flag is needed.",
LOGIQ_S8,sec_0099,659,5.4-structural_source,PASS,,"structural_source is 'toc'. The title 'Section 8-31' is a bookmark and is printed on p659, the declared start. The TOC source is supported.",
LOGIQ_S8,sec_0099,659,5.6-numbering_scheme,PASS,,"The folio on p659 reads '8 - 283' (chapter-page style, Arabic digits). numbering_scheme is 'arabic'. This matches.",
LOGIQ_S8,sec_0099,659,5.6-offset_applied,PASS,,"offset_applied is 0. The bookmark page and the physical page are the same (659). The folio 8 - 283 on physical p659 is only a chapter-page print number, not a shift. This is consistent with neighbours.",
LOGIQ_S8,sec_0099,659,5.5-filters_discarding,FAIL,Low,"p659 has two step photos, kept as img_0917 (456x475) and img_0918 (960x540). In the render, the step 2 photo has a yellow circle around the screw. The circle is not in img_0918.","Same as v1.13 (annotation mark missing, photo kept, rule P2). The step 2 text says ""Loosen 1 screw"", so Low. Probably the marks are drawn paths that are not merged into the photo (BUG-010). verify_claims says Critical, but both photos are kept. Only the circle is missing."
LOGIQ_S8,sec_0099,659,5.5-filters_passing_noise,PASS,,"img_0917 and img_0918 are plain photos or screenshots. No table text, header or footer is inside them.",Same as v1.13.
LOGIQ_S8,sec_0099,659,5.5-image_section_mapping,PASS,,img_0917 and img_0918 are on p659 and mapped to sec_0099. No sibling shares the page.,Same as v1.13.
LOGIQ_S8,sec_0100,665,5.4-hierarchy_level,PASS,,"On p665 the footer reads 'Section 8-32' (folio 8 - 289). The title is a Section under Chapter 8. sec_0100 has hierarchy_level 2 and parent sec_0068 (Chapter 8, level 1). This matches.",
LOGIQ_S8,sec_0100,665,5.4-parent_child,PASS,,"sec_0100 has parent_section_id sec_0068 (Chapter 8) and is listed in its child_sections. It has no children. The PDF has no deeper bookmarks, so sub-headings like 8-32-3 Removal Procedure stay inside the section.",
LOGIQ_S8,sec_0100,665,5.4-page_start_end,PASS,,"The section is declared p664-p666. It starts on p664 with #/texts/8184 and the section title, and the last node is on p666. The sampled p665 shows the continued step table (steps 4 to 7), table #/tables/271. All of it belongs to sec_0100. No node of a neighbour is on the page.",Same as v1.13.
LOGIQ_S8,sec_0100,665,5.4-hierarchy_path,PASS,,hierarchy_path is '/Chapter 8/Section 8-32 Replacement of the 22” Monitor Arm'. The p665 footer names Section 8-32 and the manual is Chapter 8. The order Chapter then Section is correct.,
LOGIQ_S8,sec_0100,665,5.4-gaps_duplicates,PASS,,The previous section sec_0099 ends on p663 and sec_0100 starts on p664. sec_0100 ends on p666 and the next section starts on p667. No page gap and no repeated node.,Same as v1.13.
LOGIQ_S8,sec_0100,665,5.4-flagged_for_review,PASS,,"flagged_for_review is false and verification_score is 97.9. The title is on p664, the declared start page. The sampled p665 shows the continued step table (steps 4 to 7), table #/tables/271, so the section looks right and no flag is needed.",
LOGIQ_S8,sec_0100,665,5.4-structural_source,PASS,,"structural_source is 'toc'. The title 'Section 8-32' is a bookmark and is printed on p664, the declared start. The TOC source is supported.",
LOGIQ_S8,sec_0100,665,5.6-numbering_scheme,PASS,,"The folio on p665 reads '8 - 289' (chapter-page style, Arabic digits). numbering_scheme is 'arabic'. This matches.",
LOGIQ_S8,sec_0100,665,5.6-offset_applied,PASS,,"offset_applied is 0. The bookmark page and the physical page are the same (664). The folio 8 - 289 on physical p665 is only a chapter-page print number, not a shift. This is consistent with neighbours.",
LOGIQ_S8,sec_0100,665,5.6-table_content,PASS,,"On p665 table #/tables/271 has steps 4 to 7 in order. The step text matches the render (""Loosen 2 screws, then remove the 2nd arm cover."" to ""Loosen 1 screw and remove cable guide bracket.""). The graphic cells are empty because the pictures are images.","Same as v1.13. The printed header has only Step and Illustration, and the table has the same two header words."
LOGIQ_S8,sec_0100,665,5.5-filters_discarding,PASS,,"p665 has 8 photos. They are kept as img_0932 to img_0935 (some are joined crops). The red circles of step 4, the yellow circles of steps 5 and 7 are inside the images. The step 6 photos have no marks in the PDF.",Same as v1.13.
LOGIQ_S8,sec_0100,665,5.5-filters_passing_noise,PASS,,"img_0932-img_0935 are plain photos or screenshots. No table text, header or footer is inside them.",Same as v1.13.
LOGIQ_S8,sec_0100,665,5.5-image_section_mapping,PASS,,img_0932-img_0935 are on p665 and mapped to sec_0100. No sibling shares the page.,Same as v1.13.
LOGIQ_S8,sec_0102,672,5.4-hierarchy_level,PASS,,"On p672 the footer reads 'Section 8-34' (folio 8 - 296). The title is a Section under Chapter 8. sec_0102 has hierarchy_level 2 and parent sec_0068 (Chapter 8, level 1). This matches.",
LOGIQ_S8,sec_0102,672,5.4-parent_child,PASS,,"sec_0102 has parent_section_id sec_0068 (Chapter 8) and is listed in its child_sections. It has no children. The PDF has no deeper bookmarks, so sub-headings like 8-34-3 Removal Procedure stay inside the section.",
LOGIQ_S8,sec_0102,672,5.4-page_start_end,PASS,,"The section is declared p671-p672. It starts on p671 with #/texts/8234 and the section title, and the last node is on p672. The sampled p672 shows only headings 8-34-4 (#/texts/8248) and 8-34-5 (#/texts/8250) with one short line each. All of it belongs to sec_0102. No node of a neighbour is on the page.",Same as v1.13.
LOGIQ_S8,sec_0102,672,5.4-hierarchy_path,PASS,,hierarchy_path is '/Chapter 8/Section 8-34 Replacement of SW DVD/USB flash drive set'. The p672 footer names Section 8-34 and the manual is Chapter 8. The order Chapter then Section is correct.,
LOGIQ_S8,sec_0102,672,5.4-gaps_duplicates,PASS,,The previous section sec_0101 ends on p670 and sec_0102 starts on p671. sec_0102 ends on p672 and the next section starts on p673. No page gap and no repeated node.,Same as v1.13.
LOGIQ_S8,sec_0102,672,5.4-flagged_for_review,PASS,,"flagged_for_review is false and verification_score is 100. The title is on p671, the declared start page. The sampled p672 shows only headings 8-34-4 (#/texts/8248) and 8-34-5 (#/texts/8250) with one short line each, so the section looks right and no flag is needed.",
LOGIQ_S8,sec_0102,672,5.4-structural_source,PASS,,"structural_source is 'toc'. The title 'Section 8-34' is a bookmark and is printed on p671, the declared start. The TOC source is supported.",
LOGIQ_S8,sec_0102,672,5.6-numbering_scheme,PASS,,"The folio on p672 reads '8 - 296' (chapter-page style, Arabic digits). numbering_scheme is 'arabic'. This matches.",
LOGIQ_S8,sec_0102,672,5.6-offset_applied,PASS,,"offset_applied is 0. The bookmark page and the physical page are the same (671). The folio 8 - 296 on physical p672 is only a chapter-page print number, not a shift. This is consistent with neighbours.",
LOGIQ_S8,sec_0102,672,5.5-filters_discarding,PASS,,No picture is drawn on p672. It has only two headings and two short lines. Nothing was dropped. On p671 the two pocket photos are kept as img_0944 and img_0945.,Same as v1.13.
LOGIQ_S8,sec_0102,672,5.5-filters_passing_noise,PASS,,"No image is mapped to p672, so no icon, rule or text crop was kept as an image on this page.",Same as v1.13.
LOGIQ_S8,sec_0102,672,5.5-image_section_mapping,PASS,,"No image is mapped to p672 and none is expected. On p671, img_0944 and img_0945 are mapped to sec_0102, the only section on that page.",Same as v1.13.
LOGIQ_S8,sec_0103,679,5.4-hierarchy_level,PASS,,"On p679 the footer reads 'Section 8-35' (folio 8 - 303). The title is a Section under Chapter 8. sec_0103 has hierarchy_level 2 and parent sec_0068 (Chapter 8, level 1). This matches.",
LOGIQ_S8,sec_0103,679,5.4-parent_child,PASS,,"sec_0103 has parent_section_id sec_0068 (Chapter 8) and is listed in its child_sections. It has no children. The PDF has no deeper bookmarks, so sub-headings like 8-35-3 For R1 - R3 System stay inside the section.",
LOGIQ_S8,sec_0103,679,5.4-page_start_end,PASS,,"The section is declared p673-p684. It starts on p673 with #/texts/8255 and the section title, and the last node is on p684. The sampled p679 shows heading 8-35-5-2 Static IP Setting (#/texts/8317), a note and Table 8-66 (#/tables/277). All of it belongs to sec_0103. No node of a neighbour is on the page.",Same as v1.13.
LOGIQ_S8,sec_0103,679,5.4-hierarchy_path,PASS,,hierarchy_path is '/Chapter 8/Section 8-35 Replacement of Wireless LAN Option'. The p679 footer names Section 8-35 and the manual is Chapter 8. The order Chapter then Section is correct.,
LOGIQ_S8,sec_0103,679,5.4-gaps_duplicates,PASS,,The previous section sec_0102 ends on p672 and sec_0103 starts on p673. sec_0103 ends on p684 and the next section starts on p685. No page gap and no repeated node.,Same as v1.13.
LOGIQ_S8,sec_0103,679,5.4-flagged_for_review,PASS,,"flagged_for_review is false and verification_score is 100. The title is on p673, the declared start page. The sampled p679 shows heading 8-35-5-2 Static IP Setting (#/texts/8317), a note and Table 8-66 (#/tables/277), so the section looks right and no flag is needed.",
LOGIQ_S8,sec_0103,679,5.4-structural_source,PASS,,"structural_source is 'toc'. The title 'Section 8-35' is a bookmark and is printed on p673, the declared start. The TOC source is supported.",
LOGIQ_S8,sec_0103,679,5.6-numbering_scheme,PASS,,"The folio on p679 reads '8 - 303' (chapter-page style, Arabic digits). numbering_scheme is 'arabic'. This matches.",
LOGIQ_S8,sec_0103,679,5.6-offset_applied,PASS,,"offset_applied is 0. The bookmark page and the physical page are the same (673). The folio 8 - 303 on physical p679 is only a chapter-page print number, not a shift. This is consistent with neighbours.",
LOGIQ_S8,sec_0103,679,5.6-table_content,PASS,,"On p679 table #/tables/277 (Table 8-66) has steps 1 to 7 in order. Step text, bold words and step numbers match the render. The graphic cells are empty because the screenshots are images.",Same as v1.13.
LOGIQ_S8,sec_0103,679,5.5-filters_discarding,FAIL,Low,"p679 has 4 screenshots (steps 2 to 5), kept as img_0960 to img_0963. In the render, the step 5 TCP/IP window has a red box around ""Enable DHCP"". The red box is not in img_0963.","Same as v1.13 (annotation mark missing, screenshot kept, rule P2). The step 5 text says ""UNCHECK Enable DHCP"", so Low. Probably the box is a drawn path that is not merged into the screenshot (BUG-010). verify_claims says Critical, but all four screenshots are kept. Only the red box is missing."
LOGIQ_S8,sec_0103,679,5.5-filters_passing_noise,PASS,,"img_0960-img_0963 are plain photos or screenshots. No table text, header or footer is inside them.",Same as v1.13.
LOGIQ_S8,sec_0103,679,5.5-image_section_mapping,PASS,,img_0960-img_0963 are on p679 and mapped to sec_0103. No sibling shares the page.,Same as v1.13.
LOGIQ_S8,sec_0104,686,5.4-hierarchy_level,PASS,,"The bookmark 'Section 8-36 Replacement of V-Nav Controller' is a section under Chapter 8 and hierarchy_level is 2. On p686 the running footer and heading style match the other Section 8-xx entries (the page holds heading 8-36-4 (#/texts/8411) and table #/tables/279 (steps 1 to 6), which belong here.).",Same as v1.13.
LOGIQ_S8,sec_0104,686,5.4-parent_child,PASS,,"sec_0104 has parent_section_id sec_0068 (Chapter 8) and no children. The 8-36-1 to 8-36-9-4 items are headings inside the section, not bookmarks. This matches the document.",Same as v1.13.
LOGIQ_S8,sec_0104,686,5.4-page_start_end,PASS,,"Section starts on p685 with the 8-36 heading (#/texts/8395) and ends on p693 with 8-36-9-4 Matrix table and #/tables/284 on p693. sec_0103 ends on p684 and sec_0105 starts on p694. On p686, the page holds heading 8-36-4 (#/texts/8411) and table #/tables/279 (steps 1 to 6), which belong here.",Same as v1.13. page_start 685 and page_end 693 are correct. Same as v1.12.
LOGIQ_S8,sec_0104,686,5.4-hierarchy_path,PASS,,"hierarchy_path is '/Chapter 8/Section 8-36 Replacement of V-Nav Controller'. The order is Chapter 8, then the section. This is correct.",Same as v1.13.
LOGIQ_S8,sec_0104,686,5.4-gaps_duplicates,PASS,,"Headings 8-36-1 to 8-36-9-4 are each present once, in order, from p685 to p693. No missing or repeated block is seen on p686.",Same as v1.13.
LOGIQ_S8,sec_0104,686,5.4-flagged_for_review,PASS,,"flagged_for_review is false and verification_score is 100.0. The title on p685 matches the bookmark, so the flag state is right.",Same as v1.13.
LOGIQ_S8,sec_0104,686,5.4-structural_source,PASS,,structural_source is 'toc'. The bookmark title and page 685 agree with the rendered heading on that page.,Same as v1.13.
LOGIQ_S8,sec_0104,686,5.6-numbering_scheme,PASS,,"numbering_scheme is 'arabic'. The printed folio on this section (8 - 310) uses the chapter-page form '8 - nnn', which is a chapter-prefixed arabic number. The scheme is acceptable.",Same as v1.13.
LOGIQ_S8,sec_0104,686,5.6-offset_applied,PASS,,"offset_applied is 0. The heading on physical p685 matches page_start 685, so no offset is needed. The chapter-based folio does not change the mapping.",Same as v1.13.
LOGIQ_S8,sec_0104,686,5.6-table_content,FAIL,Low,"p686 table #/tables/279 matches the render: steps 1 to 6 are in the right columns. The problem is on the next pages of this section: table #/tables/280 on p687 and #/tables/282 on p689 have step 1 text with its number in the same cell, and the header is shifted one column right. All step words are present.","Same as v1.13, still present: the step-1 cell merge in #/tables/280 and #/tables/282 is the same as in v1.12. The p686 table itself is fine. Probably BUG-008. Step 1 text is intact and under the Steps label, so Low."
LOGIQ_S8,sec_0104,686,5.5-filters_discarding,FAIL,Low,"p686 has four step photos, kept as img_0974 to img_0977. The photos for steps 2 and 4 keep their yellow circles. In img_0976 (step 5) the two yellow circles around the cable plugs are missing.","Same as v1.13, still present: same as v1.12 (then img_0967). Rule P2: annotation marks missing, photo kept. The step 5 text says what to do, so Low. Probably BUG-010. verify_claims may suggest Critical; all four photos are kept."
LOGIQ_S8,sec_0104,686,5.5-filters_passing_noise,PASS,,Only the four step photos are kept on p686 (img_0974 to img_0977). img_0975 is a short strip (408x106) but it is the step 4 photo pair. No decorative image is kept.,"Same as v1.13. No new noise image in this section: the wide, short images of v1.13 are real screenshots."
LOGIQ_S8,sec_0104,686,5.5-image_section_mapping,PASS,,img_0974 to img_0977 are on p686 and mapped to sec_0104. This is the only section on p686.,Same as v1.13.
LOGIQ_S8,sec_0107,699,5.4-hierarchy_level,PASS,,"The bookmark 'Section 8-39 Extended Battery replacement procedure' is a section under Chapter 8 and hierarchy_level is 2. On p699 the running footer and heading style match the other Section 8-xx entries (the page holds the steps 4 to 7 table of 8-39-3 (#/texts/8540-8545), which belongs to this section.).",Same as v1.13.
LOGIQ_S8,sec_0107,699,5.4-parent_child,PASS,,"sec_0107 has parent_section_id sec_0068 (Chapter 8) and no children. The 8-39-1 to 8-39-6 items are headings inside the section, not bookmarks. This matches the document.",Same as v1.13.
LOGIQ_S8,sec_0107,699,5.4-page_start_end,PASS,,"Section starts on p697 with the 8-39 heading (the Section 8-39 heading on p697) and ends on p705 with 8-39-6 Functional Check (#/texts/8583-8588) on p705. sec_0106 ends on p696 and sec_0108 starts on p706. On p699, the page holds the steps 4 to 7 table of 8-39-3 (#/texts/8540-8545), which belongs to this section.",Same as v1.13. page_start 697 and page_end 705 are correct. Same as v1.12.
LOGIQ_S8,sec_0107,699,5.4-hierarchy_path,PASS,,"hierarchy_path is '/Chapter 8/Section 8-39 Extended Battery replacement procedure'. The order is Chapter 8, then the section. This is correct.",Same as v1.13.
LOGIQ_S8,sec_0107,699,5.4-gaps_duplicates,PASS,,"Headings 8-39-1 to 8-39-6 are each present once, in order, from p697 to p705. No missing or repeated block is seen on p699.",Same as v1.13.
LOGIQ_S8,sec_0107,699,5.4-flagged_for_review,PASS,,"flagged_for_review is false and verification_score is 100.0. The title on p697 matches the bookmark, so the flag state is right.",Same as v1.13.
LOGIQ_S8,sec_0107,699,5.4-structural_source,PASS,,structural_source is 'toc'. The bookmark title and page 697 agree with the rendered heading on that page.,Same as v1.13.
LOGIQ_S8,sec_0107,699,5.6-numbering_scheme,PASS,,"numbering_scheme is 'arabic'. The printed folio on this section (8 - 323) uses the chapter-page form '8 - nnn', which is a chapter-prefixed arabic number. The scheme is acceptable.",Same as v1.13.
LOGIQ_S8,sec_0107,699,5.6-offset_applied,PASS,,"offset_applied is 0. The heading on physical p697 matches page_start 697, so no offset is needed. The chapter-based folio does not change the mapping.",Same as v1.13.
LOGIQ_S8,sec_0107,699,5.6-table_content,FAIL,Low,"On p699 the Steps/Corresponding Graphic table (steps 4 to 7) is not a table node. The cells are loose nodes: 'Steps' (#/texts/8540), four step texts (#/texts/8541-8544) and 'Corresponding Graphic' (#/texts/8545) last. The step numbers 4 to 7 are missing.","Same as v1.13, still present: the table is still flattened and the header comes after the rows, as in v1.12. Probably BUG-008. All step text is in order, so Low. Also: Line-break hyphen kept in a table cell: 'tie- wrap' in #/tables/290 on p704. Exact search for the whole word fails. Low by the reviewer rule of 2026-10-08 (line-break hyphens in cells). Fix planned in Phase 4 (text normalization)."
LOGIQ_S8,sec_0107,699,5.5-filters_discarding,PASS,,"p699 has 3 photo groups: step 4 (two photos), step 5 and step 6. images.json lists img_1000, img_1001 and img_1002 for p699. All are present and the red circles of step 5 are inside img_1001.",Same as v1.13. Unchanged from v1.12.
LOGIQ_S8,sec_0107,699,5.5-filters_passing_noise,PASS,,Only the step photos are kept on p699. No decorative image is kept.,"Same as v1.13. No new noise image in this section: the wide, short images of v1.13 are real screenshots."
LOGIQ_S8,sec_0107,699,5.5-image_section_mapping,PASS,,"img_1000, img_1001 and img_1002 are on p699 and mapped to sec_0107. This is the only section on p699.",Same as v1.13.
LOGIQ_S8,sec_0108,706,5.4-hierarchy_level,PASS,,"The bookmark 'Section 8-40 Replacement of FibroScan module' is a section under Chapter 8 and hierarchy_level is 2. On p706 the running footer and heading style match the other Section 8-xx entries (the page holds the Section 8-40 heading (#/texts/8592), 8-40-1 Man power and 8-40-2 Tools Required, and then it is empty.).",Same as v1.13.
LOGIQ_S8,sec_0108,706,5.4-parent_child,PASS,,"sec_0108 has parent_section_id sec_0068 (Chapter 8) and no children. The 8-40-1 to 8-40-4 items are headings inside the section, not bookmarks. This matches the document.",Same as v1.13.
LOGIQ_S8,sec_0108,706,5.4-page_start_end,PASS,,"Section starts on p706 with the 8-40 heading (#/texts/8592) and ends on p710 with the 8-40 steps and tables #/tables/293-294 on p708-p709. sec_0107 ends on p705 and sec_0109 starts on p711. On p706, the page holds the Section 8-40 heading (#/texts/8592), 8-40-1 Man power and 8-40-2 Tools Required, and then it is empty.",Same as v1.13. page_start 706 and page_end 710 are correct. Same as v1.12.
LOGIQ_S8,sec_0108,706,5.4-hierarchy_path,PASS,,"hierarchy_path is '/Chapter 8/Section 8-40 Replacement of FibroScan module'. The order is Chapter 8, then the section. This is correct.",Same as v1.13.
LOGIQ_S8,sec_0108,706,5.4-gaps_duplicates,PASS,,"Headings 8-40-1 to 8-40-4 are each present once, in order, from p706 to p710. No missing or repeated block is seen on p706.",Same as v1.13.
LOGIQ_S8,sec_0108,706,5.4-flagged_for_review,PASS,,"flagged_for_review is false and verification_score is 100.0. The title on p706 matches the bookmark, so the flag state is right.",Same as v1.13.
LOGIQ_S8,sec_0108,706,5.4-structural_source,PASS,,structural_source is 'toc'. The bookmark title and page 706 agree with the rendered heading on that page.,Same as v1.13.
LOGIQ_S8,sec_0108,706,5.6-numbering_scheme,PASS,,"numbering_scheme is 'arabic'. The printed folio on this section (8 - 330 and 8 - 331) uses the chapter-page form '8 - nnn', which is a chapter-prefixed arabic number. The scheme is acceptable.",Same as v1.13.
LOGIQ_S8,sec_0108,706,5.6-offset_applied,PASS,,"offset_applied is 0. The heading on physical p706 matches page_start 706, so no offset is needed. The chapter-based folio does not change the mapping.",Same as v1.13.
LOGIQ_S8,sec_0108,706,5.6-table_content,PASS,,"There is no table on p706 (only headings and one line of text). The first table of the section, #/tables/291, is on p707.",Same as v1.13. Nothing to compare on this page.
LOGIQ_S8,sec_0108,706,5.5-filters_discarding,PASS,,"p706 has no figure or photo, and images.json has none for p706. This agrees with the render.",Same as v1.13. Unchanged from v1.12.
LOGIQ_S8,sec_0108,706,5.5-filters_passing_noise,PASS,,No image is kept for p706. This is correct.,Same as v1.13.
LOGIQ_S8,sec_0108,706,5.5-image_section_mapping,PASS,,"No image on p706, which is correct. The section images start on p707 (img_1016, img_1017) and are mapped to sec_0108.",Same as v1.13.
LOGIQ_S8,sec_0109,712,5.4-hierarchy_level,PASS,,"The bookmark 'Section 8-41 Replacement of R4 system Elevation Arm' is a section under Chapter 8 and hierarchy_level is 2. On p712 the running footer and heading style match the other Section 8-xx entries (the page holds steps 2 to 4 of 8-41-4 Removal Procedure - 22"" OLED Monitor, which continue from p711 in this section.).",Same as v1.13.
LOGIQ_S8,sec_0109,712,5.4-parent_child,PASS,,"sec_0109 has parent_section_id sec_0068 (Chapter 8) and no children. The 8-41-1 to 8-41-17 items are headings inside the section, not bookmarks. This matches the document.",Same as v1.13.
LOGIQ_S8,sec_0109,712,5.4-page_start_end,PASS,,"Section starts on p711 with the 8-41 heading (#/texts/8627) and ends on p725 with 8-41-17 Functional Check and #/tables/307 on p725. sec_0108 ends on p710 and sec_0110 starts on p726. On p712, the page holds steps 2 to 4 of 8-41-4 Removal Procedure - 22"" OLED Monitor, which continue from p711 in this section.",Same as v1.13. page_start 711 and page_end 725 are correct. Same as v1.12.
LOGIQ_S8,sec_0109,712,5.4-hierarchy_path,PASS,,"hierarchy_path is '/Chapter 8/Section 8-41 Replacement of R4 system Elevation Arm'. The order is Chapter 8, then the section. This is correct.",Same as v1.13.
LOGIQ_S8,sec_0109,712,5.4-gaps_duplicates,PASS,,"Headings 8-41-1 to 8-41-17 are each present once, in order, from p711 to p725. No missing or repeated block is seen on p712.",Same as v1.13.
LOGIQ_S8,sec_0109,712,5.4-flagged_for_review,PASS,,"flagged_for_review is false and verification_score is 100.0. The title on p711 matches the bookmark, so the flag state is right.",Same as v1.13.
LOGIQ_S8,sec_0109,712,5.4-structural_source,PASS,,structural_source is 'toc'. The bookmark title and page 711 agree with the rendered heading on that page.,Same as v1.13.
LOGIQ_S8,sec_0109,712,5.6-numbering_scheme,PASS,,"numbering_scheme is 'arabic'. The printed folio on this section (8 - 336, 8 - 345 and 8 - 348) uses the chapter-page form '8 - nnn', which is a chapter-prefixed arabic number. The scheme is acceptable.",Same as v1.13.
LOGIQ_S8,sec_0109,712,5.6-offset_applied,PASS,,"offset_applied is 0. The heading on physical p711 matches page_start 711, so no offset is needed. The chapter-based folio does not change the mapping.",Same as v1.13.
LOGIQ_S8,sec_0109,712,5.6-table_content,FAIL,Low,"On p712 a Step/Illustration table (steps 2 to 4) is visible, but there is no table node. The cells are loose nodes: 'Step' (#/texts/8651), step 2 text, number '3.' (#/texts/8653), step 3 and 4 text, then 'Illustration' last. The numbers 2 and 4 are missing.","Same as v1.13, still present: the table is still flattened and the header comes after the rows, as in v1.12. Probably BUG-008. All step text is in order, so Low."
LOGIQ_S8,sec_0109,712,5.5-filters_discarding,PASS,,"p712 has 3 photo groups (steps 2, 3 and 4). images.json lists img_1027 (472x361), img_1028 (394x349) and img_1029 (338x241) for p712. All are present with their yellow circles and arrows.",Same as v1.13. Unchanged from v1.12 (ids moved by 9).
LOGIQ_S8,sec_0109,712,5.5-filters_passing_noise,PASS,,Only the three step photos are kept on p712. No decorative image is kept.,"Same as v1.13. No new noise image in this section: the wide, short images of v1.13 are real screenshots."
LOGIQ_S8,sec_0109,712,5.5-image_section_mapping,PASS,,"img_1027, img_1028 and img_1029 are on p712 and mapped to sec_0109. This is the only section on p712.",Same as v1.13.
LOGIQ_S8,sec_0110,726,5.4-hierarchy_level,PASS,,"The bookmark 'Section 8-42 Replacement of R1-R3 system Elevation Arm' is a section under Chapter 8 and hierarchy_level is 2. On p726 the running footer and heading style match the other Section 8-xx entries (the page holds the Section 8-42 heading (#/texts/8739), 8-42-1 to 8-42-3-2 and two step tables, all belonging here; sec_0109 ended on p725.).",Same as v1.13.
LOGIQ_S8,sec_0110,726,5.4-parent_child,PASS,,"sec_0110 has parent_section_id sec_0068 (Chapter 8) and no children. The 8-42-1 to 8-42-11 items are headings inside the section, not bookmarks. This matches the document.",Same as v1.13.
LOGIQ_S8,sec_0110,726,5.4-page_start_end,PASS,,"Section starts on p726 with the 8-42 heading (#/texts/8739) and ends on p747 with 8-42-11 Functional Check and #/tables/317 on p747. sec_0109 ends on p725 and sec_0111 starts on p748. On p726, the page holds the Section 8-42 heading (#/texts/8739), 8-42-1 to 8-42-3-2 and two step tables, all belonging here; sec_0109 ended on p725.",Same as v1.13. page_start 726 and page_end 747 are correct. Same as v1.12.
LOGIQ_S8,sec_0110,726,5.4-hierarchy_path,PASS,,"hierarchy_path is '/Chapter 8/Section 8-42 Replacement of R1-R3 system Elevation Arm'. The order is Chapter 8, then the section. This is correct.",Same as v1.13.
LOGIQ_S8,sec_0110,726,5.4-gaps_duplicates,PASS,,"Headings 8-42-1 to 8-42-11 are each present once, in order, from p726 to p747. No missing or repeated block is seen on p726.",Same as v1.13.
LOGIQ_S8,sec_0110,726,5.4-flagged_for_review,PASS,,"flagged_for_review is false and verification_score is 100.0. The title on p726 matches the bookmark, so the flag state is right.",Same as v1.13.
LOGIQ_S8,sec_0110,726,5.4-structural_source,PASS,,structural_source is 'toc'. The bookmark title and page 726 agree with the rendered heading on that page.,Same as v1.13.
LOGIQ_S8,sec_0110,726,5.6-numbering_scheme,PASS,,"numbering_scheme is 'arabic'. The printed folio on this section (8 - 350, 8 - 359 and 8 - 371) uses the chapter-page form '8 - nnn', which is a chapter-prefixed arabic number. The scheme is acceptable.",Same as v1.13.
LOGIQ_S8,sec_0110,726,5.6-offset_applied,PASS,,"offset_applied is 0. The heading on physical p726 matches page_start 726, so no offset is needed. The chapter-based folio does not change the mapping.",Same as v1.13.
LOGIQ_S8,sec_0110,726,5.6-table_content,FAIL,Low,"On p726 two Step/Illustration tables (8-42-3-1 and 8-42-3-2) are visible but no table node exists. Cells are loose paragraphs: 'Step', 'Illustration', 'Lock the Monitor Arm to prevent hazard.', 'Locked' and 'Loosen 2 screws, then remove the Monitor rear panel.' (#/texts/8746-8753). Both step numbers '1.' are missing.","Same as v1.13, still present: the p726 tables are still flattened, as in v1.12. Probably BUG-008. Step text is in order, so Low."
LOGIQ_S8,sec_0110,726,5.5-filters_discarding,FAIL,Low,"p726 has the arm photo (Locked) with a yellow circle, a white arrow and the label 'Locked'. img_1065 has the arm photo without the circle, the arrow and the label. The word 'Locked' is text node #/texts/8749. The rear panel photo is kept inside img_1066.","Same as v1.13, still present: same as v1.12 (then img_1056). Rule P2: marks missing, photo kept. 'Locked' is in a text node, so Low. Probably BUG-010. verify_claims says Critical because a 416x313 raster on p726 is not in images_v1.json; I checked that this is the rear panel photo, which is inside the vector crop img_1066. Both photos are kept, only the marks are missing (rule P2). verify_claims says Critical (416x313 raster not in images): I checked img_1065 (571x458) and it is that photo, so no photo is lost; only the yellow circle, arrow and 'Locked' mark are missing and the word is in #/texts/8749. Low kept."
LOGIQ_S8,sec_0110,726,5.5-filters_passing_noise,FAIL,Low,"img_1066 (p726, vector, 1095x446) is the rear panel photo, but the crop also holds the heading '8-42-3-2 Remove Procedure' and the Step/Illustration header and step text.","Same as v1.13, still present: same as v1.12 (then img_1057). Rule P4: extra page text inside a crop. Probably BUG-010 (vector crop of the whole table region is too wide). The photo is intact, so Low."
LOGIQ_S8,sec_0110,726,5.5-image_section_mapping,PASS,,"img_1065 and img_1066 are on p726 and mapped to sec_0110. This is the only section on p726, and sec_0109 ends on p725.",Same as v1.13.
LOGIQ_S8,sec_0111,753,5.4-hierarchy_level,PASS,,"Section 8-43 New Frame replacement (R4 only) is shown as a 'Section' heading at the same level as its siblings, under Chapter 8 (sec_0068). hierarchy_level 2 is right.",Same as v1.13.
LOGIQ_S8,sec_0111,753,5.4-parent_child,PASS,,sec_0111 has parent Chapter 8 (sec_0068). The section title is printed in the footer of p753 (8 - 377). It has no child nodes and the PDF shows no sub-bookmark below it.,Same as v1.13.
LOGIQ_S8,sec_0111,753,5.4-page_start_end,PASS,,"Section runs p748 to p766. On p753 the nodes belong to sec_0111 and the footer says the same section. It starts at the 'Section 8-43' heading on p748 and ends at p766, which is blank except header and footer. No content from neighbours is absorbed.",Same as v1.13. Section tree is identical to v1.12 (approved); no old FAIL here.
LOGIQ_S8,sec_0111,753,5.4-hierarchy_path,PASS,,"The path is /Chapter 8/Section 8-43 New Frame replacement (R4 only), which matches the printed section heading and its chapter.",Same as v1.13.
LOGIQ_S8,sec_0111,753,5.4-gaps_duplicates,PASS,,"No missing or repeated content on p753. Header, title lines and footer appear once, and content ends where the next section starts starts.",Same as v1.13.
LOGIQ_S8,sec_0111,753,5.4-flagged_for_review,PASS,,"sec_0111 has flagged_for_review false, verification_score 100. The section starts and ends where the PDF shows, so no flag is needed.",Same as v1.13.
LOGIQ_S8,sec_0111,753,5.4-structural_source,PASS,,"structural_source is 'toc'. The PDF bookmark gives 'Section 8-43 New Frame replacement (R4 only)', and the heading is printed on p748.",Same as v1.13.
LOGIQ_S8,sec_0111,753,5.6-numbering_scheme,PASS,,Printed folio on p753 is '8 - 377' (chapter-page style). The scheme 'arabic' is right.,Same as v1.13.
LOGIQ_S8,sec_0111,753,5.6-offset_applied,PASS,,"offset_applied is 0. The bookmark page matches the physical page of the heading (748), so no offset is needed.",Same as v1.13.
LOGIQ_S8,sec_0111,753,5.6-table_content,FAIL,Low,"On p753 the Step/Illustration table (steps 4-7) is not a table node. The nodes are heading 'Step' (#/texts/9005), four step texts (#/texts/9006-9009) and heading 'Illustration' last (#/texts/9010). The step numbers 4 to 7 are missing.","Same as v1.13, still present (BUG-008, probably). The table is still flattened and the step numbers are lost. All step text is complete and in order, so Low. verify_claims may suggest Medium; I keep Low because the order of the step texts is kept, as in v1.12. verify_claims suggests Medium: I keep Low because all step text is complete and in order; only the step numbers 4 to 7 are missing."
LOGIQ_S8,sec_0111,753,5.5-filters_discarding,PASS,,"p753 has 4 images, img_1138 to img_1141, for steps 4 to 7. img_1141 (351x77) is a wide, short picture of two photos for step 7. It is new in v1.13 (the new filter keeps it). All photos visible on the rendered page are extracted.","Same as v1.13. Step 7 photo (img_1141) is a new image from the wide-and-short rule. It is a real photo, not noise."
LOGIQ_S8,sec_0111,753,5.5-filters_passing_noise,PASS,,"Every image on this page is a real part photo or figure, with no icon, logo, divider or empty crop. The new wide image img_1141 is a real step 7 photo.",Same as v1.13.
LOGIQ_S8,sec_0111,753,5.5-image_section_mapping,PASS,,"p753 has 4 images, img_1138 to img_1141, for steps 4 to 7. img_1141 (351x77) is a wide, short picture of two photos for step 7. It is new in v1.13 (the new filter keeps it). All are mapped to sec_0111, which owns these pages.",Same as v1.13.
LOGIQ_S8,sec_0113,767,5.4-hierarchy_level,PASS,,"Section 9-1 Overview is shown as a 'Section' heading at the same level as its siblings, under Chapter 9 (sec_0112). hierarchy_level 2 is right.",Same as v1.13.
LOGIQ_S8,sec_0113,767,5.4-parent_child,PASS,,sec_0113 has parent Chapter 9 (sec_0112). The section title is printed in the footer of p767 (9 - 1). It has no child nodes and the PDF shows no sub-bookmark below it.,Same as v1.13.
LOGIQ_S8,sec_0113,767,5.4-page_start_end,PASS,,"Section runs p767 to p767. On p767 the nodes belong to sec_0113 and the footer says the same section. The Contents box 9-1-2 is stored once here (decision 6g), and the next section starts at p768.",Same as v1.13. Section tree is identical to v1.12 (approved); no old FAIL here.
LOGIQ_S8,sec_0113,767,5.4-hierarchy_path,PASS,,"The path is /Chapter 9/Section 9-1 Overview, which matches the printed section heading and its chapter.",Same as v1.13.
LOGIQ_S8,sec_0113,767,5.4-gaps_duplicates,PASS,,"No missing or repeated content on p767. Header, title lines and footer appear once, and content ends where the next section starts starts.",Same as v1.13.
LOGIQ_S8,sec_0113,767,5.4-flagged_for_review,PASS,,"sec_0113 has flagged_for_review false, verification_score 100. The section starts and ends where the PDF shows, so no flag is needed.",Same as v1.13.
LOGIQ_S8,sec_0113,767,5.4-structural_source,PASS,,"structural_source is 'toc'. The PDF bookmark gives 'Section 9-1 Overview', and the heading is printed on p767.",Same as v1.13.
LOGIQ_S8,sec_0113,767,5.6-numbering_scheme,PASS,,Printed folio on p767 is '9 - 1' (chapter-page style). The scheme 'arabic' is right.,Same as v1.13.
LOGIQ_S8,sec_0113,767,5.6-offset_applied,PASS,,"offset_applied is 0. The bookmark page matches the physical page of the heading (767), so no offset is needed.",Same as v1.13.
LOGIQ_S8,sec_0113,767,5.6-table_content,FAIL,Low,"On p767 the Contents table #/tables/326 has all rows 9-1 to 9-16 (9-5 is not printed either) with the right titles and pages. Each title cell ends with long runs of dots, for example 'Overview. . . . .', and the page cell starts with '. '.","Same as v1.13, still present. Leader-dot noise in a Contents table (Low by the agreed rule). Values and order are right. BUG-001 (table in the wrong section) is not an issue here: per decision 6g this box belongs to sec_0113."
LOGIQ_S8,sec_0113,767,5.5-filters_discarding,PASS,,"p767 has no photo or figure, only the Contents box, and images.json lists none for sec_0113. All photos visible on the rendered page are extracted.",Same as v1.13.
LOGIQ_S8,sec_0113,767,5.5-filters_passing_noise,PASS,,"Every image on this page is a real part photo or figure, with no icon, logo, divider or empty crop.",Same as v1.13.
LOGIQ_S8,sec_0113,767,5.5-image_section_mapping,PASS,,"p767 has no photo or figure, only the Contents box, and images.json lists none for sec_0113. Nothing needs mapping.",Same as v1.13.
LOGIQ_S8,sec_0116,774,5.4-hierarchy_level,PASS,,"Section 9-4 LOGIQ E8 Software is shown as a 'Section' heading at the same level as its siblings, under Chapter 9 (sec_0112). hierarchy_level 2 is right.",Same as v1.13.
LOGIQ_S8,sec_0116,774,5.4-parent_child,PASS,,sec_0116 has parent Chapter 9 (sec_0112). The section title is printed in the footer of p774 (9 - 8). It has no child nodes and the PDF shows no sub-bookmark below it.,Same as v1.13.
LOGIQ_S8,sec_0116,774,5.4-page_start_end,PASS,,Section runs p773 to p774. On p774 the nodes belong to sec_0116 and the footer says the same section. Heading 9-4 is on p773 and 9-4-3 is on p774; sec_0117 starts at p775.,Same as v1.13. Section tree is identical to v1.12 (approved); no old FAIL here.
LOGIQ_S8,sec_0116,774,5.4-hierarchy_path,PASS,,"The path is /Chapter 9/Section 9-4 LOGIQ E8 Software, which matches the printed section heading and its chapter.",Same as v1.13.
LOGIQ_S8,sec_0116,774,5.4-gaps_duplicates,PASS,,"No missing or repeated content on p774. Header, title lines and footer appear once, and content ends where the next section starts starts.",Same as v1.13.
LOGIQ_S8,sec_0116,774,5.4-flagged_for_review,PASS,,"sec_0116 has flagged_for_review false, verification_score 100. The section starts and ends where the PDF shows, so no flag is needed.",Same as v1.13.
LOGIQ_S8,sec_0116,774,5.4-structural_source,PASS,,"structural_source is 'toc'. The PDF bookmark gives 'Section 9-4 LOGIQ E8 Software', and the heading is printed on p773.",Same as v1.13.
LOGIQ_S8,sec_0116,774,5.6-numbering_scheme,PASS,,Printed folio on p774 is '9 - 8' (chapter-page style). The scheme 'arabic' is right.,Same as v1.13.
LOGIQ_S8,sec_0116,774,5.6-offset_applied,PASS,,"offset_applied is 0. The bookmark page matches the physical page of the heading (773), so no offset is needed.",Same as v1.13.
LOGIQ_S8,sec_0116,774,5.6-table_content,FAIL,Low,"On p773 the header of Table 9-4-1 (#/tables/334) has 'Bae Image Software DVD Part Number' in one cell. In the PDF 'Part Number' is a second header row, so one header cell is merged. All data rows R2.2.0 to R2.3.1 match the render. On p774 #/tables/336 has R4.2.51 5815517-2 and R4.2.54 5815517-4 with the right notes, including the PDF typos 'Bandle' and 'Bundle'. Its Bae Image part number cell is empty because the PDF spans one number over two columns.","Same as v1.13, still present (BUG-008, probably). Only a header cell is merged in #/tables/334. Values, order and columns of data rows are right, so Low."
LOGIQ_S8,sec_0116,774,5.5-filters_discarding,PASS,,"p773 and p774 have no photo or figure, only tables, and images.json lists none for sec_0116. All photos visible on the rendered page are extracted.",Same as v1.13.
LOGIQ_S8,sec_0116,774,5.5-filters_passing_noise,PASS,,"Every image on this page is a real part photo or figure, with no icon, logo, divider or empty crop.",Same as v1.13.
LOGIQ_S8,sec_0116,774,5.5-image_section_mapping,PASS,,"p773 and p774 have no photo or figure, only tables, and images.json lists none for sec_0116. Nothing needs mapping.",Same as v1.13.
LOGIQ_S8,sec_0119,781,5.4-hierarchy_level,PASS,,"Section 9-7 Plastics Covers (Front/Sides/Rear) is shown as a 'Section' heading at the same level as its siblings, under Chapter 9 (sec_0112). hierarchy_level 2 is right.",Same as v1.13.
LOGIQ_S8,sec_0119,781,5.4-parent_child,PASS,,sec_0119 has parent Chapter 9 (sec_0112). The section title is printed in the footer of p781 (9 - 15). It has no child nodes and the PDF shows no sub-bookmark below it.,Same as v1.13.
LOGIQ_S8,sec_0119,781,5.4-page_start_end,PASS,,Section runs p778 to p783. On p781 the nodes belong to sec_0119 and the footer says the same section. Section 9-7 starts on p778 with its heading and the Table 9-3 rows stay in this section until p783.,Same as v1.13. Section tree is identical to v1.12 (approved); no old FAIL here.
LOGIQ_S8,sec_0119,781,5.4-hierarchy_path,PASS,,"The path is /Chapter 9/Section 9-7 Plastics Covers (Front/Sides/Rear), which matches the printed section heading and its chapter.",Same as v1.13.
LOGIQ_S8,sec_0119,781,5.4-gaps_duplicates,PASS,,"No missing or repeated content on p781. Header, title lines and footer appear once, and content ends where the next section starts starts.",Same as v1.13.
LOGIQ_S8,sec_0119,781,5.4-flagged_for_review,PASS,,"sec_0119 has flagged_for_review false, verification_score 100. The section starts and ends where the PDF shows, so no flag is needed.",Same as v1.13.
LOGIQ_S8,sec_0119,781,5.4-structural_source,PASS,,"structural_source is 'toc'. The PDF bookmark gives 'Section 9-7 Plastics Covers (Front/Sides/Rear)', and the heading is printed on p778.",Same as v1.13.
LOGIQ_S8,sec_0119,781,5.6-numbering_scheme,PASS,,Printed folio on p781 is '9 - 15' (chapter-page style). The scheme 'arabic' is right.,Same as v1.13.
LOGIQ_S8,sec_0119,781,5.6-offset_applied,PASS,,"offset_applied is 0. The bookmark page matches the physical page of the heading (778), so no offset is needed.",Same as v1.13.
LOGIQ_S8,sec_0119,781,5.6-table_content,PASS,,"On p781 #/tables/342 (items 17-22) matches the render: names, part numbers and Qty 1. Description cells are empty because the PDF has only photos there. Changed table #/tables/339 on p778 was also checked: 'LOGIQ silk for LOGIQ S8' is now a new row of its own between items 3 and 4, in the Description column, and item 5 also has it.","CHANGED vs v1.13, FIXED (BUG-030) for #/tables/339: the lost line of item 4 is back once, in the right column, in a row just above item 4. Not duplicated. The p781 table itself is unchanged."
LOGIQ_S8,sec_0119,781,5.5-filters_discarding,PASS,,"p781 has 4 images, img_1195 to img_1198, for items 17, 20, 21 and 22. Items 18 and 19 have no photo in the PDF. All photos visible on the rendered page are extracted.",Same as v1.13.
LOGIQ_S8,sec_0119,781,5.5-filters_passing_noise,PASS,,"Every image on this page is a real part photo or figure, with no icon, logo, divider or empty crop.",Same as v1.13.
LOGIQ_S8,sec_0119,781,5.5-image_section_mapping,PASS,,"p781 has 4 images, img_1195 to img_1198, for items 17, 20, 21 and 22. Items 18 and 19 have no photo in the PDF. All are mapped to sec_0119, which owns these pages.",Same as v1.13.
LOGIQ_S8,sec_0121,788,5.4-hierarchy_level,PASS,,"Section 9-9 Operator panel is shown as a 'Section' heading at the same level as its siblings, under Chapter 9 (sec_0112). hierarchy_level 2 is right.",Same as v1.13.
LOGIQ_S8,sec_0121,788,5.4-parent_child,PASS,,sec_0121 has parent Chapter 9 (sec_0112). The section title is printed in the footer of p788 (9 - 22). It has no child nodes and the PDF shows no sub-bookmark below it.,Same as v1.13.
LOGIQ_S8,sec_0121,788,5.4-page_start_end,PASS,,Section runs p787 to p796. On p788 the nodes belong to sec_0121 and the footer says the same section. Section 9-9 starts on p787 with its heading and ends on p796 (OPIO4 table); sec_0122 starts at p797.,Same as v1.13. Section tree is identical to v1.12 (approved); no old FAIL here.
LOGIQ_S8,sec_0121,788,5.4-hierarchy_path,PASS,,"The path is /Chapter 9/Section 9-9 Operator panel, which matches the printed section heading and its chapter.",Same as v1.13.
LOGIQ_S8,sec_0121,788,5.4-gaps_duplicates,PASS,,"No missing or repeated content on p788. Header, title lines and footer appear once, and content ends where the next section starts starts.",Same as v1.13.
LOGIQ_S8,sec_0121,788,5.4-flagged_for_review,PASS,,"sec_0121 has flagged_for_review false, verification_score 100. The section starts and ends where the PDF shows, so no flag is needed.",Same as v1.13.
LOGIQ_S8,sec_0121,788,5.4-structural_source,PASS,,"structural_source is 'toc'. The PDF bookmark gives 'Section 9-9 Operator panel', and the heading is printed on p787.",Same as v1.13.
LOGIQ_S8,sec_0121,788,5.6-numbering_scheme,PASS,,Printed folio on p788 is '9 - 22' (chapter-page style). The scheme 'arabic' is right.,Same as v1.13.
LOGIQ_S8,sec_0121,788,5.6-offset_applied,PASS,,"offset_applied is 0. The bookmark page matches the physical page of the heading (787), so no offset is needed.",Same as v1.13.
LOGIQ_S8,sec_0121,788,5.6-table_content,FAIL,Medium,"p788 has no table (two figures with callouts #/texts/9254-9262). The changed table #/tables/350 on p791 (Table 9-5) now has the header 'Part Number Description' in ONE cell, so the header reads No. | Part Name | Part Number Description | Qty. The print has Part Number and Description as two columns. Data rows 315-317 are correct: names, part numbers 5480207/5480209/5480210 and Qty 1.","CHANGED vs v1.13 (REGRESSION in the header only). The lost header word 'Description' was put into the neighbour header cell (BUG-030 fix side effect, BUG-008). Values are not wrong, but the header cell is merged. Medium by lead rule. Row graded on the section because the sampled page has no table."
LOGIQ_S8,sec_0121,788,5.5-filters_discarding,PASS,,"p788 has 2 vector figures, img_1220 and img_1221. Each shows one full operator panel with its callouts. They are clean, with no overlap. All photos visible on the rendered page are extracted.","Same as v1.13. verify_claims says a 640x480 raster on p788 is not in images. I checked: the raster photo of the panel is inside the vector crops img_1220 and img_1221, which cover both figures. Nothing is missing. verify_claims says Critical (640x480 raster not in images): I checked the render; that raster photo is inside the vector crops img_1220 and img_1221, so nothing is lost."
LOGIQ_S8,sec_0121,788,5.5-filters_passing_noise,FAIL,Low,"On p788 the crops img_1220 and img_1221 are clean. Elsewhere in sec_0121 the vector crops still overlap. On p789 img_1224 (838x350) repeats the right part of the 305/306/308 photo and has a sliver of the 303 figure with the word 'Fron' on its left edge. On p792 photo 402 is in both img_1232 and img_1233, and img_1234 has slivers of 403 and 405.","Same as v1.13, still present (probably the vector region grouping). All figure content is complete, so Low. Graded once for the section. No new noise image from the wide-and-short rule: img_1227 (118x38) on p790 is the real 'LOGIQ E8' key photo."
LOGIQ_S8,sec_0121,788,5.5-image_section_mapping,PASS,,"p788 has 2 vector figures, img_1220 and img_1221. Each shows one full operator panel with its callouts. They are clean, with no overlap. All are mapped to sec_0121, which owns these pages.",Same as v1.13.
LOGIQ_S8,sec_0122,802,5.4-hierarchy_level,PASS,,"Section 9-10 Nest Box Parts is shown as a 'Section' heading at the same level as its siblings, under Chapter 9 (sec_0112). hierarchy_level 2 is right.",Same as v1.13.
LOGIQ_S8,sec_0122,802,5.4-parent_child,PASS,,sec_0122 has parent Chapter 9 (sec_0112). The section title is printed in the footer of p802 (9 - 36). It has no child nodes and the PDF shows no sub-bookmark below it.,Same as v1.13.
LOGIQ_S8,sec_0122,802,5.4-page_start_end,PASS,,Section runs p797 to p808. On p802 the nodes belong to sec_0122 and the footer says the same section. The heading is on the first page and the last page is the end of the parts table.,Same as v1.13. Section tree is identical to v1.12 (approved); no old FAIL here.
LOGIQ_S8,sec_0122,802,5.4-hierarchy_path,PASS,,"The path is /Chapter 9/Section 9-10 Nest Box Parts, which matches the printed section heading and its chapter.",Same as v1.13.
LOGIQ_S8,sec_0122,802,5.4-gaps_duplicates,PASS,,"No missing or repeated content on p802. Header, title lines and footer appear once, and content ends where the next section starts starts.",Same as v1.13.
LOGIQ_S8,sec_0122,802,5.4-flagged_for_review,PASS,,"sec_0122 has flagged_for_review false, verification_score 100. The section starts and ends where the PDF shows, so no flag is needed.",Same as v1.13.
LOGIQ_S8,sec_0122,802,5.4-structural_source,PASS,,"structural_source is 'toc'. The PDF bookmark gives 'Section 9-10 Nest Box Parts', and the heading is printed on p797.",Same as v1.13.
LOGIQ_S8,sec_0122,802,5.6-numbering_scheme,PASS,,Printed folio on p802 is '9 - 36' (chapter-page style). The scheme 'arabic' is right.,Same as v1.13.
LOGIQ_S8,sec_0122,802,5.6-offset_applied,PASS,,"offset_applied is 0. The bookmark page matches the physical page of the heading (797), so no offset is needed.",Same as v1.13.
LOGIQ_S8,sec_0122,802,5.6-table_content,FAIL,Medium,"On p802 #/tables/358 (items 20-23) matches the render. Other pages of the section have wrong columns. p798 #/tables/354: item 5 reads 'Midprocessor without 5371196-2' under Part Number and 'SOM, without HDD 1' under Description. The print says Part Number 5371196-2 and Description 'Midprocessor without SOM, without HDD'. Items 4, 6 and 7 still have Qty '1' under Description. p805 #/tables/361: 'OLED POWER WITH SHIELD CABLE LS8' and 'OLED USB3.0 CABLE LS8' sit in the Part Number column, but the print has them in Description. p801 #/tables/357: 'Power Supply Assy without DC4D' is now a new row in Description, above item 17 (correct column). p806 #/tables/362 is unchanged: '35. Peripheral Cable Assy' is in the Part Name cell and Qty 1 is at the end of the Description text.","Same Medium as v1.13 (BUG-008). CHANGED tables: p798 #/tables/354 = WRONG COLUMN and split (the recovered words 'Midprocessor without' went into Part Number, so Part Number is now dirty; REGRESSION in that cell); p805 #/tables/361 = WRONG COLUMN (BUG-030 fix puts the line one column too far left); p801 #/tables/357 = FIXED. p798 and p806 were seen in the v1.13 grading by node text. Medium because values cannot be tied to their column."
LOGIQ_S8,sec_0122,802,5.5-filters_discarding,PASS,,"p802 has 3 images. img_1254 has both photos of item 20, img_1255 is the battery photo and img_1256 is item 23 (CBP). Items 21 and 22 show the same battery photo, and only one copy is extracted. No photo that has different content is missing.",Same as v1.13. Not a loss: items 21 and 22 use the same picture. Confidence is lower because item 22 has no own image file.
LOGIQ_S8,sec_0122,802,5.5-filters_passing_noise,PASS,,"Every image on this page is a real part photo or figure, with no icon, logo, divider or empty crop.",Same as v1.13.
LOGIQ_S8,sec_0122,802,5.5-image_section_mapping,PASS,,"p802 has 3 images. img_1254 has both photos of item 20, img_1255 is the battery photo and img_1256 is item 23 (CBP). Items 21 and 22 show the same battery photo, and only one copy is extracted. All are mapped to sec_0122, which owns these pages.",Same as v1.13.
LOGIQ_S8,sec_0123,809,5.4-hierarchy_level,PASS,,"On p809 the heading 'Section 9-11 Mechanical Parts' (#/texts/9380) is printed as a section title under the chapter title. hierarchy_level is 2 and the chapter is level 1, which fits. The sampled page is p809.",Same as v1.13.
LOGIQ_S8,sec_0123,809,5.4-parent_child,PASS,,"Parent is Chapter 9 (sec_0112). This is the chapter that holds the section in the render and in the bookmarks. The section has no child sections, and sec_0122 ends on p808. Neighbours are in the right order.",Same as v1.13.
LOGIQ_S8,sec_0123,809,5.4-page_start_end,PASS,,"The section spans p809-814. At the start, p809 shows the heading 'Section 9-11 Mechanical Parts' (#/texts/9380) and Table 9-8 (#/tables/365). At the end, p814 holds the last table (#/tables/370, item 28) and the footer #/texts/9402. On the sampled page, p809 shows the section heading and Table 9-8 items 1-4 (#/tables/365), and all nodes belong to this section. Next section: sec_0124 starts on p815.",Same as v1.13.
LOGIQ_S8,sec_0123,809,5.4-hierarchy_path,PASS,,hierarchy_path is '/Chapter 9/Section 9-11 Mechanical Parts'. It matches the printed chapter and section titles in the render.,Same as v1.13.
LOGIQ_S8,sec_0123,809,5.4-gaps_duplicates,PASS,,p809 shows the section heading and Table 9-8 items 1-4 (#/tables/365). Each text and table node appears once and no printed content is missing. Neighbours follow without gap or overlap: sec_0122 ends on p808 and sec_0124 starts on p815.,Same as v1.13.
LOGIQ_S8,sec_0123,809,5.4-flagged_for_review,PASS,,"flagged_for_review is false and verification_score is 100. The section title is printed on its start page p809, so the flag state is right.",Same as v1.13.
LOGIQ_S8,sec_0123,809,5.4-structural_source,PASS,,"structural_source is 'toc'. The section is in the PDF bookmarks and its title is printed on p809, so the source is supported.",Same as v1.13.
LOGIQ_S8,sec_0123,809,5.6-numbering_scheme,PASS,,"numbering_scheme is 'arabic'. The printed folio on p809 reads '9 - 43', a chapter-based arabic number, so the scheme is right.",Same as v1.13.
LOGIQ_S8,sec_0123,809,5.6-offset_applied,PASS,,"offset_applied is 0. The section heading is on physical p809, which is page_start, so no shift is needed.",Same as v1.13.
LOGIQ_S8,sec_0123,809,5.6-table_content,FAIL,Medium,"On p809 #/tables/365 (Table 9-8, items 1-4) now matches the render. The line 'except swivel lock caster (3 per console)' above item 4 is back. It sits in a new row of its own, in the Description column, between item 3 and item 4, and it is not duplicated. Item 4 itself still has an empty Description. On p814 #/tables/370 (item 28) the Qty '1' is in the Description column and the Qty cell is empty. In the render the Description cell has only a photo and Qty is 1.","FIXED vs v1.13 for p809 (v1.13 Low, lost sentence). NEW finding on p814, same table text as v1.13 but not seen then. BUG-008: one value is under the wrong column (BUG-030 part is fixed). I rendered p814 and p809 only; p810-p813 tables were not rendered, so I did not judge them. Please check the Medium: it is one cell on p814."
LOGIQ_S8,sec_0123,809,5.5-filters_discarding,PASS,,p809 shows four part photos (items 1-4) and images.json has img_1283 to img_1286 for them. p814 has one photo (item 28) and img_1311. No part photo is missing on the pages I rendered.,Same as v1.13.
LOGIQ_S8,sec_0123,809,5.5-filters_passing_noise,PASS,,"The images on p809 (img_1283-1286) and p814 (img_1311) are real caster photos and an arm photo. No icon, logo, rule or empty crop is kept.",Same as v1.13.
LOGIQ_S8,sec_0123,809,5.5-image_section_mapping,PASS,,"p809 has 4 images, img_1283 to img_1286, one per item 1 to 4. All are mapped to sec_0123, which owns p809-p814. p814 has img_1311, also in sec_0123.",Same as v1.13.
LOGIQ_S8,sec_0124,816,5.4-hierarchy_level,PASS,,"On p815 the heading 'Section 9-12 Options' (#/texts/9405) is printed as a section title under the chapter title. hierarchy_level is 2 and the chapter is level 1, which fits. The sampled page is p816.",Same as v1.13.
LOGIQ_S8,sec_0124,816,5.4-parent_child,PASS,,"Parent is Chapter 9 (sec_0112). This is the chapter that holds the section in the render and in the bookmarks. The section has no child sections, and sec_0123 ends on p814. Neighbours are in the right order.",Same as v1.13.
LOGIQ_S8,sec_0124,816,5.4-page_start_end,PASS,,"The section spans p815-822. At the start, p815 shows the heading 'Section 9-12 Options' (#/texts/9405) and Table 9-9 (#/tables/371). At the end, p822 holds the last table (#/tables/378, items 45-50) and the footer #/texts/9435. On the sampled page, p816 shows Table 9-9 items 5-12 (#/tables/372), and all nodes belong to this section. Next section: sec_0125 starts on p823.",Same as v1.13.
LOGIQ_S8,sec_0124,816,5.4-hierarchy_path,PASS,,hierarchy_path is '/Chapter 9/Section 9-12 Options'. It matches the printed chapter and section titles in the render.,Same as v1.13.
LOGIQ_S8,sec_0124,816,5.4-gaps_duplicates,PASS,,p816 shows Table 9-9 items 5-12 (#/tables/372). Each text and table node appears once and no printed content is missing. Neighbours follow without gap or overlap: sec_0123 ends on p814 and sec_0125 starts on p823.,Same as v1.13.
LOGIQ_S8,sec_0124,816,5.4-flagged_for_review,PASS,,"flagged_for_review is false and verification_score is 100. The section title is printed on its start page p815, so the flag state is right.",Same as v1.13.
LOGIQ_S8,sec_0124,816,5.4-structural_source,PASS,,"structural_source is 'toc'. The section is in the PDF bookmarks and its title is printed on p815, so the source is supported.",Same as v1.13.
LOGIQ_S8,sec_0124,816,5.6-numbering_scheme,PASS,,"numbering_scheme is 'arabic'. The printed folio on p816 reads '9 - 50', a chapter-based arabic number, so the scheme is right.",Same as v1.13.
LOGIQ_S8,sec_0124,816,5.6-offset_applied,PASS,,"offset_applied is 0. The section heading is on physical p815, which is page_start, so no shift is needed.",Same as v1.13.
LOGIQ_S8,sec_0124,816,5.6-table_content,PASS,,"On p816 #/tables/372 (items 5-12) matches the render: part names, part numbers, descriptions and Qty. Items 6, 8, 11 and 12 have empty or short descriptions, as printed.","Same as v1.13 (approved PASS). The table did not change. The header change on p817, p820 and p821 is judged in the p817 row."
LOGIQ_S8,sec_0124,816,5.5-filters_discarding,PASS,,"p816 shows photos for items 5, 7, 9 and 10 and images.json has img_1316 to img_1319. All visible photos are extracted. Rows without a photo (for example items 6, 8, 11, 12 on p816) have none in the render.",Same as v1.13.
LOGIQ_S8,sec_0124,816,5.5-filters_passing_noise,PASS,,"Every image on p816 (img_1316 to img_1319) is a real part photo. No icon, logo, divider or empty crop is kept.",
LOGIQ_S8,sec_0124,816,5.5-image_section_mapping,PASS,,"p816 has the images img_1316 to img_1319, one for each photo (items 5, 7, 9 and 10). All are mapped to sec_0124, which owns p815-p822.",
LOGIQ_S8,sec_0125,823,5.4-hierarchy_level,PASS,,"On p823 the heading 'Section 9-13 Optional Peripherals and Accessories' (#/texts/9438) is printed as a section title under the chapter title. hierarchy_level is 2 and the chapter is level 1, which fits. The sampled page is p823.",Same as v1.13.
LOGIQ_S8,sec_0125,823,5.4-parent_child,PASS,,"Parent is Chapter 9 (sec_0112). This is the chapter that holds the section in the render and in the bookmarks. The section has no child sections, and sec_0124 ends on p822. Neighbours are in the right order.",Same as v1.13.
LOGIQ_S8,sec_0125,823,5.4-page_start_end,PASS,,"The section spans p823-825. At the start, p823 shows the heading 'Section 9-13 Optional Peripherals and Accessories' (#/texts/9438), '9-13-1 Printers' (#/texts/9439) and Table 9-10 (#/tables/379). At the end, p825 shows '9-13-2 UVC' (#/texts/9449), Table 9-11 (#/tables/381) and the footer #/texts/9451. On the sampled page, p823 shows the section heading, 9-13-1 Printers and Table 9-10 items 1-4 (#/tables/379), and all nodes belong to this section. Next section: sec_0126 starts on p826.",Same as v1.13.
LOGIQ_S8,sec_0125,823,5.4-hierarchy_path,PASS,,hierarchy_path is '/Chapter 9/Section 9-13 Optional Peripherals and Accessories'. It matches the printed chapter and section titles in the render.,Same as v1.13.
LOGIQ_S8,sec_0125,823,5.4-gaps_duplicates,PASS,,"p823 shows the section heading, 9-13-1 Printers and Table 9-10 items 1-4 (#/tables/379). Each text and table node appears once and no printed content is missing. Neighbours follow without gap or overlap: sec_0124 ends on p822 and sec_0126 starts on p826.",Same as v1.13.
LOGIQ_S8,sec_0125,823,5.4-flagged_for_review,PASS,,"flagged_for_review is false and verification_score is 100. The section title is printed on its start page p823, so the flag state is right.",Same as v1.13.
LOGIQ_S8,sec_0125,823,5.4-structural_source,PASS,,"structural_source is 'toc'. The section is in the PDF bookmarks and its title is printed on p823, so the source is supported.",Same as v1.13.
LOGIQ_S8,sec_0125,823,5.6-numbering_scheme,PASS,,"numbering_scheme is 'arabic'. The printed folio on p823 reads '9 - 57', a chapter-based arabic number, so the scheme is right.",Same as v1.13.
LOGIQ_S8,sec_0125,823,5.6-offset_applied,PASS,,"offset_applied is 0. The section heading is on physical p823, which is page_start, so no shift is needed.",Same as v1.13.
LOGIQ_S8,sec_0125,823,5.6-table_content,FAIL,Medium,"On p823 #/tables/379 (items 1-4) matches the render: printer names, part numbers, descriptions and Qty '-'. On p825 #/tables/381 (Table 9-11, items 1-8) has the header 'No. | Part Name | Part Number Description | Qty'. The word 'Description' is in the Part Number header cell. Rows 1-8 are right: names, part numbers and Qty 1 are under the right columns.","CHANGED vs v1.13 (header was 'Part Number'). Same pattern as sec_0124 p817. BUG-008 / BUG-030 note: a header word of a lost column put in a neighbour header cell = Medium by the lead brief. Values are intact, so a human may lower it. p825 was judged on the 2x render in reference/, not in this batch's pages."
LOGIQ_S8,sec_0125,823,5.5-filters_discarding,PASS,,p823 shows four printer photos and images.json has img_1348 to img_1351 for them. p824 has img_1352-1353 and p825 has img_1354-1357 (UVC photos). All visible photos on p823 and p825 are extracted.,Same as v1.13.
LOGIQ_S8,sec_0125,823,5.5-filters_passing_noise,PASS,,"The images on p823 (img_1348-1351) and p825 (img_1354-1357) are printer and UVC photos. No icon, logo, rule or empty crop is kept.",
LOGIQ_S8,sec_0125,823,5.5-image_section_mapping,PASS,,"p823 has 4 images, img_1348 to img_1351, one per printer (items 1 to 4). All are mapped to sec_0125, which owns p823-p825.",Same as v1.13.
LOGIQ_S8,sec_0127,830,5.4-hierarchy_level,PASS,,"On p830 the heading 'Section 9-15 Power Cord' (#/texts/9471) is printed as a section title under the chapter title. hierarchy_level is 2 and the chapter is level 1, which fits. The sampled page is p830.",Same as v1.13.
LOGIQ_S8,sec_0127,830,5.4-parent_child,PASS,,"Parent is Chapter 9 (sec_0112). This is the chapter that holds the section in the render and in the bookmarks. The section has no child sections, and sec_0126 ends on p829. Neighbours are in the right order.",Same as v1.13.
LOGIQ_S8,sec_0127,830,5.4-page_start_end,PASS,,"The section spans p830-832. At the start, p830 shows the heading 'Section 9-15 Power Cord' (#/texts/9471) and Table 9-13 (#/tables/386). At the end, p832 holds the last table (#/tables/388, items 12-18) and the footer #/texts/9481. On the sampled page, p830 shows the section heading and Table 9-13 items 1-5 (#/tables/386), and all nodes belong to this section. Next section: sec_0128 starts on p833.",Same as v1.13.
LOGIQ_S8,sec_0127,830,5.4-hierarchy_path,PASS,,hierarchy_path is '/Chapter 9/Section 9-15 Power Cord'. It matches the printed chapter and section titles in the render.,Same as v1.13.
LOGIQ_S8,sec_0127,830,5.4-gaps_duplicates,PASS,,p830 shows the section heading and Table 9-13 items 1-5 (#/tables/386). Each text and table node appears once and no printed content is missing. Neighbours follow without gap or overlap: sec_0126 ends on p829 and sec_0128 starts on p833.,Same as v1.13.
LOGIQ_S8,sec_0127,830,5.4-flagged_for_review,PASS,,"flagged_for_review is false and verification_score is 100. The section title is printed on its start page p830, so the flag state is right.",Same as v1.13.
LOGIQ_S8,sec_0127,830,5.4-structural_source,PASS,,"structural_source is 'toc'. The section is in the PDF bookmarks and its title is printed on p830, so the source is supported.",Same as v1.13.
LOGIQ_S8,sec_0127,830,5.6-numbering_scheme,PASS,,"numbering_scheme is 'arabic'. The printed folio on p830 reads '9 - 64', a chapter-based arabic number, so the scheme is right.",Same as v1.13.
LOGIQ_S8,sec_0127,830,5.6-offset_applied,PASS,,"offset_applied is 0. The section heading is on physical p830, which is page_start, so no shift is needed.",Same as v1.13.
LOGIQ_S8,sec_0127,830,5.6-table_content,FAIL,Medium,On p830 #/tables/386 (items 1-5) matches the render. On p832 #/tables/388 (items 12-18) still has three columns. The header now reads 'No. | Part Name Part Number | Description'. The part number and Qty are joined in the Description cell (for example '2388982 1'). For items 13-16 the number sits in the Part Name cell ('13. Power Cord for Brazil') and the No. cell is empty. Items 17 and 18 have their number in No. and the Qty is again in the Description cell.,"STILL PRESENT, same as v1.13. The header text changed but the wrong-column problem did not. BUG-008. Values and order are kept, but part numbers and Qty are under the wrong header, so Medium."
LOGIQ_S8,sec_0127,830,5.5-filters_discarding,FAIL,Medium,"On p832 items 17 and 18 each show a line drawing of a power cord, and the two drawings look the same. images.json has img_1404 (203x42, p832), one cord drawing, and no second one. So one of the two drawings is not extracted. Items 13-16 are img_1400 to img_1403 and the p830 photos are img_1389 to img_1393.","STILL PRESENT, same as v1.13 (BUG-011 changed, not fully fixed). Medium because the same drawing is kept once and the item names are in the text. The reviewer may raise it to Critical under rule 6g. verify_claims suggests Critical because a figure is missing; I keep Medium because the same drawing is kept once and the item names are in the text."
LOGIQ_S8,sec_0127,830,5.5-filters_passing_noise,PASS,,"The 16 images of p830-p832 (img_1389 to img_1404) are power cord photos or one cord drawing, all real content. No logo, rule or divider is kept.",Same as v1.13.
LOGIQ_S8,sec_0127,830,5.5-image_section_mapping,PASS,,"All 16 images of p830-p832 are mapped to sec_0127, the only section on these pages. p830 img_1389-1393 are items 1-5 in order. p832 img_1400-1403 are items 13-16 and img_1404 is a cord drawing.",Same as v1.13. See the filters_discarding row for the missing second drawing.
LOGIQ_S8,sec_0128,837,5.4-hierarchy_level,PASS,,"On p833 the heading 'Section 9-16 LOGIQ S8/E8/S7 XDclear2.0 Master FRU List Compatibility Chart' (#/texts/9484) is printed as a section title under the chapter title. hierarchy_level is 2 and the chapter is level 1, which fits. The sampled page is p837.",Same as v1.13.
LOGIQ_S8,sec_0128,837,5.4-parent_child,PASS,,"Parent is Chapter 9 (sec_0112). This is the chapter that holds the section in the render and in the bookmarks. The section has no child sections, and sec_0127 ends on p832. Neighbours are in the right order.",Same as v1.13.
LOGIQ_S8,sec_0128,837,5.4-page_start_end,PASS,,"The section spans p833-872. At the start, p833 shows the heading 'Section 9-16 ...Master FRU List Compatibility Chart' (#/texts/9484), the Y/N/NR/V legend and the NOTE (#/texts/9485-9492). At the end, p872 is an empty page with only the running header and the footer #/texts/9614. On the sampled page, p837 shows the FRU table #/tables/392 (Covers to OPIO rows), and all nodes belong to this section. Next section: sec_0129 starts on p873.",Same as v1.13.
LOGIQ_S8,sec_0128,837,5.4-hierarchy_path,PASS,,hierarchy_path is '/Chapter 9/Section 9-16 LOGIQ S8/E8/S7 XDclear2.0 Master FRU List Compatibility Chart'. It matches the printed chapter and section titles in the render.,Same as v1.13.
LOGIQ_S8,sec_0128,837,5.4-gaps_duplicates,PASS,,p837 shows the FRU table #/tables/392 (Covers to OPIO rows). Each text and table node appears once and no printed content is missing. Neighbours follow without gap or overlap: sec_0127 ends on p832 and sec_0129 starts on p873.,Same as v1.13.
LOGIQ_S8,sec_0128,837,5.4-flagged_for_review,PASS,,"flagged_for_review is false and verification_score is 100. The section title is printed on its start page p833, so the flag state is right.",Same as v1.13.
LOGIQ_S8,sec_0128,837,5.4-structural_source,PASS,,"structural_source is 'toc'. The section is in the PDF bookmarks and its title is printed on p833, so the source is supported.",Same as v1.13.
LOGIQ_S8,sec_0128,837,5.6-numbering_scheme,PASS,,"numbering_scheme is 'arabic'. The printed folio on p837 reads '9 - 71', a chapter-based arabic number, so the scheme is right.",Same as v1.13.
LOGIQ_S8,sec_0128,837,5.6-offset_applied,PASS,,"offset_applied is 0. The section heading is on physical p833, which is page_start, so no shift is needed.",Same as v1.13.
LOGIQ_S8,sec_0128,837,5.6-table_content,FAIL,Medium,"On p837 #/tables/392 matches the render in columns and values. Small errors: row 6756412 has an empty Parts Group and row 6756412-2 shows 'OPIO OPIO'. On p838 #/tables/393 is still merged: the header reads 'Replace with R1.5 R2 Upg R2 R3' and rows put group, number, description and Y/N values in one cell (p838 judged from text only). Changed tables of this section, checked on the 2x renders: p834 #/tables/389 has the new row 'DUMMY COVER SET' in Part Description, in its own row above 5486936 'LE8' (fixed, not duplicated). p848 #/tables/403 has the new row 'LOGIQ S8 ECG Module2' above 5761967 'Assy' (fixed). p858 #/tables/413 has the new row 5763099 '4D PROBE CUP BLACK' but its Y values are empty (one stray 'Y' sits in the next row), so the values are not under their columns. 'OPTION_PROBE_HOLD' is a new row above 5418149 (fixed). p860 #/tables/415 now has 'PWR SPLY CRD UNITED' at the end of row 6736114-3, and 'PWR SPLY CRD' is also still at the end of row 2388982, so these words show twice. p864 #/tables/419 has row 5453038 'SIDE COVER R ASSY' back (its 'LE8' is in a later row) and the new row 'OPTION- SIDE_REAR_HOOK-'; the rows after it were already shifted.","STILL PRESENT, same as v1.13 on p837-p838 (BUG-008). The BUG-030 fixes of this batch are real: 'DUMMY COVER SET', 'LOGIQ S8 ECG Module2' and 'OPTION_PROBE_HOLD' came back in their own rows. REGRESSION (small): p860 repeats 'PWR SPLY CRD' (Low) and p858 row 5763099 has no Y values under its columns (Medium, BUG-008). Overall Medium. verify_claims suggests Low (values kept); I keep Medium because on p838 the header is mixed and on p858 values are not under their columns, so Y/N values cannot be tied to a column."
LOGIQ_S8,sec_0128,837,5.5-filters_discarding,PASS,,"p837 has only a parts table and no picture, so nothing meaningful was discarded. images.json lists no image for sec_0128, and the renders of p833-p872 that I saw have no figure.",Same as v1.13.
LOGIQ_S8,sec_0128,837,5.5-filters_passing_noise,PASS,,No image is listed for sec_0128 in images.json and p837 shows no decorative element kept as an image.,Same as v1.13.
LOGIQ_S8,sec_0128,837,5.5-image_section_mapping,PASS,,"No image is mapped to sec_0128 and the p837 render has none, so no picture is mapped to a wrong section.",Same as v1.13.
LOGIQ_S8,sec_0130,873,5.4-hierarchy_level,PASS,,"On p873 the heading 'Section 10-1 Overview' (#/texts/9618) is printed as a section title under the chapter title. hierarchy_level is 2 and the chapter is level 1, which fits. The sampled page is p873.",Same as v1.13.
LOGIQ_S8,sec_0130,873,5.4-parent_child,PASS,,"Parent is Chapter 10 (sec_0129). This is the chapter that holds the section in the render and in the bookmarks. The section has no child sections, and sec_0129 ends on p910. Neighbours are in the right order.",Same as v1.13.
LOGIQ_S8,sec_0130,873,5.4-page_start_end,PASS,,"The section spans p873-873. At the start, p873 shows the heading 'Section 10-1 Overview' (#/texts/9618), 10-1-1 to 10-1-3 and the Contents list (#/tables/427). At the end, p873 is also the last page and ends with the footer #/texts/9625. On the sampled page, p873 shows the chapter title, 10-1-1 to 10-1-3 and the Contents list (#/tables/427), and all nodes belong to this section. Next section: sec_0131 starts on p874.",Same as v1.13.
LOGIQ_S8,sec_0130,873,5.4-hierarchy_path,PASS,,hierarchy_path is '/Chapter 10/Section 10-1 Overview'. It matches the printed chapter and section titles in the render.,Same as v1.13.
LOGIQ_S8,sec_0130,873,5.4-gaps_duplicates,PASS,,"p873 shows the chapter title, 10-1-1 to 10-1-3 and the Contents list (#/tables/427). Each text and table node appears once and no printed content is missing. Neighbours follow without gap or overlap: sec_0129 ends on p910 and sec_0131 starts on p874.",Same as v1.13.
LOGIQ_S8,sec_0130,873,5.4-flagged_for_review,PASS,,"flagged_for_review is false and verification_score is 100. The section title is printed on its start page p873, so the flag state is right.",Same as v1.13.
LOGIQ_S8,sec_0130,873,5.4-structural_source,PASS,,"structural_source is 'toc'. The section is in the PDF bookmarks and its title is printed on p873, so the source is supported.",Same as v1.13.
LOGIQ_S8,sec_0130,873,5.6-numbering_scheme,PASS,,"numbering_scheme is 'arabic'. The printed folio on p873 reads '10 - 1', a chapter-based arabic number, so the scheme is right.",Same as v1.13.
LOGIQ_S8,sec_0130,873,5.6-offset_applied,PASS,,"offset_applied is 0. The section heading is on physical p873, which is page_start, so no shift is needed.",Same as v1.13.
LOGIQ_S8,sec_0130,873,5.6-table_content,FAIL,Low,On p873 #/tables/427 is the 10-1-3 'Contents in this chapter' list. All 10 entries (10-1 to 10-9 and 'Ultrasound INSPECTION CERTIFICATE') and the page numbers 10-1 to 10-37 match the render. The title cells keep leader dots ('Overview. . . . .') and the page cell starts with '. ' (for example '. 10-16').,"STILL PRESENT, same as v1.13. BUG-008. Dot leaders are noise in a Contents table. Values and order are right, so retrieval is not affected. The table did not change."
LOGIQ_S8,sec_0130,873,5.5-filters_discarding,PASS,,"p873 has no figure (chapter title, headings, text and the Contents list). images.json lists no image for sec_0130, so nothing meaningful was discarded.",Same as v1.13.
LOGIQ_S8,sec_0130,873,5.5-filters_passing_noise,PASS,,No image is listed for sec_0130 in images.json and p873 shows no decorative element kept as an image.,Same as v1.13.
LOGIQ_S8,sec_0130,873,5.5-image_section_mapping,PASS,,"No image is mapped to sec_0130 and the p873 render has none, so no picture is mapped to a wrong section.",Same as v1.13.
LOGIQ_S8,sec_0135,880,5.4-hierarchy_level,PASS,,"On p879 the heading 'Section 10-6 System maintenance' (#/texts/9673) is printed as a section title under the chapter title. hierarchy_level is 2 and the chapter is level 1, which fits. The sampled page is p880.",Same as v1.13.
LOGIQ_S8,sec_0135,880,5.4-parent_child,PASS,,"Parent is Chapter 10 (sec_0129). This is the chapter that holds the section in the render and in the bookmarks. The section has no child sections, and sec_0134 ends on p878. Neighbours are in the right order.",Same as v1.13.
LOGIQ_S8,sec_0135,880,5.4-page_start_end,PASS,,"The section spans p879-887. At the start, p879 shows the heading 'Section 10-6 System maintenance' (#/texts/9673), 10-6-1 and Table 10-3 (#/tables/432). At the end, p887 shows 10-6-5-3 (#/texts/9758) and ends with the footer #/texts/9774. On the sampled page, p880 shows 10-6-2, 10-6-2-1 and Table 10-4 (#/tables/433), and all nodes belong to this section. Next section: sec_0136 starts on p888.",Same as v1.13.
LOGIQ_S8,sec_0135,880,5.4-hierarchy_path,PASS,,hierarchy_path is '/Chapter 10/Section 10-6 System maintenance'. It matches the printed chapter and section titles in the render.,Same as v1.13.
LOGIQ_S8,sec_0135,880,5.4-gaps_duplicates,PASS,,"p880 shows 10-6-2, 10-6-2-1 and Table 10-4 (#/tables/433). Each text and table node appears once and no printed content is missing. Neighbours follow without gap or overlap: sec_0134 ends on p878 and sec_0136 starts on p888.",Same as v1.13.
LOGIQ_S8,sec_0135,880,5.4-flagged_for_review,PASS,,"flagged_for_review is false and verification_score is 100. The section title is printed on its start page p879, so the flag state is right.",Same as v1.13.
LOGIQ_S8,sec_0135,880,5.4-structural_source,PASS,,"structural_source is 'toc'. The section is in the PDF bookmarks and its title is printed on p879, so the source is supported.",Same as v1.13.
LOGIQ_S8,sec_0135,880,5.6-numbering_scheme,PASS,,"numbering_scheme is 'arabic'. The printed folio on p880 reads '10 - 8', a chapter-based arabic number, so the scheme is right.",Same as v1.13.
LOGIQ_S8,sec_0135,880,5.6-offset_applied,PASS,,"offset_applied is 0. The section heading is on physical p879, which is page_start, so no shift is needed.",Same as v1.13.
LOGIQ_S8,sec_0135,880,5.6-table_content,PASS,,"On p880 #/tables/433 (Table 10-4 System Functional Checks) has all 15 checks with the right Check, Step and Description text. It matches the render. p879 #/tables/432 (Table 10-3, steps 1-7) also matches.",Same as v1.13 (approved PASS). The tables did not change.
LOGIQ_S8,sec_0135,880,5.5-filters_discarding,PASS,,"p880 has no figure. On p887 the three probe pictures are extracted: img_1410 (NEVER), img_1411 (hands) and img_1412 (OK). The p886 icon strip is img_1409. The yellow warning triangles beside the CAUTION and NOTICE lines on p887 are not all extracted, but they are decorative icons and the CAUTION and NOTICE words are in the text (#/texts/9760-9768).","CHANGED grade vs v1.13 (Low FAIL). By rule 6i a triangle beside CAUTION or NOTICE is noise, so PASS. verify_claims may still suggest a FAIL because no image covers the triangles. BUG-020/BUG-017 are still the cause."
LOGIQ_S8,sec_0135,880,5.5-filters_passing_noise,FAIL,Low,"On p886 the vector image img_1409 (870x618) holds the Figure 10-5 icon strip plus page text: a cut line '...may also void its warra...', the caption and two body lines. About half of it is white space. On p887 img_1411 (436x263) holds the hands picture and also the 'NOTICE' label, the 'CAUTION' label and a cut line 'Disinfect a defective probe bef...'. Extra nodes '!! CAUTION:' and '!! NOTICE:' (#/texts/9769-9773) are in the text but not in the render.","STILL PRESENT, same as v1.13 (BUG-010). Extra page text stays inside the vector crops. The same text is in #/texts/9748-9754 and #/texts/9763, so no content is lost. Low. The '!! CAUTION:' nodes are probably icon text read as words; they are short and add no new information."
LOGIQ_S8,sec_0135,880,5.5-image_section_mapping,PASS,,"The 8 images are mapped to sec_0135 and sit on its pages: p883 (img_1405, img_1406), p884 (img_1407, img_1408), p886 (img_1409) and p887 (img_1410-1412). The p887 pictures are under 10-6-5-3 and fit the text.",Same as v1.13.
LOGIQ_S8,sec_0136,888,5.4-hierarchy_level,PASS,,"On p888 the heading 'Section 10-7 Using a Phantom' (#/texts/9777) is printed as a section title under the chapter title. hierarchy_level is 2 and the chapter is level 1, which fits. The sampled page is p888.",Same as v1.13.
LOGIQ_S8,sec_0136,888,5.4-parent_child,PASS,,"Parent is Chapter 10 (sec_0129). This is the chapter that holds the section in the render and in the bookmarks. The section has no child sections, and sec_0135 ends on p887. Neighbours are in the right order.",Same as v1.13.
LOGIQ_S8,sec_0136,888,5.4-page_start_end,PASS,,"The section spans p888-888. At the start, p888 shows the heading 'Section 10-7 Using a Phantom' (#/texts/9777) and two short paragraphs (#/texts/9778-9779). At the end, p888 is also the last page and ends with the footer #/texts/9780. On the sampled page, p888 shows the heading and two short paragraphs, and all nodes belong to this section. Next section: sec_0137 starts on p889.",Same as v1.13.
LOGIQ_S8,sec_0136,888,5.4-hierarchy_path,PASS,,hierarchy_path is '/Chapter 10/Section 10-7 Using a Phantom'. It matches the printed chapter and section titles in the render.,Same as v1.13.
LOGIQ_S8,sec_0136,888,5.4-gaps_duplicates,PASS,,p888 shows the heading and two short paragraphs. Each text and table node appears once and no printed content is missing. Neighbours follow without gap or overlap: sec_0135 ends on p887 and sec_0137 starts on p889.,Same as v1.13.
LOGIQ_S8,sec_0136,888,5.4-flagged_for_review,PASS,,"flagged_for_review is false and verification_score is 100. The section title is printed on its start page p888, so the flag state is right.",Same as v1.13.
LOGIQ_S8,sec_0136,888,5.4-structural_source,PASS,,"structural_source is 'toc'. The section is in the PDF bookmarks and its title is printed on p888, so the source is supported.",Same as v1.13.
LOGIQ_S8,sec_0136,888,5.6-numbering_scheme,PASS,,"numbering_scheme is 'arabic'. The printed folio on p888 reads '10 - 16', a chapter-based arabic number, so the scheme is right.",Same as v1.13.
LOGIQ_S8,sec_0136,888,5.6-offset_applied,PASS,,"offset_applied is 0. The section heading is on physical p888, which is page_start, so no shift is needed.",Same as v1.13.
LOGIQ_S8,sec_0136,888,5.5-filters_discarding,PASS,,p888 has two short text paragraphs and no figure or icon. images.json lists no image for sec_0136.,Same as v1.13.
LOGIQ_S8,sec_0136,888,5.5-filters_passing_noise,PASS,,No image is listed for sec_0136 in images.json and p888 shows no decorative element kept as an image.,Same as v1.13.
LOGIQ_S8,sec_0136,888,5.5-image_section_mapping,PASS,,"No image is mapped to sec_0136 and the p888 render has none, so no picture is mapped to a wrong section.",Same as v1.13.
LOGIQ_S8,sec_0137,895,5.4-hierarchy_level,PASS,,"On p889 the heading 'Section 10-8 Electrical Safety Tests' (#/texts/9783) is printed as a section title under the chapter title. hierarchy_level is 2 and the chapter is level 1, which fits. The sampled page is p895.",Same as v1.13.
LOGIQ_S8,sec_0137,895,5.4-parent_child,PASS,,"Parent is Chapter 10 (sec_0129). This is the chapter that holds the section in the render and in the bookmarks. The section has no child sections, and sec_0136 ends on p888. Neighbours are in the right order.",Same as v1.13.
LOGIQ_S8,sec_0137,895,5.4-page_start_end,PASS,,"The section spans p889-906. At the start, p889 shows the heading 'Section 10-8 Electrical Safety Tests' (#/texts/9783) and 10-8-1 (#/texts/9784). At the end, p906 shows 10-8-13 (#/texts/10012), Table 10-19 (#/tables/449) and the footer #/texts/10026. On the sampled page, p895 shows 10-8-6 and Table 10-15 (#/tables/445), and all nodes belong to this section. Next section: sec_0138 starts on p907.",Same as v1.13.
LOGIQ_S8,sec_0137,895,5.4-hierarchy_path,PASS,,hierarchy_path is '/Chapter 10/Section 10-8 Electrical Safety Tests'. It matches the printed chapter and section titles in the render.,Same as v1.13.
LOGIQ_S8,sec_0137,895,5.4-gaps_duplicates,PASS,,p895 shows 10-8-6 and Table 10-15 (#/tables/445). Each text and table node appears once and no printed content is missing. Neighbours follow without gap or overlap: sec_0136 ends on p888 and sec_0138 starts on p907.,Same as v1.13.
LOGIQ_S8,sec_0137,895,5.4-flagged_for_review,PASS,,"flagged_for_review is false and verification_score is 100. The section title is printed on its start page p889, so the flag state is right.",Same as v1.13.
LOGIQ_S8,sec_0137,895,5.4-structural_source,PASS,,"structural_source is 'toc'. The section is in the PDF bookmarks and its title is printed on p889, so the source is supported.",Same as v1.13.
LOGIQ_S8,sec_0137,895,5.6-numbering_scheme,PASS,,"numbering_scheme is 'arabic'. The printed folio on p895 reads '10 - 23', a chapter-based arabic number, so the scheme is right.",Same as v1.13.
LOGIQ_S8,sec_0137,895,5.6-offset_applied,PASS,,"offset_applied is 0. The section heading is on physical p889, which is page_start, so no shift is needed.",Same as v1.13.
LOGIQ_S8,sec_0137,895,5.6-table_content,PASS,,"On p895 #/tables/445 (Table 10-15 data sheet) matches the render: the header cells, the columns System Power, Grounding/PE, Rear Panel, Lower Frame, Probe Connector, Main Handle, and the four Off/On and Closed/Open rows. Empty cells are the blank form fields.",Same as v1.13 (approved PASS). The table did not change.
LOGIQ_S8,sec_0137,895,5.5-filters_discarding,PASS,,"p895 has no figure, only text and a blank form table. The pictures of the section are extracted: img_1413/img_1414 (BF and CF symbols, p891) and img_1415 to img_1424 (wiring diagrams and photos).",Same as v1.13. The small CAUTION triangles are decorative; see the p894 row.
LOGIQ_S8,sec_0137,895,5.5-filters_passing_noise,PASS,,"All 12 images of the section are real content: BF/CF symbols (img_1413, img_1414), wiring diagrams (img_1415, img_1417-1419, img_1424), the grounding drawing (img_1416, vector) and equipment photos (img_1420-1423). The two symbol images are wide and short (197x73, 197x76) and are kept on purpose. No rule or logo is kept. The extra text nodes '!! DANGER:' and '!! CAUTION:' on p906 (#/texts/10013-10014) are not images.",Same as v1.13.
LOGIQ_S8,sec_0137,895,5.5-image_section_mapping,PASS,,The 12 images are mapped to sec_0137 and sit on its pages p891-p905. Each one fits its topic (for example BF/CF symbols on p891 and wiring diagrams on p892-p900). None belong to sec_0136 or sec_0138.,Same as v1.13.
LOGIQ_S8,sec_0138,910,5.4-hierarchy_level,PASS,,"On p907 the heading 'Section 10-9 When There’s Too Much Leakage Current...' (#/texts/10029) is printed as a section title under the chapter title. hierarchy_level is 2 and the chapter is level 1, which fits. The sampled page is p910.",Same as v1.13.
LOGIQ_S8,sec_0138,910,5.4-parent_child,PASS,,"Parent is Chapter 10 (sec_0129). This is the chapter that holds the section in the render and in the bookmarks. The section has no child sections, and sec_0137 ends on p906. Neighbours are in the right order.",Same as v1.13.
LOGIQ_S8,sec_0138,910,5.4-page_start_end,PASS,,"The section spans p907-910. At the start, p907 shows the heading 'Section 10-9 When There’s Too Much Leakage Current...' (#/texts/10029) and 10-9-1 to 10-9-4-1. At the end, p910 holds the Electrical Safety and Probes tables (#/tables/451-452) and the footer #/texts/10087. On the sampled page, p910 shows Electrical Safety and Probes tables (#/tables/451, #/tables/452), and all nodes belong to this section. Next section: there is no next section (end of the document body).",Same as v1.13.
LOGIQ_S8,sec_0138,910,5.4-hierarchy_path,PASS,,hierarchy_path is '/Chapter 10/Section 10-9 When There’s Too Much Leakage Current...'. It matches the printed chapter and section titles in the render.,Same as v1.13.
LOGIQ_S8,sec_0138,910,5.4-gaps_duplicates,PASS,,"p910 shows Electrical Safety and Probes tables (#/tables/451, #/tables/452). Each text and table node appears once and no printed content is missing. Neighbours follow without gap or overlap: sec_0137 ends on p906 and there is no next section (end of the document body).",Same as v1.13.
LOGIQ_S8,sec_0138,910,5.4-flagged_for_review,PASS,,"flagged_for_review is false and verification_score is 98.1. The section title is printed on its start page p907, so the flag state is right.",Same as v1.13.
LOGIQ_S8,sec_0138,910,5.4-structural_source,PASS,,"structural_source is 'toc'. The section is in the PDF bookmarks and its title is printed on p907, so the source is supported.",Same as v1.13.
LOGIQ_S8,sec_0138,910,5.6-numbering_scheme,PASS,,"numbering_scheme is 'arabic'. The printed folio on p910 reads '10 - 38', a chapter-based arabic number, so the scheme is right.",Same as v1.13.
LOGIQ_S8,sec_0138,910,5.6-offset_applied,PASS,,"offset_applied is 0. The section heading is on physical p907, which is page_start, so no shift is needed.",Same as v1.13.
LOGIQ_S8,sec_0138,910,5.6-table_content,PASS,,"On p910 #/tables/451 and #/tables/452 (Electrical Safety and Probes) match the render: the headers, all 14 test rows and the Probe 1-9 rows. Empty cells are blank form fields.",Same as v1.13 (approved PASS). The tables did not change.
LOGIQ_S8,sec_0138,910,5.5-filters_discarding,PASS,,"p910 is a blank inspection form (tables, lines and headings) with no picture or icon. images.json lists no image for sec_0138.",Same as v1.13.
LOGIQ_S8,sec_0138,910,5.5-filters_passing_noise,PASS,,No image is listed for sec_0138 in images.json and p910 shows no decorative element kept as an image.,Same as v1.13.
LOGIQ_S8,sec_0138,910,5.5-image_section_mapping,PASS,,"No image is mapped to sec_0138 and the p910 render has none, so no picture is mapped to a wrong section.",Same as v1.13.
LOGIQ_S8,DOCUMENT-LEVEL,,5.6-sanity_report,PASS,,logs/run.log: fitz found 138 bookmarks and 916 pages. bookmark_sanity ran with no hard failure and no repair. The run finished and validation is PASS. The log says 'table lines recovered: 47 in 30 tables'. The tree diff vs v1.13 shows the same 30 tables changed.,"validation_report.json: Coverage PASS (0 orphaned blocks, 343 front-matter blocks), Precision PASS, Structure PASS (138 sections). The cap of 60 does not apply. Same counts as v1.13; images_v1.json is identical to v1.13."
LOGIQ_S8,sec_0001,24,5.4-hierarchy_level,PASS,,"'Service Manual' is a top-level bookmark with hierarchy_level 1. It covers the cover, legal pages and the full Contents, before Chapter 1, so level 1 is right.",Same as v1.13; the tree did not change here.
LOGIQ_S8,sec_0001,24,5.4-parent_child,PASS,,sec_0001 has no parent and no child_sections. It is a top-level front-matter section. The next top-level section is sec_0002 Chapter 1.,Same as v1.13; the tree did not change here.
LOGIQ_S8,sec_0001,24,5.4-page_start_end,PASS,,"p24 is a Contents page of Chapter 4 (rows 'Volume Navigation' to 'Site Log'). It belongs inside the front-matter range p1-p42. The last page p42 is blank with header and footer only, and Chapter 1 starts on p43 in sec_0002.",Same as v1.13; the tree did not change here.
LOGIQ_S8,sec_0001,24,5.4-hierarchy_path,PASS,,"hierarchy_path is '/Service Manual'. It is a root node, so a one-item path is right.",Same as v1.13; the tree did not change here.
LOGIQ_S8,sec_0001,24,5.4-gaps_duplicates,PASS,,sec_0001 covers p1-p42 and sec_0002 starts at p43. No page is missing or doubled between them.,Same as v1.13; the tree did not change here.
LOGIQ_S8,sec_0001,24,5.4-flagged_for_review,PASS,,flagged_for_review is false and verification_score is 100. Nothing on the sampled page contradicts this.,Same as v1.13; the tree did not change here.
LOGIQ_S8,sec_0001,24,5.4-structural_source,PASS,,"structural_source is 'toc'. The bookmark 'Service Manual' points to the cover on p1, which the render confirms.",Same as v1.13; the tree did not change here.
LOGIQ_S8,sec_0001,24,5.6-numbering_scheme,PASS,,"The p24 render shows the arabic folio '8 -' in the footer, which fits the 'arabic' label for this page. The mixed roman folios on p3-p16 are recorded on the p1 row.","Same as v1.13. The roman-folio defect belongs to the whole section and is graded once, on the p1 row."
LOGIQ_S8,sec_0001,24,5.6-offset_applied,PASS,,"offset_applied is 0. The cover is physical p1 and the Contents pages follow in physical order, so the mapping is consistent.",Same as v1.13; the tree did not change here.
LOGIQ_S8,sec_0001,24,5.6-table_content,FAIL,Medium,"Table #/tables/9 on p24 keeps all 8 rows and the page numbers (4 - 46 to 4 - 49) in order. But each page cell starts with an extra dot ('.4 - 46') and the sub-item indent is lost. In Contents table #/tables/13 (p28, read from node text only) one row still has an empty title with '7 - 91', and 'Error messages' still has the FibroScan title with '7 - 93'. Changed table #/tables/18 on p33 (2x render checked): the line 'Tools . . . 8 - 239' was lost in v1.13 and now has its own row after 'Manpower' and before 'Removal', text complete and not duplicated. In that new row the whole text is in the first cell and the second cell is empty.","CHANGED vs v1.13: the lost 'Tools 8 - 239' row on p33 is FIXED (BUG-030), no longer lost; its page number is merged into the title cell (cells merged, values and order kept, Low). The p28 row shift of #/tables/13 is the same as v1.13 (BUG-008), so the grade stays Medium. On p33, 'Removal Procedure' is still split into two rows ('Removal . . . 8 - 239' and 'Procedure'), same as v1.13. The p28 page was not rendered here, so confidence is lower."
LOGIQ_S8,sec_0001,24,5.5-filters_discarding,PASS,,p24 is a text Contents page with no pictures. No figure or icon is lost on this page.,Same as v1.13; the tree did not change here.
LOGIQ_S8,sec_0001,24,5.5-filters_passing_noise,PASS,,"No image is mapped to p24, so no noise image is kept on this page.",Same as v1.13; the tree did not change here.
LOGIQ_S8,sec_0001,24,5.5-image_section_mapping,PASS,,p24 has no pictures and images.json has no image on p24. The page is correctly empty of images.,Same as v1.13; the tree did not change here.
LOGIQ_S8,sec_0004,46,5.4-hierarchy_level,PASS,,"On p44 the heading 'Section 1-2 Service manual overview' (#/texts/333) is printed as a section title under the chapter title. hierarchy_level is 2 and the chapter is level 1, which fits. The sampled page is p46.",Same as v1.13.
LOGIQ_S8,sec_0004,46,5.4-parent_child,PASS,,"Parent is Chapter 1 (sec_0002). This is the chapter that holds the section in the render and in the bookmarks. The section has no child sections, and sec_0003 ends on p43. Neighbours are in the right order.",Same as v1.13.
LOGIQ_S8,sec_0004,46,5.4-page_start_end,PASS,,"The section spans p44-48. At the start, p44 shows the heading 'Section 1-2 Service manual overview' (#/texts/333) and Table 1-1 (#/tables/28). At the end, p48 ends with 1-2-4-1 text (#/texts/365-370) and the footer #/texts/371, and the last page has no heading of the next section. On the sampled page, p46 shows 1-2-3 (#/texts/348), Table 1-2 and Table 1-3 (#/tables/29, #/tables/30), and all nodes belong to this section. Next section: sec_0005 starts on p49.",Same as v1.13.
LOGIQ_S8,sec_0004,46,5.4-hierarchy_path,PASS,,hierarchy_path is '/Chapter 1/Section 1-2 Service manual overview'. It matches the printed chapter and section titles in the render.,Same as v1.13.
LOGIQ_S8,sec_0004,46,5.4-gaps_duplicates,PASS,,"p46 shows 1-2-3 (#/texts/348), Table 1-2 and Table 1-3 (#/tables/29, #/tables/30). Each text and table node appears once and no printed content is missing. Neighbours follow without gap or overlap: sec_0003 ends on p43 and sec_0005 starts on p49.",Same as v1.13.
LOGIQ_S8,sec_0004,46,5.4-flagged_for_review,PASS,,"flagged_for_review is false and verification_score is 100. The section title is printed on its start page p44, so the flag state is right.",Same as v1.13.
LOGIQ_S8,sec_0004,46,5.4-structural_source,PASS,,"structural_source is 'toc'. The section is in the PDF bookmarks and its title is printed on p44, so the source is supported.",Same as v1.13.
LOGIQ_S8,sec_0004,46,5.6-numbering_scheme,PASS,,"numbering_scheme is 'arabic'. The printed folio on p46 reads '1 - 4', a chapter-based arabic number, so the scheme is right.",Same as v1.13.
LOGIQ_S8,sec_0004,46,5.6-offset_applied,PASS,,"offset_applied is 0. The section heading is on physical p44, which is page_start, so no shift is needed.",Same as v1.13.
LOGIQ_S8,sec_0004,46,5.6-table_content,PASS,,"On p46 #/tables/29 (Table 1-2) has 14 model rows and #/tables/30 (Table 1-3) has 4 rows. Model numbers, descriptions and the Y/U/N/U* values match the render, for example 5669845 'LOGIQ S8 R3' N, N, Y, U, N. Both tables belong to sec_0004.",Same as v1.13 (approved PASS). The tables did not change.
LOGIQ_S8,sec_0004,46,5.5-filters_discarding,PASS,,"p46 shows only text and two tables. There is no figure or icon on the page, so nothing was lost by the filters. images.json has no image for sec_0004.",Same as v1.13.
LOGIQ_S8,sec_0004,46,5.5-filters_passing_noise,PASS,,"No image is mapped to p46, so no decorative image is kept as content.",Same as v1.13.
LOGIQ_S8,sec_0004,46,5.5-image_section_mapping,PASS,,p46 has no picture and images.json has no image on p46. This is correct.,Same as v1.13.
LOGIQ_S8,sec_0004,47,5.4-hierarchy_level,PASS,,"On p44 the heading 'Section 1-2 Service manual overview' (#/texts/333) is printed as a section title under the chapter title. hierarchy_level is 2 and the chapter is level 1, which fits. The sampled page is p47.",Same as v1.13.
LOGIQ_S8,sec_0004,47,5.4-parent_child,PASS,,"Parent is Chapter 1 (sec_0002). This is the chapter that holds the section in the render and in the bookmarks. The section has no child sections, and sec_0003 ends on p43. Neighbours are in the right order.",Same as v1.13.
LOGIQ_S8,sec_0004,47,5.4-page_start_end,PASS,,"The section spans p44-48. At the start, p44 shows the heading 'Section 1-2 Service manual overview' (#/texts/333) and Table 1-1 (#/tables/28). At the end, p48 ends with 1-2-4-1 text (#/texts/365-370) and the footer #/texts/371, and the last page has no heading of the next section. On the sampled page, p47 shows 1-2-3 (cont'd) (#/texts/357), Table 1-4 and Table 1-5 (#/tables/31, #/tables/32), and all nodes belong to this section. Next section: sec_0005 starts on p49.",Same as v1.13.
LOGIQ_S8,sec_0004,47,5.4-hierarchy_path,PASS,,hierarchy_path is '/Chapter 1/Section 1-2 Service manual overview'. It matches the printed chapter and section titles in the render.,Same as v1.13.
LOGIQ_S8,sec_0004,47,5.4-gaps_duplicates,PASS,,"p47 shows 1-2-3 (cont'd) (#/texts/357), Table 1-4 and Table 1-5 (#/tables/31, #/tables/32). Each text and table node appears once and no printed content is missing. Neighbours follow without gap or overlap: sec_0003 ends on p43 and sec_0005 starts on p49.",Same as v1.13.
LOGIQ_S8,sec_0004,47,5.4-flagged_for_review,PASS,,"flagged_for_review is false and verification_score is 100. The section title is printed on its start page p44, so the flag state is right.",Same as v1.13.
LOGIQ_S8,sec_0004,47,5.4-structural_source,PASS,,"structural_source is 'toc'. The section is in the PDF bookmarks and its title is printed on p44, so the source is supported.",Same as v1.13.
LOGIQ_S8,sec_0004,47,5.6-numbering_scheme,PASS,,"numbering_scheme is 'arabic'. The printed folio on p47 reads '1 - 5', a chapter-based arabic number, so the scheme is right.",Same as v1.13.
LOGIQ_S8,sec_0004,47,5.6-offset_applied,PASS,,"offset_applied is 0. The section heading is on physical p44, which is page_start, so no shift is needed.",Same as v1.13.
LOGIQ_S8,sec_0004,47,5.6-table_content,PASS,,"On p47 #/tables/31 (Table 1-4) has 3 model rows and #/tables/32 (Table 1-5) has 1 row. Model numbers, descriptions and Y/N/U* values match the render, for example 5486788 'LOGIQ E8 R2' N, Y, U*, N. Both tables belong to sec_0004.",Same as v1.13 (approved PASS). The tables did not change.
LOGIQ_S8,sec_0004,47,5.5-filters_discarding,PASS,,"p47 shows only text and two tables. There is no figure or icon on the page, so nothing was lost by the filters. images.json has no image for sec_0004.",Same as v1.13.
LOGIQ_S8,sec_0004,47,5.5-filters_passing_noise,PASS,,"No image is mapped to p47, so no decorative image is kept as content.",Same as v1.13.
LOGIQ_S8,sec_0004,47,5.5-image_section_mapping,PASS,,p47 has no picture and images.json has no image on p47. This is correct.,Same as v1.13.
LOGIQ_S8,sec_0005,54,5.4-hierarchy_level,PASS,,"'Section 1-3 Important conventions' is a Section heading on p49, level 2 under Chapter 1. Numbered headings such as 1-3-2-1 are sub-headings inside the section.",Same as v1.13; the tree did not change here.
LOGIQ_S8,sec_0005,54,5.4-parent_child,PASS,,"sec_0005 has parent_section_id sec_0002 (Chapter 1). It has no child_sections. The heading on the page is a numbered Section under the Chapter 1 title page, so this nesting is right.",Same as v1.13; the tree did not change here.
LOGIQ_S8,sec_0005,54,5.4-page_start_end,PASS,,p54 is a 'Table 1-8 Label Icons (Continued)' page with table #/tables/35. It is in the middle of sec_0005 (p49-p57). Section 1-4 starts on p58 in sec_0006.,Same as v1.13; the tree did not change here.
LOGIQ_S8,sec_0005,54,5.4-hierarchy_path,PASS,,hierarchy_path is '/Chapter 1/Section 1-3 Important conventions'. It lists Chapter 1 then 'Section 1-3 Important conventions' in the right order and matches the headings on the pages.,Same as v1.13; the tree did not change here.
LOGIQ_S8,sec_0005,54,5.4-gaps_duplicates,PASS,,sec_0005 covers p49-p57. Previous section: sec_0004 (p44-48). Next section: sec_0006 (p58). No page range is missing or doubled.,Same as v1.13; the tree did not change here.
LOGIQ_S8,sec_0005,54,5.4-flagged_for_review,PASS,,"flagged_for_review is false and verification_score is high. The page content shows no sign that the section is wrong, so the flag state is right.",Same as v1.13; the tree did not change here.
LOGIQ_S8,sec_0005,54,5.4-structural_source,PASS,,"structural_source is 'toc'. The bookmark title 'Section 1-3 Important conventions' matches the heading on p49, so the TOC source is supported.",Same as v1.13; the tree did not change here.
LOGIQ_S8,sec_0005,54,5.6-numbering_scheme,PASS,,The footer shows an arabic chapter-page folio. The label 'arabic' is right.,Same as v1.13; the tree did not change here.
LOGIQ_S8,sec_0005,54,5.6-offset_applied,PASS,,"offset_applied is 0. The heading of sec_0005 is on physical p49, the same page as page_start. The footer shows a chapter-page folio ('1 - 9' on p51, '1 - 12' on p54).",Same as v1.13; the tree did not change here.
LOGIQ_S8,sec_0005,54,5.6-table_content,FAIL,Low,"Line-break hyphen kept in a table cell: 'high- risk' in #/tables/35 on p54. Exact search for the whole word fails. Table #/tables/35 on p54 has the 5 label rows of 'Table 1-8 Label Icons (Continued)'. Purpose text and Location values match the render, for example 'Rear of the system' and 'Battery Pack if contains Pb/Cd/Hg'. The Label/Icon column is empty because the icons are pictures.",Low by the reviewer rule of 2026-10-08 (line-break hyphens in cells). Fix planned in Phase 4 (text normalization).
LOGIQ_S8,sec_0005,54,5.5-filters_discarding,FAIL,Low,"p54 shows 5 icons in the Label/Icon column. Only 3 are in images.json: img_0028 (equipotential), img_0029 (WEEE, blue) and img_0030 (battery Pb/Cd/Hg). The small WEEE icon at 'Probe connector' and the orange '10' China mark are still missing.","Same as v1.13. STILL PRESENT (same as v1.12 FAIL). The v1.13 filter change added icons on p55 and p57 but none on p54. Probably the two icons are not wide-short pictures, or they are not image objects. The meaning of each is stated in the table text (WEEE disposal, 10-year China label), so it is Low."
LOGIQ_S8,sec_0005,54,5.5-filters_passing_noise,PASS,,The 3 images on p54 (img_0028 to img_0030) are real label icons. None is decorative.,"Same as v1.13. v1.13 adds 3 new images in sec_0005 on other pages (img_0032 p55, img_0037 p55, img_0044 p57). None is on p54, so this row did not change."
LOGIQ_S8,sec_0005,54,5.5-image_section_mapping,PASS,,"img_0028 to img_0030 are mapped to sec_0005 on p54. Table 1-8 on p54 is owned by sec_0005, so the mapping is right.","Same as v1.13. v1.13 adds 3 new images in sec_0005 on other pages (img_0032 p55, img_0037 p55, img_0044 p57). None is on p54, so this row did not change."
LOGIQ_S8,sec_0006,63,5.4-hierarchy_level,PASS,,"'Section 1-4 Safety Considerations' is a Section heading on p58, level 2 under Chapter 1. Headings 1-4-1 to 1-4-7 are sub-headings inside the section, so level 2 is right.",Same as v1.13; the tree did not change here.
LOGIQ_S8,sec_0006,63,5.4-parent_child,PASS,,"sec_0006 has parent_section_id sec_0002 (Chapter 1). It has no child_sections. The heading on the page is a numbered Section under the Chapter 1 title page, so this nesting is right.",Same as v1.13; the tree did not change here.
LOGIQ_S8,sec_0006,63,5.4-page_start_end,PASS,,p63 holds heading 1-4-6 Auxiliary Devices Safety with its warnings and text. It is in the middle of sec_0006 (p58-p65). Section 1-5 starts on p66 in sec_0007.,Same as v1.13; the tree did not change here.
LOGIQ_S8,sec_0006,63,5.4-hierarchy_path,PASS,,hierarchy_path is '/Chapter 1/Section 1-4 Safety Considerations'. It lists Chapter 1 then 'Section 1-4 Safety Considerations' in the right order and matches the headings on the pages.,Same as v1.13; the tree did not change here.
LOGIQ_S8,sec_0006,63,5.4-gaps_duplicates,PASS,,sec_0006 covers p58-p65. Previous section: sec_0005 (p49-57). Next section: sec_0007 (p66). No page range is missing or doubled.,Same as v1.13; the tree did not change here.
LOGIQ_S8,sec_0006,63,5.4-flagged_for_review,PASS,,"flagged_for_review is false and verification_score is high. The page content shows no sign that the section is wrong, so the flag state is right.",Same as v1.13; the tree did not change here.
LOGIQ_S8,sec_0006,63,5.4-structural_source,PASS,,"structural_source is 'toc'. The bookmark title 'Section 1-4 Safety Considerations' matches the heading on p58, so the TOC source is supported.",Same as v1.13; the tree did not change here.
LOGIQ_S8,sec_0006,63,5.6-numbering_scheme,PASS,,The footer shows an arabic chapter-page folio. The label 'arabic' is right.,Same as v1.13; the tree did not change here.
LOGIQ_S8,sec_0006,63,5.6-offset_applied,PASS,,"offset_applied is 0. The heading of sec_0006 is on physical p58, the same page as page_start. The footer shows a chapter-page folio ('1 - 21').",Same as v1.13; the tree did not change here.
LOGIQ_S8,sec_0006,63,5.6-table_content,PASS,,"p63 has no table. The page is text and warning blocks, and no table node is on p63.",Same as v1.13; the tree did not change here.
LOGIQ_S8,sec_0006,63,5.5-filters_discarding,PASS,,"On p63 each WARNING and CAUTION box has a yellow warning triangle. images.json still has no image for p63. The triangles are not extracted, but they are only decorative icons.",CHANGED grade vs v1.13 (Low to PASS) by rule 6i: the yellow triangle beside WARNING/CAUTION is a decorative icon with no meaning of its own. The warning meaning is in the kept WARNING/CAUTION text.
LOGIQ_S8,sec_0006,63,5.5-filters_passing_noise,PASS,,"No image is mapped to p63, so no noise image is kept.",Same as v1.13; the tree did not change here.
LOGIQ_S8,sec_0006,63,5.5-image_section_mapping,PASS,,"images.json has no image on p63, and the render has no figure. The three PPE icons (img_0047 to img_0049) are on p61 and the figure img_0050 is on p64. All are in sec_0006.",Same as v1.13; the tree did not change here.
LOGIQ_S8,sec_0024,104,5.4-hierarchy_level,PASS,,On p104 the footer reads 'Section 3-6 - ...' under Chapter 3. sec_0024 has hierarchy_level 2 and its parent sec_0018 is 'Chapter 3' at level 1. This matches the bookmark nesting.,Same as v1.13; the tree did not change here.
LOGIQ_S8,sec_0024,104,5.4-parent_child,PASS,,"sec_0024 has parent_section_id sec_0018 ('Chapter 3', p91-188), and the parent lists sec_0024 in child_sections. sec_0024 has no children. This fits the printed structure: p104 shows heading 3-6-3, Figure 3-6 (rear I/O photo) and Table 3-11, all inside one section.",Same as v1.13; the tree did not change here.
LOGIQ_S8,sec_0024,104,5.4-page_start_end,PASS,,"page_start=102 and page_end=106. On p104 I see heading 3-6-3, Figure 3-6 (rear I/O photo) and Table 3-11. Nodes on p104 are #/texts/1122 to #/tables/62 and all belong to this section. Only the running header and footer are boilerplate. The previous section sec_0023 ends on p101 and the next one sec_0025 starts on p107.",Same as v1.13; the tree did not change here.
LOGIQ_S8,sec_0024,104,5.4-hierarchy_path,PASS,,"hierarchy_path is '/Chapter 3/Section 3-6 Completing the Set Up'. The page footer on p104 reads Section 3-6 and Chapter 3 is the parent, so the path is complete and in order.",Same as v1.13; the tree did not change here.
LOGIQ_S8,sec_0024,104,5.4-gaps_duplicates,PASS,,"sec_0024 covers p102 to p106 once. Previous section sec_0023 ends on p101 and next section sec_0025 starts on p107. I see no gap or overlap. On p104 I see heading 3-6-3, Figure 3-6 (rear I/O photo) and Table 3-11.",Same as v1.13; the tree did not change here.
LOGIQ_S8,sec_0024,104,5.4-flagged_for_review,PASS,,"flagged_for_review is false and verification_score is 100. On p104 the section content (heading 3-6-3, Figure 3-6 (rear I/O photo) and Table 3-11) is where the bookmark says, so the unflagged state is right.",Same as v1.13; the tree did not change here.
LOGIQ_S8,sec_0024,104,5.4-structural_source,PASS,,"structural_source is 'toc' (embedded bookmark). The footer on p104 reads 'Section 3-6', which agrees with the bookmark title 'Section 3-6 Completing the Set Up'. No inference is involved.",Same as v1.13; the tree did not change here.
LOGIQ_S8,sec_0024,104,5.6-numbering_scheme,PASS,,"numbering_scheme is 'arabic'. The footer of p104 shows the chapter-page folio '3 - 14', which is an arabic scheme (Chapter 3 starts on p91, so physical p104 is printed 3 - 14).",Same as v1.13; the tree did not change here.
LOGIQ_S8,sec_0024,104,5.6-offset_applied,PASS,,"offset_applied is 0. Physical p104 is printed '3 - 14' and the section starts on p102 as the bookmark says. The folio gap to the physical page is the same as on other Chapter 3 pages (physical minus 90), so no offset error.",Same as v1.13; the tree did not change here.
LOGIQ_S8,sec_0024,104,5.6-table_content,PASS,,"#/tables/62 has 4 rows and 4 columns. Item, Connector Name, Section number and Description match Table 3-11 in the render row by row.",Same as v1.13; the tree did not change here.
LOGIQ_S8,sec_0024,104,5.5-filters_discarding,PASS,,"On p104 I see heading 3-6-3, Figure 3-6 (rear I/O photo) and Table 3-11. Extracted: img_0076. Every figure or screenshot on the page has an extracted image. No meaningful visual is missing.",Same as v1.13. v1.13: image list for this page is the same as in v1.12 (only the id numbers moved by 3). No new image here.
LOGIQ_S8,sec_0024,104,5.5-filters_passing_noise,PASS,,"On p104 the extracted images (img_0076) are real figures or screenshots. I see no logo, rule or decoration kept as an image.",Same as v1.13. v1.13: no new small image appears on this page compared with v1.12.
LOGIQ_S8,sec_0024,104,5.5-image_section_mapping,PASS,,"On p104 the figures (img_0076) are mapped to sec_0024. sec_0024 is the only section on the page and the headings on the page (heading 3-6-3, Figure 3-6 (rear I/O photo)) are in this section, so the mapping is right.",Same as v1.13; the tree did not change here.
LOGIQ_S8,sec_0025,120,5.4-hierarchy_level,PASS,,On p120 the footer reads 'Section 3-7 - ...' under Chapter 3. sec_0025 has hierarchy_level 2 and its parent sec_0018 is 'Chapter 3' at level 1. This matches the bookmark nesting.,Same as v1.13. No change in this node or image for this row.
LOGIQ_S8,sec_0025,120,5.4-parent_child,PASS,,"sec_0025 has parent_section_id sec_0018 ('Chapter 3', p91-188), and the parent lists sec_0025 in child_sections. sec_0025 has no children. This fits the printed structure: p120 shows steps 12 to 14 of 3-7-9 Disk encryption, Figure 3-20 dialog and Figure 3-21 buttons, all inside one section.",Same as v1.13. No change in this node or image for this row.
LOGIQ_S8,sec_0025,120,5.4-page_start_end,PASS,,"page_start=107 and page_end=121. On p120 I see steps 12 to 14 of 3-7-9 Disk encryption, Figure 3-20 dialog and Figure 3-21 buttons. Nodes on p120 are #/texts/1410 to #/texts/1421 and all belong to this section. Only the running header and footer are boilerplate. The previous section sec_0024 ends on p106 and the next one sec_0026 starts on p122.",Same as v1.13. No change in this node or image for this row.
LOGIQ_S8,sec_0025,120,5.4-hierarchy_path,PASS,,"hierarchy_path is '/Chapter 3/Section 3-7 Power On/Off'. The page footer on p120 reads Section 3-7 and Chapter 3 is the parent, so the path is complete and in order.",Same as v1.13. No change in this node or image for this row.
LOGIQ_S8,sec_0025,120,5.4-gaps_duplicates,PASS,,"sec_0025 covers p107 to p121 once. Previous section sec_0024 ends on p106 and next section sec_0026 starts on p122. I see no gap or overlap. On p120 I see steps 12 to 14 of 3-7-9 Disk encryption, Figure 3-20 dialog and Figure 3-21 buttons.",Same as v1.13. No change in this node or image for this row.
LOGIQ_S8,sec_0025,120,5.4-flagged_for_review,PASS,,"flagged_for_review is false and verification_score is 100. On p120 the section content (steps 12 to 14 of 3-7-9 Disk encryption, Figure 3-20 dialog and Figure 3-21 buttons) is where the bookmark says, so the unflagged state is right.",Same as v1.13. No change in this node or image for this row.
LOGIQ_S8,sec_0025,120,5.4-structural_source,PASS,,"structural_source is 'toc' (embedded bookmark). The footer on p120 reads 'Section 3-7', which agrees with the bookmark title 'Section 3-7 Power On/Off'. No inference is involved.",Same as v1.13. No change in this node or image for this row.
LOGIQ_S8,sec_0025,120,5.6-numbering_scheme,PASS,,"numbering_scheme is 'arabic'. The footer of p120 shows the chapter-page folio '3 - 30', which is an arabic scheme (Chapter 3 starts on p91, so physical p120 is printed 3 - 30).",Same as v1.13. No change in this node or image for this row.
LOGIQ_S8,sec_0025,120,5.6-offset_applied,PASS,,"offset_applied is 0. Physical p120 is printed '3 - 30' and the section starts on p107 as the bookmark says. The folio gap to the physical page is the same as on other Chapter 3 pages (physical minus 90), so no offset error.",Same as v1.13. No change in this node or image for this row.
LOGIQ_S8,sec_0025,120,5.5-filters_discarding,PASS,,"On p120 I see steps 12 to 14 of 3-7-9 Disk encryption, Figure 3-20 dialog and Figure 3-21 buttons. Extracted: img_0094 and img_0095. Every figure or screenshot on the page has an extracted image. No meaningful visual is missing.",Same as v1.13. No change in this node or image for this row.
LOGIQ_S8,sec_0025,120,5.5-filters_passing_noise,PASS,,"On p120 the extracted images (img_0094 and img_0095) are real figures or screenshots. I see no logo, rule or decoration kept as an image.",Same as v1.13. No change in this node or image for this row.
LOGIQ_S8,sec_0025,120,5.5-image_section_mapping,PASS,,"On p120 the figures (img_0094 and img_0095) are mapped to sec_0025. sec_0025 is the only section on the page and the headings on the page (steps 12 to 14 of 3-7-9 Disk encryption, Figure 3-20 dialog) are in this section, so the mapping is right.",Same as v1.13. No change in this node or image for this row.
LOGIQ_S8,sec_0028,147,5.4-hierarchy_level,PASS,,On p147 the footer reads 'Section 3-10 - ...' under Chapter 3. sec_0028 has hierarchy_level 2 and its parent sec_0018 is 'Chapter 3' at level 1. This matches the bookmark nesting.,Same as v1.13. No change in this node or image for this row.
LOGIQ_S8,sec_0028,147,5.4-parent_child,PASS,,"sec_0028 has parent_section_id sec_0018 ('Chapter 3', p91-188), and the parent lists sec_0028 in child_sections. sec_0028 has no children. This fits the printed structure: p147 shows heading 3-10-1-4 and Table 3-6 (no figure), all inside one section.",Same as v1.13. No change in this node or image for this row.
LOGIQ_S8,sec_0028,147,5.4-page_start_end,PASS,,page_start=139 and page_end=155. On p147 I see heading 3-10-1-4 and Table 3-6 (no figure). Nodes on p147 are #/texts/1742 to #/tables/65 and all belong to this section. Only the running header and footer are boilerplate. The previous section sec_0027 ends on p138 and the next one sec_0029 starts on p156.,Same as v1.13. No change in this node or image for this row.
LOGIQ_S8,sec_0028,147,5.4-hierarchy_path,PASS,,"hierarchy_path is '/Chapter 3/Section 3-10 Printer Installation'. The page footer on p147 reads Section 3-10 and Chapter 3 is the parent, so the path is complete and in order.",Same as v1.13. No change in this node or image for this row.
LOGIQ_S8,sec_0028,147,5.4-gaps_duplicates,PASS,,sec_0028 covers p139 to p155 once. Previous section sec_0027 ends on p138 and next section sec_0029 starts on p156. I see no gap or overlap. On p147 I see heading 3-10-1-4 and Table 3-6 (no figure).,Same as v1.13. No change in this node or image for this row.
LOGIQ_S8,sec_0028,147,5.4-flagged_for_review,PASS,,"flagged_for_review is false and verification_score is 100. On p147 the section content (heading 3-10-1-4 and Table 3-6 (no figure)) is where the bookmark says, so the unflagged state is right.",Same as v1.13. No change in this node or image for this row.
LOGIQ_S8,sec_0028,147,5.4-structural_source,PASS,,"structural_source is 'toc' (embedded bookmark). The footer on p147 reads 'Section 3-10', which agrees with the bookmark title 'Section 3-10 Printer Installation'. No inference is involved.",Same as v1.13. No change in this node or image for this row.
LOGIQ_S8,sec_0028,147,5.6-numbering_scheme,PASS,,"numbering_scheme is 'arabic'. The footer of p147 shows the chapter-page folio '3 - 57', which is an arabic scheme (Chapter 3 starts on p91, so physical p147 is printed 3 - 57).",Same as v1.13. No change in this node or image for this row.
LOGIQ_S8,sec_0028,147,5.6-offset_applied,PASS,,"offset_applied is 0. Physical p147 is printed '3 - 57' and the section starts on p139 as the bookmark says. The folio gap to the physical page is the same as on other Chapter 3 pages (physical minus 90), so no offset error.",Same as v1.13. No change in this node or image for this row.
LOGIQ_S8,sec_0028,147,5.6-table_content,PASS,,"#/tables/65 has 22 data rows and 7 columns. Values and their order match Table 3-6 in the render. Cells that span rows in the print are empty in later rows, but values are kept.",Same as v1.13. No change in this node or image for this row.
LOGIQ_S8,sec_0028,147,5.5-filters_discarding,PASS,,"On p147 I see heading 3-10-1-4 and Table 3-6 (no figure). No image is extracted, and the page has no figure. No meaningful visual is missing.",Same as v1.13. No change in this node or image for this row.
LOGIQ_S8,sec_0028,147,5.5-filters_passing_noise,PASS,,"No image is extracted for p147, so no decorative element was kept.",Same as v1.13. No change in this node or image for this row.
LOGIQ_S8,sec_0028,147,5.5-image_section_mapping,PASS,,"p147 has no extracted image. The page belongs only to sec_0028, so nothing is mapped to a wrong section.",Same as v1.13. No change in this node or image for this row.
LOGIQ_S8,sec_0028,152,5.4-hierarchy_level,PASS,,On p152 the footer reads 'Section 3-10 - ...' under Chapter 3. sec_0028 has hierarchy_level 2 and its parent sec_0018 is 'Chapter 3' at level 1. This matches the bookmark nesting.,Same as v1.13. No change in this node or image for this row.
LOGIQ_S8,sec_0028,152,5.4-parent_child,PASS,,"sec_0028 has parent_section_id sec_0018 ('Chapter 3', p91-188), and the parent lists sec_0028 in child_sections. sec_0028 has no children. This fits the printed structure: p152 shows heading 3-10-2-2 (cont'd), Figure 3-43 and Figure 3-44 (four screenshots), all inside one section.",Same as v1.13. No change in this node or image for this row.
LOGIQ_S8,sec_0028,152,5.4-page_start_end,PASS,,"page_start=139 and page_end=155. On p152 I see heading 3-10-2-2 (cont'd), Figure 3-43 and Figure 3-44 (four screenshots). Nodes on p152 are #/texts/1787 to #/texts/1797 and all belong to this section. Only the running header and footer are boilerplate. The previous section sec_0027 ends on p138 and the next one sec_0029 starts on p156.",Same as v1.13. No change in this node or image for this row.
LOGIQ_S8,sec_0028,152,5.4-hierarchy_path,PASS,,"hierarchy_path is '/Chapter 3/Section 3-10 Printer Installation'. The page footer on p152 reads Section 3-10 and Chapter 3 is the parent, so the path is complete and in order.",Same as v1.13. No change in this node or image for this row.
LOGIQ_S8,sec_0028,152,5.4-gaps_duplicates,PASS,,"sec_0028 covers p139 to p155 once. Previous section sec_0027 ends on p138 and next section sec_0029 starts on p156. I see no gap or overlap. On p152 I see heading 3-10-2-2 (cont'd), Figure 3-43 and Figure 3-44 (four screenshots).",Same as v1.13. No change in this node or image for this row.
LOGIQ_S8,sec_0028,152,5.4-flagged_for_review,PASS,,"flagged_for_review is false and verification_score is 100. On p152 the section content (heading 3-10-2-2 (cont'd), Figure 3-43 and Figure 3-44 (four screenshots)) is where the bookmark says, so the unflagged state is right.",Same as v1.13. No change in this node or image for this row.
LOGIQ_S8,sec_0028,152,5.4-structural_source,PASS,,"structural_source is 'toc' (embedded bookmark). The footer on p152 reads 'Section 3-10', which agrees with the bookmark title 'Section 3-10 Printer Installation'. No inference is involved.",Same as v1.13. No change in this node or image for this row.
LOGIQ_S8,sec_0028,152,5.6-numbering_scheme,PASS,,"numbering_scheme is 'arabic'. The footer of p152 shows the chapter-page folio '3 - 62', which is an arabic scheme (Chapter 3 starts on p91, so physical p152 is printed 3 - 62).",Same as v1.13. No change in this node or image for this row.
LOGIQ_S8,sec_0028,152,5.6-offset_applied,PASS,,"offset_applied is 0. Physical p152 is printed '3 - 62' and the section starts on p139 as the bookmark says. The folio gap to the physical page is the same as on other Chapter 3 pages (physical minus 90), so no offset error.",Same as v1.13. No change in this node or image for this row.
LOGIQ_S8,sec_0028,152,5.6-table_content,PASS,,p152 has no table. The only table of sec_0028 is #/tables/65 on p147.,Same as v1.13. No change in this node or image for this row.
LOGIQ_S8,sec_0028,152,5.5-filters_discarding,PASS,,"On p152 I see heading 3-10-2-2 (cont'd), Figure 3-43 and Figure 3-44 (four screenshots). Extracted: img_0125 to img_0128. Every figure or screenshot on the page has an extracted image. No meaningful visual is missing.",Same as v1.13. No change in this node or image for this row.
LOGIQ_S8,sec_0028,152,5.5-filters_passing_noise,PASS,,"On p152 the extracted images (img_0125 to img_0128) are real figures or screenshots. I see no logo, rule or decoration kept as an image.",Same as v1.13. No change in this node or image for this row.
LOGIQ_S8,sec_0028,152,5.5-image_section_mapping,PASS,,"On p152 the figures (img_0125 to img_0128) are mapped to sec_0028. sec_0028 is the only section on the page and the headings on the page (heading 3-10-2-2 (cont'd), Figure 3-43) are in this section, so the mapping is right.",Same as v1.13. No change in this node or image for this row.
LOGIQ_S8,sec_0029,157,5.4-hierarchy_level,PASS,,On p157 the footer reads 'Section 3-11 - ...' under Chapter 3. sec_0029 has hierarchy_level 2 and its parent sec_0018 is 'Chapter 3' at level 1. This matches the bookmark nesting.,Same as v1.13. No change in this node or image for this row.
LOGIQ_S8,sec_0029,157,5.4-parent_child,PASS,,"sec_0029 has parent_section_id sec_0018 ('Chapter 3', p91-188), and the parent lists sec_0029 in child_sections. sec_0029 has no children. This fits the printed structure: p157 shows heading 3-11-2-1 Dataflow Examples and Figure 3-46 (three diagrams), all inside one section.",Same as v1.13. No change in this node or image for this row.
LOGIQ_S8,sec_0029,157,5.4-page_start_end,PASS,,page_start=156 and page_end=161. On p157 I see heading 3-11-2-1 Dataflow Examples and Figure 3-46 (three diagrams). Nodes on p157 are #/texts/1854 to #/texts/1864 and all belong to this section. Only the running header and footer are boilerplate. The previous section sec_0028 ends on p155 and the next one sec_0030 starts on p162.,Same as v1.13. No change in this node or image for this row.
LOGIQ_S8,sec_0029,157,5.4-hierarchy_path,PASS,,"hierarchy_path is '/Chapter 3/Section 3-11 Connectivity Setup'. The page footer on p157 reads Section 3-11 and Chapter 3 is the parent, so the path is complete and in order.",Same as v1.13. No change in this node or image for this row.
LOGIQ_S8,sec_0029,157,5.4-gaps_duplicates,PASS,,sec_0029 covers p156 to p161 once. Previous section sec_0028 ends on p155 and next section sec_0030 starts on p162. I see no gap or overlap. On p157 I see heading 3-11-2-1 Dataflow Examples and Figure 3-46 (three diagrams).,Same as v1.13. No change in this node or image for this row.
LOGIQ_S8,sec_0029,157,5.4-flagged_for_review,PASS,,"flagged_for_review is false and verification_score is 100. On p157 the section content (heading 3-11-2-1 Dataflow Examples and Figure 3-46 (three diagrams)) is where the bookmark says, so the unflagged state is right.",Same as v1.13. No change in this node or image for this row.
LOGIQ_S8,sec_0029,157,5.4-structural_source,PASS,,"structural_source is 'toc' (embedded bookmark). The footer on p157 reads 'Section 3-11', which agrees with the bookmark title 'Section 3-11 Connectivity Setup'. No inference is involved.",Same as v1.13. No change in this node or image for this row.
LOGIQ_S8,sec_0029,157,5.6-numbering_scheme,PASS,,"numbering_scheme is 'arabic'. The footer of p157 shows the chapter-page folio '3 - 67', which is an arabic scheme (Chapter 3 starts on p91, so physical p157 is printed 3 - 67).",Same as v1.13. No change in this node or image for this row.
LOGIQ_S8,sec_0029,157,5.6-offset_applied,PASS,,"offset_applied is 0. Physical p157 is printed '3 - 67' and the section starts on p156 as the bookmark says. The folio gap to the physical page is the same as on other Chapter 3 pages (physical minus 90), so no offset error.",Same as v1.13. No change in this node or image for this row.
LOGIQ_S8,sec_0029,157,5.6-table_content,PASS,,p157 has no table. The only table of sec_0029 is #/tables/66 on p160.,Same as v1.13. No change in this node or image for this row.
LOGIQ_S8,sec_0029,157,5.5-filters_discarding,PASS,,"On p157 I see heading 3-11-2-1 Dataflow Examples and Figure 3-46 (three diagrams). Extracted: img_0131, img_0132 and img_0133. Every figure or screenshot on the page has an extracted image. No meaningful visual is missing.",Same as v1.13. No change in this node or image for this row.
LOGIQ_S8,sec_0029,157,5.5-filters_passing_noise,PASS,,"On p157 the extracted images (img_0131, img_0132 and img_0133) are real figures or screenshots. I see no logo, rule or decoration kept as an image.",Same as v1.13. No change in this node or image for this row.
LOGIQ_S8,sec_0029,157,5.5-image_section_mapping,PASS,,"On p157 the figures (img_0131, img_0132 and img_0133) are mapped to sec_0029. sec_0029 is the only section on the page and the headings on the page (heading 3-11-2-1 Dataflow Examples) are in this section, so the mapping is right.",Same as v1.13. No change in this node or image for this row.
LOGIQ_S8,sec_0030,168,5.4-hierarchy_level,PASS,,sec_0030 'Section 3-12 Configuring Connectivity' has hierarchy_level 2. It is a Section heading under Chapter 3 (sec_0018). On p168 the sub-headings 3-12-7-2 and 3-12-7-3 are lower levels inside it.,NEW row (p168 was not sampled in v1.13). Table 3-12 text is unchanged by the BUG-030 fix.
LOGIQ_S8,sec_0030,168,5.4-parent_child,PASS,,The parent is sec_0018 (Chapter 3). sec_0030 has no child sections. On p168 the headings 3-12-7-2 and 3-12-7-3 are inside sec_0030 and need no section of their own.,NEW row (p168 was not sampled in v1.13). Table 3-12 text is unchanged by the BUG-030 fix.
LOGIQ_S8,sec_0030,168,5.4-page_start_end,PASS,,"page_start=162 and page_end=171. On p168 I see 3-12-7-2 Removing a service, 3-12-7-3, Table 3-12 and a bullet list. Nodes #/texts/2011 to #/texts/2032 and #/tables/71 are all in sec_0030. Only the running header and footer are boilerplate.",NEW row (p168 was not sampled in v1.13). Table 3-12 text is unchanged by the BUG-030 fix.
LOGIQ_S8,sec_0030,168,5.4-hierarchy_path,PASS,,"The path is /Chapter 3/Section 3-12 Configuring Connectivity. The footer on p168 reads 'Section 3-12 - Configuring Connectivity', so the path is right.",NEW row (p168 was not sampled in v1.13). Table 3-12 text is unchanged by the BUG-030 fix.
LOGIQ_S8,sec_0030,168,5.4-gaps_duplicates,PASS,,"sec_0030 covers p162 to p171 once. The previous section sec_0029 ends on p161 and the next section sec_0031 starts on p172. On p168 the nodes are #/texts/2011 to #/texts/2032 and #/tables/71, each once. No gap or overlap.",NEW row (p168 was not sampled in v1.13). Table 3-12 text is unchanged by the BUG-030 fix.
LOGIQ_S8,sec_0030,168,5.4-flagged_for_review,PASS,,"flagged_for_review is false. The heading starts the section at the top of p162 and p168 shows clean sub-headings, so no flag is needed.",NEW row (p168 was not sampled in v1.13). Table 3-12 text is unchanged by the BUG-030 fix.
LOGIQ_S8,sec_0030,168,5.4-structural_source,PASS,,"structural_source is 'toc'. The section is a Contents entry for Section 3-12, and the footer of p168 repeats 'Section 3-12 - Configuring Connectivity'.",NEW row (p168 was not sampled in v1.13). Table 3-12 text is unchanged by the BUG-030 fix.
LOGIQ_S8,sec_0030,168,5.6-numbering_scheme,PASS,,"The printed footer on p168 reads '3 - 78'. This is the chapter-page style with an arabic number, and numbering_scheme is 'arabic'.",NEW row (p168 was not sampled in v1.13). Table 3-12 text is unchanged by the BUG-030 fix.
LOGIQ_S8,sec_0030,168,5.6-offset_applied,PASS,,"offset_applied is 0. The sampled page is physical p168 and the printed footer is '3 - 78' in Chapter 3. The nodes on p168 have page_no 168, so the mapping is consistent.",NEW row (p168 was not sampled in v1.13). Table 3-12 text is unchanged by the BUG-030 fix.
LOGIQ_S8,sec_0030,168,5.6-table_content,PASS,,"#/tables/71 is Table 3-12 with 6 data rows (Name, AE Title, Port Number, Maximum Retries, Retry Interval, Timeout). Each row has its Description in the right column and matches the p168 render. Nothing is lost or doubled.",NEW row (p168 was not sampled in v1.13). Table 3-12 text is unchanged by the BUG-030 fix.
LOGIQ_S8,sec_0030,168,5.5-filters_discarding,PASS,,"p168 has no figure or icon, only text, one table and a bullet list. No image is extracted and nothing meaningful is missing.",NEW row (p168 was not sampled in v1.13). Table 3-12 text is unchanged by the BUG-030 fix.
LOGIQ_S8,sec_0030,168,5.5-filters_passing_noise,PASS,,"No image is extracted for p168, so no decorative element was kept as an image.",NEW row (p168 was not sampled in v1.13). Table 3-12 text is unchanged by the BUG-030 fix.
LOGIQ_S8,sec_0030,168,5.5-image_section_mapping,PASS,,"p168 has no extracted image. The page belongs only to sec_0030, so nothing is mapped to a wrong section.",NEW row (p168 was not sampled in v1.13). Table 3-12 text is unchanged by the BUG-030 fix.
LOGIQ_S8,sec_0031,180,5.4-hierarchy_level,PASS,,On p180 the footer reads 'Section 3-13 - ...' under Chapter 3. sec_0031 has hierarchy_level 2 and its parent sec_0018 is 'Chapter 3' at level 1. This matches the bookmark nesting.,Same as v1.13. No change in this node or image for this row.
LOGIQ_S8,sec_0031,180,5.4-parent_child,PASS,,"sec_0031 has parent_section_id sec_0018 ('Chapter 3', p91-188), and the parent lists sec_0031 in child_sections. sec_0031 has no children. This fits the printed structure: p180 shows heading 3-13-8 Configuring Request for Service (RFS), Figure 3-56 and Figure 3-57 (two screenshots), all inside one section.",Same as v1.13. No change in this node or image for this row.
LOGIQ_S8,sec_0031,180,5.4-page_start_end,PASS,,"page_start=172 and page_end=182. On p180 I see heading 3-13-8 Configuring Request for Service (RFS), Figure 3-56 and Figure 3-57 (two screenshots). Nodes on p180 are #/texts/2165 to #/texts/2178 and all belong to this section. Only the running header and footer are boilerplate. The previous section sec_0030 ends on p171 and the next one sec_0032 starts on p183.",Same as v1.13. No change in this node or image for this row.
LOGIQ_S8,sec_0031,180,5.4-hierarchy_path,PASS,,"hierarchy_path is '/Chapter 3/Section 3-13 Setting up InSite Connection (R1 to R4)'. The page footer on p180 reads Section 3-13 and Chapter 3 is the parent, so the path is complete and in order.",Same as v1.13. No change in this node or image for this row.
LOGIQ_S8,sec_0031,180,5.4-gaps_duplicates,PASS,,"sec_0031 covers p172 to p182 once. Previous section sec_0030 ends on p171 and next section sec_0032 starts on p183. I see no gap or overlap. On p180 I see heading 3-13-8 Configuring Request for Service (RFS), Figure 3-56 and Figure 3-57 (two screenshots).",Same as v1.13. No change in this node or image for this row.
LOGIQ_S8,sec_0031,180,5.4-flagged_for_review,PASS,,"flagged_for_review is false and verification_score is 100. On p180 the section content (heading 3-13-8 Configuring Request for Service (RFS), Figure 3-56 and Figure 3-57 (two screenshots)) is where the bookmark says, so the unflagged state is right.",Same as v1.13. No change in this node or image for this row.
LOGIQ_S8,sec_0031,180,5.4-structural_source,PASS,,"structural_source is 'toc' (embedded bookmark). The footer on p180 reads 'Section 3-13', which agrees with the bookmark title 'Section 3-13 Setting up InSite Connection (R1 to R4)'. No inference is involved.",Same as v1.13. No change in this node or image for this row.
LOGIQ_S8,sec_0031,180,5.6-numbering_scheme,PASS,,"numbering_scheme is 'arabic'. The footer of p180 shows the chapter-page folio '3 - 90', which is an arabic scheme (Chapter 3 starts on p91, so physical p180 is printed 3 - 90).",Same as v1.13. No change in this node or image for this row.
LOGIQ_S8,sec_0031,180,5.6-offset_applied,PASS,,"offset_applied is 0. Physical p180 is printed '3 - 90' and the section starts on p172 as the bookmark says. The folio gap to the physical page is the same as on other Chapter 3 pages (physical minus 90), so no offset error.",Same as v1.13. No change in this node or image for this row.
LOGIQ_S8,sec_0031,180,5.6-table_content,PASS,,p180 has no table. The tables of sec_0031 are #/tables/72 to #/tables/74 on p172 to p179.,Same as v1.13. No change in this node or image for this row.
LOGIQ_S8,sec_0031,180,5.5-filters_discarding,PASS,,"On p180 I see heading 3-13-8 Configuring Request for Service (RFS), Figure 3-56 and Figure 3-57 (two screenshots). Extracted: img_0164 and img_0165. Every figure or screenshot on the page has an extracted image. No meaningful visual is missing.",Same as v1.13. No change in this node or image for this row.
LOGIQ_S8,sec_0031,180,5.5-filters_passing_noise,PASS,,"On p180 the extracted images (img_0164 and img_0165) are real figures or screenshots. I see no logo, rule or decoration kept as an image.",Same as v1.13. No change in this node or image for this row.
LOGIQ_S8,sec_0031,180,5.5-image_section_mapping,PASS,,"On p180 the figures (img_0164 and img_0165) are mapped to sec_0031. sec_0031 is the only section on the page and the headings on the page (heading 3-13-8 Configuring Request for Service (RFS), Figure 3-56) are in this section, so the mapping is right.",Same as v1.13. No change in this node or image for this row.
LOGIQ_S8,sec_0032,183,5.4-hierarchy_level,PASS,,On p183 the footer reads 'Section 3-14 - ...' under Chapter 3. sec_0032 has hierarchy_level 2 and its parent sec_0018 is 'Chapter 3' at level 1. This matches the bookmark nesting.,Same as v1.13 (checked on the p183 render).
LOGIQ_S8,sec_0032,183,5.4-parent_child,PASS,,"sec_0032 has parent_section_id sec_0018 ('Chapter 3', p91-188), and the parent lists sec_0032 in child_sections. sec_0032 has no children. This fits the printed structure: p183 shows Section 3-14 heading, 3-14-1, 3-14-2 and two web screenshots, all inside one section.",Same as v1.13 (checked on the p183 render).
LOGIQ_S8,sec_0032,183,5.4-page_start_end,PASS,,"page_start=183 and page_end=184. On p183 I see Section 3-14 heading, 3-14-1, 3-14-2 and two web screenshots. Nodes on p183 are #/texts/2202 to #/texts/2214 and all belong to this section. Only the running header and footer are boilerplate. The previous section sec_0031 ends on p182 and the next one sec_0033 starts on p185.",Same as v1.13 (checked on the p183 render).
LOGIQ_S8,sec_0032,183,5.4-hierarchy_path,PASS,,"hierarchy_path is '/Chapter 3/Section 3-14 Agent Configuration (R4.2.5x and later)'. The page footer on p183 reads Section 3-14 and Chapter 3 is the parent, so the path is complete and in order.",Same as v1.13 (checked on the p183 render).
LOGIQ_S8,sec_0032,183,5.4-gaps_duplicates,PASS,,"sec_0032 covers p183 to p184 once. Previous section sec_0031 ends on p182 and next section sec_0033 starts on p185. I see no gap or overlap. On p183 I see Section 3-14 heading, 3-14-1, 3-14-2 and two web screenshots.",Same as v1.13 (checked on the p183 render).
LOGIQ_S8,sec_0032,183,5.4-flagged_for_review,PASS,,"flagged_for_review is false and verification_score is 100. On p183 the section content (Section 3-14 heading, 3-14-1, 3-14-2 and two web screenshots) is where the bookmark says, so the unflagged state is right.",Same as v1.13 (checked on the p183 render).
LOGIQ_S8,sec_0032,183,5.4-structural_source,PASS,,"structural_source is 'toc' (embedded bookmark). The footer on p183 reads 'Section 3-14', which agrees with the bookmark title 'Section 3-14 Agent Configuration (R4.2.5x and later)'. No inference is involved.",Same as v1.13 (checked on the p183 render).
LOGIQ_S8,sec_0032,183,5.6-numbering_scheme,PASS,,"numbering_scheme is 'arabic'. The footer of p183 shows the chapter-page folio '3 - 93', which is an arabic scheme (Chapter 3 starts on p91, so physical p183 is printed 3 - 93).",Same as v1.13 (checked on the p183 render).
LOGIQ_S8,sec_0032,183,5.6-offset_applied,PASS,,"offset_applied is 0. Physical p183 is printed '3 - 93' and the section starts on p183 as the bookmark says. The folio gap to the physical page is the same as on other Chapter 3 pages (physical minus 90), so no offset error.",Same as v1.13 (checked on the p183 render).
LOGIQ_S8,sec_0032,183,5.5-filters_discarding,PASS,,"On p183 I see Section 3-14 heading, 3-14-1, 3-14-2 and two web screenshots. Extracted: img_0169 and img_0170. Every figure or screenshot on the page has an extracted image. No meaningful visual is missing.",Same as v1.13 (checked on the p183 render). v1.13: image list for this page is the same as in v1.12 (only the id numbers moved by 3). No new image here.
LOGIQ_S8,sec_0032,183,5.5-filters_passing_noise,PASS,,"On p183 the extracted images (img_0169 and img_0170) are real figures or screenshots. I see no logo, rule or decoration kept as an image.",Same as v1.13 (checked on the p183 render). v1.13: no new small image appears on this page compared with v1.12.
LOGIQ_S8,sec_0032,183,5.5-image_section_mapping,PASS,,"On p183 the figures (img_0169 and img_0170) are mapped to sec_0032. sec_0032 is the only section on the page and the headings on the page (Section 3-14 heading, 3-14-1, 3-14-2) are in this section, so the mapping is right.",Same as v1.13 (checked on the p183 render).
LOGIQ_S8,sec_0038,195,5.4-hierarchy_level,PASS,,"Section 4-3 General procedures (sec_0038) has hierarchy_level 2. The render shows a section heading under its chapter, so level 2 is right. p195 shows 4-3-5 Monitor Positions Adjustment, 4-3-5-1, Figure 4-3 and a monitor-range table.",Same as v1.13. No change in this node or image for this row.
LOGIQ_S8,sec_0038,195,5.4-parent_child,PASS,,"parent_section_id is sec_0035 (Chapter 4) and child_sections is empty. This matches the bookmark nesting. Sub-headings such as 4-x-y are text nodes inside sec_0038, not separate sections. p195 shows 4-3-5 Monitor Positions Adjustment, 4-3-5-1, Figure 4-3 and a monitor-range table.",Same as v1.13. No change in this node or image for this row.
LOGIQ_S8,sec_0038,195,5.4-page_start_end,PASS,,"The section runs p190-p205. Its heading starts the section on its first page and the next section sec_0039 (4-4, p206) starts after it. On the sampled page nodes belong to sec_0038: p195 shows 4-3-5 Monitor Positions Adjustment, 4-3-5-1, Figure 4-3 and a monitor-range table.",Same as v1.13. No change in this node or image for this row.
LOGIQ_S8,sec_0038,195,5.4-hierarchy_path,PASS,,"hierarchy_path is '/Chapter 4/Section 4-3 General procedures'. Chapter, then section, in the right order, same as the printed headings.",Same as v1.13. No change in this node or image for this row.
LOGIQ_S8,sec_0038,195,5.4-gaps_duplicates,PASS,,"Previous section is sec_0037 (4-2, p189) and next is sec_0039 (4-4, p206). The page ranges join with no gap and no overlap. No duplicated nodes seen on the sampled page. p195 shows 4-3-5 Monitor Positions Adjustment, 4-3-5-1, Figure 4-3 and a monitor-range table.",Same as v1.13. No change in this node or image for this row.
LOGIQ_S8,sec_0038,195,5.4-flagged_for_review,PASS,,"flagged_for_review is false and verification_score is 100. Heading and content on the sampled page agree with the tree, so no flag is needed.",Same as v1.13. No change in this node or image for this row.
LOGIQ_S8,sec_0038,195,5.4-structural_source,PASS,,structural_source is 'toc'. The section is an embedded bookmark and the same heading is printed at the top of its first page.,Same as v1.13. No change in this node or image for this row.
LOGIQ_S8,sec_0038,195,5.6-numbering_scheme,PASS,,"numbering_scheme is arabic. The printed folio on the sampled page is '4 - 7', chapter-page style with arabic digits, and no roman folios appear.",Same as v1.13. No change in this node or image for this row.
LOGIQ_S8,sec_0038,195,5.6-offset_applied,PASS,,"offset_applied is 0. The sampled physical page p195 is the page the tree uses, and the folio '4 - 7' is consistent with the section sequence, so no shift is needed.",Same as v1.13. No change in this node or image for this row.
LOGIQ_S8,sec_0038,195,5.6-table_content,PASS,,"On p195 the table #/tables/77 has three columns: 19 inch LCD, 23 inch Wide and 22 inch Wide monitor. Every range value (7.5 cm, 18 cm, 90 degrees, 6.6 cm, 13.5 cm, 15 cm, 89 degrees) is under the right column.",Same as v1.13. No change in this node or image for this row.
LOGIQ_S8,sec_0038,195,5.5-filters_discarding,PASS,,On p195 img_0182 (600x532) holds the full Figure 4-3 with both monitor views. The CAUTION box under 4-3-5 has a yellow warning triangle that is not extracted. It is a decorative icon.,CHANGED vs v1.13 (Low -> PASS). Brief rule 6i. The word CAUTION and its sentence are in text nodes.
LOGIQ_S8,sec_0038,195,5.5-filters_passing_noise,PASS,,"img_0182 shows only the figure. It has no heading, footer or body text inside the crop.",Same as v1.13. No change in this node or image for this row.
LOGIQ_S8,sec_0038,195,5.5-image_section_mapping,PASS,,"img_0182 (p195) is mapped to sec_0038. It sits under 4-3-5-1 and above Figure 4-3, which is in sec_0038.",Same as v1.13. No change in this node or image for this row.
LOGIQ_S8,sec_0038,198,5.4-hierarchy_level,PASS,,"Section 4-3 General procedures (sec_0038) has hierarchy_level 2. The render shows a section heading under its chapter, so level 2 is right. p198 shows 4-3-6-2 operator panel swivel with Figures 4-7 and 4-8 and a NOTICE.",Same as v1.13. No change in this node or image for this row.
LOGIQ_S8,sec_0038,198,5.4-parent_child,PASS,,"parent_section_id is sec_0035 (Chapter 4) and child_sections is empty. This matches the bookmark nesting. Sub-headings such as 4-x-y are text nodes inside sec_0038, not separate sections. p198 shows 4-3-6-2 operator panel swivel with Figures 4-7 and 4-8 and a NOTICE.",Same as v1.13. No change in this node or image for this row.
LOGIQ_S8,sec_0038,198,5.4-page_start_end,PASS,,"sec_0038 runs p190-205. p198 holds 4-3-6-2 text and Figures 4-7 and 4-8, all in sec_0038. The last page p205 ends with Figure 4-14 and section 4-4 starts on p206.",Same as v1.13. No change in this node or image for this row.
LOGIQ_S8,sec_0038,198,5.4-hierarchy_path,PASS,,"hierarchy_path is '/Chapter 4/Section 4-3 General procedures'. Chapter, then section, in the right order, same as the printed headings.",Same as v1.13. No change in this node or image for this row.
LOGIQ_S8,sec_0038,198,5.4-gaps_duplicates,PASS,,"Previous section is sec_0037 (4-2, p189) and next is sec_0039 (4-4, p206). The page ranges join with no gap and no overlap. No duplicated nodes seen on the sampled page. p198 shows 4-3-6-2 operator panel swivel with Figures 4-7 and 4-8 and a NOTICE.",Same as v1.13. No change in this node or image for this row.
LOGIQ_S8,sec_0038,198,5.4-flagged_for_review,PASS,,"flagged_for_review is false and verification_score is 100. Heading and content on the sampled page agree with the tree, so no flag is needed.",Same as v1.13. No change in this node or image for this row.
LOGIQ_S8,sec_0038,198,5.4-structural_source,PASS,,structural_source is 'toc'. The section is an embedded bookmark and the same heading is printed at the top of its first page.,Same as v1.13. No change in this node or image for this row.
LOGIQ_S8,sec_0038,198,5.6-numbering_scheme,PASS,,"numbering_scheme is arabic. The printed folio on the sampled page is '4 - 10', chapter-page style with arabic digits, and no roman folios appear.",Same as v1.13. No change in this node or image for this row.
LOGIQ_S8,sec_0038,198,5.6-offset_applied,PASS,,"offset_applied is 0. The sampled physical page p198 is the page the tree uses, and the folio '4 - 10' is consistent with the section sequence, so no shift is needed.",Same as v1.13. No change in this node or image for this row.
LOGIQ_S8,sec_0038,198,5.6-table_content,PASS,,"The p198 render shows no table, and no table node of sec_0038 is on p198. Nothing to compare.",Same as v1.13. No change in this node or image for this row.
LOGIQ_S8,sec_0038,198,5.5-filters_discarding,FAIL,Low,On p198 img_0186 (585x404) is the photo for Figure 4-8. The render has a red ellipse around the swivel lever. The ellipse is not in img_0186. The number 1 and its arrow are kept. img_0187 (Figure 4-7) is complete.,"Same as v1.13. Probably BUG-010 or BUG-017 (overlay or small icon not in the crop). The meaning is kept in the text, so the impact is low. verify_claims lists two rasters (287x377 and 300x95 px) as missing: false alarm. Both are inside vector img_0187 (Figure 4-7, seen in the render). Only the red ellipse of Figure 4-8 is lost, so Low."
LOGIQ_S8,sec_0038,198,5.5-filters_passing_noise,PASS,,img_0186 and img_0187 (p198) contain only the figures and their own labels such as 'Swivel'. No heading or footer text is inside the crops.,Same as v1.13. No change in this node or image for this row.
LOGIQ_S8,sec_0038,198,5.5-image_section_mapping,PASS,,img_0186 and img_0187 (p198) are mapped to sec_0038. Both figures sit under 4-3-6-2 in the same section.,Same as v1.13. No change in this node or image for this row.
LOGIQ_S8,sec_0039,207,5.4-hierarchy_level,PASS,,"Section 4-4 Functional Checks (sec_0039) has hierarchy_level 2. The page heading 'Section ...' is a section heading under its chapter, so level 2 is right. Printed page 4 - 19 on p207.",same as v1.13.
LOGIQ_S8,sec_0039,207,5.4-parent_child,PASS,,"parent_section_id is sec_0035 (Chapter 4) and child_sections is empty. This matches the chapter and section headings on the render. Sub-headings such as x-y-z are text nodes inside sec_0039, not separate sections.",same as v1.13.
LOGIQ_S8,sec_0039,207,5.4-page_start_end,PASS,,"p207 shows heading 4-4-4 Basic Controls, 4-4-4-1 Control Panel Map, Figure 4-15 and the key list 1 to 22. All of it is in sec_0039 (nodes #/texts/2583 to 2610). The page after the list is blank and the footer is '4 - 19'.",Same as v1.13 (PASS). Tree for this page is unchanged.
LOGIQ_S8,sec_0039,207,5.4-hierarchy_path,PASS,,"hierarchy_path is '/Chapter 4/Section 4-4 Functional Checks'. Chapter, then section, in the right order, same as the printed headings.",same as v1.13.
LOGIQ_S8,sec_0039,207,5.4-gaps_duplicates,PASS,,"The 22 list lines on p207 appear once each, in print order. p206 ends with 4-4-3 Preparation and p207 starts with 4-4-4, so there is no gap or repeat.",same as v1.13.
LOGIQ_S8,sec_0039,207,5.4-flagged_for_review,PASS,,flagged_for_review is false and structural_source is toc. The render of p207 shows nothing that needs a flag.,
LOGIQ_S8,sec_0039,207,5.4-structural_source,PASS,,"structural_source is toc, from the embedded bookmarks. The bookmark title 'Section 4-4 Functional Checks' matches the printed heading, which first prints on p206.",
LOGIQ_S8,sec_0039,207,5.6-numbering_scheme,PASS,,"numbering_scheme is arabic. The footer of p207 prints '4 - 19' (chapter - page), which is a plain arabic scheme.",
LOGIQ_S8,sec_0039,207,5.6-offset_applied,PASS,,"offset_applied is 0. The heading 'Section 4-4 Functional Checks' first prints on physical p206, which is page_start. So no offset is needed.",
LOGIQ_S8,sec_0039,207,5.6-table_content,PASS,,No table is printed on p207 and no table node of sec_0039 is on p207. The only table of this section here is the Contents table #/tables/78 on p206.,same as v1.13.
LOGIQ_S8,sec_0039,207,5.5-filters_discarding,PASS,,"img_0197 (p207, 472x347) shows the whole control panel with all 22 numbered callouts. The key names are also in text nodes. Nothing is cut.",
LOGIQ_S8,sec_0039,207,5.5-filters_passing_noise,FAIL,Low,"The p207 image img_0197 is clean. But the same section keeps page text inside vector images. img_0201 (p210, 961x1343) holds the 4-4-5-1 heading, body lines cut at the right edge, the caption and the top of the footer. img_0210 (p223, 859x411) holds the heading '4-4-14-1 Operator panel Test' cut at the top.","v1.13: STILL PRESENT, same as before. The v1.13 row was graded for the whole section on p207 and is kept here; the p210 row is PASS to avoid counting twice. Probably BUG-010 (crop box larger than the figure). The text is also in section nodes, so nothing is lost. Impact: extra text in the crop."
LOGIQ_S8,sec_0039,207,5.5-image_section_mapping,PASS,,"img_0197 (p207) is mapped to sec_0039. It sits under 4-4-4-1 Control Panel Map, which is in sec_0039.",
LOGIQ_S8,sec_0045,247,5.4-hierarchy_level,PASS,,"Section 5-2 General Information (sec_0045) has hierarchy_level 2. The page heading 'Section ...' is a section heading under its chapter, so level 2 is right. Printed page 5 - 9 on p247.",same as v1.13.
LOGIQ_S8,sec_0045,247,5.4-parent_child,PASS,,"parent_section_id is sec_0043 (Chapter 5) and child_sections is empty. This matches the chapter and section headings on the render. Sub-headings such as x-y-z are text nodes inside sec_0045, not separate sections.",same as v1.13.
LOGIQ_S8,sec_0045,247,5.4-page_start_end,PASS,,"p247 has heading 5-2-3-4 USB ports on the OPIO, one paragraph, Table 5-4 and footer '5 - 9'. All of it is in sec_0045. p248 then continues with 5-2-4 Rear panel in the same section.",Same as v1.13 (PASS).
LOGIQ_S8,sec_0045,247,5.4-hierarchy_path,PASS,,"hierarchy_path is '/Chapter 5/Section 5-2 General Information'. Chapter, then section, in the right order, same as the printed headings.",same as v1.13.
LOGIQ_S8,sec_0045,247,5.4-gaps_duplicates,PASS,,"p247 nodes (#/texts/3368 to 3373 and #/tables/91) appear once. p246 ends with Table 5-3 and p247 starts with 5-2-3-4, so no gap or repeat.",same as v1.13.
LOGIQ_S8,sec_0045,247,5.4-flagged_for_review,PASS,,flagged_for_review is false and structural_source is toc. The render of p247 shows nothing that needs a flag.,
LOGIQ_S8,sec_0045,247,5.4-structural_source,PASS,,"structural_source is toc, from the embedded bookmarks. The bookmark title 'Section 5-2 General Information' matches the printed heading, which first prints on p240.",
LOGIQ_S8,sec_0045,247,5.6-numbering_scheme,PASS,,"numbering_scheme is arabic. The footer of p247 prints '5 - 9' (chapter - page), which is a plain arabic scheme.",
LOGIQ_S8,sec_0045,247,5.6-offset_applied,PASS,,"offset_applied is 0. The heading 'Section 5-2 General Information' first prints on physical p240, which is page_start. So no offset is needed.",
LOGIQ_S8,sec_0045,247,5.6-table_content,PASS,,"On p247 #/tables/91 has 'Software version | Description' and the row 'R4 | USB 3.0, 5 Gbps, 5V 900 mA'. This matches the render for Table 5-4.",Same as v1.13 (PASS).
LOGIQ_S8,sec_0045,247,5.5-filters_discarding,PASS,,The p247 render shows only text and one table. No figure is missing from images.json.,
LOGIQ_S8,sec_0045,247,5.5-filters_passing_noise,PASS,,No image is kept for p247 and no decorative element is kept as an image.,
LOGIQ_S8,sec_0045,247,5.5-image_section_mapping,PASS,,No image is mapped to p247 and the render shows none that belongs to sec_0045.,
LOGIQ_S8,sec_0046,249,5.4-hierarchy_level,PASS,,"Section 5-3 Power Distribution (sec_0046) has hierarchy_level 2. The render shows a section heading under its chapter, so level 2 is right. p249 shows 5-3-1 and 5-3-2 text, the power-up block diagram and the 10-step sequence list.",Same as v1.13 (checked on the p249 render).
LOGIQ_S8,sec_0046,249,5.4-parent_child,PASS,,"parent_section_id is sec_0043 (Chapter 5) and child_sections is empty. This matches the bookmark nesting. Sub-headings such as 4-x-y are text nodes inside sec_0046, not separate sections. p249 shows 5-3-1 and 5-3-2 text, the power-up block diagram and the 10-step sequence list.",Same as v1.13 (checked on the p249 render).
LOGIQ_S8,sec_0046,249,5.4-page_start_end,PASS,,"The section runs p249-p249. Its heading starts the section on its first page and the next section sec_0047 (5-4, p250) starts after it. On the sampled page nodes belong to sec_0046: p249 shows 5-3-1 and 5-3-2 text, the power-up block diagram and the 10-step sequence list.",Same as v1.13 (checked on the p249 render).
LOGIQ_S8,sec_0046,249,5.4-hierarchy_path,PASS,,"hierarchy_path is '/Chapter 5/Section 5-3 Power Distribution'. Chapter, then section, in the right order, same as the printed headings.",Same as v1.13 (checked on the p249 render).
LOGIQ_S8,sec_0046,249,5.4-gaps_duplicates,PASS,,"Previous section is sec_0045 (5-2, p240-248) and next is sec_0047 (5-4, p250). The page ranges join with no gap and no overlap. No duplicated nodes seen on the sampled page. p249 shows 5-3-1 and 5-3-2 text, the power-up block diagram and the 10-step sequence list.",Same as v1.13 (checked on the p249 render).
LOGIQ_S8,sec_0046,249,5.4-flagged_for_review,PASS,,"flagged_for_review is false and verification_score is 100. Heading and content on the sampled page agree with the tree, so no flag is needed.",Same as v1.13 (checked on the p249 render).
LOGIQ_S8,sec_0046,249,5.4-structural_source,PASS,,structural_source is 'toc'. The section is an embedded bookmark and the same heading is printed at the top of its first page.,Same as v1.13 (checked on the p249 render).
LOGIQ_S8,sec_0046,249,5.6-numbering_scheme,PASS,,"numbering_scheme is arabic. The printed folio on the sampled page is '5 - 11', chapter-page style with arabic digits, and no roman folios appear.",Same as v1.13 (checked on the p249 render).
LOGIQ_S8,sec_0046,249,5.6-offset_applied,PASS,,"offset_applied is 0. The sampled physical page p249 is the page the tree uses, and the folio '5 - 11' is consistent with the section sequence, so no shift is needed.","Same as v1.13 (checked on the p249 render). Printed folios are chapter-based (chapter-page), so they are not compared to the physical number directly."
LOGIQ_S8,sec_0046,249,5.5-filters_discarding,PASS,,On p249 img_0238 (787x308) holds the full power-up block diagram. Nothing in it is cut. The two NOTICE boxes at the bottom have a small yellow warning triangle. These triangles are not in images.json.,"CHANGED vs v1.13 (was Low). The triangle is a decorative icon beside NOTICE (rule 6i). The word NOTICE and its sentence are in the text, so nothing is lost."
LOGIQ_S8,sec_0046,249,5.5-filters_passing_noise,PASS,,"img_0238 holds only the diagram, plus a thin grey band of page background at the bottom. No heading, footer or body text is inside the crop.",Same as v1.13 (checked on the p249 render).
LOGIQ_S8,sec_0046,249,5.5-image_section_mapping,PASS,,img_0238 (p249) is mapped to sec_0046. The diagram is under 5-3-2 Power Up Sequence Description in sec_0046.,Same as v1.13 (checked on the p249 render). v1.13: same image list as v1.12; no new image in this section.
LOGIQ_S8,sec_0047,250,5.4-hierarchy_level,PASS,,"Section 5-4 Power Loss description (sec_0047) has hierarchy_level 2. The render shows a section heading under its chapter, so level 2 is right. p250 shows a short text about power loss, three bullets and one paragraph.",Same as v1.13 (checked on the p250 render).
LOGIQ_S8,sec_0047,250,5.4-parent_child,PASS,,"parent_section_id is sec_0043 (Chapter 5) and child_sections is empty. This matches the bookmark nesting. Sub-headings such as 4-x-y are text nodes inside sec_0047, not separate sections. p250 shows a short text about power loss, three bullets and one paragraph.",Same as v1.13 (checked on the p250 render).
LOGIQ_S8,sec_0047,250,5.4-page_start_end,PASS,,"The section runs p250-p250. Its heading starts the section on its first page and the next section sec_0048 (5-5, p251) starts after it. On the sampled page nodes belong to sec_0047: p250 shows a short text about power loss, three bullets and one paragraph.",Same as v1.13 (checked on the p250 render).
LOGIQ_S8,sec_0047,250,5.4-hierarchy_path,PASS,,"hierarchy_path is '/Chapter 5/Section 5-4 Power Loss description'. Chapter, then section, in the right order, same as the printed headings.",Same as v1.13 (checked on the p250 render).
LOGIQ_S8,sec_0047,250,5.4-gaps_duplicates,PASS,,"Previous section is sec_0046 (5-3, p249) and next is sec_0048 (5-5, p251). The page ranges join with no gap and no overlap. No duplicated nodes seen on the sampled page. p250 shows a short text about power loss, three bullets and one paragraph.",Same as v1.13 (checked on the p250 render).
LOGIQ_S8,sec_0047,250,5.4-flagged_for_review,PASS,,"flagged_for_review is false and verification_score is 100. Heading and content on the sampled page agree with the tree, so no flag is needed.",Same as v1.13 (checked on the p250 render).
LOGIQ_S8,sec_0047,250,5.4-structural_source,PASS,,structural_source is 'toc'. The section is an embedded bookmark and the same heading is printed at the top of its first page.,Same as v1.13 (checked on the p250 render).
LOGIQ_S8,sec_0047,250,5.6-numbering_scheme,PASS,,"numbering_scheme is arabic. The printed folio on the sampled page is '5 - 12', chapter-page style with arabic digits, and no roman folios appear.",Same as v1.13 (checked on the p250 render).
LOGIQ_S8,sec_0047,250,5.6-offset_applied,PASS,,"offset_applied is 0. The sampled physical page p250 is the page the tree uses, and the folio '5 - 12' is consistent with the section sequence, so no shift is needed.","Same as v1.13 (checked on the p250 render). Printed folios are chapter-based (chapter-page), so they are not compared to the physical number directly."
LOGIQ_S8,sec_0047,250,5.5-filters_discarding,PASS,,The p250 render shows only text and bullets that needs an image. No meaningful figure is missing from images.json.,Same as v1.13 (checked on the p250 render).
LOGIQ_S8,sec_0047,250,5.5-filters_passing_noise,PASS,,"No image is mapped to p250, so no decorative or page text was kept as an image.",Same as v1.13 (checked on the p250 render).
LOGIQ_S8,sec_0047,250,5.5-image_section_mapping,PASS,,No image is mapped to p250 and the render shows none that belongs to sec_0047.,Same as v1.13 (checked on the p250 render). v1.13: same image list as v1.12; no new image in this section.
LOGIQ_S8,sec_0050,258,5.4-hierarchy_level,PASS,,"Section 5-7 Hardware Options. (sec_0050) has hierarchy_level 2. The page heading 'Section ...' is a section heading under its chapter, so level 2 is right. Printed page 5 - 20 on p258.",same as v1.13.
LOGIQ_S8,sec_0050,258,5.4-parent_child,PASS,,"parent_section_id is sec_0043 (Chapter 5) and child_sections is empty. This matches the chapter and section headings on the render. Sub-headings such as x-y-z are text nodes inside sec_0050, not separate sections.",same as v1.13.
LOGIQ_S8,sec_0050,258,5.4-page_start_end,PASS,,"p258 has the last two rows of Table 5-6 Hardware option list and footer '5 - 20'. The rest of the page is blank. Nodes (#/texts/3473 to 3476, #/tables/99) are in sec_0050 (p255-262). 5-7-1 starts on p259 in the same section.",Same as v1.13 (PASS).
LOGIQ_S8,sec_0050,258,5.4-hierarchy_path,PASS,,"hierarchy_path is '/Chapter 5/Section 5-7 Hardware Options.'. Chapter, then section, in the right order, same as the printed headings.",same as v1.13.
LOGIQ_S8,sec_0050,258,5.4-gaps_duplicates,PASS,,"Table 5-6 is in four nodes on p255 to p258 (#/tables/96 to 99). p258 has only its own two rows, once each.",same as v1.13.
LOGIQ_S8,sec_0050,258,5.4-flagged_for_review,PASS,,flagged_for_review is false and structural_source is toc. The render of p258 shows nothing that needs a flag.,
LOGIQ_S8,sec_0050,258,5.4-structural_source,PASS,,"structural_source is toc, from the embedded bookmarks. The bookmark title 'Section 5-7 Hardware Options.' matches the printed heading, which first prints on p255.",
LOGIQ_S8,sec_0050,258,5.6-numbering_scheme,PASS,,"numbering_scheme is arabic. The footer of p258 prints '5 - 20' (chapter - page), which is a plain arabic scheme.",
LOGIQ_S8,sec_0050,258,5.6-offset_applied,PASS,,"offset_applied is 0. The heading 'Section 5-7 Hardware Options.' first prints on physical p255, which is page_start. So no offset is needed.",
LOGIQ_S8,sec_0050,258,5.6-table_content,PASS,,On p258 #/tables/99 has the header and two rows: 'LS8 UVC Off-board installation kit' and 'LS8 Off-Board UVC AC Adaptor *'. The Y/- values and the note '* Japan model is different H-Cat' match the render.,"Same as v1.13 (PASS). Not changed by the BUG-030 fix. Related, reported to lead: CHANGED table #/tables/97 on p256 (not a sampled page) now has 'Description' joined to the 'R4.2. 5x' header cell, probably a recovered header word in the wrong column (BUG-008 / BUG-030, Medium if sampled)."
LOGIQ_S8,sec_0050,258,5.5-filters_discarding,PASS,,p258 shows Table 5-6 (two data rows) and footer '5 - 20'. There is no figure on the page and images.json has no image for p258. Nothing was dropped.,
LOGIQ_S8,sec_0050,258,5.5-filters_passing_noise,PASS,,No image is kept for p258 and no decorative element is kept as an image.,
LOGIQ_S8,sec_0050,258,5.5-image_section_mapping,PASS,,No image is mapped to p258 and the render shows none that belongs to sec_0050.,
LOGIQ_S8,sec_0058,281,5.4-hierarchy_level,PASS,,"Section 6-3 Volume Navigation Calibration Procedure (sec_0058) has hierarchy_level 2. The page heading 'Section ...' is a section heading under its chapter, so level 2 is right. Printed page 6 - 13 on p281.",same as v1.13.
LOGIQ_S8,sec_0058,281,5.4-parent_child,PASS,,"parent_section_id is sec_0055 (Chapter 6) and child_sections is empty. This matches the chapter and section headings on the render. Sub-headings such as x-y-z are text nodes inside sec_0058, not separate sections.",same as v1.13.
LOGIQ_S8,sec_0058,281,5.4-page_start_end,PASS,,"p281 shows heading 6-3-6 Perform Calibration, a NOTE, steps 1 to 8 and footer '6 - 13'. All nodes (#/texts/3774 to 3788) are in sec_0058 (p278-282). The steps continue on p282 in the same section.",Same as v1.13 (PASS).
LOGIQ_S8,sec_0058,281,5.4-hierarchy_path,PASS,,"hierarchy_path is '/Chapter 6/Section 6-3 Volume Navigation Calibration Procedure'. Chapter, then section, in the right order, same as the printed headings.",same as v1.13.
LOGIQ_S8,sec_0058,281,5.4-gaps_duplicates,PASS,,Steps 1 to 8 appear once each on p281 and steps 9 to 18 once each on p282. No step is missing or repeated.,same as v1.13.
LOGIQ_S8,sec_0058,281,5.4-flagged_for_review,PASS,,flagged_for_review is false and structural_source is toc. The render of p281 shows nothing that needs a flag.,
LOGIQ_S8,sec_0058,281,5.4-structural_source,PASS,,"structural_source is toc, from the embedded bookmarks. The bookmark title 'Section 6-3 Volume Navigation Calibration Procedure' matches the printed heading, which first prints on p278.",
LOGIQ_S8,sec_0058,281,5.6-numbering_scheme,PASS,,"numbering_scheme is arabic. The footer of p281 prints '6 - 13' (chapter - page), which is a plain arabic scheme.",
LOGIQ_S8,sec_0058,281,5.6-offset_applied,PASS,,"offset_applied is 0. The heading 'Section 6-3 Volume Navigation Calibration Procedure' first prints on physical p278, which is page_start. So no offset is needed.",
LOGIQ_S8,sec_0058,281,5.5-filters_discarding,PASS,,p281 shows only text. There is no figure on the page and images.json has no image for p281. Nothing was dropped.,
LOGIQ_S8,sec_0058,281,5.5-filters_passing_noise,PASS,,No image is kept for p281 and no decorative element is kept as an image.,
LOGIQ_S8,sec_0058,281,5.5-image_section_mapping,PASS,,No image is mapped to p281 and the render shows none that belongs to sec_0058.,
LOGIQ_S8,sec_0062,293,5.4-hierarchy_level,PASS,,"Section 7-3 Gathering Troubleshooting Data (R1 to R4) (sec_0062) has hierarchy_level 2. The page heading 'Section ...' is a section heading under its chapter, so level 2 is right. Printed page 7 - 11 on p293.",same as v1.13.
LOGIQ_S8,sec_0062,293,5.4-parent_child,PASS,,"parent_section_id is sec_0059 (Chapter 7) and child_sections is empty. This matches the chapter and section headings on the render. Sub-headings such as x-y-z are text nodes inside sec_0062, not separate sections.",same as v1.13.
LOGIQ_S8,sec_0062,293,5.4-page_start_end,PASS,,"p293 shows heading 7-3-4 (cont'd), a two-column Zip file box, heading 7-3-4-1 Marking Log files, one paragraph and footer '7 - 11'. All nodes (#/texts/3970 to 3978) are in sec_0062. 7-3-5 starts on p294 in the same section.",Same as v1.13 (PASS).
LOGIQ_S8,sec_0062,293,5.4-hierarchy_path,PASS,,"hierarchy_path is '/Chapter 7/Section 7-3 Gathering Troubleshooting Data (R1 to R4)'. Chapter, then section, in the right order, same as the printed headings.",same as v1.13.
LOGIQ_S8,sec_0062,293,5.4-gaps_duplicates,PASS,,"The '(cont'd)' heading is a page heading, not repeated content. The two box labels and the 7-3-4-1 paragraph appear once each on p293.",same as v1.13.
LOGIQ_S8,sec_0062,293,5.4-flagged_for_review,PASS,,flagged_for_review is false and structural_source is toc. The render of p293 shows nothing that needs a flag.,
LOGIQ_S8,sec_0062,293,5.4-structural_source,PASS,,"structural_source is toc, from the embedded bookmarks. The bookmark title 'Section 7-3 Gathering Troubleshooting Data (R1 to R4)' matches the printed heading, which first prints on p287.",
LOGIQ_S8,sec_0062,293,5.6-numbering_scheme,PASS,,"numbering_scheme is arabic. The footer of p293 prints '7 - 11' (chapter - page), which is a plain arabic scheme.",
LOGIQ_S8,sec_0062,293,5.6-offset_applied,PASS,,"offset_applied is 0. The heading 'Section 7-3 Gathering Troubleshooting Data (R1 to R4)' first prints on physical p287, which is page_start. So no offset is needed.",
LOGIQ_S8,sec_0062,293,5.6-table_content,PASS,,"p293 has a two-column box with two header labels and two folder screenshots. It is not a table node. The labels are text nodes (#/texts/3974, 3975) in order, and the screenshots are images img_0274 and img_0275. No information is lost.",Same as v1.13 (PASS). The box is read as separate nodes. Low confidence only because a reviewer may call it a table read as loose paragraphs (Low).
LOGIQ_S8,sec_0062,293,5.5-filters_discarding,PASS,,"p293 shows heading 7-3-4 (cont'd), a two-column box with two folder lists, heading 7-3-4-1 and a paragraph. images.json has img_0274 (393x215) and img_0275 (345x115). The crops show the two folder lists, one in each column. Nothing is cut.",
LOGIQ_S8,sec_0062,293,5.5-filters_passing_noise,PASS,,"img_0274 and img_0275 show only the folder lists. No page text, rule or logo is kept as an image on p293.",Same as v1.13 (PASS).
LOGIQ_S8,sec_0062,293,5.5-image_section_mapping,PASS,,"img_0274 and img_0275 (p293) are mapped to sec_0062, which owns the heading 7-3-4 on this page. The two folder lists in the Zipped_log box belong to this section.",
LOGIQ_S8,sec_0063,305,5.4-hierarchy_level,PASS,,"sec_0063 has hierarchy_level 2 and its heading is 'Section 7-4 Service Desktop (CSD) - R1 to R4'. This is a section-level title under a chapter. p305 shows the heading 7-4-5 Error Logs, Figure 7-21, 7-4-5-1 Log Viewer with a bullet list, Figure 7-22 (button row) and five numbered items, folio 7 - 23.",NEW page (not sampled in v1.13); graded from the render.
LOGIQ_S8,sec_0063,305,5.4-parent_child,PASS,,"parent_section_id is sec_0059 (the chapter). sec_0063 has no child_sections. Sub-headings seen on p305 are text nodes, not bookmarks, so no child is missing.",NEW page (not sampled in v1.13); graded from the render.
LOGIQ_S8,sec_0063,305,5.4-page_start_end,PASS,,"sec_0063 spans p302-p319. Its nodes are in reading order and the content of p305 belongs to it: #/texts/4098 to #/texts/4125. p305 shows the heading 7-4-5 Error Logs, Figure 7-21, 7-4-5-1 Log Viewer with a bullet list, Figure 7-22 (button row) and five numbered items, folio 7 - 23. The sampled page is inside the range. Previous is sec_0062 (p287-301), next is sec_0064 (p320-327).",NEW page (not sampled in v1.13); graded from the render.
LOGIQ_S8,sec_0063,305,5.4-hierarchy_path,PASS,,hierarchy_path is '/Chapter 7/Section 7-4 Service Desktop (CSD) - R1 to R4'. It matches the chapter and section named in the footer of p305 (folio 7 - 23) and the heading 'Section 7-4 Service Desktop (CSD) - R1 to R4'.,NEW page (not sampled in v1.13); graded from the render.
LOGIQ_S8,sec_0063,305,5.4-gaps_duplicates,PASS,,"Previous section is sec_0062 (p287-301) and next is sec_0064 (p320-327). The ranges join with no gap and no overlap in page numbers. p305 shows the heading 7-4-5 Error Logs, Figure 7-21, 7-4-5-1 Log Viewer with a bullet list, Figure 7-22 (button row) and five numbered items, folio 7 - 23. No node of this page is also in a neighbour.",NEW page (not sampled in v1.13); graded from the render.
LOGIQ_S8,sec_0063,305,5.4-flagged_for_review,PASS,,flagged_for_review is false and verification_score is 100. The range p302-p319 matches the printed headings and footers. On p305 the content agrees with the tree.,NEW page (not sampled in v1.13); graded from the render.
LOGIQ_S8,sec_0063,305,5.4-structural_source,PASS,,"structural_source is 'toc', so the section comes from an embedded bookmark. Its heading 'Section 7-4 Service Desktop (CSD) - R1 to R4' is printed at the start of the range (p302). p305 (folio 7 - 23) belongs to the same section.",NEW page (not sampled in v1.13); graded from the render.
LOGIQ_S8,sec_0063,305,5.6-numbering_scheme,PASS,,"numbering_scheme is arabic. The footer folio on p305 is '7 - 23' (chapter-page style), which is an arabic scheme.",NEW page (not sampled in v1.13); graded from the render.
LOGIQ_S8,sec_0063,305,5.6-offset_applied,PASS,,"offset_applied is 0. The sampled physical page p305 is inside p302-p319. The folio '7 - 23' fits the section order, so no shift is needed.","NEW page (not sampled in v1.13). Printed folios are chapter-based, so they are not compared to the physical number directly."
LOGIQ_S8,sec_0063,305,5.6-table_content,PASS,,p305 has no table in the render and no table node (#/tables/*) with page_no 305.,NEW page (not sampled in v1.13); graded from the render.
LOGIQ_S8,sec_0063,305,5.5-filters_discarding,PASS,,"p305 has two figures: Figure 7-21 (Error Logs screen) and Figure 7-22 (button row LOGS, UTILITIES, SEARCH, FILTER, EXIT). images.json has img_0287 (722x188) and img_0288 (616x44). Both match the render and are complete.",NEW page (not sampled in v1.13); graded from the render.
LOGIQ_S8,sec_0063,305,5.5-filters_passing_noise,PASS,,img_0287 shows only the Error Logs screen. img_0288 shows only the five buttons. The captions and page text are outside the crops. No rule or logo is kept.,NEW page (not sampled in v1.13); graded from the render.
LOGIQ_S8,sec_0063,305,5.5-image_section_mapping,PASS,,img_0287 and img_0288 (p305) are mapped to sec_0063. Their captions #/texts/4102 and #/texts/4114 are also in sec_0063.,NEW page (not sampled in v1.13); graded from the render.
LOGIQ_S8,sec_0064,320,5.4-hierarchy_level,PASS,,"sec_0064 has hierarchy_level 2 and its heading is 'Section 7-5 Gathering Troubleshooting Data (R4.2.5x and later)'. This is a section-level title under a chapter. p320 shows the section title 7-5, headings 7-5-1 Purpose of this section and 7-5-2 Collecting vital system information, two NOTE lines and a list of items to record, folio 7 - 38.",NEW page (not sampled in v1.13); graded from the render.
LOGIQ_S8,sec_0064,320,5.4-parent_child,PASS,,"parent_section_id is sec_0059 (the chapter). sec_0064 has no child_sections. Sub-headings seen on p320 are text nodes, not bookmarks, so no child is missing.",NEW page (not sampled in v1.13); graded from the render.
LOGIQ_S8,sec_0064,320,5.4-page_start_end,PASS,,"sec_0064 spans p320-p327. Its nodes are in reading order and the content of p320 belongs to it: #/texts/4256 to #/texts/4278. p320 shows the section title 7-5, headings 7-5-1 Purpose of this section and 7-5-2 Collecting vital system information, two NOTE lines and a list of items to record, folio 7 - 38. The sampled page is inside the range. Previous is sec_0063 (p302-319), next is sec_0065 (p328-349).",NEW page (not sampled in v1.13); graded from the render.
LOGIQ_S8,sec_0064,320,5.4-hierarchy_path,PASS,,hierarchy_path is '/Chapter 7/Section 7-5 Gathering Troubleshooting Data (R4.2.5x and later)'. It matches the chapter and section named in the footer of p320 (folio 7 - 38) and the heading 'Section 7-5 Gathering Troubleshooting Data (R4.2.5x and later)'.,NEW page (not sampled in v1.13); graded from the render.
LOGIQ_S8,sec_0064,320,5.4-gaps_duplicates,PASS,,"Previous section is sec_0063 (p302-319) and next is sec_0065 (p328-349). The ranges join with no gap and no overlap in page numbers. p320 shows the section title 7-5, headings 7-5-1 Purpose of this section and 7-5-2 Collecting vital system information, two NOTE lines and a list of items to record, folio 7 - 38. No node of this page is also in a neighbour.",NEW page (not sampled in v1.13); graded from the render.
LOGIQ_S8,sec_0064,320,5.4-flagged_for_review,PASS,,flagged_for_review is false and verification_score is 100. The range p320-p327 matches the printed headings and footers. On p320 the content agrees with the tree.,NEW page (not sampled in v1.13); graded from the render.
LOGIQ_S8,sec_0064,320,5.4-structural_source,PASS,,"structural_source is 'toc', so the section comes from an embedded bookmark. Its heading 'Section 7-5 Gathering Troubleshooting Data (R4.2.5x and later)' is printed at the start of the range (p320). p320 (folio 7 - 38) belongs to the same section.",NEW page (not sampled in v1.13); graded from the render.
LOGIQ_S8,sec_0064,320,5.6-numbering_scheme,PASS,,"numbering_scheme is arabic. The footer folio on p320 is '7 - 38' (chapter-page style), which is an arabic scheme.",NEW page (not sampled in v1.13); graded from the render.
LOGIQ_S8,sec_0064,320,5.6-offset_applied,PASS,,"offset_applied is 0. The sampled physical page p320 is inside p320-p327. The folio '7 - 38' fits the section order, so no shift is needed.","NEW page (not sampled in v1.13). Printed folios are chapter-based, so they are not compared to the physical number directly."
LOGIQ_S8,sec_0064,320,5.6-table_content,PASS,,p320 has no table in the render and no table node (#/tables/*) with page_no 320.,NEW page (not sampled in v1.13); graded from the render.
LOGIQ_S8,sec_0064,320,5.5-filters_discarding,PASS,,"p320 has no figure or photo. It has only text, two NOTE lines and a list. images.json has no image for p320. Nothing was dropped.",NEW page (not sampled in v1.13); graded from the render.
LOGIQ_S8,sec_0064,320,5.5-filters_passing_noise,PASS,,"No image is listed for p320, so no logo, rule or page text was kept as an image.",NEW page (not sampled in v1.13); graded from the render.
LOGIQ_S8,sec_0064,320,5.5-image_section_mapping,PASS,,No image is on p320 and none is needed for sec_0064.,NEW page (not sampled in v1.13); graded from the render.
LOGIQ_S8,sec_0064,324,5.4-hierarchy_level,PASS,,"sec_0064 has hierarchy_level 2 and its heading is 'Section 7-5 Gathering Troubleshooting Data (R4.2.5x and later)'. This is a section-level title under a chapter. p324 shows heading 7-5-4 Collecting a screen capture with logs (cont'd), Figure 7-45, Figure 7-46 and the 'Mark log files' paragraph, folio 7 - 42.",Same as v1.13 (approved PASS).
LOGIQ_S8,sec_0064,324,5.4-parent_child,PASS,,"parent_section_id is sec_0059 (the chapter). sec_0064 has no child_sections. Sub-headings seen on p324 are text nodes, not bookmarks, so no child is missing.",Same as v1.13 (approved PASS).
LOGIQ_S8,sec_0064,324,5.4-page_start_end,PASS,,"sec_0064 spans p320-p327. Its nodes are in reading order and the content of p324 belongs to it: #/texts/4325 to #/texts/4333. p324 shows heading 7-5-4 Collecting a screen capture with logs (cont'd), Figure 7-45, Figure 7-46 and the 'Mark log files' paragraph, folio 7 - 42. The sampled page is inside the range. Previous is sec_0063 (p302-319), next is sec_0065 (p328-349).",Same as v1.13 (approved PASS).
LOGIQ_S8,sec_0064,324,5.4-hierarchy_path,PASS,,hierarchy_path is '/Chapter 7/Section 7-5 Gathering Troubleshooting Data (R4.2.5x and later)'. It matches the chapter and section named in the footer of p324 (folio 7 - 42) and the heading 'Section 7-5 Gathering Troubleshooting Data (R4.2.5x and later)'.,Same as v1.13 (approved PASS).
LOGIQ_S8,sec_0064,324,5.4-gaps_duplicates,PASS,,"Previous section is sec_0063 (p302-319) and next is sec_0065 (p328-349). The ranges join with no gap and no overlap in page numbers. p324 shows heading 7-5-4 Collecting a screen capture with logs (cont'd), Figure 7-45, Figure 7-46 and the 'Mark log files' paragraph, folio 7 - 42. No node of this page is also in a neighbour.",Same as v1.13 (approved PASS).
LOGIQ_S8,sec_0064,324,5.4-flagged_for_review,PASS,,flagged_for_review is false and verification_score is 100. The range p320-p327 matches the printed headings and footers. On p324 the content agrees with the tree.,Same as v1.13 (approved PASS).
LOGIQ_S8,sec_0064,324,5.4-structural_source,PASS,,"structural_source is 'toc', so the section comes from an embedded bookmark. Its heading 'Section 7-5 Gathering Troubleshooting Data (R4.2.5x and later)' is printed at the start of the range (p320). p324 (folio 7 - 42) belongs to the same section.",Same as v1.13 (approved PASS).
LOGIQ_S8,sec_0064,324,5.6-numbering_scheme,PASS,,"numbering_scheme is arabic. The footer folio on p324 is '7 - 42' (chapter-page style), which is an arabic scheme.",Same as v1.13 (approved PASS).
LOGIQ_S8,sec_0064,324,5.6-offset_applied,PASS,,"offset_applied is 0. The sampled physical page p324 is inside p320-p327. The folio '7 - 42' fits the section order, so no shift is needed.","Printed folios are chapter-based (chapter-page), so they are not compared to the physical number directly. Same as v1.13."
LOGIQ_S8,sec_0064,324,5.6-table_content,PASS,,p324 has no table in the render and no table node (#/tables/*) with page_no 324.,Same as v1.13 (approved PASS).
LOGIQ_S8,sec_0064,324,5.5-filters_discarding,PASS,,p324 has two File Explorer screenshots (Figure 7-45 and Figure 7-46). images.json has img_0312 (675x426) and img_0313 (675x328). Both match the render and are complete.,Same as v1.13 (approved PASS).
LOGIQ_S8,sec_0064,324,5.5-filters_passing_noise,PASS,,"img_0312 and img_0313 show only the File Explorer windows. The figure captions are outside the crops. No rule, logo or page text is inside.",Same as v1.13 (approved PASS).
LOGIQ_S8,sec_0064,324,5.5-image_section_mapping,PASS,,img_0312 and img_0313 (p324) are mapped to sec_0064. Their captions #/texts/4329 and #/texts/4330 are in sec_0064.,Same as v1.13 (approved PASS).
LOGIQ_S8,sec_0065,331,5.4-hierarchy_level,PASS,,"sec_0065 has hierarchy_level 2 and its heading is 'Section 7-6 Service Desktop (R4.2.5x and later)'. This is a section-level title under a chapter. p331 shows heading 7-6-5 Home, Figure 7-49 Home with Class A Access and a list of three page links, folio 7 - 49.",Same as v1.13 (approved PASS).
LOGIQ_S8,sec_0065,331,5.4-parent_child,PASS,,"parent_section_id is sec_0059 (the chapter). sec_0065 has no child_sections. Sub-headings seen on p331 are text nodes, not bookmarks, so no child is missing.",Same as v1.13 (approved PASS).
LOGIQ_S8,sec_0065,331,5.4-page_start_end,FAIL,Low,"sec_0065 spans p328-p349 and its last real content is #/tables/123 on p349. Three nodes #/texts/4640 to #/texts/4642 have page_no=350. They are the header lines (GE Healthcare, Direction...) and the 'Section 7-7' heading of the next section. They sit one page after page_end=349. p331 shows 7-6-5 Home and Figure 7-49, footer 7 - 49, and is inside the range.","Same as v1.13 (approved FAIL Low). Probably BUG-022. Only boilerplate and a title line cross, so Low. Counted once on this row and on the sec_0066 p355 row; the p333 row is not counted again."
LOGIQ_S8,sec_0065,331,5.4-hierarchy_path,PASS,,hierarchy_path is '/Chapter 7/Section 7-6 Service Desktop (R4.2.5x and later)'. It matches the chapter and section named in the footer of p331 (folio 7 - 49) and the heading 'Section 7-6 Service Desktop (R4.2.5x and later)'.,Same as v1.13 (approved PASS).
LOGIQ_S8,sec_0065,331,5.4-gaps_duplicates,PASS,,"Previous section is sec_0064 (p320-327) and next is sec_0066 (p350-372). The ranges join with no gap and no overlap in page numbers. p331 shows heading 7-6-5 Home, Figure 7-49 Home with Class A Access and a list of three page links, folio 7 - 49. No node of this page is also in a neighbour. The only exception is the three p350 boilerplate nodes noted on the page_start_end rows.",Same as v1.13 (approved PASS). The boilerplate overlap is graded on the page_start_end rows (BUG-022).
LOGIQ_S8,sec_0065,331,5.4-flagged_for_review,PASS,,flagged_for_review is false and verification_score is 100. The range p328-p349 matches the printed headings and footers. On p331 the content agrees with the tree.,Same as v1.13 (approved PASS).
LOGIQ_S8,sec_0065,331,5.4-structural_source,PASS,,"structural_source is 'toc', so the section comes from an embedded bookmark. Its heading 'Section 7-6 Service Desktop (R4.2.5x and later)' is printed at the start of the range (p328). p331 (folio 7 - 49) belongs to the same section.",Same as v1.13 (approved PASS).
LOGIQ_S8,sec_0065,331,5.6-numbering_scheme,PASS,,"numbering_scheme is arabic. The footer folio on p331 is '7 - 49' (chapter-page style), which is an arabic scheme.",Same as v1.13 (approved PASS).
LOGIQ_S8,sec_0065,331,5.6-offset_applied,PASS,,"offset_applied is 0. The sampled physical page p331 is inside p328-p349. The folio '7 - 49' fits the section order, so no shift is needed.","Printed folios are chapter-based (chapter-page), so they are not compared to the physical number directly. Same as v1.13."
LOGIQ_S8,sec_0065,331,5.6-table_content,PASS,,p331 has no table in the render and no table node (#/tables/*) with page_no 331.,Same as v1.13 (approved PASS).
LOGIQ_S8,sec_0065,331,5.5-filters_discarding,PASS,,images.json has img_0318 (563x161) on p331. It is the Service Desktop home screen of Figure 7-49 and it is complete.,Same as v1.13 (approved PASS).
LOGIQ_S8,sec_0065,331,5.5-filters_passing_noise,PASS,,img_0318 contains only the dark Service Desktop screen. The caption and page text are outside the crop.,Same as v1.13 (approved PASS).
LOGIQ_S8,sec_0065,331,5.5-image_section_mapping,PASS,,img_0318 (p331) is mapped to sec_0065. The caption #/texts/4408 and the heading 7-6-5 are in sec_0065.,Same as v1.13 (approved PASS).
LOGIQ_S8,sec_0066,360,5.4-hierarchy_level,PASS,,"sec_0066 has hierarchy_level 2 and its heading is 'Section 7-7 Troubleshooting Trees, Instructions and Tech Tips'. This is a section-level title under a chapter. p360 shows heading 7-7-15 PC Printer Installation, one photo (Figure 7-67) and two steps, folio 7 - 78.",Same as v1.13 (approved PASS).
LOGIQ_S8,sec_0066,360,5.4-parent_child,PASS,,"parent_section_id is sec_0059 (the chapter). sec_0066 has no child_sections. Sub-headings seen on p360 are text nodes, not bookmarks, so no child is missing.",Same as v1.13 (approved PASS).
LOGIQ_S8,sec_0066,360,5.4-page_start_end,PASS,,"sec_0066 spans p350-p372. Its nodes are in reading order and the content of p360 belongs to it: #/texts/4838 to #/texts/4845. p360 shows heading 7-7-15 PC Printer Installation, one photo (Figure 7-67) and two steps, folio 7 - 78. The sampled page is inside the range. Previous is sec_0065 (p328-349), next is sec_0067 (p373-376).",Same as v1.13 (approved PASS).
LOGIQ_S8,sec_0066,360,5.4-hierarchy_path,PASS,,"hierarchy_path is '/Chapter 7/Section 7-7 Troubleshooting Trees, Instructions and Tech Tips'. It matches the chapter and section named in the footer of p360 (folio 7 - 78) and the heading 'Section 7-7 Troubleshooting Trees, Instructions and Tech Tips'.",Same as v1.13 (approved PASS).
LOGIQ_S8,sec_0066,360,5.4-gaps_duplicates,PASS,,"Previous section is sec_0065 (p328-349) and next is sec_0067 (p373-376). The ranges join with no gap and no overlap in page numbers. p360 shows heading 7-7-15 PC Printer Installation, one photo (Figure 7-67) and two steps, folio 7 - 78. No node of this page is also in a neighbour. The only exception is the three p350 boilerplate nodes noted on the page_start_end rows.",Same as v1.13 (approved PASS). The boilerplate overlap is graded on the page_start_end rows (BUG-022).
LOGIQ_S8,sec_0066,360,5.4-flagged_for_review,PASS,,flagged_for_review is false and verification_score is 100. The range p350-p372 matches the printed headings and footers. On p360 the content agrees with the tree.,Same as v1.13 (approved PASS).
LOGIQ_S8,sec_0066,360,5.4-structural_source,PASS,,"structural_source is 'toc', so the section comes from an embedded bookmark. Its heading 'Section 7-7 Troubleshooting Trees, Instructions and Tech Tips' is printed at the start of the range (p350). p360 (folio 7 - 78) belongs to the same section.",Same as v1.13 (approved PASS).
LOGIQ_S8,sec_0066,360,5.6-numbering_scheme,PASS,,"numbering_scheme is arabic. The footer folio on p360 is '7 - 78' (chapter-page style), which is an arabic scheme.",Same as v1.13 (approved PASS).
LOGIQ_S8,sec_0066,360,5.6-offset_applied,PASS,,"offset_applied is 0. The sampled physical page p360 is inside p350-p372. The folio '7 - 78' fits the section order, so no shift is needed.","Printed folios are chapter-based (chapter-page), so they are not compared to the physical number directly. Same as v1.13."
LOGIQ_S8,sec_0066,360,5.6-table_content,FAIL,Medium,"p360 has no table, only the photo and two steps. The table problem of this section is Table 7-17, #/tables/134 (page_no=367, not rendered in this batch). Its row 2 has the stray text 'magnetic fields, and Noise is a problem on a single probe. Test with another probe.' in the Symptom cell and an empty Cause and Solution. 'magnetic fields, and' looks like the end of the Cause text of row 1.","Same as v1.13 (approved FAIL Medium), graded once for the section. Text of #/tables/134 did not change. Probably BUG-008. I could not see the p367 render, so confidence is lower. Changed-table check: #/tables/137 (p370) is FIXED, the lost line 'configuration.' is now in its own row under Solution, once, in the right column. This does not change the row result. Also: Line-break hyphen kept in a table cell: 're- ghosted' in #/tables/136 on p369. Exact search for the whole word fails. Low by the reviewer rule of 2026-10-08 (line-break hyphens in cells). Fix planned in Phase 4 (text normalization)."
LOGIQ_S8,sec_0066,360,5.5-filters_discarding,PASS,,"p360 has one photo, the HP printer message of Figure 7-67. images.json has img_0346 (640x480) and it is complete.",Same as v1.13 (approved PASS).
LOGIQ_S8,sec_0066,360,5.5-filters_passing_noise,PASS,,img_0346 contains only the photo of the printer message. The caption and page text are outside the crop.,Same as v1.13 (approved PASS).
LOGIQ_S8,sec_0066,360,5.5-image_section_mapping,PASS,,"img_0346 (p360) is mapped to sec_0066, which owns the heading 7-7-15 and the range p350-p372.",Same as v1.13 (approved PASS).
LOGIQ_S8,sec_0072,385,5.4-hierarchy_level,PASS,,"sec_0072 has hierarchy_level 2 and its heading is 'Section 8-4 Kit Applicable to LOGIQ S8'. This is a section-level title under a chapter. p385 shows two NOTE lines and Figure 8-1 LOGIQ S8 Device Installation Location (Bay) with three cabinets, folio 8 - 9.",Same as v1.13 (approved PASS).
LOGIQ_S8,sec_0072,385,5.4-parent_child,PASS,,"parent_section_id is sec_0068 (the chapter). sec_0072 has no child_sections. Sub-headings seen on p385 are text nodes, not bookmarks, so no child is missing.",Same as v1.13 (approved PASS).
LOGIQ_S8,sec_0072,385,5.4-page_start_end,PASS,,"sec_0072 spans p384-p385. Its nodes are in reading order and the content of p385 belongs to it: #/texts/5135 to #/texts/5140. p385 shows two NOTE lines and Figure 8-1 LOGIQ S8 Device Installation Location (Bay) with three cabinets, folio 8 - 9. The sampled page is inside the range. Previous is sec_0071 (p383-383), next is sec_0073 (p386-386).",Same as v1.13 (approved PASS).
LOGIQ_S8,sec_0072,385,5.4-hierarchy_path,PASS,,hierarchy_path is '/Chapter 8/Section 8-4 Kit Applicable to LOGIQ S8'. It matches the chapter and section named in the footer of p385 (folio 8 - 9) and the heading 'Section 8-4 Kit Applicable to LOGIQ S8'.,Same as v1.13 (approved PASS).
LOGIQ_S8,sec_0072,385,5.4-gaps_duplicates,PASS,,"Previous section is sec_0071 (p383-383) and next is sec_0073 (p386-386). The ranges join with no gap and no overlap in page numbers. p385 shows two NOTE lines and Figure 8-1 LOGIQ S8 Device Installation Location (Bay) with three cabinets, folio 8 - 9. No node of this page is also in a neighbour.",Same as v1.13 (approved PASS).
LOGIQ_S8,sec_0072,385,5.4-flagged_for_review,PASS,,flagged_for_review is false and verification_score is 100. The range p384-p385 matches the printed headings and footers. On p385 the content agrees with the tree.,Same as v1.13 (approved PASS).
LOGIQ_S8,sec_0072,385,5.4-structural_source,PASS,,"structural_source is 'toc', so the section comes from an embedded bookmark. Its heading 'Section 8-4 Kit Applicable to LOGIQ S8' is printed at the start of the range (p384). p385 (folio 8 - 9) belongs to the same section.",Same as v1.13 (approved PASS).
LOGIQ_S8,sec_0072,385,5.6-numbering_scheme,PASS,,"numbering_scheme is arabic. The footer folio on p385 is '8 - 9' (chapter-page style), which is an arabic scheme.",Same as v1.13 (approved PASS).
LOGIQ_S8,sec_0072,385,5.6-offset_applied,PASS,,"offset_applied is 0. The sampled physical page p385 is inside p384-p385. The folio '8 - 9' fits the section order, so no shift is needed.","Printed folios are chapter-based (chapter-page), so they are not compared to the physical number directly. Same as v1.13."
LOGIQ_S8,sec_0072,385,5.6-table_content,PASS,,p385 has no table in the render and no table node (#/tables/*) with page_no 385. Table 8-2 is #/tables/143 on p384 and is graded on the p384 row.,Same as v1.13 (approved PASS).
LOGIQ_S8,sec_0072,385,5.5-filters_discarding,PASS,,p385 has one figure with three cabinets and the callouts A to E. img_0376 (433x304) holds the Low and Mid cabinets. img_0377 (162x303) holds the High cabinet. Together they are complete.,Same as v1.13 (approved PASS).
LOGIQ_S8,sec_0072,385,5.5-filters_passing_noise,PASS,,"img_0376 and img_0377 show only the cabinets, the callouts and the labels Low Cabinet, Mid Cabinet and High Cabinet. No page text, logo or frame is inside.",Same as v1.13 (approved PASS).
LOGIQ_S8,sec_0072,385,5.5-image_section_mapping,PASS,,img_0376 and img_0377 (p385) are mapped to sec_0072. Figure 8-1 and its caption #/texts/5139 are in sec_0072.,Same as v1.13 (approved PASS).
LOGIQ_S8,sec_0074,418,5.4-hierarchy_level,PASS,,"sec_0074 has hierarchy_level 2 and its heading is 'Section 8-6 System Software - Installation/Upgrade Procedure'. This is a section-level title under a chapter. p418 shows heading 8-6-8-2 System Software - Installation Procedure (R2 to R4), a NOTE and a 10-step table with four screen photos, folio 8 - 42.",Same as v1.13 (approved PASS).
LOGIQ_S8,sec_0074,418,5.4-parent_child,PASS,,"parent_section_id is sec_0068 (the chapter). sec_0074 has no child_sections. Sub-headings seen on p418 are text nodes, not bookmarks, so no child is missing.",Same as v1.13 (approved PASS).
LOGIQ_S8,sec_0074,418,5.4-page_start_end,PASS,,"sec_0074 spans p387-p463. Its nodes are in reading order and the content of p418 belongs to it: #/texts/5470 to #/texts/5474. p418 shows heading 8-6-8-2 System Software - Installation Procedure (R2 to R4), a NOTE and a 10-step table with four screen photos, folio 8 - 42. The sampled page is inside the range. Previous is sec_0073 (p386-386), next is sec_0075 (p464-470).",Same as v1.13 (approved PASS).
LOGIQ_S8,sec_0074,418,5.4-hierarchy_path,PASS,,hierarchy_path is '/Chapter 8/Section 8-6 System Software - Installation/Upgrade Procedure'. It matches the chapter and section named in the footer of p418 (folio 8 - 42) and the heading 'Section 8-6 System Software - Installation/Upgrade Procedure'.,Same as v1.13 (approved PASS).
LOGIQ_S8,sec_0074,418,5.4-gaps_duplicates,PASS,,"Previous section is sec_0073 (p386-386) and next is sec_0075 (p464-470). The ranges join with no gap and no overlap in page numbers. p418 shows heading 8-6-8-2 System Software - Installation Procedure (R2 to R4), a NOTE and a 10-step table with four screen photos, folio 8 - 42. No node of this page is also in a neighbour.",Same as v1.13 (approved PASS).
LOGIQ_S8,sec_0074,418,5.4-flagged_for_review,PASS,,flagged_for_review is false and verification_score is 100. The range p387-p463 matches the printed headings and footers. On p418 the content agrees with the tree.,Same as v1.13 (approved PASS).
LOGIQ_S8,sec_0074,418,5.4-structural_source,PASS,,"structural_source is 'toc', so the section comes from an embedded bookmark. Its heading 'Section 8-6 System Software - Installation/Upgrade Procedure' is printed at the start of the range (p387). p418 (folio 8 - 42) belongs to the same section.",Same as v1.13 (approved PASS).
LOGIQ_S8,sec_0074,418,5.6-numbering_scheme,PASS,,"numbering_scheme is arabic. The footer folio on p418 is '8 - 42' (chapter-page style), which is an arabic scheme.",Same as v1.13 (approved PASS).
LOGIQ_S8,sec_0074,418,5.6-offset_applied,PASS,,"offset_applied is 0. The sampled physical page p418 is inside p387-p463. The folio '8 - 42' fits the section order, so no shift is needed.","Printed folios are chapter-based (chapter-page), so they are not compared to the physical number directly. Same as v1.13."
LOGIQ_S8,sec_0074,418,5.6-table_content,FAIL,Low,"On p418 #/tables/179 has all 10 steps in the right cells. The step 8 R3.x.x text and the WARNING keep their order. But the first row is 'the system, please remove the key before installing the system software.' That is the end of the NOTE above the table, not a cell. The same line is also in #/texts/5473.","Same as v1.13 (approved FAIL Low). Probably BUG-008. The line is duplicated but all step values are in the right cells, so Low."
LOGIQ_S8,sec_0074,418,5.5-filters_discarding,PASS,,"On p418 four screen photos are in the step table (steps 6, 7, 8 and 10). images.json has img_0409 (591x304), img_0410 (591x232), img_0411 (591x83) and img_0412 (591x135). Each is complete.",Same as v1.13 (approved PASS).
LOGIQ_S8,sec_0074,418,5.5-filters_passing_noise,PASS,,"The four crops show only the DOS-style screens. No logo, rule or page text is inside. The repeated step line in img_0495 and img_0504 is graded on the p390 row.",Same as v1.13 (approved PASS).
LOGIQ_S8,sec_0074,418,5.5-image_section_mapping,PASS,,"The four images on p418 (folio 8 - 42) are mapped to sec_0074, and the page is inside p387-p463. No sibling shares this page.",Same as v1.13 (approved PASS).
LOGIQ_S8,sec_0074,428,5.4-hierarchy_level,PASS,,"sec_0074 has hierarchy_level 2 and its heading is 'Section 8-6 System Software - Installation/Upgrade Procedure'. This is a section-level title under a chapter. p428 shows steps 7 to 10 of the installation, with two photos (LOGIQ loading screen and 'System Imaging Complete' screen), folio 8 - 52.",Same as v1.13 (approved PASS).
LOGIQ_S8,sec_0074,428,5.4-parent_child,PASS,,"parent_section_id is sec_0068 (the chapter). sec_0074 has no child_sections. Sub-headings seen on p428 are text nodes, not bookmarks, so no child is missing.",Same as v1.13 (approved PASS).
LOGIQ_S8,sec_0074,428,5.4-page_start_end,PASS,,"sec_0074 spans p387-p463. Its nodes are in reading order and the content of p428 belongs to it: #/texts/5604 to #/texts/5610. p428 shows steps 7 to 10 of the installation, with two photos (LOGIQ loading screen and 'System Imaging Complete' screen), folio 8 - 52. The sampled page is inside the range. Previous is sec_0073 (p386-386), next is sec_0075 (p464-470).",Same as v1.13 (approved PASS).
LOGIQ_S8,sec_0074,428,5.4-hierarchy_path,PASS,,hierarchy_path is '/Chapter 8/Section 8-6 System Software - Installation/Upgrade Procedure'. It matches the chapter and section named in the footer of p428 (folio 8 - 52) and the heading 'Section 8-6 System Software - Installation/Upgrade Procedure'.,Same as v1.13 (approved PASS).
LOGIQ_S8,sec_0074,428,5.4-gaps_duplicates,PASS,,"Previous section is sec_0073 (p386-386) and next is sec_0075 (p464-470). The ranges join with no gap and no overlap in page numbers. p428 shows steps 7 to 10 of the installation, with two photos (LOGIQ loading screen and 'System Imaging Complete' screen), folio 8 - 52. No node of this page is also in a neighbour.",Same as v1.13 (approved PASS).
LOGIQ_S8,sec_0074,428,5.4-flagged_for_review,PASS,,flagged_for_review is false and verification_score is 100. The range p387-p463 matches the printed headings and footers. On p428 the content agrees with the tree.,Same as v1.13 (approved PASS).
LOGIQ_S8,sec_0074,428,5.4-structural_source,PASS,,"structural_source is 'toc', so the section comes from an embedded bookmark. Its heading 'Section 8-6 System Software - Installation/Upgrade Procedure' is printed at the start of the range (p387). p428 (folio 8 - 52) belongs to the same section.",Same as v1.13 (approved PASS).
LOGIQ_S8,sec_0074,428,5.6-numbering_scheme,PASS,,"numbering_scheme is arabic. The footer folio on p428 is '8 - 52' (chapter-page style), which is an arabic scheme.",Same as v1.13 (approved PASS).
LOGIQ_S8,sec_0074,428,5.6-offset_applied,PASS,,"offset_applied is 0. The sampled physical page p428 is inside p387-p463. The folio '8 - 52' fits the section order, so no shift is needed.","Printed folios are chapter-based (chapter-page), so they are not compared to the physical number directly. Same as v1.13."
LOGIQ_S8,sec_0074,428,5.6-table_content,PASS,,"p428 has no table in the render and no table node (#/tables/*) with page_no 428. Tables of this section on p390, p418 and p462 are graded on their own rows.",Same as v1.13 (approved PASS).
LOGIQ_S8,sec_0074,428,5.5-filters_discarding,PASS,,On p428 two photos are visible: the LOGIQ loading screen and the blue 'System Imaging Complete' screen. img_0436 (352x211) and img_0437 (404x224) match them and are complete.,Same as v1.13 (approved PASS).
LOGIQ_S8,sec_0074,428,5.5-filters_passing_noise,PASS,,"img_0436 and img_0437 show only the two screen photos. No logo, rule or page text is inside. The repeated step line in img_0495 and img_0504 is graded on the p390 row.",Same as v1.13 (approved PASS).
LOGIQ_S8,sec_0074,428,5.5-image_section_mapping,PASS,,"img_0436 and img_0437 (p428, folio 8 - 52) are mapped to sec_0074, and the page is inside p387-p463. No sibling shares this page.",Same as v1.13 (approved PASS).
LOGIQ_S8,sec_0074,438,5.4-hierarchy_level,PASS,,"sec_0074 has hierarchy_level 2 and its heading is 'Section 8-6 System Software - Installation/Upgrade Procedure'. This is a section-level title under a chapter. p438 shows heading 8-6-9-6 In case of Display resolution is wrong, ten steps and two pictures (Control Panel menu and ClearType Test Tuner), folio 8 - 62.",Same as v1.13 (approved PASS).
LOGIQ_S8,sec_0074,438,5.4-parent_child,PASS,,"parent_section_id is sec_0068 (the chapter). sec_0074 has no child_sections. Sub-headings seen on p438 are text nodes, not bookmarks, so no child is missing.",Same as v1.13 (approved PASS).
LOGIQ_S8,sec_0074,438,5.4-page_start_end,PASS,,"sec_0074 spans p387-p463. Its nodes are in reading order and the content of p438 belongs to it: #/texts/5719 to #/texts/5733. p438 shows heading 8-6-9-6 In case of Display resolution is wrong, ten steps and two pictures (Control Panel menu and ClearType Test Tuner), folio 8 - 62. The sampled page is inside the range. Previous is sec_0073 (p386-386), next is sec_0075 (p464-470).",Same as v1.13 (approved PASS).
LOGIQ_S8,sec_0074,438,5.4-hierarchy_path,PASS,,hierarchy_path is '/Chapter 8/Section 8-6 System Software - Installation/Upgrade Procedure'. It matches the chapter and section named in the footer of p438 (folio 8 - 62) and the heading 'Section 8-6 System Software - Installation/Upgrade Procedure'.,Same as v1.13 (approved PASS).
LOGIQ_S8,sec_0074,438,5.4-gaps_duplicates,PASS,,"Previous section is sec_0073 (p386-386) and next is sec_0075 (p464-470). The ranges join with no gap and no overlap in page numbers. p438 shows heading 8-6-9-6 In case of Display resolution is wrong, ten steps and two pictures (Control Panel menu and ClearType Test Tuner), folio 8 - 62. No node of this page is also in a neighbour.",Same as v1.13 (approved PASS).
LOGIQ_S8,sec_0074,438,5.4-flagged_for_review,PASS,,flagged_for_review is false and verification_score is 100. The range p387-p463 matches the printed headings and footers. On p438 the content agrees with the tree.,Same as v1.13 (approved PASS).
LOGIQ_S8,sec_0074,438,5.4-structural_source,PASS,,"structural_source is 'toc', so the section comes from an embedded bookmark. Its heading 'Section 8-6 System Software - Installation/Upgrade Procedure' is printed at the start of the range (p387). p438 (folio 8 - 62) belongs to the same section.",Same as v1.13 (approved PASS).
LOGIQ_S8,sec_0074,438,5.6-numbering_scheme,PASS,,"numbering_scheme is arabic. The footer folio on p438 is '8 - 62' (chapter-page style), which is an arabic scheme.",Same as v1.13 (approved PASS).
LOGIQ_S8,sec_0074,438,5.6-offset_applied,PASS,,"offset_applied is 0. The sampled physical page p438 is inside p387-p463. The folio '8 - 62' fits the section order, so no shift is needed.","Printed folios are chapter-based (chapter-page), so they are not compared to the physical number directly. Same as v1.13."
LOGIQ_S8,sec_0074,438,5.6-table_content,PASS,,"p438 has no table in the render and no table node (#/tables/*) with page_no 438. Tables of this section on p390, p418 and p462 are graded on their own rows.",Same as v1.13 (approved PASS).
LOGIQ_S8,sec_0074,438,5.5-filters_discarding,PASS,,On p438 two pictures are visible: the Adjust ClearType text menu and the ClearType Test Tuner dialog. img_0460 (163x114) and img_0461 (331x271) match them. The red marks are inside the images.,Same as v1.13 (approved PASS).
LOGIQ_S8,sec_0074,438,5.5-filters_passing_noise,PASS,,"img_0460 and img_0461 show only the menu and the dialog. No logo, rule or page text is inside. The repeated step line in img_0495 and img_0504 is graded on the p390 row.",Same as v1.13 (approved PASS).
LOGIQ_S8,sec_0074,438,5.5-image_section_mapping,PASS,,"img_0460 and img_0461 (p438, folio 8 - 62) are mapped to sec_0074, and the page is inside p387-p463. No sibling shares this page.",Same as v1.13 (approved PASS).
LOGIQ_S8,sec_0074,462,5.4-hierarchy_level,PASS,,"sec_0074 has hierarchy_level 2 and its heading is 'Section 8-6 System Software - Installation/Upgrade Procedure'. This is a section-level title under a chapter. p462 shows heading 8-6-12-12 Volume Navigation (Option), a NOTE and one table with five pictures, folio 8 - 86.",Same as v1.13 (approved PASS).
LOGIQ_S8,sec_0074,462,5.4-parent_child,PASS,,"parent_section_id is sec_0068 (the chapter). sec_0074 has no child_sections. Sub-headings seen on p462 are text nodes, not bookmarks, so no child is missing.",Same as v1.13 (approved PASS).
LOGIQ_S8,sec_0074,462,5.4-page_start_end,PASS,,"sec_0074 spans p387-p463. Its nodes are in reading order and the content of p462 belongs to it: #/texts/5976 to #/texts/5980. p462 shows heading 8-6-12-12 Volume Navigation (Option), a NOTE and one table with five pictures, folio 8 - 86. The sampled page is inside the range. Previous is sec_0073 (p386-386), next is sec_0075 (p464-470).",Same as v1.13 (approved PASS).
LOGIQ_S8,sec_0074,462,5.4-hierarchy_path,PASS,,hierarchy_path is '/Chapter 8/Section 8-6 System Software - Installation/Upgrade Procedure'. It matches the chapter and section named in the footer of p462 (folio 8 - 86) and the heading 'Section 8-6 System Software - Installation/Upgrade Procedure'.,Same as v1.13 (approved PASS).
LOGIQ_S8,sec_0074,462,5.4-gaps_duplicates,PASS,,"Previous section is sec_0073 (p386-386) and next is sec_0075 (p464-470). The ranges join with no gap and no overlap in page numbers. p462 shows heading 8-6-12-12 Volume Navigation (Option), a NOTE and one table with five pictures, folio 8 - 86. No node of this page is also in a neighbour.",Same as v1.13 (approved PASS).
LOGIQ_S8,sec_0074,462,5.4-flagged_for_review,PASS,,flagged_for_review is false and verification_score is 100. The range p387-p463 matches the printed headings and footers. On p462 the content agrees with the tree.,Same as v1.13 (approved PASS).
LOGIQ_S8,sec_0074,462,5.4-structural_source,PASS,,"structural_source is 'toc', so the section comes from an embedded bookmark. Its heading 'Section 8-6 System Software - Installation/Upgrade Procedure' is printed at the start of the range (p387). p462 (folio 8 - 86) belongs to the same section.",Same as v1.13 (approved PASS).
LOGIQ_S8,sec_0074,462,5.6-numbering_scheme,PASS,,"numbering_scheme is arabic. The footer folio on p462 is '8 - 86' (chapter-page style), which is an arabic scheme.",Same as v1.13 (approved PASS).
LOGIQ_S8,sec_0074,462,5.6-offset_applied,PASS,,"offset_applied is 0. The sampled physical page p462 is inside p387-p463. The folio '8 - 86' fits the section order, so no shift is needed.","Printed folios are chapter-based (chapter-page), so they are not compared to the physical number directly. Same as v1.13."
LOGIQ_S8,sec_0074,462,5.6-table_content,PASS,,"On p462 #/tables/192 has four columns (Steps, Expected Outcomes, Results, Comments). The Steps cell keeps all seven bullets in order. 'The environmental indicator on the screen is responding.' and 'Pass / Fail / NA' are in the right cells. Picture cells have no text, as in the render.","Same as v1.13 (approved PASS). Changed-table check: #/tables/187 (p460, same section) is FIXED. The lost step line 'Open a sub node of Network adapters.' is now a new row, in the Steps column, once. It is not on a sampled page."
LOGIQ_S8,sec_0074,462,5.5-filters_discarding,PASS,,"p462 has five pictures in the table: BT Key screen, receiver cable photo, transmitter photo, 'all cables connected' photo and the green environmental indicator. images.json lists img_0506 (152x125), img_0507 (296x218), img_0508 (532x162), img_0509 (148x42) and img_0510 (394x157). All five are complete.",Same as v1.13 (approved PASS). img_0509 is the small indicator picture kept by the v1.13 filter.
LOGIQ_S8,sec_0074,462,5.5-filters_passing_noise,PASS,,"The five crops show only screens or photos. img_0509 has the green indicator and the GE logo, and both are part of the screen on the page. No rule, divider or page text is inside any crop.",Same as v1.13 (approved PASS).
LOGIQ_S8,sec_0074,462,5.5-image_section_mapping,PASS,,"Images on p462 (folio 8 - 86) are mapped to sec_0074, and the page is inside p387-p463. img_0509 is in the Expected Outcomes cell of the sec_0074 table. No sibling shares this page.",Same as v1.13 (approved PASS).
LOGIQ_S8,sec_0082,489,5.4-hierarchy_level,PASS,,"p489 shows 8-14-4 and 8-14-4-1 with three steps and Figures 8-38, 8-39 and 8-40 (nodes #/texts/6312-6320), folio 8 - 113. The heading is a section-level title under a chapter, and sec_0082 has hierarchy_level 2.",Same as v1.13 (checked on the p489 render).
LOGIQ_S8,sec_0082,489,5.4-parent_child,PASS,,"sec_0082 has parent sec_0068 (Chapter 8) and no children. The title 'Section 8-14 Replacement of R4 Base Cover & Foot Cover' is a section of Chapter 8, so the parent is right. p489 shows 8-14-4 and 8-14-4-1 with three steps and Figures 8-38, 8-39 and 8-40 (nodes #/texts/6312-6320), folio 8 - 113.",Same as v1.13 (checked on the p489 render).
LOGIQ_S8,sec_0082,489,5.4-page_start_end,PASS,,"sec_0082 runs p487 to p490. p489 shows 8-14-4 and 8-14-4-1 with three steps and Figures 8-38, 8-39 and 8-40 (nodes #/texts/6312-6320), folio 8 - 113. The page content belongs to this section; previous sec_0081 ends p486, next sec_0083 starts p491. The tree is the same as v1.12.",Same as v1.13 (checked on the p489 render).
LOGIQ_S8,sec_0082,489,5.4-hierarchy_path,PASS,,hierarchy_path of sec_0082 is '/Chapter 8/Section 8-14 Replacement of R4 Base Cover & Foot Cover'. This matches the printed title and the chapter on p489.,Same as v1.13 (checked on the p489 render).
LOGIQ_S8,sec_0082,489,5.4-gaps_duplicates,PASS,,"No gap or overlap around sec_0082: previous sec_0081 ends p486, next sec_0083 starts p491. Nothing from p489 is also in a neighbour section, and nothing from p489 is missing here.",Same as v1.13 (checked on the p489 render).
LOGIQ_S8,sec_0082,489,5.4-flagged_for_review,PASS,,sec_0082 has flagged_for_review false and verification_score 100. The render on p489 agrees: the section starts and ends where the tree says.,Same as v1.13 (checked on the p489 render).
LOGIQ_S8,sec_0082,489,5.4-structural_source,PASS,,sec_0082 has structural_source 'toc' (embedded bookmark). The printed title 'Section 8-14 Replacement of R4 Base Cover & Foot Cover' is on p487 and the footer on p489 repeats the section name.,Same as v1.13 (checked on the p489 render).
LOGIQ_S8,sec_0082,489,5.6-numbering_scheme,PASS,,"sec_0082 has numbering_scheme 'arabic'. Page p489 has an arabic chapter-page folio in the footer, as in the rest of Chapter 8.",Same as v1.13 (checked on the p489 render).
LOGIQ_S8,sec_0082,489,5.6-offset_applied,PASS,,sec_0082 has offset_applied 0. The bookmark page equals the physical page: the section title is on p487 and the sampled page p489 is inside p487-p490.,Same as v1.13 (checked on the p489 render).
LOGIQ_S8,sec_0082,489,5.5-filters_discarding,PASS,,"On p489 three pictures are visible: Figure 8-38, Figure 8-39 and Figure 8-40. images.json has img_0546 (293x216), img_0547 (488x211) and img_0548 (584x190) for p489. Each shows the photos with the yellow circles and red boxes.",Same as v1.13 (checked on the p489 render).
LOGIQ_S8,sec_0082,489,5.5-filters_passing_noise,PASS,,img_0546 to img_0548 on p489 show only the photos with yellow circles and red boxes. No page text or table frame is inside.,Same as v1.13 (checked on the p489 render).
LOGIQ_S8,sec_0082,489,5.5-image_section_mapping,PASS,,"Images on p489 (folio 8-113) are mapped to sec_0082, and the page is inside p487-p490. No sibling shares this page.",Same as v1.13 (checked on the p489 render).
LOGIQ_S8,sec_0084,510,5.4-hierarchy_level,PASS,,"On p510 the footer reads 'Section 8-16' (folio 8 - 134). The title is a Section under Chapter 8. sec_0084 has hierarchy_level 2 and parent sec_0068 (Chapter 8, level 1). This matches.",Same as v1.13 (re-checked on the render).
LOGIQ_S8,sec_0084,510,5.4-parent_child,PASS,,"sec_0084 has parent_section_id sec_0068 (Chapter 8) and is listed in its child_sections. It has no children. The PDF has no deeper bookmarks, so sub-headings like 8-16-3 Overview stay inside the section.",Same as v1.13 (re-checked on the render).
LOGIQ_S8,sec_0084,510,5.4-page_start_end,PASS,,"The section is declared p503-p531. It starts on p503 with #/texts/6489 ('GE Healthcare') and the section title, and the last node is on p531. The sampled p510 shows headings 8-16-8 AN Keyboard (#/texts/6565) and 8-16-9 Trackball (#/texts/6570) with Figures 8-51 and 8-52. All of it belongs to sec_0084. No node of a neighbour crosses the boundary.",Same as v1.13 (re-checked on the render).
LOGIQ_S8,sec_0084,510,5.4-hierarchy_path,PASS,,"hierarchy_path is '/Chapter 8/Section 8-16 Replacement of OPIO, OPIO2, OPIO3 and Related Parts'. The p510 footer names Section 8-16 and the manual is Chapter 8. The order Chapter then Section is correct.",Same as v1.13 (re-checked on the render).
LOGIQ_S8,sec_0084,510,5.4-gaps_duplicates,PASS,,The previous section sec_0083 ends on p502 and sec_0084 starts on p503. sec_0084 ends on p531 and the next section starts on p532. No page gap and no repeated node.,Same as v1.13 (re-checked on the render).
LOGIQ_S8,sec_0084,510,5.4-flagged_for_review,PASS,,"flagged_for_review is false and verification_score is 100. The title is on p503, the declared start page. The sampled p510 shows headings 8-16-8 AN Keyboard (#/texts/6565) and 8-16-9 Trackball (#/texts/6570) with Figures 8-51 and 8-52, so the section looks right and no flag is needed.",Same as v1.13 (re-checked on the render).
LOGIQ_S8,sec_0084,510,5.4-structural_source,PASS,,"structural_source is 'toc'. The title 'Section 8-16' is a bookmark and is printed on p503, the declared start. The TOC source is supported.",Same as v1.13 (re-checked on the render).
LOGIQ_S8,sec_0084,510,5.6-numbering_scheme,PASS,,"The folio on p510 reads '8 - 134' (chapter-page style, Arabic digits). numbering_scheme is 'arabic'. This matches.",Same as v1.13 (re-checked on the render).
LOGIQ_S8,sec_0084,510,5.6-offset_applied,PASS,,"offset_applied is 0. The bookmark page and the physical page are the same (503). The folio 8 - 134 on physical p510 is only a chapter-page print number, not a shift. This is consistent with neighbours.",Same as v1.13 (re-checked on the render).
LOGIQ_S8,sec_0084,510,5.6-table_content,PASS,,"No table is drawn on p510. The page has headings 8-16-8 and 8-16-9, Figures 8-51 and 8-52 and a NOTE. No table node has page_no 510.",Same as v1.13 (re-checked on the render).
LOGIQ_S8,sec_0084,510,5.5-filters_discarding,FAIL,Low,On p510 the two photos (Figures 8-51 and 8-52) are kept as img_0586 and img_0587. In the render each photo has yellow circles on the screws and a yellow triangle for the connector. The extracted images have none of these marks.,"Same as v1.13 (re-checked on the render). NEW row in this sample (p510 was not sampled in v1.12). Same defect type as sec_0087 p572 and sec_0084 p504. Probably yellow marks are drawn over the photo and not merged (BUG-010 rule). The text gives the screw counts (6 and 4), so Low. verify_claims suggests a higher severity. I keep Low: text and order are kept, only grid detail or marks are lost (same as the approved v1.13 grade)."
LOGIQ_S8,sec_0084,510,5.5-filters_passing_noise,PASS,,"img_0586 and img_0587 are plain photos. No header, footer, caption or rule is inside them.",Same as v1.13 (re-checked on the render).
LOGIQ_S8,sec_0084,510,5.5-image_section_mapping,PASS,,img_0586 and img_0587 are on p510 under 8-16-8 and 8-16-9 and are mapped to sec_0084. No sibling shares the page.,Same as v1.13 (re-checked on the render).
LOGIQ_S8,sec_0084,513,5.4-hierarchy_level,PASS,,"On p513 the footer reads 'Section 8-16' (folio 8 - 137). The title is a Section under Chapter 8. sec_0084 has hierarchy_level 2 and parent sec_0068 (Chapter 8, level 1). This matches.",Same as v1.13 (re-checked on the render).
LOGIQ_S8,sec_0084,513,5.4-parent_child,PASS,,"sec_0084 has parent_section_id sec_0068 (Chapter 8) and is listed in its child_sections. It has no children. The PDF has no deeper bookmarks, so sub-headings like 8-16-3 Overview stay inside the section.",Same as v1.13 (re-checked on the render).
LOGIQ_S8,sec_0084,513,5.4-page_start_end,PASS,,"The section is declared p503-p531. It starts on p503 with #/texts/6489 ('GE Healthcare') and the section title, and the last node is on p531. The sampled p513 shows heading 8-16-14 Joystick and Encoder on PWA (#/texts/6613) with Figure 8-57. All of it belongs to sec_0084. No node of a neighbour crosses the boundary.",Same as v1.13 (re-checked on the render).
LOGIQ_S8,sec_0084,513,5.4-hierarchy_path,PASS,,"hierarchy_path is '/Chapter 8/Section 8-16 Replacement of OPIO, OPIO2, OPIO3 and Related Parts'. The p513 footer names Section 8-16 and the manual is Chapter 8. The order Chapter then Section is correct.",Same as v1.13 (re-checked on the render).
LOGIQ_S8,sec_0084,513,5.4-gaps_duplicates,PASS,,The previous section sec_0083 ends on p502 and sec_0084 starts on p503. sec_0084 ends on p531 and the next section starts on p532. No page gap and no repeated node.,Same as v1.13 (re-checked on the render).
LOGIQ_S8,sec_0084,513,5.4-flagged_for_review,PASS,,"flagged_for_review is false and verification_score is 100. The title is on p503, the declared start page. The sampled p513 shows heading 8-16-14 Joystick and Encoder on PWA (#/texts/6613) with Figure 8-57, so the section looks right and no flag is needed.",Same as v1.13 (re-checked on the render).
LOGIQ_S8,sec_0084,513,5.4-structural_source,PASS,,"structural_source is 'toc'. The title 'Section 8-16' is a bookmark and is printed on p503, the declared start. The TOC source is supported.",Same as v1.13 (re-checked on the render).
LOGIQ_S8,sec_0084,513,5.6-numbering_scheme,PASS,,"The folio on p513 reads '8 - 137' (chapter-page style, Arabic digits). numbering_scheme is 'arabic'. This matches.",Same as v1.13 (re-checked on the render).
LOGIQ_S8,sec_0084,513,5.6-offset_applied,PASS,,"offset_applied is 0. The bookmark page and the physical page are the same (503). The folio 8 - 137 on physical p513 is only a chapter-page print number, not a shift. This is consistent with neighbours.",Same as v1.13 (re-checked on the render).
LOGIQ_S8,sec_0084,513,5.6-table_content,PASS,,"No table is drawn on p513. The page has heading 8-16-14, five steps and Figure 8-57. No table node has page_no 513.",Same as v1.13 (re-checked on the render).
LOGIQ_S8,sec_0084,513,5.5-filters_discarding,PASS,,"Six photos of Figure 8-57 are visible in three rows. images.json has six for p513: img_0592-img_0597, each a complete photo. The labels (OP Panel Main PWA, nut, Joystick) are text nodes #/texts/6620-6625.",Same as v1.13 (re-checked on the render).
LOGIQ_S8,sec_0084,513,5.5-filters_passing_noise,PASS,,"The six images on p513 (img_0592-img_0597) show only photos. No page text, logo or rule is inside them.",Same as v1.13 (re-checked on the render).
LOGIQ_S8,sec_0084,513,5.5-image_section_mapping,PASS,,Images on p513 (folio 8 - 137) are mapped to sec_0084 and the page is inside p503-p531. No sibling shares this page.,Same as v1.13 (re-checked on the render).
LOGIQ_S8,sec_0085,549,5.4-hierarchy_level,PASS,,"On p549 the footer reads 'Section 8-17' (folio 8 - 173). The title is a Section under Chapter 8. sec_0085 has hierarchy_level 2 and parent sec_0068 (Chapter 8, level 1). This matches.",Same as v1.13 (re-checked on the render).
LOGIQ_S8,sec_0085,549,5.4-parent_child,PASS,,"sec_0085 has parent_section_id sec_0068 (Chapter 8) and is listed in its child_sections. It has no children. The PDF has no deeper bookmarks, so sub-headings like 8-17-15 Additional steps stay inside the section.",Same as v1.13 (re-checked on the render).
LOGIQ_S8,sec_0085,549,5.4-page_start_end,PASS,,"The section is declared p532-p551. It starts on p532 with #/texts/6839 ('GE Healthcare') and the section title, and the last node is on p551. The sampled p549 shows steps 6 to 8, Figure 8-92, heading 8-17-14-5 (#/texts/7011) and Figure 8-93. All of it belongs to sec_0085. No node of a neighbour crosses the boundary.",Same as v1.13 (re-checked on the render).
LOGIQ_S8,sec_0085,549,5.4-hierarchy_path,PASS,,hierarchy_path is '/Chapter 8/Section 8-17 Replacement of OPIO4 and related parts'. The p549 footer names Section 8-17 and the manual is Chapter 8. The order Chapter then Section is correct.,Same as v1.13 (re-checked on the render).
LOGIQ_S8,sec_0085,549,5.4-gaps_duplicates,PASS,,The previous section sec_0084 ends on p531 and sec_0085 starts on p532. sec_0085 ends on p551 and the next section starts on p552. No page gap and no repeated node.,Same as v1.13 (re-checked on the render).
LOGIQ_S8,sec_0085,549,5.4-flagged_for_review,PASS,,"flagged_for_review is false and verification_score is 100. The title is on p532, the declared start page. The sampled p549 shows steps 6 to 8, Figure 8-92, heading 8-17-14-5 (#/texts/7011) and Figure 8-93, so the section looks right and no flag is needed.",Same as v1.13 (re-checked on the render).
LOGIQ_S8,sec_0085,549,5.4-structural_source,PASS,,"structural_source is 'toc'. The title 'Section 8-17' is a bookmark and is printed on p532, the declared start. The TOC source is supported.",Same as v1.13 (re-checked on the render).
LOGIQ_S8,sec_0085,549,5.6-numbering_scheme,PASS,,"The folio on p549 reads '8 - 173' (chapter-page style, Arabic digits). numbering_scheme is 'arabic'. This matches.",Same as v1.13 (re-checked on the render).
LOGIQ_S8,sec_0085,549,5.6-offset_applied,PASS,,"offset_applied is 0. The bookmark page and the physical page are the same (532). The folio 8 - 173 on physical p549 is only a chapter-page print number, not a shift. This is consistent with neighbours.",Same as v1.13 (re-checked on the render).
LOGIQ_S8,sec_0085,549,5.6-table_content,PASS,,"No table is drawn on p549. The page has steps 6 to 8, Figure 8-92, heading 8-17-14-5 and Figure 8-93.",Same as v1.13 (re-checked on the render).
LOGIQ_S8,sec_0085,549,5.5-filters_discarding,PASS,,On p549 two pictures are visible: the keyboard photo with red circles (Figure 8-92) and the OPIO test tool screen (Figure 8-93). img_0657 (416x188) and img_0658 (229x312) match them. The red circles are in img_0657.,Same as v1.13 (re-checked on the render).
LOGIQ_S8,sec_0085,549,5.5-filters_passing_noise,PASS,,img_0657 and img_0658 hold only the keyboard photo and the test tool screen. No page text is inside.,Same as v1.13 (re-checked on the render).
LOGIQ_S8,sec_0085,549,5.5-image_section_mapping,PASS,,img_0657 and img_0658 are on p549 and mapped to sec_0085. No sibling shares the page.,Same as v1.13 (re-checked on the render).
LOGIQ_S8,sec_0085,550,5.4-hierarchy_level,PASS,,"On p550 the footer reads 'Section 8-17' (folio 8 - 174). The title is a Section under Chapter 8. sec_0085 has hierarchy_level 2 and parent sec_0068 (Chapter 8, level 1). This matches.",Same as v1.13 (re-checked on the render).
LOGIQ_S8,sec_0085,550,5.4-parent_child,PASS,,"sec_0085 has parent_section_id sec_0068 (Chapter 8) and is listed in its child_sections. It has no children. The PDF has no deeper bookmarks, so sub-headings like 8-17-15 Additional steps stay inside the section.",Same as v1.13 (re-checked on the render).
LOGIQ_S8,sec_0085,550,5.4-page_start_end,PASS,,"The section is declared p532-p551. It starts on p532 with #/texts/6839 ('GE Healthcare') and the section title, and the last node is on p551. The sampled p550 shows steps 5 to 7, Figure 8-94, and headings 8-17-15 (#/texts/7024) and 8-17-15-1 (#/texts/7025). All of it belongs to sec_0085. No node of a neighbour crosses the boundary.",Same as v1.13 (re-checked on the render).
LOGIQ_S8,sec_0085,550,5.4-hierarchy_path,PASS,,hierarchy_path is '/Chapter 8/Section 8-17 Replacement of OPIO4 and related parts'. The p550 footer names Section 8-17 and the manual is Chapter 8. The order Chapter then Section is correct.,Same as v1.13 (re-checked on the render).
LOGIQ_S8,sec_0085,550,5.4-gaps_duplicates,PASS,,The previous section sec_0084 ends on p531 and sec_0085 starts on p532. sec_0085 ends on p551 and the next section starts on p552. No page gap and no repeated node.,Same as v1.13 (re-checked on the render).
LOGIQ_S8,sec_0085,550,5.4-flagged_for_review,PASS,,"flagged_for_review is false and verification_score is 100. The title is on p532, the declared start page. The sampled p550 shows steps 5 to 7, Figure 8-94, and headings 8-17-15 (#/texts/7024) and 8-17-15-1 (#/texts/7025), so the section looks right and no flag is needed.",Same as v1.13 (re-checked on the render).
LOGIQ_S8,sec_0085,550,5.4-structural_source,PASS,,"structural_source is 'toc'. The title 'Section 8-17' is a bookmark and is printed on p532, the declared start. The TOC source is supported.",Same as v1.13 (re-checked on the render).
LOGIQ_S8,sec_0085,550,5.6-numbering_scheme,PASS,,"The folio on p550 reads '8 - 174' (chapter-page style, Arabic digits). numbering_scheme is 'arabic'. This matches.",Same as v1.13 (re-checked on the render).
LOGIQ_S8,sec_0085,550,5.6-offset_applied,PASS,,"offset_applied is 0. The bookmark page and the physical page are the same (532). The folio 8 - 174 on physical p550 is only a chapter-page print number, not a shift. This is consistent with neighbours.",Same as v1.13 (re-checked on the render).
LOGIQ_S8,sec_0085,550,5.6-table_content,PASS,,"No table is drawn on p550. The page has steps 5 to 7, Figure 8-94 and heading 8-17-15 with its text.",Same as v1.13 (re-checked on the render).
LOGIQ_S8,sec_0085,550,5.5-filters_discarding,PASS,,On p550 one small picture is visible: the 'Op-Panel Close' button of Figure 8-94. img_0659 (100x56) holds it and it is readable.,Same as v1.13 (re-checked on the render). Same image as in v1.12 (id shifted by 9). It is small but is kept by the filter. No new image was added here.
LOGIQ_S8,sec_0085,550,5.5-filters_passing_noise,PASS,,"img_0659 (100x56) is the Figure 8-94 button, not decoration. It is the only image on p550.",Same as v1.13 (re-checked on the render). Small image kept on purpose and it is meaningful. Not noise.
LOGIQ_S8,sec_0085,550,5.5-image_section_mapping,PASS,,img_0659 is on p550 under 8-17-15 and is mapped to sec_0085. The page is inside p532-p551.,Same as v1.13 (re-checked on the render).
LOGIQ_S8,sec_0086,555,5.4-hierarchy_level,PASS,,"On p555 the footer reads 'Section 8-18' (folio 8 - 179). The title is a Section under Chapter 8. sec_0086 has hierarchy_level 2 and parent sec_0068 (Chapter 8, level 1). This matches.",Same as v1.13 (re-checked on the render).
LOGIQ_S8,sec_0086,555,5.4-parent_child,PASS,,"sec_0086 has parent_section_id sec_0068 (Chapter 8) and is listed in its child_sections. It has no children. The PDF has no deeper bookmarks, so sub-headings like 8-18-4-1 Removal Procedure stay inside the section.",Same as v1.13 (re-checked on the render).
LOGIQ_S8,sec_0086,555,5.4-page_start_end,PASS,,"The section is declared p552-p571. It starts on p552 with #/texts/7042 ('GE Healthcare') and the section title, and the last node is on p571. The sampled p555 shows heading 8-18-4-1 (#/texts/7075), step 1 and Figure 8-99. All of it belongs to sec_0086. No node of a neighbour crosses the boundary.",Same as v1.13 (re-checked on the render).
LOGIQ_S8,sec_0086,555,5.4-hierarchy_path,PASS,,hierarchy_path is '/Chapter 8/Section 8-18 Replacement around ACQ Box'. The p555 footer names Section 8-18 and the manual is Chapter 8. The order Chapter then Section is correct.,Same as v1.13 (re-checked on the render).
LOGIQ_S8,sec_0086,555,5.4-gaps_duplicates,PASS,,The previous section sec_0085 ends on p551 and sec_0086 starts on p552. sec_0086 ends on p571 and the next section starts on p572. No page gap and no repeated node.,Same as v1.13 (re-checked on the render).
LOGIQ_S8,sec_0086,555,5.4-flagged_for_review,PASS,,"flagged_for_review is false and verification_score is 100. The title is on p552, the declared start page. The sampled p555 shows heading 8-18-4-1 (#/texts/7075), step 1 and Figure 8-99, so the section looks right and no flag is needed.",Same as v1.13 (re-checked on the render).
LOGIQ_S8,sec_0086,555,5.4-structural_source,PASS,,"structural_source is 'toc'. The title 'Section 8-18' is a bookmark and is printed on p552, the declared start. The TOC source is supported.",Same as v1.13 (re-checked on the render).
LOGIQ_S8,sec_0086,555,5.6-numbering_scheme,PASS,,"The folio on p555 reads '8 - 179' (chapter-page style, Arabic digits). numbering_scheme is 'arabic'. This matches.",Same as v1.13 (re-checked on the render).
LOGIQ_S8,sec_0086,555,5.6-offset_applied,PASS,,"offset_applied is 0. The bookmark page and the physical page are the same (552). The folio 8 - 179 on physical p555 is only a chapter-page print number, not a shift. This is consistent with neighbours.",Same as v1.13 (re-checked on the render).
LOGIQ_S8,sec_0086,555,5.6-table_content,PASS,,"No table is drawn on p555. The page has heading 8-18-4-1, step 1, Figure 8-99 and a NOTE.",Same as v1.13 (re-checked on the render).
LOGIQ_S8,sec_0086,555,5.5-filters_discarding,FAIL,Low,"Figure 8-99 has five photos. They are kept as img_0669 to img_0673. In the render, yellow circles mark the five screws on the first two photos. The circles are not in img_0669 or img_0670.","Same as v1.13 (re-checked on the render). OLD FAIL STILL PRESENT (same as v1.12; ids shifted by 9). Probably the yellow marks are drawn over the photo and are not merged (BUG-010 rule). The text says 'Remove 5 (five) screws', so Low. verify_claims suggests a higher severity. I keep Low: text and order are kept, only grid detail or marks are lost (same as the approved v1.13 grade)."
LOGIQ_S8,sec_0086,555,5.5-filters_passing_noise,PASS,,The five images on p555 (img_0669-img_0673) are plain photos. No page text or rule is inside them.,Same as v1.13 (re-checked on the render).
LOGIQ_S8,sec_0086,555,5.5-image_section_mapping,PASS,,img_0669-img_0673 are on p555 under 8-18-4-1 and are mapped to sec_0086. No sibling shares the page.,Same as v1.13 (re-checked on the render).
LOGIQ_S8,sec_0086,556,5.4-hierarchy_level,PASS,,"On p556 the footer reads 'Section 8-18' (folio 8 - 180). The title is a Section under Chapter 8. sec_0086 has hierarchy_level 2 and parent sec_0068 (Chapter 8, level 1). This matches.",Same as v1.13 (re-checked on the render).
LOGIQ_S8,sec_0086,556,5.4-parent_child,PASS,,"sec_0086 has parent_section_id sec_0068 (Chapter 8) and is listed in its child_sections. It has no children. The PDF has no deeper bookmarks, so sub-headings like 8-18-4-1 Removal Procedure stay inside the section.",Same as v1.13 (re-checked on the render).
LOGIQ_S8,sec_0086,556,5.4-page_start_end,PASS,,"The section is declared p552-p571. It starts on p552 with #/texts/7042 ('GE Healthcare') and the section title, and the last node is on p571. The sampled p556 shows heading 8-18-4-2 (#/texts/7082), two NOTEs, a figure and a Step/Illustration table. All of it belongs to sec_0086. No node of a neighbour crosses the boundary.",Same as v1.13 (re-checked on the render).
LOGIQ_S8,sec_0086,556,5.4-hierarchy_path,PASS,,hierarchy_path is '/Chapter 8/Section 8-18 Replacement around ACQ Box'. The p556 footer names Section 8-18 and the manual is Chapter 8. The order Chapter then Section is correct.,Same as v1.13 (re-checked on the render).
LOGIQ_S8,sec_0086,556,5.4-gaps_duplicates,PASS,,The previous section sec_0085 ends on p551 and sec_0086 starts on p552. sec_0086 ends on p571 and the next section starts on p572. No page gap and no repeated node.,Same as v1.13 (re-checked on the render).
LOGIQ_S8,sec_0086,556,5.4-flagged_for_review,PASS,,"flagged_for_review is false and verification_score is 100. The title is on p552, the declared start page. The sampled p556 shows heading 8-18-4-2 (#/texts/7082), two NOTEs, a figure and a Step/Illustration table, so the section looks right and no flag is needed.",Same as v1.13 (re-checked on the render).
LOGIQ_S8,sec_0086,556,5.4-structural_source,PASS,,"structural_source is 'toc'. The title 'Section 8-18' is a bookmark and is printed on p552, the declared start. The TOC source is supported.",Same as v1.13 (re-checked on the render).
LOGIQ_S8,sec_0086,556,5.6-numbering_scheme,PASS,,"The folio on p556 reads '8 - 180' (chapter-page style, Arabic digits). numbering_scheme is 'arabic'. This matches.",Same as v1.13 (re-checked on the render).
LOGIQ_S8,sec_0086,556,5.6-offset_applied,PASS,,"offset_applied is 0. The bookmark page and the physical page are the same (552). The folio 8 - 180 on physical p556 is only a chapter-page print number, not a shift. This is consistent with neighbours.",Same as v1.13 (re-checked on the render).
LOGIQ_S8,sec_0086,556,5.6-table_content,FAIL,Low,"The Step/Illustration table at the bottom of p556 is not a table node. Its text is loose in #/texts/7087-7090 (Step, Illustration, the M3 screws text, Top view). The step number '1.' is missing.","Same as v1.13 (re-checked on the render). OLD FAIL STILL PRESENT (same as v1.12). Text and order are kept, only the grid and '1.' are lost. Probably a Docling table miss (BUG-008). Low. verify_claims says Medium because a step number is missing. I keep Low: the step text and its order are kept, and v1.12 approved Low for this same table."
LOGIQ_S8,sec_0086,556,5.5-filters_discarding,PASS,,"p556 has a two-view photo (labels BF192, Louver, Shield plate, PID, red ring and arrow) and a step 1 photo with two red circles. img_0674 (808x299) and img_0675 (400x298) show them, with the ring, arrow and circles inside.",Same as v1.13 (re-checked on the render).
LOGIQ_S8,sec_0086,556,5.5-filters_passing_noise,PASS,,"img_0674 and img_0675 hold only photos with their marks. No header, footer or caption is inside them.",Same as v1.13 (re-checked on the render).
LOGIQ_S8,sec_0086,556,5.5-image_section_mapping,PASS,,img_0674 and img_0675 are on p556 under 8-18-4-2 and are mapped to sec_0086. No sibling shares the page.,Same as v1.13 (re-checked on the render).
LOGIQ_S8,sec_0086,563,5.4-hierarchy_level,PASS,,"On p563 the footer reads 'Section 8-18' (folio 8 - 187). The title is a Section under Chapter 8. sec_0086 has hierarchy_level 2 and parent sec_0068 (Chapter 8, level 1). This matches.",Same as v1.13 (re-checked on the render).
LOGIQ_S8,sec_0086,563,5.4-parent_child,PASS,,"sec_0086 has parent_section_id sec_0068 (Chapter 8) and is listed in its child_sections. It has no children. The PDF has no deeper bookmarks, so sub-headings like 8-18-4-1 Removal Procedure stay inside the section.",Same as v1.13 (re-checked on the render).
LOGIQ_S8,sec_0086,563,5.4-page_start_end,PASS,,"The section is declared p552-p571. It starts on p552 with #/texts/7042 ('GE Healthcare') and the section title, and the last node is on p571. The sampled p563 shows heading 8-18-4-7 Handling EEPROM on GFS Board (#/texts/7146) with Figures 8-101 and 8-102. All of it belongs to sec_0086. No node of a neighbour crosses the boundary.",Same as v1.13 (re-checked on the render).
LOGIQ_S8,sec_0086,563,5.4-hierarchy_path,PASS,,hierarchy_path is '/Chapter 8/Section 8-18 Replacement around ACQ Box'. The p563 footer names Section 8-18 and the manual is Chapter 8. The order Chapter then Section is correct.,Same as v1.13 (re-checked on the render).
LOGIQ_S8,sec_0086,563,5.4-gaps_duplicates,PASS,,The previous section sec_0085 ends on p551 and sec_0086 starts on p552. sec_0086 ends on p571 and the next section starts on p572. No page gap and no repeated node.,Same as v1.13 (re-checked on the render).
LOGIQ_S8,sec_0086,563,5.4-flagged_for_review,PASS,,"flagged_for_review is false and verification_score is 100. The title is on p552, the declared start page. The sampled p563 shows heading 8-18-4-7 Handling EEPROM on GFS Board (#/texts/7146) with Figures 8-101 and 8-102, so the section looks right and no flag is needed.",Same as v1.13 (re-checked on the render).
LOGIQ_S8,sec_0086,563,5.4-structural_source,PASS,,"structural_source is 'toc'. The title 'Section 8-18' is a bookmark and is printed on p552, the declared start. The TOC source is supported.",Same as v1.13 (re-checked on the render).
LOGIQ_S8,sec_0086,563,5.6-numbering_scheme,PASS,,"The folio on p563 reads '8 - 187' (chapter-page style, Arabic digits). numbering_scheme is 'arabic'. This matches.",Same as v1.13 (re-checked on the render).
LOGIQ_S8,sec_0086,563,5.6-offset_applied,PASS,,"offset_applied is 0. The bookmark page and the physical page are the same (552). The folio 8 - 187 on physical p563 is only a chapter-page print number, not a shift. This is consistent with neighbours.",Same as v1.13 (re-checked on the render).
LOGIQ_S8,sec_0086,563,5.6-table_content,PASS,,"No table is drawn on p563. The page has heading 8-18-4-7, short text, Figures 8-101 and 8-102.",Same as v1.13 (re-checked on the render).
LOGIQ_S8,sec_0086,563,5.5-filters_discarding,FAIL,Medium,"Figure 8-101 on p563 shows two boards, a blue arrow and an EEPROM call-out. img_0687 has only the left board drawing. img_0688 has only the chip. The right board, the blue arrow and the call-out line are not in any image. Figure 8-102 is kept as img_0689 with its white circle.","Same as v1.13 (re-checked on the render). OLD FAIL STILL PRESENT (same as v1.12; ids shifted by 9). Probably the second board is the same raster and was skipped, and the arrow is vector. The labels are in text, but the move arrow is lost. Medium. verify_claims says Critical. I keep Medium: the left board and chip are kept, the labels are text, and v1.12 approved Medium (decision 6, only the move arrow and right board are lost)."
LOGIQ_S8,sec_0086,563,5.5-filters_passing_noise,PASS,,"img_0687, img_0688 and img_0689 hold only drawings and a photo. No page header, footer or caption is inside them.",Same as v1.13 (re-checked on the render).
LOGIQ_S8,sec_0086,563,5.5-image_section_mapping,PASS,,img_0687-img_0689 are on p563 under 8-18-4-7 and are mapped to sec_0086. No sibling shares the page.,Same as v1.13 (re-checked on the render).
LOGIQ_S8,sec_0086,566,5.4-hierarchy_level,PASS,,"On p566 the footer reads 'Section 8-18' (folio 8 - 190). The title is a Section under Chapter 8. sec_0086 has hierarchy_level 2 and parent sec_0068 (Chapter 8, level 1). This matches.",Same as v1.13 (re-checked on the render).
LOGIQ_S8,sec_0086,566,5.4-parent_child,PASS,,"sec_0086 has parent_section_id sec_0068 (Chapter 8) and is listed in its child_sections. It has no children. The PDF has no deeper bookmarks, so sub-headings like 8-18-4-1 Removal Procedure stay inside the section.",Same as v1.13 (re-checked on the render).
LOGIQ_S8,sec_0086,566,5.4-page_start_end,PASS,,"The section is declared p552-p571. It starts on p552 with #/texts/7042 ('GE Healthcare') and the section title, and the last node is on p571. The sampled p566 shows headings 8-18-5 (#/texts/7183) and 8-18-5-1 (#/texts/7185) with Figures 8-106 and 8-107. All of it belongs to sec_0086. No node of a neighbour crosses the boundary.",Same as v1.13 (re-checked on the render).
LOGIQ_S8,sec_0086,566,5.4-hierarchy_path,PASS,,hierarchy_path is '/Chapter 8/Section 8-18 Replacement around ACQ Box'. The p566 footer names Section 8-18 and the manual is Chapter 8. The order Chapter then Section is correct.,Same as v1.13 (re-checked on the render).
LOGIQ_S8,sec_0086,566,5.4-gaps_duplicates,PASS,,The previous section sec_0085 ends on p551 and sec_0086 starts on p552. sec_0086 ends on p571 and the next section starts on p572. No page gap and no repeated node.,Same as v1.13 (re-checked on the render).
LOGIQ_S8,sec_0086,566,5.4-flagged_for_review,PASS,,"flagged_for_review is false and verification_score is 100. The title is on p552, the declared start page. The sampled p566 shows headings 8-18-5 (#/texts/7183) and 8-18-5-1 (#/texts/7185) with Figures 8-106 and 8-107, so the section looks right and no flag is needed.",Same as v1.13 (re-checked on the render).
LOGIQ_S8,sec_0086,566,5.4-structural_source,PASS,,"structural_source is 'toc'. The title 'Section 8-18' is a bookmark and is printed on p552, the declared start. The TOC source is supported.",Same as v1.13 (re-checked on the render).
LOGIQ_S8,sec_0086,566,5.6-numbering_scheme,PASS,,"The folio on p566 reads '8 - 190' (chapter-page style, Arabic digits). numbering_scheme is 'arabic'. This matches.",Same as v1.13 (re-checked on the render).
LOGIQ_S8,sec_0086,566,5.6-offset_applied,PASS,,"offset_applied is 0. The bookmark page and the physical page are the same (552). The folio 8 - 190 on physical p566 is only a chapter-page print number, not a shift. This is consistent with neighbours.",Same as v1.13 (re-checked on the render).
LOGIQ_S8,sec_0086,566,5.6-table_content,PASS,,"No table is drawn on p566. The page has headings 8-18-5 and 8-18-5-1, notes, Figure 8-106 and Figure 8-107.",Same as v1.13 (re-checked on the render).
LOGIQ_S8,sec_0086,566,5.5-filters_discarding,PASS,,Figure 8-106 (DIP switch photo) is kept as img_0694. Figure 8-107 (cable photo with arrows and the Left Upper and Right Upper labels) is kept as vector img_0695. Both look complete.,"Same as v1.13 (re-checked on the render). verify_claims says a 236x313 raster is missing. It is the cable photo of Figure 8-107, which is inside the vector crop img_0695 (355x470). So PASS, as in v1.12. verify_claims says CONTRADICTED for the 236x313 raster on p566. It is inside vector img_0695 (cable photo with arrows and labels), which I viewed. Nothing is lost."
LOGIQ_S8,sec_0086,566,5.5-filters_passing_noise,PASS,,"img_0694 and img_0695 hold only the photos. No header, footer or caption text is inside.",Same as v1.13 (re-checked on the render).
LOGIQ_S8,sec_0086,566,5.5-image_section_mapping,PASS,,img_0694 and img_0695 are on p566 under 8-18-5-1 and are mapped to sec_0086. No sibling shares the page.,Same as v1.13 (re-checked on the render).
LOGIQ_S8,sec_0086,567,5.4-hierarchy_level,PASS,,"On p567 the footer reads 'Section 8-18' (folio 8 - 191). The title is a Section under Chapter 8. sec_0086 has hierarchy_level 2 and parent sec_0068 (Chapter 8, level 1). This matches.",Same as v1.13 (re-checked on the render).
LOGIQ_S8,sec_0086,567,5.4-parent_child,PASS,,"sec_0086 has parent_section_id sec_0068 (Chapter 8) and is listed in its child_sections. It has no children. The PDF has no deeper bookmarks, so sub-headings like 8-18-4-1 Removal Procedure stay inside the section.",Same as v1.13 (re-checked on the render).
LOGIQ_S8,sec_0086,567,5.4-page_start_end,PASS,,"The section is declared p552-p571. It starts on p552 with #/texts/7042 ('GE Healthcare') and the section title, and the last node is on p571. The sampled p567 shows three signal tables (#/tables/217-219) under ""For R1 and R2 system"" and ""For R3 and R4 system"". All of it belongs to sec_0086. No node of a neighbour crosses the boundary.",Same as v1.13 (re-checked on the render).
LOGIQ_S8,sec_0086,567,5.4-hierarchy_path,PASS,,hierarchy_path is '/Chapter 8/Section 8-18 Replacement around ACQ Box'. The p567 footer names Section 8-18 and the manual is Chapter 8. The order Chapter then Section is correct.,Same as v1.13 (re-checked on the render).
LOGIQ_S8,sec_0086,567,5.4-gaps_duplicates,PASS,,The previous section sec_0085 ends on p551 and sec_0086 starts on p552. sec_0086 ends on p571 and the next section starts on p572. No page gap and no repeated node.,Same as v1.13 (re-checked on the render).
LOGIQ_S8,sec_0086,567,5.4-flagged_for_review,PASS,,"flagged_for_review is false and verification_score is 100. The title is on p552, the declared start page. The sampled p567 shows three signal tables (#/tables/217-219) under ""For R1 and R2 system"" and ""For R3 and R4 system"", so the section looks right and no flag is needed.",Same as v1.13 (re-checked on the render).
LOGIQ_S8,sec_0086,567,5.4-structural_source,PASS,,"structural_source is 'toc'. The title 'Section 8-18' is a bookmark and is printed on p552, the declared start. The TOC source is supported.",Same as v1.13 (re-checked on the render).
LOGIQ_S8,sec_0086,567,5.6-numbering_scheme,PASS,,"The folio on p567 reads '8 - 191' (chapter-page style, Arabic digits). numbering_scheme is 'arabic'. This matches.",Same as v1.13 (re-checked on the render).
LOGIQ_S8,sec_0086,567,5.6-offset_applied,PASS,,"offset_applied is 0. The bookmark page and the physical page are the same (552). The folio 8 - 191 on physical p567 is only a chapter-page print number, not a shift. This is consistent with neighbours.",Same as v1.13 (re-checked on the render).
LOGIQ_S8,sec_0086,567,5.6-table_content,PASS,,"The three tables on p567 match the render. #/tables/217 has 9 rows (R1/R2), #/tables/218 has 11 rows (R3/R4) and #/tables/219 has 3 power rows. Values stay under the right columns, including the blank third header of the power table.",Same as v1.13 (re-checked on the render).
LOGIQ_S8,sec_0086,567,5.5-filters_discarding,PASS,,p567 has only three tables and no photo or drawing. Nothing meaningful is missing.,Same as v1.13 (re-checked on the render).
LOGIQ_S8,sec_0086,567,5.5-filters_passing_noise,PASS,,images.json has no image for p567. No decoration was kept.,Same as v1.13 (re-checked on the render).
LOGIQ_S8,sec_0086,567,5.5-image_section_mapping,PASS,,No image is mapped to p567 and none is expected. The tables are owned by sec_0086.,Same as v1.13 (re-checked on the render).
LOGIQ_S8,sec_0086,568,5.4-hierarchy_level,PASS,,"On p568 the footer reads 'Section 8-18' (folio 8 - 192). The title is a Section under Chapter 8. sec_0086 has hierarchy_level 2 and parent sec_0068 (Chapter 8, level 1). This matches.",Same as v1.13 (re-checked on the render).
LOGIQ_S8,sec_0086,568,5.4-parent_child,PASS,,"sec_0086 has parent_section_id sec_0068 (Chapter 8) and is listed in its child_sections. It has no children. The PDF has no deeper bookmarks, so sub-headings like 8-18-4-1 Removal Procedure stay inside the section.",Same as v1.13 (re-checked on the render).
LOGIQ_S8,sec_0086,568,5.4-page_start_end,PASS,,"The section is declared p552-p571. It starts on p552 with #/texts/7042 ('GE Healthcare') and the section title, and the last node is on p571. The sampled p568 shows headings 8-18-6 (#/texts/7203) and 8-18-7 (#/texts/7212), Figure 8-108 and a WARNING note. All of it belongs to sec_0086. No node of a neighbour crosses the boundary.",Same as v1.13 (re-checked on the render).
LOGIQ_S8,sec_0086,568,5.4-hierarchy_path,PASS,,hierarchy_path is '/Chapter 8/Section 8-18 Replacement around ACQ Box'. The p568 footer names Section 8-18 and the manual is Chapter 8. The order Chapter then Section is correct.,Same as v1.13 (re-checked on the render).
LOGIQ_S8,sec_0086,568,5.4-gaps_duplicates,PASS,,The previous section sec_0085 ends on p551 and sec_0086 starts on p552. sec_0086 ends on p571 and the next section starts on p572. No page gap and no repeated node.,Same as v1.13 (re-checked on the render).
LOGIQ_S8,sec_0086,568,5.4-flagged_for_review,PASS,,"flagged_for_review is false and verification_score is 100. The title is on p552, the declared start page. The sampled p568 shows headings 8-18-6 (#/texts/7203) and 8-18-7 (#/texts/7212), Figure 8-108 and a WARNING note, so the section looks right and no flag is needed.",Same as v1.13 (re-checked on the render).
LOGIQ_S8,sec_0086,568,5.4-structural_source,PASS,,"structural_source is 'toc'. The title 'Section 8-18' is a bookmark and is printed on p552, the declared start. The TOC source is supported.",Same as v1.13 (re-checked on the render).
LOGIQ_S8,sec_0086,568,5.6-numbering_scheme,PASS,,"The folio on p568 reads '8 - 192' (chapter-page style, Arabic digits). numbering_scheme is 'arabic'. This matches.",Same as v1.13 (re-checked on the render).
LOGIQ_S8,sec_0086,568,5.6-offset_applied,PASS,,"offset_applied is 0. The bookmark page and the physical page are the same (552). The folio 8 - 192 on physical p568 is only a chapter-page print number, not a shift. This is consistent with neighbours.",Same as v1.13 (re-checked on the render).
LOGIQ_S8,sec_0086,568,5.6-table_content,PASS,,"No table is drawn on p568. The page has steps 1 to 7, Figure 8-108, heading 8-18-7 and a WARNING note.",Same as v1.13 (re-checked on the render).
LOGIQ_S8,sec_0086,568,5.5-filters_discarding,PASS,,p568 has a small WARNING triangle before the earth-leakage sentence. It is not extracted. It is a decorative icon beside the WARNING word. The words are in text node #/texts/7214. Figure 8-108 is kept as img_0696 with its red circle.,"CHANGED vs v1.13 (was FAIL Low). Rule 6i: the triangle beside WARNING is a decorative icon, so PASS. Small note: the word WARNING is twice in #/texts/7214."
LOGIQ_S8,sec_0086,568,5.5-filters_passing_noise,PASS,,img_0696 is the Figure 8-108 screenshot. No page text or rule is inside it.,Same as v1.13 (re-checked on the render).
LOGIQ_S8,sec_0086,568,5.5-image_section_mapping,PASS,,img_0696 is on p568 under 8-18-6 and is mapped to sec_0086. No sibling shares the page.,Same as v1.13 (re-checked on the render).
LOGIQ_S8,sec_0088,576,5.4-hierarchy_level,PASS,,"On p576 the footer reads 'Section 8-20' (folio 8 - 200). The title is a Section under Chapter 8. sec_0088 has hierarchy_level 2 and parent sec_0068 (Chapter 8, level 1). This matches.",
LOGIQ_S8,sec_0088,576,5.4-parent_child,PASS,,"sec_0088 has parent_section_id sec_0068 (Chapter 8) and is listed in its child_sections. It has no children. The PDF has no deeper bookmarks, so sub-headings like 8-20-3 Instruction stay inside the section.",
LOGIQ_S8,sec_0088,576,5.4-page_start_end,PASS,,"The section is declared p575-p580. It starts on p575 with #/texts/7261 and the section title, and the last node is on p580. The sampled p576 shows heading 8-20-3 Instruction (#/texts/7274) and Table 8-41 (#/tables/223). All of it belongs to sec_0088. No node of a neighbour is on the page.",Same as v1.13.
LOGIQ_S8,sec_0088,576,5.4-hierarchy_path,PASS,,hierarchy_path is '/Chapter 8/Section 8-20 Replacement of Small Battery'. The p576 footer names Section 8-20 and the manual is Chapter 8. The order Chapter then Section is correct.,
LOGIQ_S8,sec_0088,576,5.4-gaps_duplicates,PASS,,The previous section sec_0087 ends on p574 and sec_0088 starts on p575. sec_0088 ends on p580 and the next section starts on p581. No page gap and no repeated node.,Same as v1.13.
LOGIQ_S8,sec_0088,576,5.4-flagged_for_review,PASS,,"flagged_for_review is false and verification_score is 100. The title is on p575, the declared start page. The sampled p576 shows heading 8-20-3 Instruction (#/texts/7274) and Table 8-41 (#/tables/223), so the section looks right and no flag is needed.",
LOGIQ_S8,sec_0088,576,5.4-structural_source,PASS,,"structural_source is 'toc'. The title 'Section 8-20' is a bookmark and is printed on p575, the declared start. The TOC source is supported.",
LOGIQ_S8,sec_0088,576,5.6-numbering_scheme,PASS,,"The folio on p576 reads '8 - 200' (chapter-page style, Arabic digits). numbering_scheme is 'arabic'. This matches.",
LOGIQ_S8,sec_0088,576,5.6-offset_applied,PASS,,"offset_applied is 0. The bookmark page and the physical page are the same (575). The folio 8 - 200 on physical p576 is only a chapter-page print number, not a shift. This is consistent with neighbours.",
LOGIQ_S8,sec_0088,576,5.6-table_content,PASS,,"Table #/tables/223 on p576 has the header Step, Instruction, Illustration and steps 1 to 3. The texts match the render (""Loosen 5 screws and remove the Rear Cover."" and the other two).",Same as v1.13.
LOGIQ_S8,sec_0088,576,5.5-filters_discarding,FAIL,Low,"Step 1 has a rear-view drawing with red arrows. Step 3 has a photo with two blue circles and one white circle. They are kept as img_0713 and img_0715, but the arrows and circles are not in them. Step 2 photo img_0714 keeps its yellow circles.","Same as v1.13. Probably the marks are not merged (BUG-010 rule). The text gives the screw count and the part names, so Low."
LOGIQ_S8,sec_0088,576,5.5-filters_passing_noise,PASS,,"img_0713-img_0715 are plain photos or screenshots. No table text, header or footer is inside them.",Same as v1.13.
LOGIQ_S8,sec_0088,576,5.5-image_section_mapping,PASS,,img_0713-img_0715 are on p576 and mapped to sec_0088. No sibling shares the page.,Same as v1.13.
LOGIQ_S8,sec_0091,588,5.4-hierarchy_level,PASS,,"On p588 the footer reads 'Section 8-23' (folio 8 - 212). The title is a Section under Chapter 8. sec_0091 has hierarchy_level 2 and parent sec_0068 (Chapter 8, level 1). This matches.",
LOGIQ_S8,sec_0091,588,5.4-parent_child,PASS,,"sec_0091 has parent_section_id sec_0068 (Chapter 8) and is listed in its child_sections. It has no children. The PDF has no deeper bookmarks, so sub-headings like 8-23-4 Note on SOM Replacement stay inside the section.",
LOGIQ_S8,sec_0091,588,5.4-page_start_end,PASS,,"The section is declared p585-p595. It starts on p585 with #/texts/7372 and the section title, and the last node is on p595. The sampled p588 shows heading 8-23-4 Note on SOM Replacement (#/texts/7422), 8-23-4-1, 8-23-4-2 and Table 8-42 (#/tables/229). All of it belongs to sec_0091. No node of a neighbour is on the page.",Same as v1.13.
LOGIQ_S8,sec_0091,588,5.4-hierarchy_path,PASS,,"hierarchy_path is '/Chapter 8/Section 8-23 Replacement of the SOM, HDD and DVR'. The p588 footer names Section 8-23 and the manual is Chapter 8. The order Chapter then Section is correct.",
LOGIQ_S8,sec_0091,588,5.4-gaps_duplicates,PASS,,The previous section sec_0090 ends on p584 and sec_0091 starts on p585. sec_0091 ends on p595 and the next section starts on p596. No page gap and no repeated node.,Same as v1.13.
LOGIQ_S8,sec_0091,588,5.4-flagged_for_review,PASS,,"flagged_for_review is false and verification_score is 100. The title is on p585, the declared start page. The sampled p588 shows heading 8-23-4 Note on SOM Replacement (#/texts/7422), 8-23-4-1, 8-23-4-2 and Table 8-42 (#/tables/229), so the section looks right and no flag is needed.",
LOGIQ_S8,sec_0091,588,5.4-structural_source,PASS,,"structural_source is 'toc'. The title 'Section 8-23' is a bookmark and is printed on p585, the declared start. The TOC source is supported.",
LOGIQ_S8,sec_0091,588,5.6-numbering_scheme,PASS,,"The folio on p588 reads '8 - 212' (chapter-page style, Arabic digits). numbering_scheme is 'arabic'. This matches.",
LOGIQ_S8,sec_0091,588,5.6-offset_applied,PASS,,"offset_applied is 0. The bookmark page and the physical page are the same (585). The folio 8 - 212 on physical p588 is only a chapter-page print number, not a shift. This is consistent with neighbours.",
LOGIQ_S8,sec_0091,588,5.6-table_content,PASS,,"Table 8-42 on p588 (#/tables/229) has the header TAB and top menu, then ""Main"" with ""System Time"" and a blank cell with ""System Date"". This matches the render.",Same as v1.13.
LOGIQ_S8,sec_0091,588,5.5-filters_discarding,PASS,,No picture or icon is drawn on p588. It has only text and Table 8-42. Nothing was dropped.,Same as v1.13.
LOGIQ_S8,sec_0091,588,5.5-filters_passing_noise,PASS,,"No image is mapped to p588, so no icon, rule or text crop was kept as an image on this page.",Same as v1.13.
LOGIQ_S8,sec_0091,588,5.5-image_section_mapping,PASS,,No image is mapped to p588 and none is expected.,Same as v1.13.
LOGIQ_S8,sec_0095,627,5.4-hierarchy_level,PASS,,"On p627 the footer reads 'Section 8-27' (folio 8 - 251). The title is a Section under Chapter 8. sec_0095 has hierarchy_level 2 and parent sec_0068 (Chapter 8, level 1). This matches.",
LOGIQ_S8,sec_0095,627,5.4-parent_child,PASS,,"sec_0095 has parent_section_id sec_0068 (Chapter 8) and is listed in its child_sections. It has no children. The PDF has no deeper bookmarks, so sub-headings like 8-27-3 DVD drive stay inside the section.",
LOGIQ_S8,sec_0095,627,5.4-page_start_end,PASS,,"The section is declared p617-p632. It starts on p617 with #/texts/7721 and the section title, and the last node is on p632. The sampled p627 shows headings 8-27-6-2 (#/texts/7804) and 8-27-6-3 (#/texts/7806) with short text. All of it belongs to sec_0095. No node of a neighbour is on the page.",Same as v1.13.
LOGIQ_S8,sec_0095,627,5.4-hierarchy_path,PASS,,"hierarchy_path is '/Chapter 8/Section 8-27 Replacement of DVD Drive, Printers and Drawer'. The p627 footer names Section 8-27 and the manual is Chapter 8. The order Chapter then Section is correct.",
LOGIQ_S8,sec_0095,627,5.4-gaps_duplicates,PASS,,The previous section sec_0094 ends on p616 and sec_0095 starts on p617. sec_0095 ends on p632 and the next section starts on p633. No page gap and no repeated node.,Same as v1.13.
LOGIQ_S8,sec_0095,627,5.4-flagged_for_review,PASS,,"flagged_for_review is false and verification_score is 100. The title is on p617, the declared start page. The sampled p627 shows headings 8-27-6-2 (#/texts/7804) and 8-27-6-3 (#/texts/7806) with short text, so the section looks right and no flag is needed.",
LOGIQ_S8,sec_0095,627,5.4-structural_source,PASS,,"structural_source is 'toc'. The title 'Section 8-27' is a bookmark and is printed on p617, the declared start. The TOC source is supported.",
LOGIQ_S8,sec_0095,627,5.6-numbering_scheme,PASS,,"The folio on p627 reads '8 - 251' (chapter-page style, Arabic digits). numbering_scheme is 'arabic'. This matches.",
LOGIQ_S8,sec_0095,627,5.6-offset_applied,PASS,,"offset_applied is 0. The bookmark page and the physical page are the same (617). The folio 8 - 251 on physical p627 is only a chapter-page print number, not a shift. This is consistent with neighbours.",
LOGIQ_S8,sec_0095,627,5.6-table_content,PASS,,No table is drawn on p627. It has only headings 8-27-6-2 and 8-27-6-3 and short text. Table 8-56 ended on p626.,Same as v1.13.
LOGIQ_S8,sec_0095,627,5.5-filters_discarding,PASS,,No picture is drawn on p627. It has only headings 8-27-6-2 and 8-27-6-3 and short text. Nothing was dropped.,Same as v1.13.
LOGIQ_S8,sec_0095,627,5.5-filters_passing_noise,PASS,,"No image is mapped to p627, so no icon, rule or text crop was kept as an image on this page.",Same as v1.13.
LOGIQ_S8,sec_0095,627,5.5-image_section_mapping,PASS,,No image is mapped to p627 and none is expected.,Same as v1.13.
LOGIQ_S8,sec_0095,629,5.4-hierarchy_level,PASS,,"On p629 the footer reads 'Section 8-27' (folio 8 - 253). The title is a Section under Chapter 8. sec_0095 has hierarchy_level 2 and parent sec_0068 (Chapter 8, level 1). This matches.",
LOGIQ_S8,sec_0095,629,5.4-parent_child,PASS,,"sec_0095 has parent_section_id sec_0068 (Chapter 8) and is listed in its child_sections. It has no children. The PDF has no deeper bookmarks, so sub-headings like 8-27-3 DVD drive stay inside the section.",
LOGIQ_S8,sec_0095,629,5.4-page_start_end,PASS,,"The section is declared p617-p632. It starts on p617 with #/texts/7721 and the section title, and the last node is on p632. The sampled p629 shows Table 8-57 continued, steps 2 and 3 (#/texts/7819-7824). All of it belongs to sec_0095. No node of a neighbour is on the page.",Same as v1.13.
LOGIQ_S8,sec_0095,629,5.4-hierarchy_path,PASS,,"hierarchy_path is '/Chapter 8/Section 8-27 Replacement of DVD Drive, Printers and Drawer'. The p629 footer names Section 8-27 and the manual is Chapter 8. The order Chapter then Section is correct.",
LOGIQ_S8,sec_0095,629,5.4-gaps_duplicates,PASS,,The previous section sec_0094 ends on p616 and sec_0095 starts on p617. sec_0095 ends on p632 and the next section starts on p633. No page gap and no repeated node.,Same as v1.13.
LOGIQ_S8,sec_0095,629,5.4-flagged_for_review,PASS,,"flagged_for_review is false and verification_score is 100. The title is on p617, the declared start page. The sampled p629 shows Table 8-57 continued, steps 2 and 3 (#/texts/7819-7824), so the section looks right and no flag is needed.",
LOGIQ_S8,sec_0095,629,5.4-structural_source,PASS,,"structural_source is 'toc'. The title 'Section 8-27' is a bookmark and is printed on p617, the declared start. The TOC source is supported.",
LOGIQ_S8,sec_0095,629,5.6-numbering_scheme,PASS,,"The folio on p629 reads '8 - 253' (chapter-page style, Arabic digits). numbering_scheme is 'arabic'. This matches.",
LOGIQ_S8,sec_0095,629,5.6-offset_applied,PASS,,"offset_applied is 0. The bookmark page and the physical page are the same (617). The folio 8 - 253 on physical p629 is only a chapter-page print number, not a shift. This is consistent with neighbours.",
LOGIQ_S8,sec_0095,629,5.6-table_content,FAIL,Low,"Table 8-57 on p629 is not a table node. Its cells are loose paragraphs #/texts/7820-7824. The step numbers ""2."" and ""3."" are missing. Step, Instruction and Illustration come after the step text.","Same as v1.13. Step text and order are kept, only the grid and step numbers are not kept. Probably a Docling table miss (BUG-008). verify_claims says Medium because step numbers are missing. I keep Low: text and order are kept, and v1.12 and v1.13 approved Low for this table."
LOGIQ_S8,sec_0095,629,5.5-filters_discarding,PASS,,Table 8-57 on p629 has two photos with yellow circles and an arrow. They are all inside the vector crop img_0842. Nothing visible is dropped.,"Same as v1.13. verify_claims says CONTRADICTED (Critical) because it sees raster photos not listed in images_v1.json. The photos are inside the vector crop img_0842 (1092x1051), which covers the whole table. So I keep PASS. The crop also holds the table text, which is graded in the passing_noise row."
LOGIQ_S8,sec_0095,629,5.5-filters_passing_noise,FAIL,Low,"img_0842 (1092x1051, vector) is the whole Table 8-57. It has the header row, the step numbers and the step text, not only the photos. This is page text inside a crop.",Same as v1.13. Probably a table with photos was treated as a vector figure (BUG-010 rule). The text is also in the tree. Impact: duplicate content.
LOGIQ_S8,sec_0095,629,5.5-image_section_mapping,PASS,,img_0842 are on p629 and mapped to sec_0095. No sibling shares the page.,Same as v1.13.
LOGIQ_S8,sec_0103,677,5.4-hierarchy_level,PASS,,"On p677 the footer reads 'Section 8-35' (folio 8 - 301). The title is a Section under Chapter 8. sec_0103 has hierarchy_level 2 and parent sec_0068 (Chapter 8, level 1). This matches.",
LOGIQ_S8,sec_0103,677,5.4-parent_child,PASS,,"sec_0103 has parent_section_id sec_0068 (Chapter 8) and is listed in its child_sections. It has no children. The PDF has no deeper bookmarks, so sub-headings like 8-35-3 For R1 - R3 System stay inside the section.",
LOGIQ_S8,sec_0103,677,5.4-page_start_end,PASS,,"The section is declared p673-p684. It starts on p673 with #/texts/8255 and the section title, and the last node is on p684. The sampled p677 shows steps 5 to 8 and Figures 8-151 to 8-153 (#/texts/8296-8302). All of it belongs to sec_0103. No node of a neighbour is on the page.",Same as v1.13.
LOGIQ_S8,sec_0103,677,5.4-hierarchy_path,PASS,,hierarchy_path is '/Chapter 8/Section 8-35 Replacement of Wireless LAN Option'. The p677 footer names Section 8-35 and the manual is Chapter 8. The order Chapter then Section is correct.,
LOGIQ_S8,sec_0103,677,5.4-gaps_duplicates,PASS,,The previous section sec_0102 ends on p672 and sec_0103 starts on p673. sec_0103 ends on p684 and the next section starts on p685. No page gap and no repeated node.,Same as v1.13.
LOGIQ_S8,sec_0103,677,5.4-flagged_for_review,PASS,,"flagged_for_review is false and verification_score is 100. The title is on p673, the declared start page. The sampled p677 shows steps 5 to 8 and Figures 8-151 to 8-153 (#/texts/8296-8302), so the section looks right and no flag is needed.",
LOGIQ_S8,sec_0103,677,5.4-structural_source,PASS,,"structural_source is 'toc'. The title 'Section 8-35' is a bookmark and is printed on p673, the declared start. The TOC source is supported.",
LOGIQ_S8,sec_0103,677,5.6-numbering_scheme,PASS,,"The folio on p677 reads '8 - 301' (chapter-page style, Arabic digits). numbering_scheme is 'arabic'. This matches.",
LOGIQ_S8,sec_0103,677,5.6-offset_applied,PASS,,"offset_applied is 0. The bookmark page and the physical page are the same (673). The folio 8 - 301 on physical p677 is only a chapter-page print number, not a shift. This is consistent with neighbours.",
LOGIQ_S8,sec_0103,677,5.6-table_content,PASS,,"There is no table on p677, so there is nothing to compare on this page. The tables of this section are #/tables/276 (p673), #/tables/277 (p679) and #/tables/278 (p681).",Same as v1.13.
LOGIQ_S8,sec_0103,677,5.5-filters_discarding,PASS,,"The three figures of p677 are kept as img_0956, img_0957 and img_0958. The red arrow of Figure 8-151 and the yellow circles of Figure 8-152 are inside the images.",Same as v1.13.
LOGIQ_S8,sec_0103,677,5.5-filters_passing_noise,PASS,,"img_0956-img_0958 are plain photos or screenshots. No table text, header or footer is inside them.",Same as v1.13.
LOGIQ_S8,sec_0103,677,5.5-image_section_mapping,PASS,,img_0956-img_0958 are on p677 and mapped to sec_0103. No sibling shares the page.,Same as v1.13.
LOGIQ_S8,sec_0105,695,5.4-hierarchy_level,PASS,,The bookmark 'Section 8-37 SWIVEL BRAKE ASSY replacement procedure' is a section under Chapter 8 and hierarchy_level is 2. On p695 the running footer and heading style match the other Section 8-xx entries (the page holds table #/tables/286 (steps 4 and 5) and 8-37-4 Functional Check; both belong here.).,Same as v1.13 (checked on the p695 render).
LOGIQ_S8,sec_0105,695,5.4-parent_child,PASS,,"sec_0105 has parent_section_id sec_0068 (Chapter 8) and no children. The 8-37-1 to 8-37-4 items are headings inside the section, not bookmarks. This matches the document.",Same as v1.13 (checked on the p695 render).
LOGIQ_S8,sec_0105,695,5.4-page_start_end,PASS,,"Section starts on p694 with the 8-37 heading (#/texts/8479) and ends on p695 with 8-37-4 Functional Check (#/texts/8492-8493) on p695. sec_0104 ends on p693 and sec_0106 starts on p696. On p695, the page holds table #/tables/286 (steps 4 and 5) and 8-37-4 Functional Check; both belong here.",Same as v1.13 (checked on the p695 render). page_start 694 and page_end 695 are correct. Same as v1.12.
LOGIQ_S8,sec_0105,695,5.4-hierarchy_path,PASS,,"hierarchy_path is '/Chapter 8/Section 8-37 SWIVEL BRAKE ASSY replacement procedure'. The order is Chapter 8, then the section. This is correct.",Same as v1.13 (checked on the p695 render).
LOGIQ_S8,sec_0105,695,5.4-gaps_duplicates,PASS,,"Headings 8-37-1 to 8-37-4 are each present once, in order, from p694 to p695. No missing or repeated block is seen on p695.",Same as v1.13 (checked on the p695 render).
LOGIQ_S8,sec_0105,695,5.4-flagged_for_review,PASS,,"flagged_for_review is false and verification_score is 100.0. The title on p694 matches the bookmark, so the flag state is right.",Same as v1.13 (checked on the p695 render).
LOGIQ_S8,sec_0105,695,5.4-structural_source,PASS,,structural_source is 'toc'. The bookmark title and page 694 agree with the rendered heading on that page.,Same as v1.13 (checked on the p695 render).
LOGIQ_S8,sec_0105,695,5.6-numbering_scheme,PASS,,"numbering_scheme is 'arabic'. The printed folio on this section (8 - 319) uses the chapter-page form '8 - nnn', which is a chapter-prefixed arabic number. The scheme is acceptable.",Same as v1.13 (checked on the p695 render).
LOGIQ_S8,sec_0105,695,5.6-offset_applied,PASS,,"offset_applied is 0. The heading on physical p694 matches page_start 694, so no offset is needed. The chapter-based folio does not change the mapping.",Same as v1.13 (checked on the p695 render).
LOGIQ_S8,sec_0105,695,5.6-table_content,PASS,,On p695 table #/tables/286 has steps 4 and 5 and the text matches the render ('Assemble replaced SWIVEL LOCK ASSY as inverse process of Step 1.' and 'Make sure the brake of OPIO Swivel is on without any noise.').,Same as v1.13 (checked on the p695 render). Unchanged from v1.12.
LOGIQ_S8,sec_0105,695,5.5-filters_discarding,PASS,,"p695 has no photo, and images.json has none for p695. The photos of steps 1 to 3 are on p694 (img_0992, img_0993, img_0994) and I checked that they hold all the photos with their red marks.",Same as v1.13 (checked on the p695 render). Unchanged from v1.12.
LOGIQ_S8,sec_0105,695,5.5-filters_passing_noise,PASS,,No image is kept for p695. The p694 images are real step photos.,Same as v1.13 (checked on the p695 render).
LOGIQ_S8,sec_0105,695,5.5-image_section_mapping,PASS,,"No image on p695, which is correct. On p694, img_0992 to img_0994 are mapped to sec_0105.",Same as v1.13 (checked on the p695 render).
LOGIQ_S8,sec_0108,707,5.4-hierarchy_level,PASS,,"The bookmark 'Section 8-40 Replacement of FibroScan module' is a section under Chapter 8 and hierarchy_level is 2. On p707 the running footer and heading style match the other Section 8-xx entries (the page holds 8-40-3 FibroScan module Replacement procedure (#/texts/8600) and table #/tables/291 (steps 1 to 3), which belong here.).",Same as v1.13.
LOGIQ_S8,sec_0108,707,5.4-parent_child,PASS,,"sec_0108 has parent_section_id sec_0068 (Chapter 8) and no children. The 8-40-1 to 8-40-4 items are headings inside the section, not bookmarks. This matches the document.",Same as v1.13.
LOGIQ_S8,sec_0108,707,5.4-page_start_end,PASS,,"Section starts on p706 with the 8-40 heading (#/texts/8592) and ends on p710 with the 8-40 steps and tables #/tables/293-294 on p708-p709. sec_0107 ends on p705 and sec_0109 starts on p711. On p707, the page holds 8-40-3 FibroScan module Replacement procedure (#/texts/8600) and table #/tables/291 (steps 1 to 3), which belong here.",Same as v1.13. page_start 706 and page_end 710 are correct. Same as v1.12.
LOGIQ_S8,sec_0108,707,5.4-hierarchy_path,PASS,,"hierarchy_path is '/Chapter 8/Section 8-40 Replacement of FibroScan module'. The order is Chapter 8, then the section. This is correct.",Same as v1.13.
LOGIQ_S8,sec_0108,707,5.4-gaps_duplicates,PASS,,"Headings 8-40-1 to 8-40-4 are each present once, in order, from p706 to p710. No missing or repeated block is seen on p707.",Same as v1.13.
LOGIQ_S8,sec_0108,707,5.4-flagged_for_review,PASS,,"flagged_for_review is false and verification_score is 100.0. The title on p706 matches the bookmark, so the flag state is right.",Same as v1.13.
LOGIQ_S8,sec_0108,707,5.4-structural_source,PASS,,structural_source is 'toc'. The bookmark title and page 706 agree with the rendered heading on that page.,Same as v1.13.
LOGIQ_S8,sec_0108,707,5.6-numbering_scheme,PASS,,"numbering_scheme is 'arabic'. The printed folio on this section (8 - 330 and 8 - 331) uses the chapter-page form '8 - nnn', which is a chapter-prefixed arabic number. The scheme is acceptable.",Same as v1.13.
LOGIQ_S8,sec_0108,707,5.6-offset_applied,PASS,,"offset_applied is 0. The heading on physical p706 matches page_start 706, so no offset is needed. The chapter-based folio does not change the mapping.",Same as v1.13.
LOGIQ_S8,sec_0108,707,5.6-table_content,PASS,,On p707 table #/tables/291 has steps 1 to 3 in order. Step 1 lists the four section references and the text matches the render. The graphic cells are empty because the pictures are images.,Same as v1.13. Unchanged from v1.12.
LOGIQ_S8,sec_0108,707,5.5-filters_discarding,PASS,,"p707 has a 6-photo group in step 2 (Mid, High and Side cabinet) and one photo in step 3. images.json lists img_1016 (298x383) and img_1017 (216x161) for p707. img_1016 holds all 6 photos with their labels and red circles.",Same as v1.13. Unchanged from v1.12 (ids moved by 9).
LOGIQ_S8,sec_0108,707,5.5-filters_passing_noise,PASS,,Only the two step images are kept on p707. No decorative image is kept.,"Same as v1.13. No new noise image in this section: the wide, short images of v1.13 are real screenshots."
LOGIQ_S8,sec_0108,707,5.5-image_section_mapping,PASS,,img_1016 and img_1017 are on p707 and mapped to sec_0108. This is the only section on p707.,Same as v1.13.
LOGIQ_S8,sec_0108,709,5.4-hierarchy_level,PASS,,"The bookmark 'Section 8-40 Replacement of FibroScan module' is a section under Chapter 8 and hierarchy_level is 2. On p709 the heading 8-40-5 FibroScan Internal Cable Replacement (#/texts/8608) is a sub-item of this section, and the footer says Section 8-40.",NEW row (p709 was not sampled in v1.13). Same result as the other pages of this section.
LOGIQ_S8,sec_0108,709,5.4-parent_child,PASS,,"sec_0108 has parent_section_id sec_0068 (Chapter 8) and no children. The 8-40-5 heading on p709 is a heading inside the section, not a bookmark. This matches the document.",NEW row.
LOGIQ_S8,sec_0108,709,5.4-page_start_end,PASS,,"Section runs p706 to p710. On p709 the nodes #/texts/8606-8609 and table #/tables/294 (steps 1 to 5) belong to sec_0108, and the footer says Section 8-40. sec_0109 starts on p711.",NEW row. page_start 706 and page_end 710 are correct.
LOGIQ_S8,sec_0108,709,5.4-hierarchy_path,PASS,,"hierarchy_path is '/Chapter 8/Section 8-40 Replacement of FibroScan module'. The order is Chapter 8, then the section. The p709 footer agrees.",NEW row.
LOGIQ_S8,sec_0108,709,5.4-gaps_duplicates,PASS,,"On p709 the heading 8-40-5 (#/texts/8608) and table #/tables/294 appear once. 8-40-4 is on p708 and 8-40-6 is on p710, so no block is missing or repeated.",NEW row.
LOGIQ_S8,sec_0108,709,5.4-flagged_for_review,PASS,,"flagged_for_review is false and verification_score is 100.0. The title on p706 matches the bookmark, so the flag state is right.",NEW row.
LOGIQ_S8,sec_0108,709,5.4-structural_source,PASS,,structural_source is 'toc'. The bookmark title and page 706 agree with the rendered heading on that page.,NEW row.
LOGIQ_S8,sec_0108,709,5.6-numbering_scheme,PASS,,"numbering_scheme is 'arabic'. The printed folio on p709 is '8 - 333', the chapter-page form, which is acceptable.",NEW row.
LOGIQ_S8,sec_0108,709,5.6-offset_applied,PASS,,"offset_applied is 0. The heading on physical p706 matches page_start 706, and p709 is physical page 709 with folio 8 - 333, so no offset is needed.",NEW row.
LOGIQ_S8,sec_0108,709,5.6-table_content,PASS,,"On p709 table #/tables/294 has steps 1 to 5 in order. The step texts match the render, including step 2 'Disconnect the power & USB cables ... DVD drive ... ACQ BOX'. The graphic cells are empty because the pictures are images.","NEW row. The header has an extra empty cell, which is only cosmetic and does not change values."
LOGIQ_S8,sec_0108,709,5.5-filters_discarding,PASS,,"p709 has 3 photo groups: step 2 (two photos with Power Cable and USB Cable labels), step 3 (DVD drive and SATA Power Cable) and step 4 (two cables). images.json lists img_1020 (369x132), img_1021 (314x165) and img_1022 (374x126). All visible photos are extracted.",NEW row.
LOGIQ_S8,sec_0108,709,5.5-filters_passing_noise,PASS,,"Only the three step photos are kept on p709. No icon, logo or divider is kept.",NEW row.
LOGIQ_S8,sec_0108,709,5.5-image_section_mapping,PASS,,"img_1020, img_1021 and img_1022 are on p709 and mapped to sec_0108. This is the only section on p709.",NEW row.
LOGIQ_S8,sec_0109,721,5.4-hierarchy_level,PASS,,"The bookmark 'Section 8-41 Replacement of R4 system Elevation Arm' is a section under Chapter 8 and hierarchy_level is 2. On p721 the running footer and heading style match the other Section 8-xx entries (the page holds the end of step 10 (table #/tables/299) and 8-41-9 Remove the monitor arm (#/texts/8705), which belong here.).",Same as v1.13.
LOGIQ_S8,sec_0109,721,5.4-parent_child,PASS,,"sec_0109 has parent_section_id sec_0068 (Chapter 8) and no children. The 8-41-1 to 8-41-17 items are headings inside the section, not bookmarks. This matches the document.",Same as v1.13.
LOGIQ_S8,sec_0109,721,5.4-page_start_end,PASS,,"Section starts on p711 with the 8-41 heading (#/texts/8627) and ends on p725 with 8-41-17 Functional Check and #/tables/307 on p725. sec_0108 ends on p710 and sec_0110 starts on p726. On p721, the page holds the end of step 10 (table #/tables/299) and 8-41-9 Remove the monitor arm (#/texts/8705), which belong here.",Same as v1.13. page_start 711 and page_end 725 are correct. Same as v1.12.
LOGIQ_S8,sec_0109,721,5.4-hierarchy_path,PASS,,"hierarchy_path is '/Chapter 8/Section 8-41 Replacement of R4 system Elevation Arm'. The order is Chapter 8, then the section. This is correct.",Same as v1.13.
LOGIQ_S8,sec_0109,721,5.4-gaps_duplicates,PASS,,"Headings 8-41-1 to 8-41-17 are each present once, in order, from p711 to p725. No missing or repeated block is seen on p721.",Same as v1.13.
LOGIQ_S8,sec_0109,721,5.4-flagged_for_review,PASS,,"flagged_for_review is false and verification_score is 100.0. The title on p711 matches the bookmark, so the flag state is right.",Same as v1.13.
LOGIQ_S8,sec_0109,721,5.4-structural_source,PASS,,structural_source is 'toc'. The bookmark title and page 711 agree with the rendered heading on that page.,Same as v1.13.
LOGIQ_S8,sec_0109,721,5.6-numbering_scheme,PASS,,"numbering_scheme is 'arabic'. The printed folio on this section (8 - 336, 8 - 345 and 8 - 348) uses the chapter-page form '8 - nnn', which is a chapter-prefixed arabic number. The scheme is acceptable.",Same as v1.13.
LOGIQ_S8,sec_0109,721,5.6-offset_applied,PASS,,"offset_applied is 0. The heading on physical p711 matches page_start 711, so no offset is needed. The chapter-based folio does not change the mapping.",Same as v1.13.
LOGIQ_S8,sec_0109,721,5.6-table_content,FAIL,Low,"On p721 table #/tables/299 (step 10, Remove Cables from Elevation arm) matches the top of the page. The second table under 8-41-9 is not a table node. 'Step', 'Illustration' and the step text are paragraphs #/texts/8706 to #/texts/8708. The step number '1.' is missing.","Same as v1.13, still present: the second table is still flattened to paragraphs, as in v1.12. Probably BUG-008. Step text is in order, so Low."
LOGIQ_S8,sec_0109,721,5.5-filters_discarding,PASS,,p721 has 2 photos (step 10 and step 1 of 8-41-9). images.json lists img_1051 (228x207) and img_1052 (284x211) for p721. Both are present with their red marks.,Same as v1.13. Unchanged from v1.12 (ids moved by 9).
LOGIQ_S8,sec_0109,721,5.5-filters_passing_noise,PASS,,Only the two step photos are kept on p721. No decorative image is kept.,"Same as v1.13. No new noise image in this section: the wide, short images of v1.13 are real screenshots."
LOGIQ_S8,sec_0109,721,5.5-image_section_mapping,PASS,,img_1051 and img_1052 are on p721 and mapped to sec_0109. This is the only section on p721.,Same as v1.13.
LOGIQ_S8,sec_0109,724,5.4-hierarchy_level,PASS,,"The bookmark 'Section 8-41 Replacement of R4 system Elevation Arm' is a section under Chapter 8 and hierarchy_level is 2. On p724 the running footer and heading style match the other Section 8-xx entries (the page holds 8-41-13, 8-41-14 and 8-41-15 (#/texts/8723-8725) with tables #/tables/304-306, all inside this section.).",Same as v1.13.
LOGIQ_S8,sec_0109,724,5.4-parent_child,PASS,,"sec_0109 has parent_section_id sec_0068 (Chapter 8) and no children. The 8-41-1 to 8-41-17 items are headings inside the section, not bookmarks. This matches the document.",Same as v1.13.
LOGIQ_S8,sec_0109,724,5.4-page_start_end,PASS,,"Section starts on p711 with the 8-41 heading (#/texts/8627) and ends on p725 with 8-41-17 Functional Check and #/tables/307 on p725. sec_0108 ends on p710 and sec_0110 starts on p726. On p724, the page holds 8-41-13, 8-41-14 and 8-41-15 (#/texts/8723-8725) with tables #/tables/304-306, all inside this section.",Same as v1.13. page_start 711 and page_end 725 are correct. Same as v1.12.
LOGIQ_S8,sec_0109,724,5.4-hierarchy_path,PASS,,"hierarchy_path is '/Chapter 8/Section 8-41 Replacement of R4 system Elevation Arm'. The order is Chapter 8, then the section. This is correct.",Same as v1.13.
LOGIQ_S8,sec_0109,724,5.4-gaps_duplicates,PASS,,"Headings 8-41-1 to 8-41-17 are each present once, in order, from p711 to p725. No missing or repeated block is seen on p724.",Same as v1.13.
LOGIQ_S8,sec_0109,724,5.4-flagged_for_review,PASS,,"flagged_for_review is false and verification_score is 100.0. The title on p711 matches the bookmark, so the flag state is right.",Same as v1.13.
LOGIQ_S8,sec_0109,724,5.4-structural_source,PASS,,structural_source is 'toc'. The bookmark title and page 711 agree with the rendered heading on that page.,Same as v1.13.
LOGIQ_S8,sec_0109,724,5.6-numbering_scheme,PASS,,"numbering_scheme is 'arabic'. The printed folio on this section (8 - 336, 8 - 345 and 8 - 348) uses the chapter-page form '8 - nnn', which is a chapter-prefixed arabic number. The scheme is acceptable.",Same as v1.13.
LOGIQ_S8,sec_0109,724,5.6-offset_applied,PASS,,"offset_applied is 0. The heading on physical p711 matches page_start 711, so no offset is needed. The chapter-based folio does not change the mapping.",Same as v1.13.
LOGIQ_S8,sec_0109,724,5.6-table_content,PASS,,"On p724 tables #/tables/304, #/tables/305 and #/tables/306 match the render: step 1 for the down stopper, step 1 for the plastic washer, and steps 1 and 2 for the elevation arm. The graphic cells are empty because the pictures are images.",Same as v1.13. Unchanged from v1.12.
LOGIQ_S8,sec_0109,724,5.5-filters_discarding,PASS,,"p724 has 4 photos: the down stopper pair, the plastic washer, and 2 elevation arm photos. images.json lists img_1061 to img_1064 for p724. All are present with their red circles and arrows.",Same as v1.13. Unchanged from v1.12 (ids moved by 9).
LOGIQ_S8,sec_0109,724,5.5-filters_passing_noise,PASS,,Only the four step photos are kept on p724. No decorative image is kept.,"Same as v1.13. No new noise image in this section: the wide, short images of v1.13 are real screenshots."
LOGIQ_S8,sec_0109,724,5.5-image_section_mapping,PASS,,img_1061 to img_1064 are on p724 and mapped to sec_0109. This is the only section on p724.,Same as v1.13.
LOGIQ_S8,sec_0110,735,5.4-hierarchy_level,PASS,,"The bookmark 'Section 8-42 Replacement of R1-R3 system Elevation Arm' is a section under Chapter 8 and hierarchy_level is 2. On p735 the running footer and heading style match the other Section 8-xx entries (the page holds steps 5 to 8 of 8-42-6 (#/texts/8828-8835), Figure 8-166 and table #/tables/310, which continue in this section.).",Same as v1.13.
LOGIQ_S8,sec_0110,735,5.4-parent_child,PASS,,"sec_0110 has parent_section_id sec_0068 (Chapter 8) and no children. The 8-42-1 to 8-42-11 items are headings inside the section, not bookmarks. This matches the document.",Same as v1.13.
LOGIQ_S8,sec_0110,735,5.4-page_start_end,PASS,,"Section starts on p726 with the 8-42 heading (#/texts/8739) and ends on p747 with 8-42-11 Functional Check and #/tables/317 on p747. sec_0109 ends on p725 and sec_0111 starts on p748. On p735, the page holds steps 5 to 8 of 8-42-6 (#/texts/8828-8835), Figure 8-166 and table #/tables/310, which continue in this section.",Same as v1.13. page_start 726 and page_end 747 are correct. Same as v1.12.
LOGIQ_S8,sec_0110,735,5.4-hierarchy_path,PASS,,"hierarchy_path is '/Chapter 8/Section 8-42 Replacement of R1-R3 system Elevation Arm'. The order is Chapter 8, then the section. This is correct.",Same as v1.13.
LOGIQ_S8,sec_0110,735,5.4-gaps_duplicates,PASS,,"Headings 8-42-1 to 8-42-11 are each present once, in order, from p726 to p747. No missing or repeated block is seen on p735.",Same as v1.13.
LOGIQ_S8,sec_0110,735,5.4-flagged_for_review,PASS,,"flagged_for_review is false and verification_score is 100.0. The title on p726 matches the bookmark, so the flag state is right.",Same as v1.13.
LOGIQ_S8,sec_0110,735,5.4-structural_source,PASS,,structural_source is 'toc'. The bookmark title and page 726 agree with the rendered heading on that page.,Same as v1.13.
LOGIQ_S8,sec_0110,735,5.6-numbering_scheme,PASS,,"numbering_scheme is 'arabic'. The printed folio on this section (8 - 350, 8 - 359 and 8 - 371) uses the chapter-page form '8 - nnn', which is a chapter-prefixed arabic number. The scheme is acceptable.",Same as v1.13.
LOGIQ_S8,sec_0110,735,5.6-offset_applied,PASS,,"offset_applied is 0. The heading on physical p726 matches page_start 726, so no offset is needed. The chapter-based folio does not change the mapping.",Same as v1.13.
LOGIQ_S8,sec_0110,735,5.6-table_content,PASS,,"On p735 table #/tables/310 matches the render: A CN9 Power/Signal to Host, CN9 Front USB, B CN11 Power to Gel Warmer, C CN36 and CN37 USB to Rear Peripheral. The empty Location cells are merged cells in the print.",Same as v1.13. Unchanged from v1.12.
LOGIQ_S8,sec_0110,735,5.5-filters_discarding,FAIL,Low,"p735 has the Figure 8-166 photo, kept as img_1087 (400x292). The yellow circles and the A, B, C markers are not in img_1087. The letters are in text nodes #/texts/8831-8833 and in the table below the figure.","Same as v1.13, still present: same as v1.12 (then img_1078). Rule P2: marks missing, photo kept. The letters exist in the text, so Low. Probably BUG-010."
LOGIQ_S8,sec_0110,735,5.5-filters_passing_noise,PASS,,Only the Figure 8-166 photo is kept on p735 (img_1087). No decorative image is kept.,"Same as v1.13. No new noise image in this section: the wide, short images of v1.13 are real screenshots."
LOGIQ_S8,sec_0110,735,5.5-image_section_mapping,PASS,,img_1087 is on p735 and mapped to sec_0110. This is the only section on p735.,Same as v1.13.
LOGIQ_S8,sec_0111,756,5.4-hierarchy_level,PASS,,"Section 8-43 New Frame replacement (R4 only) is shown as a 'Section' heading at the same level as its siblings, under Chapter 8 (sec_0068). hierarchy_level 2 is right.",Same as v1.13.
LOGIQ_S8,sec_0111,756,5.4-parent_child,PASS,,sec_0111 has parent Chapter 8 (sec_0068). The section title is printed in the footer of p756 (8 - 380). It has no child nodes and the PDF shows no sub-bookmark below it.,Same as v1.13.
LOGIQ_S8,sec_0111,756,5.4-page_start_end,PASS,,"Section runs p748 to p766. On p756 the nodes belong to sec_0111 and the footer says the same section. It starts at the 'Section 8-43' heading on p748 and ends at p766, which is blank except header and footer. No content from neighbours is absorbed.",Same as v1.13. Section tree is identical to v1.12 (approved); no old FAIL here.
LOGIQ_S8,sec_0111,756,5.4-hierarchy_path,PASS,,"The path is /Chapter 8/Section 8-43 New Frame replacement (R4 only), which matches the printed section heading and its chapter.",Same as v1.13.
LOGIQ_S8,sec_0111,756,5.4-gaps_duplicates,PASS,,"No missing or repeated content on p756. Header, title lines and footer appear once, and content ends where the next section starts starts.",Same as v1.13.
LOGIQ_S8,sec_0111,756,5.4-flagged_for_review,PASS,,"sec_0111 has flagged_for_review false, verification_score 100. The section starts and ends where the PDF shows, so no flag is needed.",Same as v1.13.
LOGIQ_S8,sec_0111,756,5.4-structural_source,PASS,,"structural_source is 'toc'. The PDF bookmark gives 'Section 8-43 New Frame replacement (R4 only)', and the heading is printed on p748.",Same as v1.13.
LOGIQ_S8,sec_0111,756,5.6-numbering_scheme,PASS,,Printed folio on p756 is '8 - 380' (chapter-page style). The scheme 'arabic' is right.,Same as v1.13.
LOGIQ_S8,sec_0111,756,5.6-offset_applied,PASS,,"offset_applied is 0. The bookmark page matches the physical page of the heading (748), so no offset is needed.",Same as v1.13.
LOGIQ_S8,sec_0111,756,5.6-table_content,FAIL,Low,"On p756 the Step/Illustration table (steps 3-6) is not a table node. The nodes are heading 'Step' (#/texts/9035), four step texts (#/texts/9036-9039) and heading 'Illustration' last (#/texts/9040). The step numbers 3 to 6 are missing.","Same as v1.13, still present (BUG-008, probably). Same flattening as v1.12. Step text is complete and in order, so Low."
LOGIQ_S8,sec_0111,756,5.5-filters_discarding,PASS,,"p756 has 4 images, img_1145 to img_1148, for steps 3 to 6. All photos visible on the rendered page are extracted.",Same as v1.13.
LOGIQ_S8,sec_0111,756,5.5-filters_passing_noise,PASS,,"Every image on this page is a real part photo or figure, with no icon, logo, divider or empty crop.",Same as v1.13.
LOGIQ_S8,sec_0111,756,5.5-image_section_mapping,PASS,,"p756 has 4 images, img_1145 to img_1148, for steps 3 to 6. All are mapped to sec_0111, which owns these pages.",Same as v1.13.
LOGIQ_S8,sec_0111,757,5.4-hierarchy_level,PASS,,"Section 8-43 New Frame replacement (R4 only) is shown as a 'Section' heading at the same level as its siblings, under Chapter 8 (sec_0068). hierarchy_level 2 is right.",Same as v1.13.
LOGIQ_S8,sec_0111,757,5.4-parent_child,PASS,,sec_0111 has parent Chapter 8 (sec_0068). The section title is printed in the footer of p757 (8 - 381). It has no child nodes and the PDF shows no sub-bookmark below it.,Same as v1.13.
LOGIQ_S8,sec_0111,757,5.4-page_start_end,PASS,,"Section runs p748 to p766. On p757 the nodes belong to sec_0111 and the footer says the same section. It starts at the 'Section 8-43' heading on p748 and ends at p766, which is blank except header and footer. No content from neighbours is absorbed.",Same as v1.13. Section tree is identical to v1.12 (approved); no old FAIL here.
LOGIQ_S8,sec_0111,757,5.4-hierarchy_path,PASS,,"The path is /Chapter 8/Section 8-43 New Frame replacement (R4 only), which matches the printed section heading and its chapter.",Same as v1.13.
LOGIQ_S8,sec_0111,757,5.4-gaps_duplicates,PASS,,"No missing or repeated content on p757. Header, title lines and footer appear once, and content ends where the next section starts starts.",Same as v1.13.
LOGIQ_S8,sec_0111,757,5.4-flagged_for_review,PASS,,"sec_0111 has flagged_for_review false, verification_score 100. The section starts and ends where the PDF shows, so no flag is needed.",Same as v1.13.
LOGIQ_S8,sec_0111,757,5.4-structural_source,PASS,,"structural_source is 'toc'. The PDF bookmark gives 'Section 8-43 New Frame replacement (R4 only)', and the heading is printed on p748.",Same as v1.13.
LOGIQ_S8,sec_0111,757,5.6-numbering_scheme,PASS,,Printed folio on p757 is '8 - 381' (chapter-page style). The scheme 'arabic' is right.,Same as v1.13.
LOGIQ_S8,sec_0111,757,5.6-offset_applied,PASS,,"offset_applied is 0. The bookmark page matches the physical page of the heading (748), so no offset is needed.",Same as v1.13.
LOGIQ_S8,sec_0111,757,5.6-table_content,FAIL,Low,"On p757 the Removal procedure table (steps 1-2) is not a table node. The nodes are heading 'Step' (#/texts/9052), step 1 text (#/texts/9053), the number '1.' (#/texts/9054), step 2 text (#/texts/9055), then heading 'Illustration'. The '1.' sits after the step 1 text, so it reads like the number of step 2. The '2.' is missing.","Same as v1.13, still present (BUG-008, probably). Same flattening as v1.12. The wrong number can confuse a reader, but all step text is complete and in order. Low, as on p753 and p756. Medium is possible, so confidence is lower."
LOGIQ_S8,sec_0111,757,5.5-filters_discarding,PASS,,"p757 has 2 images, img_1149 and img_1150, for steps 1 and 2. All photos visible on the rendered page are extracted.",Same as v1.13.
LOGIQ_S8,sec_0111,757,5.5-filters_passing_noise,PASS,,"Every image on this page is a real part photo or figure, with no icon, logo, divider or empty crop.",Same as v1.13.
LOGIQ_S8,sec_0111,757,5.5-image_section_mapping,PASS,,"p757 has 2 images, img_1149 and img_1150, for steps 1 and 2. All are mapped to sec_0111, which owns these pages.",Same as v1.13.
LOGIQ_S8,sec_0124,817,5.4-hierarchy_level,PASS,,"On p815 the heading 'Section 9-12 Options' (#/texts/9405) is printed as a section title under the chapter title. hierarchy_level is 2 and the chapter is level 1, which fits. The sampled page is p817.",NEW row (p817 was not sampled in v1.13).
LOGIQ_S8,sec_0124,817,5.4-parent_child,PASS,,"Parent is Chapter 9 (sec_0112). This is the chapter that holds the section in the render and in the bookmarks. The section has no child sections, and sec_0123 ends on p814. Neighbours are in the right order.",NEW row (p817 was not sampled in v1.13).
LOGIQ_S8,sec_0124,817,5.4-page_start_end,PASS,,"The section spans p815-822. At the start, p815 shows the heading 'Section 9-12 Options' (#/texts/9405) and Table 9-9 (#/tables/371). At the end, p822 holds the last table (#/tables/378, items 45-50) and the footer #/texts/9435. On the sampled page, p817 shows Table 9-9 items 13-17 (#/tables/373), and all nodes belong to this section. Next section: sec_0125 starts on p823.",NEW row (p817 was not sampled in v1.13).
LOGIQ_S8,sec_0124,817,5.4-hierarchy_path,PASS,,hierarchy_path is '/Chapter 9/Section 9-12 Options'. It matches the printed chapter and section titles in the render.,NEW row (p817 was not sampled in v1.13).
LOGIQ_S8,sec_0124,817,5.4-gaps_duplicates,PASS,,p817 shows Table 9-9 items 13-17 (#/tables/373). Each text and table node appears once and no printed content is missing. Neighbours follow without gap or overlap: sec_0123 ends on p814 and sec_0125 starts on p823.,NEW row (p817 was not sampled in v1.13).
LOGIQ_S8,sec_0124,817,5.4-flagged_for_review,PASS,,"flagged_for_review is false and verification_score is 100. The section title is printed on its start page p815, so the flag state is right.",NEW row (p817 was not sampled in v1.13).
LOGIQ_S8,sec_0124,817,5.4-structural_source,PASS,,"structural_source is 'toc'. The section is in the PDF bookmarks and its title is printed on p815, so the source is supported.",NEW row (p817 was not sampled in v1.13).
LOGIQ_S8,sec_0124,817,5.6-numbering_scheme,PASS,,"numbering_scheme is 'arabic'. The printed folio on p817 reads '9 - 51', a chapter-based arabic number, so the scheme is right.",NEW row (p817 was not sampled in v1.13).
LOGIQ_S8,sec_0124,817,5.6-offset_applied,PASS,,"offset_applied is 0. The section heading is on physical p815, which is page_start, so no shift is needed.",NEW row (p817 was not sampled in v1.13).
LOGIQ_S8,sec_0124,817,5.6-table_content,FAIL,Medium,"On p817 #/tables/373 (items 13-17) has the header 'No. | Part Name | Part Number Description | Qty'. The printed header has five columns and the word 'Description' now sits in the Part Number header cell. The rows are right: part numbers 5418145, 5507743, 5307472, 5506495, 5763099 and Qty 1 are under the right columns. The Description column has no text in the table, because the cells hold photos. The same header change is on p820 #/tables/376 and p821 #/tables/377.","CHANGED vs v1.13 (the header was 'Part Number' before). BUG-008 note from the lead: a header word of a lost column is put in a neighbour header cell, so Medium. The values are still under the right columns, so you may lower it to Low. Rows on p820 and p821 are correct against the renders."
LOGIQ_S8,sec_0124,817,5.5-filters_discarding,PASS,,"p817 shows photos for items 13 to 17 and images.json has img_1320 to img_1324. All visible photos are extracted. Rows without a photo (for example items 6, 8, 11, 12 on p816) have none in the render.",NEW row (p817 was not sampled in v1.13).
LOGIQ_S8,sec_0124,817,5.5-filters_passing_noise,PASS,,"Every image on p817 (img_1320 to img_1324) is a real part photo. No icon, logo, divider or empty crop is kept.",
LOGIQ_S8,sec_0124,817,5.5-image_section_mapping,PASS,,"p817 has the images img_1320 to img_1324, one for each photo (items 13 to 17). All are mapped to sec_0124, which owns p815-p822.",
LOGIQ_S8,sec_0126,827,5.4-hierarchy_level,PASS,,"Section 9-14 Probes is shown as a 'Section' heading at the same level as its siblings, under Chapter 9 (sec_0112). hierarchy_level 2 is right.",Same as v1.13 (checked on the p827 render).
LOGIQ_S8,sec_0126,827,5.4-parent_child,PASS,,sec_0126 has parent Chapter 9 (sec_0112). The section title is printed in the footer of p827 (9 - 61). It has no child nodes and the PDF shows no sub-bookmark below it.,Same as v1.13 (checked on the p827 render).
LOGIQ_S8,sec_0126,827,5.4-page_start_end,PASS,,Section runs p826 to p829. On p827 the nodes belong to sec_0126 and the footer says the same section. It starts at 'Section 9-14' on p826 and ends on p829; the next section sec_0127 starts at p830.,Same as v1.13 (checked on the p827 render). Section tree is identical to v1.12 (approved); no old FAIL here.
LOGIQ_S8,sec_0126,827,5.4-hierarchy_path,PASS,,"The path is /Chapter 9/Section 9-14 Probes, which matches the printed section heading and its chapter.",Same as v1.13 (checked on the p827 render).
LOGIQ_S8,sec_0126,827,5.4-gaps_duplicates,PASS,,"No missing or repeated content on p827. Header, title lines and footer appear once, and content ends where the next section starts starts.",Same as v1.13 (checked on the p827 render).
LOGIQ_S8,sec_0126,827,5.4-flagged_for_review,PASS,,"sec_0126 has flagged_for_review false, verification_score 100. The section starts and ends where the PDF shows, so no flag is needed.",Same as v1.13 (checked on the p827 render).
LOGIQ_S8,sec_0126,827,5.4-structural_source,PASS,,"structural_source is 'toc'. The PDF bookmark gives 'Section 9-14 Probes', and the heading is printed on p826.",Same as v1.13 (checked on the p827 render).
LOGIQ_S8,sec_0126,827,5.6-numbering_scheme,PASS,,Printed folio on p827 is '9 - 61' (chapter-page style). The scheme 'arabic' is right.,Same as v1.13 (checked on the p827 render).
LOGIQ_S8,sec_0126,827,5.6-offset_applied,PASS,,"offset_applied is 0. The bookmark page matches the physical page of the heading (826), so no offset is needed.",Same as v1.13 (checked on the p827 render).
LOGIQ_S8,sec_0126,827,5.6-table_content,FAIL,Medium,"On p827 #/tables/383 has values under the wrong column. In the row for 6S-D and the row for S1-5-D the part number, name and application are all in later columns (the row starts with empty cells). In the row S4-10-D the Application 'Transcranial' is in the Feature cell. The probe names and part numbers of ML6-15-D to M5Sc-D are in the Part Name cell.","Same as v1.13: the table did not change in v1.14 and I checked it on the render. OLD FAIL STILL PRESENT (BUG-008, probably spanning cells split). Part numbers, names and applications cannot all be tied to their column, so Medium. verify_claims may suggest Low (merged cells). I keep Medium because Application and Feature values sit under other columns. Severity justification: not only merged cells. Application and Feature values sit under other columns (S4-10-D 'Transcranial' in Feature; 6S-D and S1-5-D rows shifted), so Medium as in v1.13."
LOGIQ_S8,sec_0126,827,5.5-filters_discarding,PASS,,"p827 shows 7 probe photos (ML6-15-D, L8-18i-D, M5S-D, M5Sc-D, 6S-D, S1-5-D, S4-10-D). images.json has 7 images, img_1366 to img_1372. All photos visible on the rendered page are extracted.",Same as v1.13 (checked on the p827 render).
LOGIQ_S8,sec_0126,827,5.5-filters_passing_noise,PASS,,"Every image on this page is a real part photo or figure, with no icon, logo, divider or empty crop.",Same as v1.13 (checked on the p827 render).
LOGIQ_S8,sec_0126,827,5.5-image_section_mapping,PASS,,"p827 shows 7 probe photos (ML6-15-D, L8-18i-D, M5S-D, M5Sc-D, 6S-D, S1-5-D, S4-10-D). images.json has 7 images, img_1366 to img_1372. All are mapped to sec_0126, which owns these pages.",Same as v1.13 (checked on the p827 render).
LOGIQ_S8,sec_0126,828,5.4-hierarchy_level,PASS,,"Section 9-14 Probes is shown as a 'Section' heading at the same level as its siblings, under Chapter 9 (sec_0112). hierarchy_level 2 is right.",Same as v1.13 (checked on the p828 render).
LOGIQ_S8,sec_0126,828,5.4-parent_child,PASS,,sec_0126 has parent Chapter 9 (sec_0112). The section title is printed in the footer of p828 (9 - 62). It has no child nodes and the PDF shows no sub-bookmark below it.,Same as v1.13 (checked on the p828 render).
LOGIQ_S8,sec_0126,828,5.4-page_start_end,PASS,,Section runs p826 to p829. On p828 the nodes belong to sec_0126 and the footer says the same section. It starts at 'Section 9-14' on p826 and ends on p829; the next section sec_0127 starts at p830.,Same as v1.13 (checked on the p828 render). Section tree is identical to v1.12 (approved); no old FAIL here.
LOGIQ_S8,sec_0126,828,5.4-hierarchy_path,PASS,,"The path is /Chapter 9/Section 9-14 Probes, which matches the printed section heading and its chapter.",Same as v1.13 (checked on the p828 render).
LOGIQ_S8,sec_0126,828,5.4-gaps_duplicates,PASS,,"No missing or repeated content on p828. Header, title lines and footer appear once, and content ends where the next section starts starts.",Same as v1.13 (checked on the p828 render).
LOGIQ_S8,sec_0126,828,5.4-flagged_for_review,PASS,,"sec_0126 has flagged_for_review false, verification_score 100. The section starts and ends where the PDF shows, so no flag is needed.",Same as v1.13 (checked on the p828 render).
LOGIQ_S8,sec_0126,828,5.4-structural_source,PASS,,"structural_source is 'toc'. The PDF bookmark gives 'Section 9-14 Probes', and the heading is printed on p826.",Same as v1.13 (checked on the p828 render).
LOGIQ_S8,sec_0126,828,5.6-numbering_scheme,PASS,,Printed folio on p828 is '9 - 62' (chapter-page style). The scheme 'arabic' is right.,Same as v1.13 (checked on the p828 render).
LOGIQ_S8,sec_0126,828,5.6-offset_applied,PASS,,"offset_applied is 0. The bookmark page matches the physical page of the heading (826), so no offset is needed.",Same as v1.13 (checked on the p828 render).
LOGIQ_S8,sec_0126,828,5.6-table_content,FAIL,Medium,"On p828 #/tables/384 has values under the wrong column. In row 3Sp-D, 'Cardiac,' is in the Part Name cell and 'Transcranial, Abdomen' is in a later column. In row RIC5-9-D, 'OB/GYN' and '(Transvaginal), Urology (Transrectal)' are split across columns. In row KN100104 the name 6Tc-RS is joined with 'Cardiac'. Probe names P2D and P6D are in a column with the part numbers TE100024 and TQ100002.","Same as v1.13: the table did not change in v1.14 and I checked it on the render. OLD FAIL STILL PRESENT (BUG-008, probably spanning cells). Applications are split from their probe names, so Medium."
LOGIQ_S8,sec_0126,828,5.5-filters_discarding,PASS,,"p828 shows 8 probe photos, and images.json has 8: img_1373 to img_1380. The P2D drawing (img_1377, 102x43) and the P6D drawing (img_1378, 102x32) are now there. In v1.12 only 6 were extracted.","Same as v1.13 (checked on the p828 render). BUG-011 on this row: FIXED. The new filter keeps wide, short pictures under 48 px on one side. The old Critical is gone."
LOGIQ_S8,sec_0126,828,5.5-filters_passing_noise,PASS,,"Every image on this page is a real part photo or figure, with no icon, logo, divider or empty crop. The new small images img_1377 and img_1378 are the P2D and P6D probe drawings, not noise.",Same as v1.13 (checked on the p828 render).
LOGIQ_S8,sec_0126,828,5.5-image_section_mapping,PASS,,"p828 shows 8 probe photos: 3Sp-D, RAB6-D, RIC5-9-D, 6Tc-RS, P2D, P6D, C1-6-D, C2-7-D. images.json has 8 images, img_1373 to img_1380. img_1377 (P2D, 102x43) and img_1378 (P6D, 102x32) are the two drawings that were missing in v1.12. All are mapped to sec_0126, which owns these pages.",Same as v1.13 (checked on the p828 render). P2D and P6D now exist and are in the right section.
LOGIQ_S8,sec_0128,840,5.4-hierarchy_level,PASS,,"On p833 the heading 'Section 9-16 LOGIQ S8/E8/S7 XDclear2.0 Master FRU List Compatibility Chart' (#/texts/9484) is printed as a section title under the chapter title. hierarchy_level is 2 and the chapter is level 1, which fits. The sampled page is p840.",Same as v1.13.
LOGIQ_S8,sec_0128,840,5.4-parent_child,PASS,,"Parent is Chapter 9 (sec_0112). This is the chapter that holds the section in the render and in the bookmarks. The section has no child sections, and sec_0127 ends on p832. Neighbours are in the right order.",Same as v1.13.
LOGIQ_S8,sec_0128,840,5.4-page_start_end,PASS,,"The section spans p833-872. At the start, p833 shows the heading 'Section 9-16 ...Master FRU List Compatibility Chart' (#/texts/9484), the Y/N/NR/V legend and the NOTE (#/texts/9485-9492). At the end, p872 is an empty page with only the running header and the footer #/texts/9614. On the sampled page, p840 shows the FRU table #/tables/395 (Covers, Option and Power Cord rows), and all nodes belong to this section. Next section: sec_0129 starts on p873.",Same as v1.13.
LOGIQ_S8,sec_0128,840,5.4-hierarchy_path,PASS,,hierarchy_path is '/Chapter 9/Section 9-16 LOGIQ S8/E8/S7 XDclear2.0 Master FRU List Compatibility Chart'. It matches the printed chapter and section titles in the render.,Same as v1.13.
LOGIQ_S8,sec_0128,840,5.4-gaps_duplicates,PASS,,"p840 shows the FRU table #/tables/395 (Covers, Option and Power Cord rows). Each text and table node appears once and no printed content is missing. Neighbours follow without gap or overlap: sec_0127 ends on p832 and sec_0129 starts on p873.",Same as v1.13.
LOGIQ_S8,sec_0128,840,5.4-flagged_for_review,PASS,,"flagged_for_review is false and verification_score is 100. The section title is printed on its start page p833, so the flag state is right.",Same as v1.13.
LOGIQ_S8,sec_0128,840,5.4-structural_source,PASS,,"structural_source is 'toc'. The section is in the PDF bookmarks and its title is printed on p833, so the source is supported.",Same as v1.13.
LOGIQ_S8,sec_0128,840,5.6-numbering_scheme,PASS,,"numbering_scheme is 'arabic'. The printed folio on p840 reads '9 - 74', a chapter-based arabic number, so the scheme is right.",Same as v1.13.
LOGIQ_S8,sec_0128,840,5.6-offset_applied,PASS,,"offset_applied is 0. The section heading is on physical p833, which is page_start, so no shift is needed.",Same as v1.13.
LOGIQ_S8,sec_0128,840,5.6-table_content,PASS,,"On p840 #/tables/395 has the full header and all rows from 'Covers 5405167' to 'Power Cord 5182235'. I checked the Y/N values against the render, including the starred cells ('Y *' for 5555266, 5745867, 5723270) and the Replace-with values 6736105-3 and 6736114-3 and 5669995. Row 6736114-3 reads 'PWR SPLY CRD UNITED STATES - CANADA 15A 125V STRAIGHT 4M', as printed.",Same as v1.13 (approved PASS). The table did not change. The changed tables of this section are judged in the p837 row.
LOGIQ_S8,sec_0128,840,5.5-filters_discarding,PASS,,"p840 has only a parts table and no picture, so nothing meaningful was discarded. images.json lists no image for sec_0128, and the renders of p833-p872 that I saw have no figure.",Same as v1.13.
LOGIQ_S8,sec_0128,840,5.5-filters_passing_noise,PASS,,No image is listed for sec_0128 in images.json and p840 shows no decorative element kept as an image.,Same as v1.13.
LOGIQ_S8,sec_0128,840,5.5-image_section_mapping,PASS,,"No image is mapped to sec_0128 and the p840 render has none, so no picture is mapped to a wrong section.",Same as v1.13.
LOGIQ_S8,sec_0128,849,5.4-hierarchy_level,PASS,,"On p833 the heading 'Section 9-16 LOGIQ S8/E8/S7 XDclear2.0 Master FRU List Compatibility Chart' (#/texts/9484) is printed as a section title under the chapter title. hierarchy_level is 2 and the chapter is level 1, which fits. The sampled page is p849.",Same as v1.13.
LOGIQ_S8,sec_0128,849,5.4-parent_child,PASS,,"Parent is Chapter 9 (sec_0112). This is the chapter that holds the section in the render and in the bookmarks. The section has no child sections, and sec_0127 ends on p832. Neighbours are in the right order.",Same as v1.13.
LOGIQ_S8,sec_0128,849,5.4-page_start_end,PASS,,"The section spans p833-872. At the start, p833 shows the heading 'Section 9-16 ...Master FRU List Compatibility Chart' (#/texts/9484), the Y/N/NR/V legend and the NOTE (#/texts/9485-9492). At the end, p872 is an empty page with only the running header and the footer #/texts/9614. On the sampled page, p849 shows the FRU table #/tables/404 (Option key-top and UVC rows), and all nodes belong to this section. Next section: sec_0129 starts on p873.",Same as v1.13.
LOGIQ_S8,sec_0128,849,5.4-hierarchy_path,PASS,,hierarchy_path is '/Chapter 9/Section 9-16 LOGIQ S8/E8/S7 XDclear2.0 Master FRU List Compatibility Chart'. It matches the printed chapter and section titles in the render.,Same as v1.13.
LOGIQ_S8,sec_0128,849,5.4-gaps_duplicates,PASS,,p849 shows the FRU table #/tables/404 (Option key-top and UVC rows). Each text and table node appears once and no printed content is missing. Neighbours follow without gap or overlap: sec_0127 ends on p832 and sec_0129 starts on p873.,Same as v1.13.
LOGIQ_S8,sec_0128,849,5.4-flagged_for_review,PASS,,"flagged_for_review is false and verification_score is 100. The section title is printed on its start page p833, so the flag state is right.",Same as v1.13.
LOGIQ_S8,sec_0128,849,5.4-structural_source,PASS,,"structural_source is 'toc'. The section is in the PDF bookmarks and its title is printed on p833, so the source is supported.",Same as v1.13.
LOGIQ_S8,sec_0128,849,5.6-numbering_scheme,PASS,,"numbering_scheme is 'arabic'. The printed folio on p849 reads '9 - 83', a chapter-based arabic number, so the scheme is right.",Same as v1.13.
LOGIQ_S8,sec_0128,849,5.6-offset_applied,PASS,,"offset_applied is 0. The section heading is on physical p833, which is page_start, so no shift is needed.",Same as v1.13.
LOGIQ_S8,sec_0128,849,5.6-table_content,PASS,,"On p849 #/tables/404 has the header (R4 Upg, R4, R4.2.5x Upg, R4.2.5 x) and all rows from 'Covers 5405167' to 'Option 5460247-2'. Values match the render, for example 5455613 is Y N N N and 5761960 is N Y Y Y. Replace-with cells such as '5480205 and 5480206' are right.",Same as v1.13 (approved PASS). The table did not change. The p848 table #/tables/403 changed and is judged in the p837 row.
LOGIQ_S8,sec_0128,849,5.5-filters_discarding,PASS,,"p849 has only a parts table and no picture, so nothing meaningful was discarded. images.json lists no image for sec_0128, and the renders of p833-p872 that I saw have no figure.",Same as v1.13.
LOGIQ_S8,sec_0128,849,5.5-filters_passing_noise,PASS,,No image is listed for sec_0128 in images.json and p849 shows no decorative element kept as an image.,Same as v1.13.
LOGIQ_S8,sec_0128,849,5.5-image_section_mapping,PASS,,"No image is mapped to sec_0128 and the p849 render has none, so no picture is mapped to a wrong section.",Same as v1.13.
LOGIQ_S8,sec_0137,894,5.4-hierarchy_level,PASS,,"On p889 the heading 'Section 10-8 Electrical Safety Tests' (#/texts/9783) is printed as a section title under the chapter title. hierarchy_level is 2 and the chapter is level 1, which fits. The sampled page is p894.",Same as v1.13.
LOGIQ_S8,sec_0137,894,5.4-parent_child,PASS,,"Parent is Chapter 10 (sec_0129). This is the chapter that holds the section in the render and in the bookmarks. The section has no child sections, and sec_0136 ends on p888. Neighbours are in the right order.",Same as v1.13.
LOGIQ_S8,sec_0137,894,5.4-page_start_end,PASS,,"The section spans p889-906. At the start, p889 shows the heading 'Section 10-8 Electrical Safety Tests' (#/texts/9783) and 10-8-1 (#/texts/9784). At the end, p906 shows 10-8-13 (#/texts/10012), Table 10-19 (#/tables/449) and the footer #/texts/10026. On the sampled page, p894 shows 10-8-5 Chassis leakage current test with two CAUTION notes, 10-8-5-1 and 10-8-5-2 (#/texts/9835-9860), and all nodes belong to this section. Next section: sec_0138 starts on p907.",Same as v1.13.
LOGIQ_S8,sec_0137,894,5.4-hierarchy_path,PASS,,hierarchy_path is '/Chapter 10/Section 10-8 Electrical Safety Tests'. It matches the printed chapter and section titles in the render.,Same as v1.13.
LOGIQ_S8,sec_0137,894,5.4-gaps_duplicates,PASS,,"p894 shows 10-8-5 Chassis leakage current test with two CAUTION notes, 10-8-5-1 and 10-8-5-2 (#/texts/9835-9860). Each text and table node appears once and no printed content is missing. Neighbours follow without gap or overlap: sec_0136 ends on p888 and sec_0138 starts on p907.",Same as v1.13.
LOGIQ_S8,sec_0137,894,5.4-flagged_for_review,PASS,,"flagged_for_review is false and verification_score is 100. The section title is printed on its start page p889, so the flag state is right.",Same as v1.13.
LOGIQ_S8,sec_0137,894,5.4-structural_source,PASS,,"structural_source is 'toc'. The section is in the PDF bookmarks and its title is printed on p889, so the source is supported.",Same as v1.13.
LOGIQ_S8,sec_0137,894,5.6-numbering_scheme,PASS,,"numbering_scheme is 'arabic'. The printed folio on p894 reads '10 - 22', a chapter-based arabic number, so the scheme is right.",Same as v1.13.
LOGIQ_S8,sec_0137,894,5.6-offset_applied,PASS,,"offset_applied is 0. The section heading is on physical p889, which is page_start, so no shift is needed.",Same as v1.13.
LOGIQ_S8,sec_0137,894,5.6-table_content,PASS,,"p894 has no table in the render (text, bullets and numbered steps only), and the section has no table node on this page.",Same as v1.13.
LOGIQ_S8,sec_0137,894,5.5-filters_discarding,PASS,,"p894 shows two small yellow CAUTION triangles (next to 'Electric Shock Hazard' and 'Equipment damage possibility'). images.json has no image on p894. The CAUTION text is in #/texts/9836-9837, so the meaning is kept. There is no figure on this page.","CHANGED grade vs v1.13 (Low FAIL). By rule 6i a triangle beside CAUTION is a decorative icon, so PASS. BUG-020/BUG-017 are still the cause; verify_claims may suggest a FAIL."
LOGIQ_S8,sec_0137,894,5.5-filters_passing_noise,PASS,,"All 12 images of the section are real content: BF/CF symbols (img_1413, img_1414), wiring diagrams (img_1415, img_1417-1419, img_1424), the grounding drawing (img_1416, vector) and equipment photos (img_1420-1423). The two symbol images are wide and short (197x73, 197x76) and are kept on purpose. No rule or logo is kept. The extra text nodes '!! DANGER:' and '!! CAUTION:' on p906 (#/texts/10013-10014) are not images.",Same as v1.13.
LOGIQ_S8,sec_0137,894,5.5-image_section_mapping,PASS,,The 12 images are mapped to sec_0137 and sit on its pages p891-p905. Each one fits its topic (for example BF/CF symbols on p891 and wiring diagrams on p892-p900). None belong to sec_0136 or sec_0138.,Same as v1.13.
LOGIQ_S8,sec_0138,909,5.4-hierarchy_level,PASS,,"On p907 the heading 'Section 10-9 When There’s Too Much Leakage Current...' (#/texts/10029) is printed as a section title under the chapter title. hierarchy_level is 2 and the chapter is level 1, which fits. The sampled page is p909.",Same as v1.13.
LOGIQ_S8,sec_0138,909,5.4-parent_child,PASS,,"Parent is Chapter 10 (sec_0129). This is the chapter that holds the section in the render and in the bookmarks. The section has no child sections, and sec_0137 ends on p906. Neighbours are in the right order.",Same as v1.13.
LOGIQ_S8,sec_0138,909,5.4-page_start_end,PASS,,"The section spans p907-910. At the start, p907 shows the heading 'Section 10-9 When There’s Too Much Leakage Current...' (#/texts/10029) and 10-9-1 to 10-9-4-1. At the end, p910 holds the Electrical Safety and Probes tables (#/tables/451-452) and the footer #/texts/10087. On the sampled page, p909 shows the Ultrasound Inspection Certificate form and Table #/tables/450, and all nodes belong to this section. Next section: there is no next section (end of the document body).",Same as v1.13.
LOGIQ_S8,sec_0138,909,5.4-hierarchy_path,PASS,,hierarchy_path is '/Chapter 10/Section 10-9 When There’s Too Much Leakage Current...'. It matches the printed chapter and section titles in the render.,Same as v1.13.
LOGIQ_S8,sec_0138,909,5.4-gaps_duplicates,PASS,,p909 shows the Ultrasound Inspection Certificate form and Table #/tables/450. Each text and table node appears once and no printed content is missing. Neighbours follow without gap or overlap: sec_0137 ends on p906 and there is no next section (end of the document body).,Same as v1.13.
LOGIQ_S8,sec_0138,909,5.4-flagged_for_review,PASS,,"flagged_for_review is false and verification_score is 98.1. The section title is printed on its start page p907, so the flag state is right.",Same as v1.13.
LOGIQ_S8,sec_0138,909,5.4-structural_source,PASS,,"structural_source is 'toc'. The section is in the PDF bookmarks and its title is printed on p907, so the source is supported.",Same as v1.13.
LOGIQ_S8,sec_0138,909,5.6-numbering_scheme,PASS,,"numbering_scheme is 'arabic'. The printed folio on p909 reads '10 - 37', a chapter-based arabic number, so the scheme is right.",Same as v1.13.
LOGIQ_S8,sec_0138,909,5.6-offset_applied,PASS,,"offset_applied is 0. The section heading is on physical p907, which is page_start, so no shift is needed.",Same as v1.13.
LOGIQ_S8,sec_0138,909,5.6-table_content,FAIL,Low,"On p909 #/tables/450 (Functional Check and Physical Inspection) matches the render, with 10 rows in the right columns. The certificate header grid (Customer Name, System ID, Probe 1-9 with Frequency, Scan Format, Model Number, Serial Number) is not a table. It is flat paragraphs #/texts/10061-10072. The label 'Warranty/Contract/HBS' is moved to the 'System Type' line (#/texts/10062).","STILL PRESENT, same as v1.13. BUG-008/BUG-009: a table read as paragraphs. The text is in order and the form fields are blank, so retrieval is not affected. Low."
LOGIQ_S8,sec_0138,909,5.5-filters_discarding,PASS,,"p909 is a blank inspection form (tables, lines and headings) with no picture or icon. images.json lists no image for sec_0138.",Same as v1.13.
LOGIQ_S8,sec_0138,909,5.5-filters_passing_noise,PASS,,No image is listed for sec_0138 in images.json and p909 shows no decorative element kept as an image.,Same as v1.13.
LOGIQ_S8,sec_0138,909,5.5-image_section_mapping,PASS,,"No image is mapped to sec_0138 and the p909 render has none, so no picture is mapped to a wrong section.",Same as v1.13.
