manual_id,section_id,page_sampled,checklist_ref,result,severity,evidence,notes
2002_Service_Manual_TI,sec_0001,1,5.4-hierarchy_level,PASS,,The title '2002 LEGACY SERVICE MANUAL' is at the top of p1. The tree has hierarchy_level 1 for 2002 LEGACY SERVICE MANUAL. This fits its place under none (root).,
2002_Service_Manual_TI,sec_0001,1,5.4-parent_child,PASS,,parent_section_id is none (root). The printed titles on p1 fit this parent and the child list.,
2002_Service_Manual_TI,sec_0001,1,5.4-page_start_end,PASS,,Root section p1-642 has node_count 0. Its title text '2002 LEGACY SERVICE MANUAL' (#/texts/0) sits in child sec_0002. No body text is lost.,"verify_claims says Critical (title node #/texts/0 owned by sec_0002). I keep PASS: the title is the cover title of the whole manual, the root has no body text of its own, and the nodes are not lost. Earlier versions had no FAIL here. The lead should decide. Low confidence."
2002_Service_Manual_TI,sec_0001,1,5.4-hierarchy_path,PASS,,hierarchy_path is /2002 LEGACY SERVICE MANUAL. The order matches the printed chapter and section titles.,
2002_Service_Manual_TI,sec_0001,1,5.4-gaps_duplicates,PASS,,Page range p1-642. The p1 nodes appear once and in one section. The neighbour sections start where this one ends. No gap or overlap seen.,
2002_Service_Manual_TI,sec_0001,1,5.4-flagged_for_review,PASS,,"flagged_for_review is false and verification_score is 100. Content on p1 matches the section title, so no flag is needed.",
2002_Service_Manual_TI,sec_0001,1,5.4-structural_source,PASS,,structural_source is toc. The title for 2002 LEGACY SERVICE MANUAL on p1 matches the bookmark title and the printed heading.,
2002_Service_Manual_TI,sec_0001,1,5.6-numbering_scheme,PASS,,numbering_scheme is arabic. p1 has no printed folio. Physical page numbers are plain arabic.,
2002_Service_Manual_TI,sec_0001,1,5.6-offset_applied,PASS,,"offset_applied is 0. Physical p1 is the page shown, and the title is there. The mapping is right.",
2002_Service_Manual_TI,sec_0001,1,5.5-filters_discarding,PASS,,"p1 has only the title text, the foreword and black index tabs. No figure is lost.",
2002_Service_Manual_TI,sec_0001,1,5.5-filters_passing_noise,PASS,,sec_0001 owns no image. The p1 vector crop img_0000 is mapped to sec_0002 and judged there.,See sec_0002 row.
2002_Service_Manual_TI,sec_0001,1,5.5-image_section_mapping,PASS,,"No image should belong to the root sec_0001. img_0000 on p1 is mapped to sec_0002, which holds the p1 text.",
2002_Service_Manual_TI,sec_0002,1,5.4-hierarchy_level,PASS,,'NEW CAR INFORMATION SECTION' is printed on p1 under the manual title. The tree has hierarchy_level 2 for NEW CAR INFORMATION SECTION. This fits its place under sec_0001.,
2002_Service_Manual_TI,sec_0002,1,5.4-parent_child,PASS,,parent_section_id is sec_0001. The printed titles on p1 fit this parent and the child list.,
2002_Service_Manual_TI,sec_0002,1,5.4-page_start_end,PASS,,p1 shows the cover text and Quick Reference Index. Own nodes #/texts/0 to #/texts/15 and #/tables/0 to #/tables/2 are on p1 to p4. They match the p1 render. Later chapters are in child sections.,verify_claims says Critical because #/texts/0 is the root title. I keep PASS for the same reason as the sec_0001 row: it is the manual cover title and no text is lost. Lead to decide.
2002_Service_Manual_TI,sec_0002,1,5.4-hierarchy_path,PASS,,hierarchy_path is /2002 LEGACY SERVICE MANUAL/NEW CAR INFORMATION SECTION. The order matches the printed chapter and section titles.,
2002_Service_Manual_TI,sec_0002,1,5.4-gaps_duplicates,PASS,,Page range p1-642. The p1 nodes appear once and in one section. The neighbour sections start where this one ends. No gap or overlap seen.,
2002_Service_Manual_TI,sec_0002,1,5.4-flagged_for_review,PASS,,"flagged_for_review is false and verification_score is 100. Content on p1 matches the section title, so no flag is needed.",
2002_Service_Manual_TI,sec_0002,1,5.4-structural_source,PASS,,structural_source is toc. The title for NEW CAR INFORMATION SECTION on p1 matches the bookmark title and the printed heading.,
2002_Service_Manual_TI,sec_0002,1,5.6-numbering_scheme,PASS,,numbering_scheme is arabic. p1 has no printed folio. Physical page numbers are plain arabic.,
2002_Service_Manual_TI,sec_0002,1,5.6-offset_applied,PASS,,"offset_applied is 0. Physical p1 is the page shown, and the title is there. The mapping is right.",
2002_Service_Manual_TI,sec_0002,1,5.6-table_content,FAIL,Low,"#/tables/0 (p1) splits two labels wrongly. 'Fuel Injection (Fuel System) (w/o' is in the label cell and 'FU OBD)' is in the code cell. The render shows code 'FU (w/o OBD)'. The EC row has an empty code cell, and 'EC (w/o OBD)' is in the next row. Other rows and their order match the render.","Old FAIL (BUG-008, v2.10): still present. The cell text is the same as before. Order and values can still be read, so Low."
2002_Service_Manual_TI,sec_0002,1,5.5-filters_discarding,PASS,,p1 has no real figure. The black tabs are decoration and the text is in nodes. Nothing meaningful was dropped.,
2002_Service_Manual_TI,sec_0002,1,5.5-filters_passing_noise,FAIL,Low,"img_0000, img_0001 and img_0002 (origin vector) are crops of the whole p1, p2 and p3 index areas. They show the black navigation tabs. img_0000 also has the 'NEW CAR INFORMATION SECTION' heading, 'FOREWORD' and its paragraphs. This is page layout, not a figure. The same text is in #/texts and #/tables/0 to #/tables/2.","Old FAIL (no bug id, v2.10): still present. Probably the vector filter treats the black tab shapes as a figure. Content is only duplicated, not lost, so Low."
2002_Service_Manual_TI,sec_0002,1,5.5-image_section_mapping,PASS,,"img_0000, img_0001 and img_0002 are on p1 to p3 and are mapped to sec_0002, the section that owns those pages. The mapping is right, but these are noise (see filters_passing_noise).",
2002_Service_Manual_TI,sec_0004,8,5.4-hierarchy_level,PASS,,'1. Legacy' is the heading on p6. The tree has hierarchy_level 4 for 1. Legacy. This fits its place under sec_0003 (SPECIFICATIONS).,
2002_Service_Manual_TI,sec_0004,8,5.4-parent_child,PASS,,parent_section_id is sec_0003 (SPECIFICATIONS). The printed titles on p8 fit this parent and the child list.,
2002_Service_Manual_TI,sec_0004,8,5.4-page_start_end,PASS,,"On p8 the E: STEERING to I: CAPACITY blocks are in sec_0004. The last nodes are SPC-9 text and #/tables/16, #/tables/17 on p13. No p14 node (running header 'OUTBACK' or the heading '2. OUTBACK') is in this section. Range p6-13 is right.","Old FAIL (BUG-022, v2): now fixed. The p14 running header no longer ends up in sec_0004."
2002_Service_Manual_TI,sec_0004,8,5.4-hierarchy_path,PASS,,hierarchy_path is .../SPECIFICATIONS/1. Legacy. The order matches the printed chapter and section titles.,
2002_Service_Manual_TI,sec_0004,8,5.4-gaps_duplicates,PASS,,Page range p6-13. The p8 nodes appear once and in one section. The neighbour sections start where this one ends. No gap or overlap seen.,
2002_Service_Manual_TI,sec_0004,8,5.4-flagged_for_review,PASS,,"flagged_for_review is false and verification_score is 100. Content on p8 matches the section title, so no flag is needed.",
2002_Service_Manual_TI,sec_0004,8,5.4-structural_source,PASS,,structural_source is toc. The title for 1. Legacy on p8 matches the bookmark title and the printed heading.,
2002_Service_Manual_TI,sec_0004,8,5.6-numbering_scheme,PASS,,"numbering_scheme is arabic. The printed folio on p8 is SPC-4, a chapter prefix plus an arabic number. The chapter contents list plain arabic numbers.",Folios use a chapter prefix. Arabic is acceptable for the digits.
2002_Service_Manual_TI,sec_0004,8,5.6-offset_applied,PASS,,"offset_applied is 0 and the bookmark page equals the physical page. Folio SPC-4 on physical p8 fits the chapter start, so the mapping is right.",
2002_Service_Manual_TI,sec_0004,8,5.6-table_content,FAIL,Low,"p8 tables #/tables/7 to #/tables/10 match the render. #/tables/11 has merged cells. 'Engine coolant' has '7.0 (7.4, 6.2) 6.9 (7.3, 6.1)' in one cell for 2.0 L 5MT and 4AT. 'Total capacity' puts '4.0 (4.2,' and '3.5)' in different cells. Values and order are kept.","Old FAIL (BUG-008, v2.9): still present. Cells are merged but values and order survive, so Low."
2002_Service_Manual_TI,sec_0004,8,5.5-filters_discarding,PASS,,"p8 has only tables and text. No figure is on the page. The option circles on other pages are small table marks, so nothing was dropped.",
2002_Service_Manual_TI,sec_0004,8,5.5-filters_passing_noise,PASS,,images.json has no image for sec_0004. No noise was kept as an image.,
2002_Service_Manual_TI,sec_0004,8,5.5-image_section_mapping,PASS,,"images.json lists no image for sec_0004. p8 has no figure, so there is nothing to map.",
2002_Service_Manual_TI,sec_0005,14,5.4-hierarchy_level,PASS,,'2. OUTBACK' is the heading at the top of p14. The tree has hierarchy_level 4 for 2. OUTBACK. This fits its place under sec_0003 (SPECIFICATIONS).,
2002_Service_Manual_TI,sec_0005,14,5.4-parent_child,PASS,,parent_section_id is sec_0003 (SPECIFICATIONS). The printed titles on p14 fit this parent and the child list.,
2002_Service_Manual_TI,sec_0005,14,5.4-page_start_end,PASS,,Section starts with the heading '2. OUTBACK' (#/texts/74) on p14. Its last nodes are p20 'MEMO' (#/texts/119) and 'SPC-16' (#/texts/120). No p21 print slug or Japanese date line is in sec_0005. Range p14-20 is right.,"Old FAIL (BUG-022, v2): now fixed. The p21 slug text is no longer in sec_0005."
2002_Service_Manual_TI,sec_0005,14,5.4-hierarchy_path,PASS,,hierarchy_path is .../SPECIFICATIONS/2. OUTBACK. The order matches the printed chapter and section titles.,
2002_Service_Manual_TI,sec_0005,14,5.4-gaps_duplicates,PASS,,Page range p14-20. The p14 nodes appear once and in one section. The neighbour sections start where this one ends. No gap or overlap seen.,
2002_Service_Manual_TI,sec_0005,14,5.4-flagged_for_review,PASS,,"flagged_for_review is false and verification_score is 100. Content on p14 matches the section title, so no flag is needed.",
2002_Service_Manual_TI,sec_0005,14,5.4-structural_source,PASS,,structural_source is toc. The title for 2. OUTBACK on p14 matches the bookmark title and the printed heading.,
2002_Service_Manual_TI,sec_0005,14,5.6-numbering_scheme,PASS,,"numbering_scheme is arabic. The printed folio on p14 is SPC-10, a chapter prefix plus an arabic number. The chapter contents list plain arabic numbers.",Folios use a chapter prefix. Arabic is acceptable for the digits.
2002_Service_Manual_TI,sec_0005,14,5.6-offset_applied,PASS,,"offset_applied is 0 and the bookmark page equals the physical page. Folio SPC-10 on physical p14 fits the chapter start, so the mapping is right.",
2002_Service_Manual_TI,sec_0005,14,5.6-table_content,FAIL,Low,"On p14 #/tables/18 and #/tables/19 match the render. In the same section, text of #/tables/21 (p15) has merged cells, for example 'Transmission type 5MT 4AT 4AT' in one cell. #/tables/27 (p17) and #/tables/28 (p18) show Option rows as dashes in merged cells. Values and order are kept. p15 to p18 are not rendered in this batch.","Old FAIL (BUG-008, v2.9): still present. Judged from the table text for p15 to p18 only, because those pages are not in the batch. Low."
2002_Service_Manual_TI,sec_0005,14,5.5-filters_discarding,PASS,,"p14 has only tables and text. No figure is on the page. The option circles on other pages are small table marks, so nothing was dropped.",
2002_Service_Manual_TI,sec_0005,14,5.5-filters_passing_noise,PASS,,images.json has no image for sec_0005. No noise was kept as an image.,
2002_Service_Manual_TI,sec_0005,14,5.5-image_section_mapping,PASS,,"images.json lists no image for sec_0005. p14 has no figure, so there is nothing to map.",
2002_Service_Manual_TI,sec_0006,21,5.4-hierarchy_level,PASS,,The chapter title 'FUEL INJECTION (FUEL SYSTEM)' with tab 'FU' is on p21. The tree has hierarchy_level 3 for FUEL INJECTION (FUEL SYSTEM). This fits its place under sec_0002.,
2002_Service_Manual_TI,sec_0006,21,5.4-parent_child,PASS,,parent_section_id is sec_0002. The printed titles on p21 fit this parent and the child list.,
2002_Service_Manual_TI,sec_0006,21,5.4-page_start_end,PASS,,p21 is the FU chapter cover. sec_0006 owns #/texts/121 to #/texts/126 and #/tables/31 on p21 only. Sections 1 to 6 own the later pages. Range p21-58 covers the chapter.,
2002_Service_Manual_TI,sec_0006,21,5.4-hierarchy_path,PASS,,hierarchy_path is .../NEW CAR INFORMATION SECTION/FUEL INJECTION (FUEL SYSTEM). The order matches the printed chapter and section titles.,
2002_Service_Manual_TI,sec_0006,21,5.4-gaps_duplicates,PASS,,Page range p21-58. The p21 nodes appear once and in one section. The neighbour sections start where this one ends. No gap or overlap seen.,
2002_Service_Manual_TI,sec_0006,21,5.4-flagged_for_review,PASS,,"flagged_for_review is false and verification_score is 100. Content on p21 matches the section title, so no flag is needed.",
2002_Service_Manual_TI,sec_0006,21,5.4-structural_source,PASS,,structural_source is toc. The title for FUEL INJECTION (FUEL SYSTEM) on p21 matches the bookmark title and the printed heading.,
2002_Service_Manual_TI,sec_0006,21,5.6-numbering_scheme,PASS,,numbering_scheme is arabic. p21 has no printed folio. Physical page numbers are plain arabic.,
2002_Service_Manual_TI,sec_0006,21,5.6-offset_applied,PASS,,"offset_applied is 0. Physical p21 is the page shown, and the title is there. The mapping is right.",
2002_Service_Manual_TI,sec_0006,21,5.6-table_content,FAIL,Low,"#/tables/31 on p21 is the chapter contents. All six lines and page numbers (2, 3, 8, 19, 30, 38) are there in order. In rows 4 and 5 the page number is in the title cell and the Page cell is empty. In row 6 the dots and 38 are split from the title.","Old FAIL (no bug id, v2.9): still present. Digits moved between cells, but values and order are kept, so Low."
2002_Service_Manual_TI,sec_0006,21,5.5-filters_discarding,PASS,,p21 has the title and contents list. The black round tab at the right edge is decoration. No figure is lost.,
2002_Service_Manual_TI,sec_0006,21,5.5-filters_passing_noise,PASS,,images.json has no image for sec_0006. The round tab was not kept as an image.,
2002_Service_Manual_TI,sec_0006,21,5.5-image_section_mapping,PASS,,No image exists for sec_0006 and p21 has no figure. Nothing to map.,
2002_Service_Manual_TI,sec_0007,22,5.4-hierarchy_level,PASS,,'1. General' is the heading at the top of p22. The tree has hierarchy_level 4 for 1. General. This fits its place under sec_0006.,
2002_Service_Manual_TI,sec_0007,22,5.4-parent_child,PASS,,parent_section_id is sec_0006. The printed titles on p22 fit this parent and the child list.,
2002_Service_Manual_TI,sec_0007,22,5.4-page_start_end,PASS,,"Heading '1. General' and the bullet text end at 'Superior startability...' (#/texts/139) on p22. The last nodes are FU-2, the date line and the tab text 'GENERAL' (#/texts/140 to #/texts/142), all printed on p22. No p23 node is in sec_0007. Range p22-22 is right.","Old FAIL (BUG-022, v2.2): now fixed. The p23 slug and date line are no longer in sec_0007."
2002_Service_Manual_TI,sec_0007,22,5.4-hierarchy_path,PASS,,hierarchy_path is .../FUEL INJECTION (FUEL SYSTEM)/1. General. The order matches the printed chapter and section titles.,
2002_Service_Manual_TI,sec_0007,22,5.4-gaps_duplicates,PASS,,Page range p22. The p22 nodes appear once and in one section. The neighbour sections start where this one ends. No gap or overlap seen.,
2002_Service_Manual_TI,sec_0007,22,5.4-flagged_for_review,PASS,,"flagged_for_review is true but verification_score is 100 and verification_reason is empty. The heading and text on p22 are in the right place, so the flag is not an error.",The flag has no reason. A flag alone is not a failure.
2002_Service_Manual_TI,sec_0007,22,5.4-structural_source,PASS,,structural_source is toc. The title for 1. General on p22 matches the bookmark title and the printed heading.,
2002_Service_Manual_TI,sec_0007,22,5.6-numbering_scheme,PASS,,"numbering_scheme is arabic. The printed folio on p22 is FU-2, a chapter prefix plus an arabic number. The chapter contents list plain arabic numbers.",Folios use a chapter prefix. Arabic is acceptable for the digits.
2002_Service_Manual_TI,sec_0007,22,5.6-offset_applied,PASS,,"offset_applied is 0 and the bookmark page equals the physical page. Folio FU-2 on physical p22 fits the chapter start, so the mapping is right.",
2002_Service_Manual_TI,sec_0007,22,5.5-filters_discarding,PASS,,p22 has bullet text only. There is no figure to lose.,
2002_Service_Manual_TI,sec_0007,22,5.5-filters_passing_noise,PASS,,"images.json has no image for sec_0007, so no noise was kept.",
2002_Service_Manual_TI,sec_0007,22,5.5-image_section_mapping,PASS,,No image on p22 and none listed for sec_0007. Nothing to map.,
2002_Service_Manual_TI,sec_0009,28,5.4-hierarchy_level,PASS,,'3. Fuel Line' is the heading at the top of p28. The tree has hierarchy_level 4 for 3. Fuel Line. This fits its place under sec_0006.,
2002_Service_Manual_TI,sec_0009,28,5.4-parent_child,PASS,,parent_section_id is sec_0006. The printed titles on p28 fit this parent and the child list.,
2002_Service_Manual_TI,sec_0009,28,5.4-page_start_end,PASS,,"sec_0009 starts at '3. Fuel Line' and 'A: GENERAL' on p28. Its last nodes are the p38 caption text and 'B2H2912B' (#/texts/443). No p39 slug, date line or 'SENSORS AND SWITCHES' header is in sec_0009. Range p28-38 is right.","Old FAIL (BUG-022, v2.2): now fixed. The p39 running header is now in sec_0010."
2002_Service_Manual_TI,sec_0009,28,5.4-hierarchy_path,PASS,,hierarchy_path is .../FUEL INJECTION (FUEL SYSTEM)/3. Fuel Line. The order matches the printed chapter and section titles.,
2002_Service_Manual_TI,sec_0009,28,5.4-gaps_duplicates,PASS,,Page range p28-38. The p28 nodes appear once and in one section. The neighbour sections start where this one ends. No gap or overlap seen.,
2002_Service_Manual_TI,sec_0009,28,5.4-flagged_for_review,PASS,,"flagged_for_review is false and verification_score is 100. Content on p28 matches the section title, so no flag is needed.",
2002_Service_Manual_TI,sec_0009,28,5.4-structural_source,PASS,,structural_source is toc. The title for 3. Fuel Line on p28 matches the bookmark title and the printed heading.,
2002_Service_Manual_TI,sec_0009,28,5.6-numbering_scheme,PASS,,"numbering_scheme is arabic. The printed folio on p28 is FU-8, a chapter prefix plus an arabic number. The chapter contents list plain arabic numbers.",Folios use a chapter prefix. Arabic is acceptable for the digits.
2002_Service_Manual_TI,sec_0009,28,5.6-offset_applied,PASS,,"offset_applied is 0 and the bookmark page equals the physical page. Folio FU-8 on physical p28 fits the chapter start, so the mapping is right.",
2002_Service_Manual_TI,sec_0009,28,5.5-filters_discarding,PASS,,p28 has a figure (fuel line diagram with labels (1) to (18)). It was kept as img_0009. The crop shows the full diagram with all labels; the legend list is in text nodes #/texts/233 to #/texts/241. Nothing meaningful was dropped.,
2002_Service_Manual_TI,sec_0009,28,5.5-filters_passing_noise,PASS,,"img_0009 is a real figure and has no extra text, rules or tabs. No noise was kept as an image on p28.",
2002_Service_Manual_TI,sec_0009,28,5.5-image_section_mapping,PASS,,"img_0009 is on p28 and mapped to sec_0009, which owns that page. The mapping is right.",
2002_Service_Manual_TI,sec_0010,41,5.4-hierarchy_level,PASS,,'4. Sensors and Switches' starts on p39; p40 and p41 continue the section. The tree has hierarchy_level 4 for 4. Sensors and Switches. This fits its place under sec_0006.,
2002_Service_Manual_TI,sec_0010,41,5.4-parent_child,PASS,,parent_section_id is sec_0006. The printed titles on p41 fit this parent and the child list.,
2002_Service_Manual_TI,sec_0010,41,5.4-page_start_end,PASS,,p41 is 'B: REAR OXYGEN SENSOR' with a figure. Its nodes are in sec_0010 (p39-49). The last node is the p49 header 'Fuel Injection (Fuel System)'. No node from p50 is included.,
2002_Service_Manual_TI,sec_0010,41,5.4-hierarchy_path,PASS,,hierarchy_path is .../FUEL INJECTION (FUEL SYSTEM)/4. Sensors and Switches. The order matches the printed chapter and section titles.,
2002_Service_Manual_TI,sec_0010,41,5.4-gaps_duplicates,PASS,,Page range p39-49. The p41 nodes appear once and in one section. The neighbour sections start where this one ends. No gap or overlap seen.,
2002_Service_Manual_TI,sec_0010,41,5.4-flagged_for_review,PASS,,"flagged_for_review is false and verification_score is 100. Content on p41 matches the section title, so no flag is needed.",
2002_Service_Manual_TI,sec_0010,41,5.4-structural_source,PASS,,structural_source is toc. The title for 4. Sensors and Switches on p41 matches the bookmark title and the printed heading.,
2002_Service_Manual_TI,sec_0010,41,5.6-numbering_scheme,PASS,,"numbering_scheme is arabic. The printed folio on p41 is FU-21, a chapter prefix plus an arabic number. The chapter contents list plain arabic numbers.",Folios use a chapter prefix. Arabic is acceptable for the digits.
2002_Service_Manual_TI,sec_0010,41,5.6-offset_applied,PASS,,"offset_applied is 0 and the bookmark page equals the physical page. Folio FU-21 on physical p41 fits the chapter start, so the mapping is right.",
2002_Service_Manual_TI,sec_0010,41,5.5-filters_discarding,PASS,,p41 has a figure (rear oxygen sensor drawing with labels (1) to (6)). It was kept as img_0020. The crop shows the full drawing with labels (1) to (6). Nothing meaningful was dropped.,
2002_Service_Manual_TI,sec_0010,41,5.5-filters_passing_noise,PASS,,"img_0020 is a real figure and has no extra text, rules or tabs. No noise was kept as an image on p41.",
2002_Service_Manual_TI,sec_0010,41,5.5-image_section_mapping,PASS,,"img_0020 is on p41 and mapped to sec_0010, which owns that page. The mapping is right.",
2002_Service_Manual_TI,sec_0011,54,5.4-hierarchy_level,PASS,,'5. Control System' starts on p50; p54 continues it. The tree has hierarchy_level 4 for 5. Control System. This fits its place under sec_0006.,
2002_Service_Manual_TI,sec_0011,54,5.4-parent_child,PASS,,parent_section_id is sec_0006. The printed titles on p54 fit this parent and the child list.,
2002_Service_Manual_TI,sec_0011,54,5.4-page_start_end,PASS,,"p54 has '3. AIR-FUEL RATIO FEEDBACK FACTOR' and '4. LEARNING FEATURE'. Section starts on p50 and its last text node is 'B2H3450C' on p57 (#/texts/774). No p58 slug, date line or 'ON-BOARD DIAGNOSIS SYSTEM' header is in sec_0011. Range p50-57 is right.","Old FAIL (BUG-022, v2.2): now fixed. The p58 header text is no longer in sec_0011."
2002_Service_Manual_TI,sec_0011,54,5.4-hierarchy_path,PASS,,hierarchy_path is .../FUEL INJECTION (FUEL SYSTEM)/5. Control System. The order matches the printed chapter and section titles.,
2002_Service_Manual_TI,sec_0011,54,5.4-gaps_duplicates,PASS,,Page range p50-57. The p54 nodes appear once and in one section. The neighbour sections start where this one ends. No gap or overlap seen.,
2002_Service_Manual_TI,sec_0011,54,5.4-flagged_for_review,PASS,,"flagged_for_review is false and verification_score is 100. Content on p54 matches the section title, so no flag is needed.",
2002_Service_Manual_TI,sec_0011,54,5.4-structural_source,PASS,,structural_source is toc. The title for 5. Control System on p54 matches the bookmark title and the printed heading.,
2002_Service_Manual_TI,sec_0011,54,5.6-numbering_scheme,PASS,,"numbering_scheme is arabic. The printed folio on p54 is FU-34, a chapter prefix plus an arabic number. The chapter contents list plain arabic numbers.",Folios use a chapter prefix. Arabic is acceptable for the digits.
2002_Service_Manual_TI,sec_0011,54,5.6-offset_applied,PASS,,"offset_applied is 0 and the bookmark page equals the physical page. Folio FU-34 on physical p54 fits the chapter start, so the mapping is right.",
2002_Service_Manual_TI,sec_0011,54,5.6-table_content,FAIL,Medium,p54 has no table. In this section #/tables/32 (p51) has only 'Unit | Function' with 30 rows. The row labels 'Input signals' and 'Output signals' are missing from the table text and are in no node of sec_0011. This text is lost. #/tables/33 on p57 matches the render. The p51 render is not in this batch.,"Old FAIL (BUG-008, v2.9): still present. The old review saw the labels in the p51 render. Row labels are lost text, not shifted cells, so not Low. Rows cannot be sorted into input or output. Probably the merged label cell is dropped by the table reader. Medium. Not rendered here, so confidence is lower."
2002_Service_Manual_TI,sec_0011,54,5.5-filters_discarding,PASS,,"p54 has a figure (two feedback diagrams with labels A to F and (1) to (6)). It was kept as img_0029. The crop shows both diagrams, with legend marks A, B, C, D, E, F and (1) to (6); the legend text is in #/texts/696 to #/texts/716. Nothing meaningful was dropped.",
2002_Service_Manual_TI,sec_0011,54,5.5-filters_passing_noise,PASS,,"img_0029 is a real figure and has no extra text, rules or tabs. No noise was kept as an image on p54.",
2002_Service_Manual_TI,sec_0011,54,5.5-image_section_mapping,PASS,,"img_0029 is on p54 and mapped to sec_0011, which owns that page. The mapping is right.",
2002_Service_Manual_TI,sec_0015,61,5.4-hierarchy_level,PASS,,On p61 the heading '2. Air Line' is a large top-level heading of the page. Node level 4 is correct under its parent chapter sec_0013.,
2002_Service_Manual_TI,sec_0015,61,5.4-parent_child,PASS,,"sec_0015 has parent sec_0013 and no children. The render shows no sub-headings with their own numbers, only 'A:/B:' topic lines inside the section.",
2002_Service_Manual_TI,sec_0015,61,5.4-page_start_end,PASS,,"page_start 61, page_end 63. Own slug and heading '2. Air Line' (texts/817) start the section on p61. The last nodes are p63 FU-5, B2H2005B and legend (texts/859 to 867). No p64 slug or running header is inside; they start sec_0016.",Old slug and running-header FAIL pattern (BUG-022) is not present here.
2002_Service_Manual_TI,sec_0015,61,5.4-hierarchy_path,PASS,,hierarchy_path ends with '2. Air Line' under FUEL INJECTION (FUEL SYSTEM). This matches the page header text and the nesting.,
2002_Service_Manual_TI,sec_0015,61,5.4-gaps_duplicates,PASS,,Nodes texts/815 to 867 run in order on p61 to p63 with no gap. Next section sec_0016 starts at texts/868 with no overlap.,
2002_Service_Manual_TI,sec_0015,61,5.4-flagged_for_review,PASS,,"flagged_for_review is false and verification_score is 100. The heading is found on p61, so no flag is needed.",
2002_Service_Manual_TI,sec_0015,61,5.4-structural_source,PASS,,structural_source is 'toc'. The title '2. Air Line' is visible on p61 as an embedded bookmark target.,
2002_Service_Manual_TI,sec_0015,61,5.6-numbering_scheme,PASS,,"Printed folios are chapter-prefixed (FU-3, FU-5). Scheme 'arabic' with offset 0 maps bookmark page to physical page.",Printed folio has a chapter prefix. This is the same document-level scheme used in all sections.
2002_Service_Manual_TI,sec_0015,61,5.6-offset_applied,PASS,,"offset_applied is 0. The section heading is on physical p61, which equals page_start in the tree.",
2002_Service_Manual_TI,sec_0015,61,5.5-filters_discarding,PASS,,p61 figure (1)/(2) pressure sensor is img_0033 and p63 idle air valve figure is img_0035. Both are complete line drawings. p62 image img_0034 is also exported. No figure is lost.,
2002_Service_Manual_TI,sec_0015,61,5.5-filters_passing_noise,PASS,,"The three images img_0033, img_0034 and img_0035 are real figures. No rule, logo or footer divider is kept as an image.",
2002_Service_Manual_TI,sec_0015,61,5.5-image_section_mapping,PASS,,"img_0033 (p61), img_0034 (p62) and img_0035 (p63) are mapped to sec_0015, which owns those pages. Each figure sits under its own topic text.",
2002_Service_Manual_TI,sec_0016,68,5.4-hierarchy_level,PASS,,On p68 the heading '3. Fuel Line' is a large top-level heading of the page. Node level 4 is correct under its parent chapter sec_0013.,
2002_Service_Manual_TI,sec_0016,68,5.4-parent_child,PASS,,"sec_0016 has parent sec_0013 and no children. The render shows no sub-headings with their own numbers, only 'A:/B:' topic lines inside the section.",
2002_Service_Manual_TI,sec_0016,68,5.4-page_start_end,PASS,,"page_start 64, page_end 73. Starts with '3. Fuel Line' (texts/868) on p64 and ends on p73 with FU-15 and B2H2912B (texts/1078 to 1081). No p74 header or slug is inside.",Old slug and running-header problem (BUG-022) is not present here.
2002_Service_Manual_TI,sec_0016,68,5.4-hierarchy_path,PASS,,hierarchy_path ends with '3. Fuel Line' under FUEL INJECTION (FUEL SYSTEM). This matches the page header text and the nesting.,
2002_Service_Manual_TI,sec_0016,68,5.4-gaps_duplicates,PASS,,"Nodes texts/868 to 1081 run in order over p64 to p73 with no gap. sec_0017 starts at texts/1082, so there is no overlap.",
2002_Service_Manual_TI,sec_0016,68,5.4-flagged_for_review,PASS,,"flagged_for_review is false and verification_score is 100. The heading is found on p68, so no flag is needed.",
2002_Service_Manual_TI,sec_0016,68,5.4-structural_source,PASS,,structural_source is 'toc'. The title '3. Fuel Line' is visible on p68 as an embedded bookmark target.,
2002_Service_Manual_TI,sec_0016,68,5.6-numbering_scheme,PASS,,Printed folios are chapter-prefixed (FU-6 to FU-15). Scheme 'arabic' with offset 0 maps bookmark page to physical page.,Printed folio has a chapter prefix. This is the same document-level scheme used in all sections.
2002_Service_Manual_TI,sec_0016,68,5.6-offset_applied,PASS,,"offset_applied is 0. The section heading is on physical p68, which equals page_start in the tree.",
2002_Service_Manual_TI,sec_0016,68,5.5-filters_discarding,PASS,,"p64 fuel line diagram (img_0036), p68 tank band figure (img_0040) and p73 sub-compartment sensor (img_0044) are all exported as full drawings. Text-only p70 has no figure. No figure is lost.",
2002_Service_Manual_TI,sec_0016,68,5.5-filters_passing_noise,PASS,,The nine images in sec_0016 (img_0036 to img_0044) are real figures. No decorative element is kept.,
2002_Service_Manual_TI,sec_0016,68,5.5-image_section_mapping,PASS,,Images img_0036 to img_0044 on p64 to p73 are mapped to sec_0016. On p68 the band figure img_0040 matches 'The fuel tank is located under the rear seat' text in this section.,
2002_Service_Manual_TI,sec_0017,74,5.4-hierarchy_level,PASS,,On p74 the heading '4. Sensors and Switches' is a large top-level heading of the page. Node level 4 is correct under its parent chapter sec_0013.,
2002_Service_Manual_TI,sec_0017,74,5.4-parent_child,PASS,,"sec_0017 has parent sec_0013 and no children. The render shows no sub-headings with their own numbers, only 'A:/B:' topic lines inside the section.",
2002_Service_Manual_TI,sec_0017,74,5.4-page_start_end,PASS,,"page_start 74, page_end 82. Starts with heading '4. Sensors and Switches' (texts/1082) on p74. The last node on p82 is '(5) Transmission FU-24' (texts/1229). The p83 slug 'W2290GE_03_FU-.fm 25' (texts/1230) is now in sec_0018.","Old FAIL (BUG-022, v2): now fixed."
2002_Service_Manual_TI,sec_0017,74,5.4-hierarchy_path,PASS,,hierarchy_path ends with '4. Sensors and Switches' under FUEL INJECTION (FUEL SYSTEM). This matches the page header text and the nesting.,
2002_Service_Manual_TI,sec_0017,74,5.4-gaps_duplicates,PASS,,Nodes texts/1082 to 1229 run on p74 to p82 without gap. sec_0018 starts at texts/1230 with no overlap.,
2002_Service_Manual_TI,sec_0017,74,5.4-flagged_for_review,PASS,,"flagged_for_review is false and verification_score is 100. The heading is found on p74, so no flag is needed.",
2002_Service_Manual_TI,sec_0017,74,5.4-structural_source,PASS,,structural_source is 'toc'. The title '4. Sensors and Switches' is visible on p74 as an embedded bookmark target.,
2002_Service_Manual_TI,sec_0017,74,5.6-numbering_scheme,PASS,,Printed folios are chapter-prefixed (FU-16 to FU-24). Scheme 'arabic' with offset 0 maps bookmark page to physical page.,Printed folio has a chapter prefix. This is the same document-level scheme used in all sections.
2002_Service_Manual_TI,sec_0017,74,5.6-offset_applied,PASS,,"offset_applied is 0. The section heading is on physical p74, which equals page_start in the tree.",
2002_Service_Manual_TI,sec_0017,74,5.5-filters_discarding,PASS,,p74 oxygen sensor figure (img_0045) and p82 AT vehicle speed diagram (img_0053) are both exported complete. Callout numbers are separate text nodes. No figure is lost.,
2002_Service_Manual_TI,sec_0017,74,5.5-filters_passing_noise,PASS,,The nine images img_0045 to img_0053 are real figures. No noise image is kept.,
2002_Service_Manual_TI,sec_0017,74,5.5-image_section_mapping,PASS,,"img_0045 (p74) to img_0053 (p82) are mapped to sec_0017, which owns p74 to p82. The p82 diagram sits under '2. AT VEHICLES' in this section.",
2002_Service_Manual_TI,sec_0018,88,5.4-hierarchy_level,PASS,,On p88 the heading '5. Control System' is a large top-level heading of the page. Node level 4 is correct under its parent chapter sec_0013.,
2002_Service_Manual_TI,sec_0018,88,5.4-parent_child,PASS,,"sec_0018 has parent sec_0013 and no children. The render shows no sub-headings with their own numbers, only 'A:/B:' topic lines inside the section.",
2002_Service_Manual_TI,sec_0018,88,5.4-page_start_end,PASS,,"page_start 83, page_end 90. Starts with slug and '5. Control System' (texts/1230, 1231) on p83. On p88 'D: IGNITION SYSTEM CONTROL' is in this section. The last nodes are FU-32 and B2H3450C on p90 (texts/1388, 1389). The p91 slug and 'ON-BOARD DIAGNOSIS SYSTEM' are not inside.","Old FAIL (BUG-022, v2.2): now fixed."
2002_Service_Manual_TI,sec_0018,88,5.4-hierarchy_path,PASS,,hierarchy_path ends with '5. Control System' under FUEL INJECTION (FUEL SYSTEM). This matches the page header text and the nesting.,
2002_Service_Manual_TI,sec_0018,88,5.4-gaps_duplicates,PASS,,Nodes texts/1230 to 1389 and tables 35 and 36 cover p83 to p90 with no gap. sec_0019 starts after texts/1389 with no overlap.,
2002_Service_Manual_TI,sec_0018,88,5.4-flagged_for_review,PASS,,"flagged_for_review is false and verification_score is 100. The heading is found on p88, so no flag is needed.",
2002_Service_Manual_TI,sec_0018,88,5.4-structural_source,PASS,,structural_source is 'toc'. The title '5. Control System' is visible on p88 as an embedded bookmark target.,
2002_Service_Manual_TI,sec_0018,88,5.6-numbering_scheme,PASS,,Printed folios are chapter-prefixed (FU-25 to FU-32). Scheme 'arabic' with offset 0 maps bookmark page to physical page.,Printed folio has a chapter prefix. This is the same document-level scheme used in all sections.
2002_Service_Manual_TI,sec_0018,88,5.6-offset_applied,PASS,,"offset_applied is 0. The section heading is on physical p88, which equals page_start in the tree.",
2002_Service_Manual_TI,sec_0018,88,5.6-table_content,FAIL,Low,Table #/tables/36 on p90 matches the render (5 rows by 3 columns). Table #/tables/35 on p84 is joined: several rows are in one cell (for example 'Throttle position sensor ... Oxygen sensor* ...'). The first row starts in paragraph texts/1262 and ends in the table. 'Output signals' sits in the same row as '*: With catalytic converter'.,"Old FAIL (BUG-008, v2.9): still present. Words and order are kept and no value is lost, so Low. verify_claims suggests Medium because the Input/Output labels sit in the middle of merged cells. I keep Low: the label is probably one centred merged cell, so order is the same as in the render. p84 is not in the sampled page images, so this is checked from the text only. Please decide."
2002_Service_Manual_TI,sec_0018,88,5.5-filters_discarding,PASS,,"p87 ignition diagram (img_0054), p88 (img_0055), p89 (img_0056) and p90 idle air control diagram (img_0057) are exported complete. The box text such as 'Ignition coil and ignitor assembly' is kept as text nodes. No figure is lost.",
2002_Service_Manual_TI,sec_0018,88,5.5-filters_passing_noise,PASS,,The four images img_0054 to img_0057 are real block diagrams. No decorative image is kept.,
2002_Service_Manual_TI,sec_0018,88,5.5-image_section_mapping,PASS,,img_0054 to img_0057 on p87 to p90 are mapped to sec_0018. On p88 img_0055 is the ignition control block diagram under 'D: IGNITION SYSTEM CONTROL'.,
2002_Service_Manual_TI,sec_0021,94,5.4-hierarchy_level,PASS,,On p94 the heading '1. System Overview' is a large top-level heading of the page. Node level 4 is correct under its parent chapter sec_0020.,
2002_Service_Manual_TI,sec_0021,94,5.4-parent_child,PASS,,"sec_0021 has parent sec_0020 and no children. The render shows no sub-headings with their own numbers, only 'A:/B:' topic lines inside the section.",
2002_Service_Manual_TI,sec_0021,94,5.4-page_start_end,PASS,,"page_start 94, page_end 95. Starts with its own heading '1. System Overview' (texts/1414) on p94. The last nodes are the p95 header lines, 'MEMO' and EC-3 (texts/1423 to 1426), which are on the section's own memo page. The p96 running header 'SCHEMATIC DIAGRAMS' is not inside.","Old FAIL (BUG-022, v2): now fixed."
2002_Service_Manual_TI,sec_0021,94,5.4-hierarchy_path,PASS,,hierarchy_path ends with '1. System Overview' under EMISSION CONTROL (AUX. EMISSION CONTROL DEVICES). This matches the page header text and the nesting.,
2002_Service_Manual_TI,sec_0021,94,5.4-gaps_duplicates,PASS,,Nodes texts/1413 to 1426 and table 38 cover p94 and p95 with no gap. sec_0022 starts on p96 with no overlap.,
2002_Service_Manual_TI,sec_0021,94,5.4-flagged_for_review,PASS,,"flagged_for_review is false and verification_score is 100. The heading is found on p94, so no flag is needed.",
2002_Service_Manual_TI,sec_0021,94,5.4-structural_source,PASS,,structural_source is 'toc'. The title '1. System Overview' is visible on p94 as an embedded bookmark target.,
2002_Service_Manual_TI,sec_0021,94,5.6-numbering_scheme,PASS,,"Printed folios are chapter-prefixed (EC-2, EC-3). Scheme 'arabic' with offset 0 maps bookmark page to physical page.",Printed folio has a chapter prefix. This is the same document-level scheme used in all sections.
2002_Service_Manual_TI,sec_0021,94,5.6-offset_applied,PASS,,"offset_applied is 0. The section heading is on physical p94, which equals page_start in the tree.",
2002_Service_Manual_TI,sec_0021,94,5.6-table_content,FAIL,Low,"Table #/tables/38 on p94 matches the render: same rows, 5 columns and the empty 'Rear' cell. But line-break hyphens are kept with a space: 'emis- sion', 're- ducing', 'air- fuel', 'discrimina- tion', 'dis- charged'.","Old FAIL (no BUG id, v2.9): still present. Only hyphen artefacts. Values and columns are correct, so Low."
2002_Service_Manual_TI,sec_0021,94,5.5-filters_discarding,PASS,,p94 has only the list and the table. No figure is drawn. p95 is a memo page with only 'MEMO'. No image was dropped.,
2002_Service_Manual_TI,sec_0021,94,5.5-filters_passing_noise,PASS,,"No image is exported for sec_0021. The pages have no logo, rule or other decoration that was kept.",
2002_Service_Manual_TI,sec_0021,94,5.5-image_section_mapping,PASS,,"images.json lists no image for sec_0021. The p94 and p95 renders show no figure, so zero images is correct.",
2002_Service_Manual_TI,sec_0025,101,5.4-hierarchy_level,PASS,,On p101 the heading '5. A/F Control System' is a large top-level heading of the page. Node level 4 is correct under its parent chapter sec_0020.,
2002_Service_Manual_TI,sec_0025,101,5.4-parent_child,PASS,,"sec_0025 has parent sec_0020 and no children. The render shows no sub-headings with their own numbers, only 'A:/B:' topic lines inside the section.",
2002_Service_Manual_TI,sec_0025,101,5.4-page_start_end,PASS,,"page_start 101, page_end 101. The section owns its running header, heading '5. A/F Control System' (texts/1537), two bullets and EC-9 (texts/1540). No p102 running header 'IGNITION CONTROL SYSTEM' is inside.","Old FAIL (BUG-022, v2): now fixed."
2002_Service_Manual_TI,sec_0025,101,5.4-hierarchy_path,PASS,,hierarchy_path ends with '5. A/F Control System' under EMISSION CONTROL (AUX. EMISSION CONTROL DEVICES). This matches the page header text and the nesting.,
2002_Service_Manual_TI,sec_0025,101,5.4-gaps_duplicates,PASS,,Nodes texts/1535 to 1540 are all on p101 and in order. sec_0024 ends on p100 and sec_0026 starts on p102. No gap or overlap.,
2002_Service_Manual_TI,sec_0025,101,5.4-flagged_for_review,PASS,,"flagged_for_review is false and verification_score is 100. The heading is found on p101, so no flag is needed.",
2002_Service_Manual_TI,sec_0025,101,5.4-structural_source,PASS,,structural_source is 'toc'. The title '5. A/F Control System' is visible on p101 as an embedded bookmark target.,
2002_Service_Manual_TI,sec_0025,101,5.6-numbering_scheme,PASS,,Printed folios are chapter-prefixed (EC-9). Scheme 'arabic' with offset 0 maps bookmark page to physical page.,Printed folio has a chapter prefix. This is the same document-level scheme used in all sections.
2002_Service_Manual_TI,sec_0025,101,5.6-offset_applied,PASS,,"offset_applied is 0. The section heading is on physical p101, which equals page_start in the tree.",
2002_Service_Manual_TI,sec_0025,101,5.5-filters_discarding,PASS,,p101 has only text and no figure in the render. No image was dropped.,
2002_Service_Manual_TI,sec_0025,101,5.5-filters_passing_noise,PASS,,"No image is exported for sec_0025, so no noise image is kept.",
2002_Service_Manual_TI,sec_0025,101,5.5-image_section_mapping,PASS,,"images.json lists no image for sec_0025. The p101 render has no figure, so zero images is correct.",
2002_Service_Manual_TI,sec_0028,108,5.4-hierarchy_level,PASS,,On p108 the heading '8. Vacuum Connections' is a large top-level heading of the page. Node level 4 is correct under its parent chapter sec_0020.,
2002_Service_Manual_TI,sec_0028,108,5.4-parent_child,PASS,,"sec_0028 has parent sec_0020 and no children. The render shows no sub-headings with their own numbers, only 'A:/B:' topic lines inside the section.",
2002_Service_Manual_TI,sec_0028,108,5.4-page_start_end,PASS,,"page_start 107, page_end 108. Starts with the heading on p107 (texts/1654). Ends with the p108 header, 'MEMO' and EC-16 (texts/1673 to 1675). p108 is the blank memo page of this section. The next section sec_0029 starts on p109.",
2002_Service_Manual_TI,sec_0028,108,5.4-hierarchy_path,PASS,,hierarchy_path ends with '8. Vacuum Connections' under EMISSION CONTROL (AUX. EMISSION CONTROL DEVICES). This matches the page header text and the nesting.,
2002_Service_Manual_TI,sec_0028,108,5.4-gaps_duplicates,PASS,,"Nodes texts/1652 to 1675 run on p107 and p108 with no gap. sec_0029 starts on p109, so there is no overlap.",
2002_Service_Manual_TI,sec_0028,108,5.4-flagged_for_review,PASS,,"flagged_for_review is false and verification_score is 100. The heading is found on p108, so no flag is needed.",
2002_Service_Manual_TI,sec_0028,108,5.4-structural_source,PASS,,structural_source is 'toc'. The title '8. Vacuum Connections' is visible on p108 as an embedded bookmark target.,
2002_Service_Manual_TI,sec_0028,108,5.6-numbering_scheme,PASS,,"Printed folios are chapter-prefixed (EC-15, EC-16). Scheme 'arabic' with offset 0 maps bookmark page to physical page.",Printed folio has a chapter prefix. This is the same document-level scheme used in all sections.
2002_Service_Manual_TI,sec_0028,108,5.6-offset_applied,PASS,,"offset_applied is 0. The section heading is on physical p108, which equals page_start in the tree.",
2002_Service_Manual_TI,sec_0028,108,5.5-filters_discarding,PASS,,"The p107 vacuum connection drawing is exported as img_0067. It shows all hoses, the throttle body and the arrow D. The labels (1) to (4) and A to D are text nodes. p108 has only 'MEMO'. No figure is lost.",
2002_Service_Manual_TI,sec_0028,108,5.5-filters_passing_noise,PASS,,The only image img_0067 is the real figure. No decorative image is kept.,
2002_Service_Manual_TI,sec_0028,108,5.5-image_section_mapping,PASS,,"img_0067 (p107) is mapped to sec_0028, which owns p107. p108 has no figure.",
2002_Service_Manual_TI,sec_0032,115,5.4-hierarchy_level,PASS,,On p115 the heading '3. Crankcase Emission Control System' is a large top-level heading of the page. Node level 4 is correct under its parent chapter sec_0029.,
2002_Service_Manual_TI,sec_0032,115,5.4-parent_child,PASS,,"sec_0032 has parent sec_0029 and no children. The render shows no sub-headings with their own numbers, only 'A:/B:' topic lines inside the section.",
2002_Service_Manual_TI,sec_0032,115,5.4-page_start_end,PASS,,"page_start 114, page_end 115. The p115 figure, legend, B2H3534D and EC-7 are the last nodes (texts/1800, 1801). The p116 running header 'THREE-WAY CATALYST (WITH CATALYST MODEL)' is not inside.","Old FAIL (BUG-022, v2): now fixed."
2002_Service_Manual_TI,sec_0032,115,5.4-hierarchy_path,PASS,,hierarchy_path ends with '3. Crankcase Emission Control System' under EMISSION CONTROL (AUX. EMISSION CONTROL DEVICES). This matches the page header text and the nesting.,
2002_Service_Manual_TI,sec_0032,115,5.4-gaps_duplicates,PASS,,Nodes texts/1768 to 1801 run in order on p114 and p115 with no gap. sec_0033 starts on p116 with no overlap.,
2002_Service_Manual_TI,sec_0032,115,5.4-flagged_for_review,PASS,,"flagged_for_review is false and verification_score is 100. The heading is found on p115, so no flag is needed.",
2002_Service_Manual_TI,sec_0032,115,5.4-structural_source,PASS,,structural_source is 'toc'. The title '3. Crankcase Emission Control System' is visible on p115 as an embedded bookmark target.,
2002_Service_Manual_TI,sec_0032,115,5.6-numbering_scheme,PASS,,"Printed folios are chapter-prefixed (EC-6, EC-7). Scheme 'arabic' with offset 0 maps bookmark page to physical page.",Printed folio has a chapter prefix. This is the same document-level scheme used in all sections.
2002_Service_Manual_TI,sec_0032,115,5.6-offset_applied,PASS,,"offset_applied is 0. The section heading is on physical p115, which equals page_start in the tree.",
2002_Service_Manual_TI,sec_0032,115,5.5-filters_discarding,PASS,,"p115 has figures (A), (B) and the PCV valve in one drawing. It is exported complete as img_0069 with labels (1) to (10). No figure is lost.",
2002_Service_Manual_TI,sec_0032,115,5.5-filters_passing_noise,PASS,,img_0069 is a real figure. No decorative image is kept.,
2002_Service_Manual_TI,sec_0032,115,5.5-image_section_mapping,PASS,,"img_0069 (p115) is mapped to sec_0032, which owns p115 and the text about it on p114.",
2002_Service_Manual_TI,sec_0036,121,5.4-hierarchy_level,PASS,,On p121 the heading '7. Evaporative Emission Control System' is a large top-level heading of the page. Node level 4 is correct under its parent chapter sec_0029.,
2002_Service_Manual_TI,sec_0036,121,5.4-parent_child,PASS,,"sec_0036 has parent sec_0029 and no children. The render shows no sub-headings with their own numbers, only 'A:/B:' topic lines inside the section.",
2002_Service_Manual_TI,sec_0036,121,5.4-page_start_end,PASS,,"page_start 119, page_end 122. On p121 the nodes are 'D: CANISTER' and 'E: PURGE CONTROL SOLENOID VALVE' topics of this section. The section starts on p119 with its heading (texts/1843) and ends on p122 with EC-14 (texts/1936). No p123 running header is inside.",
2002_Service_Manual_TI,sec_0036,121,5.4-hierarchy_path,PASS,,hierarchy_path ends with '7. Evaporative Emission Control System' under EMISSION CONTROL (AUX. EMISSION CONTROL DEVICES). This matches the page header text and the nesting.,
2002_Service_Manual_TI,sec_0036,121,5.4-gaps_duplicates,PASS,,"Nodes texts/1841 to 1936 run on p119 to p122 with no gap. sec_0037 starts on p123, so there is no overlap.",
2002_Service_Manual_TI,sec_0036,121,5.4-flagged_for_review,PASS,,"flagged_for_review is false and verification_score is 100. The heading is found on p121, so no flag is needed.",
2002_Service_Manual_TI,sec_0036,121,5.4-structural_source,PASS,,structural_source is 'toc'. The title '7. Evaporative Emission Control System' is visible on p121 as an embedded bookmark target.,
2002_Service_Manual_TI,sec_0036,121,5.6-numbering_scheme,PASS,,Printed folios are chapter-prefixed (EC-11 to EC-14). Scheme 'arabic' with offset 0 maps bookmark page to physical page.,Printed folio has a chapter prefix. This is the same document-level scheme used in all sections.
2002_Service_Manual_TI,sec_0036,121,5.6-offset_applied,PASS,,"offset_applied is 0. The section heading is on physical p121, which equals page_start in the tree.",
2002_Service_Manual_TI,sec_0036,121,5.5-filters_discarding,PASS,,"p119 overview (img_0071), p120 cap and valve (img_0072, img_0073), p121 canister and purge valve (img_0075, img_0074) and p122 two-way valve (img_0076) are all exported complete. No figure is lost.",
2002_Service_Manual_TI,sec_0036,121,5.5-filters_passing_noise,PASS,,The six images img_0071 to img_0076 are real figures. No logo or rule is kept.,
2002_Service_Manual_TI,sec_0036,121,5.5-image_section_mapping,PASS,,"On p121 img_0075 (canister) and img_0074 (purge solenoid valve) match 'D: CANISTER' and 'E: PURGE CONTROL SOLENOID VALVE'. Both are mapped to sec_0036. The other images are on p119, p120 and p122 of the same section.",
2002_Service_Manual_TI,sec_0041,128,5.4-hierarchy_level,PASS,,On p128 the heading '1. General' is a large top-level heading of the page. Node level 4 is correct under its parent chapter sec_0040.,
2002_Service_Manual_TI,sec_0041,128,5.4-parent_child,PASS,,"sec_0041 has parent sec_0040 and no children. The render shows no sub-headings with their own numbers, only 'A:/B:' topic lines inside the section.",
2002_Service_Manual_TI,sec_0041,128,5.4-page_start_end,PASS,,"page_start 128, page_end 128. The section owns its running header 'Mechanical' and 'GENERAL' (texts/1984, 1985), heading (texts/1986), bullets, legend and ME-2 (texts/2000). No p129 'TIMING BELT' header is inside.","Old FAIL (BUG-022, v2): now fixed."
2002_Service_Manual_TI,sec_0041,128,5.4-hierarchy_path,PASS,,hierarchy_path ends with '1. General' under MECHANICAL. This matches the page header text and the nesting.,
2002_Service_Manual_TI,sec_0041,128,5.4-gaps_duplicates,PASS,,Nodes texts/1984 to 2000 are all on p128 and in order. sec_0042 starts on p129 with no overlap.,
2002_Service_Manual_TI,sec_0041,128,5.4-flagged_for_review,PASS,,"flagged_for_review is false and verification_score is 100. The heading is found on p128, so no flag is needed.",
2002_Service_Manual_TI,sec_0041,128,5.4-structural_source,PASS,,structural_source is 'toc'. The title '1. General' is visible on p128 as an embedded bookmark target.,
2002_Service_Manual_TI,sec_0041,128,5.6-numbering_scheme,PASS,,Printed folios are chapter-prefixed (ME-2). Scheme 'arabic' with offset 0 maps bookmark page to physical page.,Printed folio has a chapter prefix. This is the same document-level scheme used in all sections.
2002_Service_Manual_TI,sec_0041,128,5.6-offset_applied,PASS,,"offset_applied is 0. The section heading is on physical p128, which equals page_start in the tree.",
2002_Service_Manual_TI,sec_0041,128,5.5-filters_discarding,PASS,,The p128 engine cross-section is exported as img_0079 with callouts (1) to (14). It is complete. No figure is lost.,
2002_Service_Manual_TI,sec_0041,128,5.5-filters_passing_noise,PASS,,img_0079 is a real figure. No decorative image is kept.,
2002_Service_Manual_TI,sec_0041,128,5.5-image_section_mapping,PASS,,"img_0079 (p128) is mapped to sec_0041, which owns p128. The legend lines (1) to (14) are in the same section.",
2002_Service_Manual_TI,sec_0047,135,5.4-hierarchy_level,PASS,,"On p135 (ME-9) the heading '7. Cylinder Head' is a numbered topic heading. sec_0047 has hierarchy_level 4, same as its siblings.",
2002_Service_Manual_TI,sec_0047,135,5.4-parent_child,PASS,,"sec_0047 has parent_section_id sec_0040 (sec_0040 MECHANICAL). It has no children, and the page shows no sub-topics.",
2002_Service_Manual_TI,sec_0047,135,5.4-page_start_end,PASS,,"First node #/texts/2108 is the p135 running header 'CYLINDER HEAD', then heading #/texts/2110. The last node is the folio ME-9 (#/texts/2120). Nothing from p136 is in the section.","Old FAIL (BUG-022, v2): now fixed. The running header of the next page is no longer at the end of the section."
2002_Service_Manual_TI,sec_0047,135,5.4-hierarchy_path,PASS,,hierarchy_path is /2002 LEGACY SERVICE MANUAL/NEW CAR INFORMATION SECTION/MECHANICAL/7. Cylinder Head. This matches the page header and chapter tab on p135 (ME-9) and the order of parent and grandparent.,
2002_Service_Manual_TI,sec_0047,135,5.4-gaps_duplicates,PASS,,The topics in the contents of this chapter appear once each in the tree. sec_0047 covers p135 (ME-9) with no repeated nodes and no gap before or after it. Previous and next sections start where this one ends.,
2002_Service_Manual_TI,sec_0047,135,5.4-flagged_for_review,PASS,,"sec_0047 has flagged_for_review false and verification_score 100.0. The title '7. Cylinder Head' is visible on p135 (ME-9), so no flag is needed.",
2002_Service_Manual_TI,sec_0047,135,5.4-structural_source,PASS,,structural_source is toc. The title '7. Cylinder Head' matches a bookmark and the heading seen on p135 (ME-9).,
2002_Service_Manual_TI,sec_0047,135,5.6-numbering_scheme,PASS,,"numbering_scheme is arabic. The printed folio on p135 (ME-9) is arabic with a chapter prefix (for example EX-3, ME-3), so arabic is right.",
2002_Service_Manual_TI,sec_0047,135,5.6-offset_applied,PASS,,"offset_applied is 0. The section heading is on physical page 135 where page_start points, so no offset is needed.",
2002_Service_Manual_TI,sec_0047,135,5.5-filters_discarding,PASS,,"The figure(s) on p135 are extracted: img_0085 (two cylinder head views B2H3341A). The crops show the full drawings, not cut. No visible figure is missing.",
2002_Service_Manual_TI,sec_0047,135,5.5-filters_passing_noise,PASS,,"The extracted image(s) img_0085 are real technical figures. No logo, rule or footer divider is kept as an image.",
2002_Service_Manual_TI,sec_0047,135,5.5-image_section_mapping,PASS,,img_0085 (two cylinder head views B2H3341A) are mapped to sec_0047. They belong to it: the figures sit under heading '7. Cylinder Head' on p135 and no sibling shares that page.,
2002_Service_Manual_TI,sec_0052,141,5.4-hierarchy_level,PASS,,"On p141 the heading 'EXHAUST' is a chapter-level banner. sec_0052 has hierarchy_level 3, same as its siblings.",
2002_Service_Manual_TI,sec_0052,141,5.4-parent_child,PASS,,"sec_0052 has parent_section_id sec_0002 (sec_0002 NEW CAR INFORMATION SECTION). Its children sec_0053, sec_0054 are the numbered topics listed in the contents on p141.",
2002_Service_Manual_TI,sec_0052,141,5.4-page_start_end,PASS,,"Nodes #/texts/2199, #/texts/2200, #/texts/2201 and #/tables/42 are the banner and contents list on p141. The section ends with the table. No running header of p142 is in it. Children sec_0053 (p142) and sec_0054 (p143-144) cover the rest of page_end 144.","Old FAIL (BUG-022, v2): now fixed. The running header of the next page is no longer at the end of the section."
2002_Service_Manual_TI,sec_0052,141,5.4-hierarchy_path,PASS,,hierarchy_path is /2002 LEGACY SERVICE MANUAL/NEW CAR INFORMATION SECTION/EXHAUST. This matches the page header and chapter tab on p141 and the order of parent and grandparent.,
2002_Service_Manual_TI,sec_0052,141,5.4-gaps_duplicates,PASS,,"The contents list on p141 is in sec_0052 once. Its topics appear once each as children, with no gap or overlap in pages.",
2002_Service_Manual_TI,sec_0052,141,5.4-flagged_for_review,PASS,,"sec_0052 has flagged_for_review false and verification_score 100.0. The title 'EXHAUST' is visible on p141, so no flag is needed.",
2002_Service_Manual_TI,sec_0052,141,5.4-structural_source,PASS,,structural_source is toc. The title 'EXHAUST' matches a bookmark and the heading seen on p141.,
2002_Service_Manual_TI,sec_0052,141,5.6-numbering_scheme,PASS,,"numbering_scheme is arabic. p141 is the chapter title page with no printed folio, and the contents use arabic numbers 1-6. Arabic is right.",
2002_Service_Manual_TI,sec_0052,141,5.6-offset_applied,PASS,,"offset_applied is 0. The section heading is on physical page 141 where page_start points, so no offset is needed.",
2002_Service_Manual_TI,sec_0052,141,5.6-table_content,FAIL,Low,"The p141 contents has two lines: '1. General ... 2' and '2. Composition ... 3'. Table #/tables/42 has only line 1, and the header word 'Page' is merged in the value cell ('Page 2'). Line 2 is outside the table, in paragraph #/texts/2201, which comes before the table in reading order.","Old FAIL (BUG-008, v2.9): still present. The second row is outside the table, but its text and page number 3 survive in #/texts/2201, so Low. Probably the table reader cut the last row."
2002_Service_Manual_TI,sec_0052,141,5.5-filters_discarding,PASS,,p141 has only the banner and contents text and no drawing. Nothing meaningful was discarded; the black tab on the page edge is decoration.,
2002_Service_Manual_TI,sec_0052,141,5.5-filters_passing_noise,PASS,,No image is kept for sec_0052. The title banner rule and edge tab on p141 are not exported as images.,
2002_Service_Manual_TI,sec_0052,141,5.5-image_section_mapping,PASS,,"No image is mapped to sec_0052. The page p141 has no figure, so none is expected.",
2002_Service_Manual_TI,sec_0057,148,5.4-hierarchy_level,PASS,,"The heading '2. Composition' is on p147, with sub-headings A, B and C on p147-149. sec_0057 has hierarchy_level 4, same as its siblings.",
2002_Service_Manual_TI,sec_0057,148,5.4-parent_child,PASS,,"sec_0057 has parent_section_id sec_0055 (sec_0055 EXHAUST). It has no children, and the page shows no sub-topics.",
2002_Service_Manual_TI,sec_0057,148,5.4-page_start_end,PASS,,"The section starts at the p147 header and heading #/texts/2263. It ends at #/texts/2350 (EX-6, the MEMO page p150). Nodes of p148 (B: AUSTRALIA OUTBACK MODELS) and p149 (C: WITHOUT CATALYTIC CONVERTER) are all part of '2. Composition'. Next section COOLING starts on p151.",
2002_Service_Manual_TI,sec_0057,148,5.4-hierarchy_path,PASS,,hierarchy_path is /2002 LEGACY SERVICE MANUAL/NEW CAR INFORMATION SECTION/EXHAUST/2. Composition. This matches the page header and chapter tab on p148 (EX-4) and the order of parent and grandparent.,
2002_Service_Manual_TI,sec_0057,148,5.4-gaps_duplicates,PASS,,The topics in the contents of this chapter appear once each in the tree. sec_0057 covers p148 (EX-4) with no repeated nodes and no gap before or after it. Previous and next sections start where this one ends.,
2002_Service_Manual_TI,sec_0057,148,5.4-flagged_for_review,PASS,,"sec_0057 has flagged_for_review false and verification_score 100.0. The title '2. Composition' is visible on p148 (EX-4), so no flag is needed.",
2002_Service_Manual_TI,sec_0057,148,5.4-structural_source,PASS,,structural_source is toc. The title '2. Composition' matches a bookmark and the heading seen on p148 (EX-4).,
2002_Service_Manual_TI,sec_0057,148,5.6-numbering_scheme,PASS,,"numbering_scheme is arabic. The printed folio on p148 (EX-4) is arabic with a chapter prefix (for example EX-3, ME-3), so arabic is right.",
2002_Service_Manual_TI,sec_0057,148,5.6-offset_applied,PASS,,"offset_applied is 0. The section heading is on physical page 147 where page_start points, so no offset is needed.",
2002_Service_Manual_TI,sec_0057,148,5.5-filters_discarding,PASS,,"The exhaust figures on p147 (two), p148 (one) and p149 (two) are all extracted as img_0093 to img_0097. The crops show the full drawings, not cut. No figure is missing.",
2002_Service_Manual_TI,sec_0057,148,5.5-filters_passing_noise,PASS,,"The extracted images img_0093, img_0094, img_0095, img_0096 and img_0097 are real exhaust figures. No logo, rule or footer divider is kept as an image.",
2002_Service_Manual_TI,sec_0057,148,5.5-image_section_mapping,PASS,,"img_0093 and img_0094 (p147), img_0095 (p148), img_0096 and img_0097 (p149) are mapped to sec_0057. The figures sit under '2. Composition' (A, B, C parts), and no sibling shares these pages.",
2002_Service_Manual_TI,sec_0062,155,5.4-hierarchy_level,PASS,,"On p155 (CO-5) the heading '4. Mechanical Seal' is a numbered topic heading. sec_0062 has hierarchy_level 4, same as its siblings.",
2002_Service_Manual_TI,sec_0062,155,5.4-parent_child,PASS,,"sec_0062 has parent_section_id sec_0058 (sec_0058 COOLING). It has no children, and the page shows no sub-topics.",
2002_Service_Manual_TI,sec_0062,155,5.4-page_start_end,PASS,,"First node #/texts/2391 is the p155 running header 'MECHANICAL SEAL', then the heading #/texts/2393. The last node is the folio CO-5 (#/texts/2399). Nothing from p156 is in the section.","Old FAIL (BUG-022, v2): now fixed. The running header of the next page is no longer at the end of the section."
2002_Service_Manual_TI,sec_0062,155,5.4-hierarchy_path,PASS,,hierarchy_path is /2002 LEGACY SERVICE MANUAL/NEW CAR INFORMATION SECTION/COOLING/4. Mechanical Seal. This matches the page header and chapter tab on p155 (CO-5) and the order of parent and grandparent.,
2002_Service_Manual_TI,sec_0062,155,5.4-gaps_duplicates,PASS,,The topics in the contents of this chapter appear once each in the tree. sec_0062 covers p155 (CO-5) with no repeated nodes and no gap before or after it. Previous and next sections start where this one ends.,
2002_Service_Manual_TI,sec_0062,155,5.4-flagged_for_review,PASS,,"sec_0062 has flagged_for_review false and verification_score 100.0. The title '4. Mechanical Seal' is visible on p155 (CO-5), so no flag is needed.",
2002_Service_Manual_TI,sec_0062,155,5.4-structural_source,PASS,,structural_source is toc. The title '4. Mechanical Seal' matches a bookmark and the heading seen on p155 (CO-5).,
2002_Service_Manual_TI,sec_0062,155,5.6-numbering_scheme,PASS,,"numbering_scheme is arabic. The printed folio on p155 (CO-5) is arabic with a chapter prefix (for example EX-3, ME-3), so arabic is right.",
2002_Service_Manual_TI,sec_0062,155,5.6-offset_applied,PASS,,"offset_applied is 0. The section heading is on physical page 155 where page_start points, so no offset is needed.",
2002_Service_Manual_TI,sec_0062,155,5.5-filters_discarding,PASS,,"The figure(s) on p155 are extracted: img_0100 (seal figure H2H2325). The crops show the full drawings, not cut. No visible figure is missing.",
2002_Service_Manual_TI,sec_0062,155,5.5-filters_passing_noise,PASS,,"The extracted image(s) img_0100 are real technical figures. No logo, rule or footer divider is kept as an image.",
2002_Service_Manual_TI,sec_0062,155,5.5-image_section_mapping,PASS,,img_0100 (seal figure H2H2325) are mapped to sec_0062. They belong to it: the figures sit under heading '4. Mechanical Seal' on p155 and no sibling shares that page.,
2002_Service_Manual_TI,sec_0066,161,5.4-hierarchy_level,PASS,,"On p161 (LU-3) the heading '1. General' is a numbered topic heading. sec_0066 has hierarchy_level 4, same as its siblings.",
2002_Service_Manual_TI,sec_0066,161,5.4-parent_child,PASS,,"sec_0066 has parent_section_id sec_0065 (sec_0065 LUBRICATION). It has no children, and the page shows no sub-topics.",
2002_Service_Manual_TI,sec_0066,161,5.4-page_start_end,PASS,,The section starts at its p160 header and heading (#/texts/2433-2435) and ends with folio LU-3 (#/texts/2455) on p161. The p162 header 'Lubrication' / 'ENGINE OIL FLOW' is not in the section.,"Old FAIL (BUG-022, v2): now fixed. The running header of the next page is no longer at the end of the section."
2002_Service_Manual_TI,sec_0066,161,5.4-hierarchy_path,PASS,,hierarchy_path is /2002 LEGACY SERVICE MANUAL/NEW CAR INFORMATION SECTION/LUBRICATION/1. General. This matches the page header and chapter tab on p161 (LU-3) and the order of parent and grandparent.,
2002_Service_Manual_TI,sec_0066,161,5.4-gaps_duplicates,PASS,,The topics in the contents of this chapter appear once each in the tree. sec_0066 covers p161 (LU-3) with no repeated nodes and no gap before or after it. Previous and next sections start where this one ends.,
2002_Service_Manual_TI,sec_0066,161,5.4-flagged_for_review,PASS,,"sec_0066 has flagged_for_review false and verification_score 100.0. The title '1. General' is visible on p161 (LU-3), so no flag is needed.",
2002_Service_Manual_TI,sec_0066,161,5.4-structural_source,PASS,,structural_source is toc. The title '1. General' matches a bookmark and the heading seen on p161 (LU-3).,
2002_Service_Manual_TI,sec_0066,161,5.6-numbering_scheme,PASS,,"numbering_scheme is arabic. The printed folio on p161 (LU-3) is arabic with a chapter prefix (for example EX-3, ME-3), so arabic is right.",
2002_Service_Manual_TI,sec_0066,161,5.6-offset_applied,PASS,,"offset_applied is 0. The section heading is on physical page 160 where page_start points, so no offset is needed.",
2002_Service_Manual_TI,sec_0066,161,5.5-filters_discarding,PASS,,"The figure(s) on p161 are extracted: img_0103 (oil flow figures B2H1964A). The crops show the full drawings, not cut. No visible figure is missing.",
2002_Service_Manual_TI,sec_0066,161,5.5-filters_passing_noise,PASS,,"The extracted image(s) img_0103 are real technical figures. No logo, rule or footer divider is kept as an image.",
2002_Service_Manual_TI,sec_0066,161,5.5-image_section_mapping,PASS,,img_0103 (oil flow figures B2H1964A) are mapped to sec_0066. They belong to it: the figures sit under heading '1. General' on p161 and no sibling shares that page.,
2002_Service_Manual_TI,sec_0073,168,5.4-hierarchy_level,PASS,,"On p168 (SP-2) the heading '1. General' is a numbered topic heading. sec_0073 has hierarchy_level 4, same as its siblings.",
2002_Service_Manual_TI,sec_0073,168,5.4-parent_child,PASS,,"sec_0073 has parent_section_id sec_0072 (sec_0072 SPEED CONTROL SYSTEM). It has no children, and the page shows no sub-topics.",
2002_Service_Manual_TI,sec_0073,168,5.4-page_start_end,PASS,,"All nodes are on p168 (SP-2): heading, paragraph, figure legend (1)-(5). The first node is the page running header, the last is the SP-2 folio. No content of the neighbouring sections is inside, and page_start equals page_end.",
2002_Service_Manual_TI,sec_0073,168,5.4-hierarchy_path,PASS,,hierarchy_path is /2002 LEGACY SERVICE MANUAL/NEW CAR INFORMATION SECTION/SPEED CONTROL SYSTEM/1. General. This matches the page header and chapter tab on p168 (SP-2) and the order of parent and grandparent.,
2002_Service_Manual_TI,sec_0073,168,5.4-gaps_duplicates,PASS,,The topics in the contents of this chapter appear once each in the tree. sec_0073 covers p168 (SP-2) with no repeated nodes and no gap before or after it. Previous and next sections start where this one ends.,
2002_Service_Manual_TI,sec_0073,168,5.4-flagged_for_review,PASS,,"sec_0073 has flagged_for_review false and verification_score 100.0. The title '1. General' is visible on p168 (SP-2), so no flag is needed.",
2002_Service_Manual_TI,sec_0073,168,5.4-structural_source,PASS,,structural_source is toc. The title '1. General' matches a bookmark and the heading seen on p168 (SP-2).,
2002_Service_Manual_TI,sec_0073,168,5.6-numbering_scheme,PASS,,"numbering_scheme is arabic. The printed folio on p168 (SP-2) is arabic with a chapter prefix (for example EX-3, ME-3), so arabic is right.",
2002_Service_Manual_TI,sec_0073,168,5.6-offset_applied,PASS,,"offset_applied is 0. The section heading is on physical page 168 where page_start points, so no offset is needed.",
2002_Service_Manual_TI,sec_0073,168,5.5-filters_discarding,PASS,,"On p168 (SP-2) the figure B2H4134B accelerator cable, grommet, toeboard, pedal and bracket is extracted as img_0109 (origin vector). The crop shows the whole drawing and its callouts, not cut. No figure is lost.","Old FAIL (BUG-010, v2): now fixed. The vector figure is now rendered from the page region."
2002_Service_Manual_TI,sec_0073,168,5.5-filters_passing_noise,PASS,,"The extracted image(s) img_0109 are real technical figures. No logo, rule or footer divider is kept as an image.",
2002_Service_Manual_TI,sec_0073,168,5.5-image_section_mapping,PASS,,img_0109 (vector figure B2H4134B) are mapped to sec_0073. They belong to it: the figures sit under heading '1. General' on p168 and no sibling shares that page.,
2002_Service_Manual_TI,sec_0079,175,5.4-hierarchy_level,PASS,,"On p175 (IG-3) the heading '2. Spark Plug' is a numbered topic heading. sec_0079 has hierarchy_level 4, same as its siblings.",
2002_Service_Manual_TI,sec_0079,175,5.4-parent_child,PASS,,"sec_0079 has parent_section_id sec_0077 (sec_0077 IGNITION). It has no children, and the page shows no sub-topics.",
2002_Service_Manual_TI,sec_0079,175,5.4-page_start_end,PASS,,The section starts at the p175 header and heading #/texts/2604. It ends at #/texts/2616 (IG-4) on the MEMO page p176. page_end 176 is correct. The next section starts on p177.,
2002_Service_Manual_TI,sec_0079,175,5.4-hierarchy_path,PASS,,hierarchy_path is /2002 LEGACY SERVICE MANUAL/NEW CAR INFORMATION SECTION/IGNITION/2. Spark Plug. This matches the page header and chapter tab on p175 (IG-3) and the order of parent and grandparent.,
2002_Service_Manual_TI,sec_0079,175,5.4-gaps_duplicates,FAIL,Low,"On p175 the legend 'Gap: 1.0 - 1.1 mm ... *1' and '0.7 - 0.8 mm ... *2' appears twice in sec_0079. Nodes #/texts/2606 and #/texts/2608 have the same text and bbox, as do #/texts/2607 and #/texts/2609. The page shows this legend once.","Probably the legend text was read twice by the extractor; cause not confirmed, no BUG id yet. The content is in the right section and nothing is lost, so Low."
2002_Service_Manual_TI,sec_0079,175,5.4-flagged_for_review,PASS,,"sec_0079 has flagged_for_review false and verification_score 100.0. The title '2. Spark Plug' is visible on p175 (IG-3), so no flag is needed.",
2002_Service_Manual_TI,sec_0079,175,5.4-structural_source,PASS,,structural_source is toc. The title '2. Spark Plug' matches a bookmark and the heading seen on p175 (IG-3).,
2002_Service_Manual_TI,sec_0079,175,5.6-numbering_scheme,PASS,,"numbering_scheme is arabic. The printed folio on p175 (IG-3) is arabic with a chapter prefix (for example EX-3, ME-3), so arabic is right.",
2002_Service_Manual_TI,sec_0079,175,5.6-offset_applied,PASS,,"offset_applied is 0. The section heading is on physical page 175 where page_start points, so no offset is needed.",
2002_Service_Manual_TI,sec_0079,175,5.5-filters_discarding,PASS,,"On p175 (IG-3) the figure B2H4152C spark plug with gap callout (1) is extracted as img_0115 (origin vector). The crop shows the whole drawing and its callouts, not cut. No figure is lost.","Old FAIL (BUG-010, v2): now fixed. The vector figure is now rendered from the page region."
2002_Service_Manual_TI,sec_0079,175,5.5-filters_passing_noise,PASS,,"The extracted image(s) img_0115 are real technical figures. No logo, rule or footer divider is kept as an image.",
2002_Service_Manual_TI,sec_0079,175,5.5-image_section_mapping,PASS,,img_0115 (vector figure B2H4152C) are mapped to sec_0079. They belong to it: the figures sit under heading '2. Spark Plug' on p175 and no sibling shares that page.,
2002_Service_Manual_TI,sec_0084,181,5.4-hierarchy_level,PASS,,"On p181 the heading 'FUEL INJECTION (FUEL SYSTEM)' is a chapter-level banner. sec_0084 has hierarchy_level 3, same as its siblings.",
2002_Service_Manual_TI,sec_0084,181,5.4-parent_child,PASS,,"sec_0084 has parent_section_id sec_0002 (sec_0002 NEW CAR INFORMATION SECTION). Its children sec_0085, sec_0086, sec_0087, sec_0088, sec_0089, sec_0090 are the numbered topics listed in the contents on p181.",
2002_Service_Manual_TI,sec_0084,181,5.4-page_start_end,PASS,,"Nodes #/texts/2688, #/texts/2689 and #/tables/48 are the banner and contents list on p181. No running header of p182 is in the section. Children sec_0085 to sec_0090 cover p182-216, so page_end 216 matches the last child.","Old FAIL (BUG-022, v2): now fixed. The running header of the next page is no longer at the end of the section."
2002_Service_Manual_TI,sec_0084,181,5.4-hierarchy_path,PASS,,hierarchy_path is /2002 LEGACY SERVICE MANUAL/NEW CAR INFORMATION SECTION/FUEL INJECTION (FUEL SYSTEM). This matches the page header and chapter tab on p181 and the order of parent and grandparent.,
2002_Service_Manual_TI,sec_0084,181,5.4-gaps_duplicates,PASS,,"The contents list on p181 is in sec_0084 once. Its topics appear once each as children, with no gap or overlap in pages.",
2002_Service_Manual_TI,sec_0084,181,5.4-flagged_for_review,PASS,,"sec_0084 has flagged_for_review false and verification_score 100.0. The title 'FUEL INJECTION (FUEL SYSTEM)' is visible on p181, so no flag is needed.",
2002_Service_Manual_TI,sec_0084,181,5.4-structural_source,PASS,,structural_source is toc. The title 'FUEL INJECTION (FUEL SYSTEM)' matches a bookmark and the heading seen on p181.,
2002_Service_Manual_TI,sec_0084,181,5.6-numbering_scheme,PASS,,"numbering_scheme is arabic. p181 is the chapter title page with no printed folio, and the contents use arabic numbers 1-6. Arabic is right.",
2002_Service_Manual_TI,sec_0084,181,5.6-offset_applied,PASS,,"offset_applied is 0. The section heading is on physical page 181 where page_start points, so no offset is needed.",
2002_Service_Manual_TI,sec_0084,181,5.6-table_content,FAIL,Low,"Table #/tables/48 on p181 is the contents with 6 rows. All titles and page numbers (2, 3, 6, 19, 28, 36) are present and in order. In rows 4 and 5 the numbers 19 and 28 sit in the title cell and the Page cell is empty. In row 6 the dots and 36 are split from the title.","Old FAIL (no BUG id, v2.9): still present. Page-number digits moved between cells. Values and order are kept, so Low."
2002_Service_Manual_TI,sec_0084,181,5.5-filters_discarding,PASS,,p181 has only the banner and contents text and no drawing. Nothing meaningful was discarded; the black tab on the page edge is decoration.,
2002_Service_Manual_TI,sec_0084,181,5.5-filters_passing_noise,PASS,,No image is kept for sec_0084. The title banner rule and edge tab on p181 are not exported as images.,
2002_Service_Manual_TI,sec_0084,181,5.5-image_section_mapping,PASS,,"No image is mapped to sec_0084. The page p181 has no figure, so none is expected.",
2002_Service_Manual_TI,sec_0087,188,5.4-hierarchy_level,PASS,,"On p186 the heading '3. Fuel Line' is printed as a numbered section title, one level under the chapter heading. The tree gives hierarchy_level 4, the same as its siblings. Smaller letter headings such as 'A:' or 'B:' stay inside the section as nodes.",
2002_Service_Manual_TI,sec_0087,188,5.4-parent_child,PASS,,"The parent of sec_0087 is sec_0084 ('FUEL INJECTION (FUEL SYSTEM)'), the chapter that holds this numbered section. child_sections is empty, which is right because the letter headings are only nodes. The previous and next sections are siblings at the same level.",
2002_Service_Manual_TI,sec_0087,188,5.4-page_start_end,PASS,,"sec_0087 covers p186-p198. It starts with running header lines and the heading '3. Fuel Line' (#/texts/2757-2759) on p186. It ends with 'FU-18' (#/texts/2953) on p198. sec_0088 (""4. Sensors and Switches"") starts on p199. No running header or heading of the next section is inside sec_0087, and no body text of sec_0087 is in a neighbour.","Old FAIL (BUG-022, v2): now fixed. In v2 the section ended with the running header of the next page. Now the last node is the page folio of its own last page."
2002_Service_Manual_TI,sec_0087,188,5.4-hierarchy_path,PASS,,The path ends with '3. Fuel Line' and goes through 'FUEL INJECTION (FUEL SYSTEM)' and 'NEW CAR INFORMATION SECTION' to the manual root '2002 LEGACY SERVICE MANUAL'. This order matches the page header and the heading '3. Fuel Line' on its start page.,
2002_Service_Manual_TI,sec_0087,188,5.4-gaps_duplicates,PASS,,Nodes of sec_0087 run in reading order over p186-p198 with no gap. I saw no node twice. The next section starts exactly where sec_0087 ends. On p188 all printed text and figures belong to sec_0087.,
2002_Service_Manual_TI,sec_0087,188,5.4-flagged_for_review,PASS,,"flagged_for_review is False and verification_score is 100. The heading '3. Fuel Line' is clearly visible on its page, so no flag is needed.",
2002_Service_Manual_TI,sec_0087,188,5.4-structural_source,PASS,,structural_source is 'toc'. The heading '3. Fuel Line' is a real bookmark entry and it is printed on its start page. No inferred section is involved.,
2002_Service_Manual_TI,sec_0087,188,5.6-numbering_scheme,PASS,,"numbering_scheme is 'arabic'. The printed folio on this section is a chapter code with a number (FU-8 (p188) and FU-13 (p193)). It restarts for each chapter, and there is no roman or other page range inside sec_0087.","The folio has a chapter prefix. The tree uses physical page numbers, so this is accepted as in earlier versions."
2002_Service_Manual_TI,sec_0087,188,5.6-offset_applied,PASS,,offset_applied is 0. The heading '3. Fuel Line' is on physical page 186 and page_start of sec_0087 is the same. No shift is needed.,
2002_Service_Manual_TI,sec_0087,188,5.5-filters_discarding,PASS,,"p188 has one figure: the pressure regulator cutaway (S2H0623C). It is extracted as img_0124 (raster, 1821x1286). I opened it. The valve, the three arrows A/B/C and the leader lines are all there. The labels (1), (2), A, B, C are separate text nodes (#/texts/2783-2795).",
2002_Service_Manual_TI,sec_0087,188,5.5-filters_passing_noise,PASS,,"img_0124 is a real figure. It holds no page header, footer or rule. No noise image on p188.",
2002_Service_Manual_TI,sec_0087,188,5.5-image_section_mapping,PASS,,img_0124 is mapped to sec_0087 and sits under 'B: PRESSURE REGULATOR' (#/texts/2781) of sec_0087. p188 belongs to sec_0087 only.,
2002_Service_Manual_TI,sec_0088,201,5.4-hierarchy_level,PASS,,"On p199 the heading '4. Sensors and Switches' is printed as a numbered section title, one level under the chapter heading. The tree gives hierarchy_level 4, the same as its siblings. Smaller letter headings such as 'A:' or 'B:' stay inside the section as nodes.",
2002_Service_Manual_TI,sec_0088,201,5.4-parent_child,PASS,,"The parent of sec_0088 is sec_0084 ('FUEL INJECTION (FUEL SYSTEM)'), the chapter that holds this numbered section. child_sections is empty, which is right because the letter headings are only nodes. The previous and next sections are siblings at the same level.",
2002_Service_Manual_TI,sec_0088,201,5.4-page_start_end,PASS,,"sec_0088 covers p199-p207. It starts with the heading '4. Sensors and Switches' (#/texts/2956) on p199. It ends with 'FU-27' (#/texts/3103) on p207. sec_0089 (""5. Control System"") starts on p208. No running header or heading of the next section is inside sec_0088, and no body text of sec_0088 is in a neighbour.","Old FAIL (BUG-022, v2): now fixed. In v2 the section ended with the running header of the next page. Now the last node is the page folio of its own last page."
2002_Service_Manual_TI,sec_0088,201,5.4-hierarchy_path,PASS,,The path ends with '4. Sensors and Switches' and goes through 'FUEL INJECTION (FUEL SYSTEM)' and 'NEW CAR INFORMATION SECTION' to the manual root '2002 LEGACY SERVICE MANUAL'. This order matches the page header and the heading '4. Sensors and Switches' on its start page.,
2002_Service_Manual_TI,sec_0088,201,5.4-gaps_duplicates,PASS,,Nodes of sec_0088 run in reading order over p199-p207 with no gap. I saw no node twice. The next section starts exactly where sec_0088 ends. On p201 all printed text and figures belong to sec_0088.,
2002_Service_Manual_TI,sec_0088,201,5.4-flagged_for_review,PASS,,"flagged_for_review is False and verification_score is 100. The heading '4. Sensors and Switches' is clearly visible on its page, so no flag is needed.",
2002_Service_Manual_TI,sec_0088,201,5.4-structural_source,PASS,,structural_source is 'toc'. The heading '4. Sensors and Switches' is a real bookmark entry and it is printed on its start page. No inferred section is involved.,
2002_Service_Manual_TI,sec_0088,201,5.6-numbering_scheme,PASS,,"numbering_scheme is 'arabic'. The printed folio on this section is a chapter code with a number (FU-21). It restarts for each chapter, and there is no roman or other page range inside sec_0088.","The folio has a chapter prefix. The tree uses physical page numbers, so this is accepted as in earlier versions."
2002_Service_Manual_TI,sec_0088,201,5.6-offset_applied,PASS,,offset_applied is 0. The heading '4. Sensors and Switches' is on physical page 199 and page_start of sec_0088 is the same. No shift is needed.,
2002_Service_Manual_TI,sec_0088,201,5.5-filters_discarding,PASS,,"p201 has one figure: the rear oxygen sensor cutaway B2H4156B with callouts (1)-(6). It is now extracted as img_0134 (origin vector, 989x433). I opened it. The full sensor, all six callouts and the code B2H4156B are inside the crop. Old FAIL (BUG-010, v2): now fixed.","Old FAIL (BUG-010, v2): now fixed. The figure was lost before; now the vector figure is extracted."
2002_Service_Manual_TI,sec_0088,201,5.5-filters_passing_noise,PASS,,"img_0134 is a real figure. It holds no header, footer or rule. No noise image on p201.",
2002_Service_Manual_TI,sec_0088,201,5.5-image_section_mapping,PASS,,img_0134 is mapped to sec_0088 and sits under 'B: REAR OXYGEN SENSOR' (#/texts/2984) of sec_0088. p201 belongs to sec_0088 only.,
2002_Service_Manual_TI,sec_0089,208,5.4-hierarchy_level,PASS,,"On p208 the heading '5. Control System' is printed as a numbered section title, one level under the chapter heading. The tree gives hierarchy_level 4, the same as its siblings. Smaller letter headings such as 'A:' or 'B:' stay inside the section as nodes.",
2002_Service_Manual_TI,sec_0089,208,5.4-parent_child,PASS,,"The parent of sec_0089 is sec_0084 ('FUEL INJECTION (FUEL SYSTEM)'), the chapter that holds this numbered section. child_sections is empty, which is right because the letter headings are only nodes. The previous and next sections are siblings at the same level.",
2002_Service_Manual_TI,sec_0089,208,5.4-page_start_end,PASS,,"sec_0089 covers p208-p215. It starts with the heading '5. Control System' (#/texts/3106) on p208. It ends with table #/tables/50 and 'FU-35' (#/texts/3240) on p215. sec_0090 (""6. On-board Diagnosis System"") starts on p216. No running header or heading of the next section is inside sec_0089, and no body text of sec_0089 is in a neighbour.",No old FAIL for this row.
2002_Service_Manual_TI,sec_0089,208,5.4-hierarchy_path,PASS,,The path ends with '5. Control System' and goes through 'FUEL INJECTION (FUEL SYSTEM)' and 'NEW CAR INFORMATION SECTION' to the manual root '2002 LEGACY SERVICE MANUAL'. This order matches the page header and the heading '5. Control System' on its start page.,
2002_Service_Manual_TI,sec_0089,208,5.4-gaps_duplicates,PASS,,Nodes of sec_0089 run in reading order over p208-p215 with no gap. I saw no node twice. The next section starts exactly where sec_0089 ends. On p208 all printed text and figures belong to sec_0089.,
2002_Service_Manual_TI,sec_0089,208,5.4-flagged_for_review,PASS,,"flagged_for_review is False and verification_score is 100. The heading '5. Control System' is clearly visible on its page, so no flag is needed.",
2002_Service_Manual_TI,sec_0089,208,5.4-structural_source,PASS,,structural_source is 'toc'. The heading '5. Control System' is a real bookmark entry and it is printed on its start page. No inferred section is involved.,
2002_Service_Manual_TI,sec_0089,208,5.6-numbering_scheme,PASS,,"numbering_scheme is 'arabic'. The printed folio on this section is a chapter code with a number (FU-28 (p208) and FU-34 (p214)). It restarts for each chapter, and there is no roman or other page range inside sec_0089.","The folio has a chapter prefix. The tree uses physical page numbers, so this is accepted as in earlier versions."
2002_Service_Manual_TI,sec_0089,208,5.6-offset_applied,PASS,,offset_applied is 0. The heading '5. Control System' is on physical page 208 and page_start of sec_0089 is the same. No shift is needed.,
2002_Service_Manual_TI,sec_0089,208,5.6-table_content,FAIL,Low,"The only table in sec_0089 near this page is #/tables/49 on p209. p209 is not in the batch pages, so I judged from the node text. All 31 signal rows with Unit and Function text are present. But the group labels 'Input signals' and 'Output signals' sit in the middle of the row list, so the first nine input rows and the first output row have no label next to them. There is no table on p208 itself.","Old FAIL (BUG-008, v2.9): still present. The text is complete, only the merged label cells are misplaced. The reading order and values are kept. BUG-008. I did not see the p209 render, so confidence is lower."
2002_Service_Manual_TI,sec_0089,208,5.5-filters_discarding,PASS,,"p208 has no figure: only the heading, a bullet list and two footnotes are printed. No image is extracted for p208 and none is missing. The figures of sec_0089 are on p212-p215: img_0141, img_0142 (raster) and img_0143, img_0144 (vector). I opened all four and they match the pages.",
2002_Service_Manual_TI,sec_0089,208,5.5-filters_passing_noise,PASS,,"No image is extracted for p208, so no noise is kept there. The four images of sec_0089 are real figures with no header or rule.",
2002_Service_Manual_TI,sec_0089,208,5.5-image_section_mapping,PASS,,No image belongs to p208. The images of sec_0089 (img_0141-img_0144) are on p212-p215 and sit inside the page range of sec_0089.,
2002_Service_Manual_TI,sec_0093,221,5.4-hierarchy_level,PASS,,"On p220 the heading '2. Schematic Diagrams' is printed as a numbered section title, one level under the chapter heading. The tree gives hierarchy_level 4, the same as its siblings. Smaller letter headings such as 'A:' or 'B:' stay inside the section as nodes.",
2002_Service_Manual_TI,sec_0093,221,5.4-parent_child,PASS,,"The parent of sec_0093 is sec_0091 ('EMISSION CONTROL (AUX. EMISSION CONTROL DEVICES)'), the chapter that holds this numbered section. child_sections is empty, which is right because the letter headings are only nodes. The previous and next sections are siblings at the same level.",
2002_Service_Manual_TI,sec_0093,221,5.4-page_start_end,PASS,,"sec_0093 covers p220-p221. It starts with the heading '2. Schematic Diagrams' (#/texts/3270) on p220. It ends with 'EC-5' (#/texts/3346) on p221. sec_0094 (""3. Crankcase Emission Control System"") starts on p222. No running header or heading of the next section is inside sec_0093, and no body text of sec_0093 is in a neighbour.","Old FAIL (BUG-022, v2): now fixed. In v2 the section ended with the running header of the next page. Now the last node is the page folio of its own last page."
2002_Service_Manual_TI,sec_0093,221,5.4-hierarchy_path,PASS,,The path ends with '2. Schematic Diagrams' and goes through 'EMISSION CONTROL (AUX. EMISSION CONTROL DEVICES)' and 'NEW CAR INFORMATION SECTION' to the manual root '2002 LEGACY SERVICE MANUAL'. This order matches the page header and the heading '2. Schematic Diagrams' on its start page.,
2002_Service_Manual_TI,sec_0093,221,5.4-gaps_duplicates,PASS,,Nodes of sec_0093 run in reading order over p220-p221 with no gap. I saw no node twice. The next section starts exactly where sec_0093 ends. On p221 all printed text and figures belong to sec_0093.,
2002_Service_Manual_TI,sec_0093,221,5.4-flagged_for_review,PASS,,"flagged_for_review is False and verification_score is 100. The heading '2. Schematic Diagrams' is clearly visible on its page, so no flag is needed.",
2002_Service_Manual_TI,sec_0093,221,5.4-structural_source,PASS,,structural_source is 'toc'. The heading '2. Schematic Diagrams' is a real bookmark entry and it is printed on its start page. No inferred section is involved.,
2002_Service_Manual_TI,sec_0093,221,5.6-numbering_scheme,PASS,,"numbering_scheme is 'arabic'. The printed folio on this section is a chapter code with a number (EC-5). It restarts for each chapter, and there is no roman or other page range inside sec_0093.","The folio has a chapter prefix. The tree uses physical page numbers, so this is accepted as in earlier versions."
2002_Service_Manual_TI,sec_0093,221,5.6-offset_applied,PASS,,offset_applied is 0. The heading '2. Schematic Diagrams' is on physical page 220 and page_start of sec_0093 is the same. No shift is needed.,
2002_Service_Manual_TI,sec_0093,221,5.5-filters_discarding,PASS,,"p221 has no figure: it only lists the 49 numbered parts (legend) of the diagram on p220. Nothing is missing on p221. The diagram B2H4215A on p220 is extracted as img_0145 (origin vector, 1054x1176). I opened it. The whole diagram with callouts (1)-(49) is inside the crop. Old FAIL (BUG-010, v2): now fixed.","Old FAIL (BUG-010, v2): now fixed. The figure is on p220 as img_0145 (origin vector). The sampled page p221 has only the legend text."
2002_Service_Manual_TI,sec_0093,221,5.5-filters_passing_noise,PASS,,No image is extracted for p221. img_0145 on p220 is a real figure. Nothing decorative was kept.,
2002_Service_Manual_TI,sec_0093,221,5.5-image_section_mapping,PASS,,"No image belongs to p221. img_0145 (p220) is mapped to sec_0093, which owns both the diagram page p220 and its legend page p221.",
2002_Service_Manual_TI,sec_0099,228,5.4-hierarchy_level,PASS,,"On p227 the heading '8. Evaporative Emission Control System' is printed as a numbered section title, one level under the chapter heading. The tree gives hierarchy_level 4, the same as its siblings. Smaller letter headings such as 'A:' or 'B:' stay inside the section as nodes.",
2002_Service_Manual_TI,sec_0099,228,5.4-parent_child,PASS,,"The parent of sec_0099 is sec_0091 ('EMISSION CONTROL (AUX. EMISSION CONTROL DEVICES)'), the chapter that holds this numbered section. child_sections is empty, which is right because the letter headings are only nodes. The previous and next sections are siblings at the same level.",
2002_Service_Manual_TI,sec_0099,228,5.4-page_start_end,PASS,,"sec_0099 covers p227-p229. It starts with the heading '8. Evaporative Emission Control System' (#/texts/3444) on p227. It ends with 'EC-13' (#/texts/3509) on p229. sec_0100 (""9. Vacuum Connections"") starts on p230. No running header or heading of the next section is inside sec_0099, and no body text of sec_0099 is in a neighbour.","Old FAIL (BUG-022, v2): now fixed. In v2 the section ended with the running header of the next page. Now the last node is the page folio of its own last page."
2002_Service_Manual_TI,sec_0099,228,5.4-hierarchy_path,PASS,,The path ends with '8. Evaporative Emission Control System' and goes through 'EMISSION CONTROL (AUX. EMISSION CONTROL DEVICES)' and 'NEW CAR INFORMATION SECTION' to the manual root '2002 LEGACY SERVICE MANUAL'. This order matches the page header and the heading '8. Evaporative Emission Control System' on its start page.,
2002_Service_Manual_TI,sec_0099,228,5.4-gaps_duplicates,PASS,,Nodes of sec_0099 run in reading order over p227-p229 with no gap. I saw no node twice. The next section starts exactly where sec_0099 ends. On p228 all printed text and figures belong to sec_0099.,
2002_Service_Manual_TI,sec_0099,228,5.4-flagged_for_review,PASS,,"flagged_for_review is False and verification_score is 100. The heading '8. Evaporative Emission Control System' is clearly visible on its page, so no flag is needed.",
2002_Service_Manual_TI,sec_0099,228,5.4-structural_source,PASS,,structural_source is 'toc'. The heading '8. Evaporative Emission Control System' is a real bookmark entry and it is printed on its start page. No inferred section is involved.,
2002_Service_Manual_TI,sec_0099,228,5.6-numbering_scheme,PASS,,"numbering_scheme is 'arabic'. The printed folio on this section is a chapter code with a number (EC-12 (p228) and EC-13 (p229)). It restarts for each chapter, and there is no roman or other page range inside sec_0099.","The folio has a chapter prefix. The tree uses physical page numbers, so this is accepted as in earlier versions."
2002_Service_Manual_TI,sec_0099,228,5.6-offset_applied,PASS,,offset_applied is 0. The heading '8. Evaporative Emission Control System' is on physical page 227 and page_start of sec_0099 is the same. No shift is needed.,
2002_Service_Manual_TI,sec_0099,228,5.5-filters_discarding,PASS,,"p228 has two figures: the fuel cut valve (B2H3342D) and the fuel tank cap (B2H0395C). Both are extracted: img_0151 (origin vector, 566x422) and img_0150 (raster, 982x840). I opened both. The valve with arrows A, B, C and the cap with its arrows are complete. Old FAIL (BUG-010, v2): now fixed. Note: the (1), (2), (3), (A) callouts of the cap are text nodes, not in the PNG.","Old FAIL (BUG-010, v2): now fixed. Both figures of p228 are extracted."
2002_Service_Manual_TI,sec_0099,228,5.5-filters_passing_noise,PASS,,"img_0150 and img_0151 are real figures with no header, footer or rule. No noise image on p228.",
2002_Service_Manual_TI,sec_0099,228,5.5-image_section_mapping,PASS,,img_0150 and img_0151 are mapped to sec_0099. They sit under 'B: FUEL CUT VALVE' and 'C: FUEL TANK CAP' of sec_0099. No neighbour section shares p228.,
2002_Service_Manual_TI,sec_0105,235,5.4-hierarchy_level,PASS,,"On p235 the heading '2. Timing Chains' is printed as a numbered section title, one level under the chapter heading. The tree gives hierarchy_level 4, the same as its siblings. Smaller letter headings such as 'A:' or 'B:' stay inside the section as nodes.",
2002_Service_Manual_TI,sec_0105,235,5.4-parent_child,PASS,,"The parent of sec_0105 is sec_0103 ('MECHANICAL'), the chapter that holds this numbered section. child_sections is empty, which is right because the letter headings are only nodes. The previous and next sections are siblings at the same level.",
2002_Service_Manual_TI,sec_0105,235,5.4-page_start_end,PASS,,"sec_0105 covers p235 only. It starts with the heading '2. Timing Chains' (#/texts/3581) on p235. It ends with 'ME-3' (#/texts/3592) on p235. sec_0106 (""3. Automatic Chain Tension Adjuster"") starts on p236. No running header or heading of the next section is inside sec_0105, and no body text of sec_0105 is in a neighbour.","Old FAIL (BUG-022, v2): now fixed. In v2 the section ended with the running header of the next page. Now the last node is the page folio of its own last page."
2002_Service_Manual_TI,sec_0105,235,5.4-hierarchy_path,PASS,,The path ends with '2. Timing Chains' and goes through 'MECHANICAL' and 'NEW CAR INFORMATION SECTION' to the manual root '2002 LEGACY SERVICE MANUAL'. This order matches the page header and the heading '2. Timing Chains' on its start page.,
2002_Service_Manual_TI,sec_0105,235,5.4-gaps_duplicates,PASS,,Nodes of sec_0105 run in reading order over p235 only with no gap. I saw no node twice. The next section starts exactly where sec_0105 ends. On p235 all printed text and figures belong to sec_0105.,
2002_Service_Manual_TI,sec_0105,235,5.4-flagged_for_review,PASS,,"flagged_for_review is False and verification_score is 100. The heading '2. Timing Chains' is clearly visible on its page, so no flag is needed.",
2002_Service_Manual_TI,sec_0105,235,5.4-structural_source,PASS,,structural_source is 'toc'. The heading '2. Timing Chains' is a real bookmark entry and it is printed on its start page. No inferred section is involved.,
2002_Service_Manual_TI,sec_0105,235,5.6-numbering_scheme,PASS,,"numbering_scheme is 'arabic'. The printed folio on this section is a chapter code with a number (ME-3). It restarts for each chapter, and there is no roman or other page range inside sec_0105.","The folio has a chapter prefix. The tree uses physical page numbers, so this is accepted as in earlier versions."
2002_Service_Manual_TI,sec_0105,235,5.6-offset_applied,PASS,,offset_applied is 0. The heading '2. Timing Chains' is on physical page 235 and page_start of sec_0105 is the same. No shift is needed.,
2002_Service_Manual_TI,sec_0105,235,5.5-filters_discarding,PASS,,"p235 has one figure: the two timing chains drawing B2H3895A with callouts (1)-(17). It is extracted as img_0157 (raster, 2832x1496). I opened it. All sprockets, guides, tensioners and callouts (1)-(17) are inside. Nothing is cut.",
2002_Service_Manual_TI,sec_0105,235,5.5-filters_passing_noise,PASS,,"img_0157 is a real figure. No header, footer or rule inside. No noise image on p235.",
2002_Service_Manual_TI,sec_0105,235,5.5-image_section_mapping,PASS,,"img_0157 is mapped to sec_0105 (page_no 235). p235 holds only sec_0105, so the mapping is correct.",
2002_Service_Manual_TI,sec_0111,241,5.4-hierarchy_level,PASS,,"On p241 the heading '8. Crankshaft' is printed as a numbered section title, one level under the chapter heading. The tree gives hierarchy_level 4, the same as its siblings. Smaller letter headings such as 'A:' or 'B:' stay inside the section as nodes.",
2002_Service_Manual_TI,sec_0111,241,5.4-parent_child,PASS,,"The parent of sec_0111 is sec_0103 ('MECHANICAL'), the chapter that holds this numbered section. child_sections is empty, which is right because the letter headings are only nodes. The previous and next sections are siblings at the same level.",
2002_Service_Manual_TI,sec_0111,241,5.4-page_start_end,PASS,,"sec_0111 covers p241 only. It starts with the heading '8. Crankshaft' (#/texts/3657) on p241. It ends with 'ME-9' (#/texts/3660) on p241. sec_0112 (""9. Piston"") starts on p242. No running header or heading of the next section is inside sec_0111, and no body text of sec_0111 is in a neighbour.","Old FAIL (BUG-022, v2): now fixed. In v2 the section ended with the running header of the next page. Now the last node is the page folio of its own last page."
2002_Service_Manual_TI,sec_0111,241,5.4-hierarchy_path,PASS,,The path ends with '8. Crankshaft' and goes through 'MECHANICAL' and 'NEW CAR INFORMATION SECTION' to the manual root '2002 LEGACY SERVICE MANUAL'. This order matches the page header and the heading '8. Crankshaft' on its start page.,
2002_Service_Manual_TI,sec_0111,241,5.4-gaps_duplicates,PASS,,Nodes of sec_0111 run in reading order over p241 only with no gap. I saw no node twice. The next section starts exactly where sec_0111 ends. On p241 all printed text and figures belong to sec_0111.,
2002_Service_Manual_TI,sec_0111,241,5.4-flagged_for_review,PASS,,"flagged_for_review is False and verification_score is 100. The heading '8. Crankshaft' is clearly visible on its page, so no flag is needed.",
2002_Service_Manual_TI,sec_0111,241,5.4-structural_source,PASS,,structural_source is 'toc'. The heading '8. Crankshaft' is a real bookmark entry and it is printed on its start page. No inferred section is involved.,
2002_Service_Manual_TI,sec_0111,241,5.6-numbering_scheme,PASS,,"numbering_scheme is 'arabic'. The printed folio on this section is a chapter code with a number (ME-9). It restarts for each chapter, and there is no roman or other page range inside sec_0111.","The folio has a chapter prefix. The tree uses physical page numbers, so this is accepted as in earlier versions."
2002_Service_Manual_TI,sec_0111,241,5.6-offset_applied,PASS,,offset_applied is 0. The heading '8. Crankshaft' is on physical page 241 and page_start of sec_0111 is the same. No shift is needed.,
2002_Service_Manual_TI,sec_0111,241,5.5-filters_discarding,PASS,,"p241 has one figure: the crankshaft with seven bearing halves (B2H3900A, labels #1-#7). It is extracted as img_0163 (raster, 1797x1282). I opened it. The crankshaft and all seven labels #1-#7 are complete.",
2002_Service_Manual_TI,sec_0111,241,5.5-filters_passing_noise,PASS,,"img_0163 is a real figure. No header, footer or rule inside. No noise image on p241.",
2002_Service_Manual_TI,sec_0111,241,5.5-image_section_mapping,PASS,,"img_0163 is mapped to sec_0111 (page_no 241). p241 holds only sec_0111, so the mapping is correct.",
2002_Service_Manual_TI,sec_0117,248,5.4-hierarchy_level,PASS,,"On p248 the heading '1. General' is printed as a numbered section title, one level under the chapter heading. The tree gives hierarchy_level 4, the same as its siblings. Smaller letter headings such as 'A:' or 'B:' stay inside the section as nodes.",
2002_Service_Manual_TI,sec_0117,248,5.4-parent_child,PASS,,"The parent of sec_0117 is sec_0116 ('COOLING'), the chapter that holds this numbered section. child_sections is empty, which is right because the letter headings are only nodes. The previous and next sections are siblings at the same level.",
2002_Service_Manual_TI,sec_0117,248,5.4-page_start_end,PASS,,"sec_0117 covers p248 only. It starts with the heading '1. General' (#/texts/3741) on p248. It ends with 'CO-2' (#/texts/3745) on p248. sec_0118 (""2. Cooling Circuits"") starts on p249. No running header or heading of the next section is inside sec_0117, and no body text of sec_0117 is in a neighbour.","Old FAIL (BUG-022, v2): now fixed. In v2 the section ended with the running header of the next page. Now the last node is the page folio of its own last page."
2002_Service_Manual_TI,sec_0117,248,5.4-hierarchy_path,PASS,,The path ends with '1. General' and goes through 'COOLING' and 'NEW CAR INFORMATION SECTION' to the manual root '2002 LEGACY SERVICE MANUAL'. This order matches the page header and the heading '1. General' on its start page.,
2002_Service_Manual_TI,sec_0117,248,5.4-gaps_duplicates,PASS,,Nodes of sec_0117 run in reading order over p248 only with no gap. I saw no node twice. The next section starts exactly where sec_0117 ends. On p248 all printed text and figures belong to sec_0117.,
2002_Service_Manual_TI,sec_0117,248,5.4-flagged_for_review,PASS,,"flagged_for_review is False and verification_score is 100. The heading '1. General' is clearly visible on its page, so no flag is needed.",
2002_Service_Manual_TI,sec_0117,248,5.4-structural_source,PASS,,structural_source is 'toc'. The heading '1. General' is a real bookmark entry and it is printed on its start page. No inferred section is involved.,
2002_Service_Manual_TI,sec_0117,248,5.6-numbering_scheme,PASS,,"numbering_scheme is 'arabic'. The printed folio on this section is a chapter code with a number (CO-2). It restarts for each chapter, and there is no roman or other page range inside sec_0117.","The folio has a chapter prefix. The tree uses physical page numbers, so this is accepted as in earlier versions."
2002_Service_Manual_TI,sec_0117,248,5.6-offset_applied,PASS,,offset_applied is 0. The heading '1. General' is on physical page 248 and page_start of sec_0117 is the same. No shift is needed.,
2002_Service_Manual_TI,sec_0117,248,5.5-filters_discarding,PASS,,p248 has no figure: it shows only the heading '1. General' and three bullet paragraphs. No image is extracted and none is missing.,
2002_Service_Manual_TI,sec_0117,248,5.5-filters_passing_noise,PASS,,"No image is extracted for p248, so no noise is kept.",
2002_Service_Manual_TI,sec_0117,248,5.5-image_section_mapping,PASS,,"No image belongs to p248, and none is mapped to sec_0117. This is correct.",
2002_Service_Manual_TI,sec_0123,255,5.4-hierarchy_level,PASS,,'LUBRICATION' is a chapter-divider bookmark at level 3 under sec_0002 (level 2). Its children sec_0124 to sec_0129 are level 4. The levels fit.,
2002_Service_Manual_TI,sec_0123,255,5.4-parent_child,PASS,,"Parent is sec_0002 NEW CAR INFORMATION SECTION (level 2). The section has no child sections, and the printed document shows no sub-topic bookmarks under it. The neighbour sections are siblings at the same level.",
2002_Service_Manual_TI,sec_0123,255,5.4-page_start_end,PASS,,"On p255 the section owns exactly three nodes: heading 'LUBRICATION' (#/texts/3810), the tab 'LU (H6)' (#/texts/3811) and the contents table #/tables/56. It no longer ends with p256 running-header text. The next section starts on p256.","Old FAIL (BUG-022, v2): now fixed. The last nodes are the table on p255 and no 'Lubrication'/'GENERAL' header from p256 is attached. page_end 262 covers the child sections."
2002_Service_Manual_TI,sec_0123,255,5.4-hierarchy_path,PASS,,"hierarchy_path ends with '/LUBRICATION' and the ancestors are in the right order (manual, NEW CAR INFORMATION SECTION, chapter).",
2002_Service_Manual_TI,sec_0123,255,5.4-gaps_duplicates,PASS,,No gap or overlap. sec_0122 ends on p254. This section starts on p255. Children sec_0124 (p256) to sec_0129 (p262) follow without holes. The contents table appears once.,
2002_Service_Manual_TI,sec_0123,255,5.4-flagged_for_review,PASS,,"flagged_for_review is false and verification_score is 100. The rendered heading is on the expected page, so no flag is needed.",
2002_Service_Manual_TI,sec_0123,255,5.4-structural_source,PASS,,structural_source is 'toc'. The title 'LUBRICATION' matches an embedded bookmark and is seen as a heading on p255.,
2002_Service_Manual_TI,sec_0123,255,5.6-numbering_scheme,PASS,,"Printed folios are chapter-prefixed arabic numbers (for example on this section's pages). numbering_scheme 'arabic' fits, and no roman or other scheme appears here.","The manual uses chapter folios like CO-7, LU-5, AT-12. This is the same for the whole manual and was accepted in earlier versions."
2002_Service_Manual_TI,sec_0123,255,5.6-offset_applied,PASS,,"offset_applied is 0. The heading 'LUBRICATION' is seen on physical p255, equal to page_start=255, so the mapping is right.",
2002_Service_Manual_TI,sec_0123,255,5.6-table_content,PASS,,"The contents table #/tables/56 has 6 rows: General 2, Engine Oil Flow 4, Oil Pump and Relief Valve 5, Oil Filter 6, Oil Pan and Oil Strainer 7, Oil Pressure Switch 8. This matches the list on p255. The table belongs to this chapter-divider page.",The header row has an empty first cell. This does not change any value.
2002_Service_Manual_TI,sec_0123,255,5.5-filters_discarding,PASS,,"p255 has no figure. I checked the render. Only the title, the black round index tab at the right edge and the contents list are there. The tab is decoration, so not dropping it is right.",
2002_Service_Manual_TI,sec_0123,255,5.5-filters_passing_noise,PASS,,"No image is mapped to sec_0123, so no noise image is kept. The black tab on p255 is not extracted as an image.",
2002_Service_Manual_TI,sec_0123,255,5.5-image_section_mapping,PASS,,"No image should belong to sec_0123. The only image on p262 (img_0178, oil pressure switch) is mapped to the child sec_0129, which owns that page. This is right.",
2002_Service_Manual_TI,sec_0128,261,5.4-hierarchy_level,PASS,,The heading '5. Oil Pan and Oil Strainer' is a level-4 bookmark entry. It has the right hierarchy_level=4 under its parent sec_0123 LUBRICATION (level 3).,
2002_Service_Manual_TI,sec_0128,261,5.4-parent_child,PASS,,"Parent is sec_0123 LUBRICATION (level 3). The section has no child sections, and the printed document shows no sub-topic bookmarks under it. The neighbour sections are siblings at the same level.",
2002_Service_Manual_TI,sec_0128,261,5.4-page_start_end,PASS,,Section is only p261. Nodes run from the running header 'OIL PAN AND OIL STRAINER' and heading '5. Oil Pan and Oil Strainer' to the folio 'LU-7' (#/texts/3956). It no longer ends with the p262 running header. sec_0129 starts on p262.,"Old FAIL (BUG-022, v2): now fixed. The last node is 'LU-7' on p261. The p262 header ('Lubrication', 'OIL PRESSURE SWITCH') is not here."
2002_Service_Manual_TI,sec_0128,261,5.4-hierarchy_path,PASS,,"hierarchy_path ends with '/5. Oil Pan and Oil Strainer' and the ancestors are in the right order (manual, NEW CAR INFORMATION SECTION, chapter).",
2002_Service_Manual_TI,sec_0128,261,5.4-gaps_duplicates,PASS,,No gap or overlap with sec_0127 (p260) and sec_0129 (p262). Each text on p261 appears once.,
2002_Service_Manual_TI,sec_0128,261,5.4-flagged_for_review,PASS,,"flagged_for_review is false and verification_score is 100. The rendered heading is on the expected page, so no flag is needed.",
2002_Service_Manual_TI,sec_0128,261,5.4-structural_source,PASS,,structural_source is 'toc'. The title '5. Oil Pan and Oil Strainer' matches an embedded bookmark and is seen as a heading on p261.,
2002_Service_Manual_TI,sec_0128,261,5.6-numbering_scheme,PASS,,"Printed folios are chapter-prefixed arabic numbers (for example on this section's pages). numbering_scheme 'arabic' fits, and no roman or other scheme appears here.","The manual uses chapter folios like CO-7, LU-5, AT-12. This is the same for the whole manual and was accepted in earlier versions."
2002_Service_Manual_TI,sec_0128,261,5.6-offset_applied,PASS,,"offset_applied is 0. The heading '5. Oil Pan and Oil Strainer' is seen on physical p261, equal to page_start=261, so the mapping is right.",
2002_Service_Manual_TI,sec_0128,261,5.5-filters_discarding,PASS,,"p261 has one large exploded drawing (upper oil pan, O-ring, strainer, lower oil pan). It is extracted as img_0177 (2619x3780). I opened it. The full drawing is there, not cut.",The callouts (1)-(5) are not in the raster. They are text nodes #/texts/3945 to #/texts/3949.
2002_Service_Manual_TI,sec_0128,261,5.5-filters_passing_noise,PASS,,"img_0177 holds only the drawing. The folio 'LU-7', the code 'B2H3890A' and the legend are outside the crop.",
2002_Service_Manual_TI,sec_0128,261,5.5-image_section_mapping,PASS,,img_0177 (p261) is mapped to sec_0128 and sits under '5. Oil Pan and Oil Strainer'. No other section is on p261.,
2002_Service_Manual_TI,sec_0134,268,5.4-hierarchy_level,PASS,,The heading '2. Spark Plug' is a level-4 bookmark entry. It has the right hierarchy_level=4 under its parent sec_0132 IGNITION (level 3).,
2002_Service_Manual_TI,sec_0134,268,5.4-parent_child,PASS,,"Parent is sec_0132 IGNITION (level 3). The section has no child sections, and the printed document shows no sub-topic bookmarks under it. The neighbour sections are siblings at the same level.",
2002_Service_Manual_TI,sec_0134,268,5.4-page_start_end,PASS,,"Section covers p267-268. p267 has the heading '2. Spark Plug', text, figure callouts and folio 'IG-3'. p268 is a blank page with only 'MEMO' and folio 'IG-4'. sec_0135 starts on p269. Nothing from a neighbour is absorbed.","p268 has no content, only the running header and the word MEMO. It follows the section and belongs to it."
2002_Service_Manual_TI,sec_0134,268,5.4-hierarchy_path,PASS,,"hierarchy_path ends with '/2. Spark Plug' and the ancestors are in the right order (manual, NEW CAR INFORMATION SECTION, chapter).",
2002_Service_Manual_TI,sec_0134,268,5.4-gaps_duplicates,PASS,,"No gap or overlap. sec_0133 ends on p266 and sec_0135 starts on p269. The p268 blank page is covered once, by this section.",
2002_Service_Manual_TI,sec_0134,268,5.4-flagged_for_review,PASS,,"flagged_for_review is false and verification_score is 100. The rendered heading is on the expected page, so no flag is needed.",
2002_Service_Manual_TI,sec_0134,268,5.4-structural_source,PASS,,structural_source is 'toc'. The title '2. Spark Plug' matches an embedded bookmark and is seen as a heading on p267.,
2002_Service_Manual_TI,sec_0134,268,5.6-numbering_scheme,PASS,,"Printed folios are chapter-prefixed arabic numbers (for example on this section's pages). numbering_scheme 'arabic' fits, and no roman or other scheme appears here.","The manual uses chapter folios like CO-7, LU-5, AT-12. This is the same for the whole manual and was accepted in earlier versions."
2002_Service_Manual_TI,sec_0134,268,5.6-offset_applied,PASS,,"offset_applied is 0. The heading '2. Spark Plug' is seen on physical p267, equal to page_start=267, so the mapping is right.",
2002_Service_Manual_TI,sec_0134,268,5.5-filters_discarding,PASS,,"Sampled p268 is blank. The section's only figure, the platinum spark plug drawing on p267, is now extracted as vector image img_0181 (549x203). I opened it. The full plug with the gap marks (1) and (2) is inside.","Old FAIL (BUG-010, v2): now fixed. The vector figure is now in images_v1.json and mapped to sec_0134."
2002_Service_Manual_TI,sec_0134,268,5.5-filters_passing_noise,PASS,,"img_0181 holds only the spark plug drawing and its marks (1) and (2). No folio, code or legend text is inside.",
2002_Service_Manual_TI,sec_0134,268,5.5-image_section_mapping,PASS,,"img_0181 is on p267 and is mapped to sec_0134, under '2. Spark Plug'. Sampled p268 has no figure.",
2002_Service_Manual_TI,sec_0141,275,5.4-hierarchy_level,PASS,,The heading '2. Select Lever' is a level-4 bookmark entry. It has the right hierarchy_level=4 under its parent sec_0139 CONTROL SYSTEM (level 3).,
2002_Service_Manual_TI,sec_0141,275,5.4-parent_child,PASS,,"Parent is sec_0139 CONTROL SYSTEM (level 3). The section has no child sections, and the printed document shows no sub-topic bookmarks under it. The neighbour sections are siblings at the same level.",
2002_Service_Manual_TI,sec_0141,275,5.4-page_start_end,PASS,,Section is only p275. Nodes run from the running header 'SELECT LEVER' and heading '2. Select Lever' to the folio 'CS-3' (#/texts/4122). It no longer ends with the p276 running header. sec_0142 starts on p276.,"Old FAIL (BUG-022, v2): now fixed. The p276 header ('Control System', 'DUAL RANGE SELECTOR LEVER') is not in this section."
2002_Service_Manual_TI,sec_0141,275,5.4-hierarchy_path,PASS,,"hierarchy_path ends with '/2. Select Lever' and the ancestors are in the right order (manual, NEW CAR INFORMATION SECTION, chapter).",
2002_Service_Manual_TI,sec_0141,275,5.4-gaps_duplicates,PASS,,No gap or overlap with sec_0140 (p274) and sec_0142 (p276). The bullets and legend appear once.,
2002_Service_Manual_TI,sec_0141,275,5.4-flagged_for_review,PASS,,"flagged_for_review is false and verification_score is 100. The rendered heading is on the expected page, so no flag is needed.",
2002_Service_Manual_TI,sec_0141,275,5.4-structural_source,PASS,,structural_source is 'toc'. The title '2. Select Lever' matches an embedded bookmark and is seen as a heading on p275.,
2002_Service_Manual_TI,sec_0141,275,5.6-numbering_scheme,PASS,,"Printed folios are chapter-prefixed arabic numbers (for example on this section's pages). numbering_scheme 'arabic' fits, and no roman or other scheme appears here.","The manual uses chapter folios like CO-7, LU-5, AT-12. This is the same for the whole manual and was accepted in earlier versions."
2002_Service_Manual_TI,sec_0141,275,5.6-offset_applied,PASS,,"offset_applied is 0. The heading '2. Select Lever' is seen on physical p275, equal to page_start=275, so the mapping is right.",
2002_Service_Manual_TI,sec_0141,275,5.5-filters_discarding,PASS,,"p275 has one drawing (select lever, gate, cable, View A). It is extracted as img_0185 (1969x1481). I opened it. It is complete with the P R N D 3 2 1 marks, callouts (1)-(7) and 'View A'.",
2002_Service_Manual_TI,sec_0141,275,5.5-filters_passing_noise,PASS,,"img_0185 holds only the drawing. The folio 'CS-3', the code 'B3H1501A' and the legend are outside the crop.",
2002_Service_Manual_TI,sec_0141,275,5.5-image_section_mapping,PASS,,"img_0185 (p275) is mapped to sec_0141, under '2. Select Lever'. No other section is on p275.",
2002_Service_Manual_TI,sec_0144,281,5.4-hierarchy_level,PASS,,The heading '1. General' is a level-4 bookmark entry. It has the right hierarchy_level=4 under its parent sec_0143 AUTOMATIC TRANSMISSION (level 3).,
2002_Service_Manual_TI,sec_0144,281,5.4-parent_child,PASS,,"Parent is sec_0143 AUTOMATIC TRANSMISSION (level 3). The section has no child sections, and the printed document shows no sub-topic bookmarks under it. The neighbour sections are siblings at the same level.",
2002_Service_Manual_TI,sec_0144,281,5.4-page_start_end,PASS,,Section covers p278-282 (AT-2 to AT-6). It starts at heading '1. General' on p278. It ends with folio 'AT-6' (#/texts/4262) on p282. It no longer ends with the p283 running header. sec_0145 starts on p283.,"Old FAIL (BUG-022, v2): now fixed. The p283 header ('ELECTROHYDRAULIC CONTROL SYSTEM', 'Automatic Transmission') is now in sec_0145."
2002_Service_Manual_TI,sec_0144,281,5.4-hierarchy_path,PASS,,"hierarchy_path ends with '/1. General' and the ancestors are in the right order (manual, NEW CAR INFORMATION SECTION, chapter).",
2002_Service_Manual_TI,sec_0144,281,5.4-gaps_duplicates,PASS,,No gap or overlap. sec_0143 is the parent. This section ends on p282 and sec_0145 starts on p283. The p281 and p282 legend lines appear once.,
2002_Service_Manual_TI,sec_0144,281,5.4-flagged_for_review,PASS,,"flagged_for_review is false and verification_score is 100. The rendered heading is on the expected page, so no flag is needed.",
2002_Service_Manual_TI,sec_0144,281,5.4-structural_source,PASS,,structural_source is 'toc'. The title '1. General' matches an embedded bookmark and is seen as a heading on p278.,
2002_Service_Manual_TI,sec_0144,281,5.6-numbering_scheme,PASS,,"Printed folios are chapter-prefixed arabic numbers (for example on this section's pages). numbering_scheme 'arabic' fits, and no roman or other scheme appears here.","The manual uses chapter folios like CO-7, LU-5, AT-12. This is the same for the whole manual and was accepted in earlier versions."
2002_Service_Manual_TI,sec_0144,281,5.6-offset_applied,PASS,,"offset_applied is 0. The heading '1. General' is seen on physical p278, equal to page_start=278, so the mapping is right.",
2002_Service_Manual_TI,sec_0144,281,5.5-filters_discarding,PASS,,p281 has the MPT cross-section drawing. It is extracted as img_0187 (2835x1575). p282 has the VTD cross-section as img_0188 (2835x1754). I opened both. Both are complete with callouts (1)-(32/33) and the [1]-[4] spans.,
2002_Service_Manual_TI,sec_0144,281,5.5-filters_passing_noise,PASS,,"img_0187 and img_0188 hold only the drawings, callouts and span marks. The folios 'AT-5', 'AT-6', the codes and the legend tables are outside the crops.",
2002_Service_Manual_TI,sec_0144,281,5.5-image_section_mapping,PASS,,img_0187 (p281) and img_0188 (p282) are both mapped to sec_0144. The MPT figure is under '1. MPT MODELS' on p281 and the VTD figure under '2. VTD MODELS' on p282. No other section shares these pages.,
2002_Service_Manual_TI,sec_0145,288,5.4-hierarchy_level,PASS,,The heading '2. Electrohydraulic Control System' is a level-4 bookmark entry. It has the right hierarchy_level=4 under its parent sec_0143 AUTOMATIC TRANSMISSION (level 3).,
2002_Service_Manual_TI,sec_0145,288,5.4-parent_child,PASS,,"Parent is sec_0143 AUTOMATIC TRANSMISSION (level 3). The section has no child sections, and the printed document shows no sub-topic bookmarks under it. The neighbour sections are siblings at the same level.",
2002_Service_Manual_TI,sec_0145,288,5.4-page_start_end,PASS,,Section covers p283-297 (AT-7 to AT-21). It starts at heading '2. Electrohydraulic Control System' on p283 and ends with folio 'AT-21' (#/texts/4506) on p297. sec_0144 ends on p282 and sec_0146 starts on p298. Sampled p288 has its own heading and folio inside this range.,"The p283 running header now belongs to this section, which is correct."
2002_Service_Manual_TI,sec_0145,288,5.4-hierarchy_path,PASS,,"hierarchy_path ends with '/2. Electrohydraulic Control System' and the ancestors are in the right order (manual, NEW CAR INFORMATION SECTION, chapter).",
2002_Service_Manual_TI,sec_0145,288,5.4-gaps_duplicates,PASS,,No gap or overlap with sec_0144 (ends p282) or sec_0146 (starts p298). Pages p283 to p297 are all covered once. Sampled p288 content appears once.,
2002_Service_Manual_TI,sec_0145,288,5.4-flagged_for_review,PASS,,"flagged_for_review is false and verification_score is 100. The rendered heading is on the expected page, so no flag is needed.",
2002_Service_Manual_TI,sec_0145,288,5.4-structural_source,PASS,,structural_source is 'toc'. The title '2. Electrohydraulic Control System' matches an embedded bookmark and is seen as a heading on p283.,
2002_Service_Manual_TI,sec_0145,288,5.6-numbering_scheme,PASS,,"Printed folios are chapter-prefixed arabic numbers (for example on this section's pages). numbering_scheme 'arabic' fits, and no roman or other scheme appears here.","The manual uses chapter folios like CO-7, LU-5, AT-12. This is the same for the whole manual and was accepted in earlier versions."
2002_Service_Manual_TI,sec_0145,288,5.6-offset_applied,PASS,,"offset_applied is 0. Heading '2. Electrohydraulic Control System' is seen on physical p283 (folio AT-7), equal to page_start=283. Sampled p288 shows folio AT-12, so the mapping holds.",
2002_Service_Manual_TI,sec_0145,288,5.6-table_content,PASS,,"Table #/tables/61 on p288 (2. VTD MODELS) has the header and all 22 rows, including the AWD multi-plate clutch (LSD) rows: Start control, Slip control, Base brake control, 1 range control. The text matches the render.",The table nodes are listed after the text nodes in semantic_order. The owner is right and nothing is lost.
2002_Service_Manual_TI,sec_0145,288,5.5-filters_discarding,PASS,,"Rendered p288 has no figure, only the table. I opened all 17 images of the section (img_0189 to img_0205). The p283 and p284 block diagrams are complete. The photos and valve-body drawings are complete.",Raster photos look white on black. Some callout numbers are only in text nodes.
2002_Service_Manual_TI,sec_0145,288,5.5-filters_passing_noise,FAIL,Low,"Vector img_0189 (p283, 1018x1093) contains the page folio 'AT-7' under the diagram. The folio is not part of the figure. The other vector image img_0190 (p284) has no folio. The diagram itself is complete. All other images (img_0191 to img_0205) have no folio or body text.","Old FAIL (BUG-010, v2.9): still present. Probably the vector crop box reaches the footer text. Boilerplate kept inside an image. Graded once for the section."
2002_Service_Manual_TI,sec_0145,288,5.5-image_section_mapping,PASS,,All 17 images of this section are on p283-284 and p290-297 and are mapped to sec_0145 (img_0189 to img_0205). No neighbour shares these pages. On p290 the two photos img_0191 (MPT) and img_0192 (VTD) sit under 'G: REAR VEHICLE SPEED SENSOR'.,
2002_Service_Manual_TI,sec_0146,301,5.4-hierarchy_level,PASS,,"The heading '3. Transmission Control Module (TCM)' (#/texts/4509 on p298) is printed as a numbered section heading. hierarchy_level is 4, and the parent is sec_0143 (AUTOMATIC TRANSMISSION, level 3). This matches the bookmark nesting.",
2002_Service_Manual_TI,sec_0146,301,5.4-parent_child,PASS,,"parent_section_id is sec_0143 (AUTOMATIC TRANSMISSION, level 3). The running header on p301 names the same chapter. child_sections is empty and the sub-headings (A:, B:, 1., 2.) stay inside this section.",
2002_Service_Manual_TI,sec_0146,301,5.4-page_start_end,PASS,,The section starts at #/texts/4509 on p298 and ends at #/texts/4922 'H3H0759A' and #/texts/4923 'AT-41' on p317. The declared range is p298-317. sec_0147 (4. On-board Diagnostics System) starts on p318. No running header of the next page is at the end of this section.,"Old FAIL (BUG-022, v2): now fixed. The next page's running header no longer ends this section."
2002_Service_Manual_TI,sec_0146,301,5.4-hierarchy_path,PASS,,The path ends with '3. Transmission Control Module (TCM)' under sec_0143. The page headers agree with each name in the path.,
2002_Service_Manual_TI,sec_0146,301,5.4-gaps_duplicates,PASS,,"semantic_order runs 4572-4996 (prev ends 4571, next starts 4997). No gap, no repeated node id. The text of p301 is read once.",
2002_Service_Manual_TI,sec_0146,301,5.4-flagged_for_review,PASS,,"flagged_for_review is false and verification_score is 100.0. The heading '3. Transmission Control Module (TCM)' is found on its declared page (#/texts/4509 on p298), so the flag is right.",
2002_Service_Manual_TI,sec_0146,301,5.4-structural_source,PASS,,structural_source is 'toc'. The bookmark for '3. Transmission Control Module (TCM)' points to p298 and the same heading is printed there.,
2002_Service_Manual_TI,sec_0146,301,5.6-numbering_scheme,PASS,,numbering_scheme is 'arabic'. The folio on this page is chapter-prefixed arabic (p298 is 'AT-22'). No roman or other scheme is seen in p298-317.,
2002_Service_Manual_TI,sec_0146,301,5.6-offset_applied,PASS,,offset_applied is 0. The bookmark targets are physical pages and the heading is printed on p298. No offset is needed.,
2002_Service_Manual_TI,sec_0146,301,5.6-table_content,PASS,,"On p301 the table #/tables/67 matches the render (AT-25). Group names 'Oil pressure control' and 'AWD multi-plate clutch (LSD) control' are in the first column. All 12 rows and their signal lists agree, including 'Base brake operating control', 'TCS-in-operation control' and 'VDC-in-operation control'.","PASS is for the p301 table only. The placeholder #/tables/68 (p303) and the flat table #/tables/65 (p299) are graded once, in the p300 row (FAIL Low), to avoid a double count. Tables of this section are listed after the text nodes (order 4989-4996), probably a known placement limit. Values are not changed."
2002_Service_Manual_TI,sec_0146,301,5.5-filters_discarding,PASS,,"Page 301 has only table #/tables/67 and no figure. The section figures on p302-317 (img_0206 to img_0220) are extracted; vector figures img_0206, img_0212, img_0213 and img_0216 cover the drawn diagrams. I opened all crops.",
2002_Service_Manual_TI,sec_0146,301,5.5-filters_passing_noise,PASS,,The images img_0206 to img_0220 are real figures. No decoration was kept as an image.,
2002_Service_Manual_TI,sec_0146,301,5.5-image_section_mapping,PASS,,"No image is on p301. All img_0206-img_0220 are on p302-317 inside this section, and no sibling shares those pages.",
2002_Service_Manual_TI,sec_0149,322,5.4-hierarchy_level,PASS,,"The heading '6. Transmission Mounting' (#/texts/4982 on p322) is printed as a numbered section heading. hierarchy_level is 4, and the parent is sec_0143 (AUTOMATIC TRANSMISSION, level 3). This matches the bookmark nesting.",
2002_Service_Manual_TI,sec_0149,322,5.4-parent_child,PASS,,"parent_section_id is sec_0143 (AUTOMATIC TRANSMISSION, level 3). The running header on p322 names the same chapter. child_sections is empty and the sub-headings (A:, B:, 1., 2.) stay inside this section.",
2002_Service_Manual_TI,sec_0149,322,5.4-page_start_end,PASS,,The section starts at #/texts/4982 on p322 and ends at #/texts/4990 'AT-46' on p322. The declared range is p322. sec_0150 (MANUAL TRANSMISSION AND DIFFERENTIAL) starts on p323. No running header of the next page is at the end of this section.,
2002_Service_Manual_TI,sec_0149,322,5.4-hierarchy_path,PASS,,The path ends with '6. Transmission Mounting' under sec_0143. The page headers agree with each name in the path.,
2002_Service_Manual_TI,sec_0149,322,5.4-gaps_duplicates,PASS,,"semantic_order runs 5055-5065 (prev ends 5054, next starts 5066). No gap, no repeated node id. The text of p322 is read once.",
2002_Service_Manual_TI,sec_0149,322,5.4-flagged_for_review,PASS,,"flagged_for_review is false and verification_score is 100.0. The heading '6. Transmission Mounting' is found on its declared page (#/texts/4982 on p322), so the flag is right.",
2002_Service_Manual_TI,sec_0149,322,5.4-structural_source,PASS,,structural_source is 'toc'. The bookmark for '6. Transmission Mounting' points to p322 and the same heading is printed there.,
2002_Service_Manual_TI,sec_0149,322,5.6-numbering_scheme,PASS,,numbering_scheme is 'arabic'. The folio on this page is chapter-prefixed arabic (p322 is 'AT-46'). No roman or other scheme is seen in p322.,
2002_Service_Manual_TI,sec_0149,322,5.6-offset_applied,PASS,,offset_applied is 0. The bookmark targets are physical pages and the heading is printed on p322. No offset is needed.,
2002_Service_Manual_TI,sec_0149,322,5.5-filters_discarding,PASS,,"The one figure on p322 (car with pitching stopper, cushion rubber, cross member) is extracted as img_0222 (2723x2093). I opened it. The full drawing is there. The labels (1)-(3) and the legend are kept as text nodes #/texts/4983-4989.",
2002_Service_Manual_TI,sec_0149,322,5.5-filters_passing_noise,PASS,,"img_0222 is the real figure. No rule or logo was kept as an image. The page header line is text, not an image.",
2002_Service_Manual_TI,sec_0149,322,5.5-image_section_mapping,PASS,,img_0222 (p322) is mapped to sec_0149. The heading '6. Transmission Mounting' is on the same page and no sibling shares p322.,
2002_Service_Manual_TI,sec_0152,328,5.4-hierarchy_level,PASS,,"The heading '2. Auxiliary Transmission Gears' (#/texts/5040 on p328) is printed as a numbered section heading. hierarchy_level is 4, and the parent is sec_0150 (MANUAL TRANSMISSION AND DIFFERENTIAL, level 3). This matches the bookmark nesting.",
2002_Service_Manual_TI,sec_0152,328,5.4-parent_child,PASS,,"parent_section_id is sec_0150 (MANUAL TRANSMISSION AND DIFFERENTIAL, level 3). The running header on p328 names the same chapter. child_sections is empty and the sub-headings (A:, B:, 1., 2.) stay inside this section.",
2002_Service_Manual_TI,sec_0152,328,5.4-page_start_end,PASS,,The section starts at #/texts/5040 on p328 and ends at #/texts/5055 'MEMO' and #/texts/5056 'MT-7' on p329. The declared range is p328-329. sec_0153 starts on p330. No running header of the next page is at the end of this section.,"Old FAIL (BUG-022, v2): now fixed. The next page's running header no longer ends this section."
2002_Service_Manual_TI,sec_0152,328,5.4-hierarchy_path,PASS,,The path ends with '2. Auxiliary Transmission Gears' under sec_0150. The page headers agree with each name in the path.,
2002_Service_Manual_TI,sec_0152,328,5.4-gaps_duplicates,PASS,,"semantic_order runs 5114-5132 (prev ends 5113, next starts 5133). No gap, no repeated node id. The text of p328 is read once.",
2002_Service_Manual_TI,sec_0152,328,5.4-flagged_for_review,PASS,,"flagged_for_review is false and verification_score is 100.0. The heading '2. Auxiliary Transmission Gears' is found on its declared page (#/texts/5040 on p328), so the flag is right.",
2002_Service_Manual_TI,sec_0152,328,5.4-structural_source,PASS,,structural_source is 'toc'. The bookmark for '2. Auxiliary Transmission Gears' points to p328 and the same heading is printed there.,
2002_Service_Manual_TI,sec_0152,328,5.6-numbering_scheme,PASS,,numbering_scheme is 'arabic'. The folio on this page is chapter-prefixed arabic (p328 is 'MT-6'). No roman or other scheme is seen in p328-329.,
2002_Service_Manual_TI,sec_0152,328,5.6-offset_applied,PASS,,offset_applied is 0. The bookmark targets are physical pages and the heading is printed on p328. No offset is needed.,
2002_Service_Manual_TI,sec_0152,328,5.5-filters_discarding,PASS,,"The one figure on p328 (S3H0216A gear drawing) is extracted as img_0225 (1606x1102). I opened it. It shows the whole drawing with labels (1)-(5). The drawing is cut at the bottom in the PDF page itself, and the crop matches. The legend is text (#/texts/5048-5050). p329 is a MEMO page with no figure.",
2002_Service_Manual_TI,sec_0152,328,5.5-filters_passing_noise,PASS,,img_0225 is the real figure. No decoration was kept as an image.,
2002_Service_Manual_TI,sec_0152,328,5.5-image_section_mapping,PASS,,"img_0225 (p328) is mapped to sec_0152, whose heading '2. Auxiliary Transmission Gears' is on p328. No sibling shares p328.",
2002_Service_Manual_TI,sec_0153,335,5.4-hierarchy_level,PASS,,"The heading '3. Reverse Check Mechanism' (#/texts/5058 on p330) is printed as a numbered section heading. hierarchy_level is 4, and the parent is sec_0150 (MANUAL TRANSMISSION AND DIFFERENTIAL, level 3). This matches the bookmark nesting.",
2002_Service_Manual_TI,sec_0153,335,5.4-parent_child,PASS,,"parent_section_id is sec_0150 (MANUAL TRANSMISSION AND DIFFERENTIAL, level 3). The running header on p335 names the same chapter. child_sections is empty and the sub-headings (A:, B:, 1., 2.) stay inside this section.",
2002_Service_Manual_TI,sec_0153,335,5.4-page_start_end,PASS,,The section starts at #/texts/5058 on p330 and ends at #/texts/5126 'B3H1011A' and #/texts/5127 'MT-13' on p335. The declared range is p330-335. sec_0154 (4. Center Differential) starts on p336. No running header of the next page is at the end of this section.,"Old FAIL (BUG-022, v2): now fixed. The next page's running header no longer ends this section."
2002_Service_Manual_TI,sec_0153,335,5.4-hierarchy_path,PASS,,The path ends with '3. Reverse Check Mechanism' under sec_0150. The page headers agree with each name in the path.,
2002_Service_Manual_TI,sec_0153,335,5.4-gaps_duplicates,PASS,,"semantic_order runs 5133-5203 (prev ends 5132, next starts 5204). No gap, no repeated node id. The text of p335 is read once.",
2002_Service_Manual_TI,sec_0153,335,5.4-flagged_for_review,PASS,,"flagged_for_review is false and verification_score is 100.0. The heading '3. Reverse Check Mechanism' is found on its declared page (#/texts/5058 on p330), so the flag is right.",
2002_Service_Manual_TI,sec_0153,335,5.4-structural_source,PASS,,structural_source is 'toc'. The bookmark for '3. Reverse Check Mechanism' points to p330 and the same heading is printed there.,
2002_Service_Manual_TI,sec_0153,335,5.6-numbering_scheme,PASS,,numbering_scheme is 'arabic'. The folio on this page is chapter-prefixed arabic (p335 is 'MT-13'). No roman or other scheme is seen in p330-335.,
2002_Service_Manual_TI,sec_0153,335,5.6-offset_applied,PASS,,offset_applied is 0. The bookmark targets are physical pages and the heading is printed on p330. No offset is needed.,
2002_Service_Manual_TI,sec_0153,335,5.5-filters_discarding,PASS,,Page 335 has one figure pair (B3H1011A). It is extracted as img_0231 (2161x1260). I opened it. Both views and labels (1)-(4) are there. The legend is text (#/texts/5124-5125).,
2002_Service_Manual_TI,sec_0153,335,5.5-filters_passing_noise,PASS,,img_0231 is the real figure. No decoration was kept as an image.,
2002_Service_Manual_TI,sec_0153,335,5.5-image_section_mapping,PASS,,"img_0231 (p335) is mapped to sec_0153. The next section sec_0154 starts on p336, so no sibling shares p335.",
2002_Service_Manual_TI,sec_0155,342,5.4-hierarchy_level,PASS,,"The heading '5. Transmission Mounting' (#/texts/5188 on p341) is printed as a numbered section heading. hierarchy_level is 4, and the parent is sec_0150 (MANUAL TRANSMISSION AND DIFFERENTIAL, level 3). This matches the bookmark nesting.",
2002_Service_Manual_TI,sec_0155,342,5.4-parent_child,PASS,,"parent_section_id is sec_0150 (MANUAL TRANSMISSION AND DIFFERENTIAL, level 3). The running header on p342 names the same chapter. child_sections is empty and the sub-headings (A:, B:, 1., 2.) stay inside this section.",
2002_Service_Manual_TI,sec_0155,342,5.4-page_start_end,PASS,,The section starts at #/texts/5188 on p341 and ends at #/texts/5199 'MEMO' and #/texts/5200 'MT-20' on p342. The declared range is p341-342. sec_0156 (CLUTCH) starts on p343. No running header of the next page is at the end of this section.,
2002_Service_Manual_TI,sec_0155,342,5.4-hierarchy_path,PASS,,The path ends with '5. Transmission Mounting' under sec_0150. The page headers agree with each name in the path.,
2002_Service_Manual_TI,sec_0155,342,5.4-gaps_duplicates,PASS,,"semantic_order runs 5262-5276 (prev ends 5261, next starts 5277). No gap, no repeated node id. The text of p342 is read once.",
2002_Service_Manual_TI,sec_0155,342,5.4-flagged_for_review,PASS,,"flagged_for_review is false and verification_score is 100.0. The heading '5. Transmission Mounting' is found on its declared page (#/texts/5188 on p341), so the flag is right.",
2002_Service_Manual_TI,sec_0155,342,5.4-structural_source,PASS,,structural_source is 'toc'. The bookmark for '5. Transmission Mounting' points to p341 and the same heading is printed there.,
2002_Service_Manual_TI,sec_0155,342,5.6-numbering_scheme,PASS,,numbering_scheme is 'arabic'. The folio on this page is chapter-prefixed arabic (p342 is 'MT-20'). No roman or other scheme is seen in p341-342.,
2002_Service_Manual_TI,sec_0155,342,5.6-offset_applied,PASS,,offset_applied is 0. The bookmark targets are physical pages and the heading is printed on p341. No offset is needed.,
2002_Service_Manual_TI,sec_0155,342,5.5-filters_discarding,PASS,,Page 342 is a MEMO page and has no figure. The section figure on p341 (B2H2491A) is extracted as img_0239 (4252x3328). I opened it. The full drawing is there. Labels (1)-(4) and the legend are text nodes #/texts/5189-5194.,
2002_Service_Manual_TI,sec_0155,342,5.5-filters_passing_noise,PASS,,img_0239 is the real figure. No decoration was kept as an image. The MEMO page has no image.,
2002_Service_Manual_TI,sec_0155,342,5.5-image_section_mapping,PASS,,"No image is on p342. img_0239 (p341) is mapped to sec_0155, whose heading '5. Transmission Mounting' is on p341.",
2002_Service_Manual_TI,sec_0158,348,5.4-hierarchy_level,PASS,,"The heading '2. Flywheel' (#/texts/5241 on p348) is printed as a numbered section heading. hierarchy_level is 4, and the parent is sec_0156 (CLUTCH, level 3). This matches the bookmark nesting.",
2002_Service_Manual_TI,sec_0158,348,5.4-parent_child,PASS,,"parent_section_id is sec_0156 (CLUTCH, level 3). The running header on p348 names the same chapter. child_sections is empty and the sub-headings (A:, B:, 1., 2.) stay inside this section.",
2002_Service_Manual_TI,sec_0158,348,5.4-page_start_end,PASS,,The section starts at #/texts/5241 on p348 and ends at #/texts/5264 'S2H0888B' and #/texts/5265 'CL-9' on p351. The declared range is p348-351. sec_0159 (3. Hydraulic Clutch Pedal System) starts on p352. No running header of the next page is at the end of this section.,"Old FAIL (BUG-022, v2): now fixed. The next page's running header no longer ends this section."
2002_Service_Manual_TI,sec_0158,348,5.4-hierarchy_path,PASS,,The path ends with '2. Flywheel' under sec_0156. The page headers agree with each name in the path.,
2002_Service_Manual_TI,sec_0158,348,5.4-gaps_duplicates,PASS,,"semantic_order runs 5315-5341 (prev ends 5314, next starts 5342). No gap, no repeated node id. The text of p348 is read once.",
2002_Service_Manual_TI,sec_0158,348,5.4-flagged_for_review,PASS,,"flagged_for_review is false and verification_score is 100.0. The heading '2. Flywheel' is found on its declared page (#/texts/5241 on p348), so the flag is right.",
2002_Service_Manual_TI,sec_0158,348,5.4-structural_source,PASS,,structural_source is 'toc'. The bookmark for '2. Flywheel' points to p348 and the same heading is printed there.,
2002_Service_Manual_TI,sec_0158,348,5.6-numbering_scheme,PASS,,numbering_scheme is 'arabic'. The folio on this page is chapter-prefixed arabic (p348 is 'CL-6'). No roman or other scheme is seen in p348-351.,
2002_Service_Manual_TI,sec_0158,348,5.6-offset_applied,PASS,,offset_applied is 0. The bookmark targets are physical pages and the heading is printed on p348. No offset is needed.,
2002_Service_Manual_TI,sec_0158,348,5.5-filters_discarding,PASS,,"Page 348 has text only. The figures of this section are on p349 (B2H3168B, img_0242) and p351 (S2H0888B, img_0243). I opened both. Each is a full drawing with labels (1)-(5). I also looked at p349 and p350 at low resolution. No other figure is missing.",
2002_Service_Manual_TI,sec_0158,348,5.5-filters_passing_noise,PASS,,img_0242 and img_0243 are real figures. No decoration was kept as an image.,
2002_Service_Manual_TI,sec_0158,348,5.5-image_section_mapping,PASS,,img_0242 (p349) and img_0243 (p351) are mapped to sec_0158 (p348-351). No sibling shares those pages.,
2002_Service_Manual_TI,sec_0160,355,5.4-hierarchy_level,PASS,,"p355 is a chapter title page for 'FRONT SUSPENSION' (#/texts/5297 'FRONT SUSPENSION' on p355). hierarchy_level is 3, the same as the other chapters, and the numbered child '1. Front Suspension' (sec_0161) is level 4.",
2002_Service_Manual_TI,sec_0160,355,5.4-parent_child,PASS,,parent_section_id is sec_0002 (NEW CAR INFORMATION SECTION). child_sections is ['sec_0161'] and that child is '1. Front Suspension' on p356-358. This matches the contents line on p355.,
2002_Service_Manual_TI,sec_0160,355,5.4-page_start_end,PASS,,"Own nodes #/texts/5297-5299 are the title, 'FS' and the contents line, all on p355. page_end 358 is the span of the child sec_0161. The running header of p356 is not in this section.","Old FAIL (BUG-022, v2): now fixed. The next page's running header no longer ends this section."
2002_Service_Manual_TI,sec_0160,355,5.4-hierarchy_path,PASS,,The path is '/2002 LEGACY SERVICE MANUAL/NEW CAR INFORMATION SECTION/FRONT SUSPENSION'. The title on p355 matches the last name.,
2002_Service_Manual_TI,sec_0160,355,5.4-gaps_duplicates,PASS,,"semantic_order runs 5373-5375 (prev ends 5372, next starts 5376). No gap, no repeated node id. The text of p355 is read once.",
2002_Service_Manual_TI,sec_0160,355,5.4-flagged_for_review,PASS,,"flagged_for_review is false and verification_score is 100.0. The heading 'FRONT SUSPENSION' is found on its declared page (#/texts/5297 'FRONT SUSPENSION' on p355), so the flag is right.",
2002_Service_Manual_TI,sec_0160,355,5.4-structural_source,PASS,,structural_source is 'toc'. The bookmark for 'FRONT SUSPENSION' points to p355 and the same heading is printed there.,
2002_Service_Manual_TI,sec_0160,355,5.6-numbering_scheme,PASS,,numbering_scheme is 'arabic'. p355 is an unnumbered chapter title page. The chapter body uses 'FS-n' folios (p358 shows 'FS-4').,
2002_Service_Manual_TI,sec_0160,355,5.6-offset_applied,PASS,,"offset_applied is 0. The title 'FRONT SUSPENSION' is printed on physical p355, the declared page_start.",
2002_Service_Manual_TI,sec_0160,355,5.5-filters_discarding,PASS,,"Page 355 is a chapter title page with the text 'FRONT SUSPENSION', 'FS' and one contents line. It has no figure. The black round tab at the right edge is decoration and was not extracted. The section has no images in images.json.",
2002_Service_Manual_TI,sec_0160,355,5.5-filters_passing_noise,PASS,,No image was kept for this page. The black tab and the title rule are not in the output.,
2002_Service_Manual_TI,sec_0160,355,5.5-image_section_mapping,PASS,,"No image belongs to p355. The first figure of the chapter is in the child sec_0161, not in this section.",
2002_Service_Manual_TI,sec_0163,362,5.4-hierarchy_level,PASS,,"The heading '1. Rear Suspension' (#/texts/5327 on p360) is printed as a numbered section heading. hierarchy_level is 4, and the parent is sec_0162 (REAR SUSPENSION, level 3). This matches the bookmark nesting.",
2002_Service_Manual_TI,sec_0163,362,5.4-parent_child,PASS,,parent_section_id is sec_0162 (REAR SUSPENSION). The chapter title on p359 and the page header on p362 ('REAR SUSPENSION') agree. child_sections is empty and no sub-heading starts a new numbered section.,
2002_Service_Manual_TI,sec_0163,362,5.4-page_start_end,PASS,,The section starts at #/texts/5327 on p360 and ends at #/texts/5352 'MEMO' and #/texts/5353 'RS-4' on p362. The declared range is p360-362. sec_0164 (DIFFERENTIALS) starts on p363. No running header of the next page is at the end of this section.,
2002_Service_Manual_TI,sec_0163,362,5.4-hierarchy_path,PASS,,The path ends with '1. Rear Suspension' under sec_0162. The page headers agree with each name in the path.,
2002_Service_Manual_TI,sec_0163,362,5.4-gaps_duplicates,PASS,,"semantic_order runs 5401-5430 (prev ends 5400, next starts 5431). No gap, no repeated node id. The text of p362 is read once. The table #/tables/75 (p361) is listed last, after the p362 nodes, but it is not repeated or lost.",
2002_Service_Manual_TI,sec_0163,362,5.4-flagged_for_review,PASS,,"flagged_for_review is false and verification_score is 100.0. The heading '1. Rear Suspension' is found on its declared page (#/texts/5327 on p360), so the flag is right.",
2002_Service_Manual_TI,sec_0163,362,5.4-structural_source,PASS,,structural_source is 'toc'. The bookmark for '1. Rear Suspension' points to p360 and the same heading is printed there.,
2002_Service_Manual_TI,sec_0163,362,5.6-numbering_scheme,PASS,,numbering_scheme is 'arabic'. The folio on this page is chapter-prefixed arabic (p362 is 'RS-4'). No roman or other scheme is seen in p360-362.,
2002_Service_Manual_TI,sec_0163,362,5.6-offset_applied,PASS,,offset_applied is 0. The bookmark targets are physical pages and the heading is printed on p360. No offset is needed.,
2002_Service_Manual_TI,sec_0163,362,5.6-table_content,PASS,,"The table #/tables/75 is on p361 (the MEMO page p362 has none). It has 3 columns and 9 data rows (Rear arm to Support subframe front). I rendered p361 and compared it. Every cell text and column agrees. The only change is the hyphen split 'im- pact' and 'ab- sorber', which is in the printed page too.","The table is listed after the p362 nodes (semantic_order 5430), not at its place on p361. It is still in the right section and no value is lost."
2002_Service_Manual_TI,sec_0163,362,5.5-filters_discarding,PASS,,"Page 362 is a MEMO page with no figure. The section figure on p360 (B4H2559A, rear suspension) is a vector drawing. It is extracted as img_0248 (524x459, origin vector). I opened it. The full drawing and labels (1)-(10) are in the crop. A raster image is not needed for it.",
2002_Service_Manual_TI,sec_0163,362,5.5-filters_passing_noise,PASS,,img_0248 is the real figure. No decoration was kept as an image.,
2002_Service_Manual_TI,sec_0163,362,5.5-image_section_mapping,PASS,,"img_0248 (p360) is mapped to sec_0163, whose heading '1. Rear Suspension' is on p360. No sibling shares p360.",
2002_Service_Manual_TI,sec_0166,368,5.4-hierarchy_level,PASS,,"The heading '2. Limited Slip Differential (LSD)' (#/texts/5374 on p366) is printed as a numbered section heading. hierarchy_level is 4, and the parent is sec_0164 (DIFFERENTIALS, level 3). This matches the bookmark nesting.",
2002_Service_Manual_TI,sec_0166,368,5.4-parent_child,PASS,,"parent_section_id is sec_0164 (DIFFERENTIALS, level 3). The running header on p368 names the same chapter. child_sections is empty and the sub-headings (A:, B:, 1., 2.) stay inside this section.",
2002_Service_Manual_TI,sec_0166,368,5.4-page_start_end,PASS,,The section starts at #/texts/5374 on p366 and ends at #/texts/5413 'MEMO' and #/texts/5414 'DI-8' on p370. The declared range is p366-370. sec_0167 (DRIVE SHAFT SYSTEM) starts on p371. No running header of the next page is at the end of this section.,
2002_Service_Manual_TI,sec_0166,368,5.4-hierarchy_path,PASS,,The path ends with '2. Limited Slip Differential (LSD)' under sec_0164. The page headers agree with each name in the path.,
2002_Service_Manual_TI,sec_0166,368,5.4-gaps_duplicates,PASS,,"semantic_order runs 5449-5491 (prev ends 5448, next starts 5492). No gap, no repeated node id. The text of p368 is read once.",
2002_Service_Manual_TI,sec_0166,368,5.4-flagged_for_review,PASS,,"flagged_for_review is false and verification_score is 100.0. The heading '2. Limited Slip Differential (LSD)' is found on its declared page (#/texts/5374 on p366), so the flag is right.",
2002_Service_Manual_TI,sec_0166,368,5.4-structural_source,PASS,,structural_source is 'toc'. The bookmark for '2. Limited Slip Differential (LSD)' points to p366 and the same heading is printed there.,
2002_Service_Manual_TI,sec_0166,368,5.6-numbering_scheme,PASS,,numbering_scheme is 'arabic'. The folio on this page is chapter-prefixed arabic (p368 is 'DI-6'). No roman or other scheme is seen in p366-370.,
2002_Service_Manual_TI,sec_0166,368,5.6-offset_applied,PASS,,offset_applied is 0. The bookmark targets are physical pages and the heading is printed on p366. No offset is needed.,
2002_Service_Manual_TI,sec_0166,368,5.5-filters_discarding,PASS,,"Page 368 has one figure (S3H0176, left wheel spins, big arrow to the right wheel). It is extracted as img_0253 (2080x1631). I opened it. The thick and thin arrows match the page. The figures of p366, p367 and p369 are img_0251, img_0252 and img_0254.",
2002_Service_Manual_TI,sec_0166,368,5.5-filters_passing_noise,PASS,,img_0253 is the real figure. No decoration was kept as an image.,
2002_Service_Manual_TI,sec_0166,368,5.5-image_section_mapping,PASS,,img_0253 (p368) is mapped to sec_0166 (p366-370). The heading 'When left wheel spins' (#/texts/5401) is on the same page. No sibling shares p368.,
2002_Service_Manual_TI,sec_0169,375,5.4-hierarchy_level,PASS,,"The heading '2. Front Axle' (#/texts/5435 on p374) is printed as a numbered section heading. hierarchy_level is 4, and the parent is sec_0167 (DRIVE SHAFT SYSTEM, level 3). This matches the bookmark nesting.",
2002_Service_Manual_TI,sec_0169,375,5.4-parent_child,PASS,,"parent_section_id is sec_0167 (DRIVE SHAFT SYSTEM, level 3). The running header on p375 names the same chapter. child_sections is empty and the sub-headings (A:, B:, 1., 2.) stay inside this section.",
2002_Service_Manual_TI,sec_0169,375,5.4-page_start_end,PASS,,The section starts at #/texts/5435 on p374 and ends at #/texts/5461 'B4H2193B' and #/texts/5463 'DS-5' on p375. The declared range is p374-375. sec_0170 (3. Rear Axle) starts on p376. No running header of the next page is at the end of this section.,"Old FAIL (BUG-022, v2): now fixed. The next page's running header no longer ends this section."
2002_Service_Manual_TI,sec_0169,375,5.4-hierarchy_path,PASS,,The path ends with '2. Front Axle' under sec_0167. The page headers agree with each name in the path.,
2002_Service_Manual_TI,sec_0169,375,5.4-gaps_duplicates,PASS,,"semantic_order runs 5510-5540 (prev ends 5509, next starts 5541). No gap, no repeated node id. The text of p375 is read once.",
2002_Service_Manual_TI,sec_0169,375,5.4-flagged_for_review,PASS,,"flagged_for_review is false and verification_score is 100.0. The heading '2. Front Axle' is found on its declared page (#/texts/5435 on p374), so the flag is right.",
2002_Service_Manual_TI,sec_0169,375,5.4-structural_source,PASS,,structural_source is 'toc'. The bookmark for '2. Front Axle' points to p374 and the same heading is printed there.,
2002_Service_Manual_TI,sec_0169,375,5.6-numbering_scheme,PASS,,numbering_scheme is 'arabic'. The folio on this page is chapter-prefixed arabic (p375 is 'DS-5'). No roman or other scheme is seen in p374-375.,
2002_Service_Manual_TI,sec_0169,375,5.6-offset_applied,PASS,,offset_applied is 0. The bookmark targets are physical pages and the heading is printed on p374. No offset is needed.,
2002_Service_Manual_TI,sec_0169,375,5.5-filters_discarding,PASS,,Page 375 has two figures: B4H2192A (axle housing) and B4H2193B (drive shaft). They are extracted as img_0256 (1417x1654) and img_0257 (2520x654). I opened both. Each is a full drawing with all labels in the crop.,
2002_Service_Manual_TI,sec_0169,375,5.5-filters_passing_noise,PASS,,img_0256 and img_0257 are real figures. No decoration was kept as an image.,
2002_Service_Manual_TI,sec_0169,375,5.5-image_section_mapping,PASS,,"Both images (p375) are mapped to sec_0169, whose headings 'A: GENERAL' and 'B: FRONT DRIVE SHAFT' are on p374-375. No sibling shares p375.",
2002_Service_Manual_TI,sec_0172,382,5.4-hierarchy_level,PASS,,"On p382 (ABS-4), '1. Anti-lock Brake System (ABS)' is printed as a numbered main heading under the ABS chapter. The tree has sec_0172 at level 4, below level 3 (chapter) and level 2 (NEW CAR INFORMATION SECTION). This matches the bookmark nesting.",
2002_Service_Manual_TI,sec_0172,382,5.4-parent_child,PASS,,"parent_section_id is ABS (sec_0171). It has no children, and none is expected: the printed subsections (A:, B:, ...) are headings inside the section. The PDF structure agrees: 1. Anti-lock Brake System (ABS) sits inside that chapter.",
2002_Service_Manual_TI,sec_0172,382,5.4-page_start_end,PASS,,sec_0172 is declared as pages 380-398. The nodes start at 5503 on p380 with heading 1. Anti-lock Brake System (ABS) (5505). The last nodes are 5738-5744 on p398 (heading H: G SENSOR and folio ABS-20). The next section sec_0173 (VDC) starts on p399. The nodes between belong to this section.,
2002_Service_Manual_TI,sec_0172,382,5.4-hierarchy_path,PASS,,The hierarchy_path is 2002 LEGACY SERVICE MANUAL > NEW CAR INFORMATION SECTION > ABS > 1. Anti-lock Brake System (ABS). It is the correct ordered path from the root. It agrees with the page headers (ABS) and the chapter bookmarks.,
2002_Service_Manual_TI,sec_0172,382,5.4-gaps_duplicates,PASS,,sec_0172 appears once. Its pages 380-398 do not overlap the previous or next sibling. No page gap was found around it. The sampled p382 content is in this section only.,
2002_Service_Manual_TI,sec_0172,382,5.4-flagged_for_review,PASS,,"sec_0172 has flagged_for_review = false and verification_score 100. The title '1. Anti-lock Brake System (ABS)' is visible on its first page, so no uncertain boundary needs checking.",
2002_Service_Manual_TI,sec_0172,382,5.4-structural_source,PASS,,sec_0172 has structural_source = toc. The title is a real bookmark and it matches the printed heading on its first page. No inferred structure here.,
2002_Service_Manual_TI,sec_0172,382,5.6-numbering_scheme,PASS,,On p382 the printed folio is ABS-4: a chapter prefix and an arabic number. The tree uses numbering_scheme = arabic. This is correct.,
2002_Service_Manual_TI,sec_0172,382,5.6-offset_applied,PASS,,"offset_applied is 0, like the neighbouring sections. Page p382 shows folio ABS-4 and the heading found at the declared page_start 380. The mapping is plausible.",
2002_Service_Manual_TI,sec_0172,382,5.6-table_content,PASS,,"No table is printed on p382. The legend is plain text lines, not a table. The section table (#/tables/76) is on p381 and matches the page.",
2002_Service_Manual_TI,sec_0172,382,5.5-filters_discarding,PASS,,img_0261 (origin vector) is mapped to sec_0172 on p382. It shows the whole wiring diagram B4H0580A with callouts (1)-(26). Nothing is cut. The legend is in nodes 5554-5564. Nothing meaningful was discarded.,"The figure is a vector image (origin vector). Any raster check should use img_0261 on p382, which covers the whole diagram."
2002_Service_Manual_TI,sec_0172,382,5.5-filters_passing_noise,PASS,,"img_0261 holds only the diagram. The callout numbers are also kept as short text nodes (5527-5552) and the figure code B4H0580A is typed as a heading (5553). This is small noise, probably from the vector figure text. The retrieval meaning is not harmed.",
2002_Service_Manual_TI,sec_0172,382,5.5-image_section_mapping,PASS,,img_0261 (origin vector) is mapped to sec_0172 on p382. It shows the whole wiring diagram B4H0580A with callouts (1)-(26). Nothing is cut. The legend is in nodes 5554-5564. The images on this page are in the right section.,"The figure is a vector image (origin vector). Any raster check should use img_0261 on p382, which covers the whole diagram."
2002_Service_Manual_TI,sec_0174,402,5.4-hierarchy_level,PASS,,"On p402 (VDC-4), '1. Vehicle Dynamics Control (VDC) System' is printed as a numbered main heading under the VDC chapter. The tree has sec_0174 at level 4, below level 3 (chapter) and level 2 (NEW CAR INFORMATION SECTION). This matches the bookmark nesting.",
2002_Service_Manual_TI,sec_0174,402,5.4-parent_child,PASS,,"parent_section_id is VDC (sec_0173). It has no children, and none is expected: the printed subsections (A:, B:, ...) are headings inside the section. The PDF structure agrees: 1. Vehicle Dynamics Control (VDC) System sits inside that chapter.",
2002_Service_Manual_TI,sec_0174,402,5.4-page_start_end,PASS,,"sec_0174 is declared as pages 400-420. The nodes start at 5748 on p400 with heading 1. Vehicle Dynamics Control (VDC) System (5750). The last nodes are 6040-6041 on p420 (MEMO page, folio VDC-22). The next section sec_0175 (BRAKES) starts on p421. The nodes between belong to this section.",
2002_Service_Manual_TI,sec_0174,402,5.4-hierarchy_path,PASS,,The hierarchy_path is 2002 LEGACY SERVICE MANUAL > NEW CAR INFORMATION SECTION > VDC > 1. Vehicle Dynamics Control (VDC) System. It is the correct ordered path from the root. It agrees with the page headers (VDC) and the chapter bookmarks.,
2002_Service_Manual_TI,sec_0174,402,5.4-gaps_duplicates,PASS,,sec_0174 appears once. Its pages 400-420 do not overlap the previous or next sibling. No page gap was found around it. The sampled p402 content is in this section only.,
2002_Service_Manual_TI,sec_0174,402,5.4-flagged_for_review,PASS,,sec_0174 has flagged_for_review = false and verification_score 100. The title and the start on p400 are visible. The MEMO page p420 is the last page.,
2002_Service_Manual_TI,sec_0174,402,5.4-structural_source,PASS,,sec_0174 has structural_source = toc. The title is a real bookmark and it matches the printed heading on its first page. No inferred structure here.,
2002_Service_Manual_TI,sec_0174,402,5.6-numbering_scheme,PASS,,On p402 the printed folio is VDC-4: a chapter prefix and an arabic number. The tree uses numbering_scheme = arabic. This is correct.,
2002_Service_Manual_TI,sec_0174,402,5.6-offset_applied,PASS,,"offset_applied is 0, like the neighbouring sections. Page p402 shows folio VDC-4 and the heading found at the declared page_start 400. The mapping is plausible.",
2002_Service_Manual_TI,sec_0174,402,5.6-table_content,PASS,,"Table #/tables/78 (node /78) has 3 rows and 2 columns: VDC function, TCS function, ABS function. Row names and texts match the printed table. Cell texts are complete.",
2002_Service_Manual_TI,sec_0174,402,5.5-filters_discarding,PASS,,"No figure is printed on p402. It has one table and bullet text. No image is mapped to this page, and nothing was dropped. Nothing meaningful was discarded.",
2002_Service_Manual_TI,sec_0174,402,5.5-filters_passing_noise,PASS,,"No image is mapped to p402, so no noise image was kept.",
2002_Service_Manual_TI,sec_0174,402,5.5-image_section_mapping,PASS,,"No figure is printed on p402. It has one table and bullet text. No image is mapped to this page, and nothing was dropped. No image should be mapped to sec_0174 for this page, and none is.",
2002_Service_Manual_TI,sec_0176,422,5.4-hierarchy_level,PASS,,"On p422 (BR-2), '1. Front and Rear Disc Brakes' is printed as a numbered main heading under the BRAKES chapter. The tree has sec_0176 at level 4, below level 3 (chapter) and level 2 (NEW CAR INFORMATION SECTION). This matches the bookmark nesting.",
2002_Service_Manual_TI,sec_0176,422,5.4-parent_child,PASS,,"parent_section_id is BRAKES (sec_0175). It has no children, and none is expected: the printed subsections (A:, B:, ...) are headings inside the section. The PDF structure agrees: 1. Front and Rear Disc Brakes sits inside that chapter.",
2002_Service_Manual_TI,sec_0176,422,5.4-page_start_end,PASS,,sec_0176 is declared as pages 422-423. The nodes start at 6044 on p422 with heading 1. Front and Rear Disc Brakes (6046). The last node is 6064 (folio BR-3) on p423. No p424 header nodes are included. The next section sec_0177 starts on p424. The nodes between belong to this section.,"Old FAIL (BUG-022, v2): now fixed. The section now ends with node 6064 (folio BR-3) on p423. The p424 running header 'Brakes' and 'MASTER CYLINDER' are no longer included."
2002_Service_Manual_TI,sec_0176,422,5.4-hierarchy_path,PASS,,The hierarchy_path is 2002 LEGACY SERVICE MANUAL > NEW CAR INFORMATION SECTION > BRAKES > 1. Front and Rear Disc Brakes. It is the correct ordered path from the root. It agrees with the page headers (Brakes) and the chapter bookmarks.,
2002_Service_Manual_TI,sec_0176,422,5.4-gaps_duplicates,PASS,,sec_0176 appears once. Its pages 422-423 do not overlap the previous or next sibling. No page gap was found around it. The sampled p422 content is in this section only.,
2002_Service_Manual_TI,sec_0176,422,5.4-flagged_for_review,PASS,,"sec_0176 has flagged_for_review = false and verification_score 100. The title '1. Front and Rear Disc Brakes' is visible on its first page, so no uncertain boundary needs checking.",
2002_Service_Manual_TI,sec_0176,422,5.4-structural_source,PASS,,sec_0176 has structural_source = toc. The title is a real bookmark and it matches the printed heading on its first page. No inferred structure here.,
2002_Service_Manual_TI,sec_0176,422,5.6-numbering_scheme,PASS,,On p422 the printed folio is BR-2: a chapter prefix and an arabic number. The tree uses numbering_scheme = arabic. This is correct.,
2002_Service_Manual_TI,sec_0176,422,5.6-offset_applied,PASS,,"offset_applied is 0, like the neighbouring sections. Page p422 shows folio BR-2 and the heading found at the declared page_start 422. The mapping is plausible.",
2002_Service_Manual_TI,sec_0176,422,5.5-filters_discarding,PASS,,img_0283 is mapped to sec_0176 on p422. It holds both drawings of B4H2195C (caliper and hub section) with callouts (1)-(4). Nothing is cut. The legend is in nodes 6051-6052. Nothing meaningful was discarded.,
2002_Service_Manual_TI,sec_0176,422,5.5-filters_passing_noise,PASS,,"img_0283 holds only the two drawings with their callouts. The header, folio BR-2 and legend are not images.",
2002_Service_Manual_TI,sec_0176,422,5.5-image_section_mapping,PASS,,img_0283 is mapped to sec_0176 on p422. It holds both drawings of B4H2195C (caliper and hub section) with callouts (1)-(4). Nothing is cut. The legend is in nodes 6051-6052. The images on this page are in the right section.,
2002_Service_Manual_TI,sec_0179,428,5.4-hierarchy_level,PASS,,"On p428 (BR-8), '4. Proportioning Valve' is printed as a numbered main heading under the BRAKES chapter. The tree has sec_0179 at level 4, below level 3 (chapter) and level 2 (NEW CAR INFORMATION SECTION). This matches the bookmark nesting.",
2002_Service_Manual_TI,sec_0179,428,5.4-parent_child,PASS,,"parent_section_id is BRAKES (sec_0175). It has no children, and none is expected: the printed subsections (A:, B:, ...) are headings inside the section. The PDF structure agrees: 4. Proportioning Valve sits inside that chapter.",
2002_Service_Manual_TI,sec_0179,428,5.4-page_start_end,PASS,,"sec_0179 is declared as pages 428-430. The nodes start at 6107 on p428 with heading 4. Proportioning Valve (6109). The last node is 6137 (folio BR-10) on p430. No p431 header nodes (HILL HOLDER, Brakes) are included. The next section sec_0180 starts on p431. The nodes between belong to this section.","Old FAIL (BUG-022, v2): now fixed. The section now ends with node 6137 (folio BR-10) on p430. The p431 running header 'HILL HOLDER' and 'Brakes' are no longer included."
2002_Service_Manual_TI,sec_0179,428,5.4-hierarchy_path,PASS,,The hierarchy_path is 2002 LEGACY SERVICE MANUAL > NEW CAR INFORMATION SECTION > BRAKES > 4. Proportioning Valve. It is the correct ordered path from the root. It agrees with the page headers (Brakes) and the chapter bookmarks.,
2002_Service_Manual_TI,sec_0179,428,5.4-gaps_duplicates,PASS,,sec_0179 appears once. Its pages 428-430 do not overlap the previous or next sibling. No page gap was found around it. The sampled p428 content is in this section only.,
2002_Service_Manual_TI,sec_0179,428,5.4-flagged_for_review,PASS,,"sec_0179 has flagged_for_review = false and verification_score 100. The title '4. Proportioning Valve' is visible on its first page, so no uncertain boundary needs checking.",
2002_Service_Manual_TI,sec_0179,428,5.4-structural_source,PASS,,sec_0179 has structural_source = toc. The title is a real bookmark and it matches the printed heading on its first page. No inferred structure here.,
2002_Service_Manual_TI,sec_0179,428,5.6-numbering_scheme,PASS,,On p428 the printed folio is BR-8: a chapter prefix and an arabic number. The tree uses numbering_scheme = arabic. This is correct.,
2002_Service_Manual_TI,sec_0179,428,5.6-offset_applied,PASS,,"offset_applied is 0, like the neighbouring sections. Page p428 shows folio BR-8 and the heading found at the declared page_start 428. The mapping is plausible.",
2002_Service_Manual_TI,sec_0179,428,5.5-filters_discarding,PASS,,"img_0289 and img_0290 are mapped to sec_0179 on p428. They are the two pressure graphs (VDC model, B4H2221C, and Except VDC model, B4H1942B). Axis values and the split point lines are complete. The labels VDC model and Except VDC model are heading nodes 6111-6112. Nothing meaningful was discarded.",
2002_Service_Manual_TI,sec_0179,428,5.5-filters_passing_noise,PASS,,"img_0289 and img_0290 hold only the graphs and their axis text, which is part of the figure. The folio BR-8 is not an image.",
2002_Service_Manual_TI,sec_0179,428,5.5-image_section_mapping,PASS,,"img_0289 and img_0290 are mapped to sec_0179 on p428. They are the two pressure graphs (VDC model, B4H2221C, and Except VDC model, B4H1942B). Axis values and the split point lines are complete. The labels VDC model and Except VDC model are heading nodes 6111-6112. The images on this page are in the right section.",
2002_Service_Manual_TI,sec_0180,435,5.4-hierarchy_level,PASS,,"On p435 (precautions page, folio BR-15) the heading is a numbered sub-topic of its chapter. '5. Hill Holder' has hierarchy_level 4, the same as its siblings and one below its chapter level 3.",
2002_Service_Manual_TI,sec_0180,435,5.4-parent_child,PASS,,"sec_0180 has parent_section_id sec_0175 (BRAKES) and no children. The p435 content is one topic of that chapter, so the link is right. Neighbours are sec_0179 (p428-430) and sec_0181 PARKING BRAKE (p437).",
2002_Service_Manual_TI,sec_0180,435,5.4-page_start_end,PASS,,"sec_0180 covers p431-436. Page shows heading 'B: OPERATIONAL PRECAUTIONS' and eight bullets, then blank space. Nodes #/texts/6185-6196 hold the heading, all eight bullets and BR-15. All nodes of p435 are in sec_0180. The section ends on p436 (a MEMO page, nodes 6197-6200). sec_0181 PARKING BRAKE starts on p437, so no next-chapter text is absorbed.",
2002_Service_Manual_TI,sec_0180,435,5.4-hierarchy_path,PASS,,"hierarchy_path is /2002 LEGACY SERVICE MANUAL/NEW CAR INFORMATION SECTION/BRAKES/5. Hill Holder. The printed header on p435 reads the same: chapter name, then the topic.",
2002_Service_Manual_TI,sec_0180,435,5.4-gaps_duplicates,PASS,,"On p435 every text block and figure appears once and only in sec_0180. No node is repeated in a neighbour, and no text on the page is missing from the nodes.",
2002_Service_Manual_TI,sec_0180,435,5.4-flagged_for_review,PASS,,"sec_0180 has flagged_for_review false and verification_score 100. The heading is on the expected page, so no flag is needed.",
2002_Service_Manual_TI,sec_0180,435,5.4-structural_source,PASS,,structural_source is 'toc'. The bookmark title '5. Hill Holder' matches the printed heading on p431. The bookmark page also matches the render.,
2002_Service_Manual_TI,sec_0180,435,5.6-numbering_scheme,PASS,,"The printed folio on p435 is BR-n (chapter prefix plus a number). The section says 'arabic'. The numbers are arabic and the PDF page is used for page_start and page_end, so this is acceptable.",The folio has a chapter prefix. The scheme 'arabic' is probably accepted for this manual.
2002_Service_Manual_TI,sec_0180,435,5.6-offset_applied,PASS,,"offset_applied is 0. Physical p435 shows the folio of this chapter (precautions page, folio BR-15), and the bookmark pages are physical pages. So no offset is needed.",
2002_Service_Manual_TI,sec_0180,435,5.5-filters_discarding,PASS,,p435 has no picture and none was extracted. This is correct. No figure on p435 was dropped by a filter.,
2002_Service_Manual_TI,sec_0180,435,5.5-filters_passing_noise,FAIL,Low,"img_0300 (p437, origin vector, 1138x102) is kept as an image of sec_0180. It is the title band of the next chapter PARKING BRAKE with a one-line contents entry '1. Parking Brake ... 2'. It is page decoration, not a figure.","The band is probably drawn with vector paths and passes the filter. It is also on p437, outside sec_0180 (p431-436), so it is mapped to the wrong section. Low because no useful figure is lost. Same defect counted once here, not on the other sec_0180 rows."
2002_Service_Manual_TI,sec_0180,435,5.5-image_section_mapping,PASS,,p435 has no picture and none was extracted. This is correct. No picture belongs to p435. See the noise row: img_0300 on p437 is mapped to sec_0180 but belongs to sec_0181.,
2002_Service_Manual_TI,sec_0184,442,5.4-hierarchy_level,PASS,,"On p442 (tilt mechanism page, folio PS-2) the heading is a numbered sub-topic of its chapter. '1. Tilt Steering Column' has hierarchy_level 4, the same as its siblings and one below its chapter level 3.",
2002_Service_Manual_TI,sec_0184,442,5.4-parent_child,PASS,,"sec_0184 has parent_section_id sec_0183 (POWER ASSISTED SYSTEM) and no children. The p442 content is one topic of that chapter, so the link is right. Neighbours are sec_0183 and sec_0185 (p445).",
2002_Service_Manual_TI,sec_0184,442,5.4-page_start_end,PASS,,"sec_0184 covers p442-444. Page shows heading '1. Tilt Steering Column', sub-heading 'A: TILT MECHANISM', one bullet, one figure (B4H1716B) and a two-item legend. Nodes #/texts/6240-6249 hold all of it. Both legend items are in sec_0184: '(1)' and 'Tilt steering column' (6245, 6247) and '(2)' and 'Tilt lever' (6244, 6248). The section ends with PS-4 on p444, not with the p445 header.","Old FAIL (BUG-023, v2): now fixed. The legend item '(1) Tilt steering column' is now in sec_0184."
2002_Service_Manual_TI,sec_0184,442,5.4-hierarchy_path,PASS,,"hierarchy_path is .../POWER ASSISTED SYSTEM (POWER STEERING)/1. Tilt Steering Column. The printed header on p442 reads the same: chapter name, then the topic.",
2002_Service_Manual_TI,sec_0184,442,5.4-gaps_duplicates,PASS,,"On p442 every text block and figure appears once and only in sec_0184. No node is repeated in a neighbour, and no text on the page is missing from the nodes.",
2002_Service_Manual_TI,sec_0184,442,5.4-flagged_for_review,PASS,,"sec_0184 has flagged_for_review false and verification_score 100. The heading is on the expected page, so no flag is needed.",
2002_Service_Manual_TI,sec_0184,442,5.4-structural_source,PASS,,structural_source is 'toc'. The bookmark title '1. Tilt Steering Column' matches the printed heading on p442. The bookmark page also matches the render.,
2002_Service_Manual_TI,sec_0184,442,5.6-numbering_scheme,PASS,,"The printed folio on p442 is PS-n (chapter prefix plus a number). The section says 'arabic'. The numbers are arabic and the PDF page is used for page_start and page_end, so this is acceptable.",The folio has a chapter prefix. The scheme 'arabic' is probably accepted for this manual.
2002_Service_Manual_TI,sec_0184,442,5.6-offset_applied,PASS,,"offset_applied is 0. Physical p442 shows the folio of this chapter (tilt mechanism page, folio PS-2), and the bookmark pages are physical pages. So no offset is needed.",
2002_Service_Manual_TI,sec_0184,442,5.5-filters_discarding,PASS,,img_0304 (p442) is the whole tilt column drawing with the 20 mm and 15 mm labels. Nothing is cut. No figure on p442 was dropped by a filter.,
2002_Service_Manual_TI,sec_0184,442,5.5-filters_passing_noise,PASS,,"On p442 the extracted pictures are content figures. No logo, rule or page-number strip was kept as an image.",
2002_Service_Manual_TI,sec_0184,442,5.5-image_section_mapping,PASS,,"img_0304 (p442) is the whole tilt column drawing with the 20 mm and 15 mm labels. Nothing is cut. On p442 each picture is mapped to sec_0184, which owns the page.",
2002_Service_Manual_TI,sec_0185,448,5.4-hierarchy_level,PASS,,"On p448 (gearbox page, folio PS-8) the heading is a numbered sub-topic of its chapter. '2. Power Steering System' has hierarchy_level 4, the same as its siblings and one below its chapter level 3.",
2002_Service_Manual_TI,sec_0185,448,5.4-parent_child,PASS,,"sec_0185 has parent_section_id sec_0183 (POWER ASSISTED SYSTEM) and no children. The p448 content is one topic of that chapter, so the link is right. Neighbours are sec_0184 (p442-444) and sec_0186 HVAC SYSTEM (p473).",
2002_Service_Manual_TI,sec_0185,448,5.4-page_start_end,PASS,,"sec_0185 covers p445-472. Page shows 'B: GEARBOX ASSEMBLY', '1. POWER CYLINDER', two paragraphs, LHD and RHD drawings and two 6-item legends. Nodes #/texts/6335-6357 hold them. p448 nodes are all in sec_0185 and p448 is its fourth page, so no section start or end is expected here.",
2002_Service_Manual_TI,sec_0185,448,5.4-hierarchy_path,PASS,,"hierarchy_path is .../POWER ASSISTED SYSTEM (POWER STEERING)/2. Power Steering System. The printed header on p448 reads the same: chapter name, then the topic.",
2002_Service_Manual_TI,sec_0185,448,5.4-gaps_duplicates,PASS,,"On p448 every text block and figure appears once and only in sec_0185. No node is repeated in a neighbour, and no text on the page is missing from the nodes.",
2002_Service_Manual_TI,sec_0185,448,5.4-flagged_for_review,PASS,,"sec_0185 has flagged_for_review false and verification_score 100. The heading is on the expected page, so no flag is needed.",
2002_Service_Manual_TI,sec_0185,448,5.4-structural_source,PASS,,structural_source is 'toc'. The bookmark title '2. Power Steering System' matches the printed heading on p445. The bookmark page also matches the render.,
2002_Service_Manual_TI,sec_0185,448,5.6-numbering_scheme,PASS,,"The printed folio on p448 is PS-n (chapter prefix plus a number). The section says 'arabic'. The numbers are arabic and the PDF page is used for page_start and page_end, so this is acceptable.",The folio has a chapter prefix. The scheme 'arabic' is probably accepted for this manual.
2002_Service_Manual_TI,sec_0185,448,5.6-offset_applied,PASS,,"offset_applied is 0. Physical p448 shows the folio of this chapter (gearbox page, folio PS-8), and the bookmark pages are physical pages. So no offset is needed.",
2002_Service_Manual_TI,sec_0185,448,5.5-filters_discarding,PASS,,"img_0309 (LHD) and img_0310 (RHD, origin vector) match the two drawings on p448. Both show labels (1)-(6). Nothing is cut. No figure on p448 was dropped by a filter.",
2002_Service_Manual_TI,sec_0185,448,5.5-filters_passing_noise,PASS,,"On p448 the extracted pictures are content figures. No logo, rule or page-number strip was kept as an image.",
2002_Service_Manual_TI,sec_0185,448,5.5-image_section_mapping,PASS,,"img_0309 (LHD) and img_0310 (RHD, origin vector) match the two drawings on p448. Both show labels (1)-(6). Nothing is cut. On p448 each picture is mapped to sec_0185, which owns the page.",
2002_Service_Manual_TI,sec_0187,475,5.4-hierarchy_level,PASS,,"On p475 (RHD heater page, folio AC-3) the heading is a numbered sub-topic of its chapter. '1. Heater System' has hierarchy_level 4, the same as its siblings and one below its chapter level 3.",
2002_Service_Manual_TI,sec_0187,475,5.4-parent_child,PASS,,"sec_0187 has parent_section_id sec_0186 (HVAC SYSTEM) and no children. The p475 content is one topic of that chapter, so the link is right. Neighbours are sec_0186 and sec_0188 (p476).",
2002_Service_Manual_TI,sec_0187,475,5.4-page_start_end,PASS,,"sec_0187 covers p474-475. Page shows heading 'B: RHD MODEL', one drawing (B4H2279A) and a 17-item legend. Nodes #/texts/6758-6768 hold them. The section ends with AC-3 (node 6768) on p475. The p476 header lines 'SWITCH FUNCTIONS' and 'HVAC System...' are no longer in sec_0187.","Old FAIL (BUG-022, v2): now fixed. The p476 running header is no longer in sec_0187."
2002_Service_Manual_TI,sec_0187,475,5.4-hierarchy_path,PASS,,"hierarchy_path is .../HVAC SYSTEM (HEATER, VENTILATOR AND A/C)/1. Heater System. The printed header on p475 reads the same: chapter name, then the topic.",
2002_Service_Manual_TI,sec_0187,475,5.4-gaps_duplicates,PASS,,"On p475 every text block and figure appears once and only in sec_0187. No node is repeated in a neighbour, and no text on the page is missing from the nodes.",
2002_Service_Manual_TI,sec_0187,475,5.4-flagged_for_review,PASS,,"sec_0187 has flagged_for_review false and verification_score 100. The heading is on the expected page, so no flag is needed.",
2002_Service_Manual_TI,sec_0187,475,5.4-structural_source,PASS,,structural_source is 'toc'. The bookmark title '1. Heater System' matches the printed heading on p474. The bookmark page also matches the render.,
2002_Service_Manual_TI,sec_0187,475,5.6-numbering_scheme,PASS,,"The printed folio on p475 is AC-n (chapter prefix plus a number). The section says 'arabic'. The numbers are arabic and the PDF page is used for page_start and page_end, so this is acceptable.",The folio has a chapter prefix. The scheme 'arabic' is probably accepted for this manual.
2002_Service_Manual_TI,sec_0187,475,5.6-offset_applied,PASS,,"offset_applied is 0. Physical p475 shows the folio of this chapter (RHD heater page, folio AC-3), and the bookmark pages are physical pages. So no offset is needed.",
2002_Service_Manual_TI,sec_0187,475,5.5-filters_discarding,PASS,,img_0333 (p475) is the full RHD airflow drawing with labels (1)-(17). Nothing is cut. No figure on p475 was dropped by a filter.,
2002_Service_Manual_TI,sec_0187,475,5.5-filters_passing_noise,PASS,,"On p475 the extracted pictures are content figures. No logo, rule or page-number strip was kept as an image.",
2002_Service_Manual_TI,sec_0187,475,5.5-image_section_mapping,PASS,,"img_0333 (p475) is the full RHD airflow drawing with labels (1)-(17). Nothing is cut. On p475 each picture is mapped to sec_0187, which owns the page.",
2002_Service_Manual_TI,sec_0192,482,5.4-hierarchy_level,PASS,,"On p482 (blower page, folio AC-10) the heading is a numbered sub-topic of its chapter. '6. Blower System' has hierarchy_level 4, the same as its siblings and one below its chapter level 3.",
2002_Service_Manual_TI,sec_0192,482,5.4-parent_child,PASS,,"sec_0192 has parent_section_id sec_0186 (HVAC SYSTEM) and no children. The p482 content is one topic of that chapter, so the link is right. Neighbours are sec_0191 (p481) and sec_0193 (p483).",
2002_Service_Manual_TI,sec_0192,482,5.4-page_start_end,PASS,,"sec_0192 covers p482 only. Page shows heading '6. Blower System', one paragraph and one circuit drawing (H4H1097A). Nodes #/texts/6824-6829 hold them. The section has only p482 and ends with AC-10 (node 6829). The p483 header 'FILTER (OPTION)' is no longer in sec_0192.","Old FAIL (BUG-022, v2): now fixed. The p483 running header is no longer in sec_0192."
2002_Service_Manual_TI,sec_0192,482,5.4-hierarchy_path,PASS,,"hierarchy_path is .../HVAC SYSTEM (HEATER, VENTILATOR AND A/C)/6. Blower System. The printed header on p482 reads the same: chapter name, then the topic.",
2002_Service_Manual_TI,sec_0192,482,5.4-gaps_duplicates,PASS,,"On p482 every text block and figure appears once and only in sec_0192. No node is repeated in a neighbour, and no text on the page is missing from the nodes.",
2002_Service_Manual_TI,sec_0192,482,5.4-flagged_for_review,PASS,,"sec_0192 has flagged_for_review false and verification_score 100. The heading is on the expected page, so no flag is needed.",
2002_Service_Manual_TI,sec_0192,482,5.4-structural_source,PASS,,structural_source is 'toc'. The bookmark title '6. Blower System' matches the printed heading on p482 only. The bookmark page also matches the render.,
2002_Service_Manual_TI,sec_0192,482,5.6-numbering_scheme,PASS,,"The printed folio on p482 is AC-n (chapter prefix plus a number). The section says 'arabic'. The numbers are arabic and the PDF page is used for page_start and page_end, so this is acceptable.",The folio has a chapter prefix. The scheme 'arabic' is probably accepted for this manual.
2002_Service_Manual_TI,sec_0192,482,5.6-offset_applied,PASS,,"offset_applied is 0. Physical p482 shows the folio of this chapter (blower page, folio AC-10), and the bookmark pages are physical pages. So no offset is needed.",
2002_Service_Manual_TI,sec_0192,482,5.5-filters_discarding,PASS,,img_0341 (p482) is the full circuit with the fan switch table. Nothing is cut. Only the outer frame line is not in the crop. No figure on p482 was dropped by a filter.,
2002_Service_Manual_TI,sec_0192,482,5.5-filters_passing_noise,PASS,,"On p482 the extracted pictures are content figures. No logo, rule or page-number strip was kept as an image.",
2002_Service_Manual_TI,sec_0192,482,5.5-image_section_mapping,PASS,,"img_0341 (p482) is the full circuit with the fan switch table. Nothing is cut. Only the outer frame line is not in the crop. On p482 each picture is mapped to sec_0192, which owns the page.",
2002_Service_Manual_TI,sec_0195,488,5.4-hierarchy_level,PASS,,"The heading ""9. Compressor"" (node #/texts/6857, p486) is a top heading in the HVAC chapter, one level below the chapter title. Level 4 matches the bookmark nesting.",
2002_Service_Manual_TI,sec_0195,488,5.4-parent_child,PASS,,"parent_section_id is sec_0186 (HVAC SYSTEM). child_sections is empty. The sub-headings ""A: LHD MODEL"" and ""B: RHD MODEL"" are nodes inside sec_0195, not bookmarks.",
2002_Service_Manual_TI,sec_0195,488,5.4-page_start_end,PASS,,"sec_0195 owns p486-499. It begins on p486 with the page header nodes and heading #/texts/6857. It ends with the AC-27 folio (#/texts/7012) on p499. The p488 nodes 6883-6891 (Discharge text, legend, B4H0747A, AC-16) all belong here. Next section sec_0196 starts on p500.",
2002_Service_Manual_TI,sec_0195,488,5.4-hierarchy_path,PASS,,"hierarchy_path ends with ""/HVAC SYSTEM (HEATER, VENTILATOR AND A/C)/9. Compressor"". This is the right chain: manual, chapter, system, topic.",
2002_Service_Manual_TI,sec_0195,488,5.4-gaps_duplicates,PASS,,No gaps. Nodes run 6855-7012 in order. Each page 486-499 has its own folio AC-14 to AC-27 inside this section. The p488 text is not repeated in sec_0194 or sec_0196.,
2002_Service_Manual_TI,sec_0195,488,5.4-flagged_for_review,PASS,,"flagged_for_review is false and verification_score is high for sec_0195. The heading is on its declared page in the render. No title mismatch is visible, so no review flag is needed.",
2002_Service_Manual_TI,sec_0195,488,5.4-structural_source,PASS,,"structural_source is ""toc"" for sec_0195. The heading text and page match the embedded bookmark. Nothing is inferred.",
2002_Service_Manual_TI,sec_0195,488,5.6-numbering_scheme,PASS,,"numbering_scheme is ""arabic"". Bookmark targets are plain physical page numbers, and the printed folios are chapter-prefixed numbers in sequence. No roman or other scheme change is seen in the section.",
2002_Service_Manual_TI,sec_0195,488,5.6-offset_applied,PASS,,"offset_applied is 0. The heading ""9. Compressor"" shows on physical p486, the page_start. The p499 render shows folio AC-27, the last page.",
2002_Service_Manual_TI,sec_0195,488,5.5-filters_discarding,PASS,,"p488 has one figure (B4H0747A, discharge cut-away with labels 1-7). It was extracted as img_0348 (1150x1075). No figure on p488 was dropped.",
2002_Service_Manual_TI,sec_0195,488,5.5-filters_passing_noise,PASS,,"All 15 images in sec_0195 are real figures (for example img_0345 on p486 and img_0348 on p488). No logo, rule or footer divider was kept as an image.",
2002_Service_Manual_TI,sec_0195,488,5.5-image_section_mapping,PASS,,"img_0348 is on p488 and is mapped to sec_0195. The p488 text ""Discharge"" is in sec_0195, so the owner is correct. There are no sibling sections on this page.",
2002_Service_Manual_TI,sec_0197,502,5.4-hierarchy_level,PASS,,"The heading ""11.Receiver Drier (LHD Model)"" (#/texts/7036) is a topic heading at the same size as siblings 10 and 12. Level 4 matches.",
2002_Service_Manual_TI,sec_0197,502,5.4-parent_child,PASS,,parent_section_id is sec_0186 (HVAC SYSTEM). It has no children. Siblings sec_0196 (10. Condenser) and sec_0198 (12. Modulator) are at the same level.,
2002_Service_Manual_TI,sec_0197,502,5.4-page_start_end,PASS,,"sec_0197 owns only p502 (nodes 7034-7050). It begins with the page header and heading ""11.Receiver Drier"" and ends with the AC-30 folio (#/texts/7050). sec_0196 ends on p501 and sec_0198 starts on p503. No neighbour content is absorbed.",
2002_Service_Manual_TI,sec_0197,502,5.4-hierarchy_path,PASS,,"hierarchy_path ends with "".../HVAC SYSTEM (HEATER, VENTILATOR AND A/C)/11. Receiver Drier (LHD Model)"". It matches the visible heading.",
2002_Service_Manual_TI,sec_0197,502,5.4-gaps_duplicates,PASS,,"No gaps or duplicates. The p502 page has the intro text, the 1) to 3) list, the legend (1)-(9) and the folio, all in nodes 7034-7050.",
2002_Service_Manual_TI,sec_0197,502,5.4-flagged_for_review,PASS,,"flagged_for_review is false and verification_score is high for sec_0197. The heading is on its declared page in the render. No title mismatch is visible, so no review flag is needed.",
2002_Service_Manual_TI,sec_0197,502,5.4-structural_source,PASS,,"structural_source is ""toc"" for sec_0197. The heading text and page match the embedded bookmark. Nothing is inferred.",
2002_Service_Manual_TI,sec_0197,502,5.6-numbering_scheme,PASS,,"numbering_scheme is ""arabic"". Bookmark targets are plain physical page numbers, and the printed folios are chapter-prefixed numbers in sequence. No roman or other scheme change is seen in the section.",
2002_Service_Manual_TI,sec_0197,502,5.6-offset_applied,PASS,,"offset_applied is 0. The heading is on physical p502, which is page_start and page_end. The folio is AC-30.",
2002_Service_Manual_TI,sec_0197,502,5.5-filters_discarding,PASS,,p502 has one figure with two views (side section and top view). It is extracted as vector image img_0362 (651x557). Both views and labels (1)-(9) are visible. The legend table text is in nodes 7044-7048.,"verify_claims reports an embedded raster on this page that is not in images_v1.json. The visible figure is extracted as the vector image (img_0362), which I checked against the render and found complete. Probably the raster was replaced by the vector render of the same region. Not a lost figure."
2002_Service_Manual_TI,sec_0197,502,5.5-filters_passing_noise,PASS,,img_0362 is the real drawing. No decoration was kept.,
2002_Service_Manual_TI,sec_0197,502,5.5-image_section_mapping,PASS,,"img_0362 is on p502 and mapped to sec_0197. The page has only this one section, so the mapping is right.",
2002_Service_Manual_TI,sec_0201,508,5.4-hierarchy_level,PASS,,"The heading ""15.Expansion Valve"" (#/texts/7114) is a topic heading with the same style as siblings. Level 4 matches. p508 shows ""2. FUNCTION"", a sub-point inside this section.",
2002_Service_Manual_TI,sec_0201,508,5.4-parent_child,PASS,,parent_section_id is sec_0186 (HVAC SYSTEM). It has no children. Neighbours sec_0200 (14. Evaporator) and sec_0202 (16. Compressor Clutch) are siblings.,
2002_Service_Manual_TI,sec_0201,508,5.4-page_start_end,PASS,,"sec_0201 owns p507-509 (nodes 7112-7147). It starts at heading 7114 on p507 and ends with the AC-37 folio (#/texts/7147). sec_0200 ends on p506 and sec_0202 starts on p510. p508 content (""2. FUNCTION"", text, H4H1124, AC-36) is all inside.",
2002_Service_Manual_TI,sec_0201,508,5.4-hierarchy_path,PASS,,"hierarchy_path ends with "".../HVAC SYSTEM (HEATER, VENTILATOR AND A/C)/15. Expansion Valve"". This is correct.",
2002_Service_Manual_TI,sec_0201,508,5.4-gaps_duplicates,PASS,,"No gaps. Nodes 7112-7147 follow p507, p508, p509 in order. The LHD and RHD parts are both inside this one section, as in the PDF.",
2002_Service_Manual_TI,sec_0201,508,5.4-flagged_for_review,PASS,,"flagged_for_review is false and verification_score is high for sec_0201. The heading is on its declared page in the render. No title mismatch is visible, so no review flag is needed.",
2002_Service_Manual_TI,sec_0201,508,5.4-structural_source,PASS,,"structural_source is ""toc"" for sec_0201. The heading text and page match the embedded bookmark. Nothing is inferred.",
2002_Service_Manual_TI,sec_0201,508,5.6-numbering_scheme,PASS,,"numbering_scheme is ""arabic"". Bookmark targets are plain physical page numbers, and the printed folios are chapter-prefixed numbers in sequence. No roman or other scheme change is seen in the section.",
2002_Service_Manual_TI,sec_0201,508,5.6-offset_applied,PASS,,"offset_applied is 0. Heading ""15.Expansion Valve"" is on physical p507 (page_start). Folios AC-35 to AC-37 follow in order.",
2002_Service_Manual_TI,sec_0201,508,5.5-filters_discarding,PASS,,"p508 has one figure (H4H1124, valve with P1/P2/F arrows). It is img_0368 (585x899). It is not dropped. The p507 and p509 figures are also extracted (img_0367, img_0369, img_0370).",
2002_Service_Manual_TI,sec_0201,508,5.5-filters_passing_noise,PASS,,"All 4 images in sec_0201 are real valve drawings. No header or rule kept as an image. On p509, img_0369 is cropped inside the labels ""Low-pressure (To evaporator)"" and ""High-pressure (From modulator)"". Their text is in nodes 7139-7140, so nothing is lost.",
2002_Service_Manual_TI,sec_0201,508,5.5-image_section_mapping,PASS,,img_0368 is on p508 and belongs to sec_0201. No other section shares p508.,
2002_Service_Manual_TI,sec_0204,515,5.4-hierarchy_level,PASS,,"The heading ""18.Automatic Air Conditioning"" (#/texts/7188, p514) is a topic heading like its siblings. Level 4 matches. On p515 the ""1. AUTOMATIC CONTROL OPERATION"" heading is a sub-point.",
2002_Service_Manual_TI,sec_0204,515,5.4-parent_child,PASS,,"parent_section_id is sec_0186 (HVAC SYSTEM). child_sections is empty. Neighbours are sec_0203 (17. Compressor Control System) and sec_0205 (AIRBAG SYSTEM, a chapter).",
2002_Service_Manual_TI,sec_0204,515,5.4-page_start_end,PASS,,"sec_0204 owns p514-532 (nodes 7186-7429 plus table #/tables/84). It starts at heading 7188 on p514. It ends with ""MEMO"" (#/texts/7428) and the AC-60 folio on p532. sec_0203 ends on p513 and sec_0205 starts on p533. p515 nodes 7206-7222 are all inside.",
2002_Service_Manual_TI,sec_0204,515,5.4-hierarchy_path,PASS,,"hierarchy_path ends with "".../HVAC SYSTEM (HEATER, VENTILATOR AND A/C)/18. Automatic Air Conditioning"". This is correct.",
2002_Service_Manual_TI,sec_0204,515,5.4-gaps_duplicates,PASS,,No gaps. Nodes run in page order from p514 to p532. No p515 text is repeated in another section.,
2002_Service_Manual_TI,sec_0204,515,5.4-flagged_for_review,PASS,,"flagged_for_review is false and verification_score is high for sec_0204. The heading is on its declared page in the render. No title mismatch is visible, so no review flag is needed.",
2002_Service_Manual_TI,sec_0204,515,5.4-structural_source,PASS,,"structural_source is ""toc"" for sec_0204. The heading text and page match the embedded bookmark. Nothing is inferred.",
2002_Service_Manual_TI,sec_0204,515,5.6-numbering_scheme,PASS,,"numbering_scheme is ""arabic"". Bookmark targets are plain physical page numbers, and the printed folios are chapter-prefixed numbers in sequence. No roman or other scheme change is seen in the section.",
2002_Service_Manual_TI,sec_0204,515,5.6-offset_applied,PASS,,offset_applied is 0. The heading is on physical p514 (page_start). Folios AC-42 to AC-60 run in order.,
2002_Service_Manual_TI,sec_0204,515,5.6-table_content,PASS,,"The sampled p515 has no table. The only table is #/tables/84 (2 rows: 18.0 MAX COOL / 32.0 MAX HOT with TAO values), on p523. The p523 render is not in this batch, so the cell values could not be checked on the page. The values agree with the p523 text nodes 7317-7320 (18.0 and 32.0 deg C).",Not verified on the page because p523 is not rendered in this batch. Left as PASS at low confidence for the human reviewer.
2002_Service_Manual_TI,sec_0204,515,5.5-filters_discarding,PASS,,"p515 has the mode-selector icon strip (B4H1314B). It is img_0376 (1466x428) and shows all four icons. Not dropped. Inline icons in the text ""light switch to the “ ” or “ ” position"" (node 7212) show as empty quotes in the text.","The empty quotes in node 7212 come from inline symbols in the text, probably not from the image filters. They are the light-switch icons and the meaning is partly in the words. Not graded as a FAIL."
2002_Service_Manual_TI,sec_0204,515,5.5-filters_passing_noise,PASS,,img_0375 (p514) and img_0376 (p515) are real figures. The other images in this section are also diagrams. No decoration kept.,
2002_Service_Manual_TI,sec_0204,515,5.5-image_section_mapping,PASS,,img_0376 is on p515 and mapped to sec_0204. The p515 text and the figure are both owned by sec_0204.,
2002_Service_Manual_TI,sec_0206,535,5.4-hierarchy_level,PASS,,"The heading ""1. Airbag System"" (#/texts/7434, p534) is a topic heading, same style as ""2. Construction"" in sec_0207. Level 4 matches. ""B: FUNCTION"" on p535 is a sub-point.",
2002_Service_Manual_TI,sec_0206,535,5.4-parent_child,PASS,,parent_section_id is sec_0205 (AIRBAG SYSTEM chapter). It has no children. sec_0207 (2. Construction) is the next sibling.,
2002_Service_Manual_TI,sec_0206,535,5.4-page_start_end,PASS,,"sec_0206 owns p534-536 (nodes 7432-7481). It starts at the header and heading on p534 and ends with the AB-4 folio (#/texts/7481) on p536. The p537 header lines ""CONSTRUCTION"" and ""Airbag System"" are now the first nodes of sec_0207 (7482-7483), not at the end of sec_0206. p535 nodes 7445-7466 are inside.","Old FAIL (BUG-022, v2): now fixed."
2002_Service_Manual_TI,sec_0206,535,5.4-hierarchy_path,PASS,,"hierarchy_path ends with "".../AIRBAG SYSTEM/1. Airbag System"". This is correct.",
2002_Service_Manual_TI,sec_0206,535,5.4-gaps_duplicates,PASS,,No gaps. Nodes 7432-7481 run p534 to p536 in order. No p535 text appears in sec_0207.,
2002_Service_Manual_TI,sec_0206,535,5.4-flagged_for_review,PASS,,"flagged_for_review is false and verification_score is high for sec_0206. The heading is on its declared page in the render. No title mismatch is visible, so no review flag is needed.",
2002_Service_Manual_TI,sec_0206,535,5.4-structural_source,PASS,,"structural_source is ""toc"" for sec_0206. The heading text and page match the embedded bookmark. Nothing is inferred.",
2002_Service_Manual_TI,sec_0206,535,5.6-numbering_scheme,PASS,,"numbering_scheme is ""arabic"". Bookmark targets are plain physical page numbers, and the printed folios are chapter-prefixed numbers in sequence. No roman or other scheme change is seen in the section.",
2002_Service_Manual_TI,sec_0206,535,5.6-offset_applied,PASS,,offset_applied is 0. The heading is on physical p534 (page_start). Folios AB-2 to AB-4 are in order.,
2002_Service_Manual_TI,sec_0206,535,5.5-filters_discarding,PASS,,"p535 has one big figure (B5H0504B, driver and passenger airbag steps). It is vector image img_0396 (1074x965) with all labels and the side text. Not dropped.","verify_claims reports an embedded raster on this page that is not in images_v1.json. The visible figure is extracted as the vector image (img_0396), which I checked against the render and found complete. Probably the raster was replaced by the vector render of the same region. Not a lost figure."
2002_Service_Manual_TI,sec_0206,535,5.5-filters_passing_noise,PASS,,"img_0395, img_0396 and img_0397 are real figures. No decoration kept.",
2002_Service_Manual_TI,sec_0206,535,5.5-image_section_mapping,PASS,,"img_0396 is on p535 and mapped to sec_0206. The figure sits under ""1. FRONT AIRBAGS"", which belongs to sec_0206.",
2002_Service_Manual_TI,sec_0207,542,5.4-hierarchy_level,PASS,,"The heading ""2. Construction"" (#/texts/7484, p537) is a topic heading like ""1. Airbag System"". Level 4 matches. ""3. AIRBAG HARNESS-TO-BODY HARNESS CONNECTOR"" on p542 is a sub-point.",
2002_Service_Manual_TI,sec_0207,542,5.4-parent_child,PASS,,"parent_section_id is sec_0205 (AIRBAG SYSTEM). It has no children. Siblings are sec_0206 and sec_0208 (SEAT BELT SYSTEM, a chapter).",
2002_Service_Manual_TI,sec_0207,542,5.4-page_start_end,PASS,,"sec_0207 owns p537-546 (nodes 7482-7614). It starts with the p537 header lines and heading 7484. It ends with ""MEMO"" and the AB-14 folio (#/texts/7614) on p546. sec_0206 ends on p536. p542 nodes 7559-7567 are inside.",
2002_Service_Manual_TI,sec_0207,542,5.4-hierarchy_path,PASS,,"hierarchy_path ends with "".../AIRBAG SYSTEM/2. Construction"". This is correct.",
2002_Service_Manual_TI,sec_0207,542,5.4-gaps_duplicates,PASS,,No gaps. Nodes 7482-7614 run p537 to p546 in order. The p542 text is not repeated elsewhere.,
2002_Service_Manual_TI,sec_0207,542,5.4-flagged_for_review,PASS,,"flagged_for_review is false and verification_score is high for sec_0207. The heading is on its declared page in the render. No title mismatch is visible, so no review flag is needed.",
2002_Service_Manual_TI,sec_0207,542,5.4-structural_source,PASS,,"structural_source is ""toc"" for sec_0207. The heading text and page match the embedded bookmark. Nothing is inferred.",
2002_Service_Manual_TI,sec_0207,542,5.6-numbering_scheme,PASS,,"numbering_scheme is ""arabic"". Bookmark targets are plain physical page numbers, and the printed folios are chapter-prefixed numbers in sequence. No roman or other scheme change is seen in the section.",
2002_Service_Manual_TI,sec_0207,542,5.6-offset_applied,PASS,,offset_applied is 0. The heading is on physical p537 (page_start). Folios AB-5 to AB-14 are in order.,
2002_Service_Manual_TI,sec_0207,542,5.5-filters_discarding,PASS,,"p542 has one figure (B5H0841A, connector in two views). It is img_0405 (2835x828), cropped to the drawing with the (A) and (B) labels. Not dropped.",
2002_Service_Manual_TI,sec_0207,542,5.5-filters_passing_noise,PASS,,All 13 images in sec_0207 are real figures. Vector crops img_0409 and img_0410 are drawings. No decoration kept.,
2002_Service_Manual_TI,sec_0207,542,5.5-image_section_mapping,PASS,,img_0405 is on p542 and mapped to sec_0207. No other section shares p542.,
2002_Service_Manual_TI,sec_0209,549,5.4-hierarchy_level,PASS,,"The heading ""1. Seat Belt"" (#/texts/7620, p548) is a topic heading, one level below chapter SEAT BELT SYSTEM. Level 4 matches. ""B:"" and ""C:"" on p549 are sub-points.",
2002_Service_Manual_TI,sec_0209,549,5.4-parent_child,PASS,,parent_section_id is sec_0208 (SEAT BELT SYSTEM). It has no children. This is the only topic under that chapter.,
2002_Service_Manual_TI,sec_0209,549,5.4-page_start_end,PASS,,sec_0209 owns p548-554 (nodes 7618-7707). It starts with the p548 header and heading 7620. It ends with the SB-8 folio (#/texts/7707) on p554. The next section sec_0210 starts on p555 with its own heading. p549 nodes 7625-7636 are inside.,
2002_Service_Manual_TI,sec_0209,549,5.4-hierarchy_path,PASS,,"hierarchy_path ends with "".../SEAT BELT SYSTEM/1. Seat Belt"". This is correct.",
2002_Service_Manual_TI,sec_0209,549,5.4-gaps_duplicates,PASS,,No gaps. Nodes 7618-7707 run p548 to p554 in order. No p549 text is repeated elsewhere.,
2002_Service_Manual_TI,sec_0209,549,5.4-flagged_for_review,PASS,,"flagged_for_review is false and verification_score is high for sec_0209. The heading is on its declared page in the render. No title mismatch is visible, so no review flag is needed.",
2002_Service_Manual_TI,sec_0209,549,5.4-structural_source,PASS,,"structural_source is ""toc"" for sec_0209. The heading text and page match the embedded bookmark. Nothing is inferred.",
2002_Service_Manual_TI,sec_0209,549,5.6-numbering_scheme,PASS,,"numbering_scheme is ""arabic"". Bookmark targets are plain physical page numbers, and the printed folios are chapter-prefixed numbers in sequence. No roman or other scheme change is seen in the section.",
2002_Service_Manual_TI,sec_0209,549,5.6-offset_applied,PASS,,offset_applied is 0. The heading is on physical p548 (page_start). Folios SB-2 to SB-8 are in order.,
2002_Service_Manual_TI,sec_0209,549,5.5-filters_discarding,PASS,,"p549 has two figures (B5H0792A sedan seat, B5H0606A wagon ceiling). They are img_0412 (1777x1641) and img_0413 (1378x826). Both are complete. Not dropped.",
2002_Service_Manual_TI,sec_0209,549,5.5-filters_passing_noise,PASS,,All 9 images in sec_0209 are real figures. No decoration kept.,
2002_Service_Manual_TI,sec_0209,549,5.5-image_section_mapping,PASS,,"img_0412 and img_0413 are on p549 and mapped to sec_0209. The two figures sit under ""B:"" and ""C:"", both owned by sec_0209.",
2002_Service_Manual_TI,sec_0210,555,5.4-hierarchy_level,PASS,,"""WIPER AND WASHER SYSTEMS"" (#/texts/7708) is a chapter opener page with the ""WW"" tab. It is level 3, the same as the other chapters in NEW CAR INFORMATION SECTION. This matches.",
2002_Service_Manual_TI,sec_0210,555,5.4-parent_child,PASS,,"parent_section_id is sec_0002 (NEW CAR INFORMATION SECTION). Children sec_0211, sec_0212 and sec_0213 match the three contents lines (1. Front, 2. Rear, 3. Deicer). They start on p556, p558 and p559.",
2002_Service_Manual_TI,sec_0210,555,5.4-page_start_end,PASS,,"The section owns only 3 nodes, all on p555: the title 7708, ""WW"" 7709 and table #/tables/86. The p556 running header lines (“Wiper and Washer Systems”, “FRONT WIPER AND WASHER”) are not in sec_0210 any more. page_end 560 covers the children, as for other chapters.","Old FAIL (BUG-022, v2): now fixed."
2002_Service_Manual_TI,sec_0210,555,5.4-hierarchy_path,PASS,,"hierarchy_path is "".../NEW CAR INFORMATION SECTION/WIPER AND WASHER SYSTEMS"". This is correct for a level-3 chapter.",
2002_Service_Manual_TI,sec_0210,555,5.4-gaps_duplicates,PASS,,"No gaps. The opener page content (title, tab, contents table) is here and appears nowhere else. Children cover p556-560. The p560 MEMO page is in the last child range.",
2002_Service_Manual_TI,sec_0210,555,5.4-flagged_for_review,PASS,,"flagged_for_review is false and verification_score is high for sec_0210. The heading is on its declared page in the render. No title mismatch is visible, so no review flag is needed.",
2002_Service_Manual_TI,sec_0210,555,5.4-structural_source,PASS,,"structural_source is ""toc"" for sec_0210. The heading text and page match the embedded bookmark. Nothing is inferred.",
2002_Service_Manual_TI,sec_0210,555,5.6-numbering_scheme,PASS,,"numbering_scheme is ""arabic"". Bookmark targets are plain physical page numbers, and the printed folios are chapter-prefixed numbers in sequence. No roman or other scheme change is seen in the section.",
2002_Service_Manual_TI,sec_0210,555,5.6-offset_applied,PASS,,"offset_applied is 0. The chapter title is on physical p555 (page_start). The contents list gives chapter-relative pages 2, 4 and 5, which match children starting on p556, p558, p559.",
2002_Service_Manual_TI,sec_0210,555,5.6-table_content,PASS,,"The table #/tables/86 has the three contents lines: 1. Front Wiper and Washer (2), 2. Rear Wiper and Washer (4), 3. Windshield Wiper Deicer (5). It matches the render. The header cells are empty except ""Page"". Dot leaders are kept.",
2002_Service_Manual_TI,sec_0210,555,5.5-filters_discarding,PASS,,"p555 has no figure. The black ""WW"" tab and the rule are page decoration, not content. No image was extracted for sec_0210, which is right.",
2002_Service_Manual_TI,sec_0210,555,5.5-filters_passing_noise,PASS,,"No images are mapped to sec_0210. Nothing decorative was kept. The ""WW"" tab is only text node 7709.",
2002_Service_Manual_TI,sec_0210,555,5.5-image_section_mapping,PASS,,"There are no images on p555, and none are mapped. This agrees with the render.",
2002_Service_Manual_TI,sec_0215,562,5.4-hierarchy_level,PASS,,"The heading ""1. Power Window"" (#/texts/7784) is a topic heading under GLASS/WINDOWS/MIRRORS. Level 4 matches.",
2002_Service_Manual_TI,sec_0215,562,5.4-parent_child,PASS,,parent_section_id is sec_0214 (GLASS/WINDOWS/MIRRORS). It has no children. sec_0216 (BODY STRUCTURE) is the next chapter.,
2002_Service_Manual_TI,sec_0215,562,5.4-page_start_end,PASS,,sec_0215 owns only p562 (nodes 7782-7830). It starts with the page header lines and heading 7784 and ends with the GW-2 folio (#/texts/7830). The next chapter sec_0216 starts on p563. No neighbour content is absorbed.,
2002_Service_Manual_TI,sec_0215,562,5.4-hierarchy_path,PASS,,"hierarchy_path ends with "".../GLASS/WINDOWS/MIRRORS/1. Power Window"". This is correct.",
2002_Service_Manual_TI,sec_0215,562,5.4-gaps_duplicates,PASS,,"No gaps. The p562 text, notes and circuit labels are in nodes 7782-7830 and not elsewhere. The circuit labels are split into many short nodes, but all are here.",
2002_Service_Manual_TI,sec_0215,562,5.4-flagged_for_review,PASS,,"flagged_for_review is false and verification_score is high for sec_0215. The heading is on its declared page in the render. No title mismatch is visible, so no review flag is needed.",
2002_Service_Manual_TI,sec_0215,562,5.4-structural_source,PASS,,"structural_source is ""toc"" for sec_0215. The heading text and page match the embedded bookmark. Nothing is inferred.",
2002_Service_Manual_TI,sec_0215,562,5.6-numbering_scheme,PASS,,"numbering_scheme is ""arabic"". Bookmark targets are plain physical page numbers, and the printed folios are chapter-prefixed numbers in sequence. No roman or other scheme change is seen in the section.",
2002_Service_Manual_TI,sec_0215,562,5.6-offset_applied,PASS,,"offset_applied is 0. The heading is on physical p562, which is page_start and page_end. The folio is GW-2.",
2002_Service_Manual_TI,sec_0215,562,5.5-filters_discarding,PASS,,"p562 has one circuit diagram (B6H1684A). It is vector image img_0424 (1051x820), complete with all labels. Not dropped.",
2002_Service_Manual_TI,sec_0215,562,5.5-filters_passing_noise,PASS,,img_0424 is the real diagram. No decoration kept.,
2002_Service_Manual_TI,sec_0215,562,5.5-image_section_mapping,PASS,,img_0424 is on p562 and mapped to sec_0215. The page has only this section.,
2002_Service_Manual_TI,sec_0222,569,5.4-hierarchy_level,PASS,,"The heading ""6. Anti Chipping Coat (ACC) Application"" (#/texts/7874) is a topic heading under BODY STRUCTURE. Level 4 matches.",
2002_Service_Manual_TI,sec_0222,569,5.4-parent_child,PASS,,parent_section_id is sec_0216 (BODY STRUCTURE). It has no children. Siblings sec_0221 (5. Painting) and sec_0223 (7. Sealer Application) are at the same level.,
2002_Service_Manual_TI,sec_0222,569,5.4-page_start_end,PASS,,"sec_0222 owns only p569 (nodes 7872-7876): header, heading, figure code B5H0831 and folio BS-7. It ends with BS-7 (#/texts/7876). The p570 header lines ""Body Structure"" and ""SEALER APPLICATION"" are not in this section any more. sec_0223 starts on p570.","Old FAIL (BUG-022, v2): now fixed."
2002_Service_Manual_TI,sec_0222,569,5.4-hierarchy_path,PASS,,"hierarchy_path ends with "".../BODY STRUCTURE/6. Anti Chipping Coat (ACC) Application"". This is correct.",
2002_Service_Manual_TI,sec_0222,569,5.4-gaps_duplicates,PASS,,No gaps. The 5 nodes cover the page text. The figure is image img_0429. No other section repeats them.,
2002_Service_Manual_TI,sec_0222,569,5.4-flagged_for_review,PASS,,"flagged_for_review is false and verification_score is high for sec_0222. The heading is on its declared page in the render. No title mismatch is visible, so no review flag is needed.",
2002_Service_Manual_TI,sec_0222,569,5.4-structural_source,PASS,,"structural_source is ""toc"" for sec_0222. The heading text and page match the embedded bookmark. Nothing is inferred.",
2002_Service_Manual_TI,sec_0222,569,5.6-numbering_scheme,PASS,,"numbering_scheme is ""arabic"". Bookmark targets are plain physical page numbers, and the printed folios are chapter-prefixed numbers in sequence. No roman or other scheme change is seen in the section.",
2002_Service_Manual_TI,sec_0222,569,5.6-offset_applied,PASS,,"offset_applied is 0. The heading is on physical p569, which is page_start and page_end. The folio is BS-7.",
2002_Service_Manual_TI,sec_0222,569,5.5-filters_discarding,PASS,,"p569 has one figure (body shell with dotted ACC areas, B5H0831). It is img_0429 (2835x1517), complete. Not dropped.",
2002_Service_Manual_TI,sec_0222,569,5.5-filters_passing_noise,PASS,,img_0429 is the real figure. No decoration kept.,
2002_Service_Manual_TI,sec_0222,569,5.5-image_section_mapping,PASS,,img_0429 is on p569 and mapped to sec_0222. The page has only this section.,
2002_Service_Manual_TI,sec_0223,575,5.4-hierarchy_level,PASS,,"sec_0223 '7. Sealer Application' has hierarchy_level 4. It is a numbered sub-section under sec_0216 (BODY STRUCTURE), and the printed heading on p575 or its first page looks like the other numbered sections of the same chapter.",
2002_Service_Manual_TI,sec_0223,575,5.4-parent_child,PASS,,The parent of sec_0223 is sec_0216 (BODY STRUCTURE). This matches the chapter the page belongs to (p570-575).,
2002_Service_Manual_TI,sec_0223,575,5.4-page_start_end,PASS,,"sec_0223 runs p570-575. The section starts with heading #/texts/7879 on p570 and ends with the MEMO heading #/texts/7912 and folio #/texts/7913 on p575. Next section sec_0224 starts on p576. The p576 running header is no longer in this section. Last node is #/texts/7913 ""BS-13"" on p575.","Old FAIL (BUG-022, v2): now fixed. The p576 running header is no longer in this section."
2002_Service_Manual_TI,sec_0223,575,5.4-hierarchy_path,PASS,,The path ends with '7. Sealer Application' under sec_0216 (BODY STRUCTURE). The order matches the printed titles on the pages.,
2002_Service_Manual_TI,sec_0223,575,5.4-gaps_duplicates,PASS,,I found no gap or duplicate for sec_0223 on p570-575. Semantic_order is continuous inside the section and the neighbours start right after it.,
2002_Service_Manual_TI,sec_0223,575,5.4-flagged_for_review,PASS,,sec_0223 has flagged_for_review false and verification score near 100. I saw no sign on p575 that it should be flagged.,
2002_Service_Manual_TI,sec_0223,575,5.4-structural_source,PASS,,sec_0223 has structural_source 'toc'. The title is in the manual contents and matches the heading seen on p570.,
2002_Service_Manual_TI,sec_0223,575,5.6-numbering_scheme,PASS,,"The scheme is 'arabic'. The printed folio on p575 is BS-13 (chapter prefix plus number), which fits this scheme.",Chapter-prefixed folios are the manual convention. They are not a roman or alphanumeric scheme.
2002_Service_Manual_TI,sec_0223,575,5.6-offset_applied,PASS,,"offset_applied is 0 and the sec_0223 heading appears on the expected physical page. Page 575 shows folio BS-13, which fits the section range p570-575.",
2002_Service_Manual_TI,sec_0223,575,5.5-filters_discarding,PASS,,"On p575: p575 is a MEMO page with no figure. The section has figures img_0430 to img_0438 on p570-574, all inside its bounds. No meaningful figure is missing.",
2002_Service_Manual_TI,sec_0223,575,5.5-filters_passing_noise,PASS,,"The images of sec_0223 near p575 are real figures. I saw no rule, logo or footer divider kept as an image.",
2002_Service_Manual_TI,sec_0223,575,5.5-image_section_mapping,PASS,,"On p575: p575 is a MEMO page with no figure. The section has figures img_0430 to img_0438 on p570-574, all inside its bounds. No other section shares these pages.",
2002_Service_Manual_TI,sec_0228,582,5.4-hierarchy_level,PASS,,"sec_0228 '12. Galvanized Sheet Metal Application' has hierarchy_level 4. It is a numbered sub-section under sec_0216 (BODY STRUCTURE), and the printed heading on p582 or its first page looks like the other numbered sections of the same chapter.",
2002_Service_Manual_TI,sec_0228,582,5.4-parent_child,PASS,,The parent of sec_0228 is sec_0216 (BODY STRUCTURE). This matches the chapter the page belongs to (p582).,
2002_Service_Manual_TI,sec_0228,582,5.4-page_start_end,PASS,,"sec_0228 runs p582. The section has one page. Heading #/texts/7964, legend #/texts/7965 and folio #/texts/7967 are all on p582. Last node is #/texts/7967 ""BS-20"" on p582.",
2002_Service_Manual_TI,sec_0228,582,5.4-hierarchy_path,PASS,,The path ends with '12. Galvanized Sheet Metal Application' under sec_0216 (BODY STRUCTURE). The order matches the printed titles on the pages.,
2002_Service_Manual_TI,sec_0228,582,5.4-gaps_duplicates,PASS,,I found no gap or duplicate for sec_0228 on p582. Semantic_order is continuous inside the section and the neighbours start right after it.,
2002_Service_Manual_TI,sec_0228,582,5.4-flagged_for_review,PASS,,sec_0228 has flagged_for_review false and verification score near 100. I saw no sign on p582 that it should be flagged.,
2002_Service_Manual_TI,sec_0228,582,5.4-structural_source,PASS,,sec_0228 has structural_source 'toc'. The title is in the manual contents and matches the heading seen on p582.,
2002_Service_Manual_TI,sec_0228,582,5.6-numbering_scheme,PASS,,"The scheme is 'arabic'. The printed folio on p582 is BS-20 (chapter prefix plus number), which fits this scheme.",Chapter-prefixed folios are the manual convention. They are not a roman or alphanumeric scheme.
2002_Service_Manual_TI,sec_0228,582,5.6-offset_applied,PASS,,"offset_applied is 0 and the sec_0228 heading appears on the expected physical page. Page 582 shows folio BS-20, which fits the section range p582.",
2002_Service_Manual_TI,sec_0228,582,5.5-filters_discarding,PASS,,On p582: p582 has one figure B5H0838B (car body with galvanized legend). It is img_0445 and is mapped to sec_0228. No meaningful figure is missing.,
2002_Service_Manual_TI,sec_0228,582,5.5-filters_passing_noise,PASS,,"The images of sec_0228 near p582 are real figures. I saw no rule, logo or footer divider kept as an image.",
2002_Service_Manual_TI,sec_0228,582,5.5-image_section_mapping,PASS,,On p582: p582 has one figure B5H0838B (car body with galvanized legend). It is img_0445 and is mapped to sec_0228.,
2002_Service_Manual_TI,sec_0232,589,5.4-hierarchy_level,PASS,,"sec_0232 '1. Combination Meter' has hierarchy_level 4. It is a numbered sub-section under sec_0231 (INSTRUMENTATION/DRIVER INFO), and the printed heading on p589 or its first page looks like the other numbered sections of the same chapter.",
2002_Service_Manual_TI,sec_0232,589,5.4-parent_child,PASS,,The parent of sec_0232 is sec_0231 (INSTRUMENTATION/DRIVER INFO). This matches the chapter the page belongs to (p586-601).,
2002_Service_Manual_TI,sec_0232,589,5.4-page_start_end,PASS,,"sec_0232 runs p586-601. The section starts with heading #/texts/7993 on p586 and ends with folio IDI-17 on p601. The p602 running header is no longer in this section. The p589 list and table belong here. Last node is #/texts/8300 ""S6H0575A"" and folio #/texts/8301 ""IDI-17"" on p601.","Old FAIL (BUG-022, v2): now fixed. The p602 running header is no longer in this section."
2002_Service_Manual_TI,sec_0232,589,5.4-hierarchy_path,PASS,,The path ends with '1. Combination Meter' under sec_0231 (INSTRUMENTATION/DRIVER INFO). The order matches the printed titles on the pages.,
2002_Service_Manual_TI,sec_0232,589,5.4-gaps_duplicates,PASS,,I found no gap or duplicate for sec_0232 on p586-601. Semantic_order is continuous inside the section and the neighbours start right after it.,
2002_Service_Manual_TI,sec_0232,589,5.4-flagged_for_review,PASS,,sec_0232 has flagged_for_review false and verification score near 100. I saw no sign on p589 that it should be flagged.,
2002_Service_Manual_TI,sec_0232,589,5.4-structural_source,PASS,,sec_0232 has structural_source 'toc'. The title is in the manual contents and matches the heading seen on p586.,
2002_Service_Manual_TI,sec_0232,589,5.6-numbering_scheme,PASS,,"The scheme is 'arabic'. The printed folio on p589 is IDI-5 (chapter prefix plus number), which fits this scheme.",Chapter-prefixed folios are the manual convention. They are not a roman or alphanumeric scheme.
2002_Service_Manual_TI,sec_0232,589,5.6-offset_applied,PASS,,"offset_applied is 0 and the sec_0232 heading appears on the expected physical page. Page 589 shows folio IDI-5, which fits the section range p586-601.",
2002_Service_Manual_TI,sec_0232,589,5.6-table_content,FAIL,Medium,"On p589 table #/tables/93 has header cells Warning/Indicator light, LOCK/ACC, ON, ST, While engine is running. In rows (2) to (9) the label is split from its number, and the first two values are joined in one cell, for example '(2) | Brake fluid level / parking brake | OFF ON | ON | *3'. The render shows four separate cells OFF, ON, ON, *3. Only row (1) is correct, so the LOCK/ACC value cannot be read from its column in 8 of 9 rows.","Old FAIL (BUG-008, v2.9): still present. The table cells are still shifted in 8 of 9 rows. Values are kept but are under the wrong column. Probably the two-line header confuses the column detection (BUG-008). No value is lost, but column attribution is wrong."
2002_Service_Manual_TI,sec_0232,589,5.5-filters_discarding,PASS,,"On p589: p589 has no figure, only the light list and the table. On p586 the meter figure B6H1618A is img_0448 (vector, complete). On p601 the circuit diagram S6H0575A is img_0460, complete. No meaningful figure is missing.",
2002_Service_Manual_TI,sec_0232,589,5.5-filters_passing_noise,PASS,,"The images of sec_0232 near p589 are real figures. I saw no rule, logo or footer divider kept as an image.",
2002_Service_Manual_TI,sec_0232,589,5.5-image_section_mapping,PASS,,"On p589: p589 has no figure, only the light list and the table. On p586 the meter figure B6H1618A is img_0448 (vector, complete). On p601 the circuit diagram S6H0575A is img_0460, complete. No other section shares these pages.",
2002_Service_Manual_TI,sec_0233,602,5.4-hierarchy_level,PASS,,"sec_0233 '2. Outside Air Temperature Display' has hierarchy_level 4. It is a numbered sub-section under sec_0231 (INSTRUMENTATION/DRIVER INFO), and the printed heading on p602 or its first page looks like the other numbered sections of the same chapter.",
2002_Service_Manual_TI,sec_0233,602,5.4-parent_child,PASS,,The parent of sec_0233 is sec_0231 (INSTRUMENTATION/DRIVER INFO). This matches the chapter the page belongs to (p602-604).,
2002_Service_Manual_TI,sec_0233,602,5.4-page_start_end,PASS,,"sec_0233 runs p602-604. Heading #/texts/8304 is on p602. The section ends with the MEMO page p604 (#/texts/8322, folio IDI-20). Next section sec_0234 SEATS starts on p605. Last node is #/texts/8323 ""IDI-20"" on p604.",
2002_Service_Manual_TI,sec_0233,602,5.4-hierarchy_path,PASS,,The path ends with '2. Outside Air Temperature Display' under sec_0231 (INSTRUMENTATION/DRIVER INFO). The order matches the printed titles on the pages.,
2002_Service_Manual_TI,sec_0233,602,5.4-gaps_duplicates,PASS,,I found no gap or duplicate for sec_0233 on p602-604. Semantic_order is continuous inside the section and the neighbours start right after it.,
2002_Service_Manual_TI,sec_0233,602,5.4-flagged_for_review,PASS,,sec_0233 has flagged_for_review false and verification score near 100. I saw no sign on p602 that it should be flagged.,
2002_Service_Manual_TI,sec_0233,602,5.4-structural_source,PASS,,sec_0233 has structural_source 'toc'. The title is in the manual contents and matches the heading seen on p602.,
2002_Service_Manual_TI,sec_0233,602,5.6-numbering_scheme,PASS,,"The scheme is 'arabic'. The printed folio on p602 is IDI-18 (chapter prefix plus number), which fits this scheme.",Chapter-prefixed folios are the manual convention. They are not a roman or alphanumeric scheme.
2002_Service_Manual_TI,sec_0233,602,5.6-offset_applied,PASS,,"offset_applied is 0 and the sec_0233 heading appears on the expected physical page. Page 602 shows folio IDI-18, which fits the section range p602-604.",
2002_Service_Manual_TI,sec_0233,602,5.5-filters_discarding,PASS,,On p602: p602 figure B6H1611A (ambient sensor and OUT.T 23C display) is img_0461 (vector). It is complete and mapped to sec_0233. The p603 diagram B6H1515A is img_0462. No meaningful figure is missing.,"Old FAIL (BUG-010, v2): now fixed. The p602 vector figure is now extracted as img_0461."
2002_Service_Manual_TI,sec_0233,602,5.5-filters_passing_noise,PASS,,"The images of sec_0233 near p602 are real figures. I saw no rule, logo or footer divider kept as an image.",
2002_Service_Manual_TI,sec_0233,602,5.5-image_section_mapping,PASS,,On p602: p602 figure B6H1611A (ambient sensor and OUT.T 23C display) is img_0461 (vector). It is complete and mapped to sec_0233. The p603 diagram B6H1515A is img_0462.,
2002_Service_Manual_TI,sec_0235,609,5.4-hierarchy_level,PASS,,"sec_0235 '1. Front Seat' has hierarchy_level 4. It is a numbered sub-section under sec_0234 (SEATS), and the printed heading on p609 or its first page looks like the other numbered sections of the same chapter.",
2002_Service_Manual_TI,sec_0235,609,5.4-parent_child,PASS,,The parent of sec_0235 is sec_0234 (SEATS). This matches the chapter the page belongs to (p606-610).,
2002_Service_Manual_TI,sec_0235,609,5.4-page_start_end,PASS,,"sec_0235 runs p606-610. The section starts with heading #/texts/8330 on p606 and ends with folio SE-6 on p610. The p611 running header is no longer in this section. The p609 seat heater text is here. Last node is #/texts/8417 ""SE-6"" on p610.","Old FAIL (BUG-022, v2): now fixed. The p611 running header is no longer in this section."
2002_Service_Manual_TI,sec_0235,609,5.4-hierarchy_path,PASS,,The path ends with '1. Front Seat' under sec_0234 (SEATS). The order matches the printed titles on the pages.,
2002_Service_Manual_TI,sec_0235,609,5.4-gaps_duplicates,PASS,,I found no gap or duplicate for sec_0235 on p606-610. Semantic_order is continuous inside the section and the neighbours start right after it.,
2002_Service_Manual_TI,sec_0235,609,5.4-flagged_for_review,PASS,,sec_0235 has flagged_for_review false and verification score near 100. I saw no sign on p609 that it should be flagged.,
2002_Service_Manual_TI,sec_0235,609,5.4-structural_source,PASS,,sec_0235 has structural_source 'toc'. The title is in the manual contents and matches the heading seen on p606.,
2002_Service_Manual_TI,sec_0235,609,5.6-numbering_scheme,PASS,,"The scheme is 'arabic'. The printed folio on p609 is SE-5 (chapter prefix plus number), which fits this scheme.",Chapter-prefixed folios are the manual convention. They are not a roman or alphanumeric scheme.
2002_Service_Manual_TI,sec_0235,609,5.6-offset_applied,PASS,,"offset_applied is 0 and the sec_0235 heading appears on the expected physical page. Page 609 shows folio SE-5, which fits the section range p606-610.",
2002_Service_Manual_TI,sec_0235,609,5.5-filters_discarding,PASS,,On p609: p609 has one figure G5H0503 (seat heater with thermostat labels). It is img_0466 and is mapped to sec_0235. The crop is complete. No meaningful figure is missing.,
2002_Service_Manual_TI,sec_0235,609,5.5-filters_passing_noise,PASS,,"The images of sec_0235 near p609 are real figures. I saw no rule, logo or footer divider kept as an image.",
2002_Service_Manual_TI,sec_0235,609,5.5-image_section_mapping,PASS,,On p609: p609 has one figure G5H0503 (seat heater with thermostat labels). It is img_0466 and is mapped to sec_0235. The crop is complete.,
2002_Service_Manual_TI,sec_0239,615,5.4-hierarchy_level,PASS,,"sec_0239 '2. Power Door Lock' has hierarchy_level 4. It is a numbered sub-section under sec_0237 (SECURITY AND LOCKS), and the printed heading on p615 or its first page looks like the other numbered sections of the same chapter.",
2002_Service_Manual_TI,sec_0239,615,5.4-parent_child,PASS,,The parent of sec_0239 is sec_0237 (SECURITY AND LOCKS). This matches the chapter the page belongs to (p615).,
2002_Service_Manual_TI,sec_0239,615,5.4-page_start_end,PASS,,"sec_0239 runs p615. The section has one page. Heading #/texts/8460, the 11-item legend and folio #/texts/8485 are all on p615. The p616 running header is no longer in this section. Last node is #/texts/8485 ""SL-3"" on p615.","Old FAIL (BUG-022, v2): now fixed. The p616 running header is no longer in this section."
2002_Service_Manual_TI,sec_0239,615,5.4-hierarchy_path,PASS,,The path ends with '2. Power Door Lock' under sec_0237 (SECURITY AND LOCKS). The order matches the printed titles on the pages.,
2002_Service_Manual_TI,sec_0239,615,5.4-gaps_duplicates,PASS,,I found no gap or duplicate for sec_0239 on p615. Semantic_order is continuous inside the section and the neighbours start right after it.,
2002_Service_Manual_TI,sec_0239,615,5.4-flagged_for_review,PASS,,sec_0239 has flagged_for_review false and verification score near 100. I saw no sign on p615 that it should be flagged.,
2002_Service_Manual_TI,sec_0239,615,5.4-structural_source,PASS,,sec_0239 has structural_source 'toc'. The title is in the manual contents and matches the heading seen on p615.,
2002_Service_Manual_TI,sec_0239,615,5.6-numbering_scheme,PASS,,"The scheme is 'arabic'. The printed folio on p615 is SL-3 (chapter prefix plus number), which fits this scheme.",Chapter-prefixed folios are the manual convention. They are not a roman or alphanumeric scheme.
2002_Service_Manual_TI,sec_0239,615,5.6-offset_applied,PASS,,"offset_applied is 0 and the sec_0239 heading appears on the expected physical page. Page 615 shows folio SL-3, which fits the section range p615.",
2002_Service_Manual_TI,sec_0239,615,5.5-filters_discarding,PASS,,"On p615: p615 has circuit diagram B6H1651A (control module, lock and unlock outputs, five lock actuators). It is img_0471 (vector, complete) and is mapped to sec_0239. The legend stays as text nodes. No meaningful figure is missing.","Old FAIL (BUG-010, v2): now fixed. The p615 vector circuit diagram is now extracted as img_0471."
2002_Service_Manual_TI,sec_0239,615,5.5-filters_passing_noise,PASS,,"The images of sec_0239 near p615 are real figures. I saw no rule, logo or footer divider kept as an image.",
2002_Service_Manual_TI,sec_0239,615,5.5-image_section_mapping,PASS,,"On p615: p615 has circuit diagram B6H1651A (control module, lock and unlock outputs, five lock actuators). It is img_0471 (vector, complete) and is mapped to sec_0239. The legend stays as text nodes.",
2002_Service_Manual_TI,sec_0243,622,5.4-hierarchy_level,PASS,,"sec_0243 '1. Sunroof' has hierarchy_level 4. It is a numbered sub-section under sec_0242 (SUNROOF/T-TOP/CONVERTIBLE TOP), and the printed heading on p622 or its first page looks like the other numbered sections of the same chapter.",
2002_Service_Manual_TI,sec_0243,622,5.4-parent_child,PASS,,The parent of sec_0243 is sec_0242 (SUNROOF/T-TOP/CONVERTIBLE TOP). This matches the chapter the page belongs to (p620-624).,
2002_Service_Manual_TI,sec_0243,622,5.4-page_start_end,PASS,,"sec_0243 runs p620-624. The section starts with heading #/texts/8530 on p620 and ends with the MEMO page p624 (folio SR-6). Section B: WAGON on p622 is inside this section. Last node is #/texts/8586 ""SR-6"" on p624.",
2002_Service_Manual_TI,sec_0243,622,5.4-hierarchy_path,PASS,,The path ends with '1. Sunroof' under sec_0242 (SUNROOF/T-TOP/CONVERTIBLE TOP). The order matches the printed titles on the pages.,
2002_Service_Manual_TI,sec_0243,622,5.4-gaps_duplicates,PASS,,I found no gap or duplicate for sec_0243 on p620-624. Semantic_order is continuous inside the section and the neighbours start right after it.,
2002_Service_Manual_TI,sec_0243,622,5.4-flagged_for_review,PASS,,sec_0243 has flagged_for_review false and verification score near 100. I saw no sign on p622 that it should be flagged.,
2002_Service_Manual_TI,sec_0243,622,5.4-structural_source,PASS,,sec_0243 has structural_source 'toc'. The title is in the manual contents and matches the heading seen on p620.,
2002_Service_Manual_TI,sec_0243,622,5.6-numbering_scheme,PASS,,"The scheme is 'arabic'. The printed folio on p622 is SR-4 (chapter prefix plus number), which fits this scheme.",Chapter-prefixed folios are the manual convention. They are not a roman or alphanumeric scheme.
2002_Service_Manual_TI,sec_0243,622,5.6-offset_applied,PASS,,"offset_applied is 0 and the sec_0243 heading appears on the expected physical page. Page 622 shows folio SR-4, which fits the section range p620-624.",
2002_Service_Manual_TI,sec_0243,622,5.5-filters_discarding,PASS,,"On p622: p622 has one figure B5H0629A (wagon sunroof, labels 1 to 5). It is img_0474 and is mapped to sec_0243. The crop is complete. No meaningful figure is missing.",
2002_Service_Manual_TI,sec_0243,622,5.5-filters_passing_noise,PASS,,"The images of sec_0243 near p622 are real figures. I saw no rule, logo or footer divider kept as an image.",
2002_Service_Manual_TI,sec_0243,622,5.5-image_section_mapping,PASS,,"On p622: p622 has one figure B5H0629A (wagon sunroof, labels 1 to 5). It is img_0474 and is mapped to sec_0243. The crop is complete.",
2002_Service_Manual_TI,sec_0247,629,5.4-hierarchy_level,PASS,,"sec_0247 CRUISE CONTROL SYSTEM is level 3 under NEW CAR INFORMATION SECTION (level 2). On p629 it is a chapter title with the ""CC"" tab. Its child sec_0248 is level 4.",
2002_Service_Manual_TI,sec_0247,629,5.4-parent_child,PASS,,"Parent is sec_0002 and its child_sections list sec_0247. Child sec_0248 (""1. Cruise Control"", p630-638) lists sec_0247 as parent. This matches the p629 contents line ""1. Cruise Control ... 2"".",
2002_Service_Manual_TI,sec_0247,629,5.4-page_start_end,PASS,,"Section has 3 nodes, all on p629: #/texts/8619 title, #/texts/8620 ""CC"", #/texts/8621 contents line. The p630 running header nodes (#/texts/8622, 8623) now belong to sec_0248. page_end 638 is the end of the child sec_0248.","Old FAIL (BUG-022, v2): now fixed. The running header lines of p630 are no longer in sec_0247."
2002_Service_Manual_TI,sec_0247,629,5.4-hierarchy_path,PASS,,Path is /2002 LEGACY SERVICE MANUAL/NEW CAR INFORMATION SECTION/CRUISE CONTROL SYSTEM. This is the correct order for a chapter-cover page.,
2002_Service_Manual_TI,sec_0247,629,5.4-gaps_duplicates,PASS,,"p629 text appears once, in sec_0247. Previous section sec_0246 ends on p628 and next sec_0248 starts on p630. No gap or overlap.",
2002_Service_Manual_TI,sec_0247,629,5.4-flagged_for_review,PASS,,"flagged_for_review is false and verification_score is 100. The title is visible on p629, so no flag is needed.",
2002_Service_Manual_TI,sec_0247,629,5.4-structural_source,PASS,,"structural_source is toc. The chapter title and its contents line are visible on p629, and the section starts there.",
2002_Service_Manual_TI,sec_0247,629,5.6-numbering_scheme,PASS,,"numbering_scheme is arabic. Chapter pages are numbered CC-2, CC-3 and so on. The cover page p629 has no folio.",
2002_Service_Manual_TI,sec_0247,629,5.6-offset_applied,PASS,,"offset_applied is 0. Physical p629 is the chapter cover, and the child starts at physical p630 (printed CC-2). This is consistent with the TOC page numbers.",
2002_Service_Manual_TI,sec_0247,629,5.5-filters_discarding,PASS,,"p629 has only text, a rule and a black index tab on the right edge. No meaningful figure is lost.",The black tab is decoration only.
2002_Service_Manual_TI,sec_0247,629,5.5-filters_passing_noise,PASS,,No image is mapped to sec_0247 in images.json. The black tab on p629 and the rule are not kept as images.,
2002_Service_Manual_TI,sec_0247,629,5.5-image_section_mapping,PASS,,"p629 has no figure to map. No image is assigned to sec_0247, which is correct. All figures of p630-638 go to sec_0248.",
2002_Service_Manual_TI,sec_0248,635,5.4-hierarchy_level,PASS,,"""1. Cruise Control"" is level 4 under the level 3 chapter sec_0247. On p630 it is a numbered heading with A:, B: subtopics under it.",
2002_Service_Manual_TI,sec_0248,635,5.4-parent_child,PASS,,"parent_section_id is sec_0247, which lists sec_0248 as child. No child sections. The A: to L: topics are headings inside the section, which is fine.",
2002_Service_Manual_TI,sec_0248,635,5.4-page_start_end,PASS,,"Section starts on p630 with #/texts/8624 ""1. Cruise Control"" after the running header nodes. It ends on p638 with ""MEMO"" (#/texts/8726) and folio CC-10 (#/texts/8727). The next chapter starts on p639. Sampled p635 content (H, I, J) is all in sec_0248.",
2002_Service_Manual_TI,sec_0248,635,5.4-hierarchy_path,PASS,,Path ends with CRUISE CONTROL SYSTEM/1. Cruise Control. This matches the visible chapter and heading.,
2002_Service_Manual_TI,sec_0248,635,5.4-gaps_duplicates,PASS,,"Nodes run in order from p630 to p638 with no jumps. The p635 text (H: CANCEL SIGNALS, I:, J:) appears once. Previous sec_0247 ends on p629 and next sec_0249 starts on p639.",
2002_Service_Manual_TI,sec_0248,635,5.4-flagged_for_review,PASS,,flagged_for_review is false and verification_score is 100. The heading is visible on p630.,
2002_Service_Manual_TI,sec_0248,635,5.4-structural_source,PASS,,"structural_source is toc. The heading ""1. Cruise Control"" is on p630 as the TOC says.",
2002_Service_Manual_TI,sec_0248,635,5.6-numbering_scheme,PASS,,numbering_scheme is arabic. Folios CC-2 to CC-10 are visible (p635 shows CC-7). This is a prefixed arabic scheme inside one chapter.,
2002_Service_Manual_TI,sec_0248,635,5.6-offset_applied,PASS,,"offset_applied is 0. Physical p635 shows folio CC-7. The chapter starts at CC-2 on p630, so p635 is CC-7. The p629 contents line says page 2, which matches p630.",
2002_Service_Manual_TI,sec_0248,635,5.6-table_content,PASS,,"p635 has no table. The only table in sec_0248 is #/tables/99 on p631 (""C: CONTROL AND OPERATION""). I rendered p631. All 8 rows match the page: Constant speed, Speed setting, Deceleration, Acceleration, Resume, Manual cancel, Low speed limit and Motor control. The text is complete and each name stays with its description.",No table on the sampled page. I checked #/tables/99 on p631 instead.
2002_Service_Manual_TI,sec_0248,635,5.5-filters_discarding,PASS,,"p635 has one figure, the throttle cam drawing B6H1300A with labels (1), (2), (3). It is img_0483 (2270x1260). I opened it and it shows the full drawing and all three labels. The figures of p630, p632-634, p636 are also in images.json.","I also opened img_0478, 0479, 0480, 0481, 0482 and 0484. All show complete figures. p631 has only a table and p637 only text, so nothing is lost there."
2002_Service_Manual_TI,sec_0248,635,5.5-filters_passing_noise,PASS,,"Eight images (img_0478 to img_0484) are mapped to sec_0248. I opened them all. Each is a real figure. The crops have no header, footer or body text.",
2002_Service_Manual_TI,sec_0248,635,5.5-image_section_mapping,PASS,,"img_0483 (p635, throttle cam with cables) belongs to ""J: ENGINE THROTTLE"" in sec_0248. The other images (p630, 632, 633 x2, 634, 636) are also on pages owned by sec_0248. No sibling shares these pages.",
2002_Service_Manual_TI,sec_0251,642,5.4-hierarchy_level,PASS,,"""2. Trailer Lights Connector"" is level 4 under the level 3 chapter sec_0249. The p641 heading is a numbered heading with ""A: DESCRIPTION"" below it.",
2002_Service_Manual_TI,sec_0251,642,5.4-parent_child,PASS,,"parent_section_id is sec_0249, which lists sec_0251 as a child. It is the second contents entry on p639. No children.",
2002_Service_Manual_TI,sec_0251,642,5.4-page_start_end,PASS,,"Section starts on p641 with the running header nodes and the heading #/texts/8758. It ends on p642 with ""MEMO"" (#/texts/8770) and folio EI-4 (#/texts/8771). All p641 text, the legend and ""B6H1434A"" are in this section.",
2002_Service_Manual_TI,sec_0251,642,5.4-hierarchy_path,PASS,,Path ends with EXTERIOR/INTERIOR TRIM/2. Trailer Lights Connector. It matches the visible chapter and heading.,
2002_Service_Manual_TI,sec_0251,642,5.4-gaps_duplicates,PASS,,"Previous sec_0250 is only p640. sec_0251 covers p641-642 once. The p641 legend text appears once, as nodes #/texts/8761 to 8765.",
2002_Service_Manual_TI,sec_0251,642,5.4-flagged_for_review,PASS,,"flagged_for_review is false, verification_score is 100. The heading is visible on p641.",
2002_Service_Manual_TI,sec_0251,642,5.4-structural_source,PASS,,structural_source is toc. The heading is on p641 as the TOC says (printed page 3).,
2002_Service_Manual_TI,sec_0251,642,5.6-numbering_scheme,PASS,,numbering_scheme is arabic. p641 shows folio EI-3 and p642 shows EI-4. This matches the chapter-prefixed scheme.,
2002_Service_Manual_TI,sec_0251,642,5.6-offset_applied,PASS,,"offset_applied is 0. The TOC says printed page 3, and EI-3 is on physical p641 (cover p639 = page 1). It is consistent.",
2002_Service_Manual_TI,sec_0251,642,5.6-table_content,FAIL,Low,"Sampled p642 has no table (MEMO page). The section table #/tables/100 is on p641 and its text is the empty placeholder ""[Table 0x0]"". The p641 render shows a 2x5 connector grid with pins (1) to (10). It is a drawing, not a data table. The pin names are in the legend text nodes #/texts/8761 to 8765, so no information is lost. The figure itself is now img_0486.","Old FAIL (BUG-021, v2.9): still present. The empty [Table 0x0] placeholder is still there. Low by the contract. Probably the drawing was read as a table."
2002_Service_Manual_TI,sec_0251,642,5.5-filters_discarding,PASS,,"p642 is blank. On p641 the connector drawing B6H1434A is now extracted as img_0486 (663x290, origin vector). I opened it. It shows the full 2x5 grid with pins (1) to (10) and the top tab. Nothing meaningful is lost.","Old FAIL (BUG-020, v2): now fixed. The figure was dropped before, and it is now in images.json."
2002_Service_Manual_TI,sec_0251,642,5.5-filters_passing_noise,PASS,,"Only one image is mapped, img_0486. It is the connector grid without extra text or header. It is a real figure, not decoration.",
2002_Service_Manual_TI,sec_0251,642,5.5-image_section_mapping,PASS,,"img_0486 is on p641 and is mapped to sec_0251. p641 belongs only to sec_0251, so the mapping is right. p642 is blank.",
2002_Service_Manual_TI,DOCUMENT-LEVEL,,5.6-sanity_report,,,,
2002_Service_Manual_TI,sec_0009,31,5.4-hierarchy_level,PASS,,'3. Fuel Line' is the heading at the top of p28. The tree has hierarchy_level 4 for 3. Fuel Line. This fits its place under sec_0006.,
2002_Service_Manual_TI,sec_0009,31,5.4-parent_child,PASS,,parent_section_id is sec_0006. The printed titles on p31 fit this parent and the child list.,
2002_Service_Manual_TI,sec_0009,31,5.4-page_start_end,PASS,,"p31 shows the injector figure and its legend. All p31 nodes (#/texts/288 to #/texts/296) are in sec_0009, which owns p28-38. Nothing belongs to a neighbour.",
2002_Service_Manual_TI,sec_0009,31,5.4-hierarchy_path,PASS,,hierarchy_path is .../FUEL INJECTION (FUEL SYSTEM)/3. Fuel Line. The order matches the printed chapter and section titles.,
2002_Service_Manual_TI,sec_0009,31,5.4-gaps_duplicates,PASS,,Page range p28-38. The p31 nodes appear once and in one section. The neighbour sections start where this one ends. No gap or overlap seen.,
2002_Service_Manual_TI,sec_0009,31,5.4-flagged_for_review,PASS,,"flagged_for_review is false and verification_score is 100. Content on p31 matches the section title, so no flag is needed.",
2002_Service_Manual_TI,sec_0009,31,5.4-structural_source,PASS,,structural_source is toc. The title for 3. Fuel Line on p31 matches the bookmark title and the printed heading.,
2002_Service_Manual_TI,sec_0009,31,5.6-numbering_scheme,PASS,,"numbering_scheme is arabic. The printed folio on p31 is FU-11, a chapter prefix plus an arabic number. The chapter contents list plain arabic numbers.",Folios use a chapter prefix. Arabic is acceptable for the digits.
2002_Service_Manual_TI,sec_0009,31,5.6-offset_applied,PASS,,"offset_applied is 0 and the bookmark page equals the physical page. Folio FU-11 on physical p31 fits the chapter start, so the mapping is right.",
2002_Service_Manual_TI,sec_0009,31,5.5-filters_discarding,PASS,,p31 has a figure (injector cross-section with labels (1) to (6)). It was kept as img_0011. The crop shows the full cross-section with labels (1) to (6); the legend is in #/texts/291 to #/texts/293. Nothing meaningful was dropped.,
2002_Service_Manual_TI,sec_0009,31,5.5-filters_passing_noise,PASS,,"img_0011 is a real figure and has no extra text, rules or tabs. No noise was kept as an image on p31.",
2002_Service_Manual_TI,sec_0009,31,5.5-image_section_mapping,PASS,,"img_0011 is on p31 and mapped to sec_0009, which owns that page. The mapping is right.",
2002_Service_Manual_TI,sec_0009,38,5.4-hierarchy_level,PASS,,'3. Fuel Line' is the heading at the top of p28. The tree has hierarchy_level 4 for 3. Fuel Line. This fits its place under sec_0006.,
2002_Service_Manual_TI,sec_0009,38,5.4-parent_child,PASS,,parent_section_id is sec_0006. The printed titles on p38 fit this parent and the child list.,
2002_Service_Manual_TI,sec_0009,38,5.4-page_start_end,PASS,,p38 shows 'F: SUB-COMPARTMENT FUEL LEVEL SENSOR'. Nodes up to #/texts/443 'B2H2912B' on p38 are the last ones in sec_0009. The next node on p39 starts sec_0010. Range p28-38 is right.,
2002_Service_Manual_TI,sec_0009,38,5.4-hierarchy_path,PASS,,hierarchy_path is .../FUEL INJECTION (FUEL SYSTEM)/3. Fuel Line. The order matches the printed chapter and section titles.,
2002_Service_Manual_TI,sec_0009,38,5.4-gaps_duplicates,PASS,,Page range p28-38. The p38 nodes appear once and in one section. The neighbour sections start where this one ends. No gap or overlap seen.,
2002_Service_Manual_TI,sec_0009,38,5.4-flagged_for_review,PASS,,"flagged_for_review is false and verification_score is 100. Content on p38 matches the section title, so no flag is needed.",
2002_Service_Manual_TI,sec_0009,38,5.4-structural_source,PASS,,structural_source is toc. The title for 3. Fuel Line on p38 matches the bookmark title and the printed heading.,
2002_Service_Manual_TI,sec_0009,38,5.6-numbering_scheme,PASS,,"numbering_scheme is arabic. The printed folio on p38 is FU-18, a chapter prefix plus an arabic number. The chapter contents list plain arabic numbers.",Folios use a chapter prefix. Arabic is acceptable for the digits.
2002_Service_Manual_TI,sec_0009,38,5.6-offset_applied,PASS,,"offset_applied is 0 and the bookmark page equals the physical page. Folio FU-18 on physical p38 fits the chapter start, so the mapping is right.",
2002_Service_Manual_TI,sec_0009,38,5.5-filters_discarding,PASS,,p38 has a figure (sub-compartment fuel level sensor drawing). It was kept as img_0017. The crop shows the full drawing with leader lines; the number labels (1) to (3) and the legend are in text nodes #/texts/436 to #/texts/440. Nothing meaningful was dropped.,
2002_Service_Manual_TI,sec_0009,38,5.5-filters_passing_noise,PASS,,"img_0017 is a real figure and has no extra text, rules or tabs. No noise was kept as an image on p38.",
2002_Service_Manual_TI,sec_0009,38,5.5-image_section_mapping,PASS,,"img_0017 is on p38 and mapped to sec_0009, which owns that page. The mapping is right.",
2002_Service_Manual_TI,sec_0010,40,5.4-hierarchy_level,PASS,,'4. Sensors and Switches' starts on p39; p40 and p41 continue the section. The tree has hierarchy_level 4 for 4. Sensors and Switches. This fits its place under sec_0006.,
2002_Service_Manual_TI,sec_0010,40,5.4-parent_child,PASS,,parent_section_id is sec_0006. The printed titles on p40 fit this parent and the child list.,
2002_Service_Manual_TI,sec_0010,40,5.4-page_start_end,PASS,,"p40 continues the oxygen sensor text and figure. Its nodes are inside sec_0010 (p39-49). Section starts with the p39 slug and the heading '4. Sensors and Switches', and ends with p49 nodes. No p50 node is included.",
2002_Service_Manual_TI,sec_0010,40,5.4-hierarchy_path,PASS,,hierarchy_path is .../FUEL INJECTION (FUEL SYSTEM)/4. Sensors and Switches. The order matches the printed chapter and section titles.,
2002_Service_Manual_TI,sec_0010,40,5.4-gaps_duplicates,PASS,,Page range p39-49. The p40 nodes appear once and in one section. The neighbour sections start where this one ends. No gap or overlap seen.,
2002_Service_Manual_TI,sec_0010,40,5.4-flagged_for_review,PASS,,"flagged_for_review is false and verification_score is 100. Content on p40 matches the section title, so no flag is needed.",
2002_Service_Manual_TI,sec_0010,40,5.4-structural_source,PASS,,structural_source is toc. The title for 4. Sensors and Switches on p40 matches the bookmark title and the printed heading.,
2002_Service_Manual_TI,sec_0010,40,5.6-numbering_scheme,PASS,,"numbering_scheme is arabic. The printed folio on p40 is FU-20, a chapter prefix plus an arabic number. The chapter contents list plain arabic numbers.",Folios use a chapter prefix. Arabic is acceptable for the digits.
2002_Service_Manual_TI,sec_0010,40,5.6-offset_applied,PASS,,"offset_applied is 0 and the bookmark page equals the physical page. Folio FU-20 on physical p40 fits the chapter start, so the mapping is right.",
2002_Service_Manual_TI,sec_0010,40,5.5-filters_discarding,PASS,,p40 has a figure (oxygen sensor section and output current graph). It was kept as img_0019. The crop shows both drawings (sensor and graph); the text labels such as Atmospheric air and Lean / Air-fuel ratio / Rich are in nodes #/texts/470 and #/texts/471. Nothing meaningful was dropped.,
2002_Service_Manual_TI,sec_0010,40,5.5-filters_passing_noise,PASS,,"img_0019 is a real figure and has no extra text, rules or tabs. No noise was kept as an image on p40.",
2002_Service_Manual_TI,sec_0010,40,5.5-image_section_mapping,PASS,,"img_0019 is on p40 and mapped to sec_0010, which owns that page. The mapping is right.",
2002_Service_Manual_TI,sec_0032,114,5.4-hierarchy_level,PASS,,On p114 the heading '3. Crankcase Emission Control System' is a large top-level heading of the page. Node level 4 is correct under its parent chapter sec_0029.,
2002_Service_Manual_TI,sec_0032,114,5.4-parent_child,PASS,,"sec_0032 has parent sec_0029 and no children. The render shows no sub-headings with their own numbers, only 'A:/B:' topic lines inside the section.",
2002_Service_Manual_TI,sec_0032,114,5.4-page_start_end,PASS,,"page_start 114, page_end 115. On p114 the section starts with its heading (texts/1769) and three bullet paragraphs. It ends on p115 with B2H3534D and EC-7 (texts/1800, 1801). The p116 running header is not inside.","Old FAIL on p115 (BUG-022, v2): now fixed. This row is for p114."
2002_Service_Manual_TI,sec_0032,114,5.4-hierarchy_path,PASS,,hierarchy_path ends with '3. Crankcase Emission Control System' under EMISSION CONTROL (AUX. EMISSION CONTROL DEVICES). This matches the page header text and the nesting.,
2002_Service_Manual_TI,sec_0032,114,5.4-gaps_duplicates,PASS,,Nodes texts/1768 to 1801 run in order on p114 and p115 with no gap. sec_0033 starts on p116 with no overlap.,
2002_Service_Manual_TI,sec_0032,114,5.4-flagged_for_review,PASS,,"flagged_for_review is false and verification_score is 100. The heading is found on p114, so no flag is needed.",
2002_Service_Manual_TI,sec_0032,114,5.4-structural_source,PASS,,structural_source is 'toc'. The title '3. Crankcase Emission Control System' is visible on p114 as an embedded bookmark target.,
2002_Service_Manual_TI,sec_0032,114,5.6-numbering_scheme,PASS,,"Printed folios are chapter-prefixed (EC-6, EC-7). Scheme 'arabic' with offset 0 maps bookmark page to physical page.",Printed folio has a chapter prefix. This is the same document-level scheme used in all sections.
2002_Service_Manual_TI,sec_0032,114,5.6-offset_applied,PASS,,"offset_applied is 0. The section heading is on physical p114, which equals page_start in the tree.",
2002_Service_Manual_TI,sec_0032,114,5.5-filters_discarding,PASS,,"p114 has only text, with no figure in the render. The figure on p115 is img_0069 and is checked on the p115 rows. No image was dropped on p114.",
2002_Service_Manual_TI,sec_0032,114,5.5-filters_passing_noise,PASS,,"The section has one image, img_0069, and it is a real figure. No noise image is kept.",
2002_Service_Manual_TI,sec_0032,114,5.5-image_section_mapping,PASS,,"p114 has no figure and no image is mapped to it. img_0069 on p115 is mapped to sec_0032, which owns p115.",
2002_Service_Manual_TI,sec_0042,129,5.4-hierarchy_level,PASS,,"On p129 (ME-3) the heading '2. Timing Belt' is a numbered topic heading. sec_0042 has hierarchy_level 4, same as its siblings.",
2002_Service_Manual_TI,sec_0042,129,5.4-parent_child,PASS,,"sec_0042 has parent_section_id sec_0040 (sec_0040 MECHANICAL). It has no children, and the page shows no sub-topics.",
2002_Service_Manual_TI,sec_0042,129,5.4-page_start_end,PASS,,"All nodes are on p129 (ME-3): heading, three bullets, the figure with callouts (1)-(13), legend and NOTE. The first node is the page running header, the last is the ME-3 folio. No content of the neighbouring sections is inside, and page_start equals page_end.",
2002_Service_Manual_TI,sec_0042,129,5.4-hierarchy_path,PASS,,hierarchy_path is /2002 LEGACY SERVICE MANUAL/NEW CAR INFORMATION SECTION/MECHANICAL/2. Timing Belt. This matches the page header and chapter tab on p129 (ME-3) and the order of parent and grandparent.,
2002_Service_Manual_TI,sec_0042,129,5.4-gaps_duplicates,PASS,,The topics in the contents of this chapter appear once each in the tree. sec_0042 covers p129 (ME-3) with no repeated nodes and no gap before or after it. Previous and next sections start where this one ends.,
2002_Service_Manual_TI,sec_0042,129,5.4-flagged_for_review,PASS,,"sec_0042 has flagged_for_review false and verification_score 100.0. The title '2. Timing Belt' is visible on p129 (ME-3), so no flag is needed.",
2002_Service_Manual_TI,sec_0042,129,5.4-structural_source,PASS,,structural_source is toc. The title '2. Timing Belt' matches a bookmark and the heading seen on p129 (ME-3).,
2002_Service_Manual_TI,sec_0042,129,5.6-numbering_scheme,PASS,,"numbering_scheme is arabic. The printed folio on p129 (ME-3) is arabic with a chapter prefix (for example EX-3, ME-3), so arabic is right.",
2002_Service_Manual_TI,sec_0042,129,5.6-offset_applied,PASS,,"offset_applied is 0. The section heading is on physical page 129 where page_start points, so no offset is needed.",
2002_Service_Manual_TI,sec_0042,129,5.5-filters_discarding,PASS,,"The figure(s) on p129 are extracted: img_0080 (timing belt figure NF0040). The crops show the full drawings, not cut. No visible figure is missing.",
2002_Service_Manual_TI,sec_0042,129,5.5-filters_passing_noise,PASS,,"The extracted image(s) img_0080 are real technical figures. No logo, rule or footer divider is kept as an image.",
2002_Service_Manual_TI,sec_0042,129,5.5-image_section_mapping,PASS,,img_0080 (timing belt figure NF0040) are mapped to sec_0042. They belong to it: the figures sit under heading '2. Timing Belt' on p129 and no sibling shares that page.,
2002_Service_Manual_TI,sec_0060,153,5.4-hierarchy_level,PASS,,"On p153 (CO-3) the heading '2. Cooling Circuits' is a numbered topic heading. sec_0060 has hierarchy_level 4, same as its siblings.",
2002_Service_Manual_TI,sec_0060,153,5.4-parent_child,PASS,,"sec_0060 has parent_section_id sec_0058 (sec_0058 COOLING). It has no children, and the page shows no sub-topics.",
2002_Service_Manual_TI,sec_0060,153,5.4-page_start_end,PASS,,"All nodes are on p153 (CO-3): heading, intro text, three phase paragraphs and the circuit diagram. The first node is the page running header, the last is the CO-3 folio. No content of the neighbouring sections is inside, and page_start equals page_end.",
2002_Service_Manual_TI,sec_0060,153,5.4-hierarchy_path,PASS,,hierarchy_path is /2002 LEGACY SERVICE MANUAL/NEW CAR INFORMATION SECTION/COOLING/2. Cooling Circuits. This matches the page header and chapter tab on p153 (CO-3) and the order of parent and grandparent.,
2002_Service_Manual_TI,sec_0060,153,5.4-gaps_duplicates,PASS,,The topics in the contents of this chapter appear once each in the tree. sec_0060 covers p153 (CO-3) with no repeated nodes and no gap before or after it. Previous and next sections start where this one ends.,
2002_Service_Manual_TI,sec_0060,153,5.4-flagged_for_review,PASS,,"sec_0060 has flagged_for_review false and verification_score 100.0. The title '2. Cooling Circuits' is visible on p153 (CO-3), so no flag is needed.",
2002_Service_Manual_TI,sec_0060,153,5.4-structural_source,PASS,,structural_source is toc. The title '2. Cooling Circuits' matches a bookmark and the heading seen on p153 (CO-3).,
2002_Service_Manual_TI,sec_0060,153,5.6-numbering_scheme,PASS,,"numbering_scheme is arabic. The printed folio on p153 (CO-3) is arabic with a chapter prefix (for example EX-3, ME-3), so arabic is right.",
2002_Service_Manual_TI,sec_0060,153,5.6-offset_applied,PASS,,"offset_applied is 0. The section heading is on physical page 153 where page_start points, so no offset is needed.",
2002_Service_Manual_TI,sec_0060,153,5.5-filters_discarding,PASS,,"The figure(s) on p153 are extracted: img_0098 (coolant circuit diagram B2H2915B). The crops show the full drawings, not cut. No visible figure is missing.",
2002_Service_Manual_TI,sec_0060,153,5.5-filters_passing_noise,PASS,,"The extracted image(s) img_0098 are real technical figures. No logo, rule or footer divider is kept as an image.",
2002_Service_Manual_TI,sec_0060,153,5.5-image_section_mapping,PASS,,img_0098 (coolant circuit diagram B2H2915B) are mapped to sec_0060. They belong to it: the figures sit under heading '2. Cooling Circuits' on p153 and no sibling shares that page.,
2002_Service_Manual_TI,sec_0086,185,5.4-hierarchy_level,PASS,,"On p183 the heading '2. Air Line' is printed as a numbered section title, one level under the chapter heading. The tree gives hierarchy_level 4, the same as its siblings. Smaller letter headings such as 'A:' or 'B:' stay inside the section as nodes.",
2002_Service_Manual_TI,sec_0086,185,5.4-parent_child,PASS,,"The parent of sec_0086 is sec_0084 ('FUEL INJECTION (FUEL SYSTEM)'), the chapter that holds this numbered section. child_sections is empty, which is right because the letter headings are only nodes. The previous and next sections are siblings at the same level.",
2002_Service_Manual_TI,sec_0086,185,5.4-page_start_end,PASS,,"sec_0086 covers p183-p185. It starts with running header lines and the heading '2. Air Line' (#/texts/2703-2705) on p183. It ends with 'FU-5' (#/texts/2756) on p185. sec_0087 (""3. Fuel Line"") starts on p186. No running header or heading of the next section is inside sec_0086, and no body text of sec_0086 is in a neighbour.",No old FAIL for this row.
2002_Service_Manual_TI,sec_0086,185,5.4-hierarchy_path,PASS,,The path ends with '2. Air Line' and goes through 'FUEL INJECTION (FUEL SYSTEM)' and 'NEW CAR INFORMATION SECTION' to the manual root '2002 LEGACY SERVICE MANUAL'. This order matches the page header and the heading '2. Air Line' on its start page.,
2002_Service_Manual_TI,sec_0086,185,5.4-gaps_duplicates,PASS,,Nodes of sec_0086 run in reading order over p183-p185 with no gap. I saw no node twice. The next section starts exactly where sec_0086 ends. On p185 all printed text and figures belong to sec_0086.,
2002_Service_Manual_TI,sec_0086,185,5.4-flagged_for_review,PASS,,"flagged_for_review is False and verification_score is 100. The heading '2. Air Line' is clearly visible on its page, so no flag is needed.",
2002_Service_Manual_TI,sec_0086,185,5.4-structural_source,PASS,,structural_source is 'toc'. The heading '2. Air Line' is a real bookmark entry and it is printed on its start page. No inferred section is involved.,
2002_Service_Manual_TI,sec_0086,185,5.6-numbering_scheme,PASS,,"numbering_scheme is 'arabic'. The printed folio on this section is a chapter code with a number (FU-5). It restarts for each chapter, and there is no roman or other page range inside sec_0086.","The folio has a chapter prefix. The tree uses physical page numbers, so this is accepted as in earlier versions."
2002_Service_Manual_TI,sec_0086,185,5.6-offset_applied,PASS,,offset_applied is 0. The heading '2. Air Line' is on physical page 183 and page_start of sec_0086 is the same. No shift is needed.,
2002_Service_Manual_TI,sec_0086,185,5.5-filters_discarding,PASS,,"p185 has two figures: the intake air temperature sensor drawing with its graph (B2H1428C) and the induction valve drawings (B2H3908B). Both are extracted: img_0121 (raster, 2334x711) shows the sensor and the curve, and img_0122 (vector, 999x508) shows both valve views with 'Mid-speed range' and 'Low and high speed ranges'. I opened both PNG files. Nothing is cut.",
2002_Service_Manual_TI,sec_0086,185,5.5-filters_passing_noise,PASS,,"img_0121 and img_0122 are real figures. img_0122 has its own title words and the code B2H3908B, which belong to the figure. No rule, logo or footer divider was kept as an image.",
2002_Service_Manual_TI,sec_0086,185,5.5-image_section_mapping,PASS,,On p185 img_0121 and img_0122 are mapped to sec_0086. Both figures sit under the headings 'F: INTAKE AIR TEMPERATURE SENSOR' and 'G: INDUCTION CONTROL SYSTEM' of sec_0086. No neighbour section shares p185.,
2002_Service_Manual_TI,sec_0087,193,5.4-hierarchy_level,PASS,,"On p186 the heading '3. Fuel Line' is printed as a numbered section title, one level under the chapter heading. The tree gives hierarchy_level 4, the same as its siblings. Smaller letter headings such as 'A:' or 'B:' stay inside the section as nodes.",
2002_Service_Manual_TI,sec_0087,193,5.4-parent_child,PASS,,"The parent of sec_0087 is sec_0084 ('FUEL INJECTION (FUEL SYSTEM)'), the chapter that holds this numbered section. child_sections is empty, which is right because the letter headings are only nodes. The previous and next sections are siblings at the same level.",
2002_Service_Manual_TI,sec_0087,193,5.4-page_start_end,PASS,,"sec_0087 covers p186-p198. It starts with running header lines and the heading '3. Fuel Line' (#/texts/2757-2759) on p186. It ends with 'FU-18' (#/texts/2953) on p198. sec_0088 (""4. Sensors and Switches"") starts on p199. No running header or heading of the next section is inside sec_0087, and no body text of sec_0087 is in a neighbour.",No old FAIL for this row.
2002_Service_Manual_TI,sec_0087,193,5.4-hierarchy_path,PASS,,The path ends with '3. Fuel Line' and goes through 'FUEL INJECTION (FUEL SYSTEM)' and 'NEW CAR INFORMATION SECTION' to the manual root '2002 LEGACY SERVICE MANUAL'. This order matches the page header and the heading '3. Fuel Line' on its start page.,
2002_Service_Manual_TI,sec_0087,193,5.4-gaps_duplicates,PASS,,Nodes of sec_0087 run in reading order over p186-p198 with no gap. I saw no node twice. The next section starts exactly where sec_0087 ends. On p193 all printed text and figures belong to sec_0087.,
2002_Service_Manual_TI,sec_0087,193,5.4-flagged_for_review,PASS,,"flagged_for_review is False and verification_score is 100. The heading '3. Fuel Line' is clearly visible on its page, so no flag is needed.",
2002_Service_Manual_TI,sec_0087,193,5.4-structural_source,PASS,,structural_source is 'toc'. The heading '3. Fuel Line' is a real bookmark entry and it is printed on its start page. No inferred section is involved.,
2002_Service_Manual_TI,sec_0087,193,5.6-numbering_scheme,PASS,,"numbering_scheme is 'arabic'. The printed folio on this section is a chapter code with a number (FU-8 (p188) and FU-13 (p193)). It restarts for each chapter, and there is no roman or other page range inside sec_0087.","The folio has a chapter prefix. The tree uses physical page numbers, so this is accepted as in earlier versions."
2002_Service_Manual_TI,sec_0087,193,5.6-offset_applied,PASS,,offset_applied is 0. The heading '3. Fuel Line' is on physical page 186 and page_start of sec_0087 is the same. No shift is needed.,
2002_Service_Manual_TI,sec_0087,193,5.5-filters_discarding,PASS,,"p193 has one figure: the fuel tank with the hold-down band (B2H2913C). It is extracted as img_0127 (raster, 1004x1244). I opened it. The tank, both bands, the bolts and the cut-out detail are all there. Labels (1)-(3) are text nodes.",
2002_Service_Manual_TI,sec_0087,193,5.5-filters_passing_noise,PASS,,"img_0127 is a real figure with no header, footer or rule inside. No noise image on p193.",
2002_Service_Manual_TI,sec_0087,193,5.5-image_section_mapping,PASS,,img_0127 is mapped to sec_0087 (page_no 193). The figure belongs to the text of 'D: FUEL TANK' that continues on p193. No other section owns p193.,
2002_Service_Manual_TI,sec_0089,214,5.4-hierarchy_level,PASS,,"On p208 the heading '5. Control System' is printed as a numbered section title, one level under the chapter heading. The tree gives hierarchy_level 4, the same as its siblings. Smaller letter headings such as 'A:' or 'B:' stay inside the section as nodes.",
2002_Service_Manual_TI,sec_0089,214,5.4-parent_child,PASS,,"The parent of sec_0089 is sec_0084 ('FUEL INJECTION (FUEL SYSTEM)'), the chapter that holds this numbered section. child_sections is empty, which is right because the letter headings are only nodes. The previous and next sections are siblings at the same level.",
2002_Service_Manual_TI,sec_0089,214,5.4-page_start_end,PASS,,"sec_0089 covers p208-p215. It starts with the heading '5. Control System' (#/texts/3106) on p208. It ends with table #/tables/50 and 'FU-35' (#/texts/3240) on p215. sec_0090 (""6. On-board Diagnosis System"") starts on p216. No running header or heading of the next section is inside sec_0089, and no body text of sec_0089 is in a neighbour.",No old FAIL for this row.
2002_Service_Manual_TI,sec_0089,214,5.4-hierarchy_path,PASS,,The path ends with '5. Control System' and goes through 'FUEL INJECTION (FUEL SYSTEM)' and 'NEW CAR INFORMATION SECTION' to the manual root '2002 LEGACY SERVICE MANUAL'. This order matches the page header and the heading '5. Control System' on its start page.,
2002_Service_Manual_TI,sec_0089,214,5.4-gaps_duplicates,PASS,,Nodes of sec_0089 run in reading order over p208-p215 with no gap. I saw no node twice. The next section starts exactly where sec_0089 ends. On p214 all printed text and figures belong to sec_0089.,
2002_Service_Manual_TI,sec_0089,214,5.4-flagged_for_review,PASS,,"flagged_for_review is False and verification_score is 100. The heading '5. Control System' is clearly visible on its page, so no flag is needed.",
2002_Service_Manual_TI,sec_0089,214,5.4-structural_source,PASS,,structural_source is 'toc'. The heading '5. Control System' is a real bookmark entry and it is printed on its start page. No inferred section is involved.,
2002_Service_Manual_TI,sec_0089,214,5.6-numbering_scheme,PASS,,"numbering_scheme is 'arabic'. The printed folio on this section is a chapter code with a number (FU-28 (p208) and FU-34 (p214)). It restarts for each chapter, and there is no roman or other page range inside sec_0089.","The folio has a chapter prefix. The tree uses physical page numbers, so this is accepted as in earlier versions."
2002_Service_Manual_TI,sec_0089,214,5.6-offset_applied,PASS,,offset_applied is 0. The heading '5. Control System' is on physical page 208 and page_start of sec_0089 is the same. No shift is needed.,
2002_Service_Manual_TI,sec_0089,214,5.6-table_content,PASS,,There is no table on p214. The nearby table #/tables/50 is on p215. Its text has 4 rows and 3 columns and it matches the printed table on p215 ('Ignition switch ON | Fuel pump relay | Fuel pump' and the four condition rows).,No old FAIL for this row. The p209 table is judged in the p208 row.
2002_Service_Manual_TI,sec_0089,214,5.5-filters_discarding,PASS,,"p214 has one figure: the crank angle and cam angle pulse chart B2H3914B. It is extracted as img_0143 (origin vector, 988x427). I opened it. The row labels (1)-(4), the ranges (A)(B)(C), the cylinder labels and the ignition curves are all inside the crop.",
2002_Service_Manual_TI,sec_0089,214,5.5-filters_passing_noise,PASS,,"img_0143 is a real figure. It holds no header, footer or rule. No noise image on p214.",
2002_Service_Manual_TI,sec_0089,214,5.5-image_section_mapping,PASS,,img_0143 is mapped to sec_0089 (page_no 214). It matches the figure under the bullet text 'The ECM outputs an ignition signal...' of sec_0089.,
2002_Service_Manual_TI,sec_0099,229,5.4-hierarchy_level,PASS,,"On p227 the heading '8. Evaporative Emission Control System' is printed as a numbered section title, one level under the chapter heading. The tree gives hierarchy_level 4, the same as its siblings. Smaller letter headings such as 'A:' or 'B:' stay inside the section as nodes.",
2002_Service_Manual_TI,sec_0099,229,5.4-parent_child,PASS,,"The parent of sec_0099 is sec_0091 ('EMISSION CONTROL (AUX. EMISSION CONTROL DEVICES)'), the chapter that holds this numbered section. child_sections is empty, which is right because the letter headings are only nodes. The previous and next sections are siblings at the same level.",
2002_Service_Manual_TI,sec_0099,229,5.4-page_start_end,PASS,,"sec_0099 covers p227-p229. It starts with the heading '8. Evaporative Emission Control System' (#/texts/3444) on p227. It ends with 'EC-13' (#/texts/3509) on p229. sec_0100 (""9. Vacuum Connections"") starts on p230. No running header or heading of the next section is inside sec_0099, and no body text of sec_0099 is in a neighbour.",No old FAIL for this row.
2002_Service_Manual_TI,sec_0099,229,5.4-hierarchy_path,PASS,,The path ends with '8. Evaporative Emission Control System' and goes through 'EMISSION CONTROL (AUX. EMISSION CONTROL DEVICES)' and 'NEW CAR INFORMATION SECTION' to the manual root '2002 LEGACY SERVICE MANUAL'. This order matches the page header and the heading '8. Evaporative Emission Control System' on its start page.,
2002_Service_Manual_TI,sec_0099,229,5.4-gaps_duplicates,PASS,,Nodes of sec_0099 run in reading order over p227-p229 with no gap. I saw no node twice. The next section starts exactly where sec_0099 ends. On p229 all printed text and figures belong to sec_0099.,
2002_Service_Manual_TI,sec_0099,229,5.4-flagged_for_review,PASS,,"flagged_for_review is False and verification_score is 100. The heading '8. Evaporative Emission Control System' is clearly visible on its page, so no flag is needed.",
2002_Service_Manual_TI,sec_0099,229,5.4-structural_source,PASS,,structural_source is 'toc'. The heading '8. Evaporative Emission Control System' is a real bookmark entry and it is printed on its start page. No inferred section is involved.,
2002_Service_Manual_TI,sec_0099,229,5.6-numbering_scheme,PASS,,"numbering_scheme is 'arabic'. The printed folio on this section is a chapter code with a number (EC-12 (p228) and EC-13 (p229)). It restarts for each chapter, and there is no roman or other page range inside sec_0099.","The folio has a chapter prefix. The tree uses physical page numbers, so this is accepted as in earlier versions."
2002_Service_Manual_TI,sec_0099,229,5.6-offset_applied,PASS,,offset_applied is 0. The heading '8. Evaporative Emission Control System' is on physical page 227 and page_start of sec_0099 is the same. No shift is needed.,
2002_Service_Manual_TI,sec_0099,229,5.5-filters_discarding,PASS,,"p229 has two figures: the canister (B2H4209B) and the purge control solenoid valve (B2H4155B). Both are extracted: img_0152 (raster, 1485x1189) and img_0153 (origin vector, 426x439). I opened both. The canister with A, B, C and (1)-(3), and the valve with A and B, are complete.",
2002_Service_Manual_TI,sec_0099,229,5.5-filters_passing_noise,PASS,,"img_0152 and img_0153 are real figures. No header, footer or rule inside. No noise image on p229.",
2002_Service_Manual_TI,sec_0099,229,5.5-image_section_mapping,PASS,,img_0152 and img_0153 are mapped to sec_0099. They sit under 'D: CANISTER' and 'E: PURGE CONTROL SOLENOID VALVE' of sec_0099. p229 belongs to sec_0099 only.,
2002_Service_Manual_TI,sec_0113,243,5.4-hierarchy_level,PASS,,"On p243 the heading '10. Engine Mounts' is printed as a numbered section title, one level under the chapter heading. The tree gives hierarchy_level 4, the same as its siblings. Smaller letter headings such as 'A:' or 'B:' stay inside the section as nodes.",
2002_Service_Manual_TI,sec_0113,243,5.4-parent_child,PASS,,"The parent of sec_0113 is sec_0103 ('MECHANICAL'), the chapter that holds this numbered section. child_sections is empty, which is right because the letter headings are only nodes. The previous and next sections are siblings at the same level.",
2002_Service_Manual_TI,sec_0113,243,5.4-page_start_end,PASS,,"sec_0113 covers p243-p244. It starts with the heading '10.Engine Mounts' (#/texts/3690) on p243. It ends with 'MEMO' (#/texts/3701) and 'ME-12' (#/texts/3702) on p244. sec_0114 (""EXHAUST"") starts on p245. No running header or heading of the next section is inside sec_0113, and no body text of sec_0113 is in a neighbour.",No old FAIL for this row.
2002_Service_Manual_TI,sec_0113,243,5.4-hierarchy_path,PASS,,The path ends with '10. Engine Mounts' and goes through 'MECHANICAL' and 'NEW CAR INFORMATION SECTION' to the manual root '2002 LEGACY SERVICE MANUAL'. This order matches the page header and the heading '10. Engine Mounts' on its start page.,
2002_Service_Manual_TI,sec_0113,243,5.4-gaps_duplicates,PASS,,Nodes of sec_0113 run in reading order over p243-p244 with no gap. I saw no node twice. The next section starts exactly where sec_0113 ends. On p243 all printed text and figures belong to sec_0113.,
2002_Service_Manual_TI,sec_0113,243,5.4-flagged_for_review,PASS,,"flagged_for_review is False and verification_score is 94.1. The heading '10. Engine Mounts' is clearly visible on its page, so no flag is needed. The score is below 100 probably because the printed title has no space after '10.'.",
2002_Service_Manual_TI,sec_0113,243,5.4-structural_source,PASS,,structural_source is 'toc'. The heading '10. Engine Mounts' is a real bookmark entry and it is printed on its start page. No inferred section is involved.,
2002_Service_Manual_TI,sec_0113,243,5.6-numbering_scheme,PASS,,"numbering_scheme is 'arabic'. The printed folio on this section is a chapter code with a number (ME-11). It restarts for each chapter, and there is no roman or other page range inside sec_0113.","The folio has a chapter prefix. The tree uses physical page numbers, so this is accepted as in earlier versions."
2002_Service_Manual_TI,sec_0113,243,5.6-offset_applied,PASS,,offset_applied is 0. The heading '10. Engine Mounts' is on physical page 243 and page_start of sec_0113 is the same. No shift is needed.,
2002_Service_Manual_TI,sec_0113,243,5.5-filters_discarding,PASS,,"p243 has one figure with two views of the engine mount (B2H3976A). It is extracted as img_0165 (raster, 2721x913). I opened it. Both views are complete. The callouts (4) and (6) are not in the PNG, but they are text nodes #/texts/3695 and #/texts/3696, so no information is lost.",
2002_Service_Manual_TI,sec_0113,243,5.5-filters_passing_noise,PASS,,"img_0165 is a real figure. No header, footer or rule inside. p244 is a blank MEMO page with no image. No noise image kept.",
2002_Service_Manual_TI,sec_0113,243,5.5-image_section_mapping,PASS,,img_0165 is mapped to sec_0113 (page_no 243). It sits under '10.Engine Mounts' (#/texts/3690). Only sec_0113 is on p243.,
2002_Service_Manual_TI,sec_0122,253,5.4-hierarchy_level,PASS,,The heading '6. Radiator Fan' is a level-4 bookmark entry. It has the right hierarchy_level=4 under its parent sec_0116 COOLING (level 3).,
2002_Service_Manual_TI,sec_0122,253,5.4-parent_child,PASS,,"Parent is sec_0116 COOLING (level 3). The section has no child sections, and the printed document shows no sub-topic bookmarks under it. The neighbour sections are siblings at the same level.",
2002_Service_Manual_TI,sec_0122,253,5.4-page_start_end,PASS,,"Its 20 nodes run from the running header 'RADIATOR FAN' and heading '6. Radiator Fan' on p253 to the folio 'CO-8' and table #/tables/55 on p254. Previous sec_0121 ends on p252 and next sec_0123 starts on p255, so nothing is absorbed.",
2002_Service_Manual_TI,sec_0122,253,5.4-hierarchy_path,PASS,,"hierarchy_path ends with '/6. Radiator Fan' and the ancestors are in the right order (manual, NEW CAR INFORMATION SECTION, chapter).",
2002_Service_Manual_TI,sec_0122,253,5.4-gaps_duplicates,PASS,,"No gap or overlap. sec_0121 covers p252, this section covers p253-254, sec_0123 starts on p255. Each text on p253 and p254 appears once in the section.",
2002_Service_Manual_TI,sec_0122,253,5.4-flagged_for_review,PASS,,"flagged_for_review is false and verification_score is 100. The rendered heading is on the expected page, so no flag is needed.",
2002_Service_Manual_TI,sec_0122,253,5.4-structural_source,PASS,,structural_source is 'toc'. The title '6. Radiator Fan' matches an embedded bookmark and is seen as a heading on p253.,
2002_Service_Manual_TI,sec_0122,253,5.6-numbering_scheme,PASS,,"Printed folios are chapter-prefixed arabic numbers (for example on this section's pages). numbering_scheme 'arabic' fits, and no roman or other scheme appears here.","The manual uses chapter folios like CO-7, LU-5, AT-12. This is the same for the whole manual and was accepted in earlier versions."
2002_Service_Manual_TI,sec_0122,253,5.6-offset_applied,PASS,,"offset_applied is 0. The heading '6. Radiator Fan' is seen on physical p253, equal to page_start=253, so the mapping is right.",
2002_Service_Manual_TI,sec_0122,253,5.6-table_content,FAIL,Medium,On p254 the fan-operation table is table #/tables/55. All 12 data rows are present. But cells are merged. One cell reads 'Off Off Off Low-speed Low-speed Mid-speed Mid-speed'. The header 'Lower than 95 C' is lost and only '(203 F)' stays. The values cannot be tied to Main fan/Subfan or to a temperature column.,"Probably BUG-008 (table cells merge during extraction). No row is lost, so it is Medium, not Critical. The same table text is nowhere else in the tree."
2002_Service_Manual_TI,sec_0122,253,5.5-filters_discarding,PASS,,"On p253 (the section's only figure) the exploded drawing of the radiator, fans, shrouds and reservoir tank is extracted as img_0172 (2625x1607). I opened it. It is complete with callouts (1) to (14). No text or folio is inside. Nothing meaningful is missing on p254 (table only).",
2002_Service_Manual_TI,sec_0122,253,5.5-filters_passing_noise,PASS,,"img_0172 holds only the drawing and its callout numbers. The folio 'CO-7', the code 'B2H3893A' and the legend text are outside the crop.",
2002_Service_Manual_TI,sec_0122,253,5.5-image_section_mapping,PASS,,img_0172 (p253) is mapped to sec_0122. It sits under the heading '6. Radiator Fan' and shows the parts of the legend (1)-(14). No other section shares p253.,
2002_Service_Manual_TI,sec_0126,259,5.4-hierarchy_level,PASS,,The heading '3. Oil Pump and Relief Valve' is a level-4 bookmark entry. It has the right hierarchy_level=4 under its parent sec_0123 LUBRICATION (level 3).,
2002_Service_Manual_TI,sec_0126,259,5.4-parent_child,PASS,,"Parent is sec_0123 LUBRICATION (level 3). The section has no child sections, and the printed document shows no sub-topic bookmarks under it. The neighbour sections are siblings at the same level.",
2002_Service_Manual_TI,sec_0126,259,5.4-page_start_end,PASS,,Section is only p259. Nodes run from the running header 'OIL PUMP AND RELIEF VALVE' and heading '3. Oil Pump and Relief Valve' to the folio 'LU-5'. sec_0125 ends on p258 and sec_0127 starts on p260. Nothing is absorbed from neighbours.,
2002_Service_Manual_TI,sec_0126,259,5.4-hierarchy_path,PASS,,"hierarchy_path ends with '/3. Oil Pump and Relief Valve' and the ancestors are in the right order (manual, NEW CAR INFORMATION SECTION, chapter).",
2002_Service_Manual_TI,sec_0126,259,5.4-gaps_duplicates,PASS,,"No gap or overlap with sec_0125 (p258) and sec_0127 (p260). The two bullets, the legend text and the callouts (1)-(8) each appear once.",
2002_Service_Manual_TI,sec_0126,259,5.4-flagged_for_review,PASS,,"flagged_for_review is false and verification_score is 100. The rendered heading is on the expected page, so no flag is needed.",
2002_Service_Manual_TI,sec_0126,259,5.4-structural_source,PASS,,structural_source is 'toc'. The title '3. Oil Pump and Relief Valve' matches an embedded bookmark and is seen as a heading on p259.,
2002_Service_Manual_TI,sec_0126,259,5.6-numbering_scheme,PASS,,"Printed folios are chapter-prefixed arabic numbers (for example on this section's pages). numbering_scheme 'arabic' fits, and no roman or other scheme appears here.","The manual uses chapter folios like CO-7, LU-5, AT-12. This is the same for the whole manual and was accepted in earlier versions."
2002_Service_Manual_TI,sec_0126,259,5.6-offset_applied,PASS,,"offset_applied is 0. The heading '3. Oil Pump and Relief Valve' is seen on physical p259, equal to page_start=259, so the mapping is right.",
2002_Service_Manual_TI,sec_0126,259,5.5-filters_discarding,PASS,,"p259 has one exploded drawing of the oil pump. It is extracted as img_0175 (2530x1941). I opened it. All parts are complete (rotors, pump cover, relief valve, spring, plug, gasket, bolt).","The callout numbers are not inside this raster crop. They are separate text nodes #/texts/3918 to #/texts/3927. The legend names are also text. In the text, the names and the numbers are in different orders, so the pairing is not obvious, but nothing is lost."
2002_Service_Manual_TI,sec_0126,259,5.5-filters_passing_noise,PASS,,"img_0175 holds only the drawing. The code 'B2H3889A', the folio 'LU-5' and the legend are outside the crop.",
2002_Service_Manual_TI,sec_0126,259,5.5-image_section_mapping,PASS,,img_0175 (p259) is mapped to sec_0126 and sits under '3. Oil Pump and Relief Valve'. No other section is on p259.,
2002_Service_Manual_TI,sec_0145,287,5.4-hierarchy_level,PASS,,The heading '2. Electrohydraulic Control System' is a level-4 bookmark entry. It has the right hierarchy_level=4 under its parent sec_0143 AUTOMATIC TRANSMISSION (level 3).,
2002_Service_Manual_TI,sec_0145,287,5.4-parent_child,PASS,,"Parent is sec_0143 AUTOMATIC TRANSMISSION (level 3). The section has no child sections, and the printed document shows no sub-topic bookmarks under it. The neighbour sections are siblings at the same level.",
2002_Service_Manual_TI,sec_0145,287,5.4-page_start_end,PASS,,Section covers p283-297 (AT-7 to AT-21). It starts at heading '2. Electrohydraulic Control System' on p283 and ends with folio 'AT-21' (#/texts/4506) on p297. sec_0144 ends on p282 and sec_0146 starts on p298. Sampled p287 has its own heading and folio inside this range.,"The p283 running header now belongs to this section, which is correct."
2002_Service_Manual_TI,sec_0145,287,5.4-hierarchy_path,PASS,,"hierarchy_path ends with '/2. Electrohydraulic Control System' and the ancestors are in the right order (manual, NEW CAR INFORMATION SECTION, chapter).",
2002_Service_Manual_TI,sec_0145,287,5.4-gaps_duplicates,PASS,,No gap or overlap with sec_0144 (ends p282) or sec_0146 (starts p298). Pages p283 to p297 are all covered once. Sampled p287 content appears once.,
2002_Service_Manual_TI,sec_0145,287,5.4-flagged_for_review,PASS,,"flagged_for_review is false and verification_score is 100. The rendered heading is on the expected page, so no flag is needed.",
2002_Service_Manual_TI,sec_0145,287,5.4-structural_source,PASS,,structural_source is 'toc'. The title '2. Electrohydraulic Control System' matches an embedded bookmark and is seen as a heading on p283.,
2002_Service_Manual_TI,sec_0145,287,5.6-numbering_scheme,PASS,,"Printed folios are chapter-prefixed arabic numbers (for example on this section's pages). numbering_scheme 'arabic' fits, and no roman or other scheme appears here.","The manual uses chapter folios like CO-7, LU-5, AT-12. This is the same for the whole manual and was accepted in earlier versions."
2002_Service_Manual_TI,sec_0145,287,5.6-offset_applied,PASS,,"offset_applied is 0. Heading '2. Electrohydraulic Control System' is seen on physical p283 (folio AT-7), equal to page_start=283. Sampled p287 shows folio AT-11, so the mapping holds.",
2002_Service_Manual_TI,sec_0145,287,5.6-table_content,PASS,,"Table #/tables/60 on p287 (D: CONTROL ITEMS, MPT) has the header and all 20 rows. The text matches the render, for example 'Hold control' with 'With HOLD switch ON, vehicle starts in 2nd gear' and the AWD transfer clutch rows. Columns are kept.",The table nodes (#/tables/58 to #/tables/63) are listed after the text nodes in semantic_order (4566-4571) instead of at their page position. The owner is right and nothing is lost.
2002_Service_Manual_TI,sec_0145,287,5.5-filters_discarding,PASS,,"Rendered p287 has no figure, only the control-items table. Across the section, drawing codes (B3H2271A, B3H2262A, B3H0915C, H3H1818C, ...) match the extracted images. I opened all 17 images, img_0189 to img_0205. None is missing or cut.",Raster photos look white on black. Some callout numbers are only in text nodes.
2002_Service_Manual_TI,sec_0145,287,5.5-filters_passing_noise,PASS,,p287 has no image. The only noise image in the section is the folio 'AT-7' inside img_0189 (p283). It is graded once on the p288 row.,Not repeated here to avoid double counting.
2002_Service_Manual_TI,sec_0145,287,5.5-image_section_mapping,PASS,,All 17 images of this section are on p283-284 and p290-297 and are mapped to sec_0145 (img_0189 to img_0205). No neighbour shares these pages. On p290 the two photos img_0191 (MPT) and img_0192 (VTD) sit under 'G: REAR VEHICLE SPEED SENSOR'.,
2002_Service_Manual_TI,sec_0145,290,5.4-hierarchy_level,PASS,,The heading '2. Electrohydraulic Control System' is a level-4 bookmark entry. It has the right hierarchy_level=4 under its parent sec_0143 AUTOMATIC TRANSMISSION (level 3).,
2002_Service_Manual_TI,sec_0145,290,5.4-parent_child,PASS,,"Parent is sec_0143 AUTOMATIC TRANSMISSION (level 3). The section has no child sections, and the printed document shows no sub-topic bookmarks under it. The neighbour sections are siblings at the same level.",
2002_Service_Manual_TI,sec_0145,290,5.4-page_start_end,PASS,,Section covers p283-297 (AT-7 to AT-21). It starts at heading '2. Electrohydraulic Control System' on p283 and ends with folio 'AT-21' (#/texts/4506) on p297. sec_0144 ends on p282 and sec_0146 starts on p298. Sampled p290 has its own heading and folio inside this range.,"The p283 running header now belongs to this section, which is correct."
2002_Service_Manual_TI,sec_0145,290,5.4-hierarchy_path,PASS,,"hierarchy_path ends with '/2. Electrohydraulic Control System' and the ancestors are in the right order (manual, NEW CAR INFORMATION SECTION, chapter).",
2002_Service_Manual_TI,sec_0145,290,5.4-gaps_duplicates,FAIL,Low,"On p293 the pin table 'Range position / Pin No.' is in the section twice. Text nodes #/texts/4445 to #/texts/4458 repeat the same rows as table #/tables/63 (P (4)-(3) (12)-(11), R (4)-(2) (10)-(9), and so on). All other pages are covered once. No gap or overlap with neighbours.","Same table read twice (as paragraphs and as a table). Cause not confirmed, probably the text layer and the table detector both keep it. Content stays in the right section, so it is Low. This is a section-level finding placed on the p290 row."
2002_Service_Manual_TI,sec_0145,290,5.4-flagged_for_review,PASS,,"flagged_for_review is false and verification_score is 100. The rendered heading is on the expected page, so no flag is needed.",
2002_Service_Manual_TI,sec_0145,290,5.4-structural_source,PASS,,structural_source is 'toc'. The title '2. Electrohydraulic Control System' matches an embedded bookmark and is seen as a heading on p283.,
2002_Service_Manual_TI,sec_0145,290,5.6-numbering_scheme,PASS,,"Printed folios are chapter-prefixed arabic numbers (for example on this section's pages). numbering_scheme 'arabic' fits, and no roman or other scheme appears here.","The manual uses chapter folios like CO-7, LU-5, AT-12. This is the same for the whole manual and was accepted in earlier versions."
2002_Service_Manual_TI,sec_0145,290,5.6-offset_applied,PASS,,"offset_applied is 0. Heading '2. Electrohydraulic Control System' is seen on physical p283 (folio AT-7), equal to page_start=283. Sampled p290 shows folio AT-14, so the mapping holds.",
2002_Service_Manual_TI,sec_0145,290,5.6-table_content,PASS,,"Rendered p290 has no table. I checked the section tables on the render instead: p285 (#/tables/58, 20 signal rows), p286 (#/tables/59, 12 rows), p287, p288 and p293 (#/tables/63, 7 pin rows). Text and columns match the pages.",p289 (#/tables/62) was not rendered by me. Its text has three columns and one data row and looks complete.
2002_Service_Manual_TI,sec_0145,290,5.5-filters_discarding,PASS,,"Rendered p290 has two photos (B3H0915C, H3H1818C). They are extracted as img_0191 and img_0192. I opened both. The drawings are complete.","Raster photos look white on black. In img_0192 the callout '(1)' is not inside the crop. It is the text node #/texts/4408. The same is true on p291 (img_0194, #/texts/4422) and p297 (img_0205, #/texts/4503). The drawings are complete and the text nodes keep the label."
2002_Service_Manual_TI,sec_0145,290,5.5-filters_passing_noise,PASS,,"img_0191 and img_0192 (p290) hold only the drawing. The folio 'AT-14' and the codes are outside the crop. The one noise case is the folio 'AT-7' in img_0189 (p283), graded once on the p288 row.",Not repeated here to avoid double counting.
2002_Service_Manual_TI,sec_0145,290,5.5-image_section_mapping,PASS,,All 17 images of this section are on p283-284 and p290-297 and are mapped to sec_0145 (img_0189 to img_0205). No neighbour shares these pages. On p290 the two photos img_0191 (MPT) and img_0192 (VTD) sit under 'G: REAR VEHICLE SPEED SENSOR'.,
2002_Service_Manual_TI,sec_0145,296,5.4-hierarchy_level,PASS,,The heading '2. Electrohydraulic Control System' is a level-4 bookmark entry. It has the right hierarchy_level=4 under its parent sec_0143 AUTOMATIC TRANSMISSION (level 3).,
2002_Service_Manual_TI,sec_0145,296,5.4-parent_child,PASS,,"Parent is sec_0143 AUTOMATIC TRANSMISSION (level 3). The section has no child sections, and the printed document shows no sub-topic bookmarks under it. The neighbour sections are siblings at the same level.",
2002_Service_Manual_TI,sec_0145,296,5.4-page_start_end,PASS,,Section covers p283-297 (AT-7 to AT-21). It starts at heading '2. Electrohydraulic Control System' on p283 and ends with folio 'AT-21' (#/texts/4506) on p297. sec_0144 ends on p282 and sec_0146 starts on p298. Sampled p296 has its own heading and folio inside this range.,"The p283 running header now belongs to this section, which is correct."
2002_Service_Manual_TI,sec_0145,296,5.4-hierarchy_path,PASS,,"hierarchy_path ends with '/2. Electrohydraulic Control System' and the ancestors are in the right order (manual, NEW CAR INFORMATION SECTION, chapter).",
2002_Service_Manual_TI,sec_0145,296,5.4-gaps_duplicates,PASS,,No gap or overlap with sec_0144 (ends p282) or sec_0146 (starts p298). Pages p283 to p297 are all covered once. Sampled p296 content appears once.,
2002_Service_Manual_TI,sec_0145,296,5.4-flagged_for_review,PASS,,"flagged_for_review is false and verification_score is 100. The rendered heading is on the expected page, so no flag is needed.",
2002_Service_Manual_TI,sec_0145,296,5.4-structural_source,PASS,,structural_source is 'toc'. The title '2. Electrohydraulic Control System' matches an embedded bookmark and is seen as a heading on p283.,
2002_Service_Manual_TI,sec_0145,296,5.6-numbering_scheme,PASS,,"Printed folios are chapter-prefixed arabic numbers (for example on this section's pages). numbering_scheme 'arabic' fits, and no roman or other scheme appears here.","The manual uses chapter folios like CO-7, LU-5, AT-12. This is the same for the whole manual and was accepted in earlier versions."
2002_Service_Manual_TI,sec_0145,296,5.6-offset_applied,PASS,,"offset_applied is 0. Heading '2. Electrohydraulic Control System' is seen on physical p283 (folio AT-7), equal to page_start=283. Sampled p296 shows folio AT-20, so the mapping holds.",
2002_Service_Manual_TI,sec_0145,296,5.6-table_content,PASS,,"Rendered p296 has no table, only two drawings with text. The section tables on p285, p286, p287, p288 and p293 match their renders (see p290 row). Nothing on p296 should be a table.",
2002_Service_Manual_TI,sec_0145,296,5.5-filters_discarding,PASS,,"Rendered p296 has two valve-body drawings (B3H0994N, B3H0994O). They are extracted as img_0202 and img_0203. I opened both. They are complete, with callout (1) inside.",Raster photos look white on black.
2002_Service_Manual_TI,sec_0145,296,5.5-filters_passing_noise,PASS,,"img_0202 and img_0203 (p296) hold only the drawing and the callout (1). The folio 'AT-20' and the codes are outside the crop. The one noise case is the folio 'AT-7' in img_0189 (p283), graded once on the p288 row.",Not repeated here to avoid double counting.
2002_Service_Manual_TI,sec_0145,296,5.5-image_section_mapping,PASS,,All 17 images of this section are on p283-284 and p290-297 and are mapped to sec_0145 (img_0189 to img_0205). No neighbour shares these pages. On p290 the two photos img_0191 (MPT) and img_0192 (VTD) sit under 'G: REAR VEHICLE SPEED SENSOR'.,
2002_Service_Manual_TI,sec_0146,300,5.4-hierarchy_level,PASS,,"The heading '3. Transmission Control Module (TCM)' (#/texts/4509 on p298) is printed as a numbered section heading. hierarchy_level is 4, and the parent is sec_0143 (AUTOMATIC TRANSMISSION, level 3). This matches the bookmark nesting.",
2002_Service_Manual_TI,sec_0146,300,5.4-parent_child,PASS,,"parent_section_id is sec_0143 (AUTOMATIC TRANSMISSION, level 3). The running header on p300 names the same chapter. child_sections is empty and the sub-headings (A:, B:, 1., 2.) stay inside this section.",
2002_Service_Manual_TI,sec_0146,300,5.4-page_start_end,PASS,,The section starts at #/texts/4509 on p298 and ends at #/texts/4922 'H3H0759A' and #/texts/4923 'AT-41' on p317. The declared range is p298-317. sec_0147 (4. On-board Diagnostics System) starts on p318. No running header of the next page is at the end of this section.,
2002_Service_Manual_TI,sec_0146,300,5.4-hierarchy_path,PASS,,The path ends with '3. Transmission Control Module (TCM)' under sec_0143. The page headers agree with each name in the path.,
2002_Service_Manual_TI,sec_0146,300,5.4-gaps_duplicates,PASS,,"semantic_order runs 4572-4996 (prev ends 4571, next starts 4997). No gap, no repeated node id. The text of p300 is read once.",
2002_Service_Manual_TI,sec_0146,300,5.4-flagged_for_review,PASS,,"flagged_for_review is false and verification_score is 100.0. The heading '3. Transmission Control Module (TCM)' is found on its declared page (#/texts/4509 on p298), so the flag is right.",
2002_Service_Manual_TI,sec_0146,300,5.4-structural_source,PASS,,structural_source is 'toc'. The bookmark for '3. Transmission Control Module (TCM)' points to p298 and the same heading is printed there.,
2002_Service_Manual_TI,sec_0146,300,5.6-numbering_scheme,PASS,,numbering_scheme is 'arabic'. The folio on this page is chapter-prefixed arabic (p298 is 'AT-22'). No roman or other scheme is seen in p298-317.,
2002_Service_Manual_TI,sec_0146,300,5.6-offset_applied,PASS,,offset_applied is 0. The bookmark targets are physical pages and the heading is printed on p298. No offset is needed.,
2002_Service_Manual_TI,sec_0146,300,5.6-table_content,FAIL,Low,"On p300 the table #/tables/66 (VTD models) matches the render, row by row (AT-24). But the section still has two table defects. On p299 the table #/tables/65 is flat: the first cell reads 'Control item Input signal', and the group and sub-item are one text run, for example 'AWD transfer clutch control Ordinary transfer control Throttle position sensor ...'. On p303 the table #/tables/68 is only '[Table 0x0]'.","Old FAIL (BUG-021, v2.9): still present. All words and the order are kept, and the ON/OFF values of p303 are inside image img_0207. So the cause is probably Docling table detection (BUG-008, BUG-021). It is Low because no value is lost. Not fully sure: the page sampled is p300, and its own table is correct."
2002_Service_Manual_TI,sec_0146,300,5.5-filters_discarding,PASS,,Page 300 has only the '2. VTD MODELS' heading and table #/tables/66. No figure is printed here. The section figures on p302-317 (img_0206 to img_0220) are all extracted; I compared p302-316 and p317 with their crops.,
2002_Service_Manual_TI,sec_0146,300,5.5-filters_passing_noise,PASS,,"The extracted images img_0206 to img_0220 are real figures (diagrams, graphs, valve circuits). No rule, logo or other decoration was kept as an image.",
2002_Service_Manual_TI,sec_0146,300,5.5-image_section_mapping,PASS,,"No image is on p300. All images of this section (img_0206-img_0220) are on p302-317, inside p298-317, and no sibling shares those pages.",
2002_Service_Manual_TI,sec_0153,334,5.4-hierarchy_level,PASS,,"The heading '3. Reverse Check Mechanism' (#/texts/5058 on p330) is printed as a numbered section heading. hierarchy_level is 4, and the parent is sec_0150 (MANUAL TRANSMISSION AND DIFFERENTIAL, level 3). This matches the bookmark nesting.",
2002_Service_Manual_TI,sec_0153,334,5.4-parent_child,PASS,,"parent_section_id is sec_0150 (MANUAL TRANSMISSION AND DIFFERENTIAL, level 3). The running header on p334 names the same chapter. child_sections is empty and the sub-headings (A:, B:, 1., 2.) stay inside this section.",
2002_Service_Manual_TI,sec_0153,334,5.4-page_start_end,PASS,,The section starts at #/texts/5058 on p330 and ends at #/texts/5126 'B3H1011A' and #/texts/5127 'MT-13' on p335. The declared range is p330-335. sec_0154 (4. Center Differential) starts on p336. No running header of the next page is at the end of this section.,
2002_Service_Manual_TI,sec_0153,334,5.4-hierarchy_path,PASS,,The path ends with '3. Reverse Check Mechanism' under sec_0150. The page headers agree with each name in the path.,
2002_Service_Manual_TI,sec_0153,334,5.4-gaps_duplicates,PASS,,"semantic_order runs 5133-5203 (prev ends 5132, next starts 5204). No gap, no repeated node id. The text of p334 is read once.",
2002_Service_Manual_TI,sec_0153,334,5.4-flagged_for_review,PASS,,"flagged_for_review is false and verification_score is 100.0. The heading '3. Reverse Check Mechanism' is found on its declared page (#/texts/5058 on p330), so the flag is right.",
2002_Service_Manual_TI,sec_0153,334,5.4-structural_source,PASS,,structural_source is 'toc'. The bookmark for '3. Reverse Check Mechanism' points to p330 and the same heading is printed there.,
2002_Service_Manual_TI,sec_0153,334,5.6-numbering_scheme,PASS,,numbering_scheme is 'arabic'. The folio on this page is chapter-prefixed arabic (p335 is 'MT-13'). No roman or other scheme is seen in p330-335.,
2002_Service_Manual_TI,sec_0153,334,5.6-offset_applied,PASS,,offset_applied is 0. The bookmark targets are physical pages and the heading is printed on p330. No offset is needed.,
2002_Service_Manual_TI,sec_0153,334,5.5-filters_discarding,PASS,,Page 334 has one figure pair (B3H2118A: cross-section and A-A view). It is extracted as img_0230 (1909x1081). I opened it. Both views and labels (1)-(7) are there. The words 'Position at 5th > Neutral position' and 'A - A' are outside the crop. They are kept as text nodes #/texts/5106-5113.,
2002_Service_Manual_TI,sec_0153,334,5.5-filters_passing_noise,PASS,,"img_0230 is the real figure. The label text is kept as text nodes, but the A-A label is split into the fragments '“', '–', 'A' (#/texts/5107-5113). I do not count this as noise because it is figure text. No decoration was kept as an image.",
2002_Service_Manual_TI,sec_0153,334,5.5-image_section_mapping,PASS,,"img_0230 (p334) is mapped to sec_0153 (p330-335). The figures of p331, p332, p333 and p335 are img_0226 to img_0231, all in the same section.",
2002_Service_Manual_TI,sec_0170,377,5.4-hierarchy_level,PASS,,"On p377 (DS-7), '3. Rear Axle' is printed as a numbered main heading under the DRIVE SHAFT SYSTEM chapter. The tree has sec_0170 at level 4, below level 3 (chapter) and level 2 (NEW CAR INFORMATION SECTION). This matches the bookmark nesting.",
2002_Service_Manual_TI,sec_0170,377,5.4-parent_child,PASS,,"parent_section_id is DRIVE SHAFT SYSTEM (sec_0167). It has no children, and none is expected: the printed subsections (A:, B:, ...) are headings inside the section. The PDF structure agrees: 3. Rear Axle sits inside that chapter.",
2002_Service_Manual_TI,sec_0170,377,5.4-page_start_end,PASS,,"sec_0170 is declared as pages 376-378. The nodes start at 5464 on p376 with the running header and heading 3. Rear Axle (5466). p378 is the MEMO page (nodes 5496-5499, folio DS-8). The next section sec_0171 starts on p379. The nodes between belong to this section.",
2002_Service_Manual_TI,sec_0170,377,5.4-hierarchy_path,PASS,,The hierarchy_path is 2002 LEGACY SERVICE MANUAL > NEW CAR INFORMATION SECTION > DRIVE SHAFT SYSTEM > 3. Rear Axle. It is the correct ordered path from the root. It agrees with the page headers (Drive Shaft System) and the chapter bookmarks.,
2002_Service_Manual_TI,sec_0170,377,5.4-gaps_duplicates,PASS,,sec_0170 appears once. Its pages 376-378 do not overlap the previous or next sibling. No page gap was found around it. The sampled p377 content is in this section only.,
2002_Service_Manual_TI,sec_0170,377,5.4-flagged_for_review,PASS,,"sec_0170 has flagged_for_review = false and verification_score 100. The title '3. Rear Axle' is visible on its first page, so no uncertain boundary needs checking.",
2002_Service_Manual_TI,sec_0170,377,5.4-structural_source,PASS,,sec_0170 has structural_source = toc. The title is a real bookmark and it matches the printed heading on its first page. No inferred structure here.,
2002_Service_Manual_TI,sec_0170,377,5.6-numbering_scheme,PASS,,On p377 the printed folio is DS-7: a chapter prefix and an arabic number. The tree uses numbering_scheme = arabic. This is correct.,
2002_Service_Manual_TI,sec_0170,377,5.6-offset_applied,PASS,,"offset_applied is 0, like the neighbouring sections. Page p377 shows folio DS-7 and the heading found at the declared page_start 376. The mapping is plausible.",
2002_Service_Manual_TI,sec_0170,377,5.5-filters_discarding,PASS,,"img_0259 is mapped to sec_0170 on p377. It shows the full rear drive shaft drawing (B4H2194B) with both joints and both arrows. The callouts (1)-(4) are not in the crop, but they are text nodes 5490-5493 and the legend is in nodes 5486-5489. Nothing meaningful was discarded.",
2002_Service_Manual_TI,sec_0170,377,5.5-filters_passing_noise,PASS,,"img_0259 holds only the figure. The page header, folio DS-7 and legend are not kept as images.",
2002_Service_Manual_TI,sec_0170,377,5.5-image_section_mapping,PASS,,"img_0259 is mapped to sec_0170 on p377. It shows the full rear drive shaft drawing (B4H2194B) with both joints and both arrows. The callouts (1)-(4) are not in the crop, but they are text nodes 5490-5493 and the legend is in nodes 5486-5489. The images on this page are in the right section.",
2002_Service_Manual_TI,sec_0172,380,5.4-hierarchy_level,PASS,,"On p380 (ABS-2), '1. Anti-lock Brake System (ABS)' is printed as a numbered main heading under the ABS chapter. The tree has sec_0172 at level 4, below level 3 (chapter) and level 2 (NEW CAR INFORMATION SECTION). This matches the bookmark nesting.",
2002_Service_Manual_TI,sec_0172,380,5.4-parent_child,PASS,,"parent_section_id is ABS (sec_0171). It has no children, and none is expected: the printed subsections (A:, B:, ...) are headings inside the section. The PDF structure agrees: 1. Anti-lock Brake System (ABS) sits inside that chapter.",
2002_Service_Manual_TI,sec_0172,380,5.4-page_start_end,PASS,,sec_0172 is declared as pages 380-398. The nodes start at 5503 on p380 with heading 1. Anti-lock Brake System (ABS) (5505). The last nodes are 5738-5744 on p398 (heading H: G SENSOR and folio ABS-20). The next section sec_0173 (VDC) starts on p399. The nodes between belong to this section.,
2002_Service_Manual_TI,sec_0172,380,5.4-hierarchy_path,PASS,,The hierarchy_path is 2002 LEGACY SERVICE MANUAL > NEW CAR INFORMATION SECTION > ABS > 1. Anti-lock Brake System (ABS). It is the correct ordered path from the root. It agrees with the page headers (ABS) and the chapter bookmarks.,
2002_Service_Manual_TI,sec_0172,380,5.4-gaps_duplicates,PASS,,sec_0172 appears once. Its pages 380-398 do not overlap the previous or next sibling. No page gap was found around it. The sampled p380 content is in this section only.,
2002_Service_Manual_TI,sec_0172,380,5.4-flagged_for_review,PASS,,"sec_0172 has flagged_for_review = false and verification_score 100. The title '1. Anti-lock Brake System (ABS)' is visible on its first page, so no uncertain boundary needs checking.",
2002_Service_Manual_TI,sec_0172,380,5.4-structural_source,PASS,,sec_0172 has structural_source = toc. The title is a real bookmark and it matches the printed heading on its first page. No inferred structure here.,
2002_Service_Manual_TI,sec_0172,380,5.6-numbering_scheme,PASS,,On p380 the printed folio is ABS-2: a chapter prefix and an arabic number. The tree uses numbering_scheme = arabic. This is correct.,
2002_Service_Manual_TI,sec_0172,380,5.6-offset_applied,PASS,,"offset_applied is 0, like the neighbouring sections. Page p380 shows folio ABS-2 and the heading found at the declared page_start 380. The mapping is plausible.",
2002_Service_Manual_TI,sec_0172,380,5.6-table_content,PASS,,No table is printed on p380. The section table (#/tables/76) is on p381. I checked p381 and its cell text matches the page.,
2002_Service_Manual_TI,sec_0172,380,5.5-filters_discarding,PASS,,img_0260 is mapped to sec_0172 on p380. It shows the whole car cutaway (B4H2196A) with callouts (1)-(12). The legend is in nodes 5514-5519. Nothing meaningful was discarded.,
2002_Service_Manual_TI,sec_0172,380,5.5-filters_passing_noise,PASS,,"img_0260 holds only the figure. The header, folio ABS-2 and the legend are not images.",
2002_Service_Manual_TI,sec_0172,380,5.5-image_section_mapping,PASS,,img_0260 is mapped to sec_0172 on p380. It shows the whole car cutaway (B4H2196A) with callouts (1)-(12). The legend is in nodes 5514-5519. The images on this page are in the right section.,
2002_Service_Manual_TI,sec_0173,399,5.4-hierarchy_level,PASS,,"On p399 the page title 'VDC' is a chapter divider. The tree has sec_0173 at level 3, below NEW CAR INFORMATION SECTION (level 2) and above its child sec_0174. This matches the bookmark nesting.",
2002_Service_Manual_TI,sec_0173,399,5.4-parent_child,PASS,,parent_section_id is NEW CAR INFORMATION SECTION (sec_0002). Its child is sec_0174. The PDF structure agrees: VDC sits inside that chapter.,
2002_Service_Manual_TI,sec_0173,399,5.4-page_start_end,PASS,,"sec_0173 is declared as pages 399-420, the same range as its child. On p399 it owns only the divider nodes 5745-5747 (VDC title and one contents line). The body starts in sec_0174 on p400. No neighbour nodes are absorbed.",
2002_Service_Manual_TI,sec_0173,399,5.4-hierarchy_path,PASS,,The hierarchy_path is 2002 LEGACY SERVICE MANUAL > NEW CAR INFORMATION SECTION > VDC. It is the correct ordered path from the root. It agrees with the page headers (VDC) and the chapter bookmarks.,
2002_Service_Manual_TI,sec_0173,399,5.4-gaps_duplicates,PASS,,"sec_0173 appears once. It owns only p399. Its child sec_0174 starts on p400, so there is no gap or overlap.",
2002_Service_Manual_TI,sec_0173,399,5.4-flagged_for_review,PASS,,sec_0173 has flagged_for_review = false and verification_score 100. The title VDC is printed on p399. No uncertain boundary.,
2002_Service_Manual_TI,sec_0173,399,5.4-structural_source,PASS,,sec_0173 has structural_source = toc. The title is a real bookmark and it matches the printed heading on its first page. No inferred structure here.,
2002_Service_Manual_TI,sec_0173,399,5.6-numbering_scheme,PASS,,"The divider page p399 has no folio. The contents line gives the page as 2 (VDC-2 is physical p400). The scheme is arabic, which is correct.",
2002_Service_Manual_TI,sec_0173,399,5.6-offset_applied,PASS,,"offset_applied is 0, like its neighbours sec_0171 and sec_0174. The contents line says page 2, and VDC-2 is on p400, which is the start of sec_0174. This is consistent.",
2002_Service_Manual_TI,sec_0173,399,5.5-filters_discarding,PASS,,"p399 is the VDC divider page. It shows only the title, a one-line contents entry and a black round tab at the bottom right. No figure is printed. No image is mapped to sec_0173. Nothing meaningful was discarded.",
2002_Service_Manual_TI,sec_0173,399,5.5-filters_passing_noise,PASS,,No image is mapped to sec_0173. The black tab at the bottom right is decoration and was not kept.,
2002_Service_Manual_TI,sec_0173,399,5.5-image_section_mapping,PASS,,"p399 is the VDC divider page. It shows only the title, a one-line contents entry and a black round tab at the bottom right. No figure is printed. No image is mapped to sec_0173. No image should be mapped to sec_0174 for this page, and none is.",
2002_Service_Manual_TI,sec_0174,400,5.4-hierarchy_level,PASS,,"On p400 (VDC-2), '1. Vehicle Dynamics Control (VDC) System' is printed as a numbered main heading under the VDC chapter. The tree has sec_0174 at level 4, below level 3 (chapter) and level 2 (NEW CAR INFORMATION SECTION). This matches the bookmark nesting.",
2002_Service_Manual_TI,sec_0174,400,5.4-parent_child,PASS,,"parent_section_id is VDC (sec_0173). It has no children, and none is expected: the printed subsections (A:, B:, ...) are headings inside the section. The PDF structure agrees: 1. Vehicle Dynamics Control (VDC) System sits inside that chapter.",
2002_Service_Manual_TI,sec_0174,400,5.4-page_start_end,PASS,,"sec_0174 is declared as pages 400-420. The nodes start at 5748 on p400 with heading 1. Vehicle Dynamics Control (VDC) System (5750). The last nodes are 6040-6041 on p420 (MEMO page, folio VDC-22). The next section sec_0175 (BRAKES) starts on p421. The nodes between belong to this section.",
2002_Service_Manual_TI,sec_0174,400,5.4-hierarchy_path,PASS,,The hierarchy_path is 2002 LEGACY SERVICE MANUAL > NEW CAR INFORMATION SECTION > VDC > 1. Vehicle Dynamics Control (VDC) System. It is the correct ordered path from the root. It agrees with the page headers (VDC) and the chapter bookmarks.,
2002_Service_Manual_TI,sec_0174,400,5.4-gaps_duplicates,PASS,,sec_0174 appears once. Its pages 400-420 do not overlap the previous or next sibling. No page gap was found around it. The sampled p400 content is in this section only.,
2002_Service_Manual_TI,sec_0174,400,5.4-flagged_for_review,PASS,,sec_0174 has flagged_for_review = false and verification_score 100. The title and the start on p400 are visible. The MEMO page p420 is the last page.,
2002_Service_Manual_TI,sec_0174,400,5.4-structural_source,PASS,,sec_0174 has structural_source = toc. The title is a real bookmark and it matches the printed heading on its first page. No inferred structure here.,
2002_Service_Manual_TI,sec_0174,400,5.6-numbering_scheme,PASS,,On p400 the printed folio is VDC-2: a chapter prefix and an arabic number. The tree uses numbering_scheme = arabic. This is correct.,
2002_Service_Manual_TI,sec_0174,400,5.6-offset_applied,PASS,,"offset_applied is 0, like the neighbouring sections. Page p400 shows folio VDC-2 and the heading found at the declared page_start 400. The mapping is plausible.",
2002_Service_Manual_TI,sec_0174,400,5.6-table_content,PASS,,No table is printed on p400. The legend is plain text lines.,
2002_Service_Manual_TI,sec_0174,400,5.5-filters_discarding,PASS,,img_0271 is mapped to sec_0174 on p400. It shows the whole car cutaway (B4H0579A) with nothing cut. The callouts (1)-(19) are text nodes 5753-5777 and the legend is in nodes 5779-5786. Nothing meaningful was discarded.,
2002_Service_Manual_TI,sec_0174,400,5.5-filters_passing_noise,PASS,,img_0271 holds only the drawing. The folio VDC-2 and the legend are not images. The callout numbers are kept as short text nodes (5753-5777).,
2002_Service_Manual_TI,sec_0174,400,5.5-image_section_mapping,PASS,,img_0271 is mapped to sec_0174 on p400. It shows the whole car cutaway (B4H0579A) with nothing cut. The callouts (1)-(19) are text nodes 5753-5777 and the legend is in nodes 5779-5786. The images on this page are in the right section.,
2002_Service_Manual_TI,sec_0174,401,5.4-hierarchy_level,PASS,,"On p401 (VDC-3), '1. Vehicle Dynamics Control (VDC) System' is printed as a numbered main heading under the VDC chapter. The tree has sec_0174 at level 4, below level 3 (chapter) and level 2 (NEW CAR INFORMATION SECTION). This matches the bookmark nesting.",
2002_Service_Manual_TI,sec_0174,401,5.4-parent_child,PASS,,"parent_section_id is VDC (sec_0173). It has no children, and none is expected: the printed subsections (A:, B:, ...) are headings inside the section. The PDF structure agrees: 1. Vehicle Dynamics Control (VDC) System sits inside that chapter.",
2002_Service_Manual_TI,sec_0174,401,5.4-page_start_end,PASS,,"sec_0174 is declared as pages 400-420. The nodes start at 5748 on p400 with heading 1. Vehicle Dynamics Control (VDC) System (5750). The last nodes are 6040-6041 on p420 (MEMO page, folio VDC-22). The next section sec_0175 (BRAKES) starts on p421. The nodes between belong to this section.",
2002_Service_Manual_TI,sec_0174,401,5.4-hierarchy_path,PASS,,The hierarchy_path is 2002 LEGACY SERVICE MANUAL > NEW CAR INFORMATION SECTION > VDC > 1. Vehicle Dynamics Control (VDC) System. It is the correct ordered path from the root. It agrees with the page headers (VDC) and the chapter bookmarks.,
2002_Service_Manual_TI,sec_0174,401,5.4-gaps_duplicates,PASS,,sec_0174 appears once. Its pages 400-420 do not overlap the previous or next sibling. No page gap was found around it. The sampled p401 content is in this section only.,
2002_Service_Manual_TI,sec_0174,401,5.4-flagged_for_review,PASS,,sec_0174 has flagged_for_review = false and verification_score 100. The title and the start on p400 are visible. The MEMO page p420 is the last page.,
2002_Service_Manual_TI,sec_0174,401,5.4-structural_source,PASS,,sec_0174 has structural_source = toc. The title is a real bookmark and it matches the printed heading on its first page. No inferred structure here.,
2002_Service_Manual_TI,sec_0174,401,5.6-numbering_scheme,PASS,,On p401 the printed folio is VDC-3: a chapter prefix and an arabic number. The tree uses numbering_scheme = arabic. This is correct.,
2002_Service_Manual_TI,sec_0174,401,5.6-offset_applied,PASS,,"offset_applied is 0, like the neighbouring sections. Page p401 shows folio VDC-3 and the heading found at the declared page_start 400. The mapping is plausible.",
2002_Service_Manual_TI,sec_0174,401,5.6-table_content,PASS,,No table is printed on p401.,
2002_Service_Manual_TI,sec_0174,401,5.5-filters_discarding,PASS,,img_0272 and img_0273 are mapped to sec_0174 on p401. They are the two figures B4H1634B (oversteer) and B4H1635B (understeer). Both are complete. Callout numbers and legends are in text nodes 5793-5802. Nothing meaningful was discarded.,
2002_Service_Manual_TI,sec_0174,401,5.5-filters_passing_noise,PASS,,"img_0272 and img_0273 hold only the two car drawings. No header, folio or legend text is in the crops.",
2002_Service_Manual_TI,sec_0174,401,5.5-image_section_mapping,PASS,,img_0272 and img_0273 are mapped to sec_0174 on p401. They are the two figures B4H1634B (oversteer) and B4H1635B (understeer). Both are complete. Callout numbers and legends are in text nodes 5793-5802. The images on this page are in the right section.,
2002_Service_Manual_TI,sec_0174,406,5.4-hierarchy_level,PASS,,"On p406 (VDC-8), '1. Vehicle Dynamics Control (VDC) System' is printed as a numbered main heading under the VDC chapter. The tree has sec_0174 at level 4, below level 3 (chapter) and level 2 (NEW CAR INFORMATION SECTION). This matches the bookmark nesting.",
2002_Service_Manual_TI,sec_0174,406,5.4-parent_child,PASS,,"parent_section_id is VDC (sec_0173). It has no children, and none is expected: the printed subsections (A:, B:, ...) are headings inside the section. The PDF structure agrees: 1. Vehicle Dynamics Control (VDC) System sits inside that chapter.",
2002_Service_Manual_TI,sec_0174,406,5.4-page_start_end,PASS,,"sec_0174 is declared as pages 400-420. The nodes start at 5748 on p400 with heading 1. Vehicle Dynamics Control (VDC) System (5750). The last nodes are 6040-6041 on p420 (MEMO page, folio VDC-22). The next section sec_0175 (BRAKES) starts on p421. The nodes between belong to this section.",
2002_Service_Manual_TI,sec_0174,406,5.4-hierarchy_path,PASS,,The hierarchy_path is 2002 LEGACY SERVICE MANUAL > NEW CAR INFORMATION SECTION > VDC > 1. Vehicle Dynamics Control (VDC) System. It is the correct ordered path from the root. It agrees with the page headers (VDC) and the chapter bookmarks.,
2002_Service_Manual_TI,sec_0174,406,5.4-gaps_duplicates,PASS,,sec_0174 appears once. Its pages 400-420 do not overlap the previous or next sibling. No page gap was found around it. The sampled p406 content is in this section only.,
2002_Service_Manual_TI,sec_0174,406,5.4-flagged_for_review,PASS,,sec_0174 has flagged_for_review = false and verification_score 100. The title and the start on p400 are visible. The MEMO page p420 is the last page.,
2002_Service_Manual_TI,sec_0174,406,5.4-structural_source,PASS,,sec_0174 has structural_source = toc. The title is a real bookmark and it matches the printed heading on its first page. No inferred structure here.,
2002_Service_Manual_TI,sec_0174,406,5.6-numbering_scheme,PASS,,On p406 the printed folio is VDC-8: a chapter prefix and an arabic number. The tree uses numbering_scheme = arabic. This is correct.,
2002_Service_Manual_TI,sec_0174,406,5.6-offset_applied,PASS,,"offset_applied is 0, like the neighbouring sections. Page p406 shows folio VDC-8 and the heading found at the declared page_start 400. The mapping is plausible.",
2002_Service_Manual_TI,sec_0174,406,5.6-table_content,PASS,,"No table is printed on p406, and none was extracted.",
2002_Service_Manual_TI,sec_0174,406,5.5-filters_discarding,PASS,,"No figure is printed on p406. It has only text (heading F, 1. DURING NORMAL BRAKING, NOTE). The drawings for this part are on p407 (img_0276). Nothing was dropped. Nothing meaningful was discarded.",
2002_Service_Manual_TI,sec_0174,406,5.5-filters_passing_noise,PASS,,"No image is mapped to p406, so no noise image was kept.",
2002_Service_Manual_TI,sec_0174,406,5.5-image_section_mapping,PASS,,"No figure is printed on p406. It has only text (heading F, 1. DURING NORMAL BRAKING, NOTE). The drawings for this part are on p407 (img_0276). Nothing was dropped. No image should be mapped to sec_0174 for this page, and none is.",
2002_Service_Manual_TI,sec_0174,413,5.4-hierarchy_level,PASS,,"On p413 (VDC-15), '1. Vehicle Dynamics Control (VDC) System' is printed as a numbered main heading under the VDC chapter. The tree has sec_0174 at level 4, below level 3 (chapter) and level 2 (NEW CAR INFORMATION SECTION). This matches the bookmark nesting.",
2002_Service_Manual_TI,sec_0174,413,5.4-parent_child,PASS,,"parent_section_id is VDC (sec_0173). It has no children, and none is expected: the printed subsections (A:, B:, ...) are headings inside the section. The PDF structure agrees: 1. Vehicle Dynamics Control (VDC) System sits inside that chapter.",
2002_Service_Manual_TI,sec_0174,413,5.4-page_start_end,PASS,,"sec_0174 is declared as pages 400-420. The nodes start at 5748 on p400 with heading 1. Vehicle Dynamics Control (VDC) System (5750). The last nodes are 6040-6041 on p420 (MEMO page, folio VDC-22). The next section sec_0175 (BRAKES) starts on p421. The nodes between belong to this section.",
2002_Service_Manual_TI,sec_0174,413,5.4-hierarchy_path,PASS,,The hierarchy_path is 2002 LEGACY SERVICE MANUAL > NEW CAR INFORMATION SECTION > VDC > 1. Vehicle Dynamics Control (VDC) System. It is the correct ordered path from the root. It agrees with the page headers (VDC) and the chapter bookmarks.,
2002_Service_Manual_TI,sec_0174,413,5.4-gaps_duplicates,PASS,,sec_0174 appears once. Its pages 400-420 do not overlap the previous or next sibling. No page gap was found around it. The sampled p413 content is in this section only.,
2002_Service_Manual_TI,sec_0174,413,5.4-flagged_for_review,PASS,,sec_0174 has flagged_for_review = false and verification_score 100. The title and the start on p400 are visible. The MEMO page p420 is the last page.,
2002_Service_Manual_TI,sec_0174,413,5.4-structural_source,PASS,,sec_0174 has structural_source = toc. The title is a real bookmark and it matches the printed heading on its first page. No inferred structure here.,
2002_Service_Manual_TI,sec_0174,413,5.6-numbering_scheme,PASS,,On p413 the printed folio is VDC-15: a chapter prefix and an arabic number. The tree uses numbering_scheme = arabic. This is correct.,
2002_Service_Manual_TI,sec_0174,413,5.6-offset_applied,PASS,,"offset_applied is 0, like the neighbouring sections. Page p413 shows folio VDC-15 and the heading found at the declared page_start 400. The mapping is plausible.",
2002_Service_Manual_TI,sec_0174,413,5.6-table_content,PASS,,"No table is printed on p413. The legend is plain text lines, not a table.",
2002_Service_Manual_TI,sec_0174,413,5.5-filters_discarding,PASS,,img_0279 is mapped to sec_0174 on p413. It shows the full hydraulic diagram B4H1640B with callouts (1)-(22) and the M motor. Nothing is cut. The legend is in nodes 5966-5973. Nothing meaningful was discarded.,
2002_Service_Manual_TI,sec_0174,413,5.5-filters_passing_noise,PASS,,"img_0279 holds only the diagram. The header, folio VDC-15 and legend are not images.",
2002_Service_Manual_TI,sec_0174,413,5.5-image_section_mapping,PASS,,img_0279 is mapped to sec_0174 on p413. It shows the full hydraulic diagram B4H1640B with callouts (1)-(22) and the M motor. Nothing is cut. The legend is in nodes 5966-5973. The images on this page are in the right section.,
2002_Service_Manual_TI,sec_0174,414,5.4-hierarchy_level,PASS,,"On p414 (VDC-16), '1. Vehicle Dynamics Control (VDC) System' is printed as a numbered main heading under the VDC chapter. The tree has sec_0174 at level 4, below level 3 (chapter) and level 2 (NEW CAR INFORMATION SECTION). This matches the bookmark nesting.",
2002_Service_Manual_TI,sec_0174,414,5.4-parent_child,PASS,,"parent_section_id is VDC (sec_0173). It has no children, and none is expected: the printed subsections (A:, B:, ...) are headings inside the section. The PDF structure agrees: 1. Vehicle Dynamics Control (VDC) System sits inside that chapter.",
2002_Service_Manual_TI,sec_0174,414,5.4-page_start_end,PASS,,"sec_0174 is declared as pages 400-420. The nodes start at 5748 on p400 with heading 1. Vehicle Dynamics Control (VDC) System (5750). The last nodes are 6040-6041 on p420 (MEMO page, folio VDC-22). The next section sec_0175 (BRAKES) starts on p421. The nodes between belong to this section.",
2002_Service_Manual_TI,sec_0174,414,5.4-hierarchy_path,PASS,,The hierarchy_path is 2002 LEGACY SERVICE MANUAL > NEW CAR INFORMATION SECTION > VDC > 1. Vehicle Dynamics Control (VDC) System. It is the correct ordered path from the root. It agrees with the page headers (VDC) and the chapter bookmarks.,
2002_Service_Manual_TI,sec_0174,414,5.4-gaps_duplicates,PASS,,sec_0174 appears once. Its pages 400-420 do not overlap the previous or next sibling. No page gap was found around it. The sampled p414 content is in this section only.,
2002_Service_Manual_TI,sec_0174,414,5.4-flagged_for_review,PASS,,sec_0174 has flagged_for_review = false and verification_score 100. The title and the start on p400 are visible. The MEMO page p420 is the last page.,
2002_Service_Manual_TI,sec_0174,414,5.4-structural_source,PASS,,sec_0174 has structural_source = toc. The title is a real bookmark and it matches the printed heading on its first page. No inferred structure here.,
2002_Service_Manual_TI,sec_0174,414,5.6-numbering_scheme,PASS,,On p414 the printed folio is VDC-16: a chapter prefix and an arabic number. The tree uses numbering_scheme = arabic. This is correct.,
2002_Service_Manual_TI,sec_0174,414,5.6-offset_applied,PASS,,"offset_applied is 0, like the neighbouring sections. Page p414 shows folio VDC-16 and the heading found at the declared page_start 400. The mapping is plausible.",
2002_Service_Manual_TI,sec_0174,414,5.6-table_content,PASS,,"No table is printed on p414, and none was extracted.",
2002_Service_Manual_TI,sec_0174,414,5.5-filters_discarding,PASS,,"No figure is printed on p414. It has only the heading 5. PRESSURE INCREASE CONTROL, two paragraphs and a NOTE. Nothing was dropped. Nothing meaningful was discarded.",
2002_Service_Manual_TI,sec_0174,414,5.5-filters_passing_noise,PASS,,"No image is mapped to p414, so no noise image was kept.",
2002_Service_Manual_TI,sec_0174,414,5.5-image_section_mapping,PASS,,"No figure is printed on p414. It has only the heading 5. PRESSURE INCREASE CONTROL, two paragraphs and a NOTE. Nothing was dropped. No image should be mapped to sec_0174 for this page, and none is.",
2002_Service_Manual_TI,sec_0180,432,5.4-hierarchy_level,PASS,,"On p432 (PHV page, folio BR-12) the heading is a numbered sub-topic of its chapter. '5. Hill Holder' has hierarchy_level 4, the same as its siblings and one below its chapter level 3.",
2002_Service_Manual_TI,sec_0180,432,5.4-parent_child,PASS,,"sec_0180 has parent_section_id sec_0175 (BRAKES) and no children. The p432 content is one topic of that chapter, so the link is right. Neighbours are sec_0179 (p428-430) and sec_0181 PARKING BRAKE (p437).",
2002_Service_Manual_TI,sec_0180,432,5.4-page_start_end,PASS,,"sec_0180 covers p431-436. Page shows the running header, heading 'A: PRESSURE HOLD VALVE (PHV)', two bullets, one figure and a 14-item legend. Nodes #/texts/6149-6160 hold all of it. All nodes of p432 (#/texts/6149-6160, BR-12 included) are in sec_0180. Nothing from p431 or p433 is mixed in.",
2002_Service_Manual_TI,sec_0180,432,5.4-hierarchy_path,PASS,,"hierarchy_path is /2002 LEGACY SERVICE MANUAL/NEW CAR INFORMATION SECTION/BRAKES/5. Hill Holder. The printed header on p432 reads the same: chapter name, then the topic.",
2002_Service_Manual_TI,sec_0180,432,5.4-gaps_duplicates,PASS,,"On p432 every text block and figure appears once and only in sec_0180. No node is repeated in a neighbour, and no text on the page is missing from the nodes.",
2002_Service_Manual_TI,sec_0180,432,5.4-flagged_for_review,PASS,,"sec_0180 has flagged_for_review false and verification_score 100. The heading is on the expected page, so no flag is needed.",
2002_Service_Manual_TI,sec_0180,432,5.4-structural_source,PASS,,structural_source is 'toc'. The bookmark title '5. Hill Holder' matches the printed heading on p431. The bookmark page also matches the render.,
2002_Service_Manual_TI,sec_0180,432,5.6-numbering_scheme,PASS,,"The printed folio on p432 is BR-n (chapter prefix plus a number). The section says 'arabic'. The numbers are arabic and the PDF page is used for page_start and page_end, so this is acceptable.",The folio has a chapter prefix. The scheme 'arabic' is probably accepted for this manual.
2002_Service_Manual_TI,sec_0180,432,5.6-offset_applied,PASS,,"offset_applied is 0. Physical p432 shows the folio of this chapter (PHV page, folio BR-12), and the bookmark pages are physical pages. So no offset is needed.",
2002_Service_Manual_TI,sec_0180,432,5.5-filters_discarding,PASS,,"img_0294 (p432) is the full PHV figure with all labels (1)-(14), arrows and 'From master cylinder'. Nothing is cut. The legend stays as text nodes 6154-6158. No figure on p432 was dropped by a filter.",
2002_Service_Manual_TI,sec_0180,432,5.5-filters_passing_noise,PASS,,"On p432 the extracted pictures are content figures. No logo, rule or page-number strip was kept as an image.",
2002_Service_Manual_TI,sec_0180,432,5.5-image_section_mapping,PASS,,"img_0294 (p432) is the full PHV figure with all labels (1)-(14), arrows and 'From master cylinder'. Nothing is cut. The legend stays as text nodes 6154-6158. On p432 each picture is mapped to sec_0180, which owns the page.",
2002_Service_Manual_TI,sec_0180,434,5.4-hierarchy_level,PASS,,"On p434 (deceleration page, folio BR-14) the heading is a numbered sub-topic of its chapter. '5. Hill Holder' has hierarchy_level 4, the same as its siblings and one below its chapter level 3.",
2002_Service_Manual_TI,sec_0180,434,5.4-parent_child,PASS,,"sec_0180 has parent_section_id sec_0175 (BRAKES) and no children. The p434 content is one topic of that chapter, so the link is right. Neighbours are sec_0179 (p428-430) and sec_0181 PARKING BRAKE (p437).",
2002_Service_Manual_TI,sec_0180,434,5.4-page_start_end,PASS,,"sec_0180 covers p431-436. Page shows three bullets, three drawings (G4H0059, G4H0060, G4H0061) and BR-14. Nodes #/texts/6173-6184 hold all of them. All nodes of p434 (#/texts/6173-6184) are in sec_0180. Page starts under the same heading as p433, so no heading is expected here.",
2002_Service_Manual_TI,sec_0180,434,5.4-hierarchy_path,PASS,,"hierarchy_path is /2002 LEGACY SERVICE MANUAL/NEW CAR INFORMATION SECTION/BRAKES/5. Hill Holder. The printed header on p434 reads the same: chapter name, then the topic.",
2002_Service_Manual_TI,sec_0180,434,5.4-gaps_duplicates,PASS,,"On p434 every text block and figure appears once and only in sec_0180. No node is repeated in a neighbour, and no text on the page is missing from the nodes.",
2002_Service_Manual_TI,sec_0180,434,5.4-flagged_for_review,PASS,,"sec_0180 has flagged_for_review false and verification_score 100. The heading is on the expected page, so no flag is needed.",
2002_Service_Manual_TI,sec_0180,434,5.4-structural_source,PASS,,structural_source is 'toc'. The bookmark title '5. Hill Holder' matches the printed heading on p431. The bookmark page also matches the render.,
2002_Service_Manual_TI,sec_0180,434,5.6-numbering_scheme,PASS,,"The printed folio on p434 is BR-n (chapter prefix plus a number). The section says 'arabic'. The numbers are arabic and the PDF page is used for page_start and page_end, so this is acceptable.",The folio has a chapter prefix. The scheme 'arabic' is probably accepted for this manual.
2002_Service_Manual_TI,sec_0180,434,5.6-offset_applied,PASS,,"offset_applied is 0. Physical p434 shows the folio of this chapter (deceleration page, folio BR-14), and the bookmark pages are physical pages. So no offset is needed.",
2002_Service_Manual_TI,sec_0180,434,5.5-filters_discarding,PASS,,"img_0297, img_0298 and img_0299 match the three drawings on p434, one each. None is cut and none is missing. No figure on p434 was dropped by a filter.",
2002_Service_Manual_TI,sec_0180,434,5.5-filters_passing_noise,PASS,,"On p434 the extracted pictures are content figures. No logo, rule or page-number strip was kept as an image.",
2002_Service_Manual_TI,sec_0180,434,5.5-image_section_mapping,PASS,,"img_0297, img_0298 and img_0299 match the three drawings on p434, one each. None is cut and none is missing. On p434 each picture is mapped to sec_0180, which owns the page.",
2002_Service_Manual_TI,sec_0184,443,5.4-hierarchy_level,PASS,,"On p443 (energy-absorbing page, folio PS-3) the heading is a numbered sub-topic of its chapter. '1. Tilt Steering Column' has hierarchy_level 4, the same as its siblings and one below its chapter level 3.",
2002_Service_Manual_TI,sec_0184,443,5.4-parent_child,PASS,,"sec_0184 has parent_section_id sec_0183 (POWER ASSISTED SYSTEM) and no children. The p443 content is one topic of that chapter, so the link is right. Neighbours are sec_0183 and sec_0185 (p445).",
2002_Service_Manual_TI,sec_0184,443,5.4-page_start_end,PASS,,"sec_0184 covers p442-444. Page shows heading 'B: ENERGY-ABSORBING MECHANISM', two bullets, drawings (A), (B), (C) and a legend. Nodes #/texts/6250-6269 hold all of it. All nodes of p443 (#/texts/6250-6269) are in sec_0184. The legend '(1) Ripping plate' to '(4) After ripping' is also here.",
2002_Service_Manual_TI,sec_0184,443,5.4-hierarchy_path,PASS,,"hierarchy_path is .../POWER ASSISTED SYSTEM (POWER STEERING)/1. Tilt Steering Column. The printed header on p443 reads the same: chapter name, then the topic.",
2002_Service_Manual_TI,sec_0184,443,5.4-gaps_duplicates,PASS,,"On p443 every text block and figure appears once and only in sec_0184. No node is repeated in a neighbour, and no text on the page is missing from the nodes.",
2002_Service_Manual_TI,sec_0184,443,5.4-flagged_for_review,PASS,,"sec_0184 has flagged_for_review false and verification_score 100. The heading is on the expected page, so no flag is needed.",
2002_Service_Manual_TI,sec_0184,443,5.4-structural_source,PASS,,structural_source is 'toc'. The bookmark title '1. Tilt Steering Column' matches the printed heading on p442. The bookmark page also matches the render.,
2002_Service_Manual_TI,sec_0184,443,5.6-numbering_scheme,PASS,,"The printed folio on p443 is PS-n (chapter prefix plus a number). The section says 'arabic'. The numbers are arabic and the PDF page is used for page_start and page_end, so this is acceptable.",The folio has a chapter prefix. The scheme 'arabic' is probably accepted for this manual.
2002_Service_Manual_TI,sec_0184,443,5.6-offset_applied,PASS,,"offset_applied is 0. Physical p443 shows the folio of this chapter (energy-absorbing page, folio PS-3), and the bookmark pages are physical pages. So no offset is needed.",
2002_Service_Manual_TI,sec_0184,443,5.5-filters_discarding,PASS,,"img_0305 (p443) holds all three drawings (A), (B) and (C) in one crop. Nothing is cut. No figure on p443 was dropped by a filter.",
2002_Service_Manual_TI,sec_0184,443,5.5-filters_passing_noise,PASS,,"On p443 the extracted pictures are content figures. No logo, rule or page-number strip was kept as an image.",
2002_Service_Manual_TI,sec_0184,443,5.5-image_section_mapping,PASS,,"img_0305 (p443) holds all three drawings (A), (B) and (C) in one crop. Nothing is cut. On p443 each picture is mapped to sec_0184, which owns the page.",
2002_Service_Manual_TI,sec_0185,449,5.4-hierarchy_level,PASS,,"On p449 (MEMO page, folio PS-9) the heading is a numbered sub-topic of its chapter. '2. Power Steering System' has hierarchy_level 4, the same as its siblings and one below its chapter level 3.",
2002_Service_Manual_TI,sec_0185,449,5.4-parent_child,PASS,,"sec_0185 has parent_section_id sec_0183 (POWER ASSISTED SYSTEM) and no children. The p449 content is one topic of that chapter, so the link is right. Neighbours are sec_0184 (p442-444) and sec_0186 HVAC SYSTEM (p473).",
2002_Service_Manual_TI,sec_0185,449,5.4-page_start_end,PASS,,"sec_0185 covers p445-472. Page is a blank MEMO page with only the running header, the heading 'MEMO' and PS-9. Nodes #/texts/6358-6361 hold exactly that. Nodes 6358-6361 are in sec_0185. The MEMO page is between p448 and p450 of the same section, so it is correctly kept.",
2002_Service_Manual_TI,sec_0185,449,5.4-hierarchy_path,PASS,,"hierarchy_path is .../POWER ASSISTED SYSTEM (POWER STEERING)/2. Power Steering System. The printed header on p449 reads the same: chapter name, then the topic.",
2002_Service_Manual_TI,sec_0185,449,5.4-gaps_duplicates,PASS,,"On p449 every text block and figure appears once and only in sec_0185. No node is repeated in a neighbour, and no text on the page is missing from the nodes.",
2002_Service_Manual_TI,sec_0185,449,5.4-flagged_for_review,PASS,,"sec_0185 has flagged_for_review false and verification_score 100. The heading is on the expected page, so no flag is needed.",
2002_Service_Manual_TI,sec_0185,449,5.4-structural_source,PASS,,structural_source is 'toc'. The bookmark title '2. Power Steering System' matches the printed heading on p445. The bookmark page also matches the render.,
2002_Service_Manual_TI,sec_0185,449,5.6-numbering_scheme,PASS,,"The printed folio on p449 is PS-n (chapter prefix plus a number). The section says 'arabic'. The numbers are arabic and the PDF page is used for page_start and page_end, so this is acceptable.",The folio has a chapter prefix. The scheme 'arabic' is probably accepted for this manual.
2002_Service_Manual_TI,sec_0185,449,5.6-offset_applied,PASS,,"offset_applied is 0. Physical p449 shows the folio of this chapter (MEMO page, folio PS-9), and the bookmark pages are physical pages. So no offset is needed.",
2002_Service_Manual_TI,sec_0185,449,5.5-filters_discarding,PASS,,p449 has no picture and none was extracted. This is correct. No figure on p449 was dropped by a filter.,
2002_Service_Manual_TI,sec_0185,449,5.5-filters_passing_noise,PASS,,"On p449 the extracted pictures are content figures. No logo, rule or page-number strip was kept as an image.",
2002_Service_Manual_TI,sec_0185,449,5.5-image_section_mapping,PASS,,"p449 has no picture and none was extracted. This is correct. On p449 each picture is mapped to sec_0185, which owns the page.",
2002_Service_Manual_TI,sec_0185,460,5.4-hierarchy_level,PASS,,"On p460 (flow control valve page, folio PS-20) the heading is a numbered sub-topic of its chapter. '2. Power Steering System' has hierarchy_level 4, the same as its siblings and one below its chapter level 3.",
2002_Service_Manual_TI,sec_0185,460,5.4-parent_child,PASS,,"sec_0185 has parent_section_id sec_0183 (POWER ASSISTED SYSTEM) and no children. The p460 content is one topic of that chapter, so the link is right. Neighbours are sec_0184 (p442-444) and sec_0186 HVAC SYSTEM (p473).",
2002_Service_Manual_TI,sec_0185,460,5.4-page_start_end,PASS,,"sec_0185 covers p445-472. Page shows heading 'FLOW CONTROL VALVE', one paragraph, drawings (A) and (B) and a legend. Nodes #/texts/6535-6555 hold them. All p460 nodes (#/texts/6535-6555) are in sec_0185. No other section starts or ends here.",
2002_Service_Manual_TI,sec_0185,460,5.4-hierarchy_path,PASS,,"hierarchy_path is .../POWER ASSISTED SYSTEM (POWER STEERING)/2. Power Steering System. The printed header on p460 reads the same: chapter name, then the topic.",
2002_Service_Manual_TI,sec_0185,460,5.4-gaps_duplicates,PASS,,"On p460 every text block and figure appears once and only in sec_0185. No node is repeated in a neighbour, and no text on the page is missing from the nodes.",
2002_Service_Manual_TI,sec_0185,460,5.4-flagged_for_review,PASS,,"sec_0185 has flagged_for_review false and verification_score 100. The heading is on the expected page, so no flag is needed.",
2002_Service_Manual_TI,sec_0185,460,5.4-structural_source,PASS,,structural_source is 'toc'. The bookmark title '2. Power Steering System' matches the printed heading on p445. The bookmark page also matches the render.,
2002_Service_Manual_TI,sec_0185,460,5.6-numbering_scheme,PASS,,"The printed folio on p460 is PS-n (chapter prefix plus a number). The section says 'arabic'. The numbers are arabic and the PDF page is used for page_start and page_end, so this is acceptable.",The folio has a chapter prefix. The scheme 'arabic' is probably accepted for this manual.
2002_Service_Manual_TI,sec_0185,460,5.6-offset_applied,PASS,,"offset_applied is 0. Physical p460 shows the folio of this chapter (flow control valve page, folio PS-20), and the bookmark pages are physical pages. So no offset is needed.",
2002_Service_Manual_TI,sec_0185,460,5.5-filters_discarding,PASS,,img_0320 (p460) holds both valve drawings (A) and (B). Nothing is cut. The labels stay as text nodes. No figure on p460 was dropped by a filter.,
2002_Service_Manual_TI,sec_0185,460,5.5-filters_passing_noise,PASS,,"On p460 the extracted pictures are content figures. No logo, rule or page-number strip was kept as an image.",
2002_Service_Manual_TI,sec_0185,460,5.5-image_section_mapping,PASS,,"img_0320 (p460) holds both valve drawings (A) and (B). Nothing is cut. The labels stay as text nodes. On p460 each picture is mapped to sec_0185, which owns the page.",
2002_Service_Manual_TI,sec_0185,469,5.4-hierarchy_level,PASS,,"On p469 (mid-range speed page, folio PS-29) the heading is a numbered sub-topic of its chapter. '2. Power Steering System' has hierarchy_level 4, the same as its siblings and one below its chapter level 3.",
2002_Service_Manual_TI,sec_0185,469,5.4-parent_child,PASS,,"sec_0185 has parent_section_id sec_0183 (POWER ASSISTED SYSTEM) and no children. The p469 content is one topic of that chapter, so the link is right. Neighbours are sec_0184 (p442-444) and sec_0186 HVAC SYSTEM (p473).",
2002_Service_Manual_TI,sec_0185,469,5.4-page_start_end,PASS,,"sec_0185 covers p445-472. Page shows heading 'Mid-range-speed operation (B - D range)', two paragraphs, a note, one drawing and a 10-item legend. Nodes #/texts/6685-6707 hold them. All p469 nodes (#/texts/6685-6707) are in sec_0185. No other section starts or ends here.",
2002_Service_Manual_TI,sec_0185,469,5.4-hierarchy_path,PASS,,"hierarchy_path is .../POWER ASSISTED SYSTEM (POWER STEERING)/2. Power Steering System. The printed header on p469 reads the same: chapter name, then the topic.",
2002_Service_Manual_TI,sec_0185,469,5.4-gaps_duplicates,PASS,,"On p469 every text block and figure appears once and only in sec_0185. No node is repeated in a neighbour, and no text on the page is missing from the nodes.",
2002_Service_Manual_TI,sec_0185,469,5.4-flagged_for_review,PASS,,"sec_0185 has flagged_for_review false and verification_score 100. The heading is on the expected page, so no flag is needed.",
2002_Service_Manual_TI,sec_0185,469,5.4-structural_source,PASS,,structural_source is 'toc'. The bookmark title '2. Power Steering System' matches the printed heading on p445. The bookmark page also matches the render.,
2002_Service_Manual_TI,sec_0185,469,5.6-numbering_scheme,PASS,,"The printed folio on p469 is PS-n (chapter prefix plus a number). The section says 'arabic'. The numbers are arabic and the PDF page is used for page_start and page_end, so this is acceptable.",The folio has a chapter prefix. The scheme 'arabic' is probably accepted for this manual.
2002_Service_Manual_TI,sec_0185,469,5.6-offset_applied,PASS,,"offset_applied is 0. Physical p469 shows the folio of this chapter (mid-range speed page, folio PS-29), and the bookmark pages are physical pages. So no offset is needed.",
2002_Service_Manual_TI,sec_0185,469,5.5-filters_discarding,PASS,,"img_0329 (p469, origin vector) is the full pump drawing with labels (1)-(10). Nothing is cut. No figure on p469 was dropped by a filter.",
2002_Service_Manual_TI,sec_0185,469,5.5-filters_passing_noise,PASS,,"On p469 the extracted pictures are content figures. No logo, rule or page-number strip was kept as an image.",
2002_Service_Manual_TI,sec_0185,469,5.5-image_section_mapping,PASS,,"img_0329 (p469, origin vector) is the full pump drawing with labels (1)-(10). Nothing is cut. On p469 each picture is mapped to sec_0185, which owns the page.",
2002_Service_Manual_TI,sec_0189,477,5.4-hierarchy_level,PASS,,"On p477 (air flow table page, folio AC-5) the heading is a numbered sub-topic of its chapter. '3. Mode Selector Switch and Air Flow' has hierarchy_level 4, the same as its siblings and one below its chapter level 3.",
2002_Service_Manual_TI,sec_0189,477,5.4-parent_child,PASS,,"sec_0189 has parent_section_id sec_0186 (HVAC SYSTEM) and no children. The p477 content is one topic of that chapter, so the link is right. Neighbours are sec_0188 (p476) and sec_0190 (p480).",
2002_Service_Manual_TI,sec_0189,477,5.4-page_start_end,PASS,,"sec_0189 covers p477-479. Page shows heading '3. Mode Selector Switch and Air Flow', sub-heading 'A: AIR FLOW' and one big picture table with icons for DEF, DEF/HEAT, HEAT, BI-LEVEL and VENT. Nodes #/texts/6778-6783 hold the heading, AC-5 and B4H1504A. The page nodes are in sec_0189. The section starts on p477 and ends on p479, before sec_0190 starts on p480.",
2002_Service_Manual_TI,sec_0189,477,5.4-hierarchy_path,PASS,,"hierarchy_path is .../HVAC SYSTEM (HEATER, VENTILATOR AND A/C)/3. Mode Selector Switch and Air Flow. The printed header on p477 reads the same: chapter name, then the topic.",
2002_Service_Manual_TI,sec_0189,477,5.4-gaps_duplicates,PASS,,"On p477 every text block and figure appears once and only in sec_0189. No node is repeated in a neighbour, and no text on the page is missing from the nodes.",
2002_Service_Manual_TI,sec_0189,477,5.4-flagged_for_review,PASS,,"sec_0189 has flagged_for_review false and verification_score 100. The heading is on the expected page, so no flag is needed.",
2002_Service_Manual_TI,sec_0189,477,5.4-structural_source,PASS,,structural_source is 'toc'. The bookmark title '3. Mode Selector Switch and Air Flow' matches the printed heading on p477. The bookmark page also matches the render.,
2002_Service_Manual_TI,sec_0189,477,5.6-numbering_scheme,PASS,,"The printed folio on p477 is AC-n (chapter prefix plus a number). The section says 'arabic'. The numbers are arabic and the PDF page is used for page_start and page_end, so this is acceptable.",The folio has a chapter prefix. The scheme 'arabic' is probably accepted for this manual.
2002_Service_Manual_TI,sec_0189,477,5.6-offset_applied,PASS,,"offset_applied is 0. Physical p477 shows the folio of this chapter (air flow table page, folio AC-5), and the bookmark pages are physical pages. So no offset is needed.",
2002_Service_Manual_TI,sec_0189,477,5.5-filters_discarding,PASS,,"img_0335 (p477) is the whole table as one picture, with the five icons, the labels and the LHD and RHD drawings. Nothing is cut or missing. No figure on p477 was dropped by a filter.",
2002_Service_Manual_TI,sec_0189,477,5.5-filters_passing_noise,PASS,,"On p477 the extracted pictures are content figures. No logo, rule or page-number strip was kept as an image.",
2002_Service_Manual_TI,sec_0189,477,5.5-image_section_mapping,PASS,,"img_0335 (p477) is the whole table as one picture, with the five icons, the labels and the LHD and RHD drawings. Nothing is cut or missing. On p477 each picture is mapped to sec_0189, which owns the page.",
2002_Service_Manual_TI,sec_0195,497,5.4-hierarchy_level,PASS,,"The heading ""9. Compressor"" (node #/texts/6857, p486) is a top heading in the HVAC chapter, one level below the chapter title. Level 4 matches the bookmark nesting.",
2002_Service_Manual_TI,sec_0195,497,5.4-parent_child,PASS,,"parent_section_id is sec_0186 (HVAC SYSTEM). child_sections is empty. The sub-headings ""A: LHD MODEL"" and ""B: RHD MODEL"" are nodes inside sec_0195, not bookmarks.",
2002_Service_Manual_TI,sec_0195,497,5.4-page_start_end,PASS,,"sec_0195 owns p486-499. On p497 the section ""3. PRESSURE RELIEF VALVE"" (#/texts/6986), the CAUTION notes and the AC-25 folio (#/texts/6994) are inside it. Section start is p486 and end is p499 with the AC-27 folio. Next section sec_0196 starts on p500.",
2002_Service_Manual_TI,sec_0195,497,5.4-hierarchy_path,PASS,,"hierarchy_path ends with ""/HVAC SYSTEM (HEATER, VENTILATOR AND A/C)/9. Compressor"". This is the right chain: manual, chapter, system, topic.",
2002_Service_Manual_TI,sec_0195,497,5.4-gaps_duplicates,PASS,,No gaps. Nodes run 6855-7012 in order. P497 nodes 6984-6994 are only in sec_0195. Nothing is repeated in sec_0194 or sec_0196.,
2002_Service_Manual_TI,sec_0195,497,5.4-flagged_for_review,PASS,,"flagged_for_review is false and verification_score is high for sec_0195. The heading is on its declared page in the render. No title mismatch is visible, so no review flag is needed.",
2002_Service_Manual_TI,sec_0195,497,5.4-structural_source,PASS,,"structural_source is ""toc"" for sec_0195. The heading text and page match the embedded bookmark. Nothing is inferred.",
2002_Service_Manual_TI,sec_0195,497,5.6-numbering_scheme,PASS,,"numbering_scheme is ""arabic"". Bookmark targets are plain physical page numbers, and the printed folios are chapter-prefixed numbers in sequence. No roman or other scheme change is seen in the section.",
2002_Service_Manual_TI,sec_0195,497,5.6-offset_applied,PASS,,"offset_applied is 0. The heading ""9. Compressor"" shows on physical p486, the page_start. The p499 render shows folio AC-27, the last page.",
2002_Service_Manual_TI,sec_0195,497,5.5-filters_discarding,PASS,,"p497 has two drawings (pressure relief valve section and the discharge-rate graph). Both are in img_0357 (1300x2314). The graph axis labels and values (2.76, 3.43, 4.14, 113) are visible. The caption line is not in the crop, but it is text node #/texts/6992.",
2002_Service_Manual_TI,sec_0195,497,5.5-filters_passing_noise,PASS,,"img_0357 holds only the two real drawings. No header, folio or rule was kept as an image on p497.",
2002_Service_Manual_TI,sec_0195,497,5.5-image_section_mapping,PASS,,"img_0357 is on p497 and mapped to sec_0195. The headings ""3. PRESSURE RELIEF VALVE"" and the figure are both owned by sec_0195, so the mapping is correct.",
2002_Service_Manual_TI,sec_0226,580,5.4-hierarchy_level,PASS,,"sec_0226 '10. Hot Wax Application' has hierarchy_level 4. It is a numbered sub-section under sec_0216 (BODY STRUCTURE), and the printed heading on p580 or its first page looks like the other numbered sections of the same chapter.",
2002_Service_Manual_TI,sec_0226,580,5.4-parent_child,PASS,,The parent of sec_0226 is sec_0216 (BODY STRUCTURE). This matches the chapter the page belongs to (p579-580).,
2002_Service_Manual_TI,sec_0226,580,5.4-page_start_end,PASS,,"sec_0226 runs p579-580. Heading #/texts/7948 is on p579. The nodes end with folio #/texts/7953 on p580. Both pages belong to this section. Last node is #/texts/7953 ""BS-18"" on p580.",
2002_Service_Manual_TI,sec_0226,580,5.4-hierarchy_path,PASS,,The path ends with '10. Hot Wax Application' under sec_0216 (BODY STRUCTURE). The order matches the printed titles on the pages.,
2002_Service_Manual_TI,sec_0226,580,5.4-gaps_duplicates,PASS,,I found no gap or duplicate for sec_0226 on p579-580. Semantic_order is continuous inside the section and the neighbours start right after it.,
2002_Service_Manual_TI,sec_0226,580,5.4-flagged_for_review,PASS,,sec_0226 has flagged_for_review false and verification score near 100. I saw no sign on p580 that it should be flagged.,
2002_Service_Manual_TI,sec_0226,580,5.4-structural_source,PASS,,sec_0226 has structural_source 'toc'. The title is in the manual contents and matches the heading seen on p579.,
2002_Service_Manual_TI,sec_0226,580,5.6-numbering_scheme,PASS,,"The scheme is 'arabic'. The printed folio on p580 is BS-18 (chapter prefix plus number), which fits this scheme.",Chapter-prefixed folios are the manual convention. They are not a roman or alphanumeric scheme.
2002_Service_Manual_TI,sec_0226,580,5.6-offset_applied,PASS,,"offset_applied is 0 and the sec_0226 heading appears on the expected physical page. Page 580 shows folio BS-18, which fits the section range p579-580.",
2002_Service_Manual_TI,sec_0226,580,5.5-filters_discarding,PASS,,"On p580: p580 has one figure B5H0837A (sedan, Section H). It is img_0443 and is mapped to sec_0226. The p579 figure B5H0948A is img_0442. No meaningful figure is missing.",
2002_Service_Manual_TI,sec_0226,580,5.5-filters_passing_noise,PASS,,"The images of sec_0226 near p580 are real figures. I saw no rule, logo or footer divider kept as an image.",
2002_Service_Manual_TI,sec_0226,580,5.5-image_section_mapping,PASS,,"On p580: p580 has one figure B5H0837A (sedan, Section H). It is img_0443 and is mapped to sec_0226. The p579 figure B5H0948A is img_0442.",
2002_Service_Manual_TI,sec_0233,603,5.4-hierarchy_level,PASS,,"sec_0233 '2. Outside Air Temperature Display' has hierarchy_level 4. It is a numbered sub-section under sec_0231 (INSTRUMENTATION/DRIVER INFO), and the printed heading on p602 or its first page looks like the other numbered sections of the same chapter.",
2002_Service_Manual_TI,sec_0233,603,5.4-parent_child,PASS,,The parent of sec_0233 is sec_0231 (INSTRUMENTATION/DRIVER INFO). This matches the chapter the page belongs to (p602-604).,
2002_Service_Manual_TI,sec_0233,603,5.4-page_start_end,PASS,,"sec_0233 runs p602-604. Heading #/texts/8304 is on p602. The section ends with the MEMO page p604 (#/texts/8322, folio IDI-20). Next section sec_0234 SEATS starts on p605. Last node is #/texts/8323 ""IDI-20"" on p604.",
2002_Service_Manual_TI,sec_0233,603,5.4-hierarchy_path,PASS,,The path ends with '2. Outside Air Temperature Display' under sec_0231 (INSTRUMENTATION/DRIVER INFO). The order matches the printed titles on the pages.,
2002_Service_Manual_TI,sec_0233,603,5.4-gaps_duplicates,PASS,,I found no gap or duplicate for sec_0233 on p602-604. Semantic_order is continuous inside the section and the neighbours start right after it.,
2002_Service_Manual_TI,sec_0233,603,5.4-flagged_for_review,PASS,,sec_0233 has flagged_for_review false and verification score near 100. I saw no sign on p603 that it should be flagged.,
2002_Service_Manual_TI,sec_0233,603,5.4-structural_source,PASS,,sec_0233 has structural_source 'toc'. The title is in the manual contents and matches the heading seen on p602.,
2002_Service_Manual_TI,sec_0233,603,5.6-numbering_scheme,PASS,,"The scheme is 'arabic'. The printed folio on p603 is IDI-19 (chapter prefix plus number), which fits this scheme.",Chapter-prefixed folios are the manual convention. They are not a roman or alphanumeric scheme.
2002_Service_Manual_TI,sec_0233,603,5.6-offset_applied,PASS,,"offset_applied is 0 and the sec_0233 heading appears on the expected physical page. Page 603 shows folio IDI-19, which fits the section range p602-604.",
2002_Service_Manual_TI,sec_0233,603,5.5-filters_discarding,PASS,,"On p603: p603 has circuit diagram B6H1515A (ambient sensor, CUSTOM CPU, speed sensor and TCM). It is img_0462 and is mapped to sec_0233. The crop is complete. No meaningful figure is missing.",
2002_Service_Manual_TI,sec_0233,603,5.5-filters_passing_noise,PASS,,img_0462 on p603 and img_0461 on p602 are real figures. No decorative element was kept.,
2002_Service_Manual_TI,sec_0233,603,5.5-image_section_mapping,PASS,,"On p603: p603 has circuit diagram B6H1515A (ambient sensor, CUSTOM CPU, speed sensor and TCM). It is img_0462 and is mapped to sec_0233. The crop is complete.",
2002_Service_Manual_TI,sec_0244,625,5.4-hierarchy_level,PASS,,sec_0244 'EXTERIOR BODY PANELS' has hierarchy_level 3. The p625 chapter cover shows it as a main chapter title above its two numbered children (level 4).,
2002_Service_Manual_TI,sec_0244,625,5.4-parent_child,PASS,,sec_0244 has children sec_0245 '1. Door' (p626) and sec_0246 '2. Front Hood' (p627-628). They match the contents list printed on p625.,
2002_Service_Manual_TI,sec_0244,625,5.4-page_start_end,PASS,,"sec_0244 runs p625-628. The section owns only the p625 cover nodes #/texts/8587 to #/texts/8591. Its children sec_0245 (p626) and sec_0246 (p627-628) own the rest of p625-628. The page range covers the children. Last node is #/texts/8591 ""2. Front Hood ..."" on p625.",
2002_Service_Manual_TI,sec_0244,625,5.4-hierarchy_path,PASS,,The path ends with 'EXTERIOR BODY PANELS' under sec_0002 (NEW CAR INFORMATION SECTION). The order matches the printed titles on the pages.,
2002_Service_Manual_TI,sec_0244,625,5.4-gaps_duplicates,PASS,,I found no gap or duplicate for sec_0244 on p625-628. Semantic_order is continuous inside the section and the neighbours start right after it.,
2002_Service_Manual_TI,sec_0244,625,5.4-flagged_for_review,PASS,,sec_0244 has flagged_for_review false and verification score near 100. I saw no sign on p625 that it should be flagged.,
2002_Service_Manual_TI,sec_0244,625,5.4-structural_source,PASS,,sec_0244 has structural_source 'toc'. The title is in the manual contents and matches the heading seen on p625.,
2002_Service_Manual_TI,sec_0244,625,5.6-numbering_scheme,PASS,,"The scheme is 'arabic'. The printed folio on p625 is EB (chapter cover) (chapter prefix plus number), which fits this scheme.",Chapter-prefixed folios are the manual convention. They are not a roman or alphanumeric scheme.
2002_Service_Manual_TI,sec_0244,625,5.6-offset_applied,PASS,,"offset_applied is 0 and the sec_0244 heading appears on the expected physical page. Page 625 shows folio EB (chapter cover), which fits the section range p625-628.",
2002_Service_Manual_TI,sec_0244,625,5.5-filters_discarding,PASS,,On p625: p625 is a chapter cover with a contents list. It has a black tab on the right edge. No figure was extracted and none is needed. No meaningful figure is missing.,
2002_Service_Manual_TI,sec_0244,625,5.5-filters_passing_noise,PASS,,p625 has no extracted image. The black tab on the right edge was not kept as an image.,
2002_Service_Manual_TI,sec_0244,625,5.5-image_section_mapping,PASS,,On p625: p625 is a chapter cover with a contents list. It has a black tab on the right edge. No figure was extracted and none is needed.,
2002_Service_Manual_TI,sec_0246,627,5.4-hierarchy_level,PASS,,"sec_0246 '2. Front Hood' has hierarchy_level 4. It is a numbered sub-section under sec_0244 (EXTERIOR BODY PANELS), and the printed heading on p627 or its first page looks like the other numbered sections of the same chapter.",
2002_Service_Manual_TI,sec_0246,627,5.4-parent_child,PASS,,The parent of sec_0246 is sec_0244 (EXTERIOR BODY PANELS). This matches the chapter the page belongs to (p627-628).,
2002_Service_Manual_TI,sec_0246,627,5.4-page_start_end,PASS,,"sec_0246 runs p627-628. Heading #/texts/8607 is on p627. The section ends with the MEMO page p628 (folio EB-4). Last node is #/texts/8618 ""EB-4"" on p628.",
2002_Service_Manual_TI,sec_0246,627,5.4-hierarchy_path,PASS,,The path ends with '2. Front Hood' under sec_0244 (EXTERIOR BODY PANELS). The order matches the printed titles on the pages.,
2002_Service_Manual_TI,sec_0246,627,5.4-gaps_duplicates,PASS,,I found no gap or duplicate for sec_0246 on p627-628. Semantic_order is continuous inside the section and the neighbours start right after it.,
2002_Service_Manual_TI,sec_0246,627,5.4-flagged_for_review,PASS,,sec_0246 has flagged_for_review false and verification score near 100. I saw no sign on p627 that it should be flagged.,
2002_Service_Manual_TI,sec_0246,627,5.4-structural_source,PASS,,sec_0246 has structural_source 'toc'. The title is in the manual contents and matches the heading seen on p627.,
2002_Service_Manual_TI,sec_0246,627,5.6-numbering_scheme,PASS,,"The scheme is 'arabic'. The printed folio on p627 is EB-3 (chapter prefix plus number), which fits this scheme.",Chapter-prefixed folios are the manual convention. They are not a roman or alphanumeric scheme.
2002_Service_Manual_TI,sec_0246,627,5.6-offset_applied,PASS,,"offset_applied is 0 and the sec_0246 heading appears on the expected physical page. Page 627 shows folio EB-3, which fits the section range p627-628.",
2002_Service_Manual_TI,sec_0246,627,5.5-filters_discarding,PASS,,"On p627: p627 has one figure B5H1199A (front hood, new and earlier design lines). It is img_0477 (vector, complete) and is mapped to sec_0246. No meaningful figure is missing.",
2002_Service_Manual_TI,sec_0246,627,5.5-filters_passing_noise,PASS,,"The images of sec_0246 near p627 are real figures. I saw no rule, logo or footer divider kept as an image.",
2002_Service_Manual_TI,sec_0246,627,5.5-image_section_mapping,PASS,,"On p627: p627 has one figure B5H1199A (front hood, new and earlier design lines). It is img_0477 (vector, complete) and is mapped to sec_0246.",
2002_Service_Manual_TI,sec_0249,639,5.4-hierarchy_level,PASS,,"""EXTERIOR/INTERIOR TRIM"" is level 3, same as the other chapter covers such as sec_0247. p639 shows the chapter title with the ""EI"" tab. Children are level 4.",
2002_Service_Manual_TI,sec_0249,639,5.4-parent_child,PASS,,"Parent is sec_0002, which lists sec_0249. Children sec_0250 and sec_0251 match the two contents lines on p639 (""1. Instrument Panel"", ""2. Trailer Lights Connector"").",
2002_Service_Manual_TI,sec_0249,639,5.4-page_start_end,PASS,,"Section has 5 nodes, all on p639: title, ""EI"", ""Page"" and the two contents lines (#/texts/8728 to 8732). page_end 642 is the end of the last child sec_0251. No body text from p640 is absorbed.",
2002_Service_Manual_TI,sec_0249,639,5.4-hierarchy_path,PASS,,Path is /2002 LEGACY SERVICE MANUAL/NEW CAR INFORMATION SECTION/EXTERIOR/INTERIOR TRIM. It is correct.,
2002_Service_Manual_TI,sec_0249,639,5.4-gaps_duplicates,PASS,,p639 content appears once. Previous sec_0248 ends on p638. Next sec_0250 starts on p640. No gap or overlap.,
2002_Service_Manual_TI,sec_0249,639,5.4-flagged_for_review,PASS,,"flagged_for_review is false, verification_score is 100. The title is clearly visible on p639.",
2002_Service_Manual_TI,sec_0249,639,5.4-structural_source,PASS,,structural_source is toc. The chapter cover is visible on p639 as the TOC says.,
2002_Service_Manual_TI,sec_0249,639,5.6-numbering_scheme,PASS,,"numbering_scheme is arabic. The cover p639 has no folio. Following pages use EI-2, EI-3 and EI-4.",
2002_Service_Manual_TI,sec_0249,639,5.6-offset_applied,PASS,,"offset_applied is 0. Cover p639 lists ""1. Instrument Panel ... 2"" and ""2. Trailer Lights Connector ... 3"". The latter is at physical p641 (EI-3). So 639 + 2 = 641 matches.",
2002_Service_Manual_TI,sec_0249,639,5.5-filters_discarding,PASS,,"p639 has only text, a rule and a black tab on the edge. No meaningful figure is lost.",
2002_Service_Manual_TI,sec_0249,639,5.5-filters_passing_noise,PASS,,No image is mapped to sec_0249. The black tab and rule on p639 are not kept as images.,
2002_Service_Manual_TI,sec_0249,639,5.5-image_section_mapping,PASS,,"p639 has no figure, so no image is mapped to sec_0249. This is correct. The connector image on p641 is in child sec_0251.",
