manual_id,section_id,page_sampled,checklist_ref,result,severity,evidence,notes
SOMATOM_Force_IFU_VB30,sec_0001,2,5.4-hierarchy_level,PASS,,'Legend' is a chapter-title level heading on p2 (large orange title). hierarchy_level 1 is right.,
SOMATOM_Force_IFU_VB30,sec_0001,2,5.4-parent_child,PASS,,sec_0001 'Legend' is a top-level bookmark with no parent and no children. The page shows a single chapter heading and no sub-headings.,
SOMATOM_Force_IFU_VB30,sec_0001,2,5.4-page_start_end,PASS,,"Section sec_0001 holds the heading 'Legend' (#/texts/11), the symbol table #/tables/0, the CAUTION and WARNING explanations (#/texts/13-17, #/texts/24-28) and the page footers on p2 and p3. Both printed pages 2 and 3 are the Legend chapter. The next section sec_0002 starts on p10, so no neighbouring content is absorbed.",
SOMATOM_Force_IFU_VB30,sec_0001,2,5.4-hierarchy_path,PASS,,hierarchy_path '/Legend' matches the printed heading chain on the rendered page.,
SOMATOM_Force_IFU_VB30,sec_0001,2,5.4-gaps_duplicates,PASS,,"The Legend appears once. All rows of the legend on p2 and p3 are in sec_0001 and nothing from it is in sec_0002. Pages 4-9 are contents pages, outside the sampled section.","The legend tags also exist as garbled nodes (#/texts/10, #/texts/22). They are noise, not a duplicate section."
SOMATOM_Force_IFU_VB30,sec_0001,2,5.4-flagged_for_review,PASS,,"flagged_for_review is false and verification_score is 100. The title 'Legend' is printed at the top of p2, so the unflagged state is right.",
SOMATOM_Force_IFU_VB30,sec_0001,2,5.4-structural_source,PASS,,"structural_source is 'toc'. The bookmark title 'Legend' matches the printed heading, so no inferred structure needs extra checking.",
SOMATOM_Force_IFU_VB30,sec_0001,2,5.6-numbering_scheme,PASS,,"numbering_scheme is arabic. Printed folios on the rendered pages are arabic digits, so the scheme is right.",
SOMATOM_Force_IFU_VB30,sec_0001,2,5.6-offset_applied,PASS,,"offset_applied is 0. The printed folio equals the physical page (p2-p3), and neighbouring sections also use 0.",
SOMATOM_Force_IFU_VB30,sec_0001,2,5.6-table_content,FAIL,Medium,"On p2 the legend table #/tables/0 keeps only the right column (15 description rows). The left column is lost: the icons 'i' and '>>', the symbols for list, prerequisite, one-step, steps and link. The entries 'Italic', 'Bold', 'Orange', 'Courier', 'Menu > Menu Item' and '<variable>' are separate paragraphs (#/texts/4-9), not in the table.","Probably BUG-009 (table read as separate text blocks). All description text is kept, so nothing is lost, but each description can no longer be matched to its symbol. Some pairs, such as 'Indicates a prerequisite', are split in two rows."
SOMATOM_Force_IFU_VB30,sec_0001,2,5.5-filters_discarding,FAIL,Low,"The legend on p2 and p3 is made of small icons: hint 'i', solution '>>', and the CAUTION and WARNING tags. None was extracted as an image (images.json has none for sec_0001). They are below the size filters.","The meaning of each icon is written in the description text, so no information is lost. Low because only the symbol is missing. The tags also appear as garbled nodes ('&$87,21' #/texts/10, ':$51,1*' #/texts/22) next to the clean 'CAUTION' and 'WARNING' headings."
SOMATOM_Force_IFU_VB30,sec_0001,2,5.5-filters_passing_noise,PASS,,"No image was kept for sec_0001. The page header, footer and folio are text nodes, not images. No decorative image was passed through.",
SOMATOM_Force_IFU_VB30,sec_0001,2,5.5-image_section_mapping,PASS,,"No image is mapped to sec_0001. The pages have only small icons, which are covered in the 5.5-filters_discarding row.",
SOMATOM_Force_IFU_VB30,sec_0005,11,5.4-hierarchy_level,PASS,,On p11 '2.1 General safety information' (#/texts/79) is a numbered sub-heading under chapter 2 'Safety information'. hierarchy_level 2 is right.,
SOMATOM_Force_IFU_VB30,sec_0005,11,5.4-parent_child,PASS,,Parent sec_0004 is chapter 2 'Safety information'. The 18 children (sec_0006 Residual risk ... sec_0051) are 2.1.x subsections. Structure is coherent.,
SOMATOM_Force_IFU_VB30,sec_0005,11,5.4-page_start_end,FAIL,Low,"On p11 the section starts correctly at '2.1 General safety information' (#/texts/79) and its text (#/texts/80). It also holds #/texts/81 ':$51,1*' and #/texts/82 '&$87,21'. These are the WARNING and CAUTION badge labels in the legend table higher on p11, and the glyphs are garbled. The end p28 is right: 2.2 starts on p28.","Probably a font-encoding problem in the badge labels. The legend belongs to the chapter intro (sec_0004), not to 2.1. Graded Low because the labels are unreadable and the legend text says WARNING and CAUTION. The owner is not sampled. No deterministic boundary signal exists because the nodes are inside the page range; the finding is visual (badges on the p11 render)."
SOMATOM_Force_IFU_VB30,sec_0005,11,5.4-hierarchy_path,PASS,,The path ends with 'General safety information' under sec_0004 Safety information and matches the visible nesting of the headings on the page.,
SOMATOM_Force_IFU_VB30,sec_0005,11,5.4-gaps_duplicates,PASS,,"All 2.1 content on p11 (#/texts/79-80) is in sec_0005 once. Children start on p12 with 2.1.1 Residual risk. The two garbled badge labels are graded on the page_start_end row, so they are not counted twice.","The unreadable badge labels are graded once, Low, on 5.4-page_start_end."
SOMATOM_Force_IFU_VB30,sec_0005,11,5.4-flagged_for_review,PASS,,"The section is not flagged and its title is found where the bookmark points (verification_score is high), so the missing flag is not a defect.",
SOMATOM_Force_IFU_VB30,sec_0005,11,5.4-structural_source,PASS,,structural_source is toc and the section title is a bookmark title that is visible in the PDF page layout.,
SOMATOM_Force_IFU_VB30,sec_0005,11,5.6-numbering_scheme,PASS,,"The printed folio on the rendered page is plain arabic (11), and the section has numbering_scheme arabic.",
SOMATOM_Force_IFU_VB30,sec_0005,11,5.6-offset_applied,PASS,,offset_applied is 0 and the printed folio equals the physical page number on the sampled page (p11).,
SOMATOM_Force_IFU_VB30,sec_0005,11,5.5-filters_discarding,PASS,,"p11 has only small icons: the 'i' note icon, two WARNING/CAUTION badges and the triangle in the CAUTION example box. They are in the chapter intro above 2.1 and their meaning is written in the text. No figure is lost.",
SOMATOM_Force_IFU_VB30,sec_0005,11,5.5-filters_passing_noise,PASS,,"images.json has no image for sec_0005 on p11, so no decorative image was kept. The garbled labels #/texts/81-82 are text nodes and are graded on page_start_end.",
SOMATOM_Force_IFU_VB30,sec_0005,11,5.5-image_section_mapping,PASS,,No image is mapped to sec_0005 and p11 shows no figure inside the 2.1 text (only small badges/icons). Nothing is mapped to a wrong section.,
SOMATOM_Force_IFU_VB30,sec_0023,18,5.4-hierarchy_level,PASS,,Section sec_0023 'Remote access' is stored at hierarchy_level 3. The page shows the heading with the matching style and nesting under sec_0005 (level 2).,
SOMATOM_Force_IFU_VB30,sec_0023,18,5.4-parent_child,PASS,,Parent is sec_0005 (level 2). The printed heading sits inside that parent. sec_0023 has no child sections and none are visible on p17-p18.,
SOMATOM_Force_IFU_VB30,sec_0023,18,5.4-page_start_end,PASS,,"sec_0023 starts at '2.1.10 Remote access' on p17, below the hint note of 2.1.9. It ends with the hint note 'Only use remote access in high performance networks' (#/texts/247) on p18, above 2.1.11. All 26 nodes match.",
SOMATOM_Force_IFU_VB30,sec_0023,18,5.4-hierarchy_path,PASS,,hierarchy_path '/Safety information/General safety information/Remote access' matches the printed heading chain on the rendered page.,
SOMATOM_Force_IFU_VB30,sec_0023,18,5.4-gaps_duplicates,PASS,,sec_0023 appears once. The visible text of Remote access is present in its nodes and no node is repeated in the neighbour sections.,
SOMATOM_Force_IFU_VB30,sec_0023,18,5.4-flagged_for_review,PASS,,flagged_for_review is false and verification_score is 100. The heading 'Remote access' is visible on p17 and the boundary is correct.,
SOMATOM_Force_IFU_VB30,sec_0023,18,5.4-structural_source,PASS,,"structural_source is 'toc'. The bookmark title 'Remote access' matches the printed heading, so no inferred structure needs extra checking.",
SOMATOM_Force_IFU_VB30,sec_0023,18,5.6-numbering_scheme,PASS,,"numbering_scheme is arabic. Printed folios on the rendered pages are arabic digits, so the scheme is right.",
SOMATOM_Force_IFU_VB30,sec_0023,18,5.6-offset_applied,PASS,,"offset_applied is 0. The printed folio equals the physical page (p17-p18), and neighbouring sections also use 0.",
SOMATOM_Force_IFU_VB30,sec_0023,18,5.5-filters_discarding,PASS,,"No figure or screenshot is visible on the sampled page. Only small callout icons (warning triangle, hint 'i') appear. Their meaning is written in the text next to them.",
SOMATOM_Force_IFU_VB30,sec_0023,18,5.5-filters_passing_noise,PASS,,"No image was extracted for this section, so no decorative image was kept. Nothing to remove on the sampled page.",
SOMATOM_Force_IFU_VB30,sec_0023,18,5.5-image_section_mapping,PASS,,No image is mapped to this section and none is needed. The sampled page has no figure that belongs to it.,
SOMATOM_Force_IFU_VB30,sec_0046,25,5.4-hierarchy_level,PASS,,"The margin heading is level 5 under 'Equipment modifications' (level 4). The page shows margin headings in one style, so nesting comes from the bookmarks. It is plausible.",
SOMATOM_Force_IFU_VB30,sec_0046,25,5.4-parent_child,PASS,,Parent is sec_0044 'Equipment modifications' (level 4). The printed heading sits inside that parent. sec_0046 has no child sections and none are visible on p24-p25.,
SOMATOM_Force_IFU_VB30,sec_0046,25,5.4-page_start_end,PASS,,"sec_0046 starts with the margin heading #/texts/372 on p24 and the recommendation text with 3 bullets. It ends with the hint note #/texts/399 at the top of p25, which continues the same topic. 'Equipment of other manufacturers' (#/texts/397) starts sec_0047.",
SOMATOM_Force_IFU_VB30,sec_0046,25,5.4-hierarchy_path,PASS,,"hierarchy_path ends with Operating conditions/Equipment modifications/Certificate of conformity from other manufacturers. The margin headings on p24 follow this order: Equipment modifications, Limitation of liability, Certificate.",
SOMATOM_Force_IFU_VB30,sec_0046,25,5.4-gaps_duplicates,PASS,,sec_0046 appears once. The visible text of Certificate of conformity from other manufacturers is present in its nodes and no node is repeated in the neighbour sections.,
SOMATOM_Force_IFU_VB30,sec_0046,25,5.4-flagged_for_review,PASS,,flagged_for_review is false and verification_score is 100. The heading 'Certificate of conformity from other manufacturers' is visible on p24 and the boundary is correct.,
SOMATOM_Force_IFU_VB30,sec_0046,25,5.4-structural_source,PASS,,"structural_source is 'toc'. The bookmark title 'Certificate of conformity from other manufacturers' matches the printed heading, so no inferred structure needs extra checking.",
SOMATOM_Force_IFU_VB30,sec_0046,25,5.6-numbering_scheme,PASS,,"numbering_scheme is arabic. Printed folios on the rendered pages are arabic digits, so the scheme is right.",
SOMATOM_Force_IFU_VB30,sec_0046,25,5.6-offset_applied,PASS,,"offset_applied is 0. The printed folio equals the physical page (p24-p25), and neighbouring sections also use 0.",
SOMATOM_Force_IFU_VB30,sec_0046,25,5.5-filters_discarding,PASS,,"No figure or screenshot is visible on the sampled page. Only small callout icons (warning triangle, hint 'i') appear. Their meaning is written in the text next to them.",
SOMATOM_Force_IFU_VB30,sec_0046,25,5.5-filters_passing_noise,PASS,,"No image was extracted for this section, so no decorative image was kept. Nothing to remove on the sampled page.",
SOMATOM_Force_IFU_VB30,sec_0046,25,5.5-image_section_mapping,PASS,,No image is mapped to this section and none is needed. The sampled page has no figure that belongs to it.,
SOMATOM_Force_IFU_VB30,sec_0057,32,5.4-hierarchy_level,PASS,,The heading '2.2.4 Deleting patient data' (node #/texts/544) is a numbered third-level heading. hierarchy_level 3 under sec_0052 (2.2) is right.,
SOMATOM_Force_IFU_VB30,sec_0057,32,5.4-parent_child,PASS,,"parent_section_id sec_0052 'Safety information on working with patient data' lists sec_0057 as a child. sec_0057 has no children, and none are visible on p31-32.",
SOMATOM_Force_IFU_VB30,sec_0057,32,5.4-page_start_end,PASS,,"On p31 the section starts at the heading #/texts/544. It ends on p32 with the last CAUTION box (#/texts/574). The heading '2.3 Safety information on patient transport and positioning' on p32 belongs to sec_0058, and sec_0057 does not take it. Only the running header and footer nodes are inside the section.",Running header and footer nodes of the page are inside the section. This is boilerplate and does not cross a boundary.
SOMATOM_Force_IFU_VB30,sec_0057,32,5.4-hierarchy_path,PASS,,"The path /Safety information/Safety information on working with patient data/Deleting patient data matches chapter 2, section 2.2, subsection 2.2.4.",
SOMATOM_Force_IFU_VB30,sec_0057,32,5.4-gaps_duplicates,PASS,,"The six CAUTION boxes of p31 and the box on p32 are all in sec_0057 once (#/texts/545 to #/texts/574). The two similar boxes on p31 are real, not duplicates. No text of this section is in sec_0056 or sec_0058.",
SOMATOM_Force_IFU_VB30,sec_0057,32,5.4-flagged_for_review,PASS,,"flagged_for_review is false and verification_score is 100.0. The heading is found on p31, so the flag is right.",
SOMATOM_Force_IFU_VB30,sec_0057,32,5.4-structural_source,PASS,,structural_source is toc. The title matches the printed heading on p31 and the page boundaries agree.,
SOMATOM_Force_IFU_VB30,sec_0057,32,5.6-numbering_scheme,PASS,,numbering_scheme is arabic. The printed page numbers 31 and 32 are in the footer.,
SOMATOM_Force_IFU_VB30,sec_0057,32,5.6-offset_applied,PASS,,offset_applied is 0. The printed folio 32 is on physical page 32.,
SOMATOM_Force_IFU_VB30,sec_0057,32,5.5-filters_discarding,PASS,,"No figure is on p31 or p32. Only the small warning triangle icons in the CAUTION headers exist, and their meaning is in the word CAUTION. Nothing meaningful is lost.",
SOMATOM_Force_IFU_VB30,sec_0057,32,5.5-filters_passing_noise,PASS,,"No image is mapped to sec_0057, so no decorative image is kept.",
SOMATOM_Force_IFU_VB30,sec_0057,32,5.5-image_section_mapping,PASS,,"No image is mapped to sec_0057 and none is visible on p31-32 apart from small icons, so no image is missing or misplaced.",
SOMATOM_Force_IFU_VB30,sec_0073,39,5.4-hierarchy_level,PASS,,"'Positioning aids' is a margin title at the bottom of p38 (node #/texts/718). It is the child of 'Accessories' sec_0067, so level 4 is right. Its children (Head holder and others) are level 5.","Margin titles look the same at levels 4 and 5, so the level comes from the bookmark nesting, which is coherent."
SOMATOM_Force_IFU_VB30,sec_0073,39,5.4-parent_child,PASS,,Parent sec_0067 'Accessories' lists sec_0073. The seven children sec_0074 to sec_0080 (Head holder to Baby mattress) match the margin titles on p40-45.,
SOMATOM_Force_IFU_VB30,sec_0073,39,5.4-page_start_end,PASS,,"On p38 the section starts at the margin title 'Positioning aids' (#/texts/718) and its two paragraphs (#/texts/735, #/texts/736). On p39 it has the CAUTION and two WARNING boxes (#/texts/740 to #/texts/758), which sit before the 'Head holder' title on p40. The label figures at the top of p38 belong to sec_0071 and the RTP table top box belongs to sec_0072. The last child ends on p45, which is the declared page_end.",Running header and footer nodes of the page are inside the section. This is boilerplate and does not cross a boundary.
SOMATOM_Force_IFU_VB30,sec_0073,39,5.4-hierarchy_path,PASS,,The path .../Accessories/Positioning aids matches the margin title on p38.,
SOMATOM_Force_IFU_VB30,sec_0073,39,5.4-gaps_duplicates,PASS,,"The title, the two paragraphs on p38 and the three boxes on p39 are in sec_0073 once. No text of sec_0072 (RTP table top) or of sec_0074 (Head holder) is here.",
SOMATOM_Force_IFU_VB30,sec_0073,39,5.4-flagged_for_review,PASS,,"flagged_for_review is false and verification_score is 100.0. The title is on p38, so the flag is right.",
SOMATOM_Force_IFU_VB30,sec_0073,39,5.4-structural_source,PASS,,structural_source is toc. The title matches the margin title on p38.,
SOMATOM_Force_IFU_VB30,sec_0073,39,5.6-numbering_scheme,PASS,,numbering_scheme is arabic. The footer shows 39 on physical page 39.,
SOMATOM_Force_IFU_VB30,sec_0073,39,5.6-offset_applied,PASS,,offset_applied is 0. Printed folio 39 equals physical page 39.,
SOMATOM_Force_IFU_VB30,sec_0073,39,5.5-filters_discarding,PASS,,"No figure is on p39. On p38 the two label figures (img_0014, img_0015) are kept. Nothing meaningful is lost in this section. The child figure on p45 (img_0025) is also kept.",
SOMATOM_Force_IFU_VB30,sec_0073,39,5.5-filters_passing_noise,PASS,,"No image is mapped to sec_0073, so no decorative image is kept. The figures on p38 are real labels.",
SOMATOM_Force_IFU_VB30,sec_0073,39,5.5-image_section_mapping,PASS,,"No image sits in the own area of sec_0073 (p38 bottom, p39). The label figures img_0014 and img_0015 on p38 are in sec_0071 'Label', which is right, since they are above the RTP and Positioning aids titles.",
SOMATOM_Force_IFU_VB30,sec_0083,46,5.4-hierarchy_level,PASS,,"'Monitor cart' is a margin title on p45 (node #/texts/884). It is a child of 'Furniture' sec_0082, so level 5 is right.","Margin titles look the same at levels 4 and 5, so the level comes from the bookmark nesting, which is coherent."
SOMATOM_Force_IFU_VB30,sec_0083,46,5.4-parent_child,PASS,,"Parent sec_0082 'Furniture' lists sec_0083, sec_0084 and sec_0085. sec_0083 has no children.",
SOMATOM_Force_IFU_VB30,sec_0083,46,5.4-page_start_end,PASS,,On p45 the section starts at the margin title 'Monitor cart' (#/texts/884) and the intro. It has the CAUTION box and the 'Maximum load label'. On p46 it ends with the two 'Total weight label' items (#/texts/889 to #/texts/892). The 'Monitor ceiling system' title and intro on p46 are in sec_0084 and are not here. The baby mattress and straps parts on p45 are above and belong to other sections.,Running header and footer nodes of the page are inside the section. This is boilerplate and does not cross a boundary.
SOMATOM_Force_IFU_VB30,sec_0083,46,5.4-hierarchy_path,PASS,,The path .../Accessories/Furniture/Monitor cart matches the margin titles on p45.,
SOMATOM_Force_IFU_VB30,sec_0083,46,5.4-gaps_duplicates,PASS,,"The intro, CAUTION box, the 25 kg label text on p45 and the two weight texts on p46 are in sec_0083 once. The 'Monitor ceiling system' title is not taken from sec_0084.",
SOMATOM_Force_IFU_VB30,sec_0083,46,5.4-flagged_for_review,PASS,,"flagged_for_review is false and verification_score is 100.0. The title is on p45, so the flag is right.",
SOMATOM_Force_IFU_VB30,sec_0083,46,5.4-structural_source,PASS,,structural_source is toc. The bookmark title matches the margin title on p45.,
SOMATOM_Force_IFU_VB30,sec_0083,46,5.6-numbering_scheme,PASS,,numbering_scheme is arabic. The footer shows 46 on physical page 46.,
SOMATOM_Force_IFU_VB30,sec_0083,46,5.6-offset_applied,PASS,,offset_applied is 0. Printed folio 46 equals physical page 46.,
SOMATOM_Force_IFU_VB30,sec_0083,46,5.5-filters_discarding,PASS,,"All three label figures are kept. They are img_0026 (25 kg MAX.LOAD, p45), img_0027 (60 kg total weight, p46) and img_0028 (68 kg total weight, p46). Each is readable and complete.",
SOMATOM_Force_IFU_VB30,sec_0083,46,5.5-filters_passing_noise,PASS,,"The three images are real label figures with weight values, not decorative. No rule or logo is kept.",
SOMATOM_Force_IFU_VB30,sec_0083,46,5.5-image_section_mapping,PASS,,"img_0026 sits under the 'Maximum load label' text on p45. img_0027 and img_0028 sit under the two 'Total weight label' texts on p46. All three are in sec_0083, before the 'Monitor ceiling system' title, so the mapping is right.",
SOMATOM_Force_IFU_VB30,sec_0092,52,5.4-hierarchy_level,PASS,,'2.3.6 Turbo Flash mode' (node #/texts/1017) is a numbered third-level heading under 2.3. hierarchy_level 3 is right.,
SOMATOM_Force_IFU_VB30,sec_0092,52,5.4-parent_child,PASS,,Parent sec_0058 (2.3) lists sec_0092 as its last child. sec_0092 has no children.,
SOMATOM_Force_IFU_VB30,sec_0092,52,5.4-page_start_end,PASS,,On p51 the section starts at the heading #/texts/1017. It has the intro and the WARNING about weight limitation. On p52 it ends with the WARNING about the STOP key and table speed (#/texts/1030). The heading '2.4 Safety information on patients with implanted devices' on p52 belongs to sec_0093 and is not here. The 'Tensile stress on infusion tubes' part above on p51 belongs to sec_0091.,Running header and footer nodes of the page are inside the section. This is boilerplate and does not cross a boundary.
SOMATOM_Force_IFU_VB30,sec_0092,52,5.4-hierarchy_path,PASS,,The path /Safety information/Safety information on patient transport and positioning/Turbo Flash mode matches heading 2.3.6.,
SOMATOM_Force_IFU_VB30,sec_0092,52,5.4-gaps_duplicates,PASS,,Both Turbo Flash WARNING boxes (p51 and p52) are in sec_0092 once. No text of sec_0091 or sec_0093 is mixed in.,
SOMATOM_Force_IFU_VB30,sec_0092,52,5.4-flagged_for_review,PASS,,"flagged_for_review is false and verification_score is 100.0. The heading is on p51, so the flag is right.",
SOMATOM_Force_IFU_VB30,sec_0092,52,5.4-structural_source,PASS,,structural_source is toc. The title matches the printed heading 2.3.6 on p51.,
SOMATOM_Force_IFU_VB30,sec_0092,52,5.6-numbering_scheme,PASS,,numbering_scheme is arabic. The footer shows 52 on physical page 52.,
SOMATOM_Force_IFU_VB30,sec_0092,52,5.6-offset_applied,PASS,,offset_applied is 0. Printed folio 52 equals physical page 52.,
SOMATOM_Force_IFU_VB30,sec_0092,52,5.5-filters_discarding,PASS,,"No figure is in Turbo Flash mode on p51-52. The two contusion area figures at the top of p51 are kept (img_0030, img_0031) in sec_0090. Only small warning icons exist and the text states them.",
SOMATOM_Force_IFU_VB30,sec_0092,52,5.5-filters_passing_noise,PASS,,"No image is mapped to sec_0092, so no decorative image is kept.",
SOMATOM_Force_IFU_VB30,sec_0092,52,5.5-image_section_mapping,PASS,,"No image is mapped to sec_0092. The two figures at the top of p51 are above 'Tensile stress on infusion tubes' and are mapped to sec_0090 (Contusion areas), which is right.",
SOMATOM_Force_IFU_VB30,sec_0102,59,5.4-hierarchy_level,PASS,,"On p59 the heading '2.5.6 Additional information on contrast examinations' is a 3-level numbered heading. sec_0102 has hierarchy_level 3, which matches.",
SOMATOM_Force_IFU_VB30,sec_0102,59,5.4-parent_child,PASS,,sec_0102 has parent sec_0094 ('Safety information on performing an examination') and no children. The numbering '2.5.6' sits under its parent number in the rendered page.,
SOMATOM_Force_IFU_VB30,sec_0102,59,5.4-page_start_end,PASS,,"The section starts at node #/texts/1189 (heading 2.5.6, p58) and ends at #/texts/1228 (p59 footer). On p58 the earlier boxes and the margin label 'Performing a retrospective spiral' stay in sec_0101. All CAUTION boxes on p59 follow 2.5.6 and are in sec_0102. The next section sec_0103 starts on p60.",page_end 59 is right.
SOMATOM_Force_IFU_VB30,sec_0102,59,5.4-hierarchy_path,PASS,,The path of sec_0102 ends with 'Additional information on contrast examinations' and its ancestors match the numbering '2.5.6' seen on p59.,
SOMATOM_Force_IFU_VB30,sec_0102,59,5.4-gaps_duplicates,PASS,,Nodes #/texts/1189 to #/texts/1228 are in order with no gaps (semantic_order 1168 to 1207). The 2 p58 cautions and the 5 p59 cautions are all present once. No node repeats in sec_0101 or sec_0103.,
SOMATOM_Force_IFU_VB30,sec_0102,59,5.4-flagged_for_review,PASS,,"sec_0102 has flagged_for_review false and verification_score 100. The heading is visible on the page, so the flag is right.",
SOMATOM_Force_IFU_VB30,sec_0102,59,5.4-structural_source,PASS,,sec_0102 has structural_source toc. The bookmark heading '2.5.6 Additional information on contrast examinations' is visible on p58.,
SOMATOM_Force_IFU_VB30,sec_0102,59,5.6-numbering_scheme,PASS,,"Folios on p59 are arabic numbers and section numbers are decimal ('2.5.6'). numbering_scheme is arabic, which matches.",
SOMATOM_Force_IFU_VB30,sec_0102,59,5.6-offset_applied,PASS,,The printed folio on the rendered p59 equals the physical page number. offset_applied 0 is correct.,
SOMATOM_Force_IFU_VB30,sec_0102,59,5.5-filters_discarding,PASS,,"p59 has only CAUTION boxes. The small warning triangles are not extracted, but the word CAUTION and all text are kept as nodes. No figure or photo is lost.",The triangle icons carry no extra meaning.
SOMATOM_Force_IFU_VB30,sec_0102,59,5.5-filters_passing_noise,PASS,,No image is mapped to sec_0102 in images.json. Nothing decorative was kept as an image on p58 or p59.,
SOMATOM_Force_IFU_VB30,sec_0102,59,5.5-image_section_mapping,PASS,,"Checked p58 and p59 by eye. There is no figure or photo, only text boxes. images.json has no image for sec_0102, which is correct.",
SOMATOM_Force_IFU_VB30,sec_0117,66,5.4-hierarchy_level,PASS,,"On p66 the heading '2.8.3 Evaluating pixels with the pixel lens' is a 3-level numbered heading. sec_0117 has hierarchy_level 3, which matches.",
SOMATOM_Force_IFU_VB30,sec_0117,66,5.4-parent_child,PASS,,sec_0117 has parent sec_0114 ('Safety information on basic image review') and no children. The numbering '2.8.3' sits under its parent number in the rendered page.,
SOMATOM_Force_IFU_VB30,sec_0117,66,5.4-page_start_end,PASS,,"The section starts at #/texts/1369 (heading 2.8.3, p65) and ends at #/texts/1380 (p66). On p65 the section has one CAUTION box (pixel lens). On p66 the first CAUTION box (pixel lens in Viewing and 3D task card) is still part of 2.8.3 and is in sec_0117. The heading 2.8.4 on p66 starts sec_0118.",page_end 66 is right.
SOMATOM_Force_IFU_VB30,sec_0117,66,5.4-hierarchy_path,PASS,,The path of sec_0117 ends with 'Evaluating pixels with the pixel lens' and its ancestors match the numbering '2.8.3' seen on p66.,
SOMATOM_Force_IFU_VB30,sec_0117,66,5.4-gaps_duplicates,PASS,,"Nodes #/texts/1369 to #/texts/1380 are continuous (semantic_order 1348 to 1359). Both cautions of 2.8.3 are present once. The 2.8.2 Viewing caution is in sec_0116, not here.",
SOMATOM_Force_IFU_VB30,sec_0117,66,5.4-flagged_for_review,PASS,,"sec_0117 has flagged_for_review false and verification_score 100. The heading is visible on the page, so the flag is right.",
SOMATOM_Force_IFU_VB30,sec_0117,66,5.4-structural_source,PASS,,sec_0117 has structural_source toc. The bookmark heading '2.8.3 Evaluating pixels with the pixel lens' is visible on p65.,
SOMATOM_Force_IFU_VB30,sec_0117,66,5.6-numbering_scheme,PASS,,"Folios on p66 are arabic numbers and section numbers are decimal ('2.8.3'). numbering_scheme is arabic, which matches.",
SOMATOM_Force_IFU_VB30,sec_0117,66,5.6-offset_applied,PASS,,The printed folio on the rendered p66 equals the physical page number. offset_applied 0 is correct.,
SOMATOM_Force_IFU_VB30,sec_0117,66,5.5-filters_discarding,PASS,,"p66 shows only CAUTION boxes with text. The warning triangles are not extracted, but the text and the word CAUTION are kept. No figure is lost.",
SOMATOM_Force_IFU_VB30,sec_0117,66,5.5-filters_passing_noise,PASS,,No image is mapped to sec_0117. No decorative element was kept as an image.,
SOMATOM_Force_IFU_VB30,sec_0117,66,5.5-image_section_mapping,PASS,,"p65 and p66 have no figure or photo. images.json has no image for sec_0117, which is correct.",
SOMATOM_Force_IFU_VB30,sec_0134,73,5.4-hierarchy_level,PASS,,"On p73 the heading '2.10.1 Storing data' is a 3-level numbered heading. sec_0134 has hierarchy_level 3, which matches.",
SOMATOM_Force_IFU_VB30,sec_0134,73,5.4-parent_child,PASS,,sec_0134 has parent sec_0133 ('Safety information on storing and archiving') and no children. The numbering '2.10.1' sits under its parent number in the rendered page.,
SOMATOM_Force_IFU_VB30,sec_0134,73,5.4-page_start_end,PASS,,"The section starts at #/texts/1536 (heading 2.10.1, p72) and ends at #/texts/1565 ('Red icon: If 90%...', p73). On p72 the Structured Report caution above 2.10 stays in the previous section. On p73 the two CAUTION boxes and the info note belong to 2.10.1. The heading 2.10.2 starts sec_0135 lower on p73.",page_end 73 is right.
SOMATOM_Force_IFU_VB30,sec_0134,73,5.4-hierarchy_path,PASS,,The path of sec_0134 ends with 'Storing data' and its ancestors match the numbering '2.10.1' seen on p73.,
SOMATOM_Force_IFU_VB30,sec_0134,73,5.4-gaps_duplicates,PASS,,"Nodes #/texts/1536 to #/texts/1565 are continuous (semantic_order 1516 to 1545). The 3 p72 cautions, the 2 p73 cautions and the info note with its yellow and red icon lines are all present once. No overlap with sec_0135.",
SOMATOM_Force_IFU_VB30,sec_0134,73,5.4-flagged_for_review,PASS,,"sec_0134 has flagged_for_review false and verification_score 100. The heading is visible on the page, so the flag is right.",
SOMATOM_Force_IFU_VB30,sec_0134,73,5.4-structural_source,PASS,,sec_0134 has structural_source toc. The bookmark heading '2.10.1 Storing data' is visible on p72.,
SOMATOM_Force_IFU_VB30,sec_0134,73,5.6-numbering_scheme,PASS,,"Folios on p73 are arabic numbers and section numbers are decimal ('2.10.1'). numbering_scheme is arabic, which matches.",
SOMATOM_Force_IFU_VB30,sec_0134,73,5.6-offset_applied,PASS,,The printed folio on the rendered p73 equals the physical page number. offset_applied 0 is correct.,
SOMATOM_Force_IFU_VB30,sec_0134,73,5.5-filters_discarding,FAIL,Low,"On p73 the small black 'i' info icon beside the note 'Pay attention to the storage capacity...' has no entry in images.json. It is a note marker, not a figure. The note text is kept in #/texts/1562 to #/texts/1565, so the information survives.","Small icon dropped, meaning is in the text. Low by the Sprint scale. The warning triangles are also dropped, but the word CAUTION is kept."
SOMATOM_Force_IFU_VB30,sec_0134,73,5.5-filters_passing_noise,PASS,,No image is mapped to sec_0134. No decorative element was kept as an image.,
SOMATOM_Force_IFU_VB30,sec_0134,73,5.5-image_section_mapping,PASS,,"p72 and p73 have no figure or photo, only text boxes and one small info icon. images.json has no image for sec_0134. The icon is too small to count as a figure.",
SOMATOM_Force_IFU_VB30,sec_0139,80,5.4-hierarchy_level,PASS,,"On p80 the heading '2.11.2 Fly Through' is a 3-level numbered heading. sec_0139 has hierarchy_level 3, which matches.",
SOMATOM_Force_IFU_VB30,sec_0139,80,5.4-parent_child,PASS,,sec_0139 has parent sec_0137 ('Safety information on postprocessing applications') and no children. The numbering '2.11.2' sits under its parent number in the rendered page.,
SOMATOM_Force_IFU_VB30,sec_0139,80,5.4-page_start_end,PASS,,"The section starts at #/texts/1729 (running header '2 Safety information', p80) and #/texts/1730 (heading 2.11.2). It ends at #/texts/1734, the bullet of the Fly Through caution. The next heading 2.11.3 Dental and its caution are in sec_0140. The 2.11.4 content also stays outside.",page_end 80 is right. The running header is boilerplate on the same page.
SOMATOM_Force_IFU_VB30,sec_0139,80,5.4-hierarchy_path,PASS,,The path of sec_0139 ends with 'Fly Through' and its ancestors match the numbering '2.11.2' seen on p80.,
SOMATOM_Force_IFU_VB30,sec_0139,80,5.4-gaps_duplicates,PASS,,"Nodes #/texts/1729 to #/texts/1734 are continuous (semantic_order 1709 to 1714). The one CAUTION box under 2.11.2 is complete: title, effect and bullet. No overlap with sec_0138 or sec_0140.",
SOMATOM_Force_IFU_VB30,sec_0139,80,5.4-flagged_for_review,PASS,,"sec_0139 has flagged_for_review false and verification_score 100. The heading is visible on the page, so the flag is right.",
SOMATOM_Force_IFU_VB30,sec_0139,80,5.4-structural_source,PASS,,sec_0139 has structural_source toc. The bookmark heading '2.11.2 Fly Through' is visible on p80.,
SOMATOM_Force_IFU_VB30,sec_0139,80,5.6-numbering_scheme,PASS,,"Folios on p80 are arabic numbers and section numbers are decimal ('2.11.2'). numbering_scheme is arabic, which matches.",
SOMATOM_Force_IFU_VB30,sec_0139,80,5.6-offset_applied,PASS,,The printed folio on the rendered p80 equals the physical page number. offset_applied 0 is correct.,
SOMATOM_Force_IFU_VB30,sec_0139,80,5.5-filters_discarding,PASS,,"p80 has only CAUTION boxes. The small triangles are not extracted, but all text is kept. No figure is lost.",
SOMATOM_Force_IFU_VB30,sec_0139,80,5.5-filters_passing_noise,PASS,,No image is mapped to sec_0139. No decorative element was kept as an image.,
SOMATOM_Force_IFU_VB30,sec_0139,80,5.5-image_section_mapping,PASS,,"p80 has no figure or photo. images.json has no image for sec_0139, which is correct.",
SOMATOM_Force_IFU_VB30,sec_0149,87,5.4-hierarchy_level,PASS,,"On p87 the heading '2.14 Safety information on shutting down' is a 2-level numbered heading. sec_0149 has hierarchy_level 2, which matches.",
SOMATOM_Force_IFU_VB30,sec_0149,87,5.4-parent_child,PASS,,sec_0149 has parent sec_0004 ('Safety information') and no children. The numbering '2.14' sits under its parent number in the rendered page.,
SOMATOM_Force_IFU_VB30,sec_0149,87,5.4-page_start_end,PASS,,"The section starts at #/texts/1913 (heading 2.14, p86) and ends at table #/tables/8 (p87). On p86 the WARNING box and the 2.13.2 Remote service text above the heading are in earlier sections. On p87 the only content is the CAUTION box 'Switch user, shut down, logoff or restart...', which belongs to 2.14. sec_0150 starts on p88.",page_end 87 is right.
SOMATOM_Force_IFU_VB30,sec_0149,87,5.4-hierarchy_path,PASS,,The path of sec_0149 ends with 'Safety information on shutting down' and its ancestors match the numbering '2.14' seen on p87.,
SOMATOM_Force_IFU_VB30,sec_0149,87,5.4-gaps_duplicates,PASS,,Nodes #/texts/1913 to #/tables/8 are continuous (semantic_order 1893 to 1904). The p86 caution and the p87 caution are each present once. No overlap with sec_0148 or sec_0150.,
SOMATOM_Force_IFU_VB30,sec_0149,87,5.4-flagged_for_review,PASS,,"sec_0149 has flagged_for_review false and verification_score 100. The heading is visible on the page, so the flag is right.",
SOMATOM_Force_IFU_VB30,sec_0149,87,5.4-structural_source,PASS,,sec_0149 has structural_source toc. The bookmark heading '2.14 Safety information on shutting down' is visible on p86.,
SOMATOM_Force_IFU_VB30,sec_0149,87,5.6-numbering_scheme,PASS,,"Folios on p87 are arabic numbers and section numbers are decimal ('2.14'). numbering_scheme is arabic, which matches.",
SOMATOM_Force_IFU_VB30,sec_0149,87,5.6-offset_applied,PASS,,The printed folio on the rendered p87 equals the physical page number. offset_applied 0 is correct.,
SOMATOM_Force_IFU_VB30,sec_0149,87,5.6-table_content,PASS,,"#/tables/8 on p87 is the CAUTION box, not a real table. Its text 'CAUTION / Switch user, shut down, logoff or restart without saving data! / Possible loss of unsaved changes.' matches the render. Reading order and values are kept.","A text box was read as a table, but no content changed."
SOMATOM_Force_IFU_VB30,sec_0149,87,5.5-filters_discarding,PASS,,"p86 and p87 have only CAUTION boxes. The small triangles are not extracted, but all text is kept. No figure is lost.",
SOMATOM_Force_IFU_VB30,sec_0149,87,5.5-filters_passing_noise,PASS,,No image is mapped to sec_0149. No decorative element was kept as an image.,
SOMATOM_Force_IFU_VB30,sec_0149,87,5.5-image_section_mapping,PASS,,"p86 and p87 have no figure or photo. p87 is mostly empty below the caution box. images.json has no image for sec_0149, which is correct.",
SOMATOM_Force_IFU_VB30,sec_0151,88,5.4-hierarchy_level,PASS,,"On p88 the heading '3.1 System overview' is a 2-level numbered heading. sec_0151 has hierarchy_level 2, which matches.",
SOMATOM_Force_IFU_VB30,sec_0151,88,5.4-parent_child,PASS,,sec_0151 has parent sec_0150 ('System description') and no children. The numbering '3.1' sits under its parent number in the rendered page.,
SOMATOM_Force_IFU_VB30,sec_0151,88,5.4-page_start_end,PASS,,"The section starts at #/texts/1927 (heading 3.1, p88) and ends at #/texts/1947 (folio 88). The chapter title '3 System description' and its intro sentence above 3.1 belong to sec_0150 (3 nodes). The figure legend and the info note are inside 3.1. sec_0152 starts on p89.",page_end 88 is right.
SOMATOM_Force_IFU_VB30,sec_0151,88,5.4-hierarchy_path,PASS,,The path of sec_0151 ends with 'System overview' and its ancestors match the numbering '3.1' seen on p88.,
SOMATOM_Force_IFU_VB30,sec_0151,88,5.4-gaps_duplicates,PASS,,"Nodes #/texts/1927 to #/texts/1947 are continuous (semantic_order 1908 to 1928). All 8 legend entries and the info note are present once. The legend numbers (1) to (8) are not in the node text, but the entries keep their order.","The numbers (1) to (8) are probably list markers dropped by Docling. The figure still shows them, so the link can be rebuilt from the order."
SOMATOM_Force_IFU_VB30,sec_0151,88,5.4-flagged_for_review,PASS,,"sec_0151 has flagged_for_review false and verification_score 100. The heading is visible on the page, so the flag is right.",
SOMATOM_Force_IFU_VB30,sec_0151,88,5.4-structural_source,PASS,,sec_0151 has structural_source toc. The bookmark heading '3.1 System overview' is visible on p88.,
SOMATOM_Force_IFU_VB30,sec_0151,88,5.6-numbering_scheme,PASS,,"Folios on p88 are arabic numbers and section numbers are decimal ('3.1'). numbering_scheme is arabic, which matches.",
SOMATOM_Force_IFU_VB30,sec_0151,88,5.6-offset_applied,PASS,,The printed folio on the rendered p88 equals the physical page number. offset_applied 0 is correct.,
SOMATOM_Force_IFU_VB30,sec_0151,88,5.5-filters_discarding,FAIL,Low,"On p88 the small black 'i' info icon beside the note 'Components or software functionalities...' has no entry in images.json. It is a note marker, not a figure. The note text is kept in #/texts/1944, so no information is lost. The main figure is kept as img_0033.","Small icon dropped, meaning is in the text. Low by the Sprint scale."
SOMATOM_Force_IFU_VB30,sec_0151,88,5.5-filters_passing_noise,PASS,,"The only image mapped to sec_0151 is img_0033, the system photo with callouts 1 to 8. It is real content, not noise. No rule or logo was kept as an image.",
SOMATOM_Force_IFU_VB30,sec_0151,88,5.5-image_section_mapping,PASS,,"img_0033 (1150x920) shows the full room photo with callout numbers 1 to 8 and is not cut. It sits under heading 3.1 on p88 and is mapped to sec_0151, which is right.",
SOMATOM_Force_IFU_VB30,sec_0157,95,5.4-hierarchy_level,PASS,,"On p95 'Start key/radiation warning' is a margin label for one control of the gantry operator panel. sec_0157 has hierarchy_level 5, a child of sec_0156 (level 4). This fits the deep bookmark nesting.",
SOMATOM_Force_IFU_VB30,sec_0157,95,5.4-parent_child,PASS,,sec_0157 has parent sec_0156 ('Gantry operator panel') and no children. Its siblings sec_0158 'STOP key' (p96) follow the same pattern.,
SOMATOM_Force_IFU_VB30,sec_0157,95,5.4-page_start_end,PASS,,"The section starts at #/texts/2068, the margin label 'Start key/radiation warning' (p95), and ends at #/texts/2074 (folio 95). The items (11) and (12) and the two WARNING boxes above the label belong to sec_0156. The text 'Use this key...', 'Encircling ring', Green and Yellow are in sec_0157. sec_0158 starts on p96.",page_end 95 is right.
SOMATOM_Force_IFU_VB30,sec_0157,95,5.4-hierarchy_path,PASS,,The path /System description/Scan unit (gantry)/Gantry operator panels/Gantry operator panel/Start key/radiation warning matches the panel parts shown on p95 and p96.,
SOMATOM_Force_IFU_VB30,sec_0157,95,5.4-gaps_duplicates,PASS,,"Nodes #/texts/2068 to #/texts/2074 are continuous (semantic_order 2068 to 2074). The label, the intro sentence, 'Encircling ring:', 'Green: ready for scanning' and 'Yellow: radiation warning' are each present once.",
SOMATOM_Force_IFU_VB30,sec_0157,95,5.4-flagged_for_review,PASS,,"sec_0157 has flagged_for_review false and verification_score 100. The heading is visible on the page, so the flag is right.",
SOMATOM_Force_IFU_VB30,sec_0157,95,5.4-structural_source,PASS,,sec_0157 has structural_source toc. The bookmark label 'Start key/radiation warning' is visible in the left margin on p95.,
SOMATOM_Force_IFU_VB30,sec_0157,95,5.6-numbering_scheme,PASS,,This section has no printed number. The folio on p95 is arabic. numbering_scheme arabic is right.,
SOMATOM_Force_IFU_VB30,sec_0157,95,5.6-offset_applied,PASS,,The printed folio on the rendered p95 equals the physical page number. offset_applied 0 is correct.,
SOMATOM_Force_IFU_VB30,sec_0157,95,5.5-filters_discarding,FAIL,Low,On p95 next to 'Start key/radiation warning' there is a small yellow radiation symbol (about 50 px). It is not extracted and images.json has no image for sec_0157. Its meaning is in the text: the label and 'Yellow: radiation warning' are kept.,"Small icon dropped, meaning is in the text. Low by the Sprint scale."
SOMATOM_Force_IFU_VB30,sec_0157,95,5.5-filters_passing_noise,PASS,,No image is mapped to sec_0157. No decorative element was kept as an image.,
SOMATOM_Force_IFU_VB30,sec_0157,95,5.5-image_section_mapping,PASS,,"The only visual in this section on p95 is the small radiation symbol, which is not extracted (see filters_discarding). No figure belonging to sec_0157 is mapped to another section.",
SOMATOM_Force_IFU_VB30,sec_0170,102,5.4-hierarchy_level,PASS,,"""Laser lightmarkers"" is a margin heading on p101 under the Touch Panel gantry panel group. hierarchy_level 5 under sec_0167 is right.",
SOMATOM_Force_IFU_VB30,sec_0170,102,5.4-parent_child,PASS,,"Parent sec_0167 is right. The section has no children. The next sibling sec_0171 ""Touch Panel"" starts lower on p102.",
SOMATOM_Force_IFU_VB30,sec_0170,102,5.4-page_start_end,PASS,,"Section starts on p101 with the heading #/texts/2190 and the key sentence. Its text continues on p102 in #/texts/2215-tail (laser beams sentence) and #/texts/2216 to 2218. On p102 these paragraphs are printed above the margin heading ""Touch Panel"", so they belong here. The heading ""Touch Panel"" (#/texts/2215) is in sec_0171. Boundaries are right.","The split node 2215 / 2215-tail now puts the sentence in the right section (earlier BUG-029 margin heading merge is fixed here). Footer nodes of p101 are in this section, which is normal boilerplate."
SOMATOM_Force_IFU_VB30,sec_0170,102,5.4-hierarchy_path,PASS,,The path ends with Laser lightmarkers under Gantry operator panel with Touch Panel. This matches the printed nesting.,
SOMATOM_Force_IFU_VB30,sec_0170,102,5.4-gaps_duplicates,PASS,,"The three p102 paragraphs and the Info note on automatic switch-off are present once, in sec_0170. #/texts/2215-tail is not repeated in sec_0171, which only has the title ""Touch Panel"" in #/texts/2215. No gap and no duplicate.",
SOMATOM_Force_IFU_VB30,sec_0170,102,5.4-flagged_for_review,PASS,,"flagged_for_review is false and verification_score is 100. Boundaries are right, so the flag state is right.",
SOMATOM_Force_IFU_VB30,sec_0170,102,5.4-structural_source,PASS,,"sec_0170 has structural_source ""toc"". The title is a bookmark and is printed as a margin or section heading in the rendered page, so the TOC source is supported.",
SOMATOM_Force_IFU_VB30,sec_0170,102,5.6-numbering_scheme,PASS,,"The printed folios on p101 and p102 are arabic numbers, and sec_0170 has numbering_scheme ""arabic"". No roman folios are involved.",
SOMATOM_Force_IFU_VB30,sec_0170,102,5.6-offset_applied,PASS,,"The printed folio matches the physical page on p101 and p102 (for example p101 shows folio 101). offset_applied is 0, which is correct.",
SOMATOM_Force_IFU_VB30,sec_0170,102,5.5-filters_discarding,FAIL,Low,"On p101 the Laser lightmarker key icon is printed left of ""This key turns on and off the laser lightmarkers"". It is not in images.json. It is a small icon below the size filter. The text says what the key does, so no information is lost. On p102 the two small ""i"" note icons are also not kept, but they are only note markers.","Small icon dropped, meaning stated in text. Low by the icon rule."
SOMATOM_Force_IFU_VB30,sec_0170,102,5.5-filters_passing_noise,PASS,,No image is mapped to sec_0170. No decorative element is kept.,
SOMATOM_Force_IFU_VB30,sec_0170,102,5.5-image_section_mapping,PASS,,"The Touch Panel screen figure of p102 (img_0049) is mapped to sec_0171 and sits below the heading ""Touch Panel"". It is not wrongly placed in sec_0170. No image is mapped to sec_0170.",
SOMATOM_Force_IFU_VB30,sec_0184,109,5.4-hierarchy_level,PASS,,"""Connector elements"" is a margin heading at the bottom of p108 under ""3.2.4 Connectors"". hierarchy_level 4 with parent sec_0183 is right.",
SOMATOM_Force_IFU_VB30,sec_0184,109,5.4-parent_child,PASS,,"Parent sec_0183 ""Connectors"" is right. The section has no children. The sibling sec_0185 ""Line On/Off reset button"" follows on p109.",
SOMATOM_Force_IFU_VB30,sec_0184,109,5.4-page_start_end,PASS,,"On p108 the section has the heading #/texts/2341 and the sentence ""The following elements are located behind the faceplate"" (#/texts/2353). On p109 it has the legend (1) to (4) (#/texts/2358 to 2361). The node #/texts/2361 is the legend item (4) and not the heading of sec_0185. Boundaries are right.","verify_claims flags #/texts/2361 as the sec_0185 heading, but this is a title match only. On p109 the text ""(4) Line On/Off reset button"" is legend item (4) under the connector photo, above the real margin heading. The real heading is #/texts/2357 in sec_0185. So the node is correctly owned and PASS stands. Node type ""heading"" is wrong but harmless."
SOMATOM_Force_IFU_VB30,sec_0184,109,5.4-hierarchy_path,PASS,,"The path ends with Scan unit (gantry) / Connectors / Connector elements. This matches the ""3.2.4 Connectors"" heading and the margin heading.",
SOMATOM_Force_IFU_VB30,sec_0184,109,5.4-gaps_duplicates,PASS,,"The intro sentence and all four legend lines of the connector photo are present once. The ""Only connect equipment..."" note on p108 belongs to sec_0183 above. No gap and no duplicate.",
SOMATOM_Force_IFU_VB30,sec_0184,109,5.4-flagged_for_review,PASS,,"flagged_for_review is false and verification_score is 100. The title is printed on p108, so the flag state is right.",
SOMATOM_Force_IFU_VB30,sec_0184,109,5.4-structural_source,PASS,,"sec_0184 has structural_source ""toc"". The title is a bookmark and is printed as a margin or section heading in the rendered page, so the TOC source is supported.",
SOMATOM_Force_IFU_VB30,sec_0184,109,5.6-numbering_scheme,PASS,,"The printed folios on p108 and p109 are arabic numbers, and sec_0184 has numbering_scheme ""arabic"". No roman folios are involved.",
SOMATOM_Force_IFU_VB30,sec_0184,109,5.6-offset_applied,PASS,,"The printed folio matches the physical page on p108 and p109 (for example p108 shows folio 108). offset_applied is 0, which is correct.",
SOMATOM_Force_IFU_VB30,sec_0184,109,5.5-filters_discarding,PASS,,"The connector photo with callouts 1 to 4 on p109 is extracted as img_0063 (1150x693). The p108 pictures are mapped to sec_0182 and sec_0183. No meaningful visual is lost. The small ""i"" note icon on p108 is only a note marker.",
SOMATOM_Force_IFU_VB30,sec_0184,109,5.5-filters_passing_noise,PASS,,"img_0063 is the real connector photo. No logo, rule or divider is kept as an image.",
SOMATOM_Force_IFU_VB30,sec_0184,109,5.5-image_section_mapping,PASS,,"img_0063 is on p109 right under the connector sentence and above its legend. It is mapped to sec_0184. This is correct, and sec_0185 on the same page correctly has no image.",
SOMATOM_Force_IFU_VB30,sec_0202,116,5.4-hierarchy_level,PASS,,"""RTP adaptor connections"" is a margin heading on p116 under the RTP table top. hierarchy_level 6 under sec_0201 (level 5) is right.",
SOMATOM_Force_IFU_VB30,sec_0202,116,5.4-parent_child,PASS,,"Parent sec_0201 ""Radiation Therapy Planning (RTP) table top"" is right. The section has no children. The sibling sec_0203 ""Orientation aids"" follows on p116.",
SOMATOM_Force_IFU_VB30,sec_0202,116,5.4-page_start_end,PASS,,"On p116 the section has the heading #/texts/2490, the intro, legend (1) to (4), the two explanation paragraphs, legend (1) for screw sockets and the manufacturer note (#/texts/2500 to 2508). The CAUTION box and ""Maximum load capacity"" above are in sec_0201. ""Orientation aids"" is the next section. Boundaries are right.",
SOMATOM_Force_IFU_VB30,sec_0202,116,5.4-hierarchy_path,PASS,,The path ends with Table tops for the multi-purpose table / RTP table top / RTP adaptor connections. This matches the printed nesting.,
SOMATOM_Force_IFU_VB30,sec_0202,116,5.4-gaps_duplicates,PASS,,"All text beside the margin heading on p116 is present once, from the intro to the manufacturer note. No node is repeated in sec_0201 or sec_0203.",
SOMATOM_Force_IFU_VB30,sec_0202,116,5.4-flagged_for_review,PASS,,"flagged_for_review is false and verification_score is 100. The title is printed on p116, so the flag state is right.",
SOMATOM_Force_IFU_VB30,sec_0202,116,5.4-structural_source,PASS,,"sec_0202 has structural_source ""toc"". The title is a bookmark and is printed as a margin or section heading in the rendered page, so the TOC source is supported.",
SOMATOM_Force_IFU_VB30,sec_0202,116,5.6-numbering_scheme,PASS,,"The printed folios on p116 are arabic numbers, and sec_0202 has numbering_scheme ""arabic"". No roman folios are involved.",
SOMATOM_Force_IFU_VB30,sec_0202,116,5.6-offset_applied,PASS,,"The printed folio matches the physical page on p116 (for example p116 shows folio 116). offset_applied is 0, which is correct.",
SOMATOM_Force_IFU_VB30,sec_0202,116,5.5-filters_discarding,PASS,,"Both table top photos with callouts are extracted: img_0077 (528x425, callouts 1 to 4) and img_0078 (528x425, callout 1). The small ""i"" note icon is only a note marker and its text is kept in #/texts/2508. No meaningful visual is lost.",
SOMATOM_Force_IFU_VB30,sec_0202,116,5.5-filters_passing_noise,PASS,,"img_0077 and img_0078 are real photos. No logo, rule or divider is kept as an image.",
SOMATOM_Force_IFU_VB30,sec_0202,116,5.5-image_section_mapping,PASS,,img_0077 and img_0078 are printed beside the RTP adaptor connections text and are mapped to sec_0202. The max load label img_0079 is above the heading and is mapped to sec_0201. This is correct.,
SOMATOM_Force_IFU_VB30,sec_0212,124,5.4-hierarchy_level,PASS,,Printed heading '3.5.3 Workplace computer' is a sub-section of '3.5 syngo Acquisition Workplace'. Level 3 matches its siblings sec_0211 and sec_0213.,
SOMATOM_Force_IFU_VB30,sec_0212,124,5.4-parent_child,PASS,,parent_section_id sec_0209 lists sec_0212 in child_sections. Siblings are Location of use (sec_0211) and Control box (sec_0213). No children needed.,
SOMATOM_Force_IFU_VB30,sec_0212,124,5.4-page_start_end,PASS,,"Section starts on p123 with heading #/texts/2608 and ends on p124 with the info-box text about the Computer On/Off key (#/texts/2620, 2621). That box sits above '3.5.4 Control box' and refers to the computer. The 3.5.4 heading is in sec_0213. The 3.5.2 diagrams at the top of p123 are in sec_0211.",Page range p123-p124 was checked on the rendered pages. Running header and footer nodes stay inside the section range; this is not a boundary error.
SOMATOM_Force_IFU_VB30,sec_0212,124,5.4-hierarchy_path,PASS,,Path /System description/syngo Acquisition Workplace/Workplace computer is right.,
SOMATOM_Force_IFU_VB30,sec_0212,124,5.4-gaps_duplicates,PASS,,Nodes #/texts/2608 to 2621 each appear once. The p124 info box is kept with the computer text and is not repeated in sec_0213.,
SOMATOM_Force_IFU_VB30,sec_0212,124,5.4-flagged_for_review,PASS,,sec_0212 has flagged_for_review false and verification_score 100. The title 'Workplace computer' is printed on p123-p124 where the section starts. No review problem is seen.,
SOMATOM_Force_IFU_VB30,sec_0212,124,5.4-structural_source,PASS,,"structural_source is 'toc'. The bookmark title 'Workplace computer' matches the printed heading or label on the page, so no extra inferred-structure risk is seen.",
SOMATOM_Force_IFU_VB30,sec_0212,124,5.6-numbering_scheme,PASS,,"numbering_scheme is arabic. Printed folios on p123-p124 are arabic numbers in the footer, with no roman pages here.",
SOMATOM_Force_IFU_VB30,sec_0212,124,5.6-offset_applied,PASS,,offset_applied is 0. The footer folio matches the physical page number on p123-p124 (for example p123). Neighbouring sections also use offset 0.,
SOMATOM_Force_IFU_VB30,sec_0212,124,5.5-filters_discarding,PASS,,"img_0087 (p123, 704x567) is the workplace computer photo under the 3.5.3 heading. It is complete and mapped to sec_0212. The two diagrams at the top of p123 (img_0086) are in sec_0211, which is right. No figure on p124. The info 'i' icon is not extracted; its text is kept. No meaningful figure is lost.",
SOMATOM_Force_IFU_VB30,sec_0212,124,5.5-filters_passing_noise,PASS,,"The extracted images on these pages are real figures or photos. No logo, rule or footer divider was kept as an image for this section.",
SOMATOM_Force_IFU_VB30,sec_0212,124,5.5-image_section_mapping,PASS,,"img_0087 (p123, 704x567) is the workplace computer photo under the 3.5.3 heading. It is complete and mapped to sec_0212. The two diagrams at the top of p123 (img_0086) are in sec_0211, which is right. No figure on p124. The info 'i' icon is not extracted; its text is kept.",
SOMATOM_Force_IFU_VB30,sec_0225,131,5.4-hierarchy_level,PASS,,"On p131 'Equipotential bonding connector pin' is a margin label under the mattress with spill protection, so it is below it. Level 5 matches.",
SOMATOM_Force_IFU_VB30,sec_0225,131,5.4-parent_child,PASS,,parent_section_id sec_0224 lists sec_0225 as its only child. No children.,
SOMATOM_Force_IFU_VB30,sec_0225,131,5.4-page_start_end,PASS,,Section is on p131 only. It has the label (#/texts/2771) and its paragraph about IEC 60601-1 (#/texts/2776). The next label 'Mattress with flat surface' and its text are not in sec_0225; they are in sec_0226.,Page range p131 was checked on the rendered pages.
SOMATOM_Force_IFU_VB30,sec_0225,131,5.4-hierarchy_path,PASS,,Path .../Positioning aids/Mattress with spill protection/Equipotential bonding connector pin is right.,
SOMATOM_Force_IFU_VB30,sec_0225,131,5.4-gaps_duplicates,PASS,,"Label and paragraph appear once. The figure and its legend '1 Scan range limits / 2 Equipotential bonding connector pin' sit above the label and belong to sec_0224. They are not in this batch, so I could not see the nodes, but the order numbers suggest they are in sec_0224. No duplicate seen.",The figure legend is probably in sec_0224. I could not open that section in this batch.
SOMATOM_Force_IFU_VB30,sec_0225,131,5.4-flagged_for_review,PASS,,sec_0225 has flagged_for_review false and verification_score 100. The title 'Equipotential bonding connector pin' is printed on p131 where the section starts. No review problem is seen.,
SOMATOM_Force_IFU_VB30,sec_0225,131,5.4-structural_source,PASS,,"structural_source is 'toc'. The bookmark title 'Equipotential bonding connector pin' matches the printed heading or label on the page, so no extra inferred-structure risk is seen.",
SOMATOM_Force_IFU_VB30,sec_0225,131,5.6-numbering_scheme,PASS,,"numbering_scheme is arabic. Printed folios on p131 are arabic numbers in the footer, with no roman pages here.",
SOMATOM_Force_IFU_VB30,sec_0225,131,5.6-offset_applied,PASS,,offset_applied is 0. The footer folio matches the physical page number on p131 (for example p131). Neighbouring sections also use offset 0.,
SOMATOM_Force_IFU_VB30,sec_0225,131,5.5-filters_discarding,PASS,,"No figure sits under this label. The p131 figure with callouts 1 and 2 (img_0098, 1150x920) is above the label and is mapped to sec_0224. This is right. The photo of the flat mattress (img_0097) is mapped to sec_0226. No meaningful figure is lost.",
SOMATOM_Force_IFU_VB30,sec_0225,131,5.5-filters_passing_noise,PASS,,"The extracted images on these pages are real figures or photos. No logo, rule or footer divider was kept as an image for this section.",
SOMATOM_Force_IFU_VB30,sec_0225,131,5.5-image_section_mapping,PASS,,"No figure sits under this label. The p131 figure with callouts 1 and 2 (img_0098, 1150x920) is above the label and is mapped to sec_0224. This is right. The photo of the flat mattress (img_0097) is mapped to sec_0226.",
SOMATOM_Force_IFU_VB30,sec_0244,138,5.4-hierarchy_level,PASS,,'Flat cushions' is a margin label inside 'Cushions' next to 'Wedge shaped cushions'. Level 5 matches.,
SOMATOM_Force_IFU_VB30,sec_0244,138,5.4-parent_child,PASS,,"parent_section_id sec_0243 lists sec_0244 in child_sections, with sec_0245 and sec_0246. No children.",
SOMATOM_Force_IFU_VB30,sec_0244,138,5.4-page_start_end,PASS,,"Section is on p138 only. It has the label (#/texts/2921), the paragraph (#/texts/2934) and the two figure legends (#/texts/2935, 2936). The 'Wedge shaped cushions' label below is in sec_0245. The WARNING box at the top of p138 and the 'Cushions' intro are not in sec_0244.",Page range p138 was checked on the rendered pages.
SOMATOM_Force_IFU_VB30,sec_0244,138,5.4-hierarchy_path,PASS,,Path .../Positioning aids/Cushions/Flat cushions is right.,
SOMATOM_Force_IFU_VB30,sec_0244,138,5.4-gaps_duplicates,PASS,,"Label, paragraph and both legend lines appear once. No node is repeated and nothing from sec_0243 or sec_0245 is here.",
SOMATOM_Force_IFU_VB30,sec_0244,138,5.4-flagged_for_review,PASS,,sec_0244 has flagged_for_review false and verification_score 100. The title 'Flat cushions' is printed on p138 where the section starts. No review problem is seen.,
SOMATOM_Force_IFU_VB30,sec_0244,138,5.4-structural_source,PASS,,"structural_source is 'toc'. The bookmark title 'Flat cushions' matches the printed heading or label on the page, so no extra inferred-structure risk is seen.",
SOMATOM_Force_IFU_VB30,sec_0244,138,5.6-numbering_scheme,PASS,,"numbering_scheme is arabic. Printed folios on p138 are arabic numbers in the footer, with no roman pages here.",
SOMATOM_Force_IFU_VB30,sec_0244,138,5.6-offset_applied,PASS,,offset_applied is 0. The footer folio matches the physical page number on p138 (for example p138). Neighbouring sections also use offset 0.,
SOMATOM_Force_IFU_VB30,sec_0244,138,5.5-filters_discarding,FAIL,Low,"img_0111 (p138, 1150x436) shows both flat cushion photos with the labels 1 and 2. It is complete and mapped to sec_0244. The wedge cushion photos (img_0112) are in sec_0245. On p138 a small 62x62 px raster (15x15 pt) was dropped by the size filter. It is probably the warning triangle icon of the WARNING box at the top of the page. The words 'WARNING' and the full box text are kept as text, so no information is lost.","Small icon whose meaning is stated in the text. The box itself is outside sec_0244 on this page, so the impact is minor."
SOMATOM_Force_IFU_VB30,sec_0244,138,5.5-filters_passing_noise,PASS,,"The extracted images on these pages are real figures or photos. No logo, rule or footer divider was kept as an image for this section.",
SOMATOM_Force_IFU_VB30,sec_0244,138,5.5-image_section_mapping,PASS,,"img_0111 (p138, 1150x436) shows both flat cushion photos with the labels 1 and 2. It is complete and mapped to sec_0244. The wedge cushion photos (img_0112) are in sec_0245.",
SOMATOM_Force_IFU_VB30,sec_0257,145,5.4-hierarchy_level,PASS,,'Trolley' has hierarchy_level 5. This fits its bookmark depth in /System description/Accessories/Positioning aids/CARE TransX/Trolley.,
SOMATOM_Force_IFU_VB30,sec_0257,145,5.4-parent_child,PASS,,parent_section_id is sec_0254. It has no children. This is coherent with the rendered heading structure.,
SOMATOM_Force_IFU_VB30,sec_0257,145,5.4-page_start_end,PASS,,"On p145 the margin heading 'Trolley' starts nodes #/texts/3054 to 3064 (intro, 'Transmobil (MAQUET)', info note text, two WARNING boxes). Footer nodes #/texts/3065 to 3067 are the page footer. The figure and legend (1)-(4) at the top of p145 are not in sec_0257.","Nothing foreign is in sec_0257. The Straps legend at the top of p145 is probably in sec_0256, whose page_end is 144 (probably one page short; not graded in this batch)."
SOMATOM_Force_IFU_VB30,sec_0257,145,5.4-hierarchy_path,PASS,,hierarchy_path /System description/Accessories/Positioning aids/CARE TransX/Trolley lists the ancestors in the right order.,
SOMATOM_Force_IFU_VB30,sec_0257,145,5.4-gaps_duplicates,PASS,,"All text of the Trolley block on p145 is present once: intro, manufacturer, note, and both WARNING boxes with their headings, risk lines and steps. No duplicate node seen.",The (1)-(4) legend is not in sec_0257 nodes; it is probably in sec_0256. Confidence is lower because sec_0256 nodes were not provided.
SOMATOM_Force_IFU_VB30,sec_0257,145,5.4-flagged_for_review,PASS,,"flagged_for_review is false and verification_score is 100. The section is correct on p145, so the flag state is right.",
SOMATOM_Force_IFU_VB30,sec_0257,145,5.4-structural_source,PASS,,structural_source is 'toc'. The bookmark title matches the heading seen on p145.,
SOMATOM_Force_IFU_VB30,sec_0257,145,5.6-numbering_scheme,PASS,,numbering_scheme is arabic. The printed folio at the bottom right of p145 is the same as the physical page.,
SOMATOM_Force_IFU_VB30,sec_0257,145,5.6-offset_applied,PASS,,offset_applied is 0. The printed folio matches the physical page number on p145.,
SOMATOM_Force_IFU_VB30,sec_0257,145,5.5-filters_discarding,PASS,,"The strap figure img_0126 was extracted. The info 'i' icon and the WARNING triangles are small note markers whose meaning is in the text, so no meaningful visual is lost.",
SOMATOM_Force_IFU_VB30,sec_0257,145,5.5-filters_passing_noise,PASS,,"img_0126 is a real figure, not decoration. No logo, rule or footer divider was kept as an image on p145.",
SOMATOM_Force_IFU_VB30,sec_0257,145,5.5-image_section_mapping,PASS,,"The only image on p145 is img_0126 (strap figure with callouts 1-4). It is mapped to sec_0256 (Straps) and sits above the legend, so the mapping is right. sec_0257 has no figure of its own.",
SOMATOM_Force_IFU_VB30,sec_0270,152,5.4-hierarchy_level,PASS,,'Distance enlargement 40 cm' has hierarchy_level 4. This fits its bookmark depth in /System description/Accessories/Distance enlargements/Distance enlargement 40 cm.,
SOMATOM_Force_IFU_VB30,sec_0270,152,5.4-parent_child,PASS,,parent_section_id is sec_0268. It has no children. This is coherent with the rendered heading structure.,
SOMATOM_Force_IFU_VB30,sec_0270,152,5.4-page_start_end,FAIL,Critical,"Node #/texts/3188-tail on p152 ('The different distance enlargements decrease the scan ranges of the multi-purpose table.') is in sec_0270. On the page it is the first paragraph under the margin heading 'Scan ranges', so it belongs to sec_0271. The real content of sec_0270 is only its label and figure on p151.","Probably BUG-029 (margin heading merge): the heading and its first paragraph were one node that was split, and the tail went to the previous section. The wrong node also makes page_end 152 instead of 151. Critical because content is in the wrong section."
SOMATOM_Force_IFU_VB30,sec_0270,152,5.4-hierarchy_path,PASS,,hierarchy_path /System description/Accessories/Distance enlargements/Distance enlargement 40 cm lists the ancestors in the right order.,
SOMATOM_Force_IFU_VB30,sec_0270,152,5.4-gaps_duplicates,PASS,,"Nothing of the 40 cm block is missing: the label 'Distance enlargement 40 cm' (#/texts/3183) is present on p151. The 40 cm drawing is a figure, graded in 5.5. No duplicate node found.","The wrongly kept node is graded on 5.4-page_start_end here, and on 5.4-gaps_duplicates for sec_0271. The automatic check says the section has no body, but its real content is only a label plus a figure (no text paragraph), so nothing of it is missing. This is a justified PASS."
SOMATOM_Force_IFU_VB30,sec_0270,152,5.4-flagged_for_review,PASS,,"flagged_for_review is false and verification_score is 100. The section is correct on p151-p152, so the flag state is right.",
SOMATOM_Force_IFU_VB30,sec_0270,152,5.4-structural_source,PASS,,structural_source is 'toc'. The bookmark title matches the heading seen on p151-p152.,
SOMATOM_Force_IFU_VB30,sec_0270,152,5.6-numbering_scheme,PASS,,numbering_scheme is arabic. The printed folio at the bottom right of p151-p152 is the same as the physical page.,
SOMATOM_Force_IFU_VB30,sec_0270,152,5.6-offset_applied,PASS,,offset_applied is 0. The printed folio matches the physical page number on p151-p152.,
SOMATOM_Force_IFU_VB30,sec_0270,152,5.5-filters_discarding,PASS,,Both distance drawings on p151 were extracted (img_0135 and img_0136). The i-note icon on p151 is a small marker whose meaning is in the text. No meaningful visual is lost.,The only problem with these figures is the section mapping.
SOMATOM_Force_IFU_VB30,sec_0270,152,5.5-filters_passing_noise,PASS,,"img_0135 and img_0136 are real drawings of gantry and table, not decoration. No logo, rule or footer divider was kept as an image.",
SOMATOM_Force_IFU_VB30,sec_0270,152,5.5-image_section_mapping,FAIL,Medium,"On p151 the 40 cm drawing (img_0136, below the label 'Distance enlargement 40 cm') is mapped to sec_0269 (20 cm). img_0135 (20 cm) is also in sec_0269. So sec_0270 has no image, and its own figure is in the sibling.","Both figures are on the shared page p151, so the mapping probably uses the page only. Medium: image assigned to the wrong sibling on a shared page."
SOMATOM_Force_IFU_VB30,sec_0280,159,5.4-hierarchy_level,PASS,,'Foot switch' has hierarchy_level 3. This fits its bookmark depth in /System description/Accessories/Foot switch.,
SOMATOM_Force_IFU_VB30,sec_0280,159,5.4-parent_child,PASS,,parent_section_id is sec_0218. It has no children. This is coherent with the rendered heading structure.,
SOMATOM_Force_IFU_VB30,sec_0280,159,5.4-page_start_end,PASS,,"On p158 the heading '3.7.7 Foot switch' (#/texts/3321) and its first paragraph (3322) start the section after the Acoustical indications table (sec_0279). On p159 the info note (3326) and the connection paragraph (3327) end it. Page 159 is otherwise empty, so page_end 159 is right. Footer nodes are boilerplate only.",
SOMATOM_Force_IFU_VB30,sec_0280,159,5.4-hierarchy_path,PASS,,hierarchy_path /System description/Accessories/Foot switch lists the ancestors in the right order.,
SOMATOM_Force_IFU_VB30,sec_0280,159,5.4-gaps_duplicates,PASS,,"All visible text of 3.7.7 is present once: heading, Start key paragraph, 'In some countries...' note and the connector paragraph with its Page 108 reference. No node from sec_0279 or sec_0281 is inside.",
SOMATOM_Force_IFU_VB30,sec_0280,159,5.4-flagged_for_review,PASS,,"flagged_for_review is false and verification_score is 100. The section is correct on p158-p159, so the flag state is right.",
SOMATOM_Force_IFU_VB30,sec_0280,159,5.4-structural_source,PASS,,structural_source is 'toc'. The bookmark title matches the heading seen on p158-p159.,
SOMATOM_Force_IFU_VB30,sec_0280,159,5.6-numbering_scheme,PASS,,numbering_scheme is arabic. The printed folio at the bottom right of p158-p159 is the same as the physical page.,
SOMATOM_Force_IFU_VB30,sec_0280,159,5.6-offset_applied,PASS,,offset_applied is 0. The printed folio matches the physical page number on p158-p159.,
SOMATOM_Force_IFU_VB30,sec_0280,159,5.5-filters_discarding,PASS,,The foot switch picture was extracted as img_0142 and is complete. The small 'i' note icon on p159 and the LED picture on p158 (belongs to an earlier section) do not hide unique information of this section.,
SOMATOM_Force_IFU_VB30,sec_0280,159,5.5-filters_passing_noise,PASS,,"img_0142 is a real product picture. No logo, rule or footer divider was kept as an image.",
SOMATOM_Force_IFU_VB30,sec_0280,159,5.5-image_section_mapping,PASS,,The foot switch picture on p158 (img_0142) is next to heading 3.7.7 and is mapped to sec_0280. The i-note icon on p159 is not an image in the tree.,
SOMATOM_Force_IFU_VB30,sec_0284,160,5.4-hierarchy_level,PASS,,'Switching on the system' has hierarchy_level 4. This fits its bookmark depth in /System operation/Switching the system on and off/Switching on/Switching on the system.,
SOMATOM_Force_IFU_VB30,sec_0284,160,5.4-parent_child,PASS,,parent_section_id is sec_0283. It has no children. This is coherent with the rendered heading structure.,
SOMATOM_Force_IFU_VB30,sec_0284,160,5.4-page_start_end,PASS,,"On p160 the margin heading 'Switching on the system' (#/texts/3347) starts the step 'Press the Sys On key' (3344, 3345) and the result line (3346). On p161 the info note (3357) 'Full operability is reached...' is the last item. The next heading 'Switching on the computer only' (sec_0285) is not inside. Header and footer nodes are boilerplate only.",
SOMATOM_Force_IFU_VB30,sec_0284,160,5.4-hierarchy_path,PASS,,hierarchy_path /System operation/Switching the system on and off/Switching on/Switching on the system lists the ancestors in the right order.,
SOMATOM_Force_IFU_VB30,sec_0284,160,5.4-gaps_duplicates,PASS,,"Text of the block is present once: key step, wall switch alternative, LED result and the p161 note. The intro text of 4.1.1 on p160 is in sec_0283, not here. No duplicate found.",
SOMATOM_Force_IFU_VB30,sec_0284,160,5.4-flagged_for_review,PASS,,"flagged_for_review is false and verification_score is 100. The section is correct on p160-p161, so the flag state is right.",
SOMATOM_Force_IFU_VB30,sec_0284,160,5.4-structural_source,PASS,,structural_source is 'toc'. The bookmark title matches the heading seen on p160-p161.,
SOMATOM_Force_IFU_VB30,sec_0284,160,5.6-numbering_scheme,PASS,,numbering_scheme is arabic. The printed folio at the bottom right of p160-p161 is the same as the physical page.,
SOMATOM_Force_IFU_VB30,sec_0284,160,5.6-offset_applied,PASS,,offset_applied is 0. The printed folio matches the physical page number on p160-p161.,
SOMATOM_Force_IFU_VB30,sec_0284,160,5.5-filters_discarding,PASS,,The step picture on p160 was extracted as img_0143. The three 'i' note icons are small markers whose meaning is in the text. Nothing meaningful is lost.,
SOMATOM_Force_IFU_VB30,sec_0284,160,5.5-filters_passing_noise,PASS,,img_0143 is a real picture of the control box (528x425 px). No decoration was kept as an image.,
SOMATOM_Force_IFU_VB30,sec_0284,160,5.5-image_section_mapping,PASS,,"The control box picture on p160 (img_0143) is beside 'Switching on the system' and is mapped to sec_0284. The similar picture on p161 (img_0144) is mapped to sec_0285, which is correct.",
SOMATOM_Force_IFU_VB30,sec_0303,167,5.4-hierarchy_level,PASS,,'Restarting the application' has hierarchy_level 5. This fits its bookmark depth in /System operation/Switching the system on and off/Shutting down the system/Shutdown and restart/Restarting the application.,
SOMATOM_Force_IFU_VB30,sec_0303,167,5.4-parent_child,PASS,,parent_section_id is sec_0301. It has no children. This is coherent with the rendered heading structure.,
SOMATOM_Force_IFU_VB30,sec_0303,167,5.4-page_start_end,PASS,,"On p167 sec_0303 holds the margin heading #/texts/3488, the intro as #/texts/3490-tail, steps 1 and 2 (3491, 3492) and the result (3493). It stops before 'Restarting after system emergency stop' (sec_0304). The '-tail' node is the text of this section, not of a neighbour. The running header 3487 is boilerplate.",Confidence is slightly lower: node #/texts/3489 is not in this section and I could not see where it is.
SOMATOM_Force_IFU_VB30,sec_0303,167,5.4-hierarchy_path,PASS,,hierarchy_path /System operation/Switching the system on and off/Shutting down the system/Shutdown and restart/Restarting the application lists the ancestors in the right order.,
SOMATOM_Force_IFU_VB30,sec_0303,167,5.4-gaps_duplicates,PASS,,"All text of the block is there once: 'If you want to close all applications...', two numbered steps and the result sentence. Nothing from sec_0302 or sec_0304 is inside.",
SOMATOM_Force_IFU_VB30,sec_0303,167,5.4-flagged_for_review,PASS,,"flagged_for_review is false and verification_score is 100. The section is correct on p167, so the flag state is right.",
SOMATOM_Force_IFU_VB30,sec_0303,167,5.4-structural_source,PASS,,structural_source is 'toc'. The bookmark title matches the heading seen on p167.,
SOMATOM_Force_IFU_VB30,sec_0303,167,5.6-numbering_scheme,PASS,,numbering_scheme is arabic. The printed folio at the bottom right of p167 is the same as the physical page.,
SOMATOM_Force_IFU_VB30,sec_0303,167,5.6-offset_applied,PASS,,offset_applied is 0. The printed folio matches the physical page number on p167.,
SOMATOM_Force_IFU_VB30,sec_0303,167,5.5-filters_discarding,PASS,,Both step screenshots were extracted (img_0156 90x30 px and img_0157 215x41 px). The i-note icons on p167 are small markers that belong to sec_0304 and whose meaning is in the text.,
SOMATOM_Force_IFU_VB30,sec_0303,167,5.5-filters_passing_noise,PASS,,img_0156 and img_0157 show real dialog buttons used in the steps. They are not decoration or footer items.,
SOMATOM_Force_IFU_VB30,sec_0303,167,5.5-image_section_mapping,PASS,,The two button screenshots on p167 (img_0156 'Yes' and img_0157 'Restart Application') are beside steps 2 and 1 of this section. Both are mapped to sec_0303.,
SOMATOM_Force_IFU_VB30,sec_0343,174,5.4-hierarchy_level,PASS,,'Checking the STOP keys' has hierarchy_level 3. This fits its bookmark depth in /System operation/Function tests/Checking the STOP keys.,
SOMATOM_Force_IFU_VB30,sec_0343,174,5.4-parent_child,PASS,,parent_section_id is sec_0342. It has no children. This is coherent with the rendered heading structure.,
SOMATOM_Force_IFU_VB30,sec_0343,174,5.4-page_start_end,PASS,,"The heading '4.2.1 Checking the STOP keys' (#/texts/3695) and step 1 (3696) are at the bottom of p173. Steps 2 and 3 and the info note (3701 to 3704) end the section on p174, before '4.2.2 Testing the keys...' (sec_0344). Footer nodes 3697 to 3699 and the p174 header 3700 are boilerplate only.",The digit 2 of step 2 is missing in node 3701; only a small text detail.
SOMATOM_Force_IFU_VB30,sec_0343,174,5.4-hierarchy_path,PASS,,hierarchy_path /System operation/Function tests/Checking the STOP keys lists the ancestors in the right order.,
SOMATOM_Force_IFU_VB30,sec_0343,174,5.4-gaps_duplicates,PASS,,"All text of 4.2.1 is present once: step 1 on p173, steps 2 and 3 and the restore-readiness note on p174. The p173 text about low power mode, screen saver and 4.2 intro belongs to other sections.",
SOMATOM_Force_IFU_VB30,sec_0343,174,5.4-flagged_for_review,PASS,,"flagged_for_review is false and verification_score is 100. The section is correct on p173-p174, so the flag state is right.",
SOMATOM_Force_IFU_VB30,sec_0343,174,5.4-structural_source,PASS,,structural_source is 'toc'. The bookmark title matches the heading seen on p173-p174.,
SOMATOM_Force_IFU_VB30,sec_0343,174,5.6-numbering_scheme,PASS,,numbering_scheme is arabic. The printed folio at the bottom right of p173-p174 is the same as the physical page.,
SOMATOM_Force_IFU_VB30,sec_0343,174,5.6-offset_applied,PASS,,offset_applied is 0. The printed folio matches the physical page number on p173-p174.,
SOMATOM_Force_IFU_VB30,sec_0343,174,5.5-filters_discarding,PASS,,Both pictures of this section were extracted (img_0159 and img_0160). The 'i' note icon on p174 is a small marker whose meaning is in the text.,
SOMATOM_Force_IFU_VB30,sec_0343,174,5.5-filters_passing_noise,PASS,,"img_0159 (two key panels) and img_0160 (two STOP buttons) are real instruction pictures, not decoration.",
SOMATOM_Force_IFU_VB30,sec_0343,174,5.5-image_section_mapping,PASS,,The operator panel picture on p173 (img_0159) is beside step 1 and the STOP key picture on p174 (img_0160) is beside step 2. Both are mapped to sec_0343. img_0158 above them belongs to sec_0340.,
SOMATOM_Force_IFU_VB30,sec_0364,181,5.4-hierarchy_level,PASS,,"On p181 the margin label ""Loading the patient using the gantry control panel"" is the first item on the page. It is a sub-topic of 4.3.2, so level 4 under sec_0361 is right.",
SOMATOM_Force_IFU_VB30,sec_0364,181,5.4-parent_child,PASS,,"parent_section_id is sec_0361 (Moving the patient table using the gantry operator panel with Touch Panel, level 3), and its child_sections list contains sec_0364. sec_0364 has no children, and I saw no sub-heading under it on the page.",
SOMATOM_Force_IFU_VB30,sec_0364,181,5.4-page_start_end,PASS,,"Nodes #/texts/3890 to 3895 are on p181: the page header ""4 System operation"", the label, the bullet and the explanation. The section ends before the ""Configuring predefined table positions"" label (sec_0365). Boundaries are right.",
SOMATOM_Force_IFU_VB30,sec_0364,181,5.4-hierarchy_path,PASS,,Path /System operation/Operation of the patient table/Moving the patient table using the gantry operator panel with Touch Panel/Loading... is correct.,
SOMATOM_Force_IFU_VB30,sec_0364,181,5.4-gaps_duplicates,PASS,,"The label, the ""Press and hold the area between Up and In"" bullet and the explanation paragraph are all in sec_0364 once. The following steps are in sec_0365.",
SOMATOM_Force_IFU_VB30,sec_0364,181,5.4-flagged_for_review,PASS,,"flagged_for_review is false. The section is not marked as uncertain, and my check of the rendered p181 found no title or boundary problem in this flag.",
SOMATOM_Force_IFU_VB30,sec_0364,181,5.4-structural_source,PASS,,"structural_source is toc, so the structure comes from the embedded bookmarks. The title 'Loading the patient using the gantry control panel' is visible in the PDF, so no extra inference risk.",
SOMATOM_Force_IFU_VB30,sec_0364,181,5.6-numbering_scheme,PASS,,"numbering_scheme is arabic. The printed folio on p181 is 181, which is an arabic number, so the scheme is right.",
SOMATOM_Force_IFU_VB30,sec_0364,181,5.6-offset_applied,PASS,,"offset_applied is 0. The printed folio 181 is the same as physical page 181, so offset 0 is correct.",
SOMATOM_Force_IFU_VB30,sec_0364,181,5.5-filters_discarding,PASS,,"The panel picture is extracted and nothing meaningful is lost. The ""i"" and "">>"" note icons are not extracted; their text is in the tree.",
SOMATOM_Force_IFU_VB30,sec_0364,181,5.5-filters_passing_noise,PASS,,img_0170 is a real instruction picture. No logo or rule is kept as an image.,
SOMATOM_Force_IFU_VB30,sec_0364,181,5.5-image_section_mapping,PASS,,"img_0170 (272x240) is the gantry panel picture with the arrow, next to the bullet. It is mapped to sec_0364. The pictures of the next topic (img_0171, img_0172) are in sec_0365, as they should be.",
SOMATOM_Force_IFU_VB30,sec_0382,188,5.4-hierarchy_level,PASS,,"""4.3.6 Changing the MPT table top"" on p187 is the same heading size as 4.3.1 to 4.3.3. Level 3 under sec_0356 is right.",
SOMATOM_Force_IFU_VB30,sec_0382,188,5.4-parent_child,PASS,,"parent_section_id is sec_0356 (Operation of the patient table, level 2), and its child_sections list contains sec_0382. sec_0382 has no children, and I saw no sub-heading under it on the page.",
SOMATOM_Force_IFU_VB30,sec_0382,188,5.4-page_start_end,PASS,,"The section starts at the heading 4.3.6 on p187 (#/texts/4033). It ends on p188 with ""Press any key on the control box"" (#/texts/4051). The next section sec_0383 starts on p189. Content above 4.3.6 on p187 is in sec_0381. page_start 187 and page_end 188 are right.",
SOMATOM_Force_IFU_VB30,sec_0382,188,5.4-hierarchy_path,PASS,,Path /System operation/Operation of the patient table/Changing the MPT table top is correct for 4.3.6.,
SOMATOM_Force_IFU_VB30,sec_0382,188,5.4-gaps_duplicates,PASS,,"Exchanging a table top steps 1 to 5, the note, and After exchanging the table top are all in sec_0382 once. Nothing from sec_0381 or sec_0383 is included. Running header and footer nodes are only boilerplate.",
SOMATOM_Force_IFU_VB30,sec_0382,188,5.4-flagged_for_review,PASS,,"flagged_for_review is false. The section is not marked as uncertain, and my check of the rendered p188 found no title or boundary problem in this flag.",
SOMATOM_Force_IFU_VB30,sec_0382,188,5.4-structural_source,PASS,,"structural_source is toc, so the structure comes from the embedded bookmarks. The title 'Changing the MPT table top' is visible in the PDF, so no extra inference risk.",
SOMATOM_Force_IFU_VB30,sec_0382,188,5.6-numbering_scheme,PASS,,"numbering_scheme is arabic. The printed folio on p188 is 188, which is an arabic number, so the scheme is right.",
SOMATOM_Force_IFU_VB30,sec_0382,188,5.6-offset_applied,PASS,,"offset_applied is 0. The printed folio 188 is the same as physical page 188, so offset 0 is correct.",
SOMATOM_Force_IFU_VB30,sec_0382,188,5.5-filters_discarding,PASS,,"The two p188 photos are extracted fully. The ""i"" icons on p187 are not extracted and their text is in sec_0382.",
SOMATOM_Force_IFU_VB30,sec_0382,188,5.5-filters_passing_noise,PASS,,img_0191 is a real instruction photo. No logo or rule is kept.,
SOMATOM_Force_IFU_VB30,sec_0382,188,5.5-image_section_mapping,PASS,,"img_0191 (two photos of the table top parts, p188) is mapped to sec_0382 and is the picture of the exchange steps. img_0190 (p187 release buttons) is in sec_0381, above the 4.3.6 heading, which is right.",
SOMATOM_Force_IFU_VB30,sec_0385,189,5.4-hierarchy_level,PASS,,"""5.1.1 Dose Notification"" on p189 is a third-level heading under 5.1. Level 3 under sec_0384 is right.",
SOMATOM_Force_IFU_VB30,sec_0385,189,5.4-parent_child,PASS,,"parent_section_id is sec_0384 (Dose optimization features, level 2), and its child_sections list contains sec_0385. sec_0385 has no children, and I saw no sub-heading under it on the page.",
SOMATOM_Force_IFU_VB30,sec_0385,189,5.4-page_start_end,PASS,,The section starts at the heading 5.1.1 (#/texts/4061) on p189 and holds its four paragraphs (#/texts/4062 to 4065). It ends before the heading 5.1.2 Dose Alert (sec_0386). The chapter 5 title and 5.1 intro are in sec_0383 and sec_0384. Boundaries are right.,
SOMATOM_Force_IFU_VB30,sec_0385,189,5.4-hierarchy_path,PASS,,"Path /Dose management and optimization/Dose optimization features/Dose Notification is correct (chapter 5, 5.1, 5.1.1).",
SOMATOM_Force_IFU_VB30,sec_0385,189,5.4-gaps_duplicates,PASS,,The heading and all four paragraphs about Dose Notification are in sec_0385 once. Nothing from Dose Alert is included.,
SOMATOM_Force_IFU_VB30,sec_0385,189,5.4-flagged_for_review,PASS,,"flagged_for_review is false. The section is not marked as uncertain, and my check of the rendered p189 found no title or boundary problem in this flag.",
SOMATOM_Force_IFU_VB30,sec_0385,189,5.4-structural_source,PASS,,"structural_source is toc, so the structure comes from the embedded bookmarks. The title 'Dose Notification' is visible in the PDF, so no extra inference risk.",
SOMATOM_Force_IFU_VB30,sec_0385,189,5.6-numbering_scheme,PASS,,"numbering_scheme is arabic. The printed folio on p189 is 189, which is an arabic number, so the scheme is right.",
SOMATOM_Force_IFU_VB30,sec_0385,189,5.6-offset_applied,PASS,,"offset_applied is 0. The printed folio 189 is the same as physical page 189, so offset 0 is correct.",
SOMATOM_Force_IFU_VB30,sec_0385,189,5.5-filters_discarding,PASS,,"No figure exists in this section, so none was dropped.","verify_claims reports one dropped 11x11 px raster on p189. It is the small inline button icon in the 5.1.2 Dose Alert text (sec_0386), not in sec_0385. Its meaning is in the sentence ""over the button"". It is outside this section, so PASS."
SOMATOM_Force_IFU_VB30,sec_0385,189,5.5-filters_passing_noise,PASS,,"No image is mapped to sec_0385, so no noise is kept.",
SOMATOM_Force_IFU_VB30,sec_0385,189,5.5-image_section_mapping,PASS,,There is no picture in 5.1.1 on p189. I checked the render. The only small icon is a button picture inside 5.1.2.,
SOMATOM_Force_IFU_VB30,sec_0395,196,5.4-hierarchy_level,PASS,,On p195 '5.1.7 Sinogram Affirmed Iterative Reconstruction (SAFIRE) / Advanced Modeled Iterative Reconstruction (ADMIRE)' (#/texts/4168) is a numbered sub-heading of 5.1. Level 3 is right.,
SOMATOM_Force_IFU_VB30,sec_0395,196,5.4-parent_child,PASS,,Parent sec_0384 'Dose optimization features' (5.1) is correct. Siblings are sec_0394 HandCARE (5.1.6) before and sec_0396 Neuro BestContrast (5.1.8) after.,
SOMATOM_Force_IFU_VB30,sec_0395,196,5.4-page_start_end,FAIL,Critical,"The section starts too early. On p195 the nodes #/texts/4161-4167 are the body of '5.1.6 HandCARE' (two paragraphs, the clock-position labels 10:00/12:00/2:00 o'clock, the reference line and the i-Fluoro note). They sit in sec_0395 before the 5.1.7 heading #/texts/4168 and belong to sec_0394. The HandCARE figure img_0196 is also here.","Probably a same-page heading transition problem (BUG-023: content before the heading on the same page goes to the next section). Content in the wrong section is Critical. The owner sec_0394 is not in this batch, so the missing-content row is on this section too. The claims tool shows no boundary signal because the nodes are inside the page range; the finding is visual and by reading order (p195 render)."
SOMATOM_Force_IFU_VB30,sec_0395,196,5.4-hierarchy_path,PASS,,The path ends with 'SAFIRE / ADMIRE' under sec_0384 Dose optimization features and matches the visible nesting of the headings on the page.,
SOMATOM_Force_IFU_VB30,sec_0395,196,5.4-gaps_duplicates,FAIL,Critical,"Owner side of the same fault. sec_0394 'HandCARE' (p195) lacks its body: text #/texts/4161-4167 and figure img_0196 are in sec_0395. On p195 the HandCARE heading is followed by this text and the three-circle figure before 5.1.7 starts. sec_0394 is not sampled, so the missing-content row is placed here.","BUG-023 probably. Same defect as the page_start_end row, graded Critical on the owner side by the project rule."
SOMATOM_Force_IFU_VB30,sec_0395,196,5.4-flagged_for_review,PASS,,"The section is not flagged and its title is found where the bookmark points (verification_score is high), so the missing flag is not a defect.",
SOMATOM_Force_IFU_VB30,sec_0395,196,5.4-structural_source,PASS,,structural_source is toc and the section title is a bookmark title that is visible in the PDF page layout.,
SOMATOM_Force_IFU_VB30,sec_0395,196,5.6-numbering_scheme,PASS,,"The printed folio on the rendered page is plain arabic (196), and the section has numbering_scheme arabic.",
SOMATOM_Force_IFU_VB30,sec_0395,196,5.6-offset_applied,PASS,,offset_applied is 0 and the printed folio equals the physical page number on the sampled page (p196).,
SOMATOM_Force_IFU_VB30,sec_0395,196,5.5-filters_discarding,PASS,,Both figures of p195-196 were extracted: the HandCARE circles img_0196 and the SAFIRE/ADMIRE cycle img_0197. Only the small 'i' note icon is not an image and its note text is kept.,
SOMATOM_Force_IFU_VB30,sec_0395,196,5.5-filters_passing_noise,PASS,,"img_0196 (three sector circles) and img_0197 (reconstruction cycle diagram) are real figures. The crop of img_0196 holds the (1)(2)(3) markers, and the legend text is in the tree as nodes, not in the image.",
SOMATOM_Force_IFU_VB30,sec_0395,196,5.5-image_section_mapping,FAIL,Medium,"img_0196 (p195, 1110x820) is the HandCARE sector figure (three circles marked (1) 10:00, (2) 12:00, (3) 2:00 o'clock). It is mapped to sec_0395 but belongs to sec_0394 HandCARE, which is above the 5.1.7 heading. img_0197 (p196 SAFIRE/ADMIRE cycle) is correct in sec_0395.",Same root cause as the page_start_end row (BUG-023). Image on the wrong sibling is Medium.
SOMATOM_Force_IFU_VB30,sec_0411,204,5.4-hierarchy_level,PASS,,"hierarchy_level 4 is consistent with the bookmark depth. 'CARE Profile' is a left-margin heading on p204, as are the other sibling headings (Adapting the CARE Dose4D settings, Configuring the display of the CARE Profile).",
SOMATOM_Force_IFU_VB30,sec_0411,204,5.4-parent_child,PASS,,"parent_section_id sec_0409 (Checking the examination configuration parameters) lists sec_0411 as a child. The section has no children, which fits: 'CARE Profile with topogram' is only a table header.",
SOMATOM_Force_IFU_VB30,sec_0411,204,5.4-page_start_end,PASS,,"On p204 the section starts at the margin heading 'CARE Profile' (#/texts/4323). It ends on p206 with 'When you click GO...' (#/texts/4350). The next margin heading, 'Configuring the display of the CARE Profile (optional)', starts after that on p206 and is not in this section. The 'CARE Profile with topogram' table spans p204 to p206 and all its text cells are here. Page 205 was not rendered; I checked it only by node text and the 3 images.","Header and footer nodes of each page (#/texts/4322, 4333, 4334 and similar) are inside the section. This is normal for a multi-page section."
SOMATOM_Force_IFU_VB30,sec_0411,204,5.4-hierarchy_path,PASS,,The path .../Performing a dose-optimized workflow/Checking the examination configuration parameters/CARE Profile follows the parent chain in order.,
SOMATOM_Force_IFU_VB30,sec_0411,204,5.4-gaps_duplicates,PASS,,"The heading 'CARE Profile with topogram' appears 3 times (#/texts/4329, 4336, 4346). This is the repeated table header printed on p204, p205 and p206, so it is not a duplicate of content. Every table cell text and the caption on p206 are present once. Nothing from sec_0410 or sec_0412 is inside.",The repeated header is typed as heading. This is probably Docling and has no effect on retrieval.
SOMATOM_Force_IFU_VB30,sec_0411,204,5.4-flagged_for_review,PASS,,flagged_for_review is false. Nothing on the page suggests doubt about this section: the heading is found and the content is complete.,
SOMATOM_Force_IFU_VB30,sec_0411,204,5.4-structural_source,PASS,,"structural_source is toc. The heading 'CARE Profile' is visible on its page where the bookmark points, so the TOC source is supported.",
SOMATOM_Force_IFU_VB30,sec_0411,204,5.6-numbering_scheme,PASS,,"The printed folio on p204 is an arabic number (204), the same as the scheme in the section data (arabic).",
SOMATOM_Force_IFU_VB30,sec_0411,204,5.6-offset_applied,PASS,,"The footer folio on p204 is 204, so the physical page equals the printed page. offset_applied=0 is correct.",
SOMATOM_Force_IFU_VB30,sec_0411,204,5.5-filters_discarding,PASS,,"All 6 screenshots of the table cells and the big figure on p206 are extracted (img_0206 to img_0212), and they are complete. None is cut. I did not see a lost figure on p204 or p206.",
SOMATOM_Force_IFU_VB30,sec_0411,204,5.5-filters_passing_noise,PASS,,img_0206 to img_0212 are real CARE Profile screenshots. No decoration or logo was kept as an image.,
SOMATOM_Force_IFU_VB30,sec_0411,204,5.5-image_section_mapping,PASS,,"On p204 img_0206 and img_0207 are the two table screenshots. On p205 img_0208 to img_0210 are the 3 screenshots. On p206 img_0211 is the red table screenshot and img_0212 is the figure 'CARE Profile of two recon ranges'. All are mapped to sec_0411, and all sit above the next margin heading on p206.",
SOMATOM_Force_IFU_VB30,sec_0427,212,5.4-hierarchy_level,PASS,,hierarchy_level 5 fits the bookmark nesting: 'Activating CARE kV' is a margin heading on p212 under the margin heading 'CARE kV settings' (level 4).,
SOMATOM_Force_IFU_VB30,sec_0427,212,5.4-parent_child,PASS,,parent_section_id sec_0426 (CARE kV settings) lists sec_0427 as a child. The section has no children. This agrees with the page: 'Adjusting the examination type' (sec_0428) is a sibling heading.,
SOMATOM_Force_IFU_VB30,sec_0427,212,5.4-page_start_end,PASS,,"On p212 the section starts at the margin heading 'Activating CARE kV' (#/texts/4465) with 'For CARE kV On...' (#/texts/4471). It ends with the note 'If CARE kV is set to Semi or On, select the FAST Window...' (#/texts/4477), just before the heading 'Adjusting the examination type'. The notes above the heading (CARE kV is only available..., constant kV value...) are not in this section, which is correct: they belong to sec_0426.",
SOMATOM_Force_IFU_VB30,sec_0427,212,5.4-hierarchy_path,PASS,,The path .../Checking the parameter settings/CARE kV settings/Activating CARE kV agrees with the margin headings 'CARE kV settings' then 'Activating CARE kV' on p212.,
SOMATOM_Force_IFU_VB30,sec_0427,212,5.4-gaps_duplicates,PASS,,"All 8 nodes are present once: heading, intro, the check mark step, the diamond step, the follow-up text and the 3 notes. No text of sec_0426 or sec_0428 is inside, and nothing of this section is in a neighbour.",
SOMATOM_Force_IFU_VB30,sec_0427,212,5.4-flagged_for_review,PASS,,flagged_for_review is false. Nothing on the page suggests doubt about this section: the heading is found and the content is complete.,
SOMATOM_Force_IFU_VB30,sec_0427,212,5.4-structural_source,PASS,,"structural_source is toc. The heading 'Activating CARE kV' is visible on its page where the bookmark points, so the TOC source is supported.",
SOMATOM_Force_IFU_VB30,sec_0427,212,5.6-numbering_scheme,PASS,,"The printed folio on p212 is an arabic number (212), the same as the scheme in the section data (arabic).",
SOMATOM_Force_IFU_VB30,sec_0427,212,5.6-offset_applied,PASS,,"The footer folio on p212 is 212, so the physical page equals the printed page. offset_applied=0 is correct.",
SOMATOM_Force_IFU_VB30,sec_0427,212,5.5-filters_discarding,FAIL,Low,"On p212 the small dose-settings icon (magnifier, about 20 pt wide) next to 'Adjusting the examination type' is not extracted. The text says 'Click the dose settings icon'. The black 'i' note icons are also not extracted, but their meaning is in the note text.","Probably BUG-020 (small-area image filter). Low: small icon, meaning is in the text. The magnifier belongs to sec_0428, not sec_0427. I keep the same grade as v1.9. The 'i' icons alone are PASS."
SOMATOM_Force_IFU_VB30,sec_0427,212,5.5-filters_passing_noise,PASS,,"No image is kept for this section, so no decoration is passed as content.",
SOMATOM_Force_IFU_VB30,sec_0427,212,5.5-image_section_mapping,PASS,,"images.json has no image for sec_0427 on p212. The page has no figure that belongs to this section: only 'i' note icons, and the magnifier icon below the next heading belongs to sec_0428.",
SOMATOM_Force_IFU_VB30,sec_0447,219,5.4-hierarchy_level,PASS,,hierarchy_level 4 fits the bookmark nesting: 'Using FAST Adjust (optional) and FAST Scan Assistant' is a margin heading on p219 under 'Handling parameter conflicts' (level 3).,
SOMATOM_Force_IFU_VB30,sec_0447,219,5.4-parent_child,PASS,,parent_section_id sec_0446 (Handling parameter conflicts) lists sec_0447 as a child. The section has no children. Its sibling 'Using the Adjust button (optional)' follows on p219.,
SOMATOM_Force_IFU_VB30,sec_0447,219,5.4-page_start_end,PASS,,"On p219 node #/texts/4619 is now only the heading text 'Using FAST Adjust (optional) and FAST Scan Assistant'. The info note 'If a conflict occurs, the CARE Profile appears...' and the CAUTION box at the top are not in this section, which is correct (they are above the heading). The section holds the three paragraphs #/texts/4639 to 4641 and ends before the heading 'Using the Adjust button (optional)'.","The v1.9 FAIL (BUG-029, note merged into the heading node) is no longer visible here. I assume the note is in the parent sec_0446, but its nodes are not in this batch, so I could not check it."
SOMATOM_Force_IFU_VB30,sec_0447,219,5.4-hierarchy_path,PASS,,The path .../Performing a dose-optimized workflow/Handling parameter conflicts/Using FAST Adjust (optional) and FAST Scan Assistant is consistent with the parent chain.,
SOMATOM_Force_IFU_VB30,sec_0447,219,5.4-gaps_duplicates,PASS,,"The 4 nodes (heading and 3 paragraphs) are the complete text under the heading on p219. No text is repeated, and no text of the CAUTION box or of sec_0448 is inside.",
SOMATOM_Force_IFU_VB30,sec_0447,219,5.4-flagged_for_review,PASS,,flagged_for_review is false. Nothing on the page suggests doubt about this section: the heading is found and the content is complete.,
SOMATOM_Force_IFU_VB30,sec_0447,219,5.4-structural_source,PASS,,"structural_source is toc. The heading 'Using FAST Adjust (optional) and FAST Scan Assistant' is visible on its page where the bookmark points, so the TOC source is supported.",
SOMATOM_Force_IFU_VB30,sec_0447,219,5.6-numbering_scheme,PASS,,"The printed folio on p219 is an arabic number (219), the same as the scheme in the section data (arabic).",
SOMATOM_Force_IFU_VB30,sec_0447,219,5.6-offset_applied,PASS,,"The footer folio on p219 is 219, so the physical page equals the printed page. offset_applied=0 is correct.",
SOMATOM_Force_IFU_VB30,sec_0447,219,5.5-filters_discarding,FAIL,Low,"p219 has three small CARE Profile pictures on the left (green with stripes, green with yellow peak, yellow with a warning triangle). No image is extracted for p219. They are above this section's heading, so they belong to sec_0446. The text under each coloured title states their meaning.","Probably BUG-020 (small-area filter). Low: small pictures whose meaning is in the text. Owner is sec_0446, not sec_0447. Same grade as the approved v1.9."
SOMATOM_Force_IFU_VB30,sec_0447,219,5.5-filters_passing_noise,PASS,,"No image is extracted for this section, so no noise is kept.",
SOMATOM_Force_IFU_VB30,sec_0447,219,5.5-image_section_mapping,PASS,,"No image is mapped to sec_0447. Under its own heading on p219 there is only text, so there is nothing to map. The pictures above the heading are not extracted at all (see 5.5-filters_discarding).",
SOMATOM_Force_IFU_VB30,sec_0458,226,5.4-hierarchy_level,PASS,,hierarchy_level 4 fits the nesting: 'Adapting the dose to the patient size' is a margin heading on p226 under 5.3.2 'Checking the examination configuration parameters' (level 3).,
SOMATOM_Force_IFU_VB30,sec_0458,226,5.4-parent_child,PASS,,"parent_section_id sec_0457 lists sec_0458, sec_0459 and sec_0460 as children. They are the three margin headings under 5.3.2 on p226. The section has no children.",
SOMATOM_Force_IFU_VB30,sec_0458,226,5.4-page_start_end,PASS,,On p226 the section starts at the margin heading 'Adapting the dose to the patient size' (#/texts/4794) and holds the two paragraphs and the two steps (#/texts/4777 to 4780). It ends before 'Setting the dose alert values' (sec_0459). The 'i' note above 5.3.2 and the steps 1 and 2 of 5.3.2 are not inside.,
SOMATOM_Force_IFU_VB30,sec_0458,226,5.4-hierarchy_path,PASS,,The path .../Considerations for pediatric scanning/Checking the examination configuration parameters/Adapting the dose to the patient size is in order. 5.3.2 is visible on p226.,
SOMATOM_Force_IFU_VB30,sec_0458,226,5.4-gaps_duplicates,PASS,,"The 5 nodes are the full text under the heading on p226 and appear once. The heading node 4794 is a separate node from the body, and the steps keep their numbers 1 and 2.",
SOMATOM_Force_IFU_VB30,sec_0458,226,5.4-flagged_for_review,PASS,,flagged_for_review is false. Nothing on the page suggests doubt about this section: the heading is found and the content is complete.,
SOMATOM_Force_IFU_VB30,sec_0458,226,5.4-structural_source,PASS,,"structural_source is toc. The heading 'Adapting the dose to the patient size' is visible on its page where the bookmark points, so the TOC source is supported.",
SOMATOM_Force_IFU_VB30,sec_0458,226,5.6-numbering_scheme,PASS,,"The printed folio on p226 is an arabic number (226), the same as the scheme in the section data (arabic).",
SOMATOM_Force_IFU_VB30,sec_0458,226,5.6-offset_applied,PASS,,"The footer folio on p226 is 226, so the physical page equals the printed page. offset_applied=0 is correct.",
SOMATOM_Force_IFU_VB30,sec_0458,226,5.5-filters_discarding,PASS,,The only visual on p226 near this section is the 'i' note icons of neighbours. Their meaning is in the text. No figure is lost.,Same rule as the approved v1.9: small note markers are PASS.
SOMATOM_Force_IFU_VB30,sec_0458,226,5.5-filters_passing_noise,PASS,,"No image is extracted for this section, so no noise is kept.",
SOMATOM_Force_IFU_VB30,sec_0458,226,5.5-image_section_mapping,PASS,,"There is no image for sec_0458. Under its heading on p226 there are no figures, so nothing is missing or mapped wrongly.",
SOMATOM_Force_IFU_VB30,sec_0488,234,5.4-hierarchy_level,PASS,,"hierarchy_level 4 matches the margin heading 'Using CARE kV' on p233, a sibling of 'Using CARE Dose4D' and 'Setting kV manually' under 5.4.5 (level 3).",
SOMATOM_Force_IFU_VB30,sec_0488,234,5.4-parent_child,PASS,,"parent_section_id sec_0486 (Using CARE Dose4D and CARE kV, 5.4.5) lists sec_0487, sec_0488 and sec_0489 as children. This agrees with p233 and p234. The section has no children.",
SOMATOM_Force_IFU_VB30,sec_0488,234,5.4-page_start_end,PASS,,"The section starts at the bottom of p233 with 'Using CARE kV CARE kV is activated by default.' (#/texts/4946) and ends on p234 with the step 'In the Dose Optimization dialog box, set the slider to Vascular' (#/texts/4977), above the heading 'Setting kV manually'. The p234 note, paragraph and info note between them are all here. No text of sec_0487 or sec_0489 is inside.","On p233 the margin heading 'Using CARE kV' is merged into the first body sentence in one node (probably BUG-029). Both parts belong to this section, so no content is in the wrong section."
SOMATOM_Force_IFU_VB30,sec_0488,234,5.4-hierarchy_path,PASS,,The path .../Considerations for Cardiac CT/Using CARE Dose4D and CARE kV/Using CARE kV matches 5.4.5 and the margin heading on p233.,
SOMATOM_Force_IFU_VB30,sec_0488,234,5.4-gaps_duplicates,PASS,,"The 8 nodes (first sentence, footer and header of the page break, 3 p234 text nodes and the step) are all present once. All text printed under 'Using CARE kV' on p233 and p234 is covered.",
SOMATOM_Force_IFU_VB30,sec_0488,234,5.4-flagged_for_review,PASS,,flagged_for_review is false. Nothing on the page suggests doubt about this section: the heading is found and the content is complete.,
SOMATOM_Force_IFU_VB30,sec_0488,234,5.4-structural_source,PASS,,"structural_source is toc. The heading 'Using CARE kV' is visible on its page where the bookmark points, so the TOC source is supported.",
SOMATOM_Force_IFU_VB30,sec_0488,234,5.6-numbering_scheme,PASS,,"The printed folio on p234 is an arabic number (234), the same as the scheme in the section data (arabic).",
SOMATOM_Force_IFU_VB30,sec_0488,234,5.6-offset_applied,PASS,,"The footer folio on p234 is 234, so the physical page equals the printed page. offset_applied=0 is correct.",
SOMATOM_Force_IFU_VB30,sec_0488,234,5.5-filters_discarding,PASS,,"p233 and p234 show only 'i' note icons in this section. Their meaning is in the note text, so I grade PASS. The Flash Check button (p233) is extracted, as img_0223 in sec_0485.",Same rule as the approved v1.9: small note markers are PASS.
SOMATOM_Force_IFU_VB30,sec_0488,234,5.5-filters_passing_noise,PASS,,"No image is extracted for sec_0488, so no noise is kept.",
SOMATOM_Force_IFU_VB30,sec_0488,234,5.5-image_section_mapping,PASS,,"There is no image for sec_0488. The only extracted image on p233, img_0223 (Flash Check button), is above 5.4.5 and is mapped to sec_0485, which is correct.",
SOMATOM_Force_IFU_VB30,sec_0491,235,5.4-hierarchy_level,PASS,,"hierarchy_level 2 matches the heading '6.1 Examination procedure overview' on p235, a section under the chapter '6 Examination' (level 1).",
SOMATOM_Force_IFU_VB30,sec_0491,235,5.4-parent_child,PASS,,"parent_section_id sec_0490 (Examination) is the chapter 6 section. child_sections sec_0492 to sec_0501 are the ten headings 6.1.1 to 6.1.10. On p238 the headings 6.1.7 to 6.1.10 are visible, and 6.2 starts after them as a different section.",
SOMATOM_Force_IFU_VB30,sec_0491,235,5.4-page_start_end,PASS,,"The section starts at the heading '6.1' (#/texts/4967) on p235 and holds the intro, the two orange sub-headings, and the three workflow tables (p235 and p236). The chapter title '6 Examination' and its intro on p235 are not in this section (they belong to sec_0490). page_end 238 covers the last child, 6.1.10 on p238. Section 6.2 starts on p238 and is not included. p236 was not rendered, so table #/tables/23 is only checked by its text.","The p235 footer and the p236 header nodes come before the tables in reading order. This is only an order issue, not wrong ownership."
SOMATOM_Force_IFU_VB30,sec_0491,235,5.4-hierarchy_path,PASS,,The path /Examination/Examination procedure overview is correct: chapter 6 then section 6.1.,
SOMATOM_Force_IFU_VB30,sec_0491,235,5.4-gaps_duplicates,PASS,,"The section has 11 nodes and every visible item on p235 below the 6.1 heading is present once, including the two sub-headings and the two tables. The children 6.1.1 to 6.1.10 have their own sections and their text is not here.",
SOMATOM_Force_IFU_VB30,sec_0491,235,5.4-flagged_for_review,PASS,,flagged_for_review is false. Nothing on the page suggests doubt about this section: the heading is found and the content is complete.,
SOMATOM_Force_IFU_VB30,sec_0491,235,5.4-structural_source,PASS,,"structural_source is toc. The heading '6.1 Examination procedure overview' is visible on its page where the bookmark points, so the TOC source is supported.",
SOMATOM_Force_IFU_VB30,sec_0491,235,5.6-numbering_scheme,PASS,,"The printed folio on p235 is an arabic number (235), the same as the scheme in the section data (arabic).",
SOMATOM_Force_IFU_VB30,sec_0491,235,5.6-offset_applied,PASS,,"The footer folio on p235 is 235, so the physical page equals the printed page. offset_applied=0 is correct.",
SOMATOM_Force_IFU_VB30,sec_0491,235,5.6-table_content,PASS,,"On p235 table #/tables/21 has the 4 columns Step, Control room, Examination room, Comments and the 9 rows. Each page reference and the two comments are in the right cell. #/tables/22 (the predecessor panel, steps 1 and 2) also matches the page. Words are broken by line-end hyphens ('exami- nation'), but values and columns are right. Table #/tables/23 (p236) was not rendered.",Hyphen breaks come from the print layout. Low risk. Confidence is lower because p236 was not in the batch.
SOMATOM_Force_IFU_VB30,sec_0491,235,5.5-filters_discarding,PASS,,"p235 has no figure under 6.1: only text and tables. The chapter number and title are text, not an image. No meaningful visual is missing.",
SOMATOM_Force_IFU_VB30,sec_0491,235,5.5-filters_passing_noise,PASS,,"No image is extracted for this section, so no noise is kept.",
SOMATOM_Force_IFU_VB30,sec_0491,235,5.5-image_section_mapping,PASS,,"There is no image for sec_0491, and none is expected on p235. The table content is kept in the tree as text.",
SOMATOM_Force_IFU_VB30,sec_0511,242,5.4-hierarchy_level,PASS,,"hierarchy_level 5 matches the margin heading 'Assigning an Emergency protocol' on p242, under 'Modifying scan protocols' (level 4).",
SOMATOM_Force_IFU_VB30,sec_0511,242,5.4-parent_child,PASS,,"parent_section_id sec_0510 (Modifying scan protocols) lists sec_0511 and sec_0512 as children. On p242 the next margin heading, 'Confirming the changes', is sec_0512. The section has no children.",
SOMATOM_Force_IFU_VB30,sec_0511,242,5.4-page_start_end,PASS,,"On p242 the section starts at the margin heading 'Assigning an Emergency protocol' (#/texts/5105) and holds the intro, steps 1 to 4 and 'The Confirmation page is displayed.' (#/texts/5111 to 5116). The step 6 text and 'You cannot remove the Emergency protocol' note above the heading belong to sec_0510. 'Confirming the changes' is the next section.",
SOMATOM_Force_IFU_VB30,sec_0511,242,5.4-hierarchy_path,PASS,,The path .../Scan Protocol Assistant/Modifying scan protocols/Assigning an Emergency protocol follows the parent chain in order.,
SOMATOM_Force_IFU_VB30,sec_0511,242,5.4-gaps_duplicates,PASS,,"The 7 nodes cover the heading, intro text and four steps with the confirmation line. Each is present once. No text from sec_0510 or sec_0512 is inside.",
SOMATOM_Force_IFU_VB30,sec_0511,242,5.4-flagged_for_review,PASS,,flagged_for_review is false. Nothing on the page suggests doubt about this section: the heading is found and the content is complete.,
SOMATOM_Force_IFU_VB30,sec_0511,242,5.4-structural_source,PASS,,"structural_source is toc. The heading 'Assigning an Emergency protocol' is visible on its page where the bookmark points, so the TOC source is supported.",
SOMATOM_Force_IFU_VB30,sec_0511,242,5.6-numbering_scheme,PASS,,"The printed folio on p242 is an arabic number (242), the same as the scheme in the section data (arabic).",
SOMATOM_Force_IFU_VB30,sec_0511,242,5.6-offset_applied,PASS,,"The footer folio on p242 is 242, so the physical page equals the printed page. offset_applied=0 is correct.",
SOMATOM_Force_IFU_VB30,sec_0511,242,5.5-filters_discarding,PASS,,"Both step icons on p242 are extracted: the ambulance button (img_0227, step 2) and the round '3' button (img_0228, step 4). Neither is cut. The 'i' note icons are not images, but their meaning is in the note text.",
SOMATOM_Force_IFU_VB30,sec_0511,242,5.5-filters_passing_noise,PASS,,"img_0227 and img_0228 are the real buttons named in steps 2 and 4. They are not decoration, so keeping them is right. Each is about 60 px and readable.",
SOMATOM_Force_IFU_VB30,sec_0511,242,5.5-image_section_mapping,PASS,,"img_0227 and img_0228 are on p242 beside steps 2 and 4 of this section and are mapped to sec_0511, which is correct. They are above the heading 'Confirming the changes'.",
SOMATOM_Force_IFU_VB30,sec_0517,248,5.4-hierarchy_level,PASS,,"On p247 the margin heading ""Modifying recon parameters"" is a level-4 heading like its sibling headings sec_0516 and sec_0518. The level 4 under sec_0506 is right.",
SOMATOM_Force_IFU_VB30,sec_0517,248,5.4-parent_child,PASS,,"The parent is sec_0506 ""Scan Protocol Assistant"" (level 3). sec_0517 has no children and is listed in the parent child_sections. The rendered p247 shows no sub-headings.",
SOMATOM_Force_IFU_VB30,sec_0517,248,5.4-page_start_end,PASS,,"The heading T5259 is on p247 and the section ends on p248 with step 3 and the Confirmation Page text (T5299). The top of p247 (step 4 of the previous section) is not in sec_0517. The ""-tail"" node T5294-tail (""A context menu..."") on top of p248 continues the step 1 list, so it is in the right section. The next heading, ""Modifying Auto tasking parameters"", is in sec_0518.",
SOMATOM_Force_IFU_VB30,sec_0517,248,5.4-hierarchy_path,PASS,,The path /Examination/Configuration of examination settings/Scan Protocol Assistant/Modifying recon parameters matches the nesting. The title on p247 matches the last element.,
SOMATOM_Force_IFU_VB30,sec_0517,248,5.4-gaps_duplicates,PASS,,Nodes T5259 to T5299 run in reading order with no big gap. T5294-tail is not repeated in sec_0518 or elsewhere in the batch. I saw no duplicate text between p247 and p248.,
SOMATOM_Force_IFU_VB30,sec_0517,248,5.4-flagged_for_review,PASS,,"flagged_for_review is false and verification_score is 100. The heading is clearly visible on p247, so no flag is needed.",
SOMATOM_Force_IFU_VB30,sec_0517,248,5.4-structural_source,PASS,,"structural_source is toc. The heading on p247 is where the section starts, so the TOC entry is supported.",
SOMATOM_Force_IFU_VB30,sec_0517,248,5.6-numbering_scheme,PASS,,The footer on p247 and p248 shows printed numbers 247 and 248 in arabic numerals. numbering_scheme is arabic.,
SOMATOM_Force_IFU_VB30,sec_0517,248,5.6-offset_applied,PASS,,offset_applied is 0. The printed footer number 247 equals physical page 247.,
SOMATOM_Force_IFU_VB30,sec_0517,248,5.5-filters_discarding,PASS,,"Page 248 has one step-4 button icon (img_0234) next to step 3 in this section, and it was kept. The step-4 icon at the top of p247 belongs to sec_0516. No meaningful figure is lost here.",
SOMATOM_Force_IFU_VB30,sec_0517,248,5.5-filters_passing_noise,PASS,,"Only img_0234 (65x65 step-4 button) is mapped here. It is a real UI icon used in the steps, not a rule or logo. It is upright.",
SOMATOM_Force_IFU_VB30,sec_0517,248,5.5-image_section_mapping,PASS,,"img_0234 sits beside step 3 on p248, which is in sec_0517. The mapping is right. The icon at the top of p247 is in sec_0516 (img_0233), which is also right.",
SOMATOM_Force_IFU_VB30,sec_0530,255,5.4-hierarchy_level,PASS,,"On p254 ""Importing user scan protocols"" is a level-4 margin heading like sec_0531 and sec_0532. Level 4 is right.",
SOMATOM_Force_IFU_VB30,sec_0530,255,5.4-parent_child,PASS,,"The parent is sec_0506 and it lists sec_0530. The section has no children, as seen on p254 and p255.",
SOMATOM_Force_IFU_VB30,sec_0530,255,5.4-page_start_end,PASS,,"The heading T5484 is on p254. The section ends on p255 with steps 7 and 8 and the End button (T5520). The heading ""Importing from teamplay Protocols"" (T5514) is in sec_0531. The ""i"" note T5502 on p254 is in this section, which is right. Header T5513 on top of p255 is the running header and is in the same section.",
SOMATOM_Force_IFU_VB30,sec_0530,255,5.4-hierarchy_path,PASS,,"The path ends with ""Importing user scan protocols"". It matches the margin heading on p254 under Scan Protocol Assistant.",
SOMATOM_Force_IFU_VB30,sec_0530,255,5.4-gaps_duplicates,PASS,,The steps 1 to 6 on p254 and steps 7 and 8 on p255 are all in sec_0530 once. The previous section sec_0529 ends before the heading. No duplicates seen.,
SOMATOM_Force_IFU_VB30,sec_0530,255,5.4-flagged_for_review,PASS,,flagged_for_review is false with a verification_score of 100. The heading is clear on p254.,
SOMATOM_Force_IFU_VB30,sec_0530,255,5.4-structural_source,PASS,,"structural_source is toc. The heading is visible where the section starts, so the source is supported.",
SOMATOM_Force_IFU_VB30,sec_0530,255,5.6-numbering_scheme,PASS,,The footers on p254 and p255 show 254 and 255 in arabic digits. numbering_scheme is arabic.,
SOMATOM_Force_IFU_VB30,sec_0530,255,5.6-offset_applied,PASS,,offset_applied is 0. Printed 254 equals physical 254.,
SOMATOM_Force_IFU_VB30,sec_0530,255,5.5-filters_discarding,PASS,,"The step-2 icon (img_0239) and the top step-3 icon on p255 (img_0241) were extracted. The ""i"" note icon next to T5502 was not extracted. It is a note marker and its meaning is in the text, so I grade it PASS as in v1.9.",
SOMATOM_Force_IFU_VB30,sec_0530,255,5.5-filters_passing_noise,PASS,,"img_0239 and img_0241 are step buttons (65x65), both upright. No decorative rules or logos were kept.",
SOMATOM_Force_IFU_VB30,sec_0530,255,5.5-image_section_mapping,PASS,,img_0239 is beside step 4 on p254 and img_0241 is beside step 7 on p255. Both are in sec_0530. The mapping is right.,
SOMATOM_Force_IFU_VB30,sec_0545,262,5.4-hierarchy_level,PASS,,"On p261 ""Exporting contrast protocols"" is a margin heading like ""Listing"" and ""Importing contrast protocols"". Level 5 under sec_0542 fits.",
SOMATOM_Force_IFU_VB30,sec_0545,262,5.4-parent_child,PASS,,"The parent is sec_0542 ""Listing/importing/exporting contrast protocols"", which lists sec_0543, sec_0544 and sec_0545. The three margin headings on p261 match these children.",
SOMATOM_Force_IFU_VB30,sec_0545,262,5.4-page_start_end,PASS,,"The heading T5685 and step 1 T5707 are at the bottom of p261. The section ends on p262 with ""Click the End button"" (T5722). The next heading ""Activating a password protection"" (T5712) is in sec_0546. page_start 261 and page_end 262 are right. Note that T5717 holds text from step 3 and the folder name tail, but all of it is in the right section.",
SOMATOM_Force_IFU_VB30,sec_0545,262,5.4-hierarchy_path,PASS,,The path /Scan Protocol Assistant/Listing/importing/exporting contrast protocols/Exporting contrast protocols matches the page.,
SOMATOM_Force_IFU_VB30,sec_0545,262,5.4-gaps_duplicates,PASS,,"The steps 1 to 5 on p261 and p262 are present once. The text of step 3 and its message is out of order: T5716 ends at ""H:\SiteData"" and T5717 holds ""\ExportedContrastProtocols folder."" The words are all there. No duplicate or lost lines.",
SOMATOM_Force_IFU_VB30,sec_0545,262,5.4-flagged_for_review,PASS,,flagged_for_review is false with a verification_score of 100. The heading is clear on p261.,
SOMATOM_Force_IFU_VB30,sec_0545,262,5.4-structural_source,PASS,,"structural_source is toc. The heading is visible at the section start, so the source is supported.",
SOMATOM_Force_IFU_VB30,sec_0545,262,5.6-numbering_scheme,PASS,,The footer on p262 shows 262 in arabic digits. On p261 the page number is a separate node (T5710) and shows 261. numbering_scheme is arabic.,
SOMATOM_Force_IFU_VB30,sec_0545,262,5.6-offset_applied,PASS,,offset_applied is 0. Printed 262 equals physical 262.,
SOMATOM_Force_IFU_VB30,sec_0545,262,5.5-filters_discarding,PASS,,The Export selected contrast protocols icon on p262 was extracted (img_0258). No other icon of this section is missing.,
SOMATOM_Force_IFU_VB30,sec_0545,262,5.5-filters_passing_noise,PASS,,"img_0258 is a 62x62 export button, upright. It is real UI content. No noise was kept.",
SOMATOM_Force_IFU_VB30,sec_0545,262,5.5-image_section_mapping,PASS,,"img_0258 is beside step 2 on p262 and is in sec_0545. The mapping is right. The Listing and Importing icons on p261 are in sec_0543 and sec_0544, which is also right.",
SOMATOM_Force_IFU_VB30,sec_0554,268,5.4-hierarchy_level,PASS,,"On p267 ""Changing the patient position"" is a level-4 margin heading like sec_0553 and sec_0555. Level 4 is right.",
SOMATOM_Force_IFU_VB30,sec_0554,268,5.4-parent_child,PASS,,"The parent is sec_0552 ""Calling up the Patient Model Dialog"" and it lists sec_0553, sec_0554 and sec_0555. The three margin headings are siblings on p267 and p268. I did not see the parent heading page, so confidence is a little lower.",
SOMATOM_Force_IFU_VB30,sec_0554,268,5.4-page_start_end,PASS,,"The heading T5820 and intro T5841 are at the bottom of p267. The section goes on to p268 with the two CAUTION boxes (T5846 to T5854), the lead-in T5855 and steps 1 to 4 (ends at T5862). The CAUTION box and the steps on top of p267 belong to sec_0553. The next heading ""Appending or replacing a scan protocol"" is in sec_0555. page_start 267 and page_end 268 are right.",
SOMATOM_Force_IFU_VB30,sec_0554,268,5.4-hierarchy_path,PASS,,The path /Examination/Preparations/Calling up the Patient Model Dialog/Changing the patient position matches the margin headings on p267 and p268.,
SOMATOM_Force_IFU_VB30,sec_0554,268,5.4-gaps_duplicates,PASS,,The CAUTION labels (T5846 and T5850) are with their texts in this section. Steps 1 to 4 are present once. No duplicate or lost lines.,
SOMATOM_Force_IFU_VB30,sec_0554,268,5.4-flagged_for_review,PASS,,flagged_for_review is false with a verification_score of 100. The heading is clear on p267.,
SOMATOM_Force_IFU_VB30,sec_0554,268,5.4-structural_source,PASS,,"structural_source is toc. The heading is visible where the section starts, so the source is supported.",
SOMATOM_Force_IFU_VB30,sec_0554,268,5.6-numbering_scheme,PASS,,The footers on p267 and p268 show 267 and 268 in arabic digits. numbering_scheme is arabic.,
SOMATOM_Force_IFU_VB30,sec_0554,268,5.6-offset_applied,PASS,,offset_applied is 0. Printed 267 equals physical 267.,
SOMATOM_Force_IFU_VB30,sec_0554,268,5.5-filters_discarding,FAIL,Low,"On p268, steps 1 and 2 of this section show two small icons (Select or change exam, and Change patient position, about 40 px). They are not in images.json, so they were dropped. Their meaning is named in the step text. The CAUTION triangles are note markers and I grade them PASS as in v1.9.","Two small UI icons (about 40 px) dropped, probably below the size floor (BUG-017). Low: the step text names each icon."
SOMATOM_Force_IFU_VB30,sec_0554,268,5.5-filters_passing_noise,PASS,,No image is mapped to sec_0554. Nothing noisy was kept in this section.,
SOMATOM_Force_IFU_VB30,sec_0554,268,5.5-image_section_mapping,PASS,,"No image is mapped to sec_0554. The third small icon on p268 is beside sec_0555 step 1, not here. There is no wrong mapping. The missing icons are graded in 5.5-filters_discarding.",
SOMATOM_Force_IFU_VB30,sec_0565,275,5.4-hierarchy_level,PASS,,sec_0565 is level 6 with a 6-part path. On p275 its margin heading 'Application class Virtual Unenhanced and FAST DE Results...' has the same style as the sibling 'Rho/Z' heading. Level 6 under 'Application classes' (level 5) matches the outline.,
SOMATOM_Force_IFU_VB30,sec_0565,275,5.4-parent_child,PASS,,"Parent is sec_0564 'Application classes' (level 5, p275-276). Next sibling is sec_0566 Rho/Z (level 6). No children. This agrees with the outline.",
SOMATOM_Force_IFU_VB30,sec_0565,275,5.4-page_start_end,PASS,,"On p275 the heading #/texts/5970 starts the section. #/texts/5977 to 5983 are 'Observe the following limitations' and its 6 bullets, down to 'adrenal tumors'. The 'Application classes' intro bullets above belong to sec_0564. The Rho/Z heading below is in sec_0566.",
SOMATOM_Force_IFU_VB30,sec_0565,275,5.4-hierarchy_path,PASS,,The hierarchy_path is '/Examination/Preparations/Using automatic functions/Automatic postprocessing of Dual Energy images/Application classes/Application class Virtual Unenhanced and FAST DE Results in Dual Energy reconstructions'. It lists the ancestors in the right order and the last part matches the heading printed on p275.,
SOMATOM_Force_IFU_VB30,sec_0565,275,5.4-gaps_duplicates,PASS,,The 6 limitation bullets are all present once. The 'Application classes' bullets and the Rho/Z text are not in sec_0565. No missing or duplicated node seen.,
SOMATOM_Force_IFU_VB30,sec_0565,275,5.4-flagged_for_review,PASS,,flagged_for_review is false. The section is one block on p275 and its bounds are right.,
SOMATOM_Force_IFU_VB30,sec_0565,275,5.4-structural_source,PASS,,structural_source is toc. The heading is printed on p275.,
SOMATOM_Force_IFU_VB30,sec_0565,275,5.6-numbering_scheme,PASS,,numbering_scheme is arabic. Printed folio 275 is on physical page 275.,
SOMATOM_Force_IFU_VB30,sec_0565,275,5.6-offset_applied,PASS,,offset_applied is 0. Printed 275 equals physical 275.,
SOMATOM_Force_IFU_VB30,sec_0565,275,5.5-filters_discarding,PASS,,"Page 275 has only text. No figure, table or icon is lost for sec_0565.",
SOMATOM_Force_IFU_VB30,sec_0565,275,5.5-filters_passing_noise,PASS,,No image is stored for sec_0565 and none is needed.,
SOMATOM_Force_IFU_VB30,sec_0565,275,5.5-image_section_mapping,PASS,,There is no image on p275 and none is mapped to sec_0565. This is correct.,
SOMATOM_Force_IFU_VB30,sec_0590,282,5.4-hierarchy_level,PASS,,"sec_0590 'Storing the mattress with flat surface' is level 6 under sec_0589 (level 5). On p281 it is a margin heading with the same style as its parent heading. I trust the outline nesting here, so I did not fail it.","Visually the three mattress headings have the same margin style, so a sibling reading is possible. The level comes from the PDF outline and I could not see the outline."
SOMATOM_Force_IFU_VB30,sec_0590,282,5.4-parent_child,PASS,,Parent is sec_0589 'Positioning the mattress with flat surface' (p281-282). Next sibling sec_0591 'Positioning the arm supports' is level 5. No children. This agrees with the outline.,
SOMATOM_Force_IFU_VB30,sec_0590,282,5.4-page_start_end,PASS,,"The heading and its sentence 'You can store the mattress...' are at the bottom of p281 (#/texts/6123, 6132). On p282 #/texts/6138 (place the mattress vertically) and #/texts/6139 (info note on assembly instructions) end the section. The 'Positioning the arm supports' heading is correctly in sec_0591.",
SOMATOM_Force_IFU_VB30,sec_0590,282,5.4-hierarchy_path,PASS,,The hierarchy_path is '/Examination/Positioning the patient/Preparing the patient table/Positioning the mattress/Positioning the mattress with flat surface/Storing the mattress with flat surface'. It lists the ancestors in the right order and the last part matches the heading printed on p282.,
SOMATOM_Force_IFU_VB30,sec_0590,282,5.4-gaps_duplicates,PASS,,"Nodes 6123, 6132, 6138 and 6139 cover the whole 'Storing' topic once. The folio and header nodes (6133-6136) are boilerplate inside the page break. No arm-support text is inside.",
SOMATOM_Force_IFU_VB30,sec_0590,282,5.4-flagged_for_review,PASS,,"flagged_for_review is false. Both page boundaries are right, so the flag state is right.",
SOMATOM_Force_IFU_VB30,sec_0590,282,5.4-structural_source,PASS,,structural_source is toc. The heading is printed on p281.,
SOMATOM_Force_IFU_VB30,sec_0590,282,5.6-numbering_scheme,PASS,,numbering_scheme is arabic. Folios 281 and 282 match the physical pages.,
SOMATOM_Force_IFU_VB30,sec_0590,282,5.6-offset_applied,PASS,,offset_applied is 0. Printed 281 and 282 equal the physical pages.,
SOMATOM_Force_IFU_VB30,sec_0590,282,5.5-filters_discarding,PASS,,"The photo at the top of p282 (mattress in the wall holder) is extracted as img_0272 and is upright. The 'i' note marker is a note marker whose text is kept, so it is PASS.",
SOMATOM_Force_IFU_VB30,sec_0590,282,5.5-filters_passing_noise,PASS,,"img_0272 is a real photo. No logo, divider or other decoration is stored for sec_0590.",
SOMATOM_Force_IFU_VB30,sec_0590,282,5.5-image_section_mapping,PASS,,img_0272 is on p282 beside the 'Place the mattress...' step and is mapped to sec_0590. This is correct. The p281 images (img_0269 to 0271) are above the 'Storing' heading and belong to sec_0589.,"The tool says CONTRADICTED because the three p282 images have the same size (528x425) and it cannot tell them apart. By eye, the top photo (wall holder) is img_0272 in sec_0590. The two patient photos are img_0273 and img_0274 in sec_0591. The mapping is right."
SOMATOM_Force_IFU_VB30,sec_0604,288,5.4-hierarchy_level,PASS,,sec_0604 'Setting the patient orientation' is level 4 under sec_0603 (level 3). Its margin heading on p288 has the same style as the sibling 'Setting the table height'. The level fits.,
SOMATOM_Force_IFU_VB30,sec_0604,288,5.4-parent_child,PASS,,"Parent is sec_0603 'Moving the patient to the scan start position' (level 3, p287-293). Next sibling is sec_0605 'Setting the table height'. No children. This is right.",
SOMATOM_Force_IFU_VB30,sec_0604,288,5.4-page_start_end,PASS,,"The heading is at the top of p288 (#/texts/6263). The body is #/texts/6265 to 6270: precondition, 'Check the position...', steps 1-3 and the 'Rotate patient' info note. The 'Setting the table height' heading, its WARNING and the key photos stay in sec_0605. Node #/texts/6262 is the '6 Examination' page header.",
SOMATOM_Force_IFU_VB30,sec_0604,288,5.4-hierarchy_path,PASS,,The hierarchy_path is '/Examination/Positioning the patient/Moving the patient to the scan start position/Setting the patient orientation'. It lists the ancestors in the right order and the last part matches the heading printed on p288.,
SOMATOM_Force_IFU_VB30,sec_0604,288,5.4-gaps_duplicates,PASS,,Steps 1 to 3 and the final info note appear once in sec_0604. No text from sec_0605 is inside and nothing of this topic is in sec_0603.,
SOMATOM_Force_IFU_VB30,sec_0604,288,5.4-flagged_for_review,PASS,,flagged_for_review is false. The section is the top part of p288 and its bounds are right.,
SOMATOM_Force_IFU_VB30,sec_0604,288,5.4-structural_source,PASS,,structural_source is toc. The heading is printed on p288.,
SOMATOM_Force_IFU_VB30,sec_0604,288,5.6-numbering_scheme,PASS,,numbering_scheme is arabic. Folio 288 is on physical page 288.,
SOMATOM_Force_IFU_VB30,sec_0604,288,5.6-offset_applied,PASS,,offset_applied is 0. Printed 288 equals physical 288.,
SOMATOM_Force_IFU_VB30,sec_0604,288,5.5-filters_discarding,FAIL,Low,"On p288 step 1 shows a small blue 'Rotate patient' icon (about 25 px) next to the text. No image was extracted for it. The step text names the icon, so the meaning is kept.",Probably the small-image floor (BUG-017). Cosmetic loss only. The 'i' note marker is PASS.
SOMATOM_Force_IFU_VB30,sec_0604,288,5.5-filters_passing_noise,PASS,,"No image is stored for sec_0604, and none is decorative.",
SOMATOM_Force_IFU_VB30,sec_0604,288,5.5-image_section_mapping,PASS,,The key photos img_0281 and img_0282 (p288) are under 'Setting the table height' and are mapped to sec_0605. This is right. No image is wrongly mapped to sec_0604.,
SOMATOM_Force_IFU_VB30,sec_0616,295,5.4-hierarchy_level,PASS,,sec_0616 'Taking a planning image' is level 4 under sec_0614 'Using the 3D camera' (level 3). The margin heading on p293 has the same style as sibling 'Fields of use'. The level fits.,
SOMATOM_Force_IFU_VB30,sec_0616,295,5.4-parent_child,PASS,,"Parent is sec_0614 (level 3, p293-299). Previous sibling is sec_0615 'Fields of use' and next is sec_0617 'Planning the scan ranges'. No children. This is right.",
SOMATOM_Force_IFU_VB30,sec_0616,295,5.4-page_start_end,PASS,,"The heading is on p293 (#/texts/6364). The body goes on p294 and ends on p295 with the failure note (#/texts/6401-tail), the three actions (6402 to 6404) and step 2 'retake a planning image' (6405, 6406). The heading 'Planning the scan ranges' is on p295 and starts sec_0617. The margin heading was merged with the note by Docling (BUG-029). The pipeline split it (6401-tail). The tail is in the right section.",BUG-029 was fixed here by splitting node 6401 into 6401 and 6401-tail.
SOMATOM_Force_IFU_VB30,sec_0616,295,5.4-hierarchy_path,PASS,,The hierarchy_path is '/Examination/Positioning the patient/Using the 3D camera/Taking a planning image'. It lists the ancestors in the right order and the last part matches the heading printed on p295.,
SOMATOM_Force_IFU_VB30,sec_0616,295,5.4-gaps_duplicates,PASS,,Node #/texts/6401-tail holds only the 'body landmarks ... could not be detected' note and is not repeated in sec_0617. Node #/texts/6401 in sec_0617 holds only the heading. No text is lost or duplicated.,
SOMATOM_Force_IFU_VB30,sec_0616,295,5.4-flagged_for_review,PASS,,flagged_for_review is false. The end on p295 is right after the split of node 6401.,
SOMATOM_Force_IFU_VB30,sec_0616,295,5.4-structural_source,PASS,,structural_source is toc. The heading is printed on p293.,
SOMATOM_Force_IFU_VB30,sec_0616,295,5.6-numbering_scheme,PASS,,numbering_scheme is arabic. Folios 293 to 295 match the physical pages.,
SOMATOM_Force_IFU_VB30,sec_0616,295,5.6-offset_applied,PASS,,offset_applied is 0. Printed 293 to 295 equal the physical pages.,
SOMATOM_Force_IFU_VB30,sec_0616,295,5.5-filters_discarding,FAIL,Low,On p295 step 2 shows a small blue Camera icon (about 40 px) beside 'tap the blue Camera icon'. No image was extracted for it. The step text names the icon. The screen figure on p294 (img_0290) is extracted and upright.,"Probably the small-image floor (BUG-017). Cosmetic loss only. The '>>' and 'i' markers are note markers, so PASS."
SOMATOM_Force_IFU_VB30,sec_0616,295,5.5-filters_passing_noise,PASS,,img_0290 is a real screen figure. No decoration was kept for sec_0616.,
SOMATOM_Force_IFU_VB30,sec_0616,295,5.5-image_section_mapping,PASS,,"img_0290 is the 3D camera screen on p294 with callouts 1 and 2. It is mapped to sec_0616, which is right. No image is on the sampled p295 for this section.",
SOMATOM_Force_IFU_VB30,sec_0624,302,5.4-hierarchy_level,PASS,,On p301 'Automated table zeroing at the RT Laser' is a margin sub-heading in the Radiotherapy functions section. Level 4 under the level-3 parent is right.,
SOMATOM_Force_IFU_VB30,sec_0624,302,5.4-parent_child,PASS,,Parent sec_0622 'Radiotherapy functions' (p299-303) is right. Previous sibling sec_0623 is 'Automated table zeroing at the CT Laser' and next sibling is sec_0625.,
SOMATOM_Force_IFU_VB30,sec_0624,302,5.4-page_start_end,FAIL,Critical,"The section starts too early. On p301 the nodes #/texts/6513-6515 are step 5 'Press and hold the Move key ... saved position at the RT Laser', its result line, and the note about Automatic table zeroing. They are printed above the margin heading 'Automated table zeroing at the RT Laser' and belong to the previous section sec_0623 (CT Laser). They come first in sec_0624. The split heading (#/texts/6511-6512) and steps 1-4 on p302 are correct.",Probably BUG-029 (margin heading merge: the heading is read after the text above it). Content in the wrong section is Critical. The owner sec_0623 is not in this batch. The claims tool shows no boundary signal because the nodes are inside the page range; the finding is visual (p301 render: step 5 is above the margin heading).
SOMATOM_Force_IFU_VB30,sec_0624,302,5.4-hierarchy_path,PASS,,Path /Examination/Positioning the patient/Radiotherapy functions/Automated table zeroing at the RT Laser matches the page nesting.,
SOMATOM_Force_IFU_VB30,sec_0624,302,5.4-gaps_duplicates,FAIL,Critical,"Owner side of the same fault. sec_0623 'Automated table zeroing at the CT Laser' (p299-300) lacks its last step 5, its result line and the note, because #/texts/6513-6515 on p301 are in sec_0624. sec_0623 is not sampled, so the missing-content row is placed here.","BUG-029 probably. Same defect as the page_start_end row, graded Critical on the owner side by the project rule."
SOMATOM_Force_IFU_VB30,sec_0624,302,5.4-flagged_for_review,PASS,,"The section is not flagged and its title is found where the bookmark points (verification_score is high), so the missing flag is not a defect.",
SOMATOM_Force_IFU_VB30,sec_0624,302,5.4-structural_source,PASS,,structural_source is toc and the section title is a bookmark title that is visible in the PDF page layout.,
SOMATOM_Force_IFU_VB30,sec_0624,302,5.6-numbering_scheme,PASS,,"The printed folio on the rendered page is plain arabic (302), and the section has numbering_scheme arabic.",
SOMATOM_Force_IFU_VB30,sec_0624,302,5.6-offset_applied,PASS,,offset_applied is 0 and the printed folio equals the physical page number on the sampled page (p302).,
SOMATOM_Force_IFU_VB30,sec_0624,302,5.5-filters_discarding,FAIL,Low,"Small icons are not extracted. On p301 the Save at RT Laser icon beside step 1 is missing, and on p302 the Move to RT Laser icon beside step 3 is missing. Only the larger pictures were kept (img_0303, img_0304, img_0305). The text names each icon ('Tap the Save at RT Laser icon').",Small icons whose meaning is in the text are Low. Probably the 80 px minimum size filter or the same-image-drawn-twice issue (BUG-033).
SOMATOM_Force_IFU_VB30,sec_0624,302,5.5-filters_passing_noise,PASS,,img_0302-0305 are real keys and screen pictures. They are not decoration. img_0302 and img_0305 are the same Move key image and are graded on the mapping row.,
SOMATOM_Force_IFU_VB30,sec_0624,302,5.5-image_section_mapping,FAIL,Medium,"img_0302 (p301, Move key 177x177) is printed beside step 5 at the top of p301. That step belongs to sec_0623, but img_0302 is mapped to sec_0624. img_0303 (positioning screen), img_0304 (Table In/Out keys) and img_0305 (Move key beside step 4) are correct. img_0306 on p302 is correctly in sec_0625.",Same root cause as the page_start_end row (BUG-029 probably). Image on the wrong sibling is Medium.
SOMATOM_Force_IFU_VB30,sec_0635,309,5.4-hierarchy_level,PASS,,"hierarchy_level is 5 and the parent sec_0634 'Checking the topogram parameters' is level 4. On p308 the three margin headings (Checking..., Topogram scan sequences..., Starting...) look the same, so this level may be one too deep. It follows the TOC.",Possible level issue: the three margin headings look like siblings. Probably the TOC nests it by design. Human check needed.
SOMATOM_Force_IFU_VB30,sec_0635,309,5.4-parent_child,PASS,,"parent_section_id is sec_0634. The page style of the margin heading is the same as its sibling headings, but the TOC puts it under sec_0634. I cannot see the bookmarks, so this is left to the human reviewer.",Same doubt as hierarchy_level.
SOMATOM_Force_IFU_VB30,sec_0635,309,5.4-page_start_end,PASS,,"The section starts at the margin heading #/texts/6679 at the foot of p308 with its intro #/texts/6677. On p309 the 'i' note #/texts/6684 about topogram sequence belongs to it. It ends before the heading 'Starting the topogram scan' (#/texts/6683, sec_0636).",
SOMATOM_Force_IFU_VB30,sec_0635,309,5.4-hierarchy_path,PASS,,hierarchy_path /Examination/Scan/Acquiring a Topogram/Checking the topogram parameters/Topogram scan sequences for Auto reference line usage follows the TOC nesting.,Same doubt as hierarchy_level.
SOMATOM_Force_IFU_VB30,sec_0635,309,5.4-gaps_duplicates,PASS,,"Heading, intro sentence and the sequence note are each present once. No text of the section is in a neighbour and nothing is repeated.",
SOMATOM_Force_IFU_VB30,sec_0635,309,5.4-flagged_for_review,PASS,,"flagged_for_review is false and verification_score is 100.0. The heading is found where the TOC says, so the flag state is right.",
SOMATOM_Force_IFU_VB30,sec_0635,309,5.4-structural_source,PASS,,"structural_source is toc. The section has an embedded bookmark and its heading is visible on the page, so toc provenance is supported.",
SOMATOM_Force_IFU_VB30,sec_0635,309,5.6-numbering_scheme,PASS,,numbering_scheme is arabic. The printed folios 308 and 309 are shown at the page foot and match the physical pages.,
SOMATOM_Force_IFU_VB30,sec_0635,309,5.6-offset_applied,PASS,,"offset_applied is 0. The folio printed on physical page 309 is also 309, so no offset is needed.",
SOMATOM_Force_IFU_VB30,sec_0635,309,5.5-filters_discarding,PASS,,The section area (bottom of p308 and top of p309) has no figure. The 'i' marker has its meaning in the text. The pictures higher on p308 belong to other sections.,"verify_claims flags a small dropped raster on p309 only because the page is shared. It is the radiation icon beside step 3 of sec_0636 (graded Low there), not part of sec_0635."
SOMATOM_Force_IFU_VB30,sec_0635,309,5.5-filters_passing_noise,PASS,,No image is mapped to sec_0635 and none should be. No decorative strip is kept.,
SOMATOM_Force_IFU_VB30,sec_0635,309,5.5-image_section_mapping,PASS,,"img_0312 (Talk to patient key) is mapped to sec_0632 and img_0313 (AbdRoutine Topogram strip) to sec_0634. Both sit above this section on p308, so the mapping is right. No image belongs to sec_0635.",
SOMATOM_Force_IFU_VB30,sec_0643,315,5.4-hierarchy_level,PASS,,hierarchy_level is 4. The margin heading 'Using scan planning for spirals' on p314 is under 6.6.4 'Planning an Examination' (sec_0637).,
SOMATOM_Force_IFU_VB30,sec_0643,315,5.4-parent_child,PASS,,parent_section_id is sec_0637 and child_sections is empty. This is correct for a margin-heading topic.,
SOMATOM_Force_IFU_VB30,sec_0643,315,5.4-page_start_end,PASS,,"The section starts at heading #/texts/6785 on p314. The 'i' note above it ('If you resize the range...') belongs to the previous section sec_0642. It ends on p315 with the two 'i' notes #/texts/6797-6798, just above heading 6.6.5 'Acquiring a Sequence' (sec_0644).",
SOMATOM_Force_IFU_VB30,sec_0643,315,5.4-hierarchy_path,PASS,,hierarchy_path /Examination/Scan/Planning an Examination/Using scan planning for spirals is in the right order.,
SOMATOM_Force_IFU_VB30,sec_0643,315,5.4-gaps_duplicates,PASS,,"Intro, range list, text on scan range, the note on p314 and the two notes on p315 are each present once (#/texts/6786-6798).",
SOMATOM_Force_IFU_VB30,sec_0643,315,5.4-flagged_for_review,PASS,,"flagged_for_review is false and verification_score is 100.0. The heading is found where the TOC says, so the flag state is right.",
SOMATOM_Force_IFU_VB30,sec_0643,315,5.4-structural_source,PASS,,"structural_source is toc. The section has an embedded bookmark and its heading is visible on the page, so toc provenance is supported.",
SOMATOM_Force_IFU_VB30,sec_0643,315,5.6-numbering_scheme,PASS,,numbering_scheme is arabic. The printed folios 314 and 315 are shown at the page foot and match the physical pages.,
SOMATOM_Force_IFU_VB30,sec_0643,315,5.6-offset_applied,PASS,,"offset_applied is 0. The folio printed on physical page 315 is also 315, so no offset is needed.",
SOMATOM_Force_IFU_VB30,sec_0643,315,5.5-filters_discarding,PASS,,The topogram below the heading on p314 is extracted (img_0321). The 'i' markers have their meaning in the text. No figure of this section is lost.,
SOMATOM_Force_IFU_VB30,sec_0643,315,5.5-filters_passing_noise,PASS,,img_0321 is a meaningful topogram. No decorative element is kept as an image in this section.,
SOMATOM_Force_IFU_VB30,sec_0643,315,5.5-image_section_mapping,PASS,,"img_0321 sits under the margin heading on p314 and is mapped to sec_0643. The topogram above the heading (img_0320) is mapped to sec_0642, which is right.",
SOMATOM_Force_IFU_VB30,sec_0655,322,5.4-hierarchy_level,PASS,,hierarchy_level is 4. The margin heading 'Defining different cycle times' on p321 matches sibling sec_0654 under sec_0652.,
SOMATOM_Force_IFU_VB30,sec_0655,322,5.4-parent_child,PASS,,parent_section_id is sec_0652 and child_sections is empty. This is correct.,
SOMATOM_Force_IFU_VB30,sec_0655,322,5.4-page_start_end,PASS,,"The section starts at its margin heading #/texts/6926 on p321 below the 'i' note of sec_0654. It ends with the two 'i' notes #/texts/6946-6947 at the top of p322, just above the heading 'Performing acquisition' (sec_0656).",
SOMATOM_Force_IFU_VB30,sec_0655,322,5.4-hierarchy_path,PASS,,hierarchy_path /Examination/Scan/Acquiring an Adaptive 4D spiral/Defining different cycle times is in the right order.,
SOMATOM_Force_IFU_VB30,sec_0655,322,5.4-gaps_duplicates,PASS,,"Intro, values text, the check list, steps 1 to 5 and the two notes on p322 are present once (#/texts/6932-6947). It does not repeat #/texts/6926-tail of sec_0654.",
SOMATOM_Force_IFU_VB30,sec_0655,322,5.4-flagged_for_review,PASS,,"flagged_for_review is false and verification_score is 100.0. The heading is found where the TOC says, so the flag state is right.",
SOMATOM_Force_IFU_VB30,sec_0655,322,5.4-structural_source,PASS,,"structural_source is toc. The section has an embedded bookmark and its heading is visible on the page, so toc provenance is supported.",
SOMATOM_Force_IFU_VB30,sec_0655,322,5.6-numbering_scheme,PASS,,numbering_scheme is arabic. The printed folios 321 and 322 are shown at the page foot and match the physical pages.,
SOMATOM_Force_IFU_VB30,sec_0655,322,5.6-offset_applied,PASS,,"offset_applied is 0. The folio printed on physical page 322 is also 322, so no offset is needed.",
SOMATOM_Force_IFU_VB30,sec_0655,322,5.5-filters_discarding,PASS,,"The section area (p321 foot and p322 top) has text only, no figure. The 'i' markers have their meaning in the text.","verify_claims flags two small dropped rasters on p322 only because the page is shared. They are the Move key and START icons below heading 'Performing acquisition', which belong to sec_0656, not sec_0655."
SOMATOM_Force_IFU_VB30,sec_0655,322,5.5-filters_passing_noise,PASS,,No image is mapped to sec_0655 and none should be. No decoration is kept.,
SOMATOM_Force_IFU_VB30,sec_0655,322,5.5-image_section_mapping,PASS,,The dialog screenshot img_0326 is above this section on p321 (sec_0654). The pictures on p322 are below heading 'Performing acquisition' (sec_0656). No image belongs to sec_0655.,
SOMATOM_Force_IFU_VB30,sec_0673,329,5.4-hierarchy_level,PASS,,"On p329 'State of Reconstruction' is a margin heading in the same style as 'Starting reconstruction' above it. The tree makes it level 5 under sec_0672, following the bookmark nesting.","Visually the two margin headings look equal. I could only check the bookmark order from the tree, not from the PDF outline. Please confirm the bookmark nesting."
SOMATOM_Force_IFU_VB30,sec_0673,329,5.4-parent_child,PASS,,"Parent sec_0672 'Starting reconstruction' (p329-330) holds this child, as in the bookmarks. The page shows two margin headings in the same style, so the nesting cannot be checked visually.",Low confidence only because the page shows equal margin headings. The tree follows the bookmarks.
SOMATOM_Force_IFU_VB30,sec_0673,329,5.4-page_start_end,PASS,,"The section starts on p329 at the margin heading 'State of Reconstruction' (#/texts/7112) and the intro paragraph (#/texts/7116). It ends on p330 with the last table row, shown as loose paragraphs #/texts/7123-7127. 'Performing retrospective reconstruction' on p330 starts sec_0674 and is not included. The 'Starting reconstruction' steps above are not included.",
SOMATOM_Force_IFU_VB30,sec_0673,329,5.4-hierarchy_path,PASS,,The path ends with Starting reconstruction/State of Reconstruction. This follows the tree nesting; the page shows equal margin headings.,
SOMATOM_Force_IFU_VB30,sec_0673,329,5.4-gaps_duplicates,PASS,,"The intro text, table #/tables/30 and the loose last-row paragraphs #/texts/7123-7127 cover the whole 'State of Reconstruction' block once. The p330 part has the right order.",
SOMATOM_Force_IFU_VB30,sec_0673,329,5.4-flagged_for_review,PASS,,"The section is not flagged and its title is found where the bookmark points (verification_score is high), so the missing flag is not a defect.",
SOMATOM_Force_IFU_VB30,sec_0673,329,5.4-structural_source,PASS,,structural_source is toc and the section title is a bookmark title that is visible in the PDF page layout.,
SOMATOM_Force_IFU_VB30,sec_0673,329,5.6-numbering_scheme,PASS,,"The printed folio on the rendered page is plain arabic (329), and the section has numbering_scheme arabic.",
SOMATOM_Force_IFU_VB30,sec_0673,329,5.6-offset_applied,PASS,,offset_applied is 0 and the printed folio equals the physical page number on the sampled page (p329).,
SOMATOM_Force_IFU_VB30,sec_0673,329,5.6-table_content,FAIL,Low,"On p329 table #/tables/30 has 10 rows. The text column is complete and in page order ('A defined but not yet executed recon job.' ... 'Indicates that the recon job is queued.'). The left icon column has no content because the icons were not extracted. On p330 the last row is outside the table as paragraphs #/texts/7123-7127, in the same order.","BUG-008 (table extraction). Graded Low, not Medium: every text row is kept in the right order, so no value changes meaning. Only the icon column is empty and the last row is split. The claims tool SEVERITY hint to Medium is wrong for this case, because the rows are still in order."
SOMATOM_Force_IFU_VB30,sec_0673,329,5.5-filters_discarding,FAIL,Low,"The ten status icons in the p329 table (small grey, black and white squares, about 21 px) and the thumbnail icon in the p330 last row are not in images.json. Each icon is described by the text beside it, for example 'Indicates that the recon job is queued.'","Small icons whose meaning is in the text are Low. Probably the small-size filter. The same lost icons are the empty icon column on the 5.6-table_content row, so this is one root cause counted on two rows."
SOMATOM_Force_IFU_VB30,sec_0673,329,5.5-filters_passing_noise,PASS,,No image is mapped to sec_0673. The icons in the p329 table are small status icons. None was kept as decoration.,
SOMATOM_Force_IFU_VB30,sec_0673,329,5.5-image_section_mapping,PASS,,"images.json has no image for sec_0673. p329-330 show only table icons, and p330 also has the Reconstruction icon beside step 2 of sec_0674. Nothing is mapped to a wrong section.",
SOMATOM_Force_IFU_VB30,sec_0685,335,5.4-hierarchy_level,PASS,,'Selecting a metal implant' is a margin heading on p335. It is level 4 under 'Performing a reconstruction with reduced metal artifacts (iMAR)' (level 3). This matches the bookmark.,
SOMATOM_Force_IFU_VB30,sec_0685,335,5.4-parent_child,PASS,,Parent sec_0684 is right. The section has no children. 'Series descriptions' on p335 is a text sub-heading inside this section and has no bookmark.,
SOMATOM_Force_IFU_VB30,sec_0685,335,5.4-page_start_end,PASS,,"The section starts at heading #/texts/7240 on p335 and ends with the note #/texts/7262 about the iMAR suffix. The two info notes above the heading are not in this section. The next section starts on p336. page_start and page_end are both 335, which is right.",
SOMATOM_Force_IFU_VB30,sec_0685,335,5.4-hierarchy_path,PASS,,Path /Examination/Reconstruction/Performing a reconstruction with reduced metal artifacts (iMAR)/Selecting a metal implant is correct.,
SOMATOM_Force_IFU_VB30,sec_0685,335,5.4-gaps_duplicates,PASS,,"Steps 1 to 4, the 8 iMAR label lines and the Series descriptions text are all present once in #/texts/7243 to 7262.",
SOMATOM_Force_IFU_VB30,sec_0685,335,5.4-flagged_for_review,PASS,,flagged_for_review is false and verification_score is 100. The heading is on p335.,
SOMATOM_Force_IFU_VB30,sec_0685,335,5.4-structural_source,PASS,,structural_source is toc. The title is visible on p335.,
SOMATOM_Force_IFU_VB30,sec_0685,335,5.6-numbering_scheme,PASS,,Numbering is arabic. Folio 335 is on p335.,
SOMATOM_Force_IFU_VB30,sec_0685,335,5.6-offset_applied,PASS,,offset_applied is 0. Printed folio 335 equals physical page 335.,
SOMATOM_Force_IFU_VB30,sec_0685,335,5.5-filters_discarding,PASS,,The only picture on p335 is the Kernel Br38 selector beside step 1. It is extracted as img_0335. The 'i' note markers are small and their meaning is in the text. Nothing meaningful is lost.,
SOMATOM_Force_IFU_VB30,sec_0685,335,5.5-filters_passing_noise,PASS,,img_0335 (528x58) is a real screen element named in step 1. It is not decoration. It is not rotated.,
SOMATOM_Force_IFU_VB30,sec_0685,335,5.5-image_section_mapping,PASS,,"img_0335 is next to step 1, below the heading 'Selecting a metal implant'. It is mapped to sec_0685, which is right.",
SOMATOM_Force_IFU_VB30,sec_0695,342,5.4-hierarchy_level,PASS,,"'6.7.11 Optimizing the image display' is a numbered heading on p340. It is level 3 under 'Reconstruction' (level 2), like the other 6.7.x sections.",
SOMATOM_Force_IFU_VB30,sec_0695,342,5.4-parent_child,PASS,,Parent sec_0665 'Reconstruction' is right. The section has no children and p340 to p342 show no sub-heading.,
SOMATOM_Force_IFU_VB30,sec_0695,342,5.4-page_start_end,PASS,,"The heading #/texts/7379 is on p340 below the DE Composition notes, which belong to sec_0694. Steps 1 to 11 run to p341. Step 12 (#/texts/7410) is alone at the top of p342, and the rest of p342 is empty. Chapter 7 starts on p343 in sec_0696. The range 340 to 342 is correct.",Page 341 was not rendered in the input. It was checked from node text and image files only.
SOMATOM_Force_IFU_VB30,sec_0695,342,5.4-hierarchy_path,PASS,,Path /Examination/Reconstruction/Optimizing the image display is correct.,
SOMATOM_Force_IFU_VB30,sec_0695,342,5.4-gaps_duplicates,PASS,,"Steps 1 to 12, the matrix list (512, 256, 768, 1024) and the non-square note are present once in #/texts/7380 to 7410. The p342 render shows only step 12, which is in the section.",
SOMATOM_Force_IFU_VB30,sec_0695,342,5.4-flagged_for_review,PASS,,flagged_for_review is false and verification_score is 100. The heading is on p340.,
SOMATOM_Force_IFU_VB30,sec_0695,342,5.4-structural_source,PASS,,structural_source is toc. The title is visible on p340.,
SOMATOM_Force_IFU_VB30,sec_0695,342,5.6-numbering_scheme,PASS,,Numbering is arabic. Folio 340 is on p340 and 342 on p342.,
SOMATOM_Force_IFU_VB30,sec_0695,342,5.6-offset_applied,PASS,,offset_applied is 0. Printed folios 340 and 342 equal the physical pages.,
SOMATOM_Force_IFU_VB30,sec_0695,342,5.5-filters_discarding,PASS,,"The tool-bar icons on p340 (Free Mode, Default Orientation) are extracted as img_0336 and img_0337. Five more icons on p341 are extracted as img_0339 to img_0343. The scale picture above the heading is in img_0338. No visual is lost that I can see.",Page 341 was not rendered; checked by image files and node text.
SOMATOM_Force_IFU_VB30,sec_0695,342,5.5-filters_passing_noise,PASS,,The 58 px icon files are tool-bar icons named in steps 3 to 9. They are real content. None is rotated or upside down.,
SOMATOM_Force_IFU_VB30,sec_0695,342,5.5-image_section_mapping,PASS,,"img_0336 and img_0337 (p340) and img_0339 to img_0343 (p341) are mapped to sec_0695 and sit beside steps 3 to 9. img_0338 (scale 1 to 4, p340) is above the heading and is mapped to sec_0694, which is right.",
SOMATOM_Force_IFU_VB30,sec_0698,343,5.4-hierarchy_level,PASS,,"'7.1.1 Activating Bolus Tracking' is a numbered heading on p343. It is level 3 under 'CARE Bolus CT' (7.1, level 2).",
SOMATOM_Force_IFU_VB30,sec_0698,343,5.4-parent_child,PASS,,"Parent sec_0697 'CARE Bolus CT' is right. The section has no children. 7.1.2 starts on p344 as sec_0699, a sibling.",
SOMATOM_Force_IFU_VB30,sec_0698,343,5.4-page_start_end,PASS,,Heading #/texts/7422 is on p343 below the 7.1 intro and two info notes (sec_0697). The steps end with #/texts/7428. On p344 the four legend lines (#/texts/7434 to 7437) still belong to step 2. Heading 7.1.2 follows on p344 and is in sec_0699. Range 343 to 344 is correct.,
SOMATOM_Force_IFU_VB30,sec_0698,343,5.4-hierarchy_path,PASS,,Path /Enhanced examination/CARE Bolus CT/Activating Bolus Tracking is correct.,
SOMATOM_Force_IFU_VB30,sec_0698,343,5.4-gaps_duplicates,PASS,,"Intro text, steps 1 and 2 and the 4 legend lines are present once. No text is repeated.",
SOMATOM_Force_IFU_VB30,sec_0698,343,5.4-flagged_for_review,PASS,,flagged_for_review is false and verification_score is 100. The heading is on p343.,
SOMATOM_Force_IFU_VB30,sec_0698,343,5.4-structural_source,PASS,,structural_source is toc. The title is visible on p343.,
SOMATOM_Force_IFU_VB30,sec_0698,343,5.6-numbering_scheme,PASS,,Numbering is arabic. Folio 343 is on p343.,
SOMATOM_Force_IFU_VB30,sec_0698,343,5.6-offset_applied,PASS,,offset_applied is 0. Printed folio 343 equals physical page 343.,
SOMATOM_Force_IFU_VB30,sec_0698,343,5.5-filters_discarding,PASS,,The chronicle screenshot with labels (1) to (4) at the top of p344 is extracted as img_0345. The two icons lower on p344 are extracted too (img_0344). The 'i' note markers on p343 are small and explained in text. Nothing meaningful is lost.,
SOMATOM_Force_IFU_VB30,sec_0698,343,5.5-filters_passing_noise,PASS,,img_0345 is a real screenshot that the legend explains. It is not decoration. It is not rotated.,
SOMATOM_Force_IFU_VB30,sec_0698,343,5.5-image_section_mapping,PASS,,"img_0345 is the figure for the four legend lines in sec_0698, and it is mapped there. The two icons img_0344 are under step 2 of 7.1.2 and are mapped to sec_0700, a section of the next topic, which is right.",
SOMATOM_Force_IFU_VB30,sec_0710,350,5.4-hierarchy_level,PASS,,On p350 '7.2.1 Activating the coupled mode' (#/texts/7570) is a numbered sub-heading under CARE Contrast CT (7.2). Level 3 is right.,
SOMATOM_Force_IFU_VB30,sec_0710,350,5.4-parent_child,PASS,,Parent sec_0709 'CARE Contrast CT' is right. Children sec_0711 (p351-352) and sec_0712 'Setting the coupled mode' (p352-353) are subsections of the coupled mode text.,
SOMATOM_Force_IFU_VB30,sec_0710,350,5.4-page_start_end,PASS,,"On p350 the section starts at 7.2.1 (#/texts/7570). The intro and the six note boxes above it belong to the parent and are not in sec_0710. Own nodes end on p351 (#/texts/7579 and the two tables). page_end 353 is the end of child sec_0712 on p353, before 7.2.2. p351 was not given as a render, so the p351 part is checked from the node text.",Confidence is lower because p351 is not in the page renders.
SOMATOM_Force_IFU_VB30,sec_0710,350,5.4-hierarchy_path,PASS,,The path ends with 'Activating the coupled mode' under sec_0709 CARE Contrast CT and matches the visible nesting of the headings on the page.,
SOMATOM_Force_IFU_VB30,sec_0710,350,5.4-gaps_duplicates,PASS,,"The 7.2.1 intro (#/texts/7571-7573), the save-protocol paragraphs (#/texts/7578-7579) and both icon tables are in sec_0710 once. Steps on p352-353 are in children.",
SOMATOM_Force_IFU_VB30,sec_0710,350,5.4-flagged_for_review,PASS,,"The section is not flagged and its title is found where the bookmark points (verification_score is high), so the missing flag is not a defect.",
SOMATOM_Force_IFU_VB30,sec_0710,350,5.4-structural_source,PASS,,structural_source is toc and the section title is a bookmark title that is visible in the PDF page layout.,
SOMATOM_Force_IFU_VB30,sec_0710,350,5.6-numbering_scheme,PASS,,"The printed folio on the rendered page is plain arabic (350), and the section has numbering_scheme arabic.",
SOMATOM_Force_IFU_VB30,sec_0710,350,5.6-offset_applied,PASS,,offset_applied is 0 and the printed folio equals the physical page number on the sampled page (p350).,
SOMATOM_Force_IFU_VB30,sec_0710,350,5.6-table_content,FAIL,Low,"Tables #/tables/32 (status-bar icons, 4 rows) and #/tables/33 (scan-range icons, 5 rows) have 'Icon | Meaning' headers. The Icon column is empty in every row. Every Meaning row is kept in order, e.g. 'Bolus injector coupling rejected' ... 'Coupled scanned scan range with FAST Bolus'. The page p351 render was not given, so the layout is checked from the extracted text and the p350 lead-in line.","BUG-008 (table extraction). Graded Low, not Medium: every Meaning row is kept in order, so no value changes meaning. Only the icon cells are empty. The claims tool SEVERITY hint to Medium is wrong here, because the rows are in order."
SOMATOM_Force_IFU_VB30,sec_0710,350,5.5-filters_discarding,FAIL,Low,"The status-bar icons and the scan-range icons that belong to tables #/tables/32 and #/tables/33 (p351) are not in images.json; the Icon cells are empty. Each meaning is written in the text next to it, for example 'Bolus injector ready'. The p350 render has only 'i' note icons, whose notes are kept.","Small icons whose meaning is in the text are Low. Same root cause as 5.6-table_content (probably the small-size filter). p351 render was not in the batch, so confidence is lower."
SOMATOM_Force_IFU_VB30,sec_0710,350,5.5-filters_passing_noise,PASS,,"No image is mapped to sec_0710, so no decorative picture is kept.",
SOMATOM_Force_IFU_VB30,sec_0710,350,5.5-image_section_mapping,PASS,,"images.json has no image for sec_0710. The pages in the batch show only 'i' icons and table icons, so no image can be mapped to a wrong section.",
SOMATOM_Force_IFU_VB30,sec_0715,356,5.4-hierarchy_level,PASS,,"'Defining the start delay' is a margin heading on p355. It is level 4 under 'Checking the parameter settings' (7.2.2, level 3). This matches the bookmark.",
SOMATOM_Force_IFU_VB30,sec_0715,356,5.4-parent_child,PASS,,Parent sec_0714 is right. The section has no children.,
SOMATOM_Force_IFU_VB30,sec_0715,356,5.4-page_start_end,PASS,,The margin heading (#/texts/7641) and the TestBolus paragraph (#/texts/7656) are at the bottom of p355. The CAUTION box and the 'Enter the required scan delay time' step follow at the top of p356 (#/texts/7661 to 7666). Heading 7.2.3 starts below on p356 in sec_0716. Steps 1 to 7 above the heading on p355 are in sec_0714. Range 355 to 356 is correct.,
SOMATOM_Force_IFU_VB30,sec_0715,356,5.4-hierarchy_path,PASS,,Path /Enhanced examination/CARE Contrast CT/Checking the parameter settings/Defining the start delay is correct.,
SOMATOM_Force_IFU_VB30,sec_0715,356,5.4-gaps_duplicates,PASS,,"The TestBolus paragraph, the CAUTION box text, the Delay step and the read-only line are all present once. No text is repeated.",
SOMATOM_Force_IFU_VB30,sec_0715,356,5.4-flagged_for_review,PASS,,flagged_for_review is false and verification_score is 100. The title is visible on p355.,
SOMATOM_Force_IFU_VB30,sec_0715,356,5.4-structural_source,PASS,,structural_source is toc. The title is visible on p355.,
SOMATOM_Force_IFU_VB30,sec_0715,356,5.6-numbering_scheme,PASS,,Numbering is arabic. Folios 355 and 356 follow the physical pages.,
SOMATOM_Force_IFU_VB30,sec_0715,356,5.6-offset_applied,PASS,,offset_applied is 0. Printed folio 355 equals physical page 355.,
SOMATOM_Force_IFU_VB30,sec_0715,356,5.5-filters_discarding,PASS,,No picture belongs to this section. The CAUTION triangle on p356 is a note marker and its meaning is in the heading text. Nothing is lost.,
SOMATOM_Force_IFU_VB30,sec_0715,356,5.5-filters_passing_noise,PASS,,No image is mapped to this section. No decoration was kept.,
SOMATOM_Force_IFU_VB30,sec_0715,356,5.5-image_section_mapping,PASS,,"No image is mapped to sec_0715, and none is visible in its area on p355 and p356. The 'Press START' picture on p356 is below heading 7.2.3 and is mapped to sec_0716.",
SOMATOM_Force_IFU_VB30,sec_0723,362,5.4-hierarchy_level,PASS,,"On p362 'Setting scan parameters' is a small margin heading. It is level 4, the same as the next margin headings 'Setting gating parameters' and 'Adapting the pitch'. This fits the bookmark nesting under sec_0722.",
SOMATOM_Force_IFU_VB30,sec_0723,362,5.4-parent_child,PASS,,"sec_0723 has parent sec_0722 'Acquiring an ECG-Gated Spiral' (level 3, p361-365). sec_0722 lists sec_0723 as a child. It has no children, which is right for a one-paragraph topic.",
SOMATOM_Force_IFU_VB30,sec_0723,362,5.4-page_start_end,PASS,,"On p362 the section is the first margin block: the text 'You cannot modify the Scan time and the Pitch' and the diamond step. It stops before 'Setting gating parameters' (sec_0724). Nodes #/texts/7801 to 7804 are on p362. #/texts/7803-tail is the second half of a split node and holds the body sentence, so it is in the right section. page_start and page_end are both 362.",#/texts/7803-tail is the second part of a split node. I judged it like any node.
SOMATOM_Force_IFU_VB30,sec_0723,362,5.4-hierarchy_path,PASS,,"hierarchy_path is '/Enhanced examination/Cardiac CT/Acquiring an ECG-Gated Spiral/Setting scan parameters'. The same chain of parents is shown by the headings and the parent link, in the right order.",
SOMATOM_Force_IFU_VB30,sec_0723,362,5.4-gaps_duplicates,PASS,,"Both visible paragraphs of the block are in the node list: the 'cannot modify' sentence (#/texts/7803-tail) and the diamond step (#/texts/7804). #/texts/7801 is the running header '7 Enhanced examination'. No node of sec_0724 or sec_0725 is here, and no text is in two sections.",
SOMATOM_Force_IFU_VB30,sec_0723,362,5.4-flagged_for_review,PASS,,"flagged_for_review is false and verification_score is 100. The title 'Setting scan parameters' is printed on p362 in the margin, so no flag is needed.",
SOMATOM_Force_IFU_VB30,sec_0723,362,5.4-structural_source,PASS,,structural_source is toc. The bookmark title matches the margin heading printed on p362.,
SOMATOM_Force_IFU_VB30,sec_0723,362,5.6-numbering_scheme,PASS,,The printed page number 362 in the footer is the same as the physical page. The scheme is arabic.,
SOMATOM_Force_IFU_VB30,sec_0723,362,5.6-offset_applied,PASS,,"offset_applied is 0. Printed page 362 is physical page 362, and the heading is on that page.",
SOMATOM_Force_IFU_VB30,sec_0723,362,5.5-filters_discarding,PASS,,p362 has no embedded picture that belongs to this section. The two 'i' note icons are small markers and their text is kept in the tree. No meaningful figure of sec_0723 is missing.,
SOMATOM_Force_IFU_VB30,sec_0723,362,5.5-filters_passing_noise,PASS,,"No image is mapped to sec_0723. The only extracted image on p362 is img_0354, which is the heart-rate screenshot and is meaningful, not noise.",
SOMATOM_Force_IFU_VB30,sec_0723,362,5.5-image_section_mapping,PASS,,"The large Trigger screenshot (img_0354, 802x409, upright) is under the 'Setting gating parameters' heading and is mapped to sec_0724. That is correct. sec_0723 has no image of its own, and this is right.",
SOMATOM_Force_IFU_VB30,sec_0742,369,5.4-hierarchy_level,PASS,,On p368 the margin heading 'Setting scan parameters' is level 4. It sits under the numbered heading '7.3.4 Turbo Flash Spiral Cardiac/Chest Pain' (sec_0741). This is correct.,
SOMATOM_Force_IFU_VB30,sec_0742,369,5.4-parent_child,PASS,,"Parent is sec_0741 (level 3, p368-373). sec_0741 lists sec_0742 first among its children. sec_0742 has no children.",
SOMATOM_Force_IFU_VB30,sec_0742,369,5.4-page_start_end,PASS,,"The section starts on p368 at the margin label 'Setting scan parameters' (#/texts/7948). It ends on p369 with the note 'You cannot modify the Scan time, Rotation time and the Pitch' (#/texts/7972). That note is the end of this topic, because the next margin heading 'FlashCheck' follows it. Nodes on p368 and p369 are the right ones. page_start 368 and page_end 369 are right.",
SOMATOM_Force_IFU_VB30,sec_0742,369,5.4-hierarchy_path,PASS,,"hierarchy_path is '/Enhanced examination/Cardiac CT/Turbo Flash Spiral Cardiac/Chest Pain/Setting scan parameters'. The same chain of parents is shown by the headings and the parent link, in the right order.",
SOMATOM_Force_IFU_VB30,sec_0742,369,5.4-gaps_duplicates,PASS,,"The intro sentence, the 27 mm note box (#/texts/7963 to 7965), the diamond step and the p369 note are all here. FlashCheck text is not here; it is in sec_0743. The p368 footer and p369 header nodes (#/texts/7967 to 7969) are only page lines.",
SOMATOM_Force_IFU_VB30,sec_0742,369,5.4-flagged_for_review,PASS,,flagged_for_review is false and verification_score is 100. The title is printed on p368.,
SOMATOM_Force_IFU_VB30,sec_0742,369,5.4-structural_source,PASS,,structural_source is toc. The bookmark title matches the margin heading on p368.,
SOMATOM_Force_IFU_VB30,sec_0742,369,5.6-numbering_scheme,PASS,,"The footer shows 368 and 369, the same as the physical pages. The scheme is arabic.",
SOMATOM_Force_IFU_VB30,sec_0742,369,5.6-offset_applied,PASS,,offset_applied is 0. The heading is on physical p368 as the bookmark says.,
SOMATOM_Force_IFU_VB30,sec_0742,369,5.5-filters_discarding,PASS,,The 'i' note icons on p368 and p369 are small markers with their text kept in the tree. They were graded PASS in v1.9. The FlashCheck button icon on p369 belongs to sec_0743. Nothing meaningful is lost.,
SOMATOM_Force_IFU_VB30,sec_0742,369,5.5-filters_passing_noise,PASS,,No image is mapped to sec_0742. No noise is kept for this section.,
SOMATOM_Force_IFU_VB30,sec_0742,369,5.5-image_section_mapping,PASS,,"No figure sits in sec_0742. The FlashCheck button icon (img_0356, 70x70, upright) on p369 is mapped to sec_0743 'FlashCheck', which is right.",
SOMATOM_Force_IFU_VB30,sec_0754,376,5.4-hierarchy_level,PASS,,"On p375 'Reconstructing with Cardio BestPhase' is a margin heading at level 4, like its siblings under sec_0752. This is correct.",
SOMATOM_Force_IFU_VB30,sec_0754,376,5.4-parent_child,PASS,,Parent is sec_0752 'Reconstructing'. sec_0752 lists sec_0754 after sec_0753 and before sec_0755. sec_0754 has no children.,
SOMATOM_Force_IFU_VB30,sec_0754,376,5.4-page_start_end,PASS,,"The section starts on p375 at the margin label (#/texts/8107) and the Cardio BestPhase paragraphs. It continues on p376 with the diamond step, the four options (auto, BestSyst, BestDiast, manual) and the last two sentences (#/texts/8142). The next margin heading 'Reducing the image resolution' on p376 is not included; it is in sec_0755. page_start 375 and page_end 376 are right.",
SOMATOM_Force_IFU_VB30,sec_0754,376,5.4-hierarchy_path,PASS,,"hierarchy_path is '/Enhanced examination/Cardiac CT/Reconstructing/Reconstructing with Cardio BestPhase'. The same chain of parents is shown by the headings and the parent link, in the right order.",
SOMATOM_Force_IFU_VB30,sec_0754,376,5.4-gaps_duplicates,PASS,,"All four paragraphs on p375 and all the option headings and texts on p376 are present (#/texts/8122 to 8125 and 8132 to 8142). Nothing from sec_0753 or sec_0755 is inside, and no text is in two sections.",
SOMATOM_Force_IFU_VB30,sec_0754,376,5.4-flagged_for_review,PASS,,flagged_for_review is false and verification_score is 100. The title is printed on p375.,
SOMATOM_Force_IFU_VB30,sec_0754,376,5.4-structural_source,PASS,,structural_source is toc. The bookmark title matches the margin heading on p375.,
SOMATOM_Force_IFU_VB30,sec_0754,376,5.6-numbering_scheme,PASS,,"The footers show 375 and 376, the same as the physical pages. The scheme is arabic.",
SOMATOM_Force_IFU_VB30,sec_0754,376,5.6-offset_applied,PASS,,offset_applied is 0. The heading is on physical p375 as expected.,
SOMATOM_Force_IFU_VB30,sec_0754,376,5.5-filters_discarding,FAIL,Low,"On p376 the small checkerboard 'Reduced Matrix' icon (about 41x42 px) next to 'Reducing the image resolution' is not extracted. sec_0754 has no figure of its own on this page, but the icon is on the sampled page.","The icon probably belongs to sec_0755, which is not in this batch. Its name 'Reduced Matrix icon' is in the text, so Low (small icon, meaning in text). This is a dropped-icon case, probably the 80 px filter."
SOMATOM_Force_IFU_VB30,sec_0754,376,5.5-filters_passing_noise,PASS,,No image is mapped to sec_0754. No noise is kept.,
SOMATOM_Force_IFU_VB30,sec_0754,376,5.5-image_section_mapping,PASS,,"No figure sits in sec_0754. The only image on p375 is img_0361, which is mapped to sec_0752. This is right, because it is above the sec_0753 heading.",
SOMATOM_Force_IFU_VB30,sec_0764,382,5.4-hierarchy_level,PASS,,"On p381 '7.4 Adaptive 3D Intervention' is a numbered heading, larger than the margin headings. It is level 2, like 7.3 Cardiac CT (sec_0720). This is correct.",
SOMATOM_Force_IFU_VB30,sec_0764,382,5.4-parent_child,PASS,,"Parent is sec_0696 'Enhanced examination'. It lists sec_0764 as a child after sec_0720. sec_0764 lists 27 children (sec_0765 to sec_0893), which matches the numbered topics 7.4.1 to 7.4.27, and the last one is 'Ending Intervention' (7.4.27) on p421.",
SOMATOM_Force_IFU_VB30,sec_0764,382,5.4-page_start_end,PASS,,"The section starts on p381 at the heading '7.4 Adaptive 3D Intervention' and its first paragraph. Its own text continues on p382 and ends with the note 'If you are not familiar with the basic functionalities of the syngo software...' (#/texts/8264). The numeric page_end 421 comes from the last child, 'Ending Intervention' on p421, so it covers the children. Own nodes are only on p381 and p382. The p381 text above the heading belongs to sec_0763.",
SOMATOM_Force_IFU_VB30,sec_0764,382,5.4-hierarchy_path,PASS,,"hierarchy_path is '/Enhanced examination/Adaptive 3D Intervention'. The same chain of parents is shown by the headings and the parent link, in the right order.",
SOMATOM_Force_IFU_VB30,sec_0764,382,5.4-gaps_duplicates,PASS,,"The intro paragraph, the 'Examination task card' paragraph, the three scan modes with their text, and the four notes are present (#/texts/8246 to 8264). The text above the heading on p381 is in sec_0763, not here. No node is in two sections.",
SOMATOM_Force_IFU_VB30,sec_0764,382,5.4-flagged_for_review,PASS,,flagged_for_review is false and verification_score is 100. The title is printed on p381.,
SOMATOM_Force_IFU_VB30,sec_0764,382,5.4-structural_source,PASS,,structural_source is toc. The bookmark title matches the numbered heading on p381.,
SOMATOM_Force_IFU_VB30,sec_0764,382,5.6-numbering_scheme,PASS,,"The footers show 381 and 382, the same as the physical pages. The scheme is arabic.",
SOMATOM_Force_IFU_VB30,sec_0764,382,5.6-offset_applied,PASS,,"offset_applied is 0. The heading is on physical p381 as expected, and 'Ending Intervention' is on p421.",
SOMATOM_Force_IFU_VB30,sec_0764,382,5.5-filters_discarding,PASS,,p381 and p382 have no figure of this section. The four 'i' note icons are small markers with their text kept. Nothing meaningful is missing.,
SOMATOM_Force_IFU_VB30,sec_0764,382,5.5-filters_passing_noise,PASS,,No image is mapped directly to sec_0764. No noise is kept for this section.,
SOMATOM_Force_IFU_VB30,sec_0764,382,5.5-image_section_mapping,PASS,,"p381 and p382 have no figure of this section. The three p421 icons (img_0432, 0433, 0434; 58x58, upright) are mapped to the child sections sec_0893, sec_0891 and sec_0892, and each matches its margin heading. This is right.",
SOMATOM_Force_IFU_VB30,sec_0786,388,5.4-hierarchy_level,PASS,,"On p388 ""Attaching i-Control to the guiding rod"" is a margin heading, like ""Shifting the mounting fixtures"" below it. Level 5 under the level 4 section ""Mounting i-Control to the coded surgical rail"" is right.",
SOMATOM_Force_IFU_VB30,sec_0786,388,5.4-parent_child,PASS,,"Parent is sec_0785, and sec_0785 lists sec_0786 as a child. sec_0786 has no children. The sibling is sec_0787.",
SOMATOM_Force_IFU_VB30,sec_0786,388,5.4-page_start_end,PASS,,"The section starts at the heading #/texts/8374 on p388. It has the two steps #/texts/8379 and #/texts/8380 (push two keys, attach until it locks). It ends before the heading ""Shifting the mounting fixtures"" of sec_0787. Step 2 of the previous topic (""Move the lever..."") stays in sec_0785.",
SOMATOM_Force_IFU_VB30,sec_0786,388,5.4-hierarchy_path,PASS,,Path is /Enhanced examination/Adaptive 3D Intervention/Using i-Control/Mounting i-Control to the coded surgical rail/Attaching i-Control to the guiding rod. It matches the real nesting.,
SOMATOM_Force_IFU_VB30,sec_0786,388,5.4-gaps_duplicates,PASS,,Heading and both steps are in sec_0786 once. Nothing from sec_0787 or from the step list of sec_0785 is inside it. Nothing of its own is missing on p388.,
SOMATOM_Force_IFU_VB30,sec_0786,388,5.4-flagged_for_review,PASS,,flagged_for_review is false and verification_score is 100. The heading is on p388 as expected.,
SOMATOM_Force_IFU_VB30,sec_0786,388,5.4-structural_source,PASS,,"structural_source is ""toc"". The bookmark title equals the margin heading on p388.",
SOMATOM_Force_IFU_VB30,sec_0786,388,5.6-numbering_scheme,PASS,,numbering_scheme is arabic. The printed folio on p388 is 388.,
SOMATOM_Force_IFU_VB30,sec_0786,388,5.6-offset_applied,PASS,,offset_applied is 0. Printed folio 388 equals the physical page 388.,
SOMATOM_Force_IFU_VB30,sec_0786,388,5.5-filters_discarding,PASS,,"The photo beside the heading on p388 was kept as img_0384 (528x425 px). The ""i"" note markers lower on the page are small and their text is kept. No figure is lost.",
SOMATOM_Force_IFU_VB30,sec_0786,388,5.5-filters_passing_noise,PASS,,Only the real photo img_0384 was kept for this section. I opened it and it is upright and shows the i-Control unit. No decoration was kept.,
SOMATOM_Force_IFU_VB30,sec_0786,388,5.5-image_section_mapping,PASS,,"img_0384 is the photo beside ""Attaching i-Control to the guiding rod"" and is mapped to sec_0786. The photos for ""Shifting"" (img_0385) and ""Mounting to the trolley"" (img_0386) go to sec_0787 and sec_0788. This is right.","verify_claims says img_0384 sits under sec_0787. I checked the files: img_0384 is the unit seen from the back with arrows, the same picture as img_0392 under Attaching on p395. img_0385 is the unit on the rail with marks 1 and 2, which is the Shifting photo. So I keep PASS."
SOMATOM_Force_IFU_VB30,sec_0815,395,5.4-hierarchy_level,PASS,,"On p395 ""Attaching i-Control to the guiding rod"" is a margin heading, as on p388. Level 5 under ""Mounting i-Control to the coded surgical rail"" (level 4) is right.",
SOMATOM_Force_IFU_VB30,sec_0815,395,5.4-parent_child,PASS,,"Parent is sec_0814, and sec_0814 lists sec_0815. The sibling sec_0816 ""Shifting the mounting fixtures"" follows on p396. sec_0815 has no children.",
SOMATOM_Force_IFU_VB30,sec_0815,395,5.4-page_start_end,PASS,,"Section starts at the heading #/texts/8543 on p395 and has steps 1 and 2 (#/texts/8552, #/texts/8553). The last two nodes #/texts/8554 and #/texts/8555 are the page footer of p395. The next heading starts on p396. The sec_0815 own text is complete and nothing foreign is inside.",
SOMATOM_Force_IFU_VB30,sec_0815,395,5.4-hierarchy_path,PASS,,Path is /Enhanced examination/Adaptive 3D Intervention/Using i-Control/Mounting i-Control to the coded surgical rail/Attaching i-Control to the guiding rod. It matches the nesting.,
SOMATOM_Force_IFU_VB30,sec_0815,395,5.4-gaps_duplicates,PASS,,"The heading and both steps are in sec_0815 once. The title also exists in sec_0786, but that is another chapter of the manual, not a duplicate. I could not check the parent sec_0814: it has only 5 nodes, while p395 shows a WARNING box, an intro text, an ""i"" note and two steps above this heading.","Uncertain: the intro text, note and steps 1-2 of ""Mounting"" on p395 are not in sec_0815. They may be missing from sec_0814 (owner not in this batch). The lead should check sec_0814."
SOMATOM_Force_IFU_VB30,sec_0815,395,5.4-flagged_for_review,PASS,,flagged_for_review is false and verification_score is 100. The heading is on p395 where the section starts.,
SOMATOM_Force_IFU_VB30,sec_0815,395,5.4-structural_source,PASS,,"structural_source is ""toc"". The bookmark title equals the margin heading on p395.",
SOMATOM_Force_IFU_VB30,sec_0815,395,5.6-numbering_scheme,PASS,,numbering_scheme is arabic. The printed folio on p395 is 395.,
SOMATOM_Force_IFU_VB30,sec_0815,395,5.6-offset_applied,PASS,,offset_applied is 0. Printed folio 395 equals the physical page 395.,
SOMATOM_Force_IFU_VB30,sec_0815,395,5.5-filters_discarding,PASS,,"The photo beside the heading on p395 was kept as img_0392 (528x425 px). The WARNING triangle and the ""i"" marker are small and their text is kept. No figure is lost.",
SOMATOM_Force_IFU_VB30,sec_0815,395,5.5-filters_passing_noise,PASS,,Only the real photos img_0391 and img_0392 were kept on p395. I opened both and they are upright. No decoration was kept.,
SOMATOM_Force_IFU_VB30,sec_0815,395,5.5-image_section_mapping,PASS,,"img_0392 is beside ""Attaching i-Control to the guiding rod"" and is mapped to sec_0815. The two-photo figure img_0391 is above step 1 of the parent and is mapped to sec_0814. This is right.",
SOMATOM_Force_IFU_VB30,sec_0844,402,5.4-hierarchy_level,PASS,,"On p402 ""Adjusting the horizontal position"" is a margin heading, like ""Adjusting the vertical position"" below it. Level 5 under ""Using the monitor ceiling system"" (level 4) is right.",
SOMATOM_Force_IFU_VB30,sec_0844,402,5.4-parent_child,PASS,,"Parent is sec_0843, and sec_0843 lists sec_0844 first, then sec_0845 and sec_0846. sec_0844 has no children.",
SOMATOM_Force_IFU_VB30,sec_0844,402,5.4-page_start_end,PASS,,"Section starts at #/texts/8712 ""Adjusting the horizontal position"" on p402 and has one step #/texts/8730 ""Pull or push the monitor frame gently..."". The CAUTION, WARNING and CAUTION boxes above the heading are in the parent sec_0843 (21 nodes), which is the right owner. The section ends before ""Adjusting the vertical position"".",
SOMATOM_Force_IFU_VB30,sec_0844,402,5.4-hierarchy_path,PASS,,Path is /Enhanced examination/Adaptive 3D Intervention/Using the monitor cart and monitor ceiling system/Using the monitor ceiling system/Adjusting the horizontal position. It matches the nesting.,
SOMATOM_Force_IFU_VB30,sec_0844,402,5.4-gaps_duplicates,PASS,,"The heading and its one step are in sec_0844 once. The three boxes above the heading are not in this section, and that is correct. Nothing is missing or duplicated.",
SOMATOM_Force_IFU_VB30,sec_0844,402,5.4-flagged_for_review,PASS,,flagged_for_review is false and verification_score is 100. The heading is on p402 where the section starts.,
SOMATOM_Force_IFU_VB30,sec_0844,402,5.4-structural_source,PASS,,"structural_source is ""toc"". The bookmark title equals the margin heading on p402.",
SOMATOM_Force_IFU_VB30,sec_0844,402,5.6-numbering_scheme,PASS,,numbering_scheme is arabic. The printed folio on p402 is 402.,
SOMATOM_Force_IFU_VB30,sec_0844,402,5.6-offset_applied,PASS,,offset_applied is 0. Printed folio 402 equals the physical page 402.,
SOMATOM_Force_IFU_VB30,sec_0844,402,5.5-filters_discarding,PASS,,p402 shows no photo or diagram. It has only the CAUTION and WARNING triangles inside the boxes. They are small note markers and their meaning is in the text. No figure is lost.,
SOMATOM_Force_IFU_VB30,sec_0844,402,5.5-filters_passing_noise,PASS,,"No image was extracted on p402, so no logo, rule or decoration was kept.",
SOMATOM_Force_IFU_VB30,sec_0844,402,5.5-image_section_mapping,PASS,,No image is extracted on p402 and the page has no figure to extract. Nothing is mapped to a wrong section.,
SOMATOM_Force_IFU_VB30,sec_0857,408,5.4-hierarchy_level,PASS,,sec_0857 'Starting the acquisition' is level 3. The render of p408 shows it at the matching depth under sec_0764 (Adaptive 3D Intervention).,
SOMATOM_Force_IFU_VB30,sec_0857,408,5.4-parent_child,PASS,,"parent_section_id is sec_0764 (Adaptive 3D Intervention). The section is listed in the parent's child_sections or is a leaf, and this fits the printed structure on p408.",
SOMATOM_Force_IFU_VB30,sec_0857,408,5.4-page_start_end,PASS,,"The heading #/texts/8833 (7.4.16) is on p408 and the last node #/texts/8846 is the final bullet of the note box. The next heading 7.4.17 'Acquiring images in i-PrecisionView mode' is in sec_0858, not here. No foreign text is absorbed and nothing is missing.",
SOMATOM_Force_IFU_VB30,sec_0857,408,5.4-hierarchy_path,PASS,,Path is Enhanced examination / Adaptive 3D Intervention / Starting the acquisition. The p408 heading reads 7.4.16 under chapter 7 header 'Enhanced examination'.,
SOMATOM_Force_IFU_VB30,sec_0857,408,5.4-gaps_duplicates,PASS,,"All 15 nodes (#/texts/8832 to 8846) match the text visible above the 7.4.17 heading on p408: intro, note, steps 1-4 and the five page-reference bullets. No node is duplicated or missing.",
SOMATOM_Force_IFU_VB30,sec_0857,408,5.4-flagged_for_review,PASS,,"flagged_for_review is false. Score is 100 and the p408 content agrees, so no flag is needed.",
SOMATOM_Force_IFU_VB30,sec_0857,408,5.4-structural_source,PASS,,structural_source is toc. The bookmark title matches the heading seen on p408.,
SOMATOM_Force_IFU_VB30,sec_0857,408,5.6-numbering_scheme,PASS,,"numbering_scheme is arabic. The printed folio on p408 is 408, in arabic digits.",
SOMATOM_Force_IFU_VB30,sec_0857,408,5.6-offset_applied,PASS,,offset_applied is 0. The printed folio 408 equals the physical page 408.,
SOMATOM_Force_IFU_VB30,sec_0857,408,5.5-filters_discarding,FAIL,Low,"On p408 two black 'i' note icons (30x30 pt, beside the 'scan start type' note and beside the 'following settings' note) are in the render but not in images.json. No other figure is lost. The i-PrecisionView icon on p408 belongs to sec_0858.",Small icons dropped. The note text carries the meaning. Same pattern as the other 'i' icons in this batch. Probably a size filter.
SOMATOM_Force_IFU_VB30,sec_0857,408,5.5-filters_passing_noise,PASS,,No image is kept for sec_0857. No decorative image was kept as content.,
SOMATOM_Force_IFU_VB30,sec_0857,408,5.5-image_section_mapping,PASS,,"No extracted image is mapped to sec_0857. The render shows no figure under 7.4.16, so none is missing. The only picture on p408 is the i-PrecisionView icon, which belongs under 7.4.17.",
SOMATOM_Force_IFU_VB30,sec_0874,414,5.4-hierarchy_level,PASS,,sec_0874 'Activating free mode for MPR projections' is level 5. The render of p414 shows it at the matching depth under sec_0873 (Using 3D tools).,
SOMATOM_Force_IFU_VB30,sec_0874,414,5.4-parent_child,PASS,,"parent_section_id is sec_0873 (Using 3D tools). The section is listed in the parent's child_sections or is a leaf, and this fits the printed structure on p414.",
SOMATOM_Force_IFU_VB30,sec_0874,414,5.4-page_start_end,PASS,,The heading #/texts/8976 and the bullet #/texts/8982 ('Click the Free Mode icon ...') are on p414 at the top of the page. The next margin heading 'Unlocking the reference lines' belongs to sec_0875. Boundaries are right.,
SOMATOM_Force_IFU_VB30,sec_0874,414,5.4-hierarchy_path,PASS,,"Path ends Using 3D Intervention / Using 3D tools / Activating free mode for MPR projections. The p414 margin heading sits among six sibling margin headings, which fits a level 5 leaf.",
SOMATOM_Force_IFU_VB30,sec_0874,414,5.4-gaps_duplicates,PASS,,"The section has 3 nodes: header #/texts/8975, heading #/texts/8976 and the Free Mode bullet #/texts/8982. The bullet text is on the render next to the heading. Nothing is missing or duplicated.",
SOMATOM_Force_IFU_VB30,sec_0874,414,5.4-flagged_for_review,PASS,,"flagged_for_review is false. The p414 content matches the title, so no flag is needed.",
SOMATOM_Force_IFU_VB30,sec_0874,414,5.4-structural_source,PASS,,structural_source is toc. The bookmark title matches the heading seen on p414.,
SOMATOM_Force_IFU_VB30,sec_0874,414,5.6-numbering_scheme,PASS,,"numbering_scheme is arabic. The printed folio on p414 is 414, in arabic digits.",
SOMATOM_Force_IFU_VB30,sec_0874,414,5.6-offset_applied,PASS,,offset_applied is 0. The printed folio 414 equals the physical page 414.,
SOMATOM_Force_IFU_VB30,sec_0874,414,5.5-filters_discarding,PASS,,"The Free Mode icon (img_0413, 58x58) is kept. The five other icons on p414 are also kept under their sibling sections. No icon is lost.",
SOMATOM_Force_IFU_VB30,sec_0874,414,5.5-filters_passing_noise,PASS,,img_0413 is the real Free Mode button shown in the render. It is not decorative.,
SOMATOM_Force_IFU_VB30,sec_0874,414,5.5-image_section_mapping,PASS,,"img_0413 (curved arrows icon) is mapped to sec_0874 and matches the first icon beside the heading. I also checked img_0414 to img_0418: each sits with its own sibling heading (0876 reset, 0877 hide, 0879 gallery, 0875 unlock, 0878 VRT rotation).","verify_claims reports a mismatch for 58x58 icons. I judge it a false positive: the tool matches kept images by pixel size only, and these icons all have the same size. I checked each icon image by eye."
SOMATOM_Force_IFU_VB30,sec_0890,421,5.4-hierarchy_level,PASS,,sec_0890 'Defining a transfer destination' is level 4. The render of p421 shows it at the matching depth under sec_0889 (Saving Key Images).,
SOMATOM_Force_IFU_VB30,sec_0890,421,5.4-parent_child,PASS,,"parent_section_id is sec_0889 (Saving Key Images). The section is listed in the parent's child_sections or is a leaf, and this fits the printed structure on p421.",
SOMATOM_Force_IFU_VB30,sec_0890,421,5.4-page_start_end,PASS,,"The margin heading #/texts/9106 and its text #/texts/9110 and 9111 are on p421. The note box above it (Storage tab card) is the end of the previous section, and 'Saving all displayed images' is sec_0891. Boundaries are right.",
SOMATOM_Force_IFU_VB30,sec_0890,421,5.4-hierarchy_path,PASS,,Path ends Adaptive 3D Intervention / Saving Key Images / Defining a transfer destination. The margin heading on p421 is a sub item of Saving Key Images.,
SOMATOM_Force_IFU_VB30,sec_0890,421,5.4-gaps_duplicates,PASS,,"Three nodes cover the heading, the intro sentence and the one bullet visible on p421. Nothing is missing. The heading node has node_type paragraph instead of heading, but it sits in its own section.",Margin heading typed as paragraph. Cosmetic.
SOMATOM_Force_IFU_VB30,sec_0890,421,5.4-flagged_for_review,PASS,,flagged_for_review is false. The p421 content matches the title.,
SOMATOM_Force_IFU_VB30,sec_0890,421,5.4-structural_source,PASS,,structural_source is toc. The bookmark title matches the heading seen on p421.,
SOMATOM_Force_IFU_VB30,sec_0890,421,5.6-numbering_scheme,PASS,,"numbering_scheme is arabic. The printed folio on p421 is 421, in arabic digits.",
SOMATOM_Force_IFU_VB30,sec_0890,421,5.6-offset_applied,PASS,,offset_applied is 0. The printed folio 421 equals the physical page 421.,
SOMATOM_Force_IFU_VB30,sec_0890,421,5.5-filters_discarding,PASS,,No figure belongs to this section on p421. The black 'i' icon at the top is part of the note that ends the previous section.,
SOMATOM_Force_IFU_VB30,sec_0890,421,5.5-filters_passing_noise,PASS,,"No image is kept for sec_0890, so no noise is kept.",
SOMATOM_Force_IFU_VB30,sec_0890,421,5.5-image_section_mapping,PASS,,"No image is mapped to sec_0890. The render shows no picture beside its heading. The three icons on p421 are mapped to the right siblings: img_0433 to sec_0891 (save all), img_0434 to sec_0892 (save single), img_0432 to sec_0893 (close patient).","verify_claims reports a mismatch for 58x58 icons. I judge it a false positive: the tool matches kept images by pixel size only, and these icons all have the same size. I checked each icon image by eye."
SOMATOM_Force_IFU_VB30,sec_0899,424,5.4-hierarchy_level,PASS,,sec_0899 'Accessories for quality measurement' is level 2. The render of p424 shows it at the matching depth under sec_0898 (Quality assurance).,
SOMATOM_Force_IFU_VB30,sec_0899,424,5.4-parent_child,PASS,,"parent_section_id is sec_0898 (Quality assurance). The section is listed in the parent's child_sections or is a leaf, and this fits the printed structure on p424.",
SOMATOM_Force_IFU_VB30,sec_0899,424,5.4-page_start_end,PASS,,"The heading #/texts/9179 (9.1) starts the section on p424. The chapter 9 title, intro, 'After switch on', 'Regular checks' and the note box above it are in the parent sec_0898 (nodes 9237 to 9248), not here. page_end 430 is the last page of child 9.1.6 and is correct.",
SOMATOM_Force_IFU_VB30,sec_0899,424,5.4-hierarchy_path,PASS,,Path is Quality assurance / Accessories for quality measurement. The p424 heading reads 9.1 under chapter 9.,
SOMATOM_Force_IFU_VB30,sec_0899,424,5.4-gaps_duplicates,PASS,,The 18 own nodes (#/texts/9179 to 9196) match 9.1 on p424 and the three sub headings with their bullets. Children sec_0900 to sec_0910 hold later pages. Nothing is missing or duplicated.,The p424 footer lines #/texts/9195 and 9196 are kept as paragraphs. Boilerplate only.
SOMATOM_Force_IFU_VB30,sec_0899,424,5.4-flagged_for_review,PASS,,flagged_for_review is false. The p424 and p430 content agree with the section range.,
SOMATOM_Force_IFU_VB30,sec_0899,424,5.4-structural_source,PASS,,structural_source is toc. The bookmark title matches the heading seen on p424.,
SOMATOM_Force_IFU_VB30,sec_0899,424,5.6-numbering_scheme,PASS,,"numbering_scheme is arabic. The printed folio on p424 is 424, in arabic digits.",
SOMATOM_Force_IFU_VB30,sec_0899,424,5.6-offset_applied,PASS,,offset_applied is 0. The printed folio 424 equals the physical page 424.,
SOMATOM_Force_IFU_VB30,sec_0899,424,5.5-filters_discarding,PASS,,"No figure belongs to sec_0899 on p424. The black 'i' note icon sits in the chapter intro note, which is in the parent sec_0898.",
SOMATOM_Force_IFU_VB30,sec_0899,424,5.5-filters_passing_noise,PASS,,"No image is kept for sec_0899, so no noise is kept.",
SOMATOM_Force_IFU_VB30,sec_0899,424,5.5-image_section_mapping,PASS,,"No image is mapped to sec_0899. p424 has no figure. On p430 the photo and the Offset key icon belong to sec_0909, and the 9.1.6 text belongs to the child sec_0910. Mapping is right.",
SOMATOM_Force_IFU_VB30,sec_0908,428,5.4-hierarchy_level,PASS,,sec_0908 '9.1.5.1 (no title text)' is level 4. The render of p428 shows it at the matching depth under sec_0907 (Positioning the phantoms).,
SOMATOM_Force_IFU_VB30,sec_0908,428,5.4-parent_child,PASS,,"parent_section_id is sec_0907 (Positioning the phantoms). The section is listed in the parent's child_sections or is a leaf, and this fits the printed structure on p428.",
SOMATOM_Force_IFU_VB30,sec_0908,428,5.4-page_start_end,PASS,,Step 1 (#/texts/9258) is on p428 and steps 2 and 3 with the note (#/texts/9263 to 9267) are on p429. The next margin heading 'Using the gantry operator panel of the predecessor' is in sec_0909. The 9.1.5 heading is owned by sec_0907. Boundaries are right.,
SOMATOM_Force_IFU_VB30,sec_0908,428,5.4-hierarchy_path,PASS,,Path ends Positioning the phantoms / '9.1.5.1 '. The bookmark has only a number and no title text. No printed 9.1.5.1 heading exists on p428 or p429. This is a source PDF property.,Source PDF bookmark has no title text.
SOMATOM_Force_IFU_VB30,sec_0908,428,5.4-gaps_duplicates,PASS,,"Steps 1, 2, 3 and the note 'The numerical value ...' are in the section. Page header and footer lines (#/texts/9329 to 9331) are inside the node list but are boilerplate only. Nothing is missing or duplicated.",Boilerplate lines kept as nodes. Cosmetic.
SOMATOM_Force_IFU_VB30,sec_0908,428,5.4-flagged_for_review,PASS,,"flagged_for_review is true and verification_score is 71.4. The title is empty because the bookmark has no text, so the flag is justified. The content on p428 and p429 is placed correctly.","Flag is a review priority, not a defect."
SOMATOM_Force_IFU_VB30,sec_0908,428,5.4-structural_source,PASS,,"structural_source is toc. The bookmark exists but has no title text. This is a source property, and the page range fits the content seen.",
SOMATOM_Force_IFU_VB30,sec_0908,428,5.6-numbering_scheme,PASS,,"numbering_scheme is arabic. The printed folio on p428 is 428, in arabic digits.",
SOMATOM_Force_IFU_VB30,sec_0908,428,5.6-offset_applied,PASS,,offset_applied is 0. The printed folio 428 equals the physical page 428.,
SOMATOM_Force_IFU_VB30,sec_0908,428,5.5-filters_discarding,FAIL,Low,On p428 the small Laser lightmarker key icon (grey button left of step 1 'Press the Laser lightmarker key') is not in images.json. On p429 the black 'i' note icon beside 'The numerical value ...' is also not kept. Only img_0442 (photo pair) and the p429 icons img_0443 and img_0444 are kept.,Small icon dropped. Its meaning is stated in the step text. Probably a size filter.
SOMATOM_Force_IFU_VB30,sec_0908,428,5.5-filters_passing_noise,PASS,,"img_0442, img_0443 and img_0444 are real photos or key icons. None is decorative.",
SOMATOM_Force_IFU_VB30,sec_0908,428,5.5-image_section_mapping,PASS,,img_0442 (two lightmarker photos with 1 and 2) is under step 1 and mapped to sec_0908. img_0443 and img_0444 (table height and move-table key icons) are beside steps 2 and 3 on p429 and map here. The p429 icons img_0445 to img_0448 are under the predecessor heading and map to sec_0909. Mapping is right.,"verify_claims says img_0442 sits under sec_0906. I judge this a false positive: the heading 9.1.5 (sec_0907) and step 1 are above the photo pair, and sec_0908 is a child of sec_0907."
SOMATOM_Force_IFU_VB30,sec_0914,432,5.4-hierarchy_level,PASS,,sec_0914 'Performing quality measurements' is level 3. The render of p432 shows it at the matching depth under sec_0913 (Daily quality measurements).,
SOMATOM_Force_IFU_VB30,sec_0914,432,5.4-parent_child,PASS,,"parent_section_id is sec_0913 (Daily quality measurements). The section is listed in the parent's child_sections or is a leaf, and this fits the printed structure on p432.",
SOMATOM_Force_IFU_VB30,sec_0914,432,5.4-page_start_end,PASS,,The heading 9.2.1 (#/texts/9302) is on p431 and the last node #/texts/9350 (call Customer Service) is on p434. The 9.2 intro and the note above 9.2.1 stay in sec_0913. 9.3 starts on p435 in sec_0915. Boundaries are right. p433 render was not given; I used its nodes and images.,
SOMATOM_Force_IFU_VB30,sec_0914,432,5.4-hierarchy_path,PASS,,Path is Quality assurance / Daily quality measurements / Performing quality measurements. The p431 heading reads 9.2.1 under 9.2.,
SOMATOM_Force_IFU_VB30,sec_0914,432,5.4-gaps_duplicates,PASS,,"Steps 1 to 7, the CAUTION box, the stop note and the out-of-tolerance note are all in the section. On p432 the steps 4 to 6 and notes are present in order. Header and footer lines are in the node list but are boilerplate only. Node #/texts/9388 ('5 Click OK') is typed heading, not paragraph.",Cosmetic. Boilerplate nodes kept.
SOMATOM_Force_IFU_VB30,sec_0914,432,5.4-flagged_for_review,PASS,,flagged_for_review is false. The p431 to p434 content agrees with the title.,
SOMATOM_Force_IFU_VB30,sec_0914,432,5.4-structural_source,PASS,,structural_source is toc. The bookmark title matches the heading seen on p432.,
SOMATOM_Force_IFU_VB30,sec_0914,432,5.6-numbering_scheme,PASS,,"numbering_scheme is arabic. The printed folio on p432 is 432, in arabic digits.",
SOMATOM_Force_IFU_VB30,sec_0914,432,5.6-offset_applied,PASS,,offset_applied is 0. The printed folio 432 equals the physical page 432.,
SOMATOM_Force_IFU_VB30,sec_0914,432,5.5-filters_discarding,FAIL,Low,"On p432 the black 'i' icon of the note 'For incorrect positioning of the phantom set ...' is not in images.json. The two dialog screenshots (img_0451, img_0452) and the Start key icon (img_0450) are kept in full. On p434 the two '>>' note icons are also dropped.",Small icons dropped. The note text carries the meaning. Same pattern as the other note icons in this batch.
SOMATOM_Force_IFU_VB30,sec_0914,432,5.5-filters_passing_noise,PASS,,"All seven images for sec_0914 are real screenshots, CT images or the Start key icon. None is decorative.",
SOMATOM_Force_IFU_VB30,sec_0914,432,5.5-image_section_mapping,PASS,,"On p432 img_0451 (dialog 'Click OK when ready', 144 mm) and img_0452 (dialog 'Press START', 145 mm) are in the right order, plus img_0450 beside step 6. All map to sec_0914. The p433 and p434 images (img_0453 to img_0456) also fit its steps.",
SOMATOM_Force_IFU_VB30,sec_0920,439,5.4-hierarchy_level,PASS,,"On p439, the heading ""9.3.2 Performing the lightmarker test (z-position)"" is a numbered sub-chapter of 9 Quality assurance. hierarchy_level 3 matches its nesting under sec_0915/sec_0937/sec_0944.",
SOMATOM_Force_IFU_VB30,sec_0920,439,5.4-parent_child,PASS,,"parent_section_id is sec_0915 (Constancy test), and that parent lists sec_0920 in child_sections. The section has no children, which is right because no deeper heading is on the pages.",
SOMATOM_Force_IFU_VB30,sec_0920,439,5.4-page_start_end,PASS,,On p439 and p440: The heading 9.3.2 (#/texts/9431) is at the top of p439. The last node on p440 (#/texts/9450) is the end of step 6. page_start 439 and page_end 440 are right.,
SOMATOM_Force_IFU_VB30,sec_0920,439,5.4-hierarchy_path,PASS,,"hierarchy_path ""/Quality assurance/.../Performing the lightmarker test (z-position)"" follows the real nesting: chapter 9 Quality assurance, then the parent, then this section.",
SOMATOM_Force_IFU_VB30,sec_0920,439,5.4-gaps_duplicates,PASS,,"All nodes #/texts/9430 to 9450 belong here: intro, steps 1 to 6 and the result text. Step 6 on p440 is above the 9.3.3 heading, which is in sec_0921. Nothing from a neighbour is inside. The section appears once in the tree.",
SOMATOM_Force_IFU_VB30,sec_0920,439,5.4-flagged_for_review,PASS,,"sec_0920 is not flagged_for_review (verification_score 100.0, no reason). The section starts and ends at the right place, so there is nothing to confirm or fix.",
SOMATOM_Force_IFU_VB30,sec_0920,439,5.4-structural_source,PASS,,"structural_source is ""toc"". The heading ""9.3.2"" is in the embedded bookmarks and is visible on the page, so the TOC origin is supported.",
SOMATOM_Force_IFU_VB30,sec_0920,439,5.6-numbering_scheme,PASS,,"numbering_scheme is arabic. The printed folio on p439 is 439 in the footer, an arabic number.",
SOMATOM_Force_IFU_VB30,sec_0920,439,5.6-offset_applied,PASS,,"offset_applied is 0. The printed folio on p439 is 439, equal to the physical page.",
SOMATOM_Force_IFU_VB30,sec_0920,439,5.5-filters_discarding,PASS,,"On p439 the three visuals are extracted: img_0463 (radiation icon), img_0464 (phantom circle) and img_0465 (Check Z-Position dialog). The small 'i' note marker is not extracted; its meaning is in the text.",
SOMATOM_Force_IFU_VB30,sec_0920,439,5.5-filters_passing_noise,PASS,,"The kept images img_0463, img_0464 and img_0465 carry content (warning icon, phantom image, dialog). No logo, rule or footer divider was kept as an image.",
SOMATOM_Force_IFU_VB30,sec_0920,439,5.5-image_section_mapping,PASS,,"img_0463, img_0464 and img_0465 on p439 are mapped to sec_0920 and sit under its heading 9.3.2. The p440 images (img_0466, img_0467) are mapped to sec_0921, which is right.",
SOMATOM_Force_IFU_VB30,sec_0927,447,5.4-hierarchy_level,PASS,,"On p447, the heading ""9.3.9 Performing Image Inspection"" is a numbered sub-chapter of 9 Quality assurance. hierarchy_level 3 matches its nesting under sec_0915/sec_0937/sec_0944.",
SOMATOM_Force_IFU_VB30,sec_0927,447,5.4-parent_child,PASS,,"parent_section_id is sec_0915 (Constancy test), and that parent lists sec_0927 in child_sections. The section has no children, which is right because no deeper heading is on the pages.",
SOMATOM_Force_IFU_VB30,sec_0927,447,5.4-page_start_end,PASS,,"The heading 9.3.9 (#/texts/9549) is on p446. The section ends on p447 with ""A report is generated..."" (#/texts/9560), before the 9.3.10 heading. page_start/page_end (446-447) match the rendered pages.",
SOMATOM_Force_IFU_VB30,sec_0927,447,5.4-hierarchy_path,PASS,,"hierarchy_path ""/Quality assurance/.../Performing Image Inspection"" follows the real nesting: chapter 9 Quality assurance, then the parent, then this section.",
SOMATOM_Force_IFU_VB30,sec_0927,447,5.4-gaps_duplicates,PASS,,"Nodes #/texts/9549 to 9560 are the Image Inspection text, including the two checks that continue on p447. The 9.3.10 heading is in sec_0928, so nothing is absorbed. The section appears once in the tree.",
SOMATOM_Force_IFU_VB30,sec_0927,447,5.4-flagged_for_review,PASS,,"sec_0927 is not flagged_for_review (verification_score 100.0, no reason). The section starts and ends at the right place, so there is nothing to confirm or fix.",
SOMATOM_Force_IFU_VB30,sec_0927,447,5.4-structural_source,PASS,,"structural_source is ""toc"". The heading ""9.3.9"" is in the embedded bookmarks and is visible on the page, so the TOC origin is supported.",
SOMATOM_Force_IFU_VB30,sec_0927,447,5.6-numbering_scheme,PASS,,"numbering_scheme is arabic. The printed folio on p447 is 447 in the footer, an arabic number.",
SOMATOM_Force_IFU_VB30,sec_0927,447,5.6-offset_applied,PASS,,"offset_applied is 0. The printed folio on p447 is 447, equal to the physical page.",
SOMATOM_Force_IFU_VB30,sec_0927,447,5.5-filters_discarding,PASS,,"On p447 the part of sec_0927 has only text and a check list. No figure is there, and none was dropped.",
SOMATOM_Force_IFU_VB30,sec_0927,447,5.5-filters_passing_noise,PASS,,"No image is mapped to sec_0927 on p447, so no noise is kept.",
SOMATOM_Force_IFU_VB30,sec_0927,447,5.5-image_section_mapping,PASS,,No image is mapped to sec_0927 on p447. The radiation icon (img_0483) is under the 9.3.10 heading and is in sec_0928. That is correct.,
SOMATOM_Force_IFU_VB30,sec_0939,454,5.4-hierarchy_level,PASS,,"On p454, the heading ""9.4.2 Evaluating the test"" is a numbered sub-chapter of 9 Quality assurance. hierarchy_level 3 matches its nesting under sec_0915/sec_0937/sec_0944.",
SOMATOM_Force_IFU_VB30,sec_0939,454,5.4-parent_child,PASS,,"parent_section_id is sec_0937 (Low contrast test), and that parent lists sec_0939 in child_sections. The section has no children, which is right because no deeper heading is on the pages.",
SOMATOM_Force_IFU_VB30,sec_0939,454,5.4-page_start_end,PASS,,"The heading 9.4.2 (#/texts/9689) is at the top of p454. The last node (#/texts/9699) is the ""Contact Siemens"" step. The 9.5 Camera test heading below is not inside; it is in sec_0940. page_start/page_end (454) match the rendered pages.",
SOMATOM_Force_IFU_VB30,sec_0939,454,5.4-hierarchy_path,PASS,,"hierarchy_path ""/Quality assurance/.../Evaluating the test"" follows the real nesting: chapter 9 Quality assurance, then the parent, then this section.",
SOMATOM_Force_IFU_VB30,sec_0939,454,5.4-gaps_duplicates,PASS,,Nodes #/texts/9688 to 9699 are all evaluation text. No text from 9.5 Camera test is absorbed. The section appears once in the tree.,
SOMATOM_Force_IFU_VB30,sec_0939,454,5.4-flagged_for_review,PASS,,"sec_0939 is not flagged_for_review (verification_score 100.0, no reason). The section starts and ends at the right place, so there is nothing to confirm or fix.",
SOMATOM_Force_IFU_VB30,sec_0939,454,5.4-structural_source,PASS,,"structural_source is ""toc"". The heading ""9.4.2"" is in the embedded bookmarks and is visible on the page, so the TOC origin is supported.",
SOMATOM_Force_IFU_VB30,sec_0939,454,5.6-numbering_scheme,PASS,,"numbering_scheme is arabic. The printed folio on p454 is 454 in the footer, an arabic number.",
SOMATOM_Force_IFU_VB30,sec_0939,454,5.6-offset_applied,PASS,,"offset_applied is 0. The printed folio on p454 is 454, equal to the physical page.",
SOMATOM_Force_IFU_VB30,sec_0939,454,5.5-filters_discarding,FAIL,Low,"On p454 the small ""Continue"" button picture next to step 4 is not extracted. The dialog screenshot img_0496 is kept. The '>>' marker is not extracted; its text is in #/texts/9698.","The meaning is in the text (""Click on Continue"", #/texts/9695), so only a small button picture is lost."
SOMATOM_Force_IFU_VB30,sec_0939,454,5.5-filters_passing_noise,PASS,,"img_0496 is the Quality Low Contrast dialog, real content. No logo or divider was kept.",
SOMATOM_Force_IFU_VB30,sec_0939,454,5.5-image_section_mapping,PASS,,img_0496 on p454 is the dialog for step 3 and is mapped to sec_0939. This is right.,
SOMATOM_Force_IFU_VB30,sec_0951,462,5.4-hierarchy_level,PASS,,"On p462, the heading ""9.6.5 Performing the biannual metrological tests"" is a numbered sub-chapter of 9 Quality assurance. hierarchy_level 3 matches its nesting under sec_0915/sec_0937/sec_0944.",
SOMATOM_Force_IFU_VB30,sec_0951,462,5.4-parent_child,PASS,,"parent_section_id is sec_0944 (Constancy test of the monitor), and that parent lists sec_0951 in child_sections. The section has no children, which is right because no deeper heading is on the pages.",
SOMATOM_Force_IFU_VB30,sec_0951,462,5.4-page_start_end,PASS,,The heading 9.6.5 (#/texts/9822) is on p461. The last node on p462 (#/texts/9843) is the 30% deviation note. The index (p463-465) and the colophon (p467) are not inside. page_start/page_end (461-462) match the rendered pages.,
SOMATOM_Force_IFU_VB30,sec_0951,462,5.4-hierarchy_path,PASS,,"hierarchy_path ""/Quality assurance/.../Performing the biannual metrological tests"" follows the real nesting: chapter 9 Quality assurance, then the parent, then this section.",
SOMATOM_Force_IFU_VB30,sec_0951,462,5.4-gaps_duplicates,PASS,,"Nodes #/texts/9822 to 9845 are the full 9.6.5 text: note, steps 1 to 5 and the two deviation notes on p462. Back matter is not absorbed. The section appears once in the tree.",
SOMATOM_Force_IFU_VB30,sec_0951,462,5.4-flagged_for_review,PASS,,"sec_0951 is not flagged_for_review (verification_score 100.0, no reason). The section starts and ends at the right place, so there is nothing to confirm or fix.",
SOMATOM_Force_IFU_VB30,sec_0951,462,5.4-structural_source,PASS,,"structural_source is ""toc"". The heading ""9.6.5"" is in the embedded bookmarks and is visible on the page, so the TOC origin is supported.",
SOMATOM_Force_IFU_VB30,sec_0951,462,5.6-numbering_scheme,PASS,,"numbering_scheme is arabic. The printed folio on p462 is 462 in the footer, an arabic number.",
SOMATOM_Force_IFU_VB30,sec_0951,462,5.6-offset_applied,PASS,,"offset_applied is 0. The printed folio on p462 is 462, equal to the physical page.",
SOMATOM_Force_IFU_VB30,sec_0951,462,5.5-filters_discarding,PASS,,"On p462 only two '>>' note boxes with text are there. No figure exists, and none was dropped.",
SOMATOM_Force_IFU_VB30,sec_0951,462,5.5-filters_passing_noise,PASS,,"No image is mapped to sec_0951 on p462, so no noise is kept.",
SOMATOM_Force_IFU_VB30,sec_0951,462,5.5-image_section_mapping,PASS,,No image is mapped to sec_0951 and the page has no figure. This is right.,
SOMATOM_Force_IFU_VB30,DOCUMENT-LEVEL,,5.6-sanity_report,PASS,,"bookmark_sanity ran with no hard failure and no repair (953 bookmarks, 467 pages). The run finished. toc_classification excluded 2 bookmarks (index, table_of_contents). Coverage, Precision and Structure are PASS.","Checked in logs/run.log of this version. The counts agree with the artifacts: 951 sections, 1 flagged section, 502 images, 9920 matched blocks + 169 front matter = 10089 blocks (9982 texts + 39 tables + 68 split -tail nodes). The log does not list the 68 split margin headings (BUG-029); that is only missing detail, not a defect."
SOMATOM_Force_IFU_VB30,sec_0008,13,5.4-hierarchy_level,PASS,,Section sec_0008 'Statutory regulations' is stored at hierarchy_level 3. The page shows the heading with the matching style and nesting under sec_0005 '2.1 General safety information' (level 2).,
SOMATOM_Force_IFU_VB30,sec_0008,13,5.4-parent_child,PASS,,Parent is sec_0005 '2.1 General safety information' (level 2). The printed heading sits inside that parent. sec_0008 has no child sections and none are visible on p12-p13.,
SOMATOM_Force_IFU_VB30,sec_0008,13,5.4-page_start_end,PASS,,sec_0008 starts at '2.1.3 Statutory regulations' on p12 and ends with the bullet 'Upgrades and additional documentation' (#/texts/121) at the top of p13. The heading '2.1.4 In the event of fire' is in sec_0009.,
SOMATOM_Force_IFU_VB30,sec_0008,13,5.4-hierarchy_path,PASS,,hierarchy_path '/Safety information/General safety information/Statutory regulations' matches the printed heading chain on the rendered page.,
SOMATOM_Force_IFU_VB30,sec_0008,13,5.4-gaps_duplicates,PASS,,sec_0008 appears once. The visible text of Statutory regulations is present in its nodes and no node is repeated in the neighbour sections.,
SOMATOM_Force_IFU_VB30,sec_0008,13,5.4-flagged_for_review,PASS,,flagged_for_review is false and verification_score is 100. The heading 'Statutory regulations' is visible on p12 and the boundary is correct.,
SOMATOM_Force_IFU_VB30,sec_0008,13,5.4-structural_source,PASS,,"structural_source is 'toc'. The bookmark title 'Statutory regulations' matches the printed heading, so no inferred structure needs extra checking.",
SOMATOM_Force_IFU_VB30,sec_0008,13,5.6-numbering_scheme,PASS,,"numbering_scheme is arabic. Printed folios on the rendered pages are arabic digits, so the scheme is right.",
SOMATOM_Force_IFU_VB30,sec_0008,13,5.6-offset_applied,PASS,,"offset_applied is 0. The printed folio equals the physical page (p12-p13), and neighbouring sections also use 0.",
SOMATOM_Force_IFU_VB30,sec_0008,13,5.5-filters_discarding,PASS,,"No figure or screenshot is visible on the sampled page. Only small callout icons (warning triangle, hint 'i') appear. Their meaning is written in the text next to them.",
SOMATOM_Force_IFU_VB30,sec_0008,13,5.5-filters_passing_noise,PASS,,"No image was extracted for this section, so no decorative image was kept. Nothing to remove on the sampled page.",
SOMATOM_Force_IFU_VB30,sec_0008,13,5.5-image_section_mapping,PASS,,No image is mapped to this section and none is needed. The sampled page has no figure that belongs to it.,
SOMATOM_Force_IFU_VB30,sec_0024,18,5.4-hierarchy_level,PASS,,Section sec_0024 'During scanning' is stored at hierarchy_level 3. The page shows the heading with the matching style and nesting under sec_0005 (level 2).,
SOMATOM_Force_IFU_VB30,sec_0024,18,5.4-parent_child,PASS,,Parent is sec_0005 (level 2). The printed heading sits inside that parent. sec_0024 has no child sections and none are visible on p18.,
SOMATOM_Force_IFU_VB30,sec_0024,18,5.4-page_start_end,PASS,,sec_0024 starts at heading '2.1.11 During scanning' on p18 and ends with the bullet 'Take protective measures ... Radiation protection' (#/texts/256). The heading '2.1.12 Working at the console' below belongs to sec_0025.,
SOMATOM_Force_IFU_VB30,sec_0024,18,5.4-hierarchy_path,PASS,,hierarchy_path '/Safety information/General safety information/During scanning' matches the printed heading chain on the rendered page.,
SOMATOM_Force_IFU_VB30,sec_0024,18,5.4-gaps_duplicates,PASS,,sec_0024 appears once. The visible text of During scanning is present in its nodes and no node is repeated in the neighbour sections.,
SOMATOM_Force_IFU_VB30,sec_0024,18,5.4-flagged_for_review,PASS,,flagged_for_review is false and verification_score is 100. The heading 'During scanning' is visible on p18 and the boundary is correct.,
SOMATOM_Force_IFU_VB30,sec_0024,18,5.4-structural_source,PASS,,"structural_source is 'toc'. The bookmark title 'During scanning' matches the printed heading, so no inferred structure needs extra checking.",
SOMATOM_Force_IFU_VB30,sec_0024,18,5.6-numbering_scheme,PASS,,"numbering_scheme is arabic. Printed folios on the rendered pages are arabic digits, so the scheme is right.",
SOMATOM_Force_IFU_VB30,sec_0024,18,5.6-offset_applied,PASS,,"offset_applied is 0. The printed folio equals the physical page (p18), and neighbouring sections also use 0.",
SOMATOM_Force_IFU_VB30,sec_0024,18,5.5-filters_discarding,PASS,,"No figure or screenshot is visible on the sampled page. Only small callout icons (warning triangle, hint 'i') appear. Their meaning is written in the text next to them.",
SOMATOM_Force_IFU_VB30,sec_0024,18,5.5-filters_passing_noise,PASS,,"No image was extracted for this section, so no decorative image was kept. Nothing to remove on the sampled page.",
SOMATOM_Force_IFU_VB30,sec_0024,18,5.5-image_section_mapping,PASS,,No image is mapped to this section and none is needed. The sampled page has no figure that belongs to it.,
SOMATOM_Force_IFU_VB30,sec_0028,21,5.4-hierarchy_level,PASS,,"On p21 'SOMATOM Force / Force Velo (side view)' is a bold figure title above a figure. It is a bookmarked level-4 entry under 'Radiation protection', so level 4 matches the bookmark.",
SOMATOM_Force_IFU_VB30,sec_0028,21,5.4-parent_child,PASS,,"Parent sec_0026 'Radiation protection' (p19-21) holds the top-view and side-view figure entries (sec_0027, sec_0028). sec_0028 has no children and none are needed.",
SOMATOM_Force_IFU_VB30,sec_0028,21,5.4-page_start_end,PASS,,The section starts and ends on p21. It has the title heading #/texts/286 and the figure under it. The text of '2.1.14 Radiation protection equipment' below the figure is not in this section (it is sec_0029).,"The claims tool says the section has no body, but the body of this figure entry is the vector figure img_0008, which is extracted and mapped to sec_0028. So PASS is kept."
SOMATOM_Force_IFU_VB30,sec_0028,21,5.4-hierarchy_path,PASS,,Path /Safety information/General safety information/Radiation protection/SOMATOM Force / Force Velo (side view) matches the bookmark order of the figure entries.,
SOMATOM_Force_IFU_VB30,sec_0028,21,5.4-gaps_duplicates,PASS,,p21 content above 2.1.14 is only the title and the side-view dose figure. Both are in sec_0028. No gap and no duplicate.,"The claims tool says the section has no body, but the body of this figure entry is the vector figure img_0008, which is extracted and mapped to sec_0028. So PASS is kept."
SOMATOM_Force_IFU_VB30,sec_0028,21,5.4-flagged_for_review,PASS,,"The section is not flagged and its title is found where the bookmark points (verification_score is high), so the missing flag is not a defect.",
SOMATOM_Force_IFU_VB30,sec_0028,21,5.4-structural_source,PASS,,structural_source is toc and the section title is a bookmark title that is visible in the PDF page layout.,
SOMATOM_Force_IFU_VB30,sec_0028,21,5.6-numbering_scheme,PASS,,"The printed folio on the rendered page is plain arabic (21), and the section has numbering_scheme arabic.",
SOMATOM_Force_IFU_VB30,sec_0028,21,5.6-offset_applied,PASS,,offset_applied is 0 and the printed folio equals the physical page number on the sampled page (p21).,
SOMATOM_Force_IFU_VB30,sec_0028,21,5.5-filters_discarding,PASS,,"img_0008 (origin vector, 886x494) is the whole side-view dose map on p21. The crop shows axes, all value labels and the table drawing. Nothing is cut.",
SOMATOM_Force_IFU_VB30,sec_0028,21,5.5-filters_passing_noise,PASS,,"img_0008 has the title 'SOMATOM Force / Force Velo (side view)' inside the crop. The title is part of the figure on the page, so it is not noise. The same words are also in heading #/texts/286.",
SOMATOM_Force_IFU_VB30,sec_0028,21,5.5-image_section_mapping,PASS,,"img_0008 is on p21 directly under the heading of sec_0028 and is mapped to sec_0028. It is not the 2.1.14 text below it, so the mapping is right.",
SOMATOM_Force_IFU_VB30,sec_0047,25,5.4-hierarchy_level,PASS,,"The margin heading is level 5 under 'Equipment modifications' (level 4), the same as sibling sec_0046. Margin headings share one style on p25, so level follows the bookmarks.",
SOMATOM_Force_IFU_VB30,sec_0047,25,5.4-parent_child,PASS,,Parent is sec_0044 'Equipment modifications' (level 4). The printed heading sits inside that parent. sec_0047 has no child sections and none are visible on p25.,
SOMATOM_Force_IFU_VB30,sec_0047,25,5.4-page_start_end,PASS,,sec_0047 starts at the margin heading #/texts/397 on p25 and ends with the hint note #/texts/406 above 'Software manipulation' (sec_0048). All 8 nodes match the text between the two hint boxes.,
SOMATOM_Force_IFU_VB30,sec_0047,25,5.4-hierarchy_path,PASS,,hierarchy_path '.../Equipment modifications/Equipment of other manufacturers' matches the printed heading chain on the rendered page.,
SOMATOM_Force_IFU_VB30,sec_0047,25,5.4-gaps_duplicates,PASS,,"The text from 'If you are planning to install equipment' to 'For further information, contact your local ...' is in sec_0047 once. The hint note at the top of p25 is in sec_0046, not repeated here.",
SOMATOM_Force_IFU_VB30,sec_0047,25,5.4-flagged_for_review,PASS,,flagged_for_review is false and verification_score is 100. The heading 'Equipment of other manufacturers' is visible on p25 and the boundary is correct.,
SOMATOM_Force_IFU_VB30,sec_0047,25,5.4-structural_source,PASS,,"structural_source is 'toc'. The bookmark title 'Equipment of other manufacturers' matches the printed heading, so no inferred structure needs extra checking.",
SOMATOM_Force_IFU_VB30,sec_0047,25,5.6-numbering_scheme,PASS,,"numbering_scheme is arabic. Printed folios on the rendered pages are arabic digits, so the scheme is right.",
SOMATOM_Force_IFU_VB30,sec_0047,25,5.6-offset_applied,PASS,,"offset_applied is 0. The printed folio equals the physical page (p25), and neighbouring sections also use 0.",
SOMATOM_Force_IFU_VB30,sec_0047,25,5.5-filters_discarding,PASS,,"No figure or screenshot is visible on the sampled page. Only small callout icons (warning triangle, hint 'i') appear. Their meaning is written in the text next to them.",
SOMATOM_Force_IFU_VB30,sec_0047,25,5.5-filters_passing_noise,PASS,,"No image was extracted for this section, so no decorative image was kept. Nothing to remove on the sampled page.",
SOMATOM_Force_IFU_VB30,sec_0047,25,5.5-image_section_mapping,PASS,,No image is mapped to this section and none is needed. The sampled page has no figure that belongs to it.,
SOMATOM_Force_IFU_VB30,sec_0053,29,5.4-hierarchy_level,PASS,,Section sec_0053 'Registering a patient' is stored at hierarchy_level 3. The page shows the heading with the matching style and nesting under sec_0052 '2.2 Safety information on working with patient data' (level 2).,
SOMATOM_Force_IFU_VB30,sec_0053,29,5.4-parent_child,PASS,,Parent is sec_0052 '2.2 Safety information on working with patient data' (level 2). The printed heading sits inside that parent. sec_0053 has no child sections and none are visible on p28-p29.,
SOMATOM_Force_IFU_VB30,sec_0053,29,5.4-page_start_end,PASS,,"sec_0053 starts with '2.2.1 Registering a patient' (#/texts/484) on p28 and ends with the second CAUTION box of p29 (#/texts/498-501). The heading '2.2.2 Updating patient data' on p29 belongs to sec_0054, so p29 is correctly split.",
SOMATOM_Force_IFU_VB30,sec_0053,29,5.4-hierarchy_path,PASS,,hierarchy_path '/Safety information/Safety information on working with patient data/Registering a patient' matches the printed heading chain on the rendered page.,
SOMATOM_Force_IFU_VB30,sec_0053,29,5.4-gaps_duplicates,PASS,,Both CAUTION boxes of p29 above the 2.2.2 heading are in sec_0053 once. The CAUTION boxes below 2.2.2 are not in this section.,
SOMATOM_Force_IFU_VB30,sec_0053,29,5.4-flagged_for_review,PASS,,flagged_for_review is false and verification_score is 100. The heading 'Registering a patient' is visible on p28 and the boundary is correct.,
SOMATOM_Force_IFU_VB30,sec_0053,29,5.4-structural_source,PASS,,"structural_source is 'toc'. The bookmark title 'Registering a patient' matches the printed heading, so no inferred structure needs extra checking.",
SOMATOM_Force_IFU_VB30,sec_0053,29,5.6-numbering_scheme,PASS,,"numbering_scheme is arabic. Printed folios on the rendered pages are arabic digits, so the scheme is right.",
SOMATOM_Force_IFU_VB30,sec_0053,29,5.6-offset_applied,PASS,,"offset_applied is 0. The printed folio equals the physical page (p28-p29), and neighbouring sections also use 0.",
SOMATOM_Force_IFU_VB30,sec_0053,29,5.5-filters_discarding,PASS,,"No figure or screenshot is visible on the sampled page. Only small callout icons (warning triangle, hint 'i') appear. Their meaning is written in the text next to them.",
SOMATOM_Force_IFU_VB30,sec_0053,29,5.5-filters_passing_noise,PASS,,"No image was extracted for this section, so no decorative image was kept. Nothing to remove on the sampled page.",
SOMATOM_Force_IFU_VB30,sec_0053,29,5.5-image_section_mapping,PASS,,No image is mapped to this section and none is needed. The sampled page has no figure that belongs to it.,
SOMATOM_Force_IFU_VB30,sec_0055,30,5.4-hierarchy_level,PASS,,"The margin heading 'Additional information on radiation therapy objects' is level 4 under 'Updating patient data' (level 3). The CAUTION box is its content, so the level follows the bookmark nesting.",
SOMATOM_Force_IFU_VB30,sec_0055,30,5.4-parent_child,PASS,,Parent is sec_0054 'Updating patient data' (level 3). The printed heading sits inside that parent. sec_0055 has no child sections and none are visible on p30.,
SOMATOM_Force_IFU_VB30,sec_0055,30,5.4-page_start_end,PASS,,"sec_0055 has the margin heading #/texts/516 and the CAUTION box (#/texts/531-535) printed beside it on p30. The three CAUTION boxes above it and the '2.2.3 Searching patient data' box below it are outside this section, as they should be.",
SOMATOM_Force_IFU_VB30,sec_0055,30,5.4-hierarchy_path,PASS,,hierarchy_path '.../Updating patient data/Additional information on radiation therapy objects' matches the printed heading chain on the rendered page.,
SOMATOM_Force_IFU_VB30,sec_0055,30,5.4-gaps_duplicates,PASS,,sec_0055 appears once. The visible text of Additional information on radiation therapy objects is present in its nodes and no node is repeated in the neighbour sections.,
SOMATOM_Force_IFU_VB30,sec_0055,30,5.4-flagged_for_review,PASS,,flagged_for_review is false and verification_score is 100. The heading 'Additional information on radiation therapy objects' is visible on p30 and the boundary is correct.,
SOMATOM_Force_IFU_VB30,sec_0055,30,5.4-structural_source,PASS,,"structural_source is 'toc'. The bookmark title 'Additional information on radiation therapy objects' matches the printed heading, so no inferred structure needs extra checking.",
SOMATOM_Force_IFU_VB30,sec_0055,30,5.6-numbering_scheme,PASS,,"numbering_scheme is arabic. Printed folios on the rendered pages are arabic digits, so the scheme is right.",
SOMATOM_Force_IFU_VB30,sec_0055,30,5.6-offset_applied,PASS,,"offset_applied is 0. The printed folio equals the physical page (p30), and neighbouring sections also use 0.",
SOMATOM_Force_IFU_VB30,sec_0055,30,5.5-filters_discarding,PASS,,"No figure or screenshot is visible on the sampled page. Only small callout icons (warning triangle, hint 'i') appear. Their meaning is written in the text next to them.",
SOMATOM_Force_IFU_VB30,sec_0055,30,5.5-filters_passing_noise,PASS,,"No image was extracted for this section, so no decorative image was kept. Nothing to remove on the sampled page.",
SOMATOM_Force_IFU_VB30,sec_0055,30,5.5-image_section_mapping,PASS,,No image is mapped to this section and none is needed. The sampled page has no figure that belongs to it.,
SOMATOM_Force_IFU_VB30,sec_0058,32,5.4-hierarchy_level,PASS,,The heading '2.3 Safety information on patient transport and positioning' (node #/texts/575) is second level in chapter 2. hierarchy_level 2 is right.,
SOMATOM_Force_IFU_VB30,sec_0058,32,5.4-parent_child,PASS,,"Parent sec_0004 'Safety information'. The children sec_0059, sec_0067, sec_0086, sec_0087, sec_0088 and sec_0092 match sections 2.3.1 to 2.3.6. The Turbo Flash heading '2.3.6' on p51 is seen.",
SOMATOM_Force_IFU_VB30,sec_0058,32,5.4-page_start_end,PASS,,"On p32 the section starts at the heading #/texts/575 and the intro, then two WARNING boxes. It goes to p33 for the next warnings and ends before the first child, sec_0059. The last child ends on p52, which is the declared page_end. The CAUTION box above the heading is sec_0057 content and is not here. Page 33 was not provided, so the p33 end of own content is checked with node order only.",Uncertain only because the p33 page image is not in the batch. The sampled page p32 is clearly correct.
SOMATOM_Force_IFU_VB30,sec_0058,32,5.4-hierarchy_path,PASS,,The path /Safety information/Safety information on patient transport and positioning matches heading 2.3 under chapter 2.,
SOMATOM_Force_IFU_VB30,sec_0058,32,5.4-gaps_duplicates,PASS,,"The intro and both WARNING boxes of p32 are in sec_0058 once (#/texts/576 to #/texts/589). The nodes #/texts/593 to #/texts/610 on p33 follow in order and are not repeated in a child. The p33 page image was not provided, so this part has less visual proof.",Uncertain only because the p33 page image is not in the batch. The sampled page p32 is clearly correct.
SOMATOM_Force_IFU_VB30,sec_0058,32,5.4-flagged_for_review,PASS,,"flagged_for_review is false and verification_score is 100.0. The heading is on p32 as declared, so the flag is right.",
SOMATOM_Force_IFU_VB30,sec_0058,32,5.4-structural_source,PASS,,structural_source is toc. The title matches the printed heading on p32.,
SOMATOM_Force_IFU_VB30,sec_0058,32,5.6-numbering_scheme,PASS,,numbering_scheme is arabic. The footer shows 32 on physical page 32.,
SOMATOM_Force_IFU_VB30,sec_0058,32,5.6-offset_applied,PASS,,offset_applied is 0. Printed folio 32 equals physical page 32.,
SOMATOM_Force_IFU_VB30,sec_0058,32,5.5-filters_discarding,PASS,,No figure is on p32 or p52 beyond small warning and info icons whose meaning is in the text. Nothing meaningful is lost.,
SOMATOM_Force_IFU_VB30,sec_0058,32,5.5-filters_passing_noise,PASS,,"No image is mapped to sec_0058, so no decorative image is kept.",
SOMATOM_Force_IFU_VB30,sec_0058,32,5.5-image_section_mapping,PASS,,No image is mapped to sec_0058 and none is visible on p32 or p52 except small icons. The figures on p51 are mapped to a child section.,
SOMATOM_Force_IFU_VB30,sec_0069,37,5.4-hierarchy_level,PASS,,"'Trolley' is a margin title beside the first CAUTION box on p36 (node #/texts/679). It is the child of 'Patient transport (CARE TransX)' sec_0068, so level 5 is right.","Margin titles look the same at levels 4 and 5, so the level comes from the bookmark nesting, which is coherent."
SOMATOM_Force_IFU_VB30,sec_0069,37,5.4-parent_child,PASS,,"Parent sec_0068 'Patient transport (CARE TransX)' lists sec_0069, sec_0070 and sec_0071 as children. sec_0069 has no children.",
SOMATOM_Force_IFU_VB30,sec_0069,37,5.4-page_start_end,PASS,,"On p36 the section starts at the margin title 'Trolley' (#/texts/679), which now holds only the title. It ends on p37 with the info note #/texts/703 about lowering the table. The 'Stretcher' title and its two WARNING boxes at the bottom of p37 belong to sec_0070 and are not here. The intro 'Observe the following safety information when using CARE TransX.' stays in sec_0068.",Running header and footer nodes of the page are inside the section. This is boilerplate and does not cross a boundary.
SOMATOM_Force_IFU_VB30,sec_0069,37,5.4-hierarchy_path,PASS,,The path .../Accessories/Patient transport (CARE TransX)/Trolley matches the margin titles on p36.,
SOMATOM_Force_IFU_VB30,sec_0069,37,5.4-gaps_duplicates,PASS,,The two CAUTION boxes of p36 and the two WARNING boxes and the note of p37 are in sec_0069 once (#/texts/680 to #/texts/703). Nothing from sec_0068 or sec_0070 is mixed in.,
SOMATOM_Force_IFU_VB30,sec_0069,37,5.4-flagged_for_review,PASS,,"flagged_for_review is false and verification_score is 100.0. The title 'Trolley' is on p36, so the flag is right.",
SOMATOM_Force_IFU_VB30,sec_0069,37,5.4-structural_source,PASS,,structural_source is toc. The bookmark title matches the margin title 'Trolley' on p36.,
SOMATOM_Force_IFU_VB30,sec_0069,37,5.6-numbering_scheme,PASS,,numbering_scheme is arabic. The footers show 36 and 37 on physical pages 36 and 37.,
SOMATOM_Force_IFU_VB30,sec_0069,37,5.6-offset_applied,PASS,,offset_applied is 0. Printed folio 37 equals physical page 37.,
SOMATOM_Force_IFU_VB30,sec_0069,37,5.5-filters_discarding,PASS,,"No figure is on p36 or p37. Only the small CAUTION, WARNING and info icons exist, and the text states their meaning. Nothing meaningful is lost.",
SOMATOM_Force_IFU_VB30,sec_0069,37,5.5-filters_passing_noise,PASS,,"No image is mapped to sec_0069, so no decorative image is kept.",
SOMATOM_Force_IFU_VB30,sec_0069,37,5.5-image_section_mapping,PASS,,"No image is mapped to sec_0069. None is visible on p36-37 except small icons, so no image is missing or misplaced.",
SOMATOM_Force_IFU_VB30,sec_0077,43,5.4-hierarchy_level,PASS,,"'Knee support' is a margin title at the top of p43 (node #/texts/827). It is a child of 'Positioning aids' sec_0073, so level 5 is right.","Margin titles look the same at levels 4 and 5, so the level comes from the bookmark nesting, which is coherent."
SOMATOM_Force_IFU_VB30,sec_0077,43,5.4-parent_child,PASS,,Parent sec_0073 lists sec_0077 in child_sections. sec_0077 has no children.,
SOMATOM_Force_IFU_VB30,sec_0077,43,5.4-page_start_end,PASS,,"On p43 the section starts at the margin title 'Knee support' (#/texts/827). It ends with the text 'Indicates possible collision of the patient with the gantry...' (#/texts/830). The 'Table top extension' title and its 500 N label start below on p43 and belong to sec_0078. The page_start and page_end are both 43, which is right.",Running header and footer nodes of the page are inside the section. This is boilerplate and does not cross a boundary.
SOMATOM_Force_IFU_VB30,sec_0077,43,5.4-hierarchy_path,PASS,,The path .../Positioning aids/Knee support matches the margin title on p43.,
SOMATOM_Force_IFU_VB30,sec_0077,43,5.4-gaps_duplicates,PASS,,"The label heading text, 'Indicates possible collision points.' and the long sentence are in sec_0077 once (#/texts/828 to #/texts/830). The 500 N label text is not mixed in.",
SOMATOM_Force_IFU_VB30,sec_0077,43,5.4-flagged_for_review,PASS,,"flagged_for_review is false and verification_score is 100.0. The title is on p43, so the flag is right.",
SOMATOM_Force_IFU_VB30,sec_0077,43,5.4-structural_source,PASS,,structural_source is toc. The bookmark title matches the margin title on p43.,
SOMATOM_Force_IFU_VB30,sec_0077,43,5.6-numbering_scheme,PASS,,numbering_scheme is arabic. The footer shows 43 on physical page 43.,
SOMATOM_Force_IFU_VB30,sec_0077,43,5.6-offset_applied,PASS,,offset_applied is 0. Printed folio 43 equals physical page 43.,
SOMATOM_Force_IFU_VB30,sec_0077,43,5.5-filters_discarding,PASS,,The warning triangle on p43 is kept as img_0022 (291x255). It shows the knee support collision label and is readable. Nothing is lost.,
SOMATOM_Force_IFU_VB30,sec_0077,43,5.5-filters_passing_noise,PASS,,"img_0022 is a real label figure with information, not a rule, logo or footer divider.",
SOMATOM_Force_IFU_VB30,sec_0077,43,5.5-image_section_mapping,PASS,,"img_0022 is the collision triangle just below 'Knee support' and is mapped to sec_0077. The 500 N triangle img_0023 is mapped to sec_0078, which is right.",
SOMATOM_Force_IFU_VB30,sec_0084,46,5.4-hierarchy_level,PASS,,"'Monitor ceiling system' is a margin title on p46 (node #/texts/888). It is a child of 'Furniture' sec_0082, so level 5 is right.","Margin titles look the same at levels 4 and 5, so the level comes from the bookmark nesting, which is coherent."
SOMATOM_Force_IFU_VB30,sec_0084,46,5.4-parent_child,PASS,,Parent sec_0082 'Furniture' lists sec_0084. sec_0084 has no children.,
SOMATOM_Force_IFU_VB30,sec_0084,46,5.4-page_start_end,PASS,,On p46 the section starts at the margin title (#/texts/888) and the intro (#/texts/893). It has three boxes on p46 and three boxes on p47 and ends with the WARNING 'Malfunction of the system' (#/texts/924). The 'Accessory cart' title and its CAUTION box at the bottom of p47 belong to sec_0085. The two weight labels at the top of p46 belong to sec_0083.,Running header and footer nodes of the page are inside the section. This is boilerplate and does not cross a boundary.
SOMATOM_Force_IFU_VB30,sec_0084,46,5.4-hierarchy_path,PASS,,The path .../Accessories/Furniture/Monitor ceiling system matches the margin titles on p46.,
SOMATOM_Force_IFU_VB30,sec_0084,46,5.4-gaps_duplicates,PASS,,The intro and the six warning boxes of p46-47 are in sec_0084 once. The weight label texts and the 'Accessory cart' title are in their own sections.,
SOMATOM_Force_IFU_VB30,sec_0084,46,5.4-flagged_for_review,PASS,,"flagged_for_review is false and verification_score is 100.0. The title is on p46, so the flag is right.",
SOMATOM_Force_IFU_VB30,sec_0084,46,5.4-structural_source,PASS,,structural_source is toc. The bookmark title matches the margin title on p46.,
SOMATOM_Force_IFU_VB30,sec_0084,46,5.6-numbering_scheme,PASS,,numbering_scheme is arabic. The footers show 46 and 47 on physical pages 46 and 47.,
SOMATOM_Force_IFU_VB30,sec_0084,46,5.6-offset_applied,PASS,,offset_applied is 0. Printed folio 46 equals physical page 46.,
SOMATOM_Force_IFU_VB30,sec_0084,46,5.5-filters_discarding,PASS,,No figure is in this section on p46-47. The two weight label figures above the title are kept in sec_0083. Only small warning icons exist and the text states them.,
SOMATOM_Force_IFU_VB30,sec_0084,46,5.5-filters_passing_noise,PASS,,"No image is mapped to sec_0084, so no decorative image is kept.",
SOMATOM_Force_IFU_VB30,sec_0084,46,5.5-image_section_mapping,PASS,,"No image is mapped to sec_0084 and none is visible below its title. The images img_0027 and img_0028 on p46 are above the title and are in sec_0083, which is right.",
SOMATOM_Force_IFU_VB30,sec_0093,52,5.4-hierarchy_level,PASS,,'2.4 Safety information on patients with implanted devices' (node #/texts/1031) is a numbered second-level heading. hierarchy_level 2 is right.,
SOMATOM_Force_IFU_VB30,sec_0093,52,5.4-parent_child,PASS,,Parent sec_0004 'Safety information' lists sec_0093 as a child. sec_0093 has no children and none are visible on p52.,
SOMATOM_Force_IFU_VB30,sec_0093,52,5.4-page_start_end,PASS,,On p52 the section starts at the heading #/texts/1031 and ends with the info note 'Contact the manufacturer of the active implanted device...' (#/texts/1041). The heading '2.5 Safety information on performing an examination' and its CAUTION box below belong to sec_0094. The Turbo Flash WARNING above belongs to sec_0092. page_start and page_end are both 52.,Running header and footer nodes of the page are inside the section. This is boilerplate and does not cross a boundary.
SOMATOM_Force_IFU_VB30,sec_0093,52,5.4-hierarchy_path,PASS,,The path /Safety information/Safety information on patients with implanted devices matches heading 2.4 under chapter 2.,
SOMATOM_Force_IFU_VB30,sec_0093,52,5.4-gaps_duplicates,PASS,,"The intro, the WARNING, the CAUTION and the info note on p52 are in sec_0093 once (#/texts/1032 to #/texts/1041). Nothing from the neighbours is mixed in.",
SOMATOM_Force_IFU_VB30,sec_0093,52,5.4-flagged_for_review,PASS,,"flagged_for_review is false and verification_score is 100.0. The heading is on p52, so the flag is right.",
SOMATOM_Force_IFU_VB30,sec_0093,52,5.4-structural_source,PASS,,structural_source is toc. The title matches the printed heading 2.4 on p52.,
SOMATOM_Force_IFU_VB30,sec_0093,52,5.6-numbering_scheme,PASS,,numbering_scheme is arabic. The footer shows 52 on physical page 52.,
SOMATOM_Force_IFU_VB30,sec_0093,52,5.6-offset_applied,PASS,,offset_applied is 0. Printed folio 52 equals physical page 52.,
SOMATOM_Force_IFU_VB30,sec_0093,52,5.5-filters_discarding,PASS,,"No figure is in this section on p52. Only the small warning, caution and info icons exist, and the text states their meaning. Nothing meaningful is lost.",
SOMATOM_Force_IFU_VB30,sec_0093,52,5.5-filters_passing_noise,PASS,,"No image is mapped to sec_0093, so no decorative image is kept.",
SOMATOM_Force_IFU_VB30,sec_0093,52,5.5-image_section_mapping,PASS,,"No image is mapped to sec_0093 and none is visible on p52 apart from small icons, so no image is missing or misplaced.",
SOMATOM_Force_IFU_VB30,sec_0099,56,5.4-hierarchy_level,PASS,,'2.5.4 Communication with the patient' (node #/texts/1121) is a numbered third-level heading under 2.5. hierarchy_level 3 is right.,
SOMATOM_Force_IFU_VB30,sec_0099,56,5.4-parent_child,PASS,,Parent sec_0094 (2.5) lists sec_0099 as a child. sec_0099 has no children and none are visible on p55-56.,
SOMATOM_Force_IFU_VB30,sec_0099,56,5.4-page_start_end,PASS,,On p55 the section starts at the heading #/texts/1121 and the intro (#/texts/1122) at the bottom of the page. On p56 it ends with the second CAUTION box about the intercom (#/texts/1135). The heading '2.5.5 Additional information on Cardiac CT examinations' on p56 belongs to sec_0100. The five CAUTION boxes at the top of p55 belong to sec_0098.,Running header and footer nodes of the page are inside the section. This is boilerplate and does not cross a boundary.
SOMATOM_Force_IFU_VB30,sec_0099,56,5.4-hierarchy_path,PASS,,The path /Safety information/Safety information on performing an examination/Communication with the patient matches heading 2.5.4.,
SOMATOM_Force_IFU_VB30,sec_0099,56,5.4-gaps_duplicates,PASS,,"The heading, the intro and the two CAUTION boxes of p56 are in sec_0099 once. The p55 boxes above the heading are in sec_0098 and the 2.5.5 content is in sec_0100.",
SOMATOM_Force_IFU_VB30,sec_0099,56,5.4-flagged_for_review,PASS,,"flagged_for_review is false and verification_score is 100.0. The heading is on p55, so the flag is right.",
SOMATOM_Force_IFU_VB30,sec_0099,56,5.4-structural_source,PASS,,structural_source is toc. The title matches the printed heading 2.5.4 on p55.,
SOMATOM_Force_IFU_VB30,sec_0099,56,5.6-numbering_scheme,PASS,,numbering_scheme is arabic. The footer shows 56 on physical page 56.,
SOMATOM_Force_IFU_VB30,sec_0099,56,5.6-offset_applied,PASS,,offset_applied is 0. Printed folio 56 equals physical page 56.,
SOMATOM_Force_IFU_VB30,sec_0099,56,5.5-filters_discarding,PASS,,"No figure is in this section on p55-56. Only small caution icons exist, and the text states their meaning. Nothing meaningful is lost.",
SOMATOM_Force_IFU_VB30,sec_0099,56,5.5-filters_passing_noise,PASS,,"No image is mapped to sec_0099, so no decorative image is kept.",
SOMATOM_Force_IFU_VB30,sec_0099,56,5.5-image_section_mapping,PASS,,"No image is mapped to sec_0099 and none is visible on p55-56 apart from small icons, so no image is missing or misplaced.",
SOMATOM_Force_IFU_VB30,sec_0118,66,5.4-hierarchy_level,PASS,,"On p66 the heading '2.8.4 Modifications in medical images' is a 3-level numbered heading. sec_0118 has hierarchy_level 3, which matches.",
SOMATOM_Force_IFU_VB30,sec_0118,66,5.4-parent_child,PASS,,sec_0118 has parent sec_0114 ('Safety information on basic image review') and no children. The numbering '2.8.4' sits under its parent number in the rendered page.,
SOMATOM_Force_IFU_VB30,sec_0118,66,5.4-page_start_end,PASS,,"The section starts at #/texts/1381 (heading 2.8.4, p66) and ends at #/texts/1398 (folio 66). The 3 CAUTION boxes below the heading on p66 are all in sec_0118. The pixel lens caution above the heading is in sec_0117. sec_0119 starts on p67.",page_end 66 is right.
SOMATOM_Force_IFU_VB30,sec_0118,66,5.4-hierarchy_path,PASS,,The path of sec_0118 ends with 'Modifications in medical images' and its ancestors match the numbering '2.8.4' seen on p66.,
SOMATOM_Force_IFU_VB30,sec_0118,66,5.4-gaps_duplicates,PASS,,Nodes #/texts/1381 to #/texts/1398 are continuous (semantic_order 1360 to 1377). The 3 CAUTION boxes are each present once. The footer nodes come in a different order (SOMATOM line first) but nothing is missing or repeated.,Only the order of the footer lines differs. This is harmless.
SOMATOM_Force_IFU_VB30,sec_0118,66,5.4-flagged_for_review,PASS,,"sec_0118 has flagged_for_review false and verification_score 100. The heading is visible on the page, so the flag is right.",
SOMATOM_Force_IFU_VB30,sec_0118,66,5.4-structural_source,PASS,,sec_0118 has structural_source toc. The bookmark heading '2.8.4 Modifications in medical images' is visible on p66.,
SOMATOM_Force_IFU_VB30,sec_0118,66,5.6-numbering_scheme,PASS,,"Folios on p66 are arabic numbers and section numbers are decimal ('2.8.4'). numbering_scheme is arabic, which matches.",
SOMATOM_Force_IFU_VB30,sec_0118,66,5.6-offset_applied,PASS,,The printed folio on the rendered p66 equals the physical page number. offset_applied 0 is correct.,
SOMATOM_Force_IFU_VB30,sec_0118,66,5.5-filters_discarding,PASS,,"p66 has only CAUTION text boxes. The small triangles are not extracted, but all text is kept. No figure is lost.",
SOMATOM_Force_IFU_VB30,sec_0118,66,5.5-filters_passing_noise,PASS,,No image is mapped to sec_0118. No decorative element was kept as an image.,
SOMATOM_Force_IFU_VB30,sec_0118,66,5.5-image_section_mapping,PASS,,"p66 has no figure or photo. images.json has no image for sec_0118, which is correct.",
SOMATOM_Force_IFU_VB30,sec_0135,73,5.4-hierarchy_level,PASS,,"On p73 the heading '2.10.2 Exporting data' is a 3-level numbered heading. sec_0135 has hierarchy_level 3, which matches.",
SOMATOM_Force_IFU_VB30,sec_0135,73,5.4-parent_child,PASS,,sec_0135 has parent sec_0133 ('Safety information on storing and archiving') and no children. The numbering '2.10.2' sits under its parent number in the rendered page.,
SOMATOM_Force_IFU_VB30,sec_0135,73,5.4-page_start_end,PASS,,"The section starts at #/texts/1566 (heading 2.10.2, p73) and ends at #/texts/1640 (p76, 'A medium is not finalized!' caution). On p76 the 3 CAUTION boxes above the heading 2.10.3 belong to 2.10.2 and are in sec_0135. The 2.10.3 caution 'Lossy compression' is in sec_0136. The p73 info note stays in sec_0134.",page_end 76 is right.
SOMATOM_Force_IFU_VB30,sec_0135,73,5.4-hierarchy_path,PASS,,The path of sec_0135 ends with 'Exporting data' and its ancestors match the numbering '2.10.2' seen on p73.,
SOMATOM_Force_IFU_VB30,sec_0135,73,5.4-gaps_duplicates,PASS,,"Nodes #/texts/1566 to #/texts/1640 are continuous (semantic_order 1546 to 1620) over p73 to p76. The cautions on p74, p75 and p76 are each present once. The USB caution 'Removal of USB device...' appears twice (#/texts/1590 and #/texts/1619), and the two copies have different neighbours.","The repeated USB caution is probably printed twice in the manual. I could not see p75 because only p73 and p76 were given, so this is not confirmed."
SOMATOM_Force_IFU_VB30,sec_0135,73,5.4-flagged_for_review,PASS,,"sec_0135 has flagged_for_review false and verification_score 100. The heading is visible on the page, so the flag is right.",
SOMATOM_Force_IFU_VB30,sec_0135,73,5.4-structural_source,PASS,,sec_0135 has structural_source toc. The bookmark heading '2.10.2 Exporting data' is visible on p73.,
SOMATOM_Force_IFU_VB30,sec_0135,73,5.6-numbering_scheme,PASS,,"Folios on p73 are arabic numbers and section numbers are decimal ('2.10.2'). numbering_scheme is arabic, which matches.",
SOMATOM_Force_IFU_VB30,sec_0135,73,5.6-offset_applied,PASS,,The printed folio on the rendered p73 equals the physical page number. offset_applied 0 is correct.,
SOMATOM_Force_IFU_VB30,sec_0135,73,5.5-filters_discarding,PASS,,"p73 and p76 show only CAUTION boxes. The small triangles are not extracted, but all text is kept. No figure is lost.",
SOMATOM_Force_IFU_VB30,sec_0135,73,5.5-filters_passing_noise,PASS,,No image is mapped to sec_0135. No decorative element was kept as an image.,
SOMATOM_Force_IFU_VB30,sec_0135,73,5.5-image_section_mapping,PASS,,"p73 and p76 have no figure or photo. images.json has no image for sec_0135, which is correct.",
SOMATOM_Force_IFU_VB30,sec_0138,79,5.4-hierarchy_level,PASS,,"On p79 the heading '2.11.1 syngo 3D' is a 3-level numbered heading. sec_0138 has hierarchy_level 3, which matches.",
SOMATOM_Force_IFU_VB30,sec_0138,79,5.4-parent_child,PASS,,sec_0138 has parent sec_0137 ('Safety information on postprocessing applications') and no children. The numbering '2.11.1' sits under its parent number in the rendered page.,
SOMATOM_Force_IFU_VB30,sec_0138,79,5.4-page_start_end,PASS,,"The section starts at #/texts/1662 (heading 2.11.1, p77) and ends at #/texts/1728 (folio 79). On p77 the 2.11 intro cautions above the heading are not in this section. The sub-labels 'Loading image data sets', '3D Bone Removal' and 'Fusion function' on p78 and p79 are inside 2.11.1. The heading 2.11.2 on p80 starts sec_0139.",page_end 79 is right.
SOMATOM_Force_IFU_VB30,sec_0138,79,5.4-hierarchy_path,PASS,,The path of sec_0138 ends with 'syngo 3D' and its ancestors match the numbering '2.11.1' seen on p79.,
SOMATOM_Force_IFU_VB30,sec_0138,79,5.4-gaps_duplicates,PASS,,"Nodes #/texts/1662 to #/texts/1728 are continuous (semantic_order 1642 to 1708) over p77 to p79. On p79 all cautions are present once, including the SUV caution and the 'Reduced resolution' caution. No overlap with sec_0139.",
SOMATOM_Force_IFU_VB30,sec_0138,79,5.4-flagged_for_review,PASS,,"sec_0138 has flagged_for_review false and verification_score 100. The heading is visible on the page, so the flag is right.",
SOMATOM_Force_IFU_VB30,sec_0138,79,5.4-structural_source,PASS,,sec_0138 has structural_source toc. The bookmark heading '2.11.1 syngo 3D' is visible on p77.,
SOMATOM_Force_IFU_VB30,sec_0138,79,5.6-numbering_scheme,PASS,,"Folios on p79 are arabic numbers and section numbers are decimal ('2.11.1'). numbering_scheme is arabic, which matches.",
SOMATOM_Force_IFU_VB30,sec_0138,79,5.6-offset_applied,PASS,,The printed folio on the rendered p79 equals the physical page number. offset_applied 0 is correct.,
SOMATOM_Force_IFU_VB30,sec_0138,79,5.5-filters_discarding,PASS,,"p79 has only CAUTION boxes and the orange label 'Fusion function'. The small triangles are not extracted, but all text is kept. No figure is lost.",
SOMATOM_Force_IFU_VB30,sec_0138,79,5.5-filters_passing_noise,PASS,,No image is mapped to sec_0138. No decorative element was kept as an image.,
SOMATOM_Force_IFU_VB30,sec_0138,79,5.5-image_section_mapping,PASS,,"p77 and p79 have no figure or photo. images.json has no image for sec_0138, which is correct.",
SOMATOM_Force_IFU_VB30,sec_0167,100,5.4-hierarchy_level,PASS,,"""Gantry operator panel with Touch Panel"" is a margin heading on p99 under the ""Gantry operator panels"" group. hierarchy_level 4 with parent sec_0155 fits this nesting.",
SOMATOM_Force_IFU_VB30,sec_0167,100,5.4-parent_child,PASS,,"Parent sec_0155 ""Gantry operator panels"" is right. The children sec_0168, sec_0169, sec_0170, sec_0171 and sec_0182 are the margin-heading subsections printed on p101 to p107 under this heading.",
SOMATOM_Force_IFU_VB30,sec_0167,100,5.4-page_start_end,PASS,,"Section starts on p99 with the heading node #/texts/2155 and its two intro paragraphs. It keeps the p100 text for the key legend (1) to (8). It keeps the two WARNING boxes of p101 (#/texts/2191 to 2204), which come before the first child heading. No node of a neighbour is absorbed. page_end 108 is the end of the last child sec_0182.","Node #/texts/2203 is typed ""heading"" but is only a bullet line of the second WARNING box. This does not change the section boundary."
SOMATOM_Force_IFU_VB30,sec_0167,100,5.4-hierarchy_path,PASS,,"Path /System description/Scan unit (gantry)/Gantry operator panels/Gantry operator panel with Touch Panel lists the ancestors in the right order, as seen in the page headers and margin headings.",
SOMATOM_Force_IFU_VB30,sec_0167,100,5.4-gaps_duplicates,PASS,,On p100 the paragraph and the key legend (Stop key to Laser lightmarker key) are all in sec_0167 once. The two WARNING boxes of p101 are in sec_0167 once and are not repeated in sec_0168. No text is missing or duplicated.,
SOMATOM_Force_IFU_VB30,sec_0167,100,5.4-flagged_for_review,PASS,,"flagged_for_review is false and verification_score is 100. The title is printed on p99 and the boundaries are correct, so the flag state is right.",
SOMATOM_Force_IFU_VB30,sec_0167,100,5.4-structural_source,PASS,,"sec_0167 has structural_source ""toc"". The title is a bookmark and is printed as a margin or section heading in the rendered page, so the TOC source is supported.",
SOMATOM_Force_IFU_VB30,sec_0167,100,5.6-numbering_scheme,PASS,,"The printed folios on p99 and p100 are arabic numbers, and sec_0167 has numbering_scheme ""arabic"". No roman folios are involved.",
SOMATOM_Force_IFU_VB30,sec_0167,100,5.6-offset_applied,PASS,,"The printed folio matches the physical page on p99 and p100 (for example p99 shows folio 99). offset_applied is 0, which is correct.",
SOMATOM_Force_IFU_VB30,sec_0167,100,5.5-filters_discarding,PASS,,"The Touch Panel figure on p100 is extracted as img_0048 (1150x920) with callouts 1 to 8 and the Stop, Start, Suspend and laser key icons. No other figure is on p99 to p101 in this section. No meaningful visual is lost.",
SOMATOM_Force_IFU_VB30,sec_0167,100,5.5-filters_passing_noise,PASS,,"img_0048 is the real Touch Panel figure. No logo, rule or footer divider is kept as an image for this section.",
SOMATOM_Force_IFU_VB30,sec_0167,100,5.5-image_section_mapping,PASS,,"img_0048 is on p100 above the key legend, which is the text of sec_0167. It is mapped to sec_0167. This is correct.",
SOMATOM_Force_IFU_VB30,sec_0168,101,5.4-hierarchy_level,PASS,,"""Start key/radiation warning"" is a margin heading on p101 inside the Touch Panel gantry panel group. hierarchy_level 5 under sec_0167 (level 4) is right.",
SOMATOM_Force_IFU_VB30,sec_0168,101,5.4-parent_child,PASS,,Parent sec_0167 is right. The section has no children and p101 shows no sub-heading under it.,
SOMATOM_Force_IFU_VB30,sec_0168,101,5.4-page_start_end,PASS,,"On p101 the section has the heading #/texts/2188, the sentence about triggering scanning, ""Encircling ring:"", and the Green and Yellow bullets (#/texts/2205 to 2208). The two WARNING boxes above it are in sec_0167. The next heading ""STOP key"" starts sec_0169. Boundaries are right.",
SOMATOM_Force_IFU_VB30,sec_0168,101,5.4-hierarchy_path,PASS,,"The path ends with the Start key/radiation warning heading under the Gantry operator panel with Touch Panel group, which is the printed nesting.",
SOMATOM_Force_IFU_VB30,sec_0168,101,5.4-gaps_duplicates,PASS,,"All text beside the margin heading on p101 is present once: the intro, the ring text and both colour bullets. Nothing is duplicated in sec_0167 or sec_0169.",
SOMATOM_Force_IFU_VB30,sec_0168,101,5.4-flagged_for_review,PASS,,"flagged_for_review is false, verification_score is 100, and the heading is printed on p101. The flag state is right.",
SOMATOM_Force_IFU_VB30,sec_0168,101,5.4-structural_source,PASS,,"sec_0168 has structural_source ""toc"". The title is a bookmark and is printed as a margin or section heading in the rendered page, so the TOC source is supported.",
SOMATOM_Force_IFU_VB30,sec_0168,101,5.6-numbering_scheme,PASS,,"The printed folios on p101 are arabic numbers, and sec_0168 has numbering_scheme ""arabic"". No roman folios are involved.",
SOMATOM_Force_IFU_VB30,sec_0168,101,5.6-offset_applied,PASS,,"The printed folio matches the physical page on p101 (for example p101 shows folio 101). offset_applied is 0, which is correct.",
SOMATOM_Force_IFU_VB30,sec_0168,101,5.5-filters_discarding,FAIL,Low,"On p101 the Start key icon (radiation symbol on a grey key) is printed left of the text ""Encircling ring"". It is not in images.json. It is a small icon, probably under the 80 px filter. The text names the key, so no information is lost.",Small icon dropped. Same pattern as the other key icons on p101 (see BUG-020/BUG-004 area filters). Impact is low.
SOMATOM_Force_IFU_VB30,sec_0168,101,5.5-filters_passing_noise,PASS,,No image is mapped to sec_0168. Nothing decorative is kept for this section.,
SOMATOM_Force_IFU_VB30,sec_0168,101,5.5-image_section_mapping,PASS,,No image is mapped to sec_0168 on p101. The only visual here is the small key icon (see filters_discarding). No visual is assigned to a wrong section.,
SOMATOM_Force_IFU_VB30,sec_0171,102,5.4-hierarchy_level,PASS,,"""Touch Panel"" is a margin heading on p102 under the Touch Panel gantry panel group. hierarchy_level 5 under sec_0167 is right.",
SOMATOM_Force_IFU_VB30,sec_0171,102,5.4-parent_child,PASS,,"Parent sec_0167 is right. The children sec_0172 to sec_0178 are the margin-heading subsections on p103 to p107 (Patient data display, Information icons display, Scan parameters display, and so on).",
SOMATOM_Force_IFU_VB30,sec_0171,102,5.4-page_start_end,PASS,,"On p102 the section starts at the heading #/texts/2215 ""Touch Panel"" and keeps the intro, the legend (1) to (6), and the screen-saver note (#/texts/2219 to 2227). The laser lightmarker paragraphs printed above the heading are in sec_0170, not here. page_end 107 is the end of the last child. Boundaries are right.",This was the BUG-029 margin heading merge case. In v1.10 the sentence is in sec_0170 as #/texts/2215-tail.
SOMATOM_Force_IFU_VB30,sec_0171,102,5.4-hierarchy_path,PASS,,The path ends with Touch Panel under Gantry operator panel with Touch Panel. This matches the printed nesting.,
SOMATOM_Force_IFU_VB30,sec_0171,102,5.4-gaps_duplicates,PASS,,"The intro, the six legend lines and the screen-saver note of p102 are all here once. Nothing from this section is in sec_0170 or in a child. No gap and no duplicate.",
SOMATOM_Force_IFU_VB30,sec_0171,102,5.4-flagged_for_review,PASS,,"flagged_for_review is false and verification_score is 100. The title is printed on p102, so the flag state is right.",
SOMATOM_Force_IFU_VB30,sec_0171,102,5.4-structural_source,PASS,,"sec_0171 has structural_source ""toc"". The title is a bookmark and is printed as a margin or section heading in the rendered page, so the TOC source is supported.",
SOMATOM_Force_IFU_VB30,sec_0171,102,5.6-numbering_scheme,PASS,,"The printed folios on p102 are arabic numbers, and sec_0171 has numbering_scheme ""arabic"". No roman folios are involved.",
SOMATOM_Force_IFU_VB30,sec_0171,102,5.6-offset_applied,PASS,,"The printed folio matches the physical page on p102 (for example p102 shows folio 102). offset_applied is 0, which is correct.",
SOMATOM_Force_IFU_VB30,sec_0171,102,5.5-filters_discarding,PASS,,"The Touch Panel screen figure on p102 with callouts 1 to 6 is extracted as img_0049 (1150x1266). The two small ""i"" note icons are only note markers, and the note text is kept in #/texts/2226 and 2227. No meaningful visual is lost.","Small ""i"" note icons are not extracted. Not graded as a defect because they carry no data."
SOMATOM_Force_IFU_VB30,sec_0171,102,5.5-filters_passing_noise,PASS,,"img_0049 is the real screen figure. No logo, rule or divider is kept as an image.",
SOMATOM_Force_IFU_VB30,sec_0171,102,5.5-image_section_mapping,PASS,,"img_0049 is on p102 below the heading ""Touch Panel"" and above its legend. It is mapped to sec_0171. This is correct. Images on p103 to p107 are mapped to the child sections.",
SOMATOM_Force_IFU_VB30,sec_0172,103,5.4-hierarchy_level,PASS,,"""Patient data display"" is a margin heading on p103 under ""Touch Panel"". hierarchy_level 6 under sec_0171 (level 5) is right.",
SOMATOM_Force_IFU_VB30,sec_0172,103,5.4-parent_child,PASS,,"Parent sec_0171 is right. The section has no children, and p103 shows no sub-heading below it. Siblings ""Information icons display"" and ""Scan parameters display"" follow.",
SOMATOM_Force_IFU_VB30,sec_0172,103,5.4-page_start_end,PASS,,"On p103 the section starts with the heading #/texts/2232 and #/texts/2234-tail (the patient data sentence). It keeps the legend for Patient Information display and Show/Hide icon (#/texts/2235 to 2240). The next heading ""Information icons display"" starts sec_0173. Boundaries are right.",Node 2234-tail is the second part of a node the pipeline split. It is in the right section and has no copy elsewhere in this batch.
SOMATOM_Force_IFU_VB30,sec_0172,103,5.4-hierarchy_path,PASS,,The path ends with Touch Panel / Patient data display. This matches the printed nesting.,
SOMATOM_Force_IFU_VB30,sec_0172,103,5.4-gaps_duplicates,PASS,,The sentence about patient data and both legend items are present once. #/texts/2234-tail is not repeated in sec_0171 or sec_0173. No gap and no duplicate.,
SOMATOM_Force_IFU_VB30,sec_0172,103,5.4-flagged_for_review,PASS,,"flagged_for_review is false and verification_score is 100. The title is printed on p103, so the flag state is right.",
SOMATOM_Force_IFU_VB30,sec_0172,103,5.4-structural_source,PASS,,"sec_0172 has structural_source ""toc"". The title is a bookmark and is printed as a margin or section heading in the rendered page, so the TOC source is supported.",
SOMATOM_Force_IFU_VB30,sec_0172,103,5.6-numbering_scheme,PASS,,"The printed folios on p103 are arabic numbers, and sec_0172 has numbering_scheme ""arabic"". No roman folios are involved.",
SOMATOM_Force_IFU_VB30,sec_0172,103,5.6-offset_applied,PASS,,"The printed folio matches the physical page on p103 (for example p103 shows folio 103). offset_applied is 0, which is correct.",
SOMATOM_Force_IFU_VB30,sec_0172,103,5.5-filters_discarding,PASS,,The small patient data bar figure with callouts 1 and 2 on p103 is extracted as img_0050 (575x172). The other two p103 figures belong to sec_0173 and sec_0174. No meaningful visual is lost.,
SOMATOM_Force_IFU_VB30,sec_0172,103,5.5-filters_passing_noise,PASS,,img_0050 is the real figure. No decorative element is kept.,
SOMATOM_Force_IFU_VB30,sec_0172,103,5.5-image_section_mapping,PASS,,"img_0050 sits under the ""Patient data display"" text on p103. It is mapped to sec_0172. The two figures below (img_0051, img_0052) are mapped to their own sections. This is correct.",
SOMATOM_Force_IFU_VB30,sec_0185,109,5.4-hierarchy_level,PASS,,"""Line On/Off reset button"" is a margin heading on p109 beside the reset button text. hierarchy_level 4 with parent sec_0183 is right and matches its sibling sec_0184.",
SOMATOM_Force_IFU_VB30,sec_0185,109,5.4-parent_child,PASS,,"Parent sec_0183 ""Connectors"" is right. The section has no children and no sub-heading is printed.",
SOMATOM_Force_IFU_VB30,sec_0185,109,5.4-page_start_end,PASS,,"On p109 the section has the heading #/texts/2357 and the two paragraphs about disconnecting the system (#/texts/2362, 2363). The heading ""3.3 Patient Table"" below starts another section. No neighbour content is absorbed. Boundaries are right.",
SOMATOM_Force_IFU_VB30,sec_0185,109,5.4-hierarchy_path,PASS,,The path ends with Connectors / Line On/Off reset button. This matches the printed nesting.,
SOMATOM_Force_IFU_VB30,sec_0185,109,5.4-gaps_duplicates,PASS,,Both paragraphs on p109 are present once. The legend item (4) with the same title text is in sec_0184 because it belongs to the photo legend. No gap and no duplicate.,
SOMATOM_Force_IFU_VB30,sec_0185,109,5.4-flagged_for_review,PASS,,"flagged_for_review is false and verification_score is 100. The title is printed on p109, so the flag state is right.",
SOMATOM_Force_IFU_VB30,sec_0185,109,5.4-structural_source,PASS,,"sec_0185 has structural_source ""toc"". The title is a bookmark and is printed as a margin or section heading in the rendered page, so the TOC source is supported.",
SOMATOM_Force_IFU_VB30,sec_0185,109,5.6-numbering_scheme,PASS,,"The printed folios on p109 are arabic numbers, and sec_0185 has numbering_scheme ""arabic"". No roman folios are involved.",
SOMATOM_Force_IFU_VB30,sec_0185,109,5.6-offset_applied,PASS,,"The printed folio matches the physical page on p109 (for example p109 shows folio 109). offset_applied is 0, which is correct.",
SOMATOM_Force_IFU_VB30,sec_0185,109,5.5-filters_discarding,PASS,,Only text is printed under this heading on p109. The connector photo above is extracted as img_0063 in sec_0184. No meaningful visual is lost for this section.,
SOMATOM_Force_IFU_VB30,sec_0185,109,5.5-filters_passing_noise,PASS,,No image is mapped to sec_0185 and none is needed. No decorative element is kept.,
SOMATOM_Force_IFU_VB30,sec_0185,109,5.5-image_section_mapping,PASS,,No image is mapped to sec_0185 and none belongs to it on p109. The photo belongs to sec_0184. This is correct.,
SOMATOM_Force_IFU_VB30,sec_0188,110,5.4-hierarchy_level,PASS,,On p110 'Labels' is a margin sub-heading in the Patient table section. It is a level-4 bookmark under the level-3 table section. Level 4 is right.,
SOMATOM_Force_IFU_VB30,sec_0188,110,5.4-parent_child,PASS,,Parent sec_0187 'Patient table with 2000 mm scan range' (p109-112) is correct. sec_0188 and its next sibling sec_0189 'Material' both sit under it.,
SOMATOM_Force_IFU_VB30,sec_0188,110,5.4-page_start_end,PASS,,"The section starts on p110 at the 'Labels' margin heading (#/texts/2390) and the Type B applied part label (#/texts/2391-2394). It ends on p111 after the 'Caution, leg injuries' text (#/texts/2402-2403). 'Material' on p111 starts sec_0189. The table photo and the (1)-(9) list on p110 are not in this section (they belong to sec_0187).","Node #/texts/2390 joins the margin heading 'Labels' with the first sentence (BUG-029 style merge). The text is kept, so it is not a defect here."
SOMATOM_Force_IFU_VB30,sec_0188,110,5.4-hierarchy_path,PASS,,The path ends with 'Labels' under sec_0187 Patient table with 2000 mm scan range and matches the visible nesting of the headings on the page.,
SOMATOM_Force_IFU_VB30,sec_0188,110,5.4-gaps_duplicates,PASS,,All label text on p110-111 appears once: Type B label (#/texts/2391-2394) and leg-injury label (#/texts/2402-2403). Nothing is missing.,
SOMATOM_Force_IFU_VB30,sec_0188,110,5.4-flagged_for_review,PASS,,"The section is not flagged and its title is found where the bookmark points (verification_score is high), so the missing flag is not a defect.",
SOMATOM_Force_IFU_VB30,sec_0188,110,5.4-structural_source,PASS,,structural_source is toc and the section title is a bookmark title that is visible in the PDF page layout.,
SOMATOM_Force_IFU_VB30,sec_0188,110,5.6-numbering_scheme,PASS,,"The printed folio on the rendered page is plain arabic (110), and the section has numbering_scheme arabic.",
SOMATOM_Force_IFU_VB30,sec_0188,110,5.6-offset_applied,PASS,,offset_applied is 0 and the printed folio equals the physical page number on the sampled page (p110).,
SOMATOM_Force_IFU_VB30,sec_0188,110,5.5-filters_discarding,PASS,,Both label pictures on p110-111 were extracted: img_0065 (Type B person symbol) and img_0066 (leg-injury sign). No figure is lost. The page-110 table photo is img_0064 in sec_0187.,
SOMATOM_Force_IFU_VB30,sec_0188,110,5.5-filters_passing_noise,PASS,,"img_0065 and img_0066 are real label symbols that the text describes. Neither is a rule, logo or footer decoration.",
SOMATOM_Force_IFU_VB30,sec_0188,110,5.5-image_section_mapping,FAIL,Medium,"img_0066 (p111, 508x255) is mapped to the right section sec_0188, but the PNG is stored upside down. On the page the arrow points down and the triangle is at the lower right. In img_0066 the arrow points up and the triangle is at the upper right (180 degree turn).","BUG-013 (rotated image). The picture is in the right section and complete, but a reader or model gets a wrong sign. img_0065 on p110 is upright."
SOMATOM_Force_IFU_VB30,sec_0195,114,5.4-hierarchy_level,PASS,,"""Equipotential bonding connector pin"" is a margin heading at the top of p114 under ""Operating elements and connectors"". hierarchy_level 5 under sec_0194 (level 4) is right.",
SOMATOM_Force_IFU_VB30,sec_0195,114,5.4-parent_child,PASS,,Parent sec_0194 is right and lists sec_0195 as a child. The section has no children. Siblings sec_0196 and sec_0197 follow on p114.,
SOMATOM_Force_IFU_VB30,sec_0195,114,5.4-page_start_end,FAIL,Critical,"On p114 the heading ""Equipotential bonding connector pin"" and its paragraph about the connector pin (IEC 60601-1 text) are printed at the top. sec_0195 has node_count 0 and no semantic nodes. The section is empty, not even its heading is kept.","Probably the heading and paragraph were absorbed by the parent sec_0194 (4 nodes, order 2432 to 2435, just before sec_0196 at 2436). This batch does not show sec_0194 nodes, so the receiving section is not confirmed. Root cause probably a heading anchor problem (BUG-019 or BUG-029)."
SOMATOM_Force_IFU_VB30,sec_0195,114,5.4-hierarchy_path,PASS,,The path ends with Multi-purpose table / Operating elements and connectors / Equipotential bonding connector pin. This matches the printed nesting on p114.,
SOMATOM_Force_IFU_VB30,sec_0195,114,5.4-gaps_duplicates,FAIL,Critical,"The paragraph ""The connector pin is used for potential equalization with other medical devices..."" on p114 is not in sec_0195, which has 0 nodes. The content is missing from its owner. The heading text is also missing.","Content is in another section or lost. If it is in sec_0194, that section also fails page_start_end (rule 6e). Probably BUG-019 or BUG-029."
SOMATOM_Force_IFU_VB30,sec_0195,114,5.4-flagged_for_review,PASS,,"flagged_for_review is false and verification_score is 100. The title bookmark and the margin heading on p114 agree. The problem is the empty content, graded in page_start_end and gaps_duplicates.","Flag state alone is not a failure. An empty section probably should be flagged, but the defect is graded in the 5.4 rows."
SOMATOM_Force_IFU_VB30,sec_0195,114,5.4-structural_source,PASS,,"sec_0195 has structural_source ""toc"". The title is a bookmark and is printed as a margin or section heading in the rendered page, so the TOC source is supported.",
SOMATOM_Force_IFU_VB30,sec_0195,114,5.6-numbering_scheme,PASS,,"The printed folios on p114 are arabic numbers, and sec_0195 has numbering_scheme ""arabic"". No roman folios are involved.",
SOMATOM_Force_IFU_VB30,sec_0195,114,5.6-offset_applied,PASS,,"The printed folio matches the physical page on p114 (for example p114 shows folio 114). offset_applied is 0, which is correct.",
SOMATOM_Force_IFU_VB30,sec_0195,114,5.5-filters_discarding,PASS,,"The p114 text of this section has no picture of its own. The two figures on p114 (PMM module, img_0071, and predecessor PMM, img_0070) are extracted. No visual of sec_0195 is lost.",
SOMATOM_Force_IFU_VB30,sec_0195,114,5.5-filters_passing_noise,PASS,,No image is mapped to sec_0195. The two p114 images are real figures. No decorative element is kept.,
SOMATOM_Force_IFU_VB30,sec_0195,114,5.5-image_section_mapping,PASS,,sec_0195 has no figure on p114 and none is mapped to it. This is correct for this section.,Side note for other batches: img_0070 (predecessor PMM figure under the PMM text) is mapped to sec_0197 but probably belongs to sec_0196.
SOMATOM_Force_IFU_VB30,sec_0203,117,5.4-hierarchy_level,PASS,,"On p116 'Orientation aids' is a small margin heading under the RTP table top block, one level below sec_0201. Level 6 is right.",
SOMATOM_Force_IFU_VB30,sec_0203,117,5.4-parent_child,PASS,,"parent_section_id sec_0201 is the RTP table top, and sec_0201 lists sec_0203 in child_sections. No children, which fits a short topic.",
SOMATOM_Force_IFU_VB30,sec_0203,117,5.4-page_start_end,PASS,,Section starts on p116 with the 'Orientation aids' label (#/texts/2491) and its intro (#/texts/2509). It ends on p117 with the legend lines (#/texts/2513 to 2515) and the table #/tables/9. The '3.3.3 Definitions and limit values' heading below the table is not in sec_0203. It belongs to sec_0204.,Page range p116-p117 was checked on the rendered pages. Running header and footer nodes stay inside the section range; this is not a boundary error.
SOMATOM_Force_IFU_VB30,sec_0203,117,5.4-hierarchy_path,PASS,,"Path ends with Radiation Therapy Planning (RTP) table top > Orientation aids, as printed on p116.",
SOMATOM_Force_IFU_VB30,sec_0203,117,5.4-gaps_duplicates,PASS,,Content on p116-p117 is in sec_0203 once. The CAUTION box and the adaptor texts on p116 are in sec_0201 and sec_0202. No node is repeated. The next heading 3.3.3 is in sec_0204.,
SOMATOM_Force_IFU_VB30,sec_0203,117,5.4-flagged_for_review,PASS,,sec_0203 has flagged_for_review false and verification_score 100. The title 'Orientation aids' is printed on p116-p117 where the section starts. No review problem is seen.,
SOMATOM_Force_IFU_VB30,sec_0203,117,5.4-structural_source,PASS,,"structural_source is 'toc'. The bookmark title 'Orientation aids' matches the printed heading or label on the page, so no extra inferred-structure risk is seen.",
SOMATOM_Force_IFU_VB30,sec_0203,117,5.6-numbering_scheme,PASS,,"numbering_scheme is arabic. Printed folios on p116-p117 are arabic numbers in the footer, with no roman pages here.",
SOMATOM_Force_IFU_VB30,sec_0203,117,5.6-offset_applied,PASS,,offset_applied is 0. The footer folio matches the physical page number on p116-p117 (for example p116). Neighbouring sections also use offset 0.,
SOMATOM_Force_IFU_VB30,sec_0203,117,5.6-table_content,PASS,,"The #/tables/9 text has a header row and three data rows: Air filled plastic tube, Perspex rod, 3 copper wires. Position and Function cells match the p117 render. Only line-break hyphens remain ('x-direc- tion'). Values keep their meaning.",Hyphenation breaks are cosmetic.
SOMATOM_Force_IFU_VB30,sec_0203,117,5.5-filters_discarding,PASS,,"img_0080 (p117, 1111x888) shows the table top with callouts 1, 2 and 3. It is complete and sits above the legend and table of 'Orientation aids'. It is mapped to sec_0203. No meaningful figure is lost.",
SOMATOM_Force_IFU_VB30,sec_0203,117,5.5-filters_passing_noise,PASS,,"The extracted images on these pages are real figures or photos. No logo, rule or footer divider was kept as an image for this section.",
SOMATOM_Force_IFU_VB30,sec_0203,117,5.5-image_section_mapping,PASS,,"img_0080 (p117, 1111x888) shows the table top with callouts 1, 2 and 3. It is complete and sits above the legend and table of 'Orientation aids'. It is mapped to sec_0203.",
SOMATOM_Force_IFU_VB30,sec_0208,121,5.4-hierarchy_level,PASS,,"On p120 the printed heading is '3.4.1 3D camera', one level under '3.4 Camera system'. Level 3 matches.",
SOMATOM_Force_IFU_VB30,sec_0208,121,5.4-parent_child,PASS,,"parent_section_id sec_0207 is the Camera system section and it lists sec_0208 as child. No children, which fits.",
SOMATOM_Force_IFU_VB30,sec_0208,121,5.4-page_start_end,PASS,,"Section starts on p120 with heading #/texts/2561 '3.4.1 3D camera' and two paragraphs. It ends on p121 with the five info-box notes (#/texts/2568 to 2574). The '3.5 syngo Acquisition Workplace' heading at the bottom of p121 is not in sec_0208; it is in sec_0209. The ceiling mount legend (1)-(4) on p120 is above the heading, so it is not part of this section.","Checker note: it reads node #/texts/2557 (p120) as a '3D camera' heading owned by sec_0207. On the render that text is the legend line '(4) 3D camera' of the ceiling mount figure, not a heading, so this is a false signal. Page range p120-p121 was checked on the rendered pages. Running header and footer nodes stay inside the section range; this is not a boundary error."
SOMATOM_Force_IFU_VB30,sec_0208,121,5.4-hierarchy_path,PASS,,Path /System description/Camera system (optional)/3D camera matches the 3.4 and 3.4.1 headings.,
SOMATOM_Force_IFU_VB30,sec_0208,121,5.4-gaps_duplicates,PASS,,"The p120 legend and info box above the heading are in sec_0207, not here. All paragraphs after the heading on p120 and the info boxes on p121 are in sec_0208 once. No repeats.",
SOMATOM_Force_IFU_VB30,sec_0208,121,5.4-flagged_for_review,PASS,,sec_0208 has flagged_for_review false and verification_score 100. The title '3D camera' is printed on p120-p121 where the section starts. No review problem is seen.,
SOMATOM_Force_IFU_VB30,sec_0208,121,5.4-structural_source,PASS,,"structural_source is 'toc'. The bookmark title '3D camera' matches the printed heading or label on the page, so no extra inferred-structure risk is seen.",
SOMATOM_Force_IFU_VB30,sec_0208,121,5.6-numbering_scheme,PASS,,"numbering_scheme is arabic. Printed folios on p120-p121 are arabic numbers in the footer, with no roman pages here.",
SOMATOM_Force_IFU_VB30,sec_0208,121,5.6-offset_applied,PASS,,offset_applied is 0. The footer folio matches the physical page number on p120-p121 (for example p120). Neighbouring sections also use offset 0.,
SOMATOM_Force_IFU_VB30,sec_0208,121,5.5-filters_discarding,PASS,,"img_0083 (p120) is the ceiling mount photo above the 3.4.1 heading and is mapped to sec_0207. That is right. img_0084 (p121, 1150x920) is the 3D camera room scene and is mapped to sec_0208. It is complete. The small 'i' note icons are not extracted; each note text is kept in nodes #/texts/2568 to 2574. No meaningful figure is lost.",
SOMATOM_Force_IFU_VB30,sec_0208,121,5.5-filters_passing_noise,PASS,,"The extracted images on these pages are real figures or photos. No logo, rule or footer divider was kept as an image for this section.",
SOMATOM_Force_IFU_VB30,sec_0208,121,5.5-image_section_mapping,PASS,,"img_0083 (p120) is the ceiling mount photo above the 3.4.1 heading and is mapped to sec_0207. That is right. img_0084 (p121, 1150x920) is the 3D camera room scene and is mapped to sec_0208. It is complete. The small 'i' note icons are not extracted; each note text is kept in nodes #/texts/2568 to 2574.",
SOMATOM_Force_IFU_VB30,sec_0213,124,5.4-hierarchy_level,PASS,,Printed heading '3.5.4 Control box' is a sub-section of 3.5. Level 3 matches sibling sec_0212. Its three children are level 4.,
SOMATOM_Force_IFU_VB30,sec_0213,124,5.4-parent_child,PASS,,"parent_section_id sec_0209 lists sec_0213 as child. Children sec_0214, sec_0215 and sec_0216 point back to sec_0213 as parent. This matches the page order.",
SOMATOM_Force_IFU_VB30,sec_0213,124,5.4-page_start_end,PASS,,"Own nodes #/texts/2622 to 2632 are all on p124: heading, bullets, info-box note and the radiation lamp sentence. The page range p124-p127 includes the children, which hold the key list on p125-p126 and the key photos on p126-p127. On p127 no text of sec_0213 itself is missed or taken by it.",Page range p124-p127 was checked on the rendered pages.
SOMATOM_Force_IFU_VB30,sec_0213,124,5.4-hierarchy_path,PASS,,Path /System description/syngo Acquisition Workplace/Control box is right.,
SOMATOM_Force_IFU_VB30,sec_0213,124,5.4-gaps_duplicates,PASS,,"Heading and intro of 3.5.4 are in sec_0213 once. The key table is in sec_0214, the 'Control box keys' text is in sec_0215 and the 'On/Off keys' text is in sec_0216. Nothing is repeated across them.",
SOMATOM_Force_IFU_VB30,sec_0213,124,5.4-flagged_for_review,PASS,,sec_0213 has flagged_for_review false and verification_score 100. The title 'Control box' is printed on p124-p127 where the section starts. No review problem is seen.,
SOMATOM_Force_IFU_VB30,sec_0213,124,5.4-structural_source,PASS,,"structural_source is 'toc'. The bookmark title 'Control box' matches the printed heading or label on the page, so no extra inferred-structure risk is seen.",
SOMATOM_Force_IFU_VB30,sec_0213,124,5.6-numbering_scheme,PASS,,"numbering_scheme is arabic. Printed folios on p124-p127 are arabic numbers in the footer, with no roman pages here.",
SOMATOM_Force_IFU_VB30,sec_0213,124,5.6-offset_applied,PASS,,offset_applied is 0. The footer folio matches the physical page number on p124-p127 (for example p124). Neighbouring sections also use offset 0.,
SOMATOM_Force_IFU_VB30,sec_0213,124,5.5-filters_discarding,PASS,,"On p127 the Computer On and System Off photos are mapped to sec_0216 (On/Off keys) with img_0090 and img_0091. They are under the 'On/Off keys' heading, so this is right. The control box figure img_0088 is in sec_0214. sec_0213 has no own figure and none is visible on p124 above its text. No meaningful figure is lost.",
SOMATOM_Force_IFU_VB30,sec_0213,124,5.5-filters_passing_noise,PASS,,"The extracted images on these pages are real figures or photos. No logo, rule or footer divider was kept as an image for this section.",
SOMATOM_Force_IFU_VB30,sec_0213,124,5.5-image_section_mapping,PASS,,"On p127 the Computer On and System Off photos are mapped to sec_0216 (On/Off keys) with img_0090 and img_0091. They are under the 'On/Off keys' heading, so this is right. The control box figure img_0088 is in sec_0214. sec_0213 has no own figure and none is visible on p124 above its text.",
SOMATOM_Force_IFU_VB30,sec_0214,125,5.4-hierarchy_level,PASS,,"'Operating elements' is a margin label inside 3.5.4 Control box, so level 4 under sec_0213 is right.",
SOMATOM_Force_IFU_VB30,sec_0214,125,5.4-parent_child,PASS,,parent_section_id sec_0213 lists sec_0214 as child. Siblings are sec_0215 and sec_0216. No children.,
SOMATOM_Force_IFU_VB30,sec_0214,125,5.4-page_start_end,PASS,,"Section starts on p125 with the 'Operating elements' label (#/texts/2634) and the numbered key list (1) to (11). It continues on p126 with the second part of the STOP key text (#/texts/2668-tail) and items (12) to (19) ending at 'Suspend key' (#/texts/2686). The 'Control box keys' label and its WARNING box on p126 are not here; they are in sec_0215. On p125-p126 the page header '3 System description' and the footer lines appear as nodes (#/texts/2633, 2663 to 2666). They are boilerplate inside the page range.",Page range p125-p126 was checked on the rendered pages.
SOMATOM_Force_IFU_VB30,sec_0214,125,5.4-hierarchy_path,PASS,,Path .../Control box/Operating elements matches the nesting.,
SOMATOM_Force_IFU_VB30,sec_0214,125,5.4-gaps_duplicates,PASS,,"The node #/texts/2668-tail is the second half of a split node. It holds the 'With the STOP key...' text of item (11) and it is in the right section. This text is not repeated in another node of sec_0214. All 19 key items are present once, although the order of items (3) and (4) is mixed (#/texts/2641 to 2646). Cause is probably reading order. No content is in another section.",
SOMATOM_Force_IFU_VB30,sec_0214,125,5.4-flagged_for_review,PASS,,sec_0214 has flagged_for_review false and verification_score 100. The title 'Operating elements' is printed on p125-p126 where the section starts. No review problem is seen.,
SOMATOM_Force_IFU_VB30,sec_0214,125,5.4-structural_source,PASS,,"structural_source is 'toc'. The bookmark title 'Operating elements' matches the printed heading or label on the page, so no extra inferred-structure risk is seen.",
SOMATOM_Force_IFU_VB30,sec_0214,125,5.6-numbering_scheme,PASS,,"numbering_scheme is arabic. Printed folios on p125-p126 are arabic numbers in the footer, with no roman pages here.",
SOMATOM_Force_IFU_VB30,sec_0214,125,5.6-offset_applied,PASS,,offset_applied is 0. The footer folio matches the physical page number on p125-p126 (for example p125). Neighbouring sections also use offset 0.,
SOMATOM_Force_IFU_VB30,sec_0214,125,5.5-filters_discarding,PASS,,"img_0088 (p125, 1150x888) is the full control box figure with callouts 1 to 19 and the warning label text. It is complete and mapped to sec_0214. No meaningful figure is lost.",
SOMATOM_Force_IFU_VB30,sec_0214,125,5.5-filters_passing_noise,PASS,,"The extracted images on these pages are real figures or photos. No logo, rule or footer divider was kept as an image for this section.",
SOMATOM_Force_IFU_VB30,sec_0214,125,5.5-image_section_mapping,PASS,,"img_0088 (p125, 1150x888) is the full control box figure with callouts 1 to 19 and the warning label text. It is complete and mapped to sec_0214.",
SOMATOM_Force_IFU_VB30,sec_0217,128,5.4-hierarchy_level,PASS,,"Printed heading '3.6 Heat exchanger' is a top-level topic of chapter 3, like 3.4 and 3.5. Level 2 matches sec_0207 and sec_0209.",
SOMATOM_Force_IFU_VB30,sec_0217,128,5.4-parent_child,PASS,,"parent_section_id sec_0150 lists sec_0217 as child, between sec_0209 and sec_0218.",
SOMATOM_Force_IFU_VB30,sec_0217,128,5.4-page_start_end,PASS,,"Section starts and ends on p128: heading #/texts/2715, intro #/texts/2716 and the legend lines #/texts/2717 and 2718. The '3.7 Accessories' heading below the legend is not in sec_0217; it is in sec_0218.","Checker note: it says the paragraph #/texts/2716 is above the heading. On the render the paragraph is below the '3.6 Heat exchanger' heading, so this is a false signal. Page range p128 was checked on the rendered pages."
SOMATOM_Force_IFU_VB30,sec_0217,128,5.4-hierarchy_path,PASS,,Path /System description/Heat exchanger matches the heading '3.6'.,
SOMATOM_Force_IFU_VB30,sec_0217,128,5.4-gaps_duplicates,PASS,,Nodes #/texts/2714 to 2718 appear once. The Accessories text and CAUTION/WARNING boxes on p128 are in sec_0218. No repeats.,
SOMATOM_Force_IFU_VB30,sec_0217,128,5.4-flagged_for_review,PASS,,sec_0217 has flagged_for_review false and verification_score 100. The title 'Heat exchanger' is printed on p128 where the section starts. No review problem is seen.,
SOMATOM_Force_IFU_VB30,sec_0217,128,5.4-structural_source,PASS,,"structural_source is 'toc'. The bookmark title 'Heat exchanger' matches the printed heading or label on the page, so no extra inferred-structure risk is seen.",
SOMATOM_Force_IFU_VB30,sec_0217,128,5.6-numbering_scheme,PASS,,"numbering_scheme is arabic. Printed folios on p128 are arabic numbers in the footer, with no roman pages here.",
SOMATOM_Force_IFU_VB30,sec_0217,128,5.6-offset_applied,PASS,,offset_applied is 0. The footer folio matches the physical page number on p128 (for example p128). Neighbouring sections also use offset 0.,
SOMATOM_Force_IFU_VB30,sec_0217,128,5.5-filters_discarding,PASS,,"img_0092 (p128, 1110x422) shows both photos: the heat exchanger (1) and the external fan assembly (2). It is complete and mapped to sec_0217. No meaningful figure is lost.",
SOMATOM_Force_IFU_VB30,sec_0217,128,5.5-filters_passing_noise,PASS,,"The extracted images on these pages are real figures or photos. No logo, rule or footer divider was kept as an image for this section.",
SOMATOM_Force_IFU_VB30,sec_0217,128,5.5-image_section_mapping,PASS,,"img_0092 (p128, 1110x422) shows both photos: the heat exchanger (1) and the external fan assembly (2). It is complete and mapped to sec_0217.",
SOMATOM_Force_IFU_VB30,sec_0234,134,5.4-hierarchy_level,PASS,,"'Velcro straps for head and body fixation' is a margin label inside Pediatric cradle, next to sibling labels such as sec_0233. Level 5 matches.",
SOMATOM_Force_IFU_VB30,sec_0234,134,5.4-parent_child,PASS,,parent_section_id sec_0229 lists sec_0234 among its child_sections. No children.,
SOMATOM_Force_IFU_VB30,sec_0234,134,5.4-page_start_end,PASS,,"Section starts on p133 with the label (#/texts/2814) and the paragraph (#/texts/2829) at the page bottom. It ends on p134 with the sentence 'For the positioning of larger patients, the Velcro straps are used for the fixation of the flaps.' (#/texts/2837). That sentence follows the Velcro paragraph on the page break, so it belongs here. The 'Cushions' label on p134 is not in sec_0234; it is in sec_0235.",Page range p133-p134 was checked on the rendered pages. Running header and footer nodes stay inside the section range; this is not a boundary error.
SOMATOM_Force_IFU_VB30,sec_0234,134,5.4-hierarchy_path,PASS,,Path .../Pediatric cradle/Velcro straps for head and body fixation is right.,
SOMATOM_Force_IFU_VB30,sec_0234,134,5.4-gaps_duplicates,PASS,,"Label, paragraph and the p134 sentence appear once. Footer/header nodes #/texts/2830 to 2833 are boilerplate. No content from sec_0233 or sec_0235 is seen here.",
SOMATOM_Force_IFU_VB30,sec_0234,134,5.4-flagged_for_review,PASS,,sec_0234 has flagged_for_review false and verification_score 100. The title 'Velcro straps for head and body fixation' is printed on p133-p134 where the section starts. No review problem is seen.,
SOMATOM_Force_IFU_VB30,sec_0234,134,5.4-structural_source,PASS,,"structural_source is 'toc'. The bookmark title 'Velcro straps for head and body fixation' matches the printed heading or label on the page, so no extra inferred-structure risk is seen.",
SOMATOM_Force_IFU_VB30,sec_0234,134,5.6-numbering_scheme,PASS,,"numbering_scheme is arabic. Printed folios on p133-p134 are arabic numbers in the footer, with no roman pages here.",
SOMATOM_Force_IFU_VB30,sec_0234,134,5.6-offset_applied,PASS,,offset_applied is 0. The footer folio matches the physical page number on p133-p134 (for example p133). Neighbouring sections also use offset 0.,
SOMATOM_Force_IFU_VB30,sec_0234,134,5.5-filters_discarding,PASS,,No figure belongs to this label. The cradle figure (img_0102) is above the legend on p133 and is mapped to sec_0229. The warning triangle (img_0101) is mapped to sec_0232. The p134 head holder photos are mapped to sec_0236 and sec_0237. All are right. No meaningful figure is lost.,
SOMATOM_Force_IFU_VB30,sec_0234,134,5.5-filters_passing_noise,PASS,,"The extracted images on these pages are real figures or photos. No logo, rule or footer divider was kept as an image for this section.",
SOMATOM_Force_IFU_VB30,sec_0234,134,5.5-image_section_mapping,PASS,,No figure belongs to this label. The cradle figure (img_0102) is above the legend on p133 and is mapped to sec_0229. The warning triangle (img_0101) is mapped to sec_0232. The p134 head holder photos are mapped to sec_0236 and sec_0237. All are right.,
SOMATOM_Force_IFU_VB30,sec_0240,136,5.4-hierarchy_level,PASS,,'Head-arm rest' is a margin label in Positioning aids with the same level as siblings sec_0239 and sec_0241. Level 4 matches.,
SOMATOM_Force_IFU_VB30,sec_0240,136,5.4-parent_child,PASS,,parent_section_id sec_0219 lists sec_0240 as child. No children.,
SOMATOM_Force_IFU_VB30,sec_0240,136,5.4-page_start_end,PASS,,Section starts on p136 with the label (#/texts/2882) and the intro paragraph (#/texts/2893). It ends on p137 with 'You can use the head-arm rest for the following examinations' (#/texts/2899 to 2901). The 'Arm support' label on p137 is not in sec_0240; it is in sec_0241.,Page range p136-p137 was checked on the rendered pages. Running header and footer nodes stay inside the section range; this is not a boundary error.
SOMATOM_Force_IFU_VB30,sec_0240,136,5.4-hierarchy_path,PASS,,Path /System description/Accessories/Positioning aids/Head-arm rest is right.,
SOMATOM_Force_IFU_VB30,sec_0240,136,5.4-gaps_duplicates,PASS,,Nodes #/texts/2882 and 2893 to 2901 appear once. The head-arm support text above on p136 is in sec_0239. No content is repeated.,
SOMATOM_Force_IFU_VB30,sec_0240,136,5.4-flagged_for_review,PASS,,sec_0240 has flagged_for_review false and verification_score 100. The title 'Head-arm rest' is printed on p136-p137 where the section starts. No review problem is seen.,
SOMATOM_Force_IFU_VB30,sec_0240,136,5.4-structural_source,PASS,,"structural_source is 'toc'. The bookmark title 'Head-arm rest' matches the printed heading or label on the page, so no extra inferred-structure risk is seen.",
SOMATOM_Force_IFU_VB30,sec_0240,136,5.6-numbering_scheme,PASS,,"numbering_scheme is arabic. Printed folios on p136-p137 are arabic numbers in the footer, with no roman pages here.",
SOMATOM_Force_IFU_VB30,sec_0240,136,5.6-offset_applied,PASS,,offset_applied is 0. The footer folio matches the physical page number on p136-p137 (for example p136). Neighbouring sections also use offset 0.,
SOMATOM_Force_IFU_VB30,sec_0240,136,5.5-filters_discarding,PASS,,"img_0106 (p136, 528x430) is the head-arm rest photo next to the label. It is complete and mapped to sec_0240. The other p136 photos (img_0107, img_0108) are mapped to sec_0239. This is right. No meaningful figure is lost.",
SOMATOM_Force_IFU_VB30,sec_0240,136,5.5-filters_passing_noise,PASS,,"The extracted images on these pages are real figures or photos. No logo, rule or footer divider was kept as an image for this section.",
SOMATOM_Force_IFU_VB30,sec_0240,136,5.5-image_section_mapping,PASS,,"img_0106 (p136, 528x430) is the head-arm rest photo next to the label. It is complete and mapped to sec_0240. The other p136 photos (img_0107, img_0108) are mapped to sec_0239. This is right.",
SOMATOM_Force_IFU_VB30,sec_0271,152,5.4-hierarchy_level,PASS,,'Scan ranges' has hierarchy_level 4. This fits its bookmark depth in /System description/Accessories/Distance enlargements/Scan ranges.,
SOMATOM_Force_IFU_VB30,sec_0271,152,5.4-parent_child,PASS,,parent_section_id is sec_0268. It has no children. This is coherent with the rendered heading structure.,
SOMATOM_Force_IFU_VB30,sec_0271,152,5.4-page_start_end,PASS,,"On p152 sec_0271 holds #/texts/3188 'Scan ranges', 3189 'The respective maximum scan ranges are the following:' and the two bullets 3190 and 3191. It stops before the heading '3.7.5 Infusion bottle holder' (sec_0272). Nothing from a neighbour is inside.","The section is short of its first paragraph, which is graded on 5.4-gaps_duplicates."
SOMATOM_Force_IFU_VB30,sec_0271,152,5.4-hierarchy_path,PASS,,hierarchy_path /System description/Accessories/Distance enlargements/Scan ranges lists the ancestors in the right order.,
SOMATOM_Force_IFU_VB30,sec_0271,152,5.4-gaps_duplicates,FAIL,Critical,On p152 the first paragraph of 'Scan ranges' ('The different distance enlargements decrease the scan ranges of the multi-purpose table.') is missing from sec_0271. It is in sec_0270 as #/texts/3188-tail. sec_0271 starts with only the label and then 'The respective maximum scan ranges...'.,"Probably BUG-029 (margin heading merge). The content is in the wrong section, so this is Critical on the owner section; the receiving section sec_0270 fails 5.4-page_start_end."
SOMATOM_Force_IFU_VB30,sec_0271,152,5.4-flagged_for_review,PASS,,"flagged_for_review is false and verification_score is 100. The section is correct on p152, so the flag state is right.",
SOMATOM_Force_IFU_VB30,sec_0271,152,5.4-structural_source,PASS,,structural_source is 'toc'. The bookmark title matches the heading seen on p152.,
SOMATOM_Force_IFU_VB30,sec_0271,152,5.6-numbering_scheme,PASS,,numbering_scheme is arabic. The printed folio at the bottom right of p152 is the same as the physical page.,
SOMATOM_Force_IFU_VB30,sec_0271,152,5.6-offset_applied,PASS,,offset_applied is 0. The printed folio matches the physical page number on p152.,
SOMATOM_Force_IFU_VB30,sec_0271,152,5.5-filters_discarding,PASS,,The scan ranges text on p152 has no figure or icon. The only drawing on the page (infusion holder) was extracted as img_0137. The WARNING triangle is a small marker whose meaning is in the text.,
SOMATOM_Force_IFU_VB30,sec_0271,152,5.5-filters_passing_noise,PASS,,No image is assigned to sec_0271. No decoration was kept as an image on p152.,
SOMATOM_Force_IFU_VB30,sec_0271,152,5.5-image_section_mapping,PASS,,"p152 has one figure, the infusion bottle holder (img_0137). It sits beside '3.7.5 Infusion bottle holder' and is mapped to sec_0272, which is correct. sec_0271 has no figure on the page.",
SOMATOM_Force_IFU_VB30,sec_0309,169,5.4-hierarchy_level,PASS,,'Overheating or low temperature' has hierarchy_level 5. This fits its bookmark depth in /System operation/Switching the system on and off/Exceptional situations/Gantry temperature outside permissible range/Overheating or low temperature.,
SOMATOM_Force_IFU_VB30,sec_0309,169,5.4-parent_child,PASS,,parent_section_id is sec_0308. It has no children. This is coherent with the rendered heading structure.,
SOMATOM_Force_IFU_VB30,sec_0309,169,5.4-page_start_end,PASS,,On p169 the section is the margin label 'Overheating or low temperature' (#/texts/3547) and one paragraph about the countdown and the warning (3558). The next label 'Recovery' starts sec_0310. No node of the parent or siblings is inside.,
SOMATOM_Force_IFU_VB30,sec_0309,169,5.4-hierarchy_path,PASS,,hierarchy_path /System operation/Switching the system on and off/Exceptional situations/Gantry temperature outside permissible range/Overheating or low temperature lists the ancestors in the right order.,
SOMATOM_Force_IFU_VB30,sec_0309,169,5.4-gaps_duplicates,PASS,,"The only paragraph under this label is in sec_0309 once. The note 'If the temperature in the gantry falls below...' above it belongs to the parent sec_0308, so it is correctly not here.",
SOMATOM_Force_IFU_VB30,sec_0309,169,5.4-flagged_for_review,PASS,,"flagged_for_review is false and verification_score is 100. The section is correct on p169, so the flag state is right.",
SOMATOM_Force_IFU_VB30,sec_0309,169,5.4-structural_source,PASS,,structural_source is 'toc'. The bookmark title matches the heading seen on p169.,
SOMATOM_Force_IFU_VB30,sec_0309,169,5.6-numbering_scheme,PASS,,numbering_scheme is arabic. The printed folio at the bottom right of p169 is the same as the physical page.,
SOMATOM_Force_IFU_VB30,sec_0309,169,5.6-offset_applied,PASS,,offset_applied is 0. The printed folio matches the physical page number on p169.,
SOMATOM_Force_IFU_VB30,sec_0309,169,5.5-filters_discarding,PASS,,No figure or screenshot is in this block on p169. The 'i' icons are small note markers whose meaning is in the text.,
SOMATOM_Force_IFU_VB30,sec_0309,169,5.5-filters_passing_noise,PASS,,"No image is assigned to sec_0309, so no noise was kept.",
SOMATOM_Force_IFU_VB30,sec_0309,169,5.5-image_section_mapping,PASS,,"The block has no figure on p169. The only images seen are the 'i' note icons, which are not extracted. No image needs mapping to sec_0309.",
SOMATOM_Force_IFU_VB30,sec_0350,175,5.4-hierarchy_level,PASS,,'Defining a special scan protocol for CTDI measurement' has hierarchy_level 4. This fits its bookmark depth in /System operation/Function tests/Using the Customer CTDI service function/Defining a special scan protocol for CTDI measurement.,
SOMATOM_Force_IFU_VB30,sec_0350,175,5.4-parent_child,PASS,,parent_section_id is sec_0349. It has no children. This is coherent with the rendered heading structure.,
SOMATOM_Force_IFU_VB30,sec_0350,175,5.4-page_start_end,PASS,,"On p175 the margin heading (#/texts/3747) and the info note 'Only routine scan protocols are available...' (3746) are the own content, after the 4.2.7 intro. The steps are in the children sec_0351 to sec_0354, so page_end 177 comes from the children. The own nodes 3748 to 3750 are the footer.",
SOMATOM_Force_IFU_VB30,sec_0350,175,5.4-hierarchy_path,PASS,,hierarchy_path /System operation/Function tests/Using the Customer CTDI service function/Defining a special scan protocol for CTDI measurement lists the ancestors in the right order.,
SOMATOM_Force_IFU_VB30,sec_0350,175,5.4-gaps_duplicates,PASS,,"The note is in sec_0350 once. The 4.2.7 intro on p175 stays in the parent sec_0349. The p177 text 'Saving the defined scan protocol' is in child sec_0354, and 'Starting CTDI measurement' is in sec_0355. No duplicate seen.",
SOMATOM_Force_IFU_VB30,sec_0350,175,5.4-flagged_for_review,PASS,,"flagged_for_review is false and verification_score is 100. The section is correct on p175-p177, so the flag state is right.",
SOMATOM_Force_IFU_VB30,sec_0350,175,5.4-structural_source,PASS,,structural_source is 'toc'. The bookmark title matches the heading seen on p175-p177.,
SOMATOM_Force_IFU_VB30,sec_0350,175,5.6-numbering_scheme,PASS,,numbering_scheme is arabic. The printed folio at the bottom right of p175-p177 is the same as the physical page.,
SOMATOM_Force_IFU_VB30,sec_0350,175,5.6-offset_applied,PASS,,offset_applied is 0. The printed folio matches the physical page number on p175-p177.,
SOMATOM_Force_IFU_VB30,sec_0350,175,5.5-filters_discarding,PASS,,The p175 key picture was extracted (img_0161). The 'i' and '>>' icons are small note markers whose meaning is in the text. No figure of sec_0350 is lost.,
SOMATOM_Force_IFU_VB30,sec_0350,175,5.5-filters_passing_noise,PASS,,"No image is assigned to sec_0350, so no noise was kept.",
SOMATOM_Force_IFU_VB30,sec_0350,175,5.5-image_section_mapping,PASS,,"The lightmarker key picture at the top of p175 (img_0161) belongs to 4.2.4 and is mapped to sec_0346. sec_0350 has no figure of its own on p175. The Home Menu screenshot on p177 is mapped to sec_0355, which is right.",
SOMATOM_Force_IFU_VB30,sec_0355,178,5.4-hierarchy_level,PASS,,'Starting CTDI measurement' has hierarchy_level 4. This fits its bookmark depth in /System operation/Function tests/Using the Customer CTDI service function/Starting CTDI measurement.,
SOMATOM_Force_IFU_VB30,sec_0355,178,5.4-parent_child,PASS,,parent_section_id is sec_0349. It has no children. This is coherent with the rendered heading structure.,
SOMATOM_Force_IFU_VB30,sec_0355,178,5.4-page_start_end,PASS,,The margin heading 'Starting CTDI measurement' (#/texts/3786) is on p177 after sec_0354. The last node is 3836 'The Customer CTDI service function is completed...' on p178. The next heading '4.3 Operation of the patient table' (sec_0356) is not inside. Steps 1 to 9 are in order.,
SOMATOM_Force_IFU_VB30,sec_0355,178,5.4-hierarchy_path,PASS,,hierarchy_path /System operation/Function tests/Using the Customer CTDI service function/Starting CTDI measurement lists the ancestors in the right order.,
SOMATOM_Force_IFU_VB30,sec_0355,178,5.4-gaps_duplicates,PASS,,"Prerequisites, steps 1 to 9, both info notes and the 'If no protocol could be loaded' list are all present once. Step numbers 3 and 6 are split from text but kept. No node of sec_0354 or sec_0356 is inside.",
SOMATOM_Force_IFU_VB30,sec_0355,178,5.4-flagged_for_review,PASS,,"flagged_for_review is false and verification_score is 100. The section is correct on p177-p178, so the flag state is right.",
SOMATOM_Force_IFU_VB30,sec_0355,178,5.4-structural_source,PASS,,structural_source is 'toc'. The bookmark title matches the heading seen on p177-p178.,
SOMATOM_Force_IFU_VB30,sec_0355,178,5.6-numbering_scheme,PASS,,numbering_scheme is arabic. The printed folio at the bottom right of p177-p178 is the same as the physical page.,
SOMATOM_Force_IFU_VB30,sec_0355,178,5.6-offset_applied,PASS,,offset_applied is 0. The printed folio matches the physical page number on p177-p178.,
SOMATOM_Force_IFU_VB30,sec_0355,178,5.5-filters_discarding,FAIL,Low,On p178 next to step 6 'Click Go...' there is a small black picture of the Go button. It is not in images.json. The Quality menu and the radiation button next to it were extracted. The step text already says 'Click Go'.,Probably a size filter dropped it. Low: a small button picture whose meaning is in the text. Not fully sure whether the reviewer counts it like note markers.
SOMATOM_Force_IFU_VB30,sec_0355,178,5.5-filters_passing_noise,PASS,,"img_0162, img_0163 and img_0164 are real screenshots or buttons used in the steps. They are not decoration or footer items.",
SOMATOM_Force_IFU_VB30,sec_0355,178,5.5-image_section_mapping,PASS,,"The Home Menu screenshot (img_0162, p177), the Quality menu (img_0163, p178) and the radiation button (img_0164, p178) are beside steps 1, 3 and 7. All three are mapped to sec_0355.",
SOMATOM_Force_IFU_VB30,sec_0358,179,5.4-hierarchy_level,PASS,,"On p179 ""STOP keys"" is a margin label under 4.3.1 Patient table movements, next to the labels Displays and Safety advice. Level 4 under sec_0357 is right.",
SOMATOM_Force_IFU_VB30,sec_0358,179,5.4-parent_child,PASS,,"parent_section_id is sec_0357 (Patient table movements, level 3), and its child_sections list contains sec_0358. sec_0358 has no children, and I saw no sub-heading under it on the page.",
SOMATOM_Force_IFU_VB30,sec_0358,179,5.4-page_start_end,PASS,,"All 3 nodes (#/texts/3843, 3853, 3854) are on p179. They are the STOP keys label and its two paragraphs. The section ends before the Displays label (sec_0359). page_start and page_end are both 179.",
SOMATOM_Force_IFU_VB30,sec_0358,179,5.4-hierarchy_path,PASS,,"Path /System operation/Operation of the patient table/Patient table movements/STOP keys matches the chapter 4, 4.3 and 4.3.1 headings on p179.",
SOMATOM_Force_IFU_VB30,sec_0358,179,5.4-gaps_duplicates,PASS,,"Label and both paragraphs of STOP keys are in sec_0358 once. Nothing is missing, and nothing from Displays or Safety advice is included.",
SOMATOM_Force_IFU_VB30,sec_0358,179,5.4-flagged_for_review,PASS,,"flagged_for_review is false. The section is not marked as uncertain, and my check of the rendered p179 found no title or boundary problem in this flag.",
SOMATOM_Force_IFU_VB30,sec_0358,179,5.4-structural_source,PASS,,"structural_source is toc, so the structure comes from the embedded bookmarks. The title 'STOP keys' is visible in the PDF, so no extra inference risk.",
SOMATOM_Force_IFU_VB30,sec_0358,179,5.6-numbering_scheme,PASS,,"numbering_scheme is arabic. The printed folio on p179 is 179, which is an arabic number, so the scheme is right.",
SOMATOM_Force_IFU_VB30,sec_0358,179,5.6-offset_applied,PASS,,"offset_applied is 0. The printed folio 179 is the same as physical page 179, so offset 0 is correct.",
SOMATOM_Force_IFU_VB30,sec_0358,179,5.5-filters_discarding,PASS,,"The STOP picture is extracted. Only the CAUTION triangle and the ""i"" icons are not extracted, and their meaning is in the text (accepted).",
SOMATOM_Force_IFU_VB30,sec_0358,179,5.5-filters_passing_noise,PASS,,"img_0165 is a real picture of the STOP keys, not a rule, logo or footer.",
SOMATOM_Force_IFU_VB30,sec_0358,179,5.5-image_section_mapping,PASS,,img_0165 (220x79) is the red STOP button picture next to the text and is mapped to sec_0358. The small note triangle and info icons on p179 are not needed.,
SOMATOM_Force_IFU_VB30,sec_0368,182,5.4-hierarchy_level,PASS,,"On p182 ""Deactivating the Move Table Top Only mode"" looks like the other margin labels, so the image cannot show its depth. Level 5 under sec_0367 follows the TOC nesting. I cannot confirm the TOC itself.",
SOMATOM_Force_IFU_VB30,sec_0368,182,5.4-parent_child,PASS,,"parent_section_id is sec_0367 (Moving the patient table in Move Table Top Only mode, level 4), and its child_sections list contains sec_0368. sec_0368 has no children, and I saw no sub-heading under it on the page.",
SOMATOM_Force_IFU_VB30,sec_0368,182,5.4-page_start_end,PASS,,"Nodes #/texts/3914 (label), 3928, 3929, 3930 and 3931 are the label, the intro line and steps 1 and 2 of deactivating, all on p182. The section stops before the label ""Unloading the patient"" (sec_0369). Notes about Move Table Top Only mode stay in sec_0367.",
SOMATOM_Force_IFU_VB30,sec_0368,182,5.4-hierarchy_path,PASS,,Path ends with /Moving the patient table in Move Table Top Only mode/Deactivating the Move Table Top Only mode. It follows the parent sec_0367 and looks right.,
SOMATOM_Force_IFU_VB30,sec_0368,182,5.4-gaps_duplicates,PASS,,"Label, intro, step 1, its result line and step 2 are each in sec_0368 once. Nothing is missing. #/texts/3931 is typed as heading although it is step 2; the text is still right.",
SOMATOM_Force_IFU_VB30,sec_0368,182,5.4-flagged_for_review,PASS,,"flagged_for_review is false. The section is not marked as uncertain, and my check of the rendered p182 found no title or boundary problem in this flag.",
SOMATOM_Force_IFU_VB30,sec_0368,182,5.4-structural_source,PASS,,"structural_source is toc, so the structure comes from the embedded bookmarks. The title 'Deactivating the Move Table Top Only mode' is visible in the PDF, so no extra inference risk.",
SOMATOM_Force_IFU_VB30,sec_0368,182,5.6-numbering_scheme,PASS,,"numbering_scheme is arabic. The printed folio on p182 is 182, which is an arabic number, so the scheme is right.",
SOMATOM_Force_IFU_VB30,sec_0368,182,5.6-offset_applied,PASS,,"offset_applied is 0. The printed folio 182 is the same as physical page 182, so offset 0 is correct.",
SOMATOM_Force_IFU_VB30,sec_0368,182,5.5-filters_discarding,PASS,,"No picture is dropped for this topic. The ""i"" note icons on p182 are not extracted; their text is in sec_0367.",
SOMATOM_Force_IFU_VB30,sec_0368,182,5.5-filters_passing_noise,PASS,,"No image is mapped to sec_0368, so no noise is kept.",
SOMATOM_Force_IFU_VB30,sec_0368,182,5.5-image_section_mapping,PASS,,"No picture belongs to this label on p182. The only figure (img_0173, Move key) is above, in sec_0367 next to step 2 of activating the mode.",
SOMATOM_Force_IFU_VB30,sec_0373,184,5.4-hierarchy_level,PASS,,On p183 'Moving the table top vertically' is a margin sub-heading under '4.3.3 Moving the patient table using the gantry operator panel'. Level 4 under a level-3 parent is right.,
SOMATOM_Force_IFU_VB30,sec_0373,184,5.4-parent_child,PASS,,Parent sec_0372 is 4.3.3 (p183-186). Its next child sec_0374 'Moving the table top horizontally' starts on p184. The parent-child link is right.,
SOMATOM_Force_IFU_VB30,sec_0373,184,5.4-page_start_end,PASS,,"The section starts on p183 at the margin heading (#/texts/3953) with its two paragraphs (#/texts/3961-3962). It ends on p184 with the 'new vertical position' line (#/texts/3976). The 'Moving the table top horizontally' heading, the hand-injury WARNING and Table in/out steps on p184 are not in this section.",
SOMATOM_Force_IFU_VB30,sec_0373,184,5.4-hierarchy_path,PASS,,The path ends with 'Moving the table top vertically' under sec_0372 Moving the patient table using the gantry operator panel and matches the visible nesting of the headings on the page.,
SOMATOM_Force_IFU_VB30,sec_0373,184,5.4-gaps_duplicates,PASS,,"p183 text under the margin heading and p184 text from 'Caution, leg injuries' to the Table up/down line are all in sec_0373 once. Nothing is missing from the vertical-movement text.",
SOMATOM_Force_IFU_VB30,sec_0373,184,5.4-flagged_for_review,PASS,,"The section is not flagged and its title is found where the bookmark points (verification_score is high), so the missing flag is not a defect.",
SOMATOM_Force_IFU_VB30,sec_0373,184,5.4-structural_source,PASS,,structural_source is toc and the section title is a bookmark title that is visible in the PDF page layout.,
SOMATOM_Force_IFU_VB30,sec_0373,184,5.6-numbering_scheme,PASS,,"The printed folio on the rendered page is plain arabic (184), and the section has numbering_scheme arabic.",
SOMATOM_Force_IFU_VB30,sec_0373,184,5.6-offset_applied,PASS,,offset_applied is 0 and the printed folio equals the physical page number on the sampled page (p184).,
SOMATOM_Force_IFU_VB30,sec_0373,184,5.5-filters_discarding,PASS,,The p184 pictures of this section were extracted: leg-injury sign img_0181 and the Table up/down keys img_0178. The small 'i' note icons are not images but their text is kept. No figure is lost.,
SOMATOM_Force_IFU_VB30,sec_0373,184,5.5-filters_passing_noise,PASS,,img_0178 (keys) and img_0181 (warning sign) are meaningful pictures. Neither is decoration.,
SOMATOM_Force_IFU_VB30,sec_0373,184,5.5-image_section_mapping,FAIL,Medium,"img_0181 (p184, 508x255) is mapped to the right section sec_0373, but the PNG is stored upside down. On p184 the arrow points down and the triangle is lower right. In img_0181 the arrow points up and the triangle is upper right. img_0178 (Table up/down keys) is upright and correct.","BUG-013 (rotated image), same fault as img_0066 in sec_0188. The lead also named img_0172; it is not in images.json for this batch (img_0172 is not listed), so only img_0181 is graded."
SOMATOM_Force_IFU_VB30,sec_0393,194,5.4-hierarchy_level,PASS,,"""5.1.5 X-CARE"" on p194 is a third-level heading under 5.1. Level 3 under sec_0384 is right.",
SOMATOM_Force_IFU_VB30,sec_0393,194,5.4-parent_child,PASS,,"parent_section_id is sec_0384 (Dose optimization features, level 2), and its child_sections list contains sec_0393. sec_0393 has no children, and I saw no sub-heading under it on the page.",
SOMATOM_Force_IFU_VB30,sec_0393,194,5.4-page_start_end,PASS,,"The section starts at the heading 5.1.5 (#/texts/4145). The three lines of page references above it (""Page 212 CARE kV settings"") belong to sec_0392 and are not in sec_0393. It ends with ""X-CARE is documented as a comment within the dose report"" (#/texts/4156). page_start and page_end are 194.",
SOMATOM_Force_IFU_VB30,sec_0393,194,5.4-hierarchy_path,PASS,,Path /Dose management and optimization/Dose optimization features/X-CARE is correct.,
SOMATOM_Force_IFU_VB30,sec_0393,194,5.4-gaps_duplicates,PASS,,"The paragraphs, the legend (1) Reduced dose, (2) Increased dose, and the three notes are in sec_0393 once. Nothing is missing.",
SOMATOM_Force_IFU_VB30,sec_0393,194,5.4-flagged_for_review,PASS,,"flagged_for_review is false. The section is not marked as uncertain, and my check of the rendered p194 found no title or boundary problem in this flag.",
SOMATOM_Force_IFU_VB30,sec_0393,194,5.4-structural_source,PASS,,"structural_source is toc, so the structure comes from the embedded bookmarks. The title 'X-CARE' is visible in the PDF, so no extra inference risk.",
SOMATOM_Force_IFU_VB30,sec_0393,194,5.6-numbering_scheme,PASS,,"numbering_scheme is arabic. The printed folio on p194 is 194, which is an arabic number, so the scheme is right.",
SOMATOM_Force_IFU_VB30,sec_0393,194,5.6-offset_applied,PASS,,"offset_applied is 0. The printed folio 194 is the same as physical page 194, so offset 0 is correct.",
SOMATOM_Force_IFU_VB30,sec_0393,194,5.5-filters_discarding,PASS,,"The X-CARE picture is extracted fully with both markers. The ""i"" icons are not extracted and their text is in the tree.",
SOMATOM_Force_IFU_VB30,sec_0393,194,5.5-filters_passing_noise,PASS,,"img_0195 is a real figure, not decoration.",
SOMATOM_Force_IFU_VB30,sec_0393,194,5.5-image_section_mapping,PASS,,img_0195 (485x510) is the X-CARE ring picture with the markers 1 and 2. It is mapped to sec_0393 and sits under the 5.1.5 heading.,
SOMATOM_Force_IFU_VB30,sec_0396,196,5.4-hierarchy_level,PASS,,"""5.1.8 Neuro BestContrast"" on p196 is a third-level heading under 5.1. Level 3 under sec_0384 is right.",
SOMATOM_Force_IFU_VB30,sec_0396,196,5.4-parent_child,PASS,,"parent_section_id is sec_0384 (Dose optimization features, level 2), and its child_sections list contains sec_0396. sec_0396 has no children, and I saw no sub-heading under it on the page.",
SOMATOM_Force_IFU_VB30,sec_0396,196,5.4-page_start_end,PASS,,"The section starts at the heading 5.1.8 (#/texts/4181) on p196 and ends with ""better contrast-to-noise ratio"" (#/texts/4189) on p196. The SAFIRE picture and legend above the heading are in sec_0395, which is right. The next heading 5.1.9 is on p197 (sec_0397).",
SOMATOM_Force_IFU_VB30,sec_0396,196,5.4-hierarchy_path,PASS,,Path /Dose management and optimization/Dose optimization features/Neuro BestContrast is correct.,
SOMATOM_Force_IFU_VB30,sec_0396,196,5.4-gaps_duplicates,PASS,,"The heading, the intro, the two data-set bullets with their explanations and the closing sentence are in sec_0396 once. Nothing is missing.",
SOMATOM_Force_IFU_VB30,sec_0396,196,5.4-flagged_for_review,PASS,,"flagged_for_review is false. The section is not marked as uncertain, and my check of the rendered p196 found no title or boundary problem in this flag.",
SOMATOM_Force_IFU_VB30,sec_0396,196,5.4-structural_source,PASS,,"structural_source is toc, so the structure comes from the embedded bookmarks. The title 'Neuro BestContrast' is visible in the PDF, so no extra inference risk.",
SOMATOM_Force_IFU_VB30,sec_0396,196,5.6-numbering_scheme,PASS,,"numbering_scheme is arabic. The printed folio on p196 is 196, which is an arabic number, so the scheme is right.",
SOMATOM_Force_IFU_VB30,sec_0396,196,5.6-offset_applied,PASS,,"offset_applied is 0. The printed folio 196 is the same as physical page 196, so offset 0 is correct.",
SOMATOM_Force_IFU_VB30,sec_0396,196,5.5-filters_discarding,PASS,,"No figure exists in this section, so none was dropped.",
SOMATOM_Force_IFU_VB30,sec_0396,196,5.5-filters_passing_noise,PASS,,"No image is mapped to sec_0396, so no noise is kept.",
SOMATOM_Force_IFU_VB30,sec_0396,196,5.5-image_section_mapping,PASS,,"There is no picture under 5.1.8 on p196. The figure at the top of the page is the SAFIRE loop, mapped to sec_0395.",
SOMATOM_Force_IFU_VB30,sec_0397,197,5.4-hierarchy_level,PASS,,"""5.1.9 Turbo Flash Spiral Cardiac"" on p197 is a third-level heading under 5.1. Level 3 under sec_0384 is right.",
SOMATOM_Force_IFU_VB30,sec_0397,197,5.4-parent_child,PASS,,"parent_section_id is sec_0384 (Dose optimization features, level 2), and its child_sections list contains sec_0397. sec_0397 has no children, and I saw no sub-heading under it on the page.",
SOMATOM_Force_IFU_VB30,sec_0397,197,5.4-page_start_end,PASS,,"The section starts on p197 with the page header and the heading 5.1.9 (#/texts/4192, 4193). It ends with ""Page 232 Scanning with Turbo Flash Spiral Cardiac"" (#/texts/4206). The heading 5.1.10 ECG Pulsing starts below it (sec_0398). Boundaries are right.",
SOMATOM_Force_IFU_VB30,sec_0397,197,5.4-hierarchy_path,PASS,,Path /Dose management and optimization/Dose optimization features/Turbo Flash Spiral Cardiac is correct.,
SOMATOM_Force_IFU_VB30,sec_0397,197,5.4-gaps_duplicates,PASS,,"All paragraphs, the legend (1) to (4) and both footnotes (#/texts/4204, 4205) are in sec_0397 once. Nothing from 5.1.10 is included.",
SOMATOM_Force_IFU_VB30,sec_0397,197,5.4-flagged_for_review,PASS,,"flagged_for_review is false. The section is not marked as uncertain, and my check of the rendered p197 found no title or boundary problem in this flag.",
SOMATOM_Force_IFU_VB30,sec_0397,197,5.4-structural_source,PASS,,"structural_source is toc, so the structure comes from the embedded bookmarks. The title 'Turbo Flash Spiral Cardiac' is visible in the PDF, so no extra inference risk.",
SOMATOM_Force_IFU_VB30,sec_0397,197,5.6-numbering_scheme,PASS,,"numbering_scheme is arabic. The printed folio on p197 is 197, which is an arabic number, so the scheme is right.",
SOMATOM_Force_IFU_VB30,sec_0397,197,5.6-offset_applied,PASS,,"offset_applied is 0. The printed folio 197 is the same as physical page 197, so offset 0 is correct.",
SOMATOM_Force_IFU_VB30,sec_0397,197,5.5-filters_discarding,PASS,,The figure is extracted fully with markers 1 to 4. Nothing meaningful is dropped.,
SOMATOM_Force_IFU_VB30,sec_0397,197,5.5-filters_passing_noise,PASS,,"img_0198 is a real figure, not decoration.",
SOMATOM_Force_IFU_VB30,sec_0397,197,5.5-image_section_mapping,PASS,,img_0198 (961x378) holds the single source and dual source pictures with markers 1 to 4. It is mapped to sec_0397 and sits under the 5.1.9 heading.,
SOMATOM_Force_IFU_VB30,sec_0398,198,5.4-hierarchy_level,PASS,,hierarchy_level 3 matches the numbered heading '5.1.10 ECG Pulsing and MinDose' on p197. It has the same style as 5.1.9 and 5.1.11 (siblings under 5.1).,
SOMATOM_Force_IFU_VB30,sec_0398,198,5.4-parent_child,PASS,,parent_section_id sec_0384 (Dose optimization features) is the 5.1 group. The section has no children and no sub-headings with a bookmark. 'MinDose' on p198 is only an inline sub-heading (node #/texts/4218).,
SOMATOM_Force_IFU_VB30,sec_0398,198,5.4-page_start_end,PASS,,"The section starts with the 5.1.10 heading (#/texts/4207, p197) and ends with '(Page 231 Using MinDose)' (#/texts/4223, p198). The next heading, 5.1.11 Pitch Adaptation, is not in this section. Both p197 paragraphs and all p198 nodes belong here.",
SOMATOM_Force_IFU_VB30,sec_0398,198,5.4-hierarchy_path,PASS,,"The path /Dose management and optimization/Dose optimization features/ECG Pulsing and MinDose follows chapter 5, section 5.1, and heading 5.1.10 in order.",
SOMATOM_Force_IFU_VB30,sec_0398,198,5.4-gaps_duplicates,PASS,,"The three ECG Pulsing paragraphs on p197 and the MinDose text, captions and cross references on p198 are all present once. No node is repeated and no text of 5.1.9 or 5.1.11 is inside.",
SOMATOM_Force_IFU_VB30,sec_0398,198,5.4-flagged_for_review,PASS,,flagged_for_review is false. Nothing on the page suggests doubt about this section: the heading is found and the content is complete.,
SOMATOM_Force_IFU_VB30,sec_0398,198,5.4-structural_source,PASS,,"structural_source is toc. The heading 'ECG Pulsing and MinDose' is visible on its page where the bookmark points, so the TOC source is supported.",
SOMATOM_Force_IFU_VB30,sec_0398,198,5.6-numbering_scheme,PASS,,"The printed folio on p198 is an arabic number (198), the same as the scheme in the section data (arabic).",
SOMATOM_Force_IFU_VB30,sec_0398,198,5.6-offset_applied,PASS,,"The footer folio on p198 is 198, so the physical page equals the printed page. offset_applied=0 is correct.",
SOMATOM_Force_IFU_VB30,sec_0398,198,5.5-filters_discarding,PASS,,The two ECG curve figures on p198 are extracted (img_0199 and img_0200) and are complete. No meaningful figure of this section is missing.,
SOMATOM_Force_IFU_VB30,sec_0398,198,5.5-filters_passing_noise,PASS,,"img_0199 and img_0200 are real diagrams (ECG curve with dose pulses and markers 1 and 2). There is no rule, logo or other decoration kept as an image.",
SOMATOM_Force_IFU_VB30,sec_0398,198,5.5-image_section_mapping,PASS,,"img_0199 and img_0200 are mapped to sec_0398 on p198, which is correct: the first is above the MinDose sub-heading and the second below it, both before 5.1.11. img_0198 (p197, patient figures) is correctly in sec_0397.",
SOMATOM_Force_IFU_VB30,sec_0435,215,5.4-hierarchy_level,PASS,,"hierarchy_level 6 matches the nesting on p215: 'Qr36 kernel' is a margin heading under 'Calcium Scoring' (level 5), the same style as its sibling 'Sa36 kernel (Artifical120)'.",
SOMATOM_Force_IFU_VB30,sec_0435,215,5.4-parent_child,PASS,,parent_section_id sec_0434 (Calcium Scoring) lists sec_0435 and sec_0436 as children. This agrees with p215. The section has no children.,
SOMATOM_Force_IFU_VB30,sec_0435,215,5.4-page_start_end,PASS,,"On p215 the section starts at the margin heading 'Qr36 kernel' (#/texts/4536) and holds only the note 'When using CARE kV in combination with the Qr36 kernel...' (#/texts/4554). The next heading, 'Sa36 kernel (Artifical120)', and its text are in sec_0436. The Calcium Scoring intro and bullets above are in the parent.",
SOMATOM_Force_IFU_VB30,sec_0435,215,5.4-hierarchy_path,PASS,,The path .../Setting scan parameters for post-processing applications/Calcium Scoring/Qr36 kernel follows the order of the parents. 'Calcium Scoring' and 'Qr36 kernel' are visible on p215.,
SOMATOM_Force_IFU_VB30,sec_0435,215,5.4-gaps_duplicates,PASS,,The section has 2 nodes: the heading and the one note. Both are the only content under 'Qr36 kernel' on p215. No duplicate and no missing text.,
SOMATOM_Force_IFU_VB30,sec_0435,215,5.4-flagged_for_review,PASS,,flagged_for_review is false. Nothing on the page suggests doubt about this section: the heading is found and the content is complete.,
SOMATOM_Force_IFU_VB30,sec_0435,215,5.4-structural_source,PASS,,"structural_source is toc. The heading 'Qr36 kernel' is visible on its page where the bookmark points, so the TOC source is supported.",
SOMATOM_Force_IFU_VB30,sec_0435,215,5.6-numbering_scheme,PASS,,"The printed folio on p215 is an arabic number (215), the same as the scheme in the section data (arabic).",
SOMATOM_Force_IFU_VB30,sec_0435,215,5.6-offset_applied,PASS,,"The footer folio on p215 is 215, so the physical page equals the printed page. offset_applied=0 is correct.",
SOMATOM_Force_IFU_VB30,sec_0435,215,5.5-filters_discarding,PASS,,"The only visual element under 'Qr36 kernel' is the black 'i' note icon. Its meaning is in the note text, so I grade it PASS. No figure is lost.",Same rule as the approved v1.9: small note markers are PASS.
SOMATOM_Force_IFU_VB30,sec_0435,215,5.5-filters_passing_noise,PASS,,"No image is extracted for this section, so no noise is kept.",
SOMATOM_Force_IFU_VB30,sec_0435,215,5.5-image_section_mapping,PASS,,"There is no extracted image on p215 for this section, and the page has no figure under 'Qr36 kernel'. Nothing is mapped to the wrong section.",
SOMATOM_Force_IFU_VB30,sec_0489,234,5.4-hierarchy_level,PASS,,"hierarchy_level 4 matches the margin heading 'Setting kV manually' on p234, the same level as 'Using CARE kV'.",
SOMATOM_Force_IFU_VB30,sec_0489,234,5.4-parent_child,PASS,,"parent_section_id sec_0486 lists sec_0489 as its last child. The section has no children, and p234 shows no further sub-heading.",
SOMATOM_Force_IFU_VB30,sec_0489,234,5.4-page_start_end,PASS,,"On p234 the section starts at the margin heading 'Setting kV manually' (#/texts/4950) and holds all 3 paragraphs, the check mark and diamond steps and the 3 info notes (#/texts/4955 to 4961). It ends with the footer of p234. The page has no further heading. The next section, 6 Examination, starts on p235.",
SOMATOM_Force_IFU_VB30,sec_0489,234,5.4-hierarchy_path,PASS,,The path .../Considerations for Cardiac CT/Using CARE Dose4D and CARE kV/Setting kV manually is in order and matches 5.4.5.,
SOMATOM_Force_IFU_VB30,sec_0489,234,5.4-gaps_duplicates,PASS,,"All 8 text nodes visible under the heading on p234, plus the 2 footer nodes, are present once. Nothing is repeated and no text of sec_0488 is inside.",
SOMATOM_Force_IFU_VB30,sec_0489,234,5.4-flagged_for_review,PASS,,flagged_for_review is false. Nothing on the page suggests doubt about this section: the heading is found and the content is complete.,
SOMATOM_Force_IFU_VB30,sec_0489,234,5.4-structural_source,PASS,,"structural_source is toc. The heading 'Setting kV manually' is visible on its page where the bookmark points, so the TOC source is supported.",
SOMATOM_Force_IFU_VB30,sec_0489,234,5.6-numbering_scheme,PASS,,"The printed folio on p234 is an arabic number (234), the same as the scheme in the section data (arabic).",
SOMATOM_Force_IFU_VB30,sec_0489,234,5.6-offset_applied,PASS,,"The footer folio on p234 is 234, so the physical page equals the printed page. offset_applied=0 is correct.",
SOMATOM_Force_IFU_VB30,sec_0489,234,5.5-filters_discarding,PASS,,"Only 'i' note icons are on p234 under this heading. Their meaning is in the note text, so I grade PASS. No figure is lost.",Same rule as the approved v1.9: small note markers are PASS.
SOMATOM_Force_IFU_VB30,sec_0489,234,5.5-filters_passing_noise,PASS,,"No image is extracted for this section, so no noise is kept.",
SOMATOM_Force_IFU_VB30,sec_0489,234,5.5-image_section_mapping,PASS,,"There is no image for sec_0489, and p234 has no figure under 'Setting kV manually'. Nothing is missing or mapped wrongly.",
SOMATOM_Force_IFU_VB30,sec_0518,248,5.4-hierarchy_level,PASS,,"On p248 the margin heading ""Modifying Auto tasking parameters"" is the same style as its siblings sec_0517 and sec_0519. Level 4 is right.",
SOMATOM_Force_IFU_VB30,sec_0518,248,5.4-parent_child,PASS,,The parent is sec_0506 and it lists sec_0518. The section has no children. This agrees with the page.,
SOMATOM_Force_IFU_VB30,sec_0518,248,5.4-page_start_end,PASS,,"The heading T5293 and the intro T5300 start at the same height on p248. The section ends with the Confirmation Page text T5317 above the heading ""Modifying Trigger parameters"". Nothing from the neighbours is inside. The page_start and page_end are both 248, which is right.",
SOMATOM_Force_IFU_VB30,sec_0518,248,5.4-hierarchy_path,PASS,,"The path ends with ""Modifying Auto tasking parameters"", which matches the margin heading on p248. The ancestors match sec_0506.",
SOMATOM_Force_IFU_VB30,sec_0518,248,5.4-gaps_duplicates,PASS,,"The nodes T5293 to T5317 cover the whole bullet list, steps 1 to 3 and the Confirmation text. The heading T5293 is in this section, not in sec_0517. No duplicates seen.",
SOMATOM_Force_IFU_VB30,sec_0518,248,5.4-flagged_for_review,PASS,,flagged_for_review is false with a verification_score of 100. The heading is easy to see on p248.,
SOMATOM_Force_IFU_VB30,sec_0518,248,5.4-structural_source,PASS,,"structural_source is toc. The heading shown on p248 is where the section begins, so the source is supported.",
SOMATOM_Force_IFU_VB30,sec_0518,248,5.6-numbering_scheme,PASS,,The printed page number on p248 is 248 in arabic digits. numbering_scheme arabic is right.,
SOMATOM_Force_IFU_VB30,sec_0518,248,5.6-offset_applied,PASS,,offset_applied is 0. Printed number 248 equals physical page 248.,
SOMATOM_Force_IFU_VB30,sec_0518,248,5.5-filters_discarding,FAIL,Low,"On p248, below step 3 of this section, there is a second step-4 button icon (about 100 px wide, beside ""3 Click the step 4 button""). It is not in images.json, so it was dropped. Its meaning is fully stated in the text, so it is a small loss.","Small step-button icon dropped; the text says ""Click the step 4 button"". Probably BUG-017 (icon filter). Low because the meaning is in the text."
SOMATOM_Force_IFU_VB30,sec_0518,248,5.5-filters_passing_noise,PASS,,No image is mapped to sec_0518. Nothing noisy was kept in this section.,
SOMATOM_Force_IFU_VB30,sec_0518,248,5.5-image_section_mapping,PASS,,"No image is mapped to sec_0518. The only image on p248 is img_0234 and it is next to step 3 of sec_0517, so it is correctly mapped. The missing icon is graded in 5.5-filters_discarding.",
SOMATOM_Force_IFU_VB30,sec_0523,251,5.4-hierarchy_level,PASS,,"On p251 ""Confirming changes"" is a margin heading in the same style as other headings. TOC says level 5. The page does not show levels, so I trust the TOC. It is the only child of sec_0522.",
SOMATOM_Force_IFU_VB30,sec_0523,251,5.4-parent_child,PASS,,"The parent is sec_0522 ""Linking to a scan protocol"" and it lists only sec_0523. Margin headings on p251 look alike, so I cannot prove the nesting visually. It is probably as in the PDF bookmarks.",
SOMATOM_Force_IFU_VB30,sec_0523,251,5.4-page_start_end,PASS,,"The heading T5394 and the text T5409 start at y341 on p251. The steps end with ""Click Back to go back"" (T5414). The next heading, ""Changing the parameter panel set"", is in sec_0524. The text above (Linking steps and the Manual note) is not in this section. page_start and page_end are both 251.",
SOMATOM_Force_IFU_VB30,sec_0523,251,5.4-hierarchy_path,PASS,,The path ends with /Linking to a scan protocol/Confirming changes. This matches the TOC nesting. The page itself does not show the parent level.,
SOMATOM_Force_IFU_VB30,sec_0523,251,5.4-gaps_duplicates,PASS,,"T5409 to T5414 include the Yes step, the password note T5411, ""- or -"" and Back. All text of this section on p251 is present once. No duplicates seen.",
SOMATOM_Force_IFU_VB30,sec_0523,251,5.4-flagged_for_review,PASS,,flagged_for_review is false with a verification_score of 100. The heading is clearly shown on p251.,
SOMATOM_Force_IFU_VB30,sec_0523,251,5.4-structural_source,PASS,,"structural_source is toc. The heading on p251 is at the section start, so the source is supported.",
SOMATOM_Force_IFU_VB30,sec_0523,251,5.6-numbering_scheme,PASS,,The footer on p251 shows 251 in arabic digits. numbering_scheme is arabic.,
SOMATOM_Force_IFU_VB30,sec_0523,251,5.6-offset_applied,PASS,,offset_applied is 0. Printed number 251 equals physical page 251.,
SOMATOM_Force_IFU_VB30,sec_0523,251,5.5-filters_discarding,PASS,,The Back arrow button on p251 was extracted as img_0238. The step-4 icons above it belong to sec_0521 and sec_0522. No meaningful figure from this section is lost.,
SOMATOM_Force_IFU_VB30,sec_0523,251,5.5-filters_passing_noise,PASS,,"img_0238 (72x72, Back arrow button) is a real UI button, not noise. It is upright.",
SOMATOM_Force_IFU_VB30,sec_0523,251,5.5-image_section_mapping,PASS,,"img_0238 is beside ""Click Back to go back"" (T5414), which is in sec_0523. The mapping is right. The step-4 icon at the top of p251 is in sec_0521 (img_0237), also right.",
SOMATOM_Force_IFU_VB30,sec_0531,255,5.4-hierarchy_level,PASS,,"On p255 ""Importing from teamplay Protocols"" is a margin heading in the same style as its siblings. Level 4 is right.",
SOMATOM_Force_IFU_VB30,sec_0531,255,5.4-parent_child,PASS,,The parent is sec_0506 and it lists sec_0531. No children are visible on p255.,
SOMATOM_Force_IFU_VB30,sec_0531,255,5.4-page_start_end,PASS,,"The heading T5514 and the intro T5521 are on p255 at y639. The step 7 and 8 text above it is in sec_0530. The section ends with the NotImported folder note (T5536). The next heading ""Exporting scan protocols"" is in sec_0532. page_start and page_end are both 255.",
SOMATOM_Force_IFU_VB30,sec_0531,255,5.4-hierarchy_path,PASS,,"The path ends with ""Importing from teamplay Protocols"". This matches p255.",
SOMATOM_Force_IFU_VB30,sec_0531,255,5.4-gaps_duplicates,PASS,,"T5514 to T5536 cover the notification bullets, steps 1 to 6 and the ""i"" note once. I saw no duplicates and no lost lines.",
SOMATOM_Force_IFU_VB30,sec_0531,255,5.4-flagged_for_review,PASS,,flagged_for_review is false with a verification_score of 100. The heading is easy to see on p255.,
SOMATOM_Force_IFU_VB30,sec_0531,255,5.4-structural_source,PASS,,"structural_source is toc. The heading is visible at the section start, so the source is supported.",
SOMATOM_Force_IFU_VB30,sec_0531,255,5.6-numbering_scheme,PASS,,The footer on p255 shows 255 in arabic digits. numbering_scheme is arabic.,
SOMATOM_Force_IFU_VB30,sec_0531,255,5.6-offset_applied,PASS,,offset_applied is 0. Printed 255 equals physical 255.,
SOMATOM_Force_IFU_VB30,sec_0531,255,5.5-filters_discarding,FAIL,Low,"Only the step-2 icon (img_0240) was extracted for this section. On p255 the second icon, a step-3 button next to ""5 Click the step 3 button"", is not in images.json. It was probably dropped by a filter (BUG-017 family). Its meaning is stated in the text, so this is a small loss.","Small step-3 button icon dropped; the text says ""Click the step 3 button"". Probably BUG-017 (icon filter). Low because the meaning is in the text."
SOMATOM_Force_IFU_VB30,sec_0531,255,5.5-filters_passing_noise,PASS,,img_0240 is a 65x65 step-2 button and is upright. No noise was kept in this section.,
SOMATOM_Force_IFU_VB30,sec_0531,255,5.5-image_section_mapping,PASS,,"img_0240 is beside step 2 of the teamplay steps and is in sec_0531. The mapping is right. The step-3 icon at the top of p255 (img_0241) is in sec_0530, also right.",
SOMATOM_Force_IFU_VB30,sec_0540,258,5.4-hierarchy_level,PASS,,"On p258 ""Manipulating contrast protocols"" is a margin heading under ""Defining contrast protocols"". TOC says level 5. The page does not show levels, so I trust the TOC.",
SOMATOM_Force_IFU_VB30,sec_0540,258,5.4-parent_child,PASS,,"The parent is sec_0539 ""Defining contrast protocols"", which lists sec_0540 and sec_0541. On p259 the second heading ""Defining contrast protocols"" (sec_0541) follows this section as a sibling.",
SOMATOM_Force_IFU_VB30,sec_0540,258,5.4-page_start_end,PASS,,"The heading T5605 and step 1 T5627 are at the bottom of p258. The section continues on p259 with steps 2 to 5 and the three ""i"" notes, ending at T5643. The heading ""Defining contrast protocols"" on p259 (sec_0541) is not inside. Both page_start 258 and page_end 259 are right.",
SOMATOM_Force_IFU_VB30,sec_0540,258,5.4-hierarchy_path,PASS,,The path /Scan Protocol Assistant/Defining contrast protocols/Manipulating contrast protocols matches the margin headings on p258 and p259.,
SOMATOM_Force_IFU_VB30,sec_0540,258,5.4-gaps_duplicates,PASS,,"Steps 1 to 5 and the notes T5639, T5640 and T5643 are present once. In T5634 the step number ""3"" is read after the text ""Right-click the contrast protocol"", which is a small order issue. All text is in the right section.",
SOMATOM_Force_IFU_VB30,sec_0540,258,5.4-flagged_for_review,PASS,,flagged_for_review is false with a verification_score of 100. The headings are clear on p258.,
SOMATOM_Force_IFU_VB30,sec_0540,258,5.4-structural_source,PASS,,"structural_source is toc. The heading is visible at the start of this section, so the source is supported.",
SOMATOM_Force_IFU_VB30,sec_0540,258,5.6-numbering_scheme,PASS,,The footers on p258 and p259 show 258 and 259 in arabic digits. numbering_scheme is arabic.,
SOMATOM_Force_IFU_VB30,sec_0540,258,5.6-offset_applied,PASS,,offset_applied is 0. Printed 258 equals physical 258.,
SOMATOM_Force_IFU_VB30,sec_0540,258,5.5-filters_discarding,PASS,,"On p259 the step-2 icon was extracted (img_0251). The three ""i"" note markers are small and their meaning is in the text. I grade them PASS as in v1.9. Icons on p258 belong to sec_0538.",
SOMATOM_Force_IFU_VB30,sec_0540,258,5.5-filters_passing_noise,PASS,,"img_0251 is a 65x65 step-2 button, upright. No noise was kept.",
SOMATOM_Force_IFU_VB30,sec_0540,258,5.5-image_section_mapping,PASS,,"img_0251 is beside step 2 on p259, which is in sec_0540. The mapping is right. The icons 2, 3 and 4 on p258 are in sec_0538 (Mapping syngo.via workflow), which is also right.",
SOMATOM_Force_IFU_VB30,sec_0546,262,5.4-hierarchy_level,PASS,,"On p262 ""Activating a password protection"" is a level-4 margin heading like its sibling ""Ending the Scan Protocol Assistant"". Level 4 is right.",
SOMATOM_Force_IFU_VB30,sec_0546,262,5.4-parent_child,PASS,,The parent is sec_0506 and it lists sec_0546. No children are visible on p262.,
SOMATOM_Force_IFU_VB30,sec_0546,262,5.4-page_start_end,PASS,,"The heading T5712 and intro T5723 start at y548 on p262. The section ends with T5735 (password activated). The steps of sec_0545 above and the heading ""Ending the Scan Protocol Assistant"" below are not inside. page_start and page_end are both 262.",
SOMATOM_Force_IFU_VB30,sec_0546,262,5.4-hierarchy_path,PASS,,"The path ends with ""Activating a password protection"". It matches p262.",
SOMATOM_Force_IFU_VB30,sec_0546,262,5.4-gaps_duplicates,PASS,,"T5712 to T5735 cover the intro, steps 1 to 8 and the closing sentence once. I saw no duplicates or lost lines.",
SOMATOM_Force_IFU_VB30,sec_0546,262,5.4-flagged_for_review,PASS,,flagged_for_review is false with a verification_score of 100. The heading is clear on p262.,
SOMATOM_Force_IFU_VB30,sec_0546,262,5.4-structural_source,PASS,,"structural_source is toc. The heading is visible where the section starts, so the source is supported.",
SOMATOM_Force_IFU_VB30,sec_0546,262,5.6-numbering_scheme,PASS,,The footer on p262 shows 262 in arabic digits. numbering_scheme is arabic.,
SOMATOM_Force_IFU_VB30,sec_0546,262,5.6-offset_applied,PASS,,offset_applied is 0. Printed 262 equals physical 262.,
SOMATOM_Force_IFU_VB30,sec_0546,262,5.5-filters_discarding,PASS,,This section has no figure or icon on p262. The export icon at the top belongs to sec_0545. Nothing meaningful is dropped.,
SOMATOM_Force_IFU_VB30,sec_0546,262,5.5-filters_passing_noise,PASS,,No image is mapped to sec_0546 and none should be. Nothing noisy was kept.,
SOMATOM_Force_IFU_VB30,sec_0546,262,5.5-image_section_mapping,PASS,,"No image is mapped to sec_0546, and I see none in its area on p262. The only image on the page (img_0258) is for sec_0545, so the mapping is right.",
SOMATOM_Force_IFU_VB30,sec_0555,268,5.4-hierarchy_level,PASS,,"Section sec_0555 'Appending or replacing a scan protocol' is level 4 with a 4-part path. On p268 it is a margin heading like its sibling headings, so the level fits.",
SOMATOM_Force_IFU_VB30,sec_0555,268,5.4-parent_child,PASS,,"Parent is sec_0552 'Calling up the Patient Model Dialog' (level 3, p266-269). The heading sits under that topic on p268 and has no children.",
SOMATOM_Force_IFU_VB30,sec_0555,268,5.4-page_start_end,PASS,,"On p268 the margin heading starts the section. Nodes #/texts/5845 to 5872 are the intro, info note, steps 1-3 and 'A list of scan protocols is displayed'. #/texts/5876 on p269 is step 4. The earlier CAUTION boxes and steps stay in sec_0554. The p269 heading 6.3.3 is not here.","The tool flags boilerplate from p269. The p269 header '6 Examination' is placed with the first content of the page. That content, step 4 (#/texts/5876), really belongs to sec_0555. So the placement is right (BUG-022 design) and I keep PASS."
SOMATOM_Force_IFU_VB30,sec_0555,268,5.4-hierarchy_path,PASS,,The hierarchy_path is '/Examination/Preparations/Calling up the Patient Model Dialog/Appending or replacing a scan protocol'. It lists the ancestors in the right order and the last part matches the heading printed on p268.,
SOMATOM_Force_IFU_VB30,sec_0555,268,5.4-gaps_duplicates,PASS,,Steps 1 to 4 and the info note each appear once in sec_0555. The text of step 4 (#/texts/5876) is not repeated in sec_0556. No missing or duplicate nodes seen.,
SOMATOM_Force_IFU_VB30,sec_0555,268,5.4-flagged_for_review,PASS,,"flagged_for_review is false and verification_score is 100. The title is printed on p268 and the section range is right, so the flag state is right.",
SOMATOM_Force_IFU_VB30,sec_0555,268,5.4-structural_source,PASS,,structural_source is toc. The heading is in the PDF outline and is printed on p268.,
SOMATOM_Force_IFU_VB30,sec_0555,268,5.6-numbering_scheme,PASS,,numbering_scheme is arabic. The printed folio on p268 and p269 equals the physical page number.,
SOMATOM_Force_IFU_VB30,sec_0555,268,5.6-offset_applied,PASS,,offset_applied is 0. Printed folio 268 is on physical page 268.,
SOMATOM_Force_IFU_VB30,sec_0555,268,5.5-filters_discarding,FAIL,Low,"On p268 step 1 has a small blue patient icon (about 40 px) left of 'Click the Select or change exam icon'. No image was extracted for it. The text names the icon, so the step can still be read.",Probably the small-image floor (BUG-017). Meaning is in the text. Cosmetic loss only.
SOMATOM_Force_IFU_VB30,sec_0555,268,5.5-filters_passing_noise,PASS,,"No image is stored for sec_0555. No logo, rule or footer divider was kept as an image on p268.",
SOMATOM_Force_IFU_VB30,sec_0555,268,5.5-image_section_mapping,PASS,,"The only extracted image near this section is img_0262 (p269, Auto Tasking screen). It is under heading 6.3.3 and is mapped to sec_0556, which is right. No image is wrongly mapped to sec_0555.",
SOMATOM_Force_IFU_VB30,sec_0562,274,5.4-hierarchy_level,PASS,,sec_0562 'Series descriptions of FAST DE Results series' is level 5 under sec_0561 (level 4). On p274 it is a margin heading of the same style as the sibling 'Image comments'.,
SOMATOM_Force_IFU_VB30,sec_0562,274,5.4-parent_child,PASS,,Parent is sec_0561 'Automatic postprocessing of Dual Energy images' (p272-277). The next sibling is sec_0563 'Image comments' on the same page. No children.,
SOMATOM_Force_IFU_VB30,sec_0562,274,5.4-page_start_end,PASS,,The margin heading is at the top of p274. Nodes #/texts/5944 to 5954 hold all the body down to the 'DE_Abdomen 5.0 D30f Mono40_S2_S3_1' example. 'Image comments' and the two info notes are in sec_0563. The first node #/texts/5943 is the page header '6 Examination'. It is page boilerplate placed with the first content.,
SOMATOM_Force_IFU_VB30,sec_0562,274,5.4-hierarchy_path,PASS,,The hierarchy_path is '/Examination/Preparations/Using automatic functions/Automatic postprocessing of Dual Energy images/Series descriptions of FAST DE Results series'. It lists the ancestors in the right order and the last part matches the heading printed on p274.,
SOMATOM_Force_IFU_VB30,sec_0562,274,5.4-gaps_duplicates,PASS,,All bullets and example lines of the section are in sec_0562 once. The bullet mark #/texts/5948 is a separate node and comes after 5949 in order. This is a small order issue and no text is lost. No text of sec_0563 is inside.,
SOMATOM_Force_IFU_VB30,sec_0562,274,5.4-flagged_for_review,PASS,,"flagged_for_review is false. The section starts at the top of p274 and ends before 'Image comments', so no flag is needed.",
SOMATOM_Force_IFU_VB30,sec_0562,274,5.4-structural_source,PASS,,structural_source is toc. The heading text matches the printed margin heading on p274.,
SOMATOM_Force_IFU_VB30,sec_0562,274,5.6-numbering_scheme,PASS,,numbering_scheme is arabic. The folio printed on p274 is 274.,
SOMATOM_Force_IFU_VB30,sec_0562,274,5.6-offset_applied,PASS,,offset_applied is 0. Printed 274 equals physical 274.,
SOMATOM_Force_IFU_VB30,sec_0562,274,5.5-filters_discarding,PASS,,Page 274 shows only text bullets and two 'i' note markers. These notes belong to sec_0563. No figure or icon is lost for this section.,
SOMATOM_Force_IFU_VB30,sec_0562,274,5.5-filters_passing_noise,PASS,,"No image is stored for sec_0562, and none should be. No decoration was kept.",
SOMATOM_Force_IFU_VB30,sec_0562,274,5.5-image_section_mapping,PASS,,No image is on p274 and none is mapped to sec_0562. This is correct.,
SOMATOM_Force_IFU_VB30,sec_0591,282,5.4-hierarchy_level,PASS,,sec_0591 'Positioning the arm supports' is level 5 and its margin heading on p282 has the same style as the other level-5 mattress headings. The level fits.,
SOMATOM_Force_IFU_VB30,sec_0591,282,5.4-parent_child,PASS,,"Parent is sec_0586 'Positioning the mattress' (level 4, p280-283). Previous sibling is sec_0590 and next is sec_0592. No children. This agrees with the outline.",
SOMATOM_Force_IFU_VB30,sec_0591,282,5.4-page_start_end,PASS,,"The heading #/texts/6137 is in the middle of p282. The body is #/texts/6140 to 6153: intro, CAUTION box, steps 1-5 and the final info note 'After finishing the examination'. The 'Storing' step and note above stay in sec_0590. The section ends at the page bottom.",
SOMATOM_Force_IFU_VB30,sec_0591,282,5.4-hierarchy_path,PASS,,The hierarchy_path is '/Examination/Positioning the patient/Preparing the patient table/Positioning the mattress/Positioning the arm supports'. It lists the ancestors in the right order and the last part matches the heading printed on p282.,
SOMATOM_Force_IFU_VB30,sec_0591,282,5.4-gaps_duplicates,PASS,,"The CAUTION box nodes 6141 to 6146, steps 6148-6152 and the final note 6153 appear once. The folio nodes 6154 to 6156 are page boilerplate. No text from sec_0590 is inside.",
SOMATOM_Force_IFU_VB30,sec_0591,282,5.4-flagged_for_review,PASS,,flagged_for_review is false. Start and end are correct on p282.,
SOMATOM_Force_IFU_VB30,sec_0591,282,5.4-structural_source,PASS,,structural_source is toc. The heading is printed on p282.,
SOMATOM_Force_IFU_VB30,sec_0591,282,5.6-numbering_scheme,PASS,,numbering_scheme is arabic. Printed folio 282 is on physical page 282.,
SOMATOM_Force_IFU_VB30,sec_0591,282,5.6-offset_applied,PASS,,offset_applied is 0. Printed 282 equals physical 282.,
SOMATOM_Force_IFU_VB30,sec_0591,282,5.5-filters_discarding,PASS,,"The two patient photos beside steps 1-3 and 4-5 are extracted as img_0273 and img_0274 and are upright. The CAUTION triangle and 'i' marker are note markers with the text kept, so they are PASS.",
SOMATOM_Force_IFU_VB30,sec_0591,282,5.5-filters_passing_noise,PASS,,img_0273 and img_0274 are real figures. No decoration was kept for sec_0591.,
SOMATOM_Force_IFU_VB30,sec_0591,282,5.5-image_section_mapping,PASS,,"img_0273 and img_0274 sit beside the arm-support steps and are mapped to sec_0591. The storage photo img_0272 is correctly in sec_0590, not here.","The tool says CONTRADICTED because the three p282 images have the same size (528x425) and it cannot tell them apart. By eye, the two patient photos under the 'Positioning the arm supports' heading are img_0273 and img_0274, mapped to sec_0591. The mapping is right."
SOMATOM_Force_IFU_VB30,sec_0601,287,5.4-hierarchy_level,PASS,,sec_0601 'Using the flaps and the restraint straps' is level 4 under sec_0599 (level 3). It has the same margin-heading style as the sibling 'Immobilizing the patient' (level 4).,
SOMATOM_Force_IFU_VB30,sec_0601,287,5.4-parent_child,PASS,,"Parent is sec_0599 'Preparing the patient' (level 3, p285-287). Previous sibling is sec_0600 and next is sec_0602 'Applying infusion tubes'. No children. This is right.",
SOMATOM_Force_IFU_VB30,sec_0601,287,5.4-page_start_end,PASS,,The heading #/texts/6214 is in the lower half of p286. The body runs through #/texts/6226-6234 on p286 and the two WARNING boxes (#/texts/6239 to 6252) at the top of p287. The 'Applying infusion tubes' heading and its WARNING are in sec_0602. 'Immobilizing the patient' above stays in sec_0600.,
SOMATOM_Force_IFU_VB30,sec_0601,287,5.4-hierarchy_path,PASS,,The hierarchy_path is '/Examination/Positioning the patient/Preparing the patient/Using the flaps and the restraint straps'. It lists the ancestors in the right order and the last part matches the heading printed on p287.,
SOMATOM_Force_IFU_VB30,sec_0601,287,5.4-gaps_duplicates,PASS,,"The note about restraint straps (6228), the CAUTION box (6229-6234) and both p287 WARNING boxes are in sec_0601 once. The strap steps and the first WARNING of p286 belong to sec_0600. No missing or duplicated node seen.",
SOMATOM_Force_IFU_VB30,sec_0601,287,5.4-flagged_for_review,PASS,,flagged_for_review is false. The start on p286 and end on p287 are right.,
SOMATOM_Force_IFU_VB30,sec_0601,287,5.4-structural_source,PASS,,structural_source is toc. The heading is printed on p286.,
SOMATOM_Force_IFU_VB30,sec_0601,287,5.6-numbering_scheme,PASS,,numbering_scheme is arabic. Folios 286 and 287 match the physical pages.,
SOMATOM_Force_IFU_VB30,sec_0601,287,5.6-offset_applied,PASS,,offset_applied is 0. Printed 286 and 287 equal the physical pages.,
SOMATOM_Force_IFU_VB30,sec_0601,287,5.5-filters_discarding,PASS,,"No figure belongs to this section. The strap photo on p286 is above the heading and belongs to sec_0600. The CAUTION, WARNING and 'i' markers are note markers with the text kept, so they are PASS.",
SOMATOM_Force_IFU_VB30,sec_0601,287,5.5-filters_passing_noise,PASS,,No image is stored for sec_0601. Nothing decorative was kept.,
SOMATOM_Force_IFU_VB30,sec_0601,287,5.5-image_section_mapping,PASS,,"The only photo on p286 is img_0280, the straps photo, mapped to sec_0600. This is right. No image is mapped to sec_0601 and none is missing.",
SOMATOM_Force_IFU_VB30,sec_0612,291,5.4-hierarchy_level,PASS,,sec_0612 'Centering the patient' is level 5 under sec_0611 'Checking the patient position' (level 4). On p291 the two margin headings are consecutive. The nesting follows the outline.,
SOMATOM_Force_IFU_VB30,sec_0612,291,5.4-parent_child,PASS,,"Parent is sec_0611 (level 4, p291-292). Next sibling of the parent is sec_0613 'Checking patient safety'. No children. This is right.",
SOMATOM_Force_IFU_VB30,sec_0612,291,5.4-page_start_end,PASS,,On p291 the heading #/texts/6320 and step 1 (#/texts/6335) are at the bottom. On p292 step 2 (#/texts/6341) and the three notes (#/texts/6342 to 6344) end the section. The 'Checking patient safety' heading and WARNING boxes on p292 are in sec_0613. The CAUTION box above is in sec_0611.,
SOMATOM_Force_IFU_VB30,sec_0612,291,5.4-hierarchy_path,PASS,,The hierarchy_path is '/Examination/Positioning the patient/Moving the patient to the scan start position/Checking the patient position/Centering the patient'. It lists the ancestors in the right order and the last part matches the heading printed on p291.,
SOMATOM_Force_IFU_VB30,sec_0612,291,5.4-gaps_duplicates,PASS,,"Step 1, step 2 and the three notes appear once. The folio nodes 6336 to 6339 are page boilerplate between the pages. No missing or duplicate node seen.",
SOMATOM_Force_IFU_VB30,sec_0612,291,5.4-flagged_for_review,PASS,,flagged_for_review is false. Start on p291 and end on p292 are right.,
SOMATOM_Force_IFU_VB30,sec_0612,291,5.4-structural_source,PASS,,structural_source is toc. The heading is printed on p291.,
SOMATOM_Force_IFU_VB30,sec_0612,291,5.6-numbering_scheme,PASS,,numbering_scheme is arabic. Folios 291 and 292 match the physical pages.,
SOMATOM_Force_IFU_VB30,sec_0612,291,5.6-offset_applied,PASS,,offset_applied is 0. Printed 291 and 292 equal the physical pages.,
SOMATOM_Force_IFU_VB30,sec_0612,291,5.5-filters_discarding,PASS,,"The tick and cross figure under step 1 on p291 is extracted as img_0289. It is upright and complete. The 'i' markers on p292 are note markers with the text kept, so they are PASS.","The tool lists three small rasters dropped on p291: the Laser lightmarker key, the Zeroing key and the Set zero icon. All three are above the 'Centering the patient' heading and belong to the sibling sections for those keys, not to sec_0612. So no loss for this section."
SOMATOM_Force_IFU_VB30,sec_0612,291,5.5-filters_passing_noise,PASS,,img_0289 is a real figure. No decoration was kept for sec_0612.,
SOMATOM_Force_IFU_VB30,sec_0612,291,5.5-image_section_mapping,PASS,,img_0289 is below step 1 'Centering the patient' on p291 and is mapped to sec_0612. This is correct. The small key icons above it belong to the sections for those keys.,
SOMATOM_Force_IFU_VB30,sec_0617,295,5.4-hierarchy_level,PASS,,sec_0617 'Planning the scan ranges' is level 4 under sec_0614 (level 3). Its children sec_0618 and sec_0619 are level 5. On p295 the margin heading has the same style as the other level-4 headings.,
SOMATOM_Force_IFU_VB30,sec_0617,295,5.4-parent_child,PASS,,Parent is sec_0614 (level 3). Children are sec_0618 'Using the scan range presets' and sec_0619 'Manually adjusting the scan range'. Previous sibling is sec_0616. This matches the outline.,
SOMATOM_Force_IFU_VB30,sec_0617,295,5.4-page_start_end,PASS,,"On p295 the heading #/texts/6401 and the sentence #/texts/6407 are at the bottom. The failure note above them is correctly not in sec_0617, because Docling had merged it with the heading (BUG-029) and the pipeline split it into 6401-tail in sec_0616. Nodes 6412 to 6421 on p296 are the legend of figure img_0291. I could not see p296 in the pages given. The range p295 to p297 covers the children.",Page 296 was not in the rendered pages. Human please confirm the legend order on p296.
SOMATOM_Force_IFU_VB30,sec_0617,295,5.4-hierarchy_path,PASS,,The hierarchy_path is '/Examination/Positioning the patient/Using the 3D camera/Planning the scan ranges'. It lists the ancestors in the right order and the last part matches the heading printed on p295.,
SOMATOM_Force_IFU_VB30,sec_0617,295,5.4-gaps_duplicates,PASS,,"Heading and intro appear once. The legend ends at #/texts/6421 'Preset icons' with no description line in this section. It is probably in child sec_0618, but I could not check p296.","Page 296 was not in the rendered pages, so the legend part is not fully checked. Human please look at p296."
SOMATOM_Force_IFU_VB30,sec_0617,295,5.4-flagged_for_review,PASS,,flagged_for_review is false. The start on p295 is now right after the split of node 6401.,
SOMATOM_Force_IFU_VB30,sec_0617,295,5.4-structural_source,PASS,,structural_source is toc. The heading is printed on p295.,
SOMATOM_Force_IFU_VB30,sec_0617,295,5.6-numbering_scheme,PASS,,numbering_scheme is arabic. Folios 295 to 297 match the physical pages.,
SOMATOM_Force_IFU_VB30,sec_0617,295,5.6-offset_applied,PASS,,offset_applied is 0. Printed 295 equals physical 295.,
SOMATOM_Force_IFU_VB30,sec_0617,295,5.5-filters_discarding,PASS,,"Page 295 holds no figure of its own for this section. The legend figure on p296 is extracted as img_0291. The '>>' icon on p295 and p297 is a note marker with text kept, so PASS. The Move icon on p297 is img_0292.","The tool lists one small raster dropped on p295 (38x33 px). It is the blue Camera icon next to step 2, which belongs to sec_0616 and is graded there as Low. It is not in the sec_0617 area."
SOMATOM_Force_IFU_VB30,sec_0617,295,5.5-filters_passing_noise,PASS,,img_0291 and img_0292 are real figures or controls. No decoration was kept for sec_0617.,
SOMATOM_Force_IFU_VB30,sec_0617,295,5.5-image_section_mapping,PASS,,"img_0291 (p296, planning screen with callouts 1 to 5) is mapped to sec_0617 and matches its legend (6412 to 6421). img_0292 (p297, Move icon) is mapped to sec_0620 next to 'Moving the patient table', which is right.",
SOMATOM_Force_IFU_VB30,sec_0625,302,5.4-hierarchy_level,PASS,,hierarchy_level is 4. The margin heading 'Positioning the patient for radiotherapy without automated zeroing' on p302 matches sibling sec_0624 (level 4).,
SOMATOM_Force_IFU_VB30,sec_0625,302,5.4-parent_child,PASS,,"parent_section_id is sec_0622 'Radiotherapy functions' and child_sections is empty. No sub-headings are on p302 or p303, so this is correct.",
SOMATOM_Force_IFU_VB30,sec_0625,302,5.4-page_start_end,PASS,,"The section starts at the margin heading #/texts/6531 on p302 (below step 4 of sec_0624). It ends at #/texts/6554 on p303, just above the 6.4.7 heading 'Talking to the user at the console' (sec_0626). No node of a neighbour is absorbed.",
SOMATOM_Force_IFU_VB30,sec_0625,302,5.4-hierarchy_path,PASS,,hierarchy_path /Examination/Positioning the patient/Radiotherapy functions/Positioning the patient for radiotherapy without automated zeroing is in the right order.,
SOMATOM_Force_IFU_VB30,sec_0625,302,5.4-gaps_duplicates,PASS,,"Checks (#/texts/6536-6537), icon list (#/texts/6538-6542), step 1 on p302 and steps 2 to 6 with the result line on p303 are each present once. Nothing is missing.",
SOMATOM_Force_IFU_VB30,sec_0625,302,5.4-flagged_for_review,PASS,,"flagged_for_review is false and verification_score is 100.0. The heading is found where the TOC says, so the flag state is right.",
SOMATOM_Force_IFU_VB30,sec_0625,302,5.4-structural_source,PASS,,"structural_source is toc. The section has an embedded bookmark and its heading is visible on the page, so toc provenance is supported.",
SOMATOM_Force_IFU_VB30,sec_0625,302,5.6-numbering_scheme,PASS,,numbering_scheme is arabic. The printed folios 302 and 303 are shown at the page foot and match the physical pages.,
SOMATOM_Force_IFU_VB30,sec_0625,302,5.6-offset_applied,PASS,,"offset_applied is 0. The folio printed on physical page 302 is also 302, so no offset is needed.",
SOMATOM_Force_IFU_VB30,sec_0625,302,5.5-filters_discarding,FAIL,Low,"Small button icons are not extracted: Save at RT Laser (step 1, p302), Horizontal zeroing (step 3, p303) and Move to RT Laser (step 5, p303). The step 2 Move key icon on p303 is not a separate image (probably the same picture as img_0309).","The icon names are in the step text, so information is kept. Small icons, Low."
SOMATOM_Force_IFU_VB30,sec_0625,302,5.5-filters_passing_noise,PASS,,"img_0306 (patient screen, p302), img_0308 (Table In/Out keys, step 4) and img_0309 (Move key, step 6) are meaningful. No decoration is kept.",
SOMATOM_Force_IFU_VB30,sec_0625,302,5.5-image_section_mapping,PASS,,img_0306 on p302 is under the section heading and is mapped here. img_0308 and img_0309 on p303 sit beside steps 4 and 6 and are mapped here. The STOP picture img_0307 below heading 6.4.8 is correctly mapped to sec_0627.,
SOMATOM_Force_IFU_VB30,sec_0629,305,5.4-hierarchy_level,PASS,,hierarchy_level is 3. The heading '6.5.1 Immobilizing animal patients' on p304 is one level below '6.5 Positioning animal patients' (sec_0628).,
SOMATOM_Force_IFU_VB30,sec_0629,305,5.4-parent_child,PASS,,"parent_section_id is sec_0628 (6.5). The page shows 6.5 above 6.5.1, so the parent is right. child_sections is empty, which is right because the orange subtitles are not numbered headings.",
SOMATOM_Force_IFU_VB30,sec_0629,305,5.4-page_start_end,PASS,,The section starts at heading #/texts/6584 on p304. The two CAUTION boxes and info notes above it on p304 belong to 6.5 (sec_0628) and are not here. On p305 all nodes up to the WARNING box (#/texts/6612) belong to 6.5.1. The next section 'Scan' starts on p306.,"CAUTION and WARNING label nodes (#/texts/6590, 6595, 6601, 6605) stay with their own boxes in this section."
SOMATOM_Force_IFU_VB30,sec_0629,305,5.4-hierarchy_path,PASS,,"hierarchy_path /Examination/Positioning animal patients/Immobilizing animal patients matches numbers 6, 6.5 and 6.5.1.",
SOMATOM_Force_IFU_VB30,sec_0629,305,5.4-gaps_duplicates,PASS,,"Intro text (#/texts/6586), four safety boxes (#/texts/6590-6612) and the sub-headings 'Sedate or anesthetize' and 'Movement during scanning' are present once. Nothing is missing.",
SOMATOM_Force_IFU_VB30,sec_0629,305,5.4-flagged_for_review,PASS,,"flagged_for_review is false and verification_score is 100.0. The heading is found where the TOC says, so the flag state is right.",
SOMATOM_Force_IFU_VB30,sec_0629,305,5.4-structural_source,PASS,,"structural_source is toc. The section has an embedded bookmark and its heading is visible on the page, so toc provenance is supported.",
SOMATOM_Force_IFU_VB30,sec_0629,305,5.6-numbering_scheme,PASS,,numbering_scheme is arabic. The printed folios 304 and 305 are shown at the page foot and match the physical pages.,
SOMATOM_Force_IFU_VB30,sec_0629,305,5.6-offset_applied,PASS,,"offset_applied is 0. The folio printed on physical page 305 is also 305, so no offset is needed.",
SOMATOM_Force_IFU_VB30,sec_0629,305,5.5-filters_discarding,PASS,,"No figure or drawing is on p304 below 6.5.1 or on p305. The CAUTION/WARNING triangles are note markers and their meaning is in the text, so no figure was lost.",
SOMATOM_Force_IFU_VB30,sec_0629,305,5.5-filters_passing_noise,PASS,,No image is mapped to sec_0629 and none should be. No decorative element was kept as an image.,
SOMATOM_Force_IFU_VB30,sec_0629,305,5.5-image_section_mapping,PASS,,"I checked p304 and p305: there is no figure in the section area, and images.json has no image for sec_0629. This is correct.",
SOMATOM_Force_IFU_VB30,sec_0636,309,5.4-hierarchy_level,PASS,,hierarchy_level is 4. The margin heading 'Starting the topogram scan' on p309 matches the level of sibling sec_0634 under 6.6.3 (sec_0633).,
SOMATOM_Force_IFU_VB30,sec_0636,309,5.4-parent_child,PASS,,parent_section_id is sec_0633 'Acquiring a Topogram' (6.6.3) and child_sections is empty. This is correct.,
SOMATOM_Force_IFU_VB30,sec_0636,309,5.4-page_start_end,PASS,,"The section starts at heading #/texts/6683 on p309; the 'i' note above it (#/texts/6684) is correctly in sec_0635. It ends at note #/texts/6704 on p310, just above heading 6.6.4 'Planning an Examination' (sec_0637).",
SOMATOM_Force_IFU_VB30,sec_0636,309,5.4-hierarchy_path,PASS,,hierarchy_path /Examination/Scan/Acquiring a Topogram/Starting the topogram scan is in the right order.,
SOMATOM_Force_IFU_VB30,sec_0636,309,5.4-gaps_duplicates,PASS,,"Two 'i' notes, the blue shutter list, steps 1 to 3 on p309 and the CARE Profile text, notes and step 4 on p310 are present once each (#/texts/6685-6704).",
SOMATOM_Force_IFU_VB30,sec_0636,309,5.4-flagged_for_review,PASS,,"flagged_for_review is false and verification_score is 100.0. The heading is found where the TOC says, so the flag state is right.",
SOMATOM_Force_IFU_VB30,sec_0636,309,5.4-structural_source,PASS,,"structural_source is toc. The section has an embedded bookmark and its heading is visible on the page, so toc provenance is supported.",
SOMATOM_Force_IFU_VB30,sec_0636,309,5.6-numbering_scheme,PASS,,numbering_scheme is arabic. The printed folios 309 and 310 are shown at the page foot and match the physical pages.,
SOMATOM_Force_IFU_VB30,sec_0636,309,5.6-offset_applied,PASS,,"offset_applied is 0. The folio printed on physical page 309 is also 309, so no offset is needed.",
SOMATOM_Force_IFU_VB30,sec_0636,309,5.5-filters_discarding,FAIL,Low,"The yellow radiation icon beside step 3 'Press the START key' on p309 is not extracted. It is about 55 px, under the 80 px floor.","The key name is written in the step text, so no information is lost. Small icon, Low."
SOMATOM_Force_IFU_VB30,sec_0636,309,5.5-filters_passing_noise,PASS,,img_0314 (topogram with CARE Profile) and img_0315 (table position arrow keys) are meaningful. No decoration is kept.,
SOMATOM_Force_IFU_VB30,sec_0636,309,5.5-image_section_mapping,PASS,,"img_0314 on p310 is the topogram described by this section and img_0315 is beside step 4. Both are mapped to sec_0636. The heading of 6.6.4 is below them, so they are not in sec_0637.",
SOMATOM_Force_IFU_VB30,sec_0645,315,5.4-hierarchy_level,PASS,,"hierarchy_level is 4. The margin heading 'Checking parameter settings' on p315 is under 6.6.5 'Acquiring a Sequence' (sec_0644, level 3).",
SOMATOM_Force_IFU_VB30,sec_0645,315,5.4-parent_child,PASS,,parent_section_id is sec_0644 and child_sections is empty. This is correct.,
SOMATOM_Force_IFU_VB30,sec_0645,315,5.4-page_start_end,PASS,,"The section starts at heading #/texts/6812 on p315 (the 6.6.5 intro bullets above it belong to sec_0644). It ends at note #/texts/6824 on p316, just above the margin heading 'Optimizing the applied dose with CARE Dose4D and CARE kV' (sec_0646). The CAUTION box on p316 (#/texts/6818-6822) belongs here.",The lone label CAUTION (#/texts/6818) is kept with its own box.
SOMATOM_Force_IFU_VB30,sec_0645,315,5.4-hierarchy_path,PASS,,hierarchy_path /Examination/Scan/Acquiring a Sequence/Checking parameter settings is in the right order.,
SOMATOM_Force_IFU_VB30,sec_0645,315,5.4-gaps_duplicates,PASS,,"The legend (1) to (8) (#/texts/6803-6810), the Scan card note, the CAUTION box, the bullet and the two notes on p316 are present once. Nothing is missing.",
SOMATOM_Force_IFU_VB30,sec_0645,315,5.4-flagged_for_review,PASS,,"flagged_for_review is false and verification_score is 100.0. The heading is found where the TOC says, so the flag state is right.",
SOMATOM_Force_IFU_VB30,sec_0645,315,5.4-structural_source,PASS,,"structural_source is toc. The section has an embedded bookmark and its heading is visible on the page, so toc provenance is supported.",
SOMATOM_Force_IFU_VB30,sec_0645,315,5.6-numbering_scheme,PASS,,numbering_scheme is arabic. The printed folios 315 and 316 are shown at the page foot and match the physical pages.,
SOMATOM_Force_IFU_VB30,sec_0645,315,5.6-offset_applied,PASS,,"offset_applied is 0. The folio printed on physical page 315 is also 315, so no offset is needed.",
SOMATOM_Force_IFU_VB30,sec_0645,315,5.5-filters_discarding,PASS,,The Routine card screenshot with callouts is extracted (img_0322). The CAUTION triangle and 'i' markers have their meaning in the text. No figure is lost.,
SOMATOM_Force_IFU_VB30,sec_0645,315,5.5-filters_passing_noise,PASS,,img_0322 is a meaningful screenshot. No decoration is kept in this section.,
SOMATOM_Force_IFU_VB30,sec_0645,315,5.5-image_section_mapping,PASS,,"img_0322 sits under the margin heading on p315 and is mapped to sec_0645. The dose slider img_0323 on p316 is below the next heading and is mapped to sec_0646, which is right.",
SOMATOM_Force_IFU_VB30,sec_0651,320,5.4-hierarchy_level,PASS,,hierarchy_level is 4. The margin heading 'Performing the spiral acquisition' at the foot of p318 is under 6.6.7 'Acquiring a Spiral' (sec_0650).,
SOMATOM_Force_IFU_VB30,sec_0651,320,5.4-parent_child,PASS,,parent_section_id is sec_0650 and child_sections is empty. This is correct.,
SOMATOM_Force_IFU_VB30,sec_0651,320,5.4-page_start_end,PASS,,"The section starts at the margin heading #/texts/6862 at the foot of p318 (the 6.6.7 intro bullets above it belong to sec_0650). It ends with step 6 (#/texts/6906) at the top of p320, just above heading 6.6.8 'Acquiring an Adaptive 4D spiral' (sec_0652). Page 319 was not rendered in this batch, so p319 is judged from the node list.",Page 319 was not in the batch images. Judged from nodes #/texts/6885-6902 only.
SOMATOM_Force_IFU_VB30,sec_0651,320,5.4-hierarchy_path,PASS,,hierarchy_path /Examination/Scan/Acquiring a Spiral/Performing the spiral acquisition is in the right order.,
SOMATOM_Force_IFU_VB30,sec_0651,320,5.4-gaps_duplicates,PASS,,"Steps 1 to 6, the 'or' lines, the progress list and the RTD note (#/texts/6880-6906) are present once. The text on p318 and p320 matches the rendering.",Page 319 not rendered; judged from the node list.
SOMATOM_Force_IFU_VB30,sec_0651,320,5.4-flagged_for_review,PASS,,"flagged_for_review is false and verification_score is 100.0. The heading is found where the TOC says, so the flag state is right.",
SOMATOM_Force_IFU_VB30,sec_0651,320,5.4-structural_source,PASS,,"structural_source is toc. The section has an embedded bookmark and its heading is visible on the page, so toc provenance is supported.",
SOMATOM_Force_IFU_VB30,sec_0651,320,5.6-numbering_scheme,PASS,,numbering_scheme is arabic. The printed folios 318 and 320 are shown at the page foot and match the physical pages.,
SOMATOM_Force_IFU_VB30,sec_0651,320,5.6-offset_applied,PASS,,"offset_applied is 0. The folio printed on physical page 320 is also 320, so no offset is needed.",
SOMATOM_Force_IFU_VB30,sec_0651,320,5.5-filters_discarding,PASS,,"p318 foot and p320 top have no figure for this section. The screenshot on p319 is extracted (img_0325). I could not see p319 itself, so a small START icon there is not checked.",Confidence lowered because p319 was not rendered.
SOMATOM_Force_IFU_VB30,sec_0651,320,5.5-filters_passing_noise,PASS,,img_0325 is a meaningful screenshot of the scan progress. No decoration is kept.,Judged from images.json and the thumbnail only.
SOMATOM_Force_IFU_VB30,sec_0651,320,5.5-image_section_mapping,PASS,,"img_0325 (p319) is the only image mapped to sec_0651. Its page lies fully inside the section range, so the mapping is right. The STOP icon on p318 belongs to the emergency topic of an earlier section.",p319 not rendered.
SOMATOM_Force_IFU_VB30,sec_0654,321,5.4-hierarchy_level,PASS,,hierarchy_level is 4. The margin heading 'Displaying the Cycle time table dialog box' on p321 is under 6.6.8 'Acquiring an Adaptive 4D spiral' (sec_0652) like its siblings.,
SOMATOM_Force_IFU_VB30,sec_0654,321,5.4-parent_child,PASS,,parent_section_id is sec_0652 and child_sections is empty. This is correct.,
SOMATOM_Force_IFU_VB30,sec_0654,321,5.4-page_start_end,PASS,,The section starts at heading #/texts/6925 with its intro #/texts/6926-tail (the second part of a split node) at the top of p321. It ends with the 'i' note #/texts/6931 above the heading 'Defining different cycle times' (sec_0655). #/texts/6926-tail is the Displaying intro and belongs here.,"The same sentence also opens sec_0655 (#/texts/6932). That is repeated text in the PDF, not a duplicate node."
SOMATOM_Force_IFU_VB30,sec_0654,321,5.4-hierarchy_path,PASS,,hierarchy_path /Examination/Scan/Acquiring an Adaptive 4D spiral/Displaying the Cycle time table dialog box is in the right order.,
SOMATOM_Force_IFU_VB30,sec_0654,321,5.4-gaps_duplicates,PASS,,"Intro, steps 1 and 2 with their results and the final note are present once (#/texts/6925-6931). #/texts/6926-tail is not repeated in sec_0655.",
SOMATOM_Force_IFU_VB30,sec_0654,321,5.4-flagged_for_review,PASS,,"flagged_for_review is false and verification_score is 100.0. The heading is found where the TOC says, so the flag state is right.",
SOMATOM_Force_IFU_VB30,sec_0654,321,5.4-structural_source,PASS,,"structural_source is toc. The section has an embedded bookmark and its heading is visible on the page, so toc provenance is supported.",
SOMATOM_Force_IFU_VB30,sec_0654,321,5.6-numbering_scheme,PASS,,numbering_scheme is arabic. The printed folios 321 and 321 are shown at the page foot and match the physical pages.,
SOMATOM_Force_IFU_VB30,sec_0654,321,5.6-offset_applied,PASS,,"offset_applied is 0. The folio printed on physical page 321 is also 321, so no offset is needed.",
SOMATOM_Force_IFU_VB30,sec_0654,321,5.5-filters_discarding,FAIL,Low,"The two small table icons beside steps 1 and 2 on p321 (Activate / Edit cycle time table, about 35 px) are not extracted. The dialog screenshot is kept as img_0326.","The icon names are in the step text, so no information is lost. Small icons, Low."
SOMATOM_Force_IFU_VB30,sec_0654,321,5.5-filters_passing_noise,PASS,,img_0326 is the Cycle time table dialog and is meaningful. No decoration is kept.,
SOMATOM_Force_IFU_VB30,sec_0654,321,5.5-image_section_mapping,PASS,,"img_0326 sits under step 2 on p321 and is mapped to sec_0654. It is above the heading 'Defining different cycle times', so it is not in sec_0655.",
SOMATOM_Force_IFU_VB30,sec_0656,322,5.4-hierarchy_level,PASS,,"On p322 'Performing acquisition' is a margin heading. The bookmark has it at level 4 under 'Acquiring an Adaptive 4D spiral' (sec_0652, level 3). This matches the layout.",
SOMATOM_Force_IFU_VB30,sec_0656,322,5.4-parent_child,PASS,,Parent sec_0652 is right. Child sec_0657 'Real Time Display reconstruction mode' starts at the top of p323 and is a sub-topic of this one.,
SOMATOM_Force_IFU_VB30,sec_0656,322,5.4-page_start_end,PASS,,Heading node #/texts/6945 is mid-page on p322. Steps 1 to 5 and the info notes (#/texts/6948 to 6961) follow it on p322. The three info notes above the heading are not in this section. p323 content is in sec_0657 and later siblings.,
SOMATOM_Force_IFU_VB30,sec_0656,322,5.4-hierarchy_path,PASS,,Path /Examination/Scan/Acquiring an Adaptive 4D spiral/Performing acquisition matches the bookmark order.,
SOMATOM_Force_IFU_VB30,sec_0656,322,5.4-gaps_duplicates,PASS,,"Every text block under the heading on p322 is present once: steps 1 to 5, the 'or' line, the progress note bullets and the RTD note. No text is repeated.",
SOMATOM_Force_IFU_VB30,sec_0656,322,5.4-flagged_for_review,PASS,,"flagged_for_review is false and verification_score is 100. The title is visible on p322, so the flag state is correct.",
SOMATOM_Force_IFU_VB30,sec_0656,322,5.4-structural_source,PASS,,structural_source is toc. The section comes from a real bookmark and the title is on p322.,
SOMATOM_Force_IFU_VB30,sec_0656,322,5.6-numbering_scheme,PASS,,Numbering is arabic. The printed folio 322 is on p322.,
SOMATOM_Force_IFU_VB30,sec_0656,322,5.6-offset_applied,PASS,,offset_applied is 0. Printed folio 322 equals physical page 322.,
SOMATOM_Force_IFU_VB30,sec_0656,322,5.5-filters_discarding,FAIL,Low,"On p322 two small pictures are not extracted: the round MOVE key picture beside step 2 and the yellow START key picture beside step 3. No image file exists for them. The step text names both keys, so the meaning is kept. The three screenshots are kept in img_0327.","Small icons dropped, meaning in text. Probably the small-image filter. The 'i' note markers are not counted."
SOMATOM_Force_IFU_VB30,sec_0656,322,5.5-filters_passing_noise,PASS,,"The only image is img_0327 (three screenshots of the scan screen). It is real content, not decoration. It is not rotated.",
SOMATOM_Force_IFU_VB30,sec_0656,322,5.5-image_section_mapping,PASS,,"img_0327 is on p322 below step 3 and above 'You can observe the progress'. This is inside Performing acquisition, so sec_0656 is the right owner.",
SOMATOM_Force_IFU_VB30,sec_0713,353,5.4-hierarchy_level,PASS,,'Autoranges in coupled mode' is a margin heading on p353. It is level 5 under 'Setting the coupled mode' (level 4). This matches the bookmark.,
SOMATOM_Force_IFU_VB30,sec_0713,353,5.4-parent_child,PASS,,Parent sec_0712 'Setting the coupled mode' is right: the steps 1 to 4 above the heading belong to it. The section has no children.,
SOMATOM_Force_IFU_VB30,sec_0713,353,5.4-page_start_end,PASS,,"The margin heading (#/texts/7599) and the two paragraphs #/texts/7614 and 7615 are all on p353. They sit between the info note and the heading 7.2.2 'Checking the parameter settings' (sec_0714). The CAUTION box and steps above are not in this section, which is right. Range 353 to 353 is correct.","The heading node is read before the steps (#/texts/7600 to 7613), but the pipeline keeps those steps out of this section."
SOMATOM_Force_IFU_VB30,sec_0713,353,5.4-hierarchy_path,PASS,,Path /Enhanced examination/CARE Contrast CT/Activating the coupled mode/Setting the coupled mode/Autoranges in coupled mode is correct.,
SOMATOM_Force_IFU_VB30,sec_0713,353,5.4-gaps_duplicates,PASS,,Both paragraphs under the margin heading are present once. Nothing from the neighbours was added.,
SOMATOM_Force_IFU_VB30,sec_0713,353,5.4-flagged_for_review,PASS,,flagged_for_review is false and verification_score is 100. The title is visible on p353.,
SOMATOM_Force_IFU_VB30,sec_0713,353,5.4-structural_source,PASS,,structural_source is toc. The title is visible on p353.,
SOMATOM_Force_IFU_VB30,sec_0713,353,5.6-numbering_scheme,PASS,,Numbering is arabic. Folio 353 is on p353.,
SOMATOM_Force_IFU_VB30,sec_0713,353,5.6-offset_applied,PASS,,offset_applied is 0. Printed folio 353 equals physical page 353.,
SOMATOM_Force_IFU_VB30,sec_0713,353,5.5-filters_discarding,PASS,,There is no picture inside this section on p353. The CAUTION triangle and the 'i' markers belong to the neighbours. Their meaning is in the text. Nothing is lost.,
SOMATOM_Force_IFU_VB30,sec_0713,353,5.5-filters_passing_noise,PASS,,No image is mapped to this section. No decoration was kept.,
SOMATOM_Force_IFU_VB30,sec_0713,353,5.5-image_section_mapping,PASS,,No image is mapped to sec_0713 and none is visible in the section area of p353.,
SOMATOM_Force_IFU_VB30,sec_0716,357,5.4-hierarchy_level,PASS,,"'7.2.3 Performing a scan in coupled mode' is a numbered heading on p356. It is level 3 under 'CARE Contrast CT' (7.2, level 2).",
SOMATOM_Force_IFU_VB30,sec_0716,357,5.4-parent_child,PASS,,Parent sec_0709 is right. The section has no children. Siblings sec_0714 and sec_0717 are at the same level.,
SOMATOM_Force_IFU_VB30,sec_0716,357,5.4-page_start_end,PASS,,"Heading #/texts/7667 is on p356. The CAUTION box above it is in sec_0715. Steps 1 to 4 run to p357, where two info notes (#/texts/7685 to 7689) finish the section. Heading 7.2.4 is lower on p357 in sec_0717. Range 356 to 357 is correct.",
SOMATOM_Force_IFU_VB30,sec_0716,357,5.4-hierarchy_path,PASS,,Path /Enhanced examination/CARE Contrast CT/Performing a scan in coupled mode is correct.,
SOMATOM_Force_IFU_VB30,sec_0716,357,5.4-gaps_duplicates,PASS,,"Intro, steps 1 to 4, the 'or' line and the notes on p356 and p357 are present once. The MPPS, Patient protocol and E-Logbook bullets are included.",
SOMATOM_Force_IFU_VB30,sec_0716,357,5.4-flagged_for_review,PASS,,flagged_for_review is false and verification_score is 100. The heading is on p356.,
SOMATOM_Force_IFU_VB30,sec_0716,357,5.4-structural_source,PASS,,structural_source is toc. The title is visible on p356.,
SOMATOM_Force_IFU_VB30,sec_0716,357,5.6-numbering_scheme,PASS,,Numbering is arabic. Folios 356 and 357 follow the physical pages.,
SOMATOM_Force_IFU_VB30,sec_0716,357,5.6-offset_applied,PASS,,offset_applied is 0. Printed folio 357 equals physical page 357.,
SOMATOM_Force_IFU_VB30,sec_0716,357,5.5-filters_discarding,PASS,,The yellow 'Press START' bubble beside step 3 on p356 is extracted as img_0352. The 'i' markers are small and explained in the text. Nothing is lost.,
SOMATOM_Force_IFU_VB30,sec_0716,357,5.5-filters_passing_noise,PASS,,img_0352 (242x29) is a real screen message that step 3 names. It is not decoration. It is not rotated.,
SOMATOM_Force_IFU_VB30,sec_0716,357,5.5-image_section_mapping,PASS,,"img_0352 sits beside step 3 under heading 7.2.3 on p356. It is mapped to sec_0716, which is right.",
SOMATOM_Force_IFU_VB30,sec_0717,357,5.4-hierarchy_level,PASS,,"'7.2.4 Canceling a scan in coupled mode' is a numbered heading on p357. It is level 3 under 'CARE Contrast CT' (7.2, level 2).",
SOMATOM_Force_IFU_VB30,sec_0717,357,5.4-parent_child,PASS,,Parent sec_0709 is right. The section has no children. Siblings are sec_0716 before it and sec_0718 after it.,
SOMATOM_Force_IFU_VB30,sec_0717,357,5.4-page_start_end,PASS,,Heading #/texts/7690 is on p357 below the two notes of 7.2.3 (sec_0716). The two CAUTION boxes and the Suspend step follow. On p358 the notes and the 'or' step at the top (#/texts/7710 to 7713) still belong to 7.2.4. Heading 7.2.5 follows in sec_0718. Range 357 to 358 is correct.,
SOMATOM_Force_IFU_VB30,sec_0717,357,5.4-hierarchy_path,PASS,,Path /Enhanced examination/CARE Contrast CT/Canceling a scan in coupled mode is correct.,
SOMATOM_Force_IFU_VB30,sec_0717,357,5.4-gaps_duplicates,PASS,,"Both CAUTION boxes with all their lines, the Suspend step and the four p358 blocks are present once in #/texts/7691 to 7713.",
SOMATOM_Force_IFU_VB30,sec_0717,357,5.4-flagged_for_review,PASS,,flagged_for_review is false and verification_score is 100. The heading is on p357.,
SOMATOM_Force_IFU_VB30,sec_0717,357,5.4-structural_source,PASS,,structural_source is toc. The title is visible on p357.,
SOMATOM_Force_IFU_VB30,sec_0717,357,5.6-numbering_scheme,PASS,,Numbering is arabic. Folios 357 and 358 follow the physical pages.,
SOMATOM_Force_IFU_VB30,sec_0717,357,5.6-offset_applied,PASS,,offset_applied is 0. Printed folio 357 equals physical page 357.,
SOMATOM_Force_IFU_VB30,sec_0717,357,5.5-filters_discarding,PASS,,There is no figure in this section on p357 or p358. The CAUTION triangles and 'i' markers are note markers and the text carries their meaning. Nothing is lost.,
SOMATOM_Force_IFU_VB30,sec_0717,357,5.5-filters_passing_noise,PASS,,No image is mapped to this section. No decoration was kept.,
SOMATOM_Force_IFU_VB30,sec_0717,357,5.5-image_section_mapping,PASS,,"No image is mapped to sec_0717, and none is visible in its area on p357 or p358.",
SOMATOM_Force_IFU_VB30,sec_0728,364,5.4-hierarchy_level,PASS,,On p364 'Using MinDose' is a margin heading at the same size as the other topics in this chapter. Level 4 under sec_0722 is right.,
SOMATOM_Force_IFU_VB30,sec_0728,364,5.4-parent_child,PASS,,Parent is sec_0722 'Acquiring an ECG-Gated Spiral'. The parent lists sec_0728 between sec_0727 and sec_0729. sec_0728 has no children.,
SOMATOM_Force_IFU_VB30,sec_0728,364,5.4-page_start_end,PASS,,On p364 the section starts at the margin label 'Using MinDose' (#/texts/7845) and ends with the sentence 'A message box is displayed...' (#/texts/7866). The two CAUTION boxes and step 2 at the top of p364 are not here. They belong to sec_0727. page_start and page_end are both 364. The next heading is on p365.,
SOMATOM_Force_IFU_VB30,sec_0728,364,5.4-hierarchy_path,PASS,,"hierarchy_path is '/Enhanced examination/Cardiac CT/Acquiring an ECG-Gated Spiral/Using MinDose'. The same chain of parents is shown by the headings and the parent link, in the right order.",
SOMATOM_Force_IFU_VB30,sec_0728,364,5.4-gaps_duplicates,PASS,,"All paragraphs and steps 1 to 3 of 'Using MinDose' are present (#/texts/7857 to 7866), including the '– or –' line. Nothing from the CAUTION boxes of sec_0727 is inside. The nodes #/texts/7867 to 7869 are page footer lines only.",
SOMATOM_Force_IFU_VB30,sec_0728,364,5.4-flagged_for_review,PASS,,flagged_for_review is false and verification_score is 100. The margin title is on p364.,
SOMATOM_Force_IFU_VB30,sec_0728,364,5.4-structural_source,PASS,,structural_source is toc. The bookmark title 'Using MinDose' is printed on p364.,
SOMATOM_Force_IFU_VB30,sec_0728,364,5.6-numbering_scheme,PASS,,The footer shows 364 and the physical page is 364. The scheme is arabic.,
SOMATOM_Force_IFU_VB30,sec_0728,364,5.6-offset_applied,PASS,,offset_applied is 0. The heading is found on the expected physical page.,
SOMATOM_Force_IFU_VB30,sec_0728,364,5.5-filters_discarding,PASS,,"p364 has no figure of this section. The CAUTION triangles belong to sec_0727, and their text is in the tree. Nothing meaningful was dropped.",
SOMATOM_Force_IFU_VB30,sec_0728,364,5.5-filters_passing_noise,PASS,,"No image is mapped to sec_0728, and p364 has no extracted image. No noise is kept.",
SOMATOM_Force_IFU_VB30,sec_0728,364,5.5-image_section_mapping,PASS,,"p364 has no embedded figure for sec_0728. The only pictures on the page are the CAUTION triangles, which are small markers inside the sec_0727 boxes. No wrong mapping.",
SOMATOM_Force_IFU_VB30,sec_0744,370,5.4-hierarchy_level,PASS,,On p369 'Performing FlashCheck' is a margin heading at level 4. It has the same style as sec_0743 and sec_0745 under sec_0741. This is correct.,
SOMATOM_Force_IFU_VB30,sec_0744,370,5.4-parent_child,PASS,,Parent is sec_0741 (level 3). sec_0741 lists sec_0744 after sec_0743 and before sec_0745. sec_0744 has no children.,
SOMATOM_Force_IFU_VB30,sec_0744,370,5.4-page_start_end,PASS,,The section starts on p369 at the margin label 'Performing FlashCheck' (#/texts/7971) and the first WARNING box. It ends on p370 with the note 'If an autorange contains a Turbo Flash Spiral...' (#/texts/8010). The next margin heading 'Turbo Flash Spiral Cardiac scan range' and its text are not included. They belong to sec_0745. page_start 369 and page_end 370 are right.,
SOMATOM_Force_IFU_VB30,sec_0744,370,5.4-hierarchy_path,PASS,,"hierarchy_path is '/Enhanced examination/Cardiac CT/Turbo Flash Spiral Cardiac/Chest Pain/Performing FlashCheck'. The same chain of parents is shown by the headings and the parent link, in the right order.",
SOMATOM_Force_IFU_VB30,sec_0744,370,5.4-gaps_duplicates,PASS,,"Both WARNING boxes, steps 1 to 5, the CAUTION box and the four 'i' notes are present (#/texts/7977 to 8010). The label 'WARNING' appears with its box text in the same section each time. The FlashCheck table and intro on p369 are in sec_0743, not here. No duplicates were found.",
SOMATOM_Force_IFU_VB30,sec_0744,370,5.4-flagged_for_review,PASS,,flagged_for_review is false and verification_score is 100. The title is printed on p369.,
SOMATOM_Force_IFU_VB30,sec_0744,370,5.4-structural_source,PASS,,structural_source is toc. The bookmark title matches the margin heading on p369.,
SOMATOM_Force_IFU_VB30,sec_0744,370,5.6-numbering_scheme,PASS,,"The footers show 369 and 370, the same as the physical pages. The scheme is arabic.",
SOMATOM_Force_IFU_VB30,sec_0744,370,5.6-offset_applied,PASS,,offset_applied is 0. The heading is on physical p369 as expected.,
SOMATOM_Force_IFU_VB30,sec_0744,370,5.5-filters_discarding,PASS,,The FlashCheck icon on p370 is extracted (img_0357). The WARNING and CAUTION triangles and the 'i' icons are small markers with their text in the tree. Nothing meaningful is missing.,
SOMATOM_Force_IFU_VB30,sec_0744,370,5.5-filters_passing_noise,PASS,,"img_0357 is a 70x70 FlashCheck button icon. It is named in the steps, so it is useful and not noise. It is small, but it was kept for a real reason.",
SOMATOM_Force_IFU_VB30,sec_0744,370,5.5-image_section_mapping,PASS,,"img_0357 is next to step 3 'Click the FlashCheck button' on p370, and it is mapped to sec_0744. This is right. The p369 FlashCheck icon (img_0356) is mapped to sec_0743, which is also right. Both files are upright.",
SOMATOM_Force_IFU_VB30,sec_0746,371,5.4-hierarchy_level,PASS,,On p371 'Turbo Flash Spiral Chest Pain scan range' is a margin heading at level 4. It has the same style as sec_0745 above it. This is correct.,
SOMATOM_Force_IFU_VB30,sec_0746,371,5.4-parent_child,PASS,,Parent is sec_0741 (level 3). sec_0741 lists sec_0746 after sec_0745 and before sec_0747. sec_0746 has no children.,
SOMATOM_Force_IFU_VB30,sec_0746,371,5.4-page_start_end,PASS,,"The section starts on p371 at the margin label (#/texts/8015) and the sentence 'For the chest pain scan protocols...'. It ends on p372 with 'You can adapt the scan range in the usual way' (#/texts/8038). The next margin heading 'Acquiring a Turbo Flash Spiral Cardiac / Chest Pain' with the WARNING box is not included. The legend bullets 'Blue box / Magenta box / White boxes' on p372 go with the second figure of this section, so they are in the right section. page_start 371 and page_end 372 are right.",
SOMATOM_Force_IFU_VB30,sec_0746,371,5.4-hierarchy_path,PASS,,"hierarchy_path is '/Enhanced examination/Cardiac CT/Turbo Flash Spiral Cardiac/Chest Pain/Turbo Flash Spiral Chest Pain scan range'. The same chain of parents is shown by the headings and the parent link, in the right order.",
SOMATOM_Force_IFU_VB30,sec_0746,371,5.4-gaps_duplicates,PASS,,"The chest-pain paragraphs, the note about the dose range, the motion-artifacts paragraph and the recon-job sentence are present (#/texts/8024 to 8027). The p372 legend and the two notes are present (#/texts/8033 to 8038). The first figure and its two legend bullets on p371 are in sec_0745, not here. No duplicates were found.",
SOMATOM_Force_IFU_VB30,sec_0746,371,5.4-flagged_for_review,PASS,,flagged_for_review is false and verification_score is 100. The title is printed on p371.,
SOMATOM_Force_IFU_VB30,sec_0746,371,5.4-structural_source,PASS,,structural_source is toc. The bookmark title matches the margin heading on p371.,
SOMATOM_Force_IFU_VB30,sec_0746,371,5.6-numbering_scheme,PASS,,"The footers show 371 and 372, the same as the physical pages. The scheme is arabic.",
SOMATOM_Force_IFU_VB30,sec_0746,371,5.6-offset_applied,PASS,,offset_applied is 0. The heading is on physical p371 as expected.,
SOMATOM_Force_IFU_VB30,sec_0746,371,5.5-filters_discarding,PASS,,"The topogram picture under the heading was extracted (img_0359, 827x496). The 'i' note icons are small markers with their text in the tree. Nothing meaningful is missing.",
SOMATOM_Force_IFU_VB30,sec_0746,371,5.5-filters_passing_noise,PASS,,img_0359 is a real topogram with the scan-range boxes. It is not noise. The crop shows only the picture.,
SOMATOM_Force_IFU_VB30,sec_0746,371,5.5-image_section_mapping,PASS,,"img_0359 is the lower topogram on p371, under the chest-pain text. It is mapped to sec_0746, which is right. The upper topogram (img_0358) is mapped to sec_0745, which is also right. Both files are upright.",
SOMATOM_Force_IFU_VB30,sec_0753,375,5.4-hierarchy_level,PASS,,"On p375 'Achieving a maximum temporal resolution' is a margin heading at level 4, like its siblings under sec_0752 'Reconstructing'. This is correct.",
SOMATOM_Force_IFU_VB30,sec_0753,375,5.4-parent_child,PASS,,"Parent is sec_0752 'Reconstructing' (level 3, p374-381). sec_0752 lists sec_0753 as its first child. sec_0753 has no children.",
SOMATOM_Force_IFU_VB30,sec_0753,375,5.4-page_start_end,PASS,,The section starts on p375 at the margin label (#/texts/8106) and ends with the note 'The number behind the entries in the Recon selection list...' (#/texts/8121). Steps 1 to 7 and the first note at the top of p375 are not included. They belong to the parent topic. The next margin heading 'Reconstructing with Cardio BestPhase' is in sec_0754. page_start and page_end are both 375.,
SOMATOM_Force_IFU_VB30,sec_0753,375,5.4-hierarchy_path,PASS,,"hierarchy_path is '/Enhanced examination/Cardiac CT/Reconstructing/Achieving a maximum temporal resolution'. The same chain of parents is shown by the headings and the parent link, in the right order.",
SOMATOM_Force_IFU_VB30,sec_0753,375,5.4-gaps_duplicates,PASS,,"The two intro sentences, the 'A Dual Energy spiral was scanned' condition, the diamond step with the follow-up sentence, and the note are all present (#/texts/8117 to 8121). No node of sec_0754 is here, and no text is in two sections.",
SOMATOM_Force_IFU_VB30,sec_0753,375,5.4-flagged_for_review,PASS,,flagged_for_review is false and verification_score is 100. The title is printed on p375.,
SOMATOM_Force_IFU_VB30,sec_0753,375,5.4-structural_source,PASS,,structural_source is toc. The bookmark title matches the margin heading on p375.,
SOMATOM_Force_IFU_VB30,sec_0753,375,5.6-numbering_scheme,PASS,,"The footer shows 375, the same as the physical page. The scheme is arabic.",
SOMATOM_Force_IFU_VB30,sec_0753,375,5.6-offset_applied,PASS,,offset_applied is 0. The heading is on physical p375 as expected.,
SOMATOM_Force_IFU_VB30,sec_0753,375,5.5-filters_discarding,PASS,,p375 has no figure of this section. The 'i' icon is a small marker with its text kept. The small toolbar picture at the top (img_0361) belongs to the steps above this section and was kept.,
SOMATOM_Force_IFU_VB30,sec_0753,375,5.5-filters_passing_noise,PASS,,"No image is mapped to sec_0753. img_0361 on the same page is a real toolbar picture for step 3, not noise.",
SOMATOM_Force_IFU_VB30,sec_0753,375,5.5-image_section_mapping,PASS,,"The only extracted image on p375 is img_0361 (92x41, upright). It is at the top, next to steps 1 to 7, before this heading. It is mapped to sec_0752, the parent topic, which is right. sec_0753 has no figure of its own.",
SOMATOM_Force_IFU_VB30,sec_0758,378,5.4-hierarchy_level,PASS,,"On p378 'Selecting phases for Multiphase reconstruction' is a margin heading at level 4, like its siblings under sec_0752. This is correct.",
SOMATOM_Force_IFU_VB30,sec_0758,378,5.4-parent_child,PASS,,Parent is sec_0752 'Reconstructing'. sec_0752 lists sec_0758 after sec_0757 and before sec_0759. sec_0758 has no children.,
SOMATOM_Force_IFU_VB30,sec_0758,378,5.4-page_start_end,PASS,,"The section starts on p378 at the margin label (#/texts/8171) and 'For Multiphase reconstruction, select the desired phases first'. It ends on p379 with '– or –' and 'Scroll through the list of phases...' (#/texts/8190 and 8191). The icons and steps at the top of p378 are not included; they belong to sec_0757. 'Modifying Multiphase parameters' on p379 is in sec_0759. page_start 378 and page_end 379 are right.",
SOMATOM_Force_IFU_VB30,sec_0758,378,5.4-hierarchy_path,PASS,,"hierarchy_path is '/Enhanced examination/Cardiac CT/Reconstructing/Selecting phases for Multiphase reconstruction'. The same chain of parents is shown by the headings and the parent link, in the right order.",
SOMATOM_Force_IFU_VB30,sec_0758,378,5.4-gaps_duplicates,PASS,,"The intro sentence, the diamond step, both '– or –' parts, and the two notes are present. The p379 continuation is present. The screenshot is mapped here too (img_0362). The order of the margin heading (#/texts/8171) is before the top-of-page steps, but those steps are not copied here, so there is no duplicate.",
SOMATOM_Force_IFU_VB30,sec_0758,378,5.4-flagged_for_review,PASS,,flagged_for_review is false and verification_score is 100. The title is printed on p378.,
SOMATOM_Force_IFU_VB30,sec_0758,378,5.4-structural_source,PASS,,structural_source is toc. The bookmark title matches the margin heading on p378.,
SOMATOM_Force_IFU_VB30,sec_0758,378,5.6-numbering_scheme,PASS,,"The footers show 378 and 379, the same as the physical pages. The scheme is arabic.",
SOMATOM_Force_IFU_VB30,sec_0758,378,5.6-offset_applied,PASS,,offset_applied is 0. The heading is on physical p378 as expected.,
SOMATOM_Force_IFU_VB30,sec_0758,378,5.5-filters_discarding,FAIL,Low,On p378 the Preview Series icon and the Multiphase icon (about 36x36 px) at the top of the page are not extracted. The large screenshot img_0362 of sec_0758 is kept. No other figure of sec_0758 is lost.,"The icons probably belong to sec_0757, which is not in this batch. Their names are in the text, so Low (small icon, meaning in text). The deterministic check also reports two small rasters dropped on p378."
SOMATOM_Force_IFU_VB30,sec_0758,378,5.5-filters_passing_noise,PASS,,img_0362 is a real screenshot of the multiphase list and is not noise. The crop shows only the screenshot.,
SOMATOM_Force_IFU_VB30,sec_0758,378,5.5-image_section_mapping,PASS,,"img_0362 (799x406, upright) is under the heading 'Selecting phases...' and is mapped to sec_0758. This is right.",
SOMATOM_Force_IFU_VB30,sec_0759,379,5.4-hierarchy_level,PASS,,"On p379 'Modifying Multiphase parameters' is a margin heading at level 4, like its siblings under sec_0752. This is correct.",
SOMATOM_Force_IFU_VB30,sec_0759,379,5.4-parent_child,PASS,,Parent is sec_0752 'Reconstructing'. sec_0752 lists sec_0759 after sec_0758 and before sec_0760. sec_0759 has no children.,
SOMATOM_Force_IFU_VB30,sec_0759,379,5.4-page_start_end,PASS,,The section starts on p379 at the margin label (#/texts/8187) and ends with step 2 'Change the increment and unit via the selection list' (#/texts/8194). The '– or –' lines at the top of p379 are in sec_0758. The next margin heading 'Performing a TrueStack reconstruction' is in sec_0760. page_start and page_end are both 379.,
SOMATOM_Force_IFU_VB30,sec_0759,379,5.4-hierarchy_path,PASS,,"hierarchy_path is '/Enhanced examination/Cardiac CT/Reconstructing/Modifying Multiphase parameters'. The same chain of parents is shown by the headings and the parent link, in the right order.",
SOMATOM_Force_IFU_VB30,sec_0759,379,5.4-gaps_duplicates,PASS,,"The intro sentence and steps 1 and 2 are present (#/texts/8192 to 8194). The dropdown picture is mapped here. No text from sec_0758 or sec_0760 is inside, and no text is in two sections.",
SOMATOM_Force_IFU_VB30,sec_0759,379,5.4-flagged_for_review,PASS,,flagged_for_review is false and verification_score is 100. The title is printed on p379.,
SOMATOM_Force_IFU_VB30,sec_0759,379,5.4-structural_source,PASS,,structural_source is toc. The bookmark title matches the margin heading on p379.,
SOMATOM_Force_IFU_VB30,sec_0759,379,5.6-numbering_scheme,PASS,,"The footer shows 379, the same as the physical page. The scheme is arabic.",
SOMATOM_Force_IFU_VB30,sec_0759,379,5.6-offset_applied,PASS,,offset_applied is 0. The heading is on physical p379 as expected.,
SOMATOM_Force_IFU_VB30,sec_0759,379,5.5-filters_discarding,FAIL,Low,On p379 the small Direct Viewer glasses icon (about 38x38 px) in step 3 is not extracted. The dropdown picture img_0363 of sec_0759 is kept. The heart-isolation icon img_0364 is kept.,"The icon probably belongs to sec_0761, which is not in this batch. Its name 'Direct Viewer icon' is in the text, so Low (small icon, meaning in text). The deterministic check also reports one small raster dropped on p379."
SOMATOM_Force_IFU_VB30,sec_0759,379,5.5-filters_passing_noise,PASS,,"img_0363 shows the increment menu and is meaningful. It is not noise, and no other image is mapped to sec_0759.",
SOMATOM_Force_IFU_VB30,sec_0759,379,5.5-image_section_mapping,PASS,,"img_0363 (242x300, upright) is next to the heading and the intro sentence, and it is mapped to sec_0759. This is right. The heart-isolation icon (img_0364) is mapped to sec_0761, which is also right.",
SOMATOM_Force_IFU_VB30,sec_0780,386,5.4-hierarchy_level,PASS,,"On p386 the heading ""Restoring the zoom factor"" is a small bold margin heading, like its siblings ""Hiding graphics"" and ""Displaying a crosshair"". Level 5 under ""Using 2D tools"" (level 4) fits.",
SOMATOM_Force_IFU_VB30,sec_0780,386,5.4-parent_child,PASS,,"Parent is sec_0777 ""Using 2D tools"", and sec_0777 lists sec_0780 in child_sections. sec_0780 has no children, which is right for a one-step topic.",
SOMATOM_Force_IFU_VB30,sec_0780,386,5.4-page_start_end,PASS,,"Section starts and ends on p386. Nodes are the running header #/texts/8328, the heading #/texts/8329 and the step #/texts/8333 ""Click the Home Zoom/Pan icon"". The next heading ""Hiding graphics"" starts sec_0781, so nothing is absorbed.",
SOMATOM_Force_IFU_VB30,sec_0780,386,5.4-hierarchy_path,PASS,,Path is /Enhanced examination/Adaptive 3D Intervention/Using the Intervention parameter card and tool bar/Using 2D tools/Restoring the zoom factor. This matches the headings and bookmark nesting.,
SOMATOM_Force_IFU_VB30,sec_0780,386,5.4-gaps_duplicates,PASS,,"The topic appears once. Its heading and its one step are both in sec_0780. No node of sec_0781 to sec_0783 is inside it, and nothing of its own is missing.",
SOMATOM_Force_IFU_VB30,sec_0780,386,5.4-flagged_for_review,PASS,,flagged_for_review is false and verification_score is 100. The heading is visible on p386 where the section starts.,
SOMATOM_Force_IFU_VB30,sec_0780,386,5.4-structural_source,PASS,,"structural_source is ""toc"". The bookmark title matches the heading seen on p386, so this source is supported.",
SOMATOM_Force_IFU_VB30,sec_0780,386,5.6-numbering_scheme,PASS,,"numbering_scheme is arabic. The printed folio on the page is 386, which is an arabic number.",
SOMATOM_Force_IFU_VB30,sec_0780,386,5.6-offset_applied,PASS,,"offset_applied is 0. The printed folio 386 is the same as the physical page, and the neighbour sections also have offset 0.",
SOMATOM_Force_IFU_VB30,sec_0780,386,5.5-filters_discarding,PASS,,The Home Zoom/Pan icon next to the heading was kept as img_0378 (58x58 px). The other icons on p386 belong to the sibling sections and are also extracted. No figure is lost.,
SOMATOM_Force_IFU_VB30,sec_0780,386,5.5-filters_passing_noise,PASS,,"img_0378 is the real Home Zoom/Pan icon that the step names. I opened the file and it is upright. It is not a logo, rule or other decoration.",
SOMATOM_Force_IFU_VB30,sec_0780,386,5.5-image_section_mapping,PASS,,"img_0378 is mapped to sec_0780 and sits right beside its heading on p386. The icons for Hiding graphics, Crosshair and Laser are mapped to sec_0781 to sec_0783. The mapping is right.","verify_claims says img_0378 sits under sec_0781. I checked the file: it is the Home Zoom/Pan icon (arrows around a head and a house), and on p386 it is the first icon, right under the heading Restoring the zoom factor. So I keep PASS."
SOMATOM_Force_IFU_VB30,sec_0785,387,5.4-hierarchy_level,PASS,,"On p387 ""Mounting i-Control to the coded surgical rail"" is a margin heading at the same style as ""Mounting i-Control to the trolley"" on p388. Level 4 under ""Using i-Control"" (level 3) is right. Its children ""Attaching"" and ""Shifting"" are level 5.",
SOMATOM_Force_IFU_VB30,sec_0785,387,5.4-parent_child,PASS,,"Parent is sec_0784 ""Using i-Control"", and the parent lists sec_0785. Children are sec_0786 and sec_0787, which are the two sub-steps shown on p388.",
SOMATOM_Force_IFU_VB30,sec_0785,387,5.4-page_start_end,FAIL,Critical,"FAIL. On p387 four WARNING boxes (#/texts/8352 to #/texts/8367) are printed ABOVE the heading ""Mounting i-Control to the coded surgical rail"". They are general i-Control warnings and belong to the parent sec_0784. They sit in sec_0785 instead, and its first node is the page header #/texts/8351. So the section starts at the top of the page, not at its heading. The heading text is also not stored as a node.","Probably BUG-019 (wrong heading anchor, section starts at page top). Content in the wrong section is Critical. verify_claims suggests Low because it only sees boilerplate on p388; it does not know that the four WARNING boxes belong to sec_0784, which I checked on the p387 render. The owner sec_0784 is not in this batch, so its missing-content row is on gaps_duplicates of this section."
SOMATOM_Force_IFU_VB30,sec_0785,387,5.4-hierarchy_path,PASS,,Path is /Enhanced examination/Adaptive 3D Intervention/Using i-Control/Mounting i-Control to the coded surgical rail. This matches the bookmark nesting.,
SOMATOM_Force_IFU_VB30,sec_0785,387,5.4-gaps_duplicates,FAIL,Critical,"FAIL. The 16 warning nodes #/texts/8352 to #/texts/8367 (four WARNING boxes on p387) are missing from the parent sec_0784 ""Using i-Control"" and sit in sec_0785. The parent has only 9 nodes. So the owner section loses safety warnings and the heading of sec_0785 is also not a node.","Same defect as the page_start_end row, graded on the owner side. The owner sec_0784 is not in this batch, so the row is on sec_0785. Probably BUG-019. Impact: a search for i-Control warnings finds them under the wrong section."
SOMATOM_Force_IFU_VB30,sec_0785,387,5.4-flagged_for_review,PASS,,"flagged_for_review is false with verification_score 100. The heading text is not a node, but the check only needs the section to be right, and the boundary problem is graded in page_start_end.",
SOMATOM_Force_IFU_VB30,sec_0785,387,5.4-structural_source,PASS,,"structural_source is ""toc"". The bookmark title matches the margin heading on p387, so the source is supported.",
SOMATOM_Force_IFU_VB30,sec_0785,387,5.6-numbering_scheme,PASS,,numbering_scheme is arabic. The printed folios 387 and 388 are arabic numbers.,
SOMATOM_Force_IFU_VB30,sec_0785,387,5.6-offset_applied,PASS,,"offset_applied is 0. Folio 387 is physical page 387, and the neighbour sections also use 0.",
SOMATOM_Force_IFU_VB30,sec_0785,387,5.5-filters_discarding,PASS,,"The two-photo figure on p387 (guiding rod and mounting fixture) was kept as img_0383 (567x222 px). The WARNING triangles and the ""i"" note marker are small and their meaning is in the text. No meaningful figure is lost.",
SOMATOM_Force_IFU_VB30,sec_0785,387,5.5-filters_passing_noise,PASS,,"The only image kept on p387 is the real photo figure img_0383. I opened it and it is upright. No logo, rule or decoration was kept.",
SOMATOM_Force_IFU_VB30,sec_0785,387,5.5-image_section_mapping,PASS,,"img_0383 is under the heading ""Mounting i-Control to the coded surgical rail"" and before step 1, and it is mapped to sec_0785. The p388 photos are mapped to the children sec_0786, sec_0787 and sec_0788. This is right.",
SOMATOM_Force_IFU_VB30,sec_0807,393,5.4-hierarchy_level,PASS,,"On p393 ""Scrolling through the image stack"" is a margin heading, like ""Controlling the syngo software"" below it. Level 6 under ""Operating the syngo software"" (level 5) is right.",
SOMATOM_Force_IFU_VB30,sec_0807,393,5.4-parent_child,PASS,,"Parent is sec_0806 ""Operating the syngo software"", and it lists sec_0807 first among its children. sec_0807 has no children.",
SOMATOM_Force_IFU_VB30,sec_0807,393,5.4-page_start_end,PASS,,"Section starts at the heading #/texts/8493 on p393. It holds the two prerequisites (#/texts/8499, #/texts/8500), steps 1 and 2 and their result lines (#/texts/8501 to #/texts/8504). It ends before ""Controlling the syngo software"" (sec_0808). The joystick figure and its legend above the heading stay in sec_0806.",
SOMATOM_Force_IFU_VB30,sec_0807,393,5.4-hierarchy_path,PASS,,Path is /Enhanced examination/Adaptive 3D Intervention/Using i-Control/Operating the system using i-Control/Operating the syngo software/Scrolling through the image stack. It matches the nesting.,
SOMATOM_Force_IFU_VB30,sec_0807,393,5.4-gaps_duplicates,PASS,,"All visible text of the topic is in sec_0807 once: both check marks, steps 1 and 2 and the two result sentences. Nothing from sec_0806 or sec_0808 is inside it.",
SOMATOM_Force_IFU_VB30,sec_0807,393,5.4-flagged_for_review,PASS,,flagged_for_review is false and verification_score is 100. The heading is on p393 where the section starts.,
SOMATOM_Force_IFU_VB30,sec_0807,393,5.4-structural_source,PASS,,"structural_source is ""toc"". The bookmark title equals the margin heading on p393.",
SOMATOM_Force_IFU_VB30,sec_0807,393,5.6-numbering_scheme,PASS,,numbering_scheme is arabic. The printed folio on p393 is 393.,
SOMATOM_Force_IFU_VB30,sec_0807,393,5.6-offset_applied,PASS,,offset_applied is 0. Printed folio 393 equals the physical page 393.,
SOMATOM_Force_IFU_VB30,sec_0807,393,5.5-filters_discarding,FAIL,Low,"FAIL. The small round key icon (cursor and two squares) beside the heading on p393 was not extracted. The page has only one image in images.json (img_0390, the joystick figure). The text names the ""Cursor / Navigation key"", so the meaning stays in the text.","Small icon dropped, probably the same cause as other small key icons on p393 and p399. Low because the key is named in the text."
SOMATOM_Force_IFU_VB30,sec_0807,393,5.5-filters_passing_noise,PASS,,"The only image kept on p393 is the joystick figure img_0390. It is a real figure and it is upright. No logo, rule or decoration was kept.",
SOMATOM_Force_IFU_VB30,sec_0807,393,5.5-image_section_mapping,PASS,,"img_0390 (joystick figure with legend ""(1) Table joystick"", ""(2) Mouse joystick"") is above the heading of sec_0807 and is mapped to the parent sec_0806. That is the right owner. No image is wrongly placed in sec_0807.",
SOMATOM_Force_IFU_VB30,sec_0831,399,5.4-hierarchy_level,PASS,,"On p399 ""Stopping automatically at the position of the last scan"" is a margin heading, like ""Stopping automatically at any other position"". Level 7 under ""Moving the table to predefined positions"" (level 6) is right.",
SOMATOM_Force_IFU_VB30,sec_0831,399,5.4-parent_child,PASS,,"Parent is sec_0830, and sec_0830 lists sec_0831 first. sec_0831 has no children. Its siblings are sec_0832 and sec_0833.",
SOMATOM_Force_IFU_VB30,sec_0831,399,5.4-page_start_end,PASS,,"Section starts at the heading #/texts/8632 on p399. It has the intro #/texts/8637 and the step #/texts/8638 ""Press this key..."". It ends before ""Stopping automatically at any other position"" (sec_0832). Nothing foreign is inside.",
SOMATOM_Force_IFU_VB30,sec_0831,399,5.4-hierarchy_path,PASS,,Path ends with /Moving the patient table/Moving the table to predefined positions/Stopping automatically at the position of the last scan. This matches the nesting seen on p399.,
SOMATOM_Force_IFU_VB30,sec_0831,399,5.4-gaps_duplicates,PASS,,"The heading, the intro sentences and the step are all in sec_0831 once. Nothing from sec_0830 or sec_0832 is inside it.",
SOMATOM_Force_IFU_VB30,sec_0831,399,5.4-flagged_for_review,PASS,,flagged_for_review is false and verification_score is 100. The heading is on p399 as expected.,
SOMATOM_Force_IFU_VB30,sec_0831,399,5.4-structural_source,PASS,,"structural_source is ""toc"". The bookmark title equals the margin heading on p399.",
SOMATOM_Force_IFU_VB30,sec_0831,399,5.6-numbering_scheme,PASS,,numbering_scheme is arabic. The printed folio on p399 is 399.,
SOMATOM_Force_IFU_VB30,sec_0831,399,5.6-offset_applied,PASS,,offset_applied is 0. Printed folio 399 equals the physical page 399.,
SOMATOM_Force_IFU_VB30,sec_0831,399,5.5-filters_discarding,FAIL,Low,"FAIL. The round key icon beside the step on p399 was not extracted. The step says ""Press this key"", so the text points at the icon. Only img_0398 (joystick figure of sec_0834) is listed for this page. No extracted image shows this key.","Small icon dropped (probably the same filter that drops other key icons on p399). Low as small icon; it could be Medium because ""this key"" is only identified by the icon."
SOMATOM_Force_IFU_VB30,sec_0831,399,5.5-filters_passing_noise,PASS,,"The only image kept on p399 is the joystick figure img_0398. It belongs to another section. No logo, rule or decoration is kept for sec_0831.",
SOMATOM_Force_IFU_VB30,sec_0831,399,5.5-image_section_mapping,PASS,,"No image is mapped to sec_0831. The one extracted image on p399 (img_0398) is the joystick figure under ""Operating the syngo software"" and is mapped to sec_0834. That mapping is right.",
SOMATOM_Force_IFU_VB30,sec_0835,400,5.4-hierarchy_level,PASS,,"On p400 ""Scrolling through the image stack"" is a margin heading, as on p393. Level 6 under ""Operating the syngo software"" (level 5) is right. The node is typed ""paragraph"" and not ""heading"", but the section level is correct.",
SOMATOM_Force_IFU_VB30,sec_0835,400,5.4-parent_child,PASS,,"Parent is sec_0834 ""Operating the syngo software"". It lists sec_0835, sec_0836 and sec_0837, which are the three topics shown at the top of p400.",
SOMATOM_Force_IFU_VB30,sec_0835,400,5.4-page_start_end,PASS,,"Section starts at the top of p400 with the heading #/texts/8655, the prerequisite #/texts/8658 and the step #/texts/8659 ""Scroll forward or backward"". It ends before ""Toggling between image segments"" (sec_0836). The first node #/texts/8654 is the page header ""7 Enhanced examination"".",
SOMATOM_Force_IFU_VB30,sec_0835,400,5.4-hierarchy_path,PASS,,Path is /Enhanced examination/Adaptive 3D Intervention/Using i-Control/Operating the system using i-Control/Operating the syngo software/Scrolling through the image stack. It matches the nesting.,
SOMATOM_Force_IFU_VB30,sec_0835,400,5.4-gaps_duplicates,PASS,,"The heading, the prerequisite and the step are all in sec_0835 once. The same title also exists in sec_0807 (another chapter of the manual), which is not a duplicate. Nothing is missing.",
SOMATOM_Force_IFU_VB30,sec_0835,400,5.4-flagged_for_review,PASS,,flagged_for_review is false and verification_score is 100. The heading is at the top of p400 as expected.,
SOMATOM_Force_IFU_VB30,sec_0835,400,5.4-structural_source,PASS,,"structural_source is ""toc"". The bookmark title equals the margin heading on p400.",
SOMATOM_Force_IFU_VB30,sec_0835,400,5.6-numbering_scheme,PASS,,numbering_scheme is arabic. The printed folio on p400 is 400.,
SOMATOM_Force_IFU_VB30,sec_0835,400,5.6-offset_applied,PASS,,offset_applied is 0. Printed folio 400 equals the physical page 400.,
SOMATOM_Force_IFU_VB30,sec_0835,400,5.5-filters_discarding,FAIL,Low,"FAIL. The two round ""+"" and ""-"" key icons beside the step on p400 were not extracted. No image of p400 is in images.json. The step says only ""Scroll forward or backward through the image stack"", so the key names exist only in the icons.",Small icons dropped (probably the same filter as on p393 and p399). Low as small icons; it could be Medium because the text does not name the keys.
SOMATOM_Force_IFU_VB30,sec_0835,400,5.5-filters_passing_noise,PASS,,"No image was extracted for sec_0835 on p400, so no logo, rule or decoration was kept.",
SOMATOM_Force_IFU_VB30,sec_0835,400,5.5-image_section_mapping,PASS,,"No image is mapped to sec_0835. The only visible images in this section are the two key icons, and they are not extracted. Nothing is mapped to a wrong section.",
SOMATOM_Force_IFU_VB30,sec_0853,407,5.4-hierarchy_level,PASS,,"On p406 ""7.4.12 Defining the table repositioning"" is a numbered heading, the same style as 7.4.11 above it and 7.4.13 below it. Level 3 under ""Adaptive 3D Intervention"" (level 2) is right.",
SOMATOM_Force_IFU_VB30,sec_0853,407,5.4-parent_child,PASS,,"Parent is sec_0764 ""Adaptive 3D Intervention"", and sec_0764 lists sec_0853. Siblings are sec_0852 (7.4.11) and sec_0854 (7.4.13). sec_0853 has no children.",
SOMATOM_Force_IFU_VB30,sec_0853,407,5.4-page_start_end,PASS,,"Section starts at the heading #/texts/8806 on p406 and continues on p407 with the options ""Select No Feed"", ""Feed to Begin Position"", ""Feed to i-Sequence Scan Position"" and the ""i"" note (#/texts/8813 to #/texts/8818). It ends before the heading 7.4.13 (sec_0854). Footer and header nodes #/texts/8810 to #/texts/8812 are page furniture between the two pages.",
SOMATOM_Force_IFU_VB30,sec_0853,407,5.4-hierarchy_path,PASS,,Path is /Enhanced examination/Adaptive 3D Intervention/Defining the table repositioning. It matches the 7.4.12 heading seen on p406.,
SOMATOM_Force_IFU_VB30,sec_0853,407,5.4-gaps_duplicates,PASS,,"The intro, the prerequisite and all options on p407 are in sec_0853 once. Nothing from 7.4.11 or 7.4.13 is inside it, and no text of 7.4.12 is missing.",
SOMATOM_Force_IFU_VB30,sec_0853,407,5.4-flagged_for_review,PASS,,flagged_for_review is false and verification_score is 100. The heading 7.4.12 is on p406 where the section starts.,
SOMATOM_Force_IFU_VB30,sec_0853,407,5.4-structural_source,PASS,,"structural_source is ""toc"". The bookmark title equals the heading 7.4.12 on p406.",
SOMATOM_Force_IFU_VB30,sec_0853,407,5.6-numbering_scheme,PASS,,numbering_scheme is arabic. The heading numbers 7.4.12 and the folios 406 and 407 are arabic.,
SOMATOM_Force_IFU_VB30,sec_0853,407,5.6-offset_applied,PASS,,offset_applied is 0. Printed folios 406 and 407 equal the physical pages.,
SOMATOM_Force_IFU_VB30,sec_0853,407,5.5-filters_discarding,PASS,,"The only figure in the page range that is not an icon is the small gantry diagram on p407, and it belongs to 7.4.13. It is extracted as img_0404. The ""i"" marker on p407 is a small note marker. No figure of 7.4.12 is lost.",
SOMATOM_Force_IFU_VB30,sec_0853,407,5.5-filters_passing_noise,PASS,,"No image is mapped to sec_0853, so no decoration is kept for it.",
SOMATOM_Force_IFU_VB30,sec_0853,407,5.5-image_section_mapping,PASS,,"No image is mapped to sec_0853. The one image in its page range, img_0404 on p407, is under heading 7.4.13 and is mapped to sec_0854. This is right.",
SOMATOM_Force_IFU_VB30,sec_0854,407,5.4-hierarchy_level,PASS,,"On p407 ""7.4.13 Defining the image order"" is a numbered heading like 7.4.12 and 7.4.14. Level 3 under ""Adaptive 3D Intervention"" (level 2) is right.",
SOMATOM_Force_IFU_VB30,sec_0854,407,5.4-parent_child,PASS,,"Parent is sec_0764, and sec_0764 lists sec_0854. Siblings are sec_0853 (7.4.12) and sec_0855 (7.4.14). sec_0854 has no children.",
SOMATOM_Force_IFU_VB30,sec_0854,407,5.4-page_start_end,PASS,,"Section starts at heading #/texts/8819 on p407. It has two intro sentences, the table #/tables/38, the bullet #/texts/8822 and #/texts/8823. It ends before the heading 7.4.14 (sec_0855). The note about i-Sequence belongs to 7.4.12, and it is in sec_0853.",
SOMATOM_Force_IFU_VB30,sec_0854,407,5.4-hierarchy_path,PASS,,Path is /Enhanced examination/Adaptive 3D Intervention/Defining the image order. It matches the 7.4.13 heading.,
SOMATOM_Force_IFU_VB30,sec_0854,407,5.4-gaps_duplicates,PASS,,"The heading, intro, table, bullet and result sentence are all in sec_0854 once. Nothing from 7.4.12 or 7.4.14 is inside it, and nothing of its own is missing.",
SOMATOM_Force_IFU_VB30,sec_0854,407,5.4-flagged_for_review,PASS,,flagged_for_review is false and verification_score is 100. The heading 7.4.13 is on p407.,
SOMATOM_Force_IFU_VB30,sec_0854,407,5.4-structural_source,PASS,,"structural_source is ""toc"". The bookmark title equals the heading 7.4.13 on p407.",
SOMATOM_Force_IFU_VB30,sec_0854,407,5.6-numbering_scheme,PASS,,numbering_scheme is arabic. The heading number 7.4.13 and the folio 407 are arabic.,
SOMATOM_Force_IFU_VB30,sec_0854,407,5.6-offset_applied,PASS,,offset_applied is 0. Printed folio 407 equals the physical page 407.,
SOMATOM_Force_IFU_VB30,sec_0854,407,5.6-table_content,PASS,,"Node #/tables/38 has the same 3x3 grid as p407. Header: Patient orientation, Monitor left of the gantry, Monitor right of the gantry. Rows: Head first with Feet-Center-Head and Head-Center-Feet. Feet first with Head-Center-Feet and Feet-Center-Head. No row or cell is lost.","The table node comes after the two bullets in semantic_order, but it is printed above them. The values and the owner are right."
SOMATOM_Force_IFU_VB30,sec_0854,407,5.5-filters_discarding,PASS,,The gantry diagram beside the bullet on p407 was extracted as img_0404 (99x55 px). It is small but readable. No other figure is on the page for this section.,
SOMATOM_Force_IFU_VB30,sec_0854,407,5.5-filters_passing_noise,PASS,,Only the real gantry diagram img_0404 is kept. I opened it. It is upright and shows the blue monitor boxes around the gantry. No decoration was kept.,
SOMATOM_Force_IFU_VB30,sec_0854,407,5.5-image_section_mapping,PASS,,"img_0404 is under heading 7.4.13 and next to the bullet ""Select the side of the patient table..."". It is mapped to sec_0854. This is right.",
SOMATOM_Force_IFU_VB30,sec_0881,417,5.4-hierarchy_level,PASS,,sec_0881 'Example of a needle path in a 3D model' is level 5. The render of p417 shows it at the matching depth under sec_0880 (Planning the needle path).,
SOMATOM_Force_IFU_VB30,sec_0881,417,5.4-parent_child,PASS,,"parent_section_id is sec_0880 (Planning the needle path). The section is listed in the parent's child_sections or is a leaf, and this fits the printed structure on p417.",
SOMATOM_Force_IFU_VB30,sec_0881,417,5.4-page_start_end,PASS,,The heading #/texts/9032 and the six legend lines #/texts/9035 to 9040 are on p417 above 'Adjusting the needle path'. That heading belongs to sec_0882. Boundaries are right.,
SOMATOM_Force_IFU_VB30,sec_0881,417,5.4-hierarchy_path,PASS,,Path ends Planning the needle path / Example of a needle path in a 3D model. The p417 margin heading matches the title.,
SOMATOM_Force_IFU_VB30,sec_0881,417,5.4-gaps_duplicates,PASS,,"The 3D figure and its legend are in sec_0881. The legend text is complete (six lines for callouts 1 to 6), but the '(1)' to '(6)' numbers are not in the nodes.","The numbers are only in the figure image img_0425. The legend order is correct, so the meaning is kept. Cosmetic."
SOMATOM_Force_IFU_VB30,sec_0881,417,5.4-flagged_for_review,PASS,,flagged_for_review is false. The p417 content matches the title.,
SOMATOM_Force_IFU_VB30,sec_0881,417,5.4-structural_source,PASS,,structural_source is toc. The bookmark title matches the heading seen on p417.,
SOMATOM_Force_IFU_VB30,sec_0881,417,5.6-numbering_scheme,PASS,,"numbering_scheme is arabic. The printed folio on p417 is 417, in arabic digits.",
SOMATOM_Force_IFU_VB30,sec_0881,417,5.6-offset_applied,PASS,,offset_applied is 0. The printed folio 417 equals the physical page 417.,
SOMATOM_Force_IFU_VB30,sec_0881,417,5.5-filters_discarding,PASS,,"The 3D needle path drawing is kept as img_0425 (1150x836) with all six callouts. The black 'i' icons on p417 sit in the notes of sec_0882, not in this section.",
SOMATOM_Force_IFU_VB30,sec_0881,417,5.5-filters_passing_noise,PASS,,img_0425 is the real figure. It has transparent padding on the right but no decorative element.,
SOMATOM_Force_IFU_VB30,sec_0881,417,5.5-image_section_mapping,PASS,,img_0425 is mapped to sec_0881 and is the figure under its heading. The two 58x58 icons img_0423 and img_0424 belong to sec_0882 and sec_0883 (Needle Tip Point and Delete Needle Path). Mapping is right.,"verify_claims reports a mismatch for 58x58 icons. I judge it a false positive: the tool matches kept images by pixel size only, and these icons all have the same size. I checked each icon image by eye."
SOMATOM_Force_IFU_VB30,sec_0906,428,5.4-hierarchy_level,PASS,,sec_0906 'Using the long phantom holder' is level 4. The render of p428 shows it at the matching depth under sec_0905 (Mounting the phantoms to the patient table).,
SOMATOM_Force_IFU_VB30,sec_0906,428,5.4-parent_child,PASS,,"parent_section_id is sec_0905 (Mounting the phantoms to the patient table). The section is listed in the parent's child_sections or is a leaf, and this fits the printed structure on p428.",
SOMATOM_Force_IFU_VB30,sec_0906,428,5.4-page_start_end,PASS,,"Margin heading #/texts/9245, steps 1 and 2 (#/texts/9250, 9251) and the legend (#/texts/9252 to 9256) are on p428. Step 2 'Use the two mounting screws' at the top of p428 belongs to the previous section. The 9.1.5 heading is in sec_0907. Boundaries are right.",
SOMATOM_Force_IFU_VB30,sec_0906,428,5.4-hierarchy_path,PASS,,Path is Accessories for quality measurement / Mounting the phantoms to the patient table / Using the long phantom holder. The p428 margin heading sits under 9.1.4.,
SOMATOM_Force_IFU_VB30,sec_0906,428,5.4-gaps_duplicates,PASS,,"Heading, two steps and the five legend lines of the phantom figure are all present. The '(1)' to '(5)' numbers are not in the nodes.",Numbers are only in img_0441. Order is kept. Cosmetic.
SOMATOM_Force_IFU_VB30,sec_0906,428,5.4-flagged_for_review,PASS,,flagged_for_review is false. The p428 content matches the title.,
SOMATOM_Force_IFU_VB30,sec_0906,428,5.4-structural_source,PASS,,structural_source is toc. The bookmark title matches the heading seen on p428.,
SOMATOM_Force_IFU_VB30,sec_0906,428,5.6-numbering_scheme,PASS,,"numbering_scheme is arabic. The printed folio on p428 is 428, in arabic digits.",
SOMATOM_Force_IFU_VB30,sec_0906,428,5.6-offset_applied,PASS,,offset_applied is 0. The printed folio 428 equals the physical page 428.,
SOMATOM_Force_IFU_VB30,sec_0906,428,5.5-filters_discarding,PASS,,The phantom holder photo is kept as img_0441 (1150x920) with callouts 1 to 5. No meaningful figure is lost.,"verify_claims lists a dropped 177x74 px raster on p428. It is the Laser lightmarker key icon next to step 1 of 9.1.5, which belongs to sec_0908 (see that row), not to sec_0906."
SOMATOM_Force_IFU_VB30,sec_0906,428,5.5-filters_passing_noise,PASS,,img_0441 is the real photo with callouts. Nothing decorative is kept.,
SOMATOM_Force_IFU_VB30,sec_0906,428,5.5-image_section_mapping,PASS,,img_0441 is mapped to sec_0906 and is the large photo under the 'Using the long phantom holder' heading. The photo pair below it (img_0442) is under 9.1.5 and goes to sec_0908. Mapping is right.,verify_claims says img_0442 sits under sec_0906. I judge this a false positive: the heading 9.1.5 (sec_0907) and step 1 (sec_0908) are between the legend of sec_0906 and the photo pair.
SOMATOM_Force_IFU_VB30,sec_0914,431,5.4-hierarchy_level,PASS,,sec_0914 'Performing quality measurements' is level 3. The render of p431 shows it at the matching depth under sec_0913 (Daily quality measurements).,
SOMATOM_Force_IFU_VB30,sec_0914,431,5.4-parent_child,PASS,,"parent_section_id is sec_0913 (Daily quality measurements). The section is listed in the parent's child_sections or is a leaf, and this fits the printed structure on p431.",
SOMATOM_Force_IFU_VB30,sec_0914,431,5.4-page_start_end,PASS,,"On p431 the heading 9.2.1 (#/texts/9302) starts the section. The 9.2 intro, 'Storage' text and the 'i' note above it are the parent's content in sec_0913, not here. The section ends on p434 with #/texts/9350. Boundaries are right.",
SOMATOM_Force_IFU_VB30,sec_0914,431,5.4-hierarchy_path,PASS,,Path is Quality assurance / Daily quality measurements / Performing quality measurements. The p431 heading reads 9.2.1 under 9.2.,
SOMATOM_Force_IFU_VB30,sec_0914,431,5.4-gaps_duplicates,PASS,,"On p431 the CAUTION box (#/texts/9303 to 9306), the calibration sentence and steps 1 to 3 (#/texts/9307 to 9311) are all present once. Footer lines #/texts/9312 to 9314 are boilerplate nodes.",Boilerplate nodes kept. Cosmetic.
SOMATOM_Force_IFU_VB30,sec_0914,431,5.4-flagged_for_review,PASS,,flagged_for_review is false. The p431 to p434 content agrees with the title.,
SOMATOM_Force_IFU_VB30,sec_0914,431,5.4-structural_source,PASS,,structural_source is toc. The bookmark title matches the heading seen on p431.,
SOMATOM_Force_IFU_VB30,sec_0914,431,5.6-numbering_scheme,PASS,,"numbering_scheme is arabic. The printed folio on p431 is 431, in arabic digits.",
SOMATOM_Force_IFU_VB30,sec_0914,431,5.6-offset_applied,PASS,,offset_applied is 0. The printed folio 431 equals the physical page 431.,
SOMATOM_Force_IFU_VB30,sec_0914,431,5.5-filters_discarding,FAIL,Low,On p431 the yellow CAUTION triangle inside the warning box of 9.2.1 is not in images.json. The word CAUTION and the full warning are in nodes #/texts/9303 to 9306. The black 'i' icon above the heading belongs to sec_0913.,Small icon dropped. The meaning is stated in the text. Same pattern as the other note icons in this batch.
SOMATOM_Force_IFU_VB30,sec_0914,431,5.5-filters_passing_noise,PASS,,"No image on p431 is kept, so no noise is kept there.",
SOMATOM_Force_IFU_VB30,sec_0914,431,5.5-image_section_mapping,PASS,,"p431 has no figure under 9.2.1, and none is mapped. The first image of the section (img_0450) is on p432 and maps to sec_0914. Mapping is right.",
SOMATOM_Force_IFU_VB30,sec_0916,436,5.4-hierarchy_level,PASS,,sec_0916 'Performing the constancy test' is level 3. The render of p436 shows it at the matching depth under sec_0915 (Constancy test).,
SOMATOM_Force_IFU_VB30,sec_0916,436,5.4-parent_child,PASS,,"parent_section_id is sec_0915 (Constancy test). The section is listed in the parent's child_sections or is a leaf, and this fits the printed structure on p436.",
SOMATOM_Force_IFU_VB30,sec_0916,436,5.4-page_start_end,PASS,,The heading 9.3.1 (#/texts/9361) is on p435. The 9.3 intro and the three notes above it are in the parent sec_0915. The section keeps its own text to #/texts/9464 on p437. Children sec_0917 to sec_0919 start at order 9465. page_end 438 comes from the children. Boundaries are right. p437 render was not given.,
SOMATOM_Force_IFU_VB30,sec_0916,436,5.4-hierarchy_path,PASS,,Path is Quality assurance / Constancy test / Performing the constancy test. The p435 heading reads 9.3.1 under 9.3.,
SOMATOM_Force_IFU_VB30,sec_0916,436,5.4-gaps_duplicates,PASS,,The factor list on p435 and steps 1 to 3 on p436 (#/texts/9449 to 9454) are present once. The 'If using the MPT' note is on p436 and is in this section. Six legend lines for the p437 dialog figure follow. Their '(1)' to '(6)' numbers are not in the nodes.,Numbers only in img_0461. Cosmetic.
SOMATOM_Force_IFU_VB30,sec_0916,436,5.4-flagged_for_review,PASS,,flagged_for_review is false. The p435 and p436 content matches the title.,
SOMATOM_Force_IFU_VB30,sec_0916,436,5.4-structural_source,PASS,,structural_source is toc. The bookmark title matches the heading seen on p436.,
SOMATOM_Force_IFU_VB30,sec_0916,436,5.6-numbering_scheme,PASS,,"numbering_scheme is arabic. The printed folio on p436 is 436, in arabic digits.",
SOMATOM_Force_IFU_VB30,sec_0916,436,5.6-offset_applied,PASS,,offset_applied is 0. The printed folio 436 equals the physical page 436.,
SOMATOM_Force_IFU_VB30,sec_0916,436,5.5-filters_discarding,FAIL,Low,On p436 the home menu screenshot img_0457 and the Quality list img_0458 are kept in full. The black 'i' icon of the note 'If using the MPT ...' at the top of p436 is not in images.json.,Small icon dropped. The note text carries the meaning. Same pattern as the other note icons in this batch.
SOMATOM_Force_IFU_VB30,sec_0916,436,5.5-filters_passing_noise,PASS,,"img_0457, img_0458 and img_0461 are real screenshots. None is decorative.",
SOMATOM_Force_IFU_VB30,sec_0916,436,5.5-image_section_mapping,PASS,,img_0457 is under step 1 and img_0458 is the menu list beside step 2. Both are mapped to sec_0916. img_0461 on p437 has the six callouts matching the legend nodes in this section. The Go and Cancel buttons on p438 belong to sec_0918 and sec_0919.,
SOMATOM_Force_IFU_VB30,sec_0918,438,5.4-hierarchy_level,PASS,,sec_0918 'Starting the IEC constancy test' is level 4. The render of p438 shows it at the matching depth under sec_0916 (Performing the constancy test).,
SOMATOM_Force_IFU_VB30,sec_0918,438,5.4-parent_child,PASS,,"parent_section_id is sec_0916 (Performing the constancy test). The section is listed in the parent's child_sections or is a leaf, and this fits the printed structure on p438.",
SOMATOM_Force_IFU_VB30,sec_0918,438,5.4-page_start_end,PASS,,The margin heading #/texts/9402 and the text to #/texts/9423 are on p438. The 'We recommend ... Service' note above the heading ends sec_0917. The next margin heading 'Interrupting the IEC constancy test' is sec_0919. Boundaries are right.,
SOMATOM_Force_IFU_VB30,sec_0918,438,5.4-hierarchy_path,PASS,,Path is Constancy test / Performing the constancy test / Starting the IEC constancy test. The p438 margin heading is a sub item of 9.3.1.,
SOMATOM_Force_IFU_VB30,sec_0918,438,5.4-gaps_duplicates,PASS,,"All 21 nodes cover steps 1 to 7, the phantom bullets, the position note and the closing sentences on p438. Nothing is missing or duplicated.",
SOMATOM_Force_IFU_VB30,sec_0918,438,5.4-flagged_for_review,PASS,,flagged_for_review is false. The p438 content matches the title.,
SOMATOM_Force_IFU_VB30,sec_0918,438,5.4-structural_source,PASS,,structural_source is toc. The bookmark title matches the heading seen on p438.,
SOMATOM_Force_IFU_VB30,sec_0918,438,5.6-numbering_scheme,PASS,,"numbering_scheme is arabic. The printed folio on p438 is 438, in arabic digits.",
SOMATOM_Force_IFU_VB30,sec_0918,438,5.6-offset_applied,PASS,,offset_applied is 0. The printed folio 438 equals the physical page 438.,
SOMATOM_Force_IFU_VB30,sec_0918,438,5.5-filters_discarding,FAIL,Low,"On p438 three small black 'Go' button images (beside steps 1, 4 and 7) and the black 'i' icon of the note 'The system alerts you ...' are not in images.json. Only the radiation key icon img_0462 is kept for this section.",Small icons dropped. The meaning ('Confirm ... with Go') is in the step text. Probably a size or aspect filter.
SOMATOM_Force_IFU_VB30,sec_0918,438,5.5-filters_passing_noise,PASS,,img_0462 is the real Start key icon beside step 5. It is not decorative.,
SOMATOM_Force_IFU_VB30,sec_0918,438,5.5-image_section_mapping,PASS,,"img_0462 (radiation Start key, 213x170) is mapped to sec_0918 and sits beside step 5. This is the right section. No extracted image is mapped to a wrong sibling.",
SOMATOM_Force_IFU_VB30,sec_0924,444,5.4-hierarchy_level,PASS,,"On p444, the heading ""9.3.6 Performing the slice thickness test"" is a numbered sub-chapter of 9 Quality assurance. hierarchy_level 3 matches its nesting under sec_0915/sec_0937/sec_0944.",
SOMATOM_Force_IFU_VB30,sec_0924,444,5.4-parent_child,PASS,,"parent_section_id is sec_0915 (Constancy test), and that parent lists sec_0924 in child_sections. The section has no children, which is right because no deeper heading is on the pages.",
SOMATOM_Force_IFU_VB30,sec_0924,444,5.4-page_start_end,PASS,,The heading 9.3.6 (#/texts/9510) is on p443 and the section ends on p444 with the status text (#/texts/9520). Steps 4 to 8 at the top of p443 are not here; they belong to sec_0923. page_start/page_end (443-444) match the rendered pages.,
SOMATOM_Force_IFU_VB30,sec_0924,444,5.4-hierarchy_path,PASS,,"hierarchy_path ""/Quality assurance/.../Performing the slice thickness test"" follows the real nesting: chapter 9 Quality assurance, then the parent, then this section.",
SOMATOM_Force_IFU_VB30,sec_0924,444,5.4-gaps_duplicates,PASS,,Nodes #/texts/9510 to 9522 are the slice thickness text on p443 and p444. No text from sec_0923 or sec_0925 is inside. The section appears once in the tree.,
SOMATOM_Force_IFU_VB30,sec_0924,444,5.4-flagged_for_review,PASS,,"sec_0924 is not flagged_for_review (verification_score 100.0, no reason). The section starts and ends at the right place, so there is nothing to confirm or fix.",
SOMATOM_Force_IFU_VB30,sec_0924,444,5.4-structural_source,PASS,,"structural_source is ""toc"". The heading ""9.3.6"" is in the embedded bookmarks and is visible on the page, so the TOC origin is supported.",
SOMATOM_Force_IFU_VB30,sec_0924,444,5.6-numbering_scheme,PASS,,"numbering_scheme is arabic. The printed folio on p444 is 444 in the footer, an arabic number.",
SOMATOM_Force_IFU_VB30,sec_0924,444,5.6-offset_applied,PASS,,"offset_applied is 0. The printed folio on p444 is 444, equal to the physical page.",
SOMATOM_Force_IFU_VB30,sec_0924,444,5.5-filters_discarding,PASS,,"On p444 all three screenshots are extracted: img_0476 (slice image), img_0477 (Quality Constancy Slice and Result table) and img_0478 (status messages). The 'i' note marker is not extracted; its text is kept. No figure is lost.",
SOMATOM_Force_IFU_VB30,sec_0924,444,5.5-filters_passing_noise,PASS,,"img_0476, img_0477 and img_0478 are real screenshots. No decorative image, rule or footer line was kept.",
SOMATOM_Force_IFU_VB30,sec_0924,444,5.5-image_section_mapping,PASS,,"img_0476, img_0477 and img_0478 on p444 are mapped to sec_0924 and belong to the slice thickness test. On p443 img_0473 (radiation icon under 9.3.6) is in sec_0924; img_0474 and img_0475 are above the 9.3.6 heading and are in sec_0923, which is right.",
SOMATOM_Force_IFU_VB30,sec_0926,446,5.4-hierarchy_level,PASS,,On p445 '9.3.8 Performing the pixel noise test' (#/texts/9534) is a numbered sub-heading under 9.3 Constancy test. Level 3 is right.,
SOMATOM_Force_IFU_VB30,sec_0926,446,5.4-parent_child,PASS,,Parent sec_0915 'Constancy test' is right. Siblings sec_0925 (9.3.7) and sec_0927 (9.3.9) are next to it.,
SOMATOM_Force_IFU_VB30,sec_0926,446,5.4-page_start_end,PASS,,The section starts on p445 at 9.3.8 below the end of the homogeneity test (sec_0925). It ends on p446 with the 'status and error message area' line (#/texts/9548) before '9.3.9 Performing Image Inspection' (sec_0927).,
SOMATOM_Force_IFU_VB30,sec_0926,446,5.4-hierarchy_path,PASS,,The path ends with 'Performing the pixel noise test' under sec_0915 Constancy test and matches the visible nesting of the headings on the page.,
SOMATOM_Force_IFU_VB30,sec_0926,446,5.4-gaps_duplicates,PASS,,"Text #/texts/9534-9548 covers 9.3.8 from p445 to p446 once. The two pictures on p446 are mapped here (img_0481, img_0482). Nothing is missing except the icon on the filters row.",
SOMATOM_Force_IFU_VB30,sec_0926,446,5.4-flagged_for_review,PASS,,"The section is not flagged and its title is found where the bookmark points (verification_score is high), so the missing flag is not a defect.",
SOMATOM_Force_IFU_VB30,sec_0926,446,5.4-structural_source,PASS,,structural_source is toc and the section title is a bookmark title that is visible in the PDF page layout.,
SOMATOM_Force_IFU_VB30,sec_0926,446,5.6-numbering_scheme,PASS,,"The printed folio on the rendered page is plain arabic (446), and the section has numbering_scheme arabic.",
SOMATOM_Force_IFU_VB30,sec_0926,446,5.6-offset_applied,PASS,,offset_applied is 0 and the printed folio equals the physical page number on the sampled page (p446).,
SOMATOM_Force_IFU_VB30,sec_0926,446,5.5-filters_discarding,FAIL,Low,"On p445 two radiation key icons are drawn, one by the 9.3.7 Start step and one by the 9.3.8 Start step. Only one was extracted (img_0479, mapped to sec_0925). The second icon beside '9.3.8 ... Press the Start key on the control box' is not in images.json. The Start step text is in #/texts/9536-9537.",Probably BUG-033 (same image drawn twice on a page: only one copy kept). Small icon whose meaning is in the text is Low.
SOMATOM_Force_IFU_VB30,sec_0926,446,5.5-filters_passing_noise,PASS,,img_0481 (pixel-noise image) and img_0482 (Result table screenshot) are real pictures that the text refers to. They are not decoration.,
SOMATOM_Force_IFU_VB30,sec_0926,446,5.5-image_section_mapping,PASS,,"On p446 the gray noise image (img_0481, 169x168) and the Result screenshot (img_0482, 478x218) are under the 9.3.8 text and are mapped to sec_0926. Both match the page. The homogeneity picture img_0480 on p445 is correctly in sec_0925.",
SOMATOM_Force_IFU_VB30,sec_0927,446,5.4-hierarchy_level,PASS,,"On p446, the heading ""9.3.9 Performing Image Inspection"" is a numbered sub-chapter of 9 Quality assurance. hierarchy_level 3 matches its nesting under sec_0915/sec_0937/sec_0944.",
SOMATOM_Force_IFU_VB30,sec_0927,446,5.4-parent_child,PASS,,"parent_section_id is sec_0915 (Constancy test), and that parent lists sec_0927 in child_sections. The section has no children, which is right because no deeper heading is on the pages.",
SOMATOM_Force_IFU_VB30,sec_0927,446,5.4-page_start_end,PASS,,"The heading 9.3.9 (#/texts/9549) is on p446. The section ends on p447 with ""A report is generated..."" (#/texts/9560), before the 9.3.10 heading. page_start/page_end (446-447) match the rendered pages.",
SOMATOM_Force_IFU_VB30,sec_0927,446,5.4-hierarchy_path,PASS,,"hierarchy_path ""/Quality assurance/.../Performing Image Inspection"" follows the real nesting: chapter 9 Quality assurance, then the parent, then this section.",
SOMATOM_Force_IFU_VB30,sec_0927,446,5.4-gaps_duplicates,PASS,,"Nodes #/texts/9549 to 9560 are the Image Inspection text, including the two checks that continue on p447. The 9.3.10 heading is in sec_0928, so nothing is absorbed. The section appears once in the tree.",
SOMATOM_Force_IFU_VB30,sec_0927,446,5.4-flagged_for_review,PASS,,"sec_0927 is not flagged_for_review (verification_score 100.0, no reason). The section starts and ends at the right place, so there is nothing to confirm or fix.",
SOMATOM_Force_IFU_VB30,sec_0927,446,5.4-structural_source,PASS,,"structural_source is ""toc"". The heading ""9.3.9"" is in the embedded bookmarks and is visible on the page, so the TOC origin is supported.",
SOMATOM_Force_IFU_VB30,sec_0927,446,5.6-numbering_scheme,PASS,,"numbering_scheme is arabic. The printed folio on p446 is 446 in the footer, an arabic number.",
SOMATOM_Force_IFU_VB30,sec_0927,446,5.6-offset_applied,PASS,,"offset_applied is 0. The printed folio on p446 is 446, equal to the physical page.",
SOMATOM_Force_IFU_VB30,sec_0927,446,5.5-filters_discarding,PASS,,"On p446 the part of sec_0927 (9.3.9 heading and checks) has no figure. The two figures above it belong to sec_0926 and are extracted (img_0481, img_0482). Nothing is lost.",
SOMATOM_Force_IFU_VB30,sec_0927,446,5.5-filters_passing_noise,PASS,,"No image is mapped to sec_0927 on p446, so no noise is kept. The footer line is not an image.",
SOMATOM_Force_IFU_VB30,sec_0927,446,5.5-image_section_mapping,PASS,,No image is mapped to sec_0927 on p446. The figures on that page are above the 9.3.9 heading and belong to sec_0926. That is correct.,
SOMATOM_Force_IFU_VB30,sec_0928,447,5.4-hierarchy_level,PASS,,"On p447, the heading ""9.3.10 Performing the MTF test"" is a numbered sub-chapter of 9 Quality assurance. hierarchy_level 3 matches its nesting under sec_0915/sec_0937/sec_0944.",
SOMATOM_Force_IFU_VB30,sec_0928,447,5.4-parent_child,PASS,,"parent_section_id is sec_0915 (Constancy test), and that parent lists sec_0928 in child_sections. The section has no children, which is right because no deeper heading is on the pages.",
SOMATOM_Force_IFU_VB30,sec_0928,447,5.4-page_start_end,PASS,,"The heading 9.3.10 (#/texts/9561) is on p447. The last node (#/texts/9571) is the status text, just above the 9.3.11 heading. page_start/page_end (447) match the rendered pages.",
SOMATOM_Force_IFU_VB30,sec_0928,447,5.4-hierarchy_path,PASS,,"hierarchy_path ""/Quality assurance/.../Performing the MTF test"" follows the real nesting: chapter 9 Quality assurance, then the parent, then this section.",
SOMATOM_Force_IFU_VB30,sec_0928,447,5.4-gaps_duplicates,PASS,,"Nodes #/texts/9561 to 9571 are all MTF text, including the three note texts. The 9.3.11 heading and its text belong to sec_0929. The section appears once in the tree.",
SOMATOM_Force_IFU_VB30,sec_0928,447,5.4-flagged_for_review,PASS,,"sec_0928 is not flagged_for_review (verification_score 100.0, no reason). The section starts and ends at the right place, so there is nothing to confirm or fix.",
SOMATOM_Force_IFU_VB30,sec_0928,447,5.4-structural_source,PASS,,"structural_source is ""toc"". The heading ""9.3.10"" is in the embedded bookmarks and is visible on the page, so the TOC origin is supported.",
SOMATOM_Force_IFU_VB30,sec_0928,447,5.6-numbering_scheme,PASS,,"numbering_scheme is arabic. The printed folio on p447 is 447 in the footer, an arabic number.",
SOMATOM_Force_IFU_VB30,sec_0928,447,5.6-offset_applied,PASS,,"offset_applied is 0. The printed folio on p447 is 447, equal to the physical page.",
SOMATOM_Force_IFU_VB30,sec_0928,447,5.5-filters_discarding,PASS,,On p447 the radiation icon of 9.3.10 is extracted as img_0483. The three 'i' note markers are not extracted; their meaning is in the text. No figure is lost.,
SOMATOM_Force_IFU_VB30,sec_0928,447,5.5-filters_passing_noise,PASS,,"The only image is img_0483, the radiation icon of 9.3.10. It is a real warning marker, not a logo or a divider.",
SOMATOM_Force_IFU_VB30,sec_0928,447,5.5-image_section_mapping,PASS,,img_0483 on p447 is the radiation icon under the 9.3.10 heading and is mapped to sec_0928. This is right.,
SOMATOM_Force_IFU_VB30,sec_0938,453,5.4-hierarchy_level,PASS,,"On p453, the heading ""9.4.1 Starting the test"" is a numbered sub-chapter of 9 Quality assurance. hierarchy_level 3 matches its nesting under sec_0915/sec_0937/sec_0944.",
SOMATOM_Force_IFU_VB30,sec_0938,453,5.4-parent_child,PASS,,"parent_section_id is sec_0937 (Low contrast test), and that parent lists sec_0938 in child_sections. The section has no children, which is right because no deeper heading is on the pages.",
SOMATOM_Force_IFU_VB30,sec_0938,453,5.4-page_start_end,PASS,,The heading 9.4.1 (#/texts/9669) is on p452. The last node on p453 (#/texts/9685) is the low contrast image caption. The 9.4 heading and notes above are in the parent sec_0937. page_start/page_end (452-453) match the rendered pages.,
SOMATOM_Force_IFU_VB30,sec_0938,453,5.4-hierarchy_path,PASS,,"hierarchy_path ""/Quality assurance/.../Starting the test"" follows the real nesting: chapter 9 Quality assurance, then the parent, then this section.",
SOMATOM_Force_IFU_VB30,sec_0938,453,5.4-gaps_duplicates,PASS,,Nodes #/texts/9669 to 9687 are all steps 1 to 6 of the start procedure. No text from sec_0937 or sec_0939 is inside. The section appears once in the tree.,
SOMATOM_Force_IFU_VB30,sec_0938,453,5.4-flagged_for_review,PASS,,"sec_0938 is not flagged_for_review (verification_score 100.0, no reason). The section starts and ends at the right place, so there is nothing to confirm or fix.",
SOMATOM_Force_IFU_VB30,sec_0938,453,5.4-structural_source,PASS,,"structural_source is ""toc"". The heading ""9.4.1"" is in the embedded bookmarks and is visible on the page, so the TOC origin is supported.",
SOMATOM_Force_IFU_VB30,sec_0938,453,5.6-numbering_scheme,PASS,,"numbering_scheme is arabic. The printed folio on p453 is 453 in the footer, an arabic number.",
SOMATOM_Force_IFU_VB30,sec_0938,453,5.6-offset_applied,PASS,,"offset_applied is 0. The printed folio on p453 is 453, equal to the physical page.",
SOMATOM_Force_IFU_VB30,sec_0938,453,5.5-filters_discarding,FAIL,Low,"On p453 two small black ""Go"" button pictures next to steps 3 and 5 are not extracted. The figures img_0494, img_0495 and the radiation icon img_0493 are kept.","The meaning is in the text (""with Go"", #/texts/9677 and 9680), so little information is lost. Probably the small button size makes the filter drop them."
SOMATOM_Force_IFU_VB30,sec_0938,453,5.5-filters_passing_noise,PASS,,"img_0493 (radiation icon), img_0494 (status messages) and img_0495 (low contrast phantom) are real content. No decorative image was kept.",
SOMATOM_Force_IFU_VB30,sec_0938,453,5.5-image_section_mapping,PASS,,"img_0493, img_0494 and img_0495 on p453 are mapped to sec_0938 and belong to steps 5 and 6. img_0492 on p452 is also in sec_0938. Right. img_0491 (MTF graph at the top of p452) is in sec_0935, which is right.",
SOMATOM_Force_IFU_VB30,sec_0949,460,5.4-hierarchy_level,PASS,,"On p460 the title ""Biannually testing the luminance homogeneity"" is a margin heading under the numbered heading 9.6.4. hierarchy_level 4 is one level below its parent sec_0948 (level 3).",
SOMATOM_Force_IFU_VB30,sec_0949,460,5.4-parent_child,PASS,,"parent_section_id is sec_0948 (Performing the biannual visual tests of the monitor), and that parent lists sec_0949 in child_sections. The section has no children, which is right because no deeper heading is on the pages.",
SOMATOM_Force_IFU_VB30,sec_0949,460,5.4-page_start_end,PASS,,"The margin heading (#/texts/9805) starts the section next to step 1 on p460. The last node (#/texts/9812) is the ""Contact Siemens"" step. The 9.6.4 heading and intro above stay in sec_0948. page_start/page_end (460) match the rendered pages.",
SOMATOM_Force_IFU_VB30,sec_0949,460,5.4-hierarchy_path,PASS,,"hierarchy_path ""/Quality assurance/.../Biannually testing the luminance homogeneity"" follows the real nesting: chapter 9 Quality assurance, then the parent, then this section.",
SOMATOM_Force_IFU_VB30,sec_0949,460,5.4-gaps_duplicates,PASS,,"Nodes #/texts/9805 to 9814 are steps 1 to 3, the LCD note and the deviation note. The margin heading is kept with its own body (BUG-029 is not seen here). Steps 5 and 6 at the top of p460 belong to the previous section. The section appears once in the tree.",
SOMATOM_Force_IFU_VB30,sec_0949,460,5.4-flagged_for_review,PASS,,"sec_0949 is not flagged_for_review (verification_score 100.0, no reason). The section starts and ends at the right place, so there is nothing to confirm or fix.",
SOMATOM_Force_IFU_VB30,sec_0949,460,5.4-structural_source,PASS,,"structural_source is ""toc"". The heading ""Biannually testing the luminance homogeneity"" is in the embedded bookmarks and is visible on the page, so the TOC origin is supported.",
SOMATOM_Force_IFU_VB30,sec_0949,460,5.6-numbering_scheme,PASS,,"numbering_scheme is arabic. The printed folio on p460 is 460 in the footer, an arabic number.",
SOMATOM_Force_IFU_VB30,sec_0949,460,5.6-offset_applied,PASS,,"offset_applied is 0. The printed folio on p460 is 460, equal to the physical page.",
SOMATOM_Force_IFU_VB30,sec_0949,460,5.5-filters_discarding,PASS,,"On p460 the TG18-UN80 test image is extracted as img_0500 (1150x764, upright, readable). The 'i' and '>>' note markers are not extracted; their text is kept.",
SOMATOM_Force_IFU_VB30,sec_0949,460,5.5-filters_passing_noise,PASS,,img_0500 is the real test image TG18-UN80. No decorative image was kept. The image is not rotated.,
SOMATOM_Force_IFU_VB30,sec_0949,460,5.5-image_section_mapping,PASS,,img_0500 on p460 is the test image under step 1 of the luminance homogeneity test and is mapped to sec_0949. This is right.,
SOMATOM_Force_IFU_VB30,sec_0950,461,5.4-hierarchy_level,PASS,,"On p461 the title ""Biannually testing the color effect and equality"" is a margin heading under the numbered heading 9.6.4. hierarchy_level 4 is one level below its parent sec_0948 (level 3).",
SOMATOM_Force_IFU_VB30,sec_0950,461,5.4-parent_child,PASS,,"parent_section_id is sec_0948 (Performing the biannual visual tests of the monitor), and that parent lists sec_0950 in child_sections. The section has no children, which is right because no deeper heading is on the pages.",
SOMATOM_Force_IFU_VB30,sec_0950,461,5.4-page_start_end,PASS,,"The margin heading (#/texts/9816) starts the section at the top of p461. The last node (#/texts/9821) is the ""Contact Siemens"" step, just above the 9.6.5 heading. page_start/page_end (461) match the rendered pages.",
SOMATOM_Force_IFU_VB30,sec_0950,461,5.4-hierarchy_path,PASS,,"hierarchy_path ""/Quality assurance/.../Biannually testing the color effect and equality"" follows the real nesting: chapter 9 Quality assurance, then the parent, then this section.",
SOMATOM_Force_IFU_VB30,sec_0950,461,5.4-gaps_duplicates,PASS,,"Nodes #/texts/9815 to 9821 are steps 1 to 3 and the deviation note. The 9.6.5 heading is in sec_0951, so it is not absorbed. The section appears once in the tree.",
SOMATOM_Force_IFU_VB30,sec_0950,461,5.4-flagged_for_review,PASS,,"sec_0950 is not flagged_for_review (verification_score 100.0, no reason). The section starts and ends at the right place, so there is nothing to confirm or fix.",
SOMATOM_Force_IFU_VB30,sec_0950,461,5.4-structural_source,PASS,,"structural_source is ""toc"". The heading ""Biannually testing the color effect and equality"" is in the embedded bookmarks and is visible on the page, so the TOC origin is supported.",
SOMATOM_Force_IFU_VB30,sec_0950,461,5.6-numbering_scheme,PASS,,"numbering_scheme is arabic. The printed folio on p461 is 461 in the footer, an arabic number.",
SOMATOM_Force_IFU_VB30,sec_0950,461,5.6-offset_applied,PASS,,"offset_applied is 0. The printed folio on p461 is 461, equal to the physical page.",
SOMATOM_Force_IFU_VB30,sec_0950,461,5.5-filters_discarding,PASS,,"On p461 the test image above step 2 is extracted as img_0501 (upright, readable). The '>>' marker is not extracted; its text is in #/texts/9820.",
SOMATOM_Force_IFU_VB30,sec_0950,461,5.5-filters_passing_noise,PASS,,img_0501 is the real test image. No decorative image was kept. The image is not rotated.,
SOMATOM_Force_IFU_VB30,sec_0950,461,5.5-image_section_mapping,PASS,,img_0501 on p461 is the test image under step 1 of the color test and is mapped to sec_0950. The 9.6.5 heading is below it. This is right.,
SOMATOM_Force_IFU_VB30,sec_0951,465,5.4-hierarchy_level,PASS,,"Page p465 is outside this section (461-462). The section heading 9.6.5 on p461 is a level 3 title under sec_0944, and hierarchy_level 3 matches it.",Sampled page is back matter; checked the section heading on p461 instead.
SOMATOM_Force_IFU_VB30,sec_0951,465,5.4-parent_child,PASS,,"parent_section_id is sec_0944 (Constancy test of the monitor), and that parent lists sec_0951 in child_sections. The section has no children, which is right because no deeper heading is on the pages. Page p465 shown is outside the section (index/colophon).",
SOMATOM_Force_IFU_VB30,sec_0951,465,5.4-page_start_end,PASS,,p465 is the index (letters N to S). No node of sec_0951 is on this page. page_end 462 is right and the back matter is not absorbed (BUG-002 fix works).,"Index pages have a bookmark but are left out of the tree by design, so they are not counted as a gap."
SOMATOM_Force_IFU_VB30,sec_0951,465,5.4-hierarchy_path,PASS,,"hierarchy_path ""/Quality assurance/.../Performing the biannual metrological tests"" follows the real nesting: chapter 9 Quality assurance, then the parent, then this section. Sampled page p465 is outside the section.",
SOMATOM_Force_IFU_VB30,sec_0951,465,5.4-gaps_duplicates,PASS,,p465 has no nodes in any section. Index and colophon pages are left out of the tree on purpose. In sec_0951 each node (#/texts/9822 to 9845) appears once and there is no duplicate.,Not counted as a gap because the pages are back matter (BUG-002 design).
SOMATOM_Force_IFU_VB30,sec_0951,465,5.4-flagged_for_review,PASS,,"sec_0951 is not flagged_for_review (verification_score 100.0, no reason). The section starts and ends at the right place, so there is nothing to confirm or fix.",
SOMATOM_Force_IFU_VB30,sec_0951,465,5.4-structural_source,PASS,,"structural_source is ""toc"". The heading ""9.6.5"" is in the embedded bookmarks and is visible on the page, so the TOC origin is supported.",
SOMATOM_Force_IFU_VB30,sec_0951,465,5.6-numbering_scheme,PASS,,"numbering_scheme is arabic. The printed folio on p465 is 465 in the footer, an arabic number.",
SOMATOM_Force_IFU_VB30,sec_0951,465,5.6-offset_applied,PASS,,"offset_applied is 0. The printed folio on p465 is 465, equal to the physical page.",
SOMATOM_Force_IFU_VB30,sec_0951,465,5.5-filters_discarding,PASS,,"p465 is an index page with text only. No figure exists, so nothing was dropped.",
SOMATOM_Force_IFU_VB30,sec_0951,465,5.5-filters_passing_noise,PASS,,No image is mapped on p465. The footer line is not extracted as an image.,
SOMATOM_Force_IFU_VB30,sec_0951,465,5.5-image_section_mapping,PASS,,No image is mapped on p465 and the index page has no figure. Right.,
SOMATOM_Force_IFU_VB30,sec_0951,467,5.4-hierarchy_level,PASS,,"Page p467 is outside this section (461-462). The section heading 9.6.5 on p461 is a level 3 title under sec_0944, and hierarchy_level 3 matches it.",Sampled page is back matter; checked the section heading on p461 instead.
SOMATOM_Force_IFU_VB30,sec_0951,467,5.4-parent_child,PASS,,"parent_section_id is sec_0944 (Constancy test of the monitor), and that parent lists sec_0951 in child_sections. The section has no children, which is right because no deeper heading is on the pages. Page p467 shown is outside the section (index/colophon).",
SOMATOM_Force_IFU_VB30,sec_0951,467,5.4-page_start_end,PASS,,p467 is the colophon page. No node of sec_0951 is on this page. page_end 462 is right and the back matter is not absorbed (BUG-002 fix works).,"Index pages have a bookmark but are left out of the tree by design, so they are not counted as a gap."
SOMATOM_Force_IFU_VB30,sec_0951,467,5.4-hierarchy_path,PASS,,"hierarchy_path ""/Quality assurance/.../Performing the biannual metrological tests"" follows the real nesting: chapter 9 Quality assurance, then the parent, then this section. Sampled page p467 is outside the section.",
SOMATOM_Force_IFU_VB30,sec_0951,467,5.4-gaps_duplicates,PASS,,p467 has no nodes in any section. Index and colophon pages are left out of the tree on purpose. In sec_0951 each node (#/texts/9822 to 9845) appears once and there is no duplicate.,Not counted as a gap because the pages are back matter (BUG-002 design).
SOMATOM_Force_IFU_VB30,sec_0951,467,5.4-flagged_for_review,PASS,,"sec_0951 is not flagged_for_review (verification_score 100.0, no reason). The section starts and ends at the right place, so there is nothing to confirm or fix.",
SOMATOM_Force_IFU_VB30,sec_0951,467,5.4-structural_source,PASS,,"structural_source is ""toc"". The heading ""9.6.5"" is in the embedded bookmarks and is visible on the page, so the TOC origin is supported.",
SOMATOM_Force_IFU_VB30,sec_0951,467,5.6-numbering_scheme,PASS,,"numbering_scheme is arabic. p467 shows no printed folio, but the section pages (461-462) print arabic numbers (461, 462).","Colophon page has no number, so this row is checked on the section pages."
SOMATOM_Force_IFU_VB30,sec_0951,467,5.6-offset_applied,PASS,,offset_applied is 0. Printed folios on p461 and p462 equal the physical pages. p467 has no folio.,Colophon page has no number.
SOMATOM_Force_IFU_VB30,sec_0951,467,5.5-filters_discarding,PASS,,"p467 is a colophon page with text only. No figure exists, so nothing was dropped.",
SOMATOM_Force_IFU_VB30,sec_0951,467,5.5-filters_passing_noise,PASS,,No image is mapped on p467. The black rule above the address block is not extracted as an image.,
SOMATOM_Force_IFU_VB30,sec_0951,467,5.5-image_section_mapping,PASS,,No image is mapped on p467 and the colophon page has no figure. Right.,
