manual_id,section_id,page_sampled,checklist_ref,result,severity,evidence,notes
SOMATOM_Force_IFU_VB30,sec_0001,2,5.4-hierarchy_level,,,,
SOMATOM_Force_IFU_VB30,sec_0001,2,5.4-parent_child,,,,
SOMATOM_Force_IFU_VB30,sec_0001,2,5.4-page_start_end,,,,
SOMATOM_Force_IFU_VB30,sec_0001,2,5.4-hierarchy_path,,,,
SOMATOM_Force_IFU_VB30,sec_0001,2,5.4-gaps_duplicates,,,,
SOMATOM_Force_IFU_VB30,sec_0001,2,5.4-flagged_for_review,,,,
SOMATOM_Force_IFU_VB30,sec_0001,2,5.4-structural_source,,,,
SOMATOM_Force_IFU_VB30,sec_0001,2,5.6-numbering_scheme,,,,
SOMATOM_Force_IFU_VB30,sec_0001,2,5.6-offset_applied,,,,
SOMATOM_Force_IFU_VB30,sec_0001,2,5.6-table_content,,,,
SOMATOM_Force_IFU_VB30,sec_0001,2,5.5-filters_discarding,,,,
SOMATOM_Force_IFU_VB30,sec_0001,2,5.5-filters_passing_noise,,,,
SOMATOM_Force_IFU_VB30,sec_0001,2,5.5-image_section_mapping,,,,
SOMATOM_Force_IFU_VB30,sec_0005,11,5.4-hierarchy_level,,,,
SOMATOM_Force_IFU_VB30,sec_0005,11,5.4-parent_child,,,,
SOMATOM_Force_IFU_VB30,sec_0005,11,5.4-page_start_end,,,,
SOMATOM_Force_IFU_VB30,sec_0005,11,5.4-hierarchy_path,,,,
SOMATOM_Force_IFU_VB30,sec_0005,11,5.4-gaps_duplicates,,,,
SOMATOM_Force_IFU_VB30,sec_0005,11,5.4-flagged_for_review,,,,
SOMATOM_Force_IFU_VB30,sec_0005,11,5.4-structural_source,,,,
SOMATOM_Force_IFU_VB30,sec_0005,11,5.6-numbering_scheme,,,,
SOMATOM_Force_IFU_VB30,sec_0005,11,5.6-offset_applied,,,,
SOMATOM_Force_IFU_VB30,sec_0005,11,5.5-filters_discarding,,,,
SOMATOM_Force_IFU_VB30,sec_0005,11,5.5-filters_passing_noise,,,,
SOMATOM_Force_IFU_VB30,sec_0005,11,5.5-image_section_mapping,,,,
SOMATOM_Force_IFU_VB30,sec_0023,18,5.4-hierarchy_level,,,,
SOMATOM_Force_IFU_VB30,sec_0023,18,5.4-parent_child,,,,
SOMATOM_Force_IFU_VB30,sec_0023,18,5.4-page_start_end,,,,
SOMATOM_Force_IFU_VB30,sec_0023,18,5.4-hierarchy_path,,,,
SOMATOM_Force_IFU_VB30,sec_0023,18,5.4-gaps_duplicates,,,,
SOMATOM_Force_IFU_VB30,sec_0023,18,5.4-flagged_for_review,,,,
SOMATOM_Force_IFU_VB30,sec_0023,18,5.4-structural_source,,,,
SOMATOM_Force_IFU_VB30,sec_0023,18,5.6-numbering_scheme,,,,
SOMATOM_Force_IFU_VB30,sec_0023,18,5.6-offset_applied,,,,
SOMATOM_Force_IFU_VB30,sec_0023,18,5.5-filters_discarding,,,,
SOMATOM_Force_IFU_VB30,sec_0023,18,5.5-filters_passing_noise,,,,
SOMATOM_Force_IFU_VB30,sec_0023,18,5.5-image_section_mapping,,,,
SOMATOM_Force_IFU_VB30,sec_0046,25,5.4-hierarchy_level,,,,
SOMATOM_Force_IFU_VB30,sec_0046,25,5.4-parent_child,,,,
SOMATOM_Force_IFU_VB30,sec_0046,25,5.4-page_start_end,,,,
SOMATOM_Force_IFU_VB30,sec_0046,25,5.4-hierarchy_path,,,,
SOMATOM_Force_IFU_VB30,sec_0046,25,5.4-gaps_duplicates,,,,
SOMATOM_Force_IFU_VB30,sec_0046,25,5.4-flagged_for_review,,,,
SOMATOM_Force_IFU_VB30,sec_0046,25,5.4-structural_source,,,,
SOMATOM_Force_IFU_VB30,sec_0046,25,5.6-numbering_scheme,,,,
SOMATOM_Force_IFU_VB30,sec_0046,25,5.6-offset_applied,,,,
SOMATOM_Force_IFU_VB30,sec_0046,25,5.5-filters_discarding,,,,
SOMATOM_Force_IFU_VB30,sec_0046,25,5.5-filters_passing_noise,,,,
SOMATOM_Force_IFU_VB30,sec_0046,25,5.5-image_section_mapping,,,,
SOMATOM_Force_IFU_VB30,sec_0057,32,5.4-hierarchy_level,,,,
SOMATOM_Force_IFU_VB30,sec_0057,32,5.4-parent_child,,,,
SOMATOM_Force_IFU_VB30,sec_0057,32,5.4-page_start_end,,,,
SOMATOM_Force_IFU_VB30,sec_0057,32,5.4-hierarchy_path,,,,
SOMATOM_Force_IFU_VB30,sec_0057,32,5.4-gaps_duplicates,,,,
SOMATOM_Force_IFU_VB30,sec_0057,32,5.4-flagged_for_review,,,,
SOMATOM_Force_IFU_VB30,sec_0057,32,5.4-structural_source,,,,
SOMATOM_Force_IFU_VB30,sec_0057,32,5.6-numbering_scheme,,,,
SOMATOM_Force_IFU_VB30,sec_0057,32,5.6-offset_applied,,,,
SOMATOM_Force_IFU_VB30,sec_0057,32,5.5-filters_discarding,,,,
SOMATOM_Force_IFU_VB30,sec_0057,32,5.5-filters_passing_noise,,,,
SOMATOM_Force_IFU_VB30,sec_0057,32,5.5-image_section_mapping,,,,
SOMATOM_Force_IFU_VB30,sec_0073,39,5.4-hierarchy_level,,,,
SOMATOM_Force_IFU_VB30,sec_0073,39,5.4-parent_child,,,,
SOMATOM_Force_IFU_VB30,sec_0073,39,5.4-page_start_end,,,,
SOMATOM_Force_IFU_VB30,sec_0073,39,5.4-hierarchy_path,,,,
SOMATOM_Force_IFU_VB30,sec_0073,39,5.4-gaps_duplicates,,,,
SOMATOM_Force_IFU_VB30,sec_0073,39,5.4-flagged_for_review,,,,
SOMATOM_Force_IFU_VB30,sec_0073,39,5.4-structural_source,,,,
SOMATOM_Force_IFU_VB30,sec_0073,39,5.6-numbering_scheme,,,,
SOMATOM_Force_IFU_VB30,sec_0073,39,5.6-offset_applied,,,,
SOMATOM_Force_IFU_VB30,sec_0073,39,5.5-filters_discarding,,,,
SOMATOM_Force_IFU_VB30,sec_0073,39,5.5-filters_passing_noise,,,,
SOMATOM_Force_IFU_VB30,sec_0073,39,5.5-image_section_mapping,,,,
SOMATOM_Force_IFU_VB30,sec_0083,46,5.4-hierarchy_level,,,,
SOMATOM_Force_IFU_VB30,sec_0083,46,5.4-parent_child,,,,
SOMATOM_Force_IFU_VB30,sec_0083,46,5.4-page_start_end,,,,
SOMATOM_Force_IFU_VB30,sec_0083,46,5.4-hierarchy_path,,,,
SOMATOM_Force_IFU_VB30,sec_0083,46,5.4-gaps_duplicates,,,,
SOMATOM_Force_IFU_VB30,sec_0083,46,5.4-flagged_for_review,,,,
SOMATOM_Force_IFU_VB30,sec_0083,46,5.4-structural_source,,,,
SOMATOM_Force_IFU_VB30,sec_0083,46,5.6-numbering_scheme,,,,
SOMATOM_Force_IFU_VB30,sec_0083,46,5.6-offset_applied,,,,
SOMATOM_Force_IFU_VB30,sec_0083,46,5.5-filters_discarding,,,,
SOMATOM_Force_IFU_VB30,sec_0083,46,5.5-filters_passing_noise,,,,
SOMATOM_Force_IFU_VB30,sec_0083,46,5.5-image_section_mapping,,,,
SOMATOM_Force_IFU_VB30,sec_0092,52,5.4-hierarchy_level,,,,
SOMATOM_Force_IFU_VB30,sec_0092,52,5.4-parent_child,,,,
SOMATOM_Force_IFU_VB30,sec_0092,52,5.4-page_start_end,,,,
SOMATOM_Force_IFU_VB30,sec_0092,52,5.4-hierarchy_path,,,,
SOMATOM_Force_IFU_VB30,sec_0092,52,5.4-gaps_duplicates,,,,
SOMATOM_Force_IFU_VB30,sec_0092,52,5.4-flagged_for_review,,,,
SOMATOM_Force_IFU_VB30,sec_0092,52,5.4-structural_source,,,,
SOMATOM_Force_IFU_VB30,sec_0092,52,5.6-numbering_scheme,,,,
SOMATOM_Force_IFU_VB30,sec_0092,52,5.6-offset_applied,,,,
SOMATOM_Force_IFU_VB30,sec_0092,52,5.5-filters_discarding,,,,
SOMATOM_Force_IFU_VB30,sec_0092,52,5.5-filters_passing_noise,,,,
SOMATOM_Force_IFU_VB30,sec_0092,52,5.5-image_section_mapping,,,,
SOMATOM_Force_IFU_VB30,sec_0102,59,5.4-hierarchy_level,,,,
SOMATOM_Force_IFU_VB30,sec_0102,59,5.4-parent_child,,,,
SOMATOM_Force_IFU_VB30,sec_0102,59,5.4-page_start_end,,,,
SOMATOM_Force_IFU_VB30,sec_0102,59,5.4-hierarchy_path,,,,
SOMATOM_Force_IFU_VB30,sec_0102,59,5.4-gaps_duplicates,,,,
SOMATOM_Force_IFU_VB30,sec_0102,59,5.4-flagged_for_review,,,,
SOMATOM_Force_IFU_VB30,sec_0102,59,5.4-structural_source,,,,
SOMATOM_Force_IFU_VB30,sec_0102,59,5.6-numbering_scheme,,,,
SOMATOM_Force_IFU_VB30,sec_0102,59,5.6-offset_applied,,,,
SOMATOM_Force_IFU_VB30,sec_0102,59,5.5-filters_discarding,,,,
SOMATOM_Force_IFU_VB30,sec_0102,59,5.5-filters_passing_noise,,,,
SOMATOM_Force_IFU_VB30,sec_0102,59,5.5-image_section_mapping,,,,
SOMATOM_Force_IFU_VB30,sec_0117,66,5.4-hierarchy_level,,,,
SOMATOM_Force_IFU_VB30,sec_0117,66,5.4-parent_child,,,,
SOMATOM_Force_IFU_VB30,sec_0117,66,5.4-page_start_end,,,,
SOMATOM_Force_IFU_VB30,sec_0117,66,5.4-hierarchy_path,,,,
SOMATOM_Force_IFU_VB30,sec_0117,66,5.4-gaps_duplicates,,,,
SOMATOM_Force_IFU_VB30,sec_0117,66,5.4-flagged_for_review,,,,
SOMATOM_Force_IFU_VB30,sec_0117,66,5.4-structural_source,,,,
SOMATOM_Force_IFU_VB30,sec_0117,66,5.6-numbering_scheme,,,,
SOMATOM_Force_IFU_VB30,sec_0117,66,5.6-offset_applied,,,,
SOMATOM_Force_IFU_VB30,sec_0117,66,5.5-filters_discarding,,,,
SOMATOM_Force_IFU_VB30,sec_0117,66,5.5-filters_passing_noise,,,,
SOMATOM_Force_IFU_VB30,sec_0117,66,5.5-image_section_mapping,,,,
SOMATOM_Force_IFU_VB30,sec_0134,73,5.4-hierarchy_level,,,,
SOMATOM_Force_IFU_VB30,sec_0134,73,5.4-parent_child,,,,
SOMATOM_Force_IFU_VB30,sec_0134,73,5.4-page_start_end,,,,
SOMATOM_Force_IFU_VB30,sec_0134,73,5.4-hierarchy_path,,,,
SOMATOM_Force_IFU_VB30,sec_0134,73,5.4-gaps_duplicates,,,,
SOMATOM_Force_IFU_VB30,sec_0134,73,5.4-flagged_for_review,,,,
SOMATOM_Force_IFU_VB30,sec_0134,73,5.4-structural_source,,,,
SOMATOM_Force_IFU_VB30,sec_0134,73,5.6-numbering_scheme,,,,
SOMATOM_Force_IFU_VB30,sec_0134,73,5.6-offset_applied,,,,
SOMATOM_Force_IFU_VB30,sec_0134,73,5.5-filters_discarding,,,,
SOMATOM_Force_IFU_VB30,sec_0134,73,5.5-filters_passing_noise,,,,
SOMATOM_Force_IFU_VB30,sec_0134,73,5.5-image_section_mapping,,,,
SOMATOM_Force_IFU_VB30,sec_0139,80,5.4-hierarchy_level,,,,
SOMATOM_Force_IFU_VB30,sec_0139,80,5.4-parent_child,,,,
SOMATOM_Force_IFU_VB30,sec_0139,80,5.4-page_start_end,,,,
SOMATOM_Force_IFU_VB30,sec_0139,80,5.4-hierarchy_path,,,,
SOMATOM_Force_IFU_VB30,sec_0139,80,5.4-gaps_duplicates,,,,
SOMATOM_Force_IFU_VB30,sec_0139,80,5.4-flagged_for_review,,,,
SOMATOM_Force_IFU_VB30,sec_0139,80,5.4-structural_source,,,,
SOMATOM_Force_IFU_VB30,sec_0139,80,5.6-numbering_scheme,,,,
SOMATOM_Force_IFU_VB30,sec_0139,80,5.6-offset_applied,,,,
SOMATOM_Force_IFU_VB30,sec_0139,80,5.5-filters_discarding,,,,
SOMATOM_Force_IFU_VB30,sec_0139,80,5.5-filters_passing_noise,,,,
SOMATOM_Force_IFU_VB30,sec_0139,80,5.5-image_section_mapping,,,,
SOMATOM_Force_IFU_VB30,sec_0149,87,5.4-hierarchy_level,,,,
SOMATOM_Force_IFU_VB30,sec_0149,87,5.4-parent_child,,,,
SOMATOM_Force_IFU_VB30,sec_0149,87,5.4-page_start_end,,,,
SOMATOM_Force_IFU_VB30,sec_0149,87,5.4-hierarchy_path,,,,
SOMATOM_Force_IFU_VB30,sec_0149,87,5.4-gaps_duplicates,,,,
SOMATOM_Force_IFU_VB30,sec_0149,87,5.4-flagged_for_review,,,,
SOMATOM_Force_IFU_VB30,sec_0149,87,5.4-structural_source,,,,
SOMATOM_Force_IFU_VB30,sec_0149,87,5.6-numbering_scheme,,,,
SOMATOM_Force_IFU_VB30,sec_0149,87,5.6-offset_applied,,,,
SOMATOM_Force_IFU_VB30,sec_0149,87,5.6-table_content,,,,
SOMATOM_Force_IFU_VB30,sec_0149,87,5.5-filters_discarding,,,,
SOMATOM_Force_IFU_VB30,sec_0149,87,5.5-filters_passing_noise,,,,
SOMATOM_Force_IFU_VB30,sec_0149,87,5.5-image_section_mapping,,,,
SOMATOM_Force_IFU_VB30,sec_0151,88,5.4-hierarchy_level,,,,
SOMATOM_Force_IFU_VB30,sec_0151,88,5.4-parent_child,,,,
SOMATOM_Force_IFU_VB30,sec_0151,88,5.4-page_start_end,,,,
SOMATOM_Force_IFU_VB30,sec_0151,88,5.4-hierarchy_path,,,,
SOMATOM_Force_IFU_VB30,sec_0151,88,5.4-gaps_duplicates,,,,
SOMATOM_Force_IFU_VB30,sec_0151,88,5.4-flagged_for_review,,,,
SOMATOM_Force_IFU_VB30,sec_0151,88,5.4-structural_source,,,,
SOMATOM_Force_IFU_VB30,sec_0151,88,5.6-numbering_scheme,,,,
SOMATOM_Force_IFU_VB30,sec_0151,88,5.6-offset_applied,,,,
SOMATOM_Force_IFU_VB30,sec_0151,88,5.5-filters_discarding,,,,
SOMATOM_Force_IFU_VB30,sec_0151,88,5.5-filters_passing_noise,,,,
SOMATOM_Force_IFU_VB30,sec_0151,88,5.5-image_section_mapping,,,,
SOMATOM_Force_IFU_VB30,sec_0157,95,5.4-hierarchy_level,,,,
SOMATOM_Force_IFU_VB30,sec_0157,95,5.4-parent_child,,,,
SOMATOM_Force_IFU_VB30,sec_0157,95,5.4-page_start_end,,,,
SOMATOM_Force_IFU_VB30,sec_0157,95,5.4-hierarchy_path,,,,
SOMATOM_Force_IFU_VB30,sec_0157,95,5.4-gaps_duplicates,,,,
SOMATOM_Force_IFU_VB30,sec_0157,95,5.4-flagged_for_review,,,,
SOMATOM_Force_IFU_VB30,sec_0157,95,5.4-structural_source,,,,
SOMATOM_Force_IFU_VB30,sec_0157,95,5.6-numbering_scheme,,,,
SOMATOM_Force_IFU_VB30,sec_0157,95,5.6-offset_applied,,,,
SOMATOM_Force_IFU_VB30,sec_0157,95,5.5-filters_discarding,,,,
SOMATOM_Force_IFU_VB30,sec_0157,95,5.5-filters_passing_noise,,,,
SOMATOM_Force_IFU_VB30,sec_0157,95,5.5-image_section_mapping,,,,
SOMATOM_Force_IFU_VB30,sec_0170,102,5.4-hierarchy_level,,,,
SOMATOM_Force_IFU_VB30,sec_0170,102,5.4-parent_child,,,,
SOMATOM_Force_IFU_VB30,sec_0170,102,5.4-page_start_end,,,,
SOMATOM_Force_IFU_VB30,sec_0170,102,5.4-hierarchy_path,,,,
SOMATOM_Force_IFU_VB30,sec_0170,102,5.4-gaps_duplicates,,,,
SOMATOM_Force_IFU_VB30,sec_0170,102,5.4-flagged_for_review,,,,
SOMATOM_Force_IFU_VB30,sec_0170,102,5.4-structural_source,,,,
SOMATOM_Force_IFU_VB30,sec_0170,102,5.6-numbering_scheme,,,,
SOMATOM_Force_IFU_VB30,sec_0170,102,5.6-offset_applied,,,,
SOMATOM_Force_IFU_VB30,sec_0170,102,5.5-filters_discarding,,,,
SOMATOM_Force_IFU_VB30,sec_0170,102,5.5-filters_passing_noise,,,,
SOMATOM_Force_IFU_VB30,sec_0170,102,5.5-image_section_mapping,,,,
SOMATOM_Force_IFU_VB30,sec_0184,109,5.4-hierarchy_level,,,,
SOMATOM_Force_IFU_VB30,sec_0184,109,5.4-parent_child,,,,
SOMATOM_Force_IFU_VB30,sec_0184,109,5.4-page_start_end,,,,
SOMATOM_Force_IFU_VB30,sec_0184,109,5.4-hierarchy_path,,,,
SOMATOM_Force_IFU_VB30,sec_0184,109,5.4-gaps_duplicates,,,,
SOMATOM_Force_IFU_VB30,sec_0184,109,5.4-flagged_for_review,,,,
SOMATOM_Force_IFU_VB30,sec_0184,109,5.4-structural_source,,,,
SOMATOM_Force_IFU_VB30,sec_0184,109,5.6-numbering_scheme,,,,
SOMATOM_Force_IFU_VB30,sec_0184,109,5.6-offset_applied,,,,
SOMATOM_Force_IFU_VB30,sec_0184,109,5.5-filters_discarding,,,,
SOMATOM_Force_IFU_VB30,sec_0184,109,5.5-filters_passing_noise,,,,
SOMATOM_Force_IFU_VB30,sec_0184,109,5.5-image_section_mapping,,,,
SOMATOM_Force_IFU_VB30,sec_0202,116,5.4-hierarchy_level,,,,
SOMATOM_Force_IFU_VB30,sec_0202,116,5.4-parent_child,,,,
SOMATOM_Force_IFU_VB30,sec_0202,116,5.4-page_start_end,,,,
SOMATOM_Force_IFU_VB30,sec_0202,116,5.4-hierarchy_path,,,,
SOMATOM_Force_IFU_VB30,sec_0202,116,5.4-gaps_duplicates,,,,
SOMATOM_Force_IFU_VB30,sec_0202,116,5.4-flagged_for_review,,,,
SOMATOM_Force_IFU_VB30,sec_0202,116,5.4-structural_source,,,,
SOMATOM_Force_IFU_VB30,sec_0202,116,5.6-numbering_scheme,,,,
SOMATOM_Force_IFU_VB30,sec_0202,116,5.6-offset_applied,,,,
SOMATOM_Force_IFU_VB30,sec_0202,116,5.5-filters_discarding,,,,
SOMATOM_Force_IFU_VB30,sec_0202,116,5.5-filters_passing_noise,,,,
SOMATOM_Force_IFU_VB30,sec_0202,116,5.5-image_section_mapping,,,,
SOMATOM_Force_IFU_VB30,sec_0212,124,5.4-hierarchy_level,,,,
SOMATOM_Force_IFU_VB30,sec_0212,124,5.4-parent_child,,,,
SOMATOM_Force_IFU_VB30,sec_0212,124,5.4-page_start_end,,,,
SOMATOM_Force_IFU_VB30,sec_0212,124,5.4-hierarchy_path,,,,
SOMATOM_Force_IFU_VB30,sec_0212,124,5.4-gaps_duplicates,,,,
SOMATOM_Force_IFU_VB30,sec_0212,124,5.4-flagged_for_review,,,,
SOMATOM_Force_IFU_VB30,sec_0212,124,5.4-structural_source,,,,
SOMATOM_Force_IFU_VB30,sec_0212,124,5.6-numbering_scheme,,,,
SOMATOM_Force_IFU_VB30,sec_0212,124,5.6-offset_applied,,,,
SOMATOM_Force_IFU_VB30,sec_0212,124,5.5-filters_discarding,,,,
SOMATOM_Force_IFU_VB30,sec_0212,124,5.5-filters_passing_noise,,,,
SOMATOM_Force_IFU_VB30,sec_0212,124,5.5-image_section_mapping,,,,
SOMATOM_Force_IFU_VB30,sec_0225,131,5.4-hierarchy_level,,,,
SOMATOM_Force_IFU_VB30,sec_0225,131,5.4-parent_child,,,,
SOMATOM_Force_IFU_VB30,sec_0225,131,5.4-page_start_end,,,,
SOMATOM_Force_IFU_VB30,sec_0225,131,5.4-hierarchy_path,,,,
SOMATOM_Force_IFU_VB30,sec_0225,131,5.4-gaps_duplicates,,,,
SOMATOM_Force_IFU_VB30,sec_0225,131,5.4-flagged_for_review,,,,
SOMATOM_Force_IFU_VB30,sec_0225,131,5.4-structural_source,,,,
SOMATOM_Force_IFU_VB30,sec_0225,131,5.6-numbering_scheme,,,,
SOMATOM_Force_IFU_VB30,sec_0225,131,5.6-offset_applied,,,,
SOMATOM_Force_IFU_VB30,sec_0225,131,5.5-filters_discarding,,,,
SOMATOM_Force_IFU_VB30,sec_0225,131,5.5-filters_passing_noise,,,,
SOMATOM_Force_IFU_VB30,sec_0225,131,5.5-image_section_mapping,,,,
SOMATOM_Force_IFU_VB30,sec_0244,138,5.4-hierarchy_level,,,,
SOMATOM_Force_IFU_VB30,sec_0244,138,5.4-parent_child,,,,
SOMATOM_Force_IFU_VB30,sec_0244,138,5.4-page_start_end,,,,
SOMATOM_Force_IFU_VB30,sec_0244,138,5.4-hierarchy_path,,,,
SOMATOM_Force_IFU_VB30,sec_0244,138,5.4-gaps_duplicates,,,,
SOMATOM_Force_IFU_VB30,sec_0244,138,5.4-flagged_for_review,,,,
SOMATOM_Force_IFU_VB30,sec_0244,138,5.4-structural_source,,,,
SOMATOM_Force_IFU_VB30,sec_0244,138,5.6-numbering_scheme,,,,
SOMATOM_Force_IFU_VB30,sec_0244,138,5.6-offset_applied,,,,
SOMATOM_Force_IFU_VB30,sec_0244,138,5.5-filters_discarding,,,,
SOMATOM_Force_IFU_VB30,sec_0244,138,5.5-filters_passing_noise,,,,
SOMATOM_Force_IFU_VB30,sec_0244,138,5.5-image_section_mapping,,,,
SOMATOM_Force_IFU_VB30,sec_0257,145,5.4-hierarchy_level,,,,
SOMATOM_Force_IFU_VB30,sec_0257,145,5.4-parent_child,,,,
SOMATOM_Force_IFU_VB30,sec_0257,145,5.4-page_start_end,,,,
SOMATOM_Force_IFU_VB30,sec_0257,145,5.4-hierarchy_path,,,,
SOMATOM_Force_IFU_VB30,sec_0257,145,5.4-gaps_duplicates,,,,
SOMATOM_Force_IFU_VB30,sec_0257,145,5.4-flagged_for_review,,,,
SOMATOM_Force_IFU_VB30,sec_0257,145,5.4-structural_source,,,,
SOMATOM_Force_IFU_VB30,sec_0257,145,5.6-numbering_scheme,,,,
SOMATOM_Force_IFU_VB30,sec_0257,145,5.6-offset_applied,,,,
SOMATOM_Force_IFU_VB30,sec_0257,145,5.5-filters_discarding,,,,
SOMATOM_Force_IFU_VB30,sec_0257,145,5.5-filters_passing_noise,,,,
SOMATOM_Force_IFU_VB30,sec_0257,145,5.5-image_section_mapping,,,,
SOMATOM_Force_IFU_VB30,sec_0271,152,5.4-hierarchy_level,,,,
SOMATOM_Force_IFU_VB30,sec_0271,152,5.4-parent_child,,,,
SOMATOM_Force_IFU_VB30,sec_0271,152,5.4-page_start_end,,,,
SOMATOM_Force_IFU_VB30,sec_0271,152,5.4-hierarchy_path,,,,
SOMATOM_Force_IFU_VB30,sec_0271,152,5.4-gaps_duplicates,,,,
SOMATOM_Force_IFU_VB30,sec_0271,152,5.4-flagged_for_review,,,,
SOMATOM_Force_IFU_VB30,sec_0271,152,5.4-structural_source,,,,
SOMATOM_Force_IFU_VB30,sec_0271,152,5.6-numbering_scheme,,,,
SOMATOM_Force_IFU_VB30,sec_0271,152,5.6-offset_applied,,,,
SOMATOM_Force_IFU_VB30,sec_0271,152,5.5-filters_discarding,,,,
SOMATOM_Force_IFU_VB30,sec_0271,152,5.5-filters_passing_noise,,,,
SOMATOM_Force_IFU_VB30,sec_0271,152,5.5-image_section_mapping,,,,
SOMATOM_Force_IFU_VB30,sec_0280,159,5.4-hierarchy_level,,,,
SOMATOM_Force_IFU_VB30,sec_0280,159,5.4-parent_child,,,,
SOMATOM_Force_IFU_VB30,sec_0280,159,5.4-page_start_end,,,,
SOMATOM_Force_IFU_VB30,sec_0280,159,5.4-hierarchy_path,,,,
SOMATOM_Force_IFU_VB30,sec_0280,159,5.4-gaps_duplicates,,,,
SOMATOM_Force_IFU_VB30,sec_0280,159,5.4-flagged_for_review,,,,
SOMATOM_Force_IFU_VB30,sec_0280,159,5.4-structural_source,,,,
SOMATOM_Force_IFU_VB30,sec_0280,159,5.6-numbering_scheme,,,,
SOMATOM_Force_IFU_VB30,sec_0280,159,5.6-offset_applied,,,,
SOMATOM_Force_IFU_VB30,sec_0280,159,5.5-filters_discarding,,,,
SOMATOM_Force_IFU_VB30,sec_0280,159,5.5-filters_passing_noise,,,,
SOMATOM_Force_IFU_VB30,sec_0280,159,5.5-image_section_mapping,,,,
SOMATOM_Force_IFU_VB30,sec_0284,160,5.4-hierarchy_level,,,,
SOMATOM_Force_IFU_VB30,sec_0284,160,5.4-parent_child,,,,
SOMATOM_Force_IFU_VB30,sec_0284,160,5.4-page_start_end,,,,
SOMATOM_Force_IFU_VB30,sec_0284,160,5.4-hierarchy_path,,,,
SOMATOM_Force_IFU_VB30,sec_0284,160,5.4-gaps_duplicates,,,,
SOMATOM_Force_IFU_VB30,sec_0284,160,5.4-flagged_for_review,,,,
SOMATOM_Force_IFU_VB30,sec_0284,160,5.4-structural_source,,,,
SOMATOM_Force_IFU_VB30,sec_0284,160,5.6-numbering_scheme,,,,
SOMATOM_Force_IFU_VB30,sec_0284,160,5.6-offset_applied,,,,
SOMATOM_Force_IFU_VB30,sec_0284,160,5.5-filters_discarding,,,,
SOMATOM_Force_IFU_VB30,sec_0284,160,5.5-filters_passing_noise,,,,
SOMATOM_Force_IFU_VB30,sec_0284,160,5.5-image_section_mapping,,,,
SOMATOM_Force_IFU_VB30,sec_0303,167,5.4-hierarchy_level,,,,
SOMATOM_Force_IFU_VB30,sec_0303,167,5.4-parent_child,,,,
SOMATOM_Force_IFU_VB30,sec_0303,167,5.4-page_start_end,,,,
SOMATOM_Force_IFU_VB30,sec_0303,167,5.4-hierarchy_path,,,,
SOMATOM_Force_IFU_VB30,sec_0303,167,5.4-gaps_duplicates,,,,
SOMATOM_Force_IFU_VB30,sec_0303,167,5.4-flagged_for_review,,,,
SOMATOM_Force_IFU_VB30,sec_0303,167,5.4-structural_source,,,,
SOMATOM_Force_IFU_VB30,sec_0303,167,5.6-numbering_scheme,,,,
SOMATOM_Force_IFU_VB30,sec_0303,167,5.6-offset_applied,,,,
SOMATOM_Force_IFU_VB30,sec_0303,167,5.5-filters_discarding,,,,
SOMATOM_Force_IFU_VB30,sec_0303,167,5.5-filters_passing_noise,,,,
SOMATOM_Force_IFU_VB30,sec_0303,167,5.5-image_section_mapping,,,,
SOMATOM_Force_IFU_VB30,sec_0343,174,5.4-hierarchy_level,,,,
SOMATOM_Force_IFU_VB30,sec_0343,174,5.4-parent_child,,,,
SOMATOM_Force_IFU_VB30,sec_0343,174,5.4-page_start_end,,,,
SOMATOM_Force_IFU_VB30,sec_0343,174,5.4-hierarchy_path,,,,
SOMATOM_Force_IFU_VB30,sec_0343,174,5.4-gaps_duplicates,,,,
SOMATOM_Force_IFU_VB30,sec_0343,174,5.4-flagged_for_review,,,,
SOMATOM_Force_IFU_VB30,sec_0343,174,5.4-structural_source,,,,
SOMATOM_Force_IFU_VB30,sec_0343,174,5.6-numbering_scheme,,,,
SOMATOM_Force_IFU_VB30,sec_0343,174,5.6-offset_applied,,,,
SOMATOM_Force_IFU_VB30,sec_0343,174,5.5-filters_discarding,,,,
SOMATOM_Force_IFU_VB30,sec_0343,174,5.5-filters_passing_noise,,,,
SOMATOM_Force_IFU_VB30,sec_0343,174,5.5-image_section_mapping,,,,
SOMATOM_Force_IFU_VB30,sec_0364,181,5.4-hierarchy_level,,,,
SOMATOM_Force_IFU_VB30,sec_0364,181,5.4-parent_child,,,,
SOMATOM_Force_IFU_VB30,sec_0364,181,5.4-page_start_end,,,,
SOMATOM_Force_IFU_VB30,sec_0364,181,5.4-hierarchy_path,,,,
SOMATOM_Force_IFU_VB30,sec_0364,181,5.4-gaps_duplicates,,,,
SOMATOM_Force_IFU_VB30,sec_0364,181,5.4-flagged_for_review,,,,
SOMATOM_Force_IFU_VB30,sec_0364,181,5.4-structural_source,,,,
SOMATOM_Force_IFU_VB30,sec_0364,181,5.6-numbering_scheme,,,,
SOMATOM_Force_IFU_VB30,sec_0364,181,5.6-offset_applied,,,,
SOMATOM_Force_IFU_VB30,sec_0364,181,5.5-filters_discarding,,,,
SOMATOM_Force_IFU_VB30,sec_0364,181,5.5-filters_passing_noise,,,,
SOMATOM_Force_IFU_VB30,sec_0364,181,5.5-image_section_mapping,,,,
SOMATOM_Force_IFU_VB30,sec_0382,188,5.4-hierarchy_level,,,,
SOMATOM_Force_IFU_VB30,sec_0382,188,5.4-parent_child,,,,
SOMATOM_Force_IFU_VB30,sec_0382,188,5.4-page_start_end,,,,
SOMATOM_Force_IFU_VB30,sec_0382,188,5.4-hierarchy_path,,,,
SOMATOM_Force_IFU_VB30,sec_0382,188,5.4-gaps_duplicates,,,,
SOMATOM_Force_IFU_VB30,sec_0382,188,5.4-flagged_for_review,,,,
SOMATOM_Force_IFU_VB30,sec_0382,188,5.4-structural_source,,,,
SOMATOM_Force_IFU_VB30,sec_0382,188,5.6-numbering_scheme,,,,
SOMATOM_Force_IFU_VB30,sec_0382,188,5.6-offset_applied,,,,
SOMATOM_Force_IFU_VB30,sec_0382,188,5.5-filters_discarding,,,,
SOMATOM_Force_IFU_VB30,sec_0382,188,5.5-filters_passing_noise,,,,
SOMATOM_Force_IFU_VB30,sec_0382,188,5.5-image_section_mapping,,,,
SOMATOM_Force_IFU_VB30,sec_0385,189,5.4-hierarchy_level,,,,
SOMATOM_Force_IFU_VB30,sec_0385,189,5.4-parent_child,,,,
SOMATOM_Force_IFU_VB30,sec_0385,189,5.4-page_start_end,,,,
SOMATOM_Force_IFU_VB30,sec_0385,189,5.4-hierarchy_path,,,,
SOMATOM_Force_IFU_VB30,sec_0385,189,5.4-gaps_duplicates,,,,
SOMATOM_Force_IFU_VB30,sec_0385,189,5.4-flagged_for_review,,,,
SOMATOM_Force_IFU_VB30,sec_0385,189,5.4-structural_source,,,,
SOMATOM_Force_IFU_VB30,sec_0385,189,5.6-numbering_scheme,,,,
SOMATOM_Force_IFU_VB30,sec_0385,189,5.6-offset_applied,,,,
SOMATOM_Force_IFU_VB30,sec_0385,189,5.5-filters_discarding,,,,
SOMATOM_Force_IFU_VB30,sec_0385,189,5.5-filters_passing_noise,,,,
SOMATOM_Force_IFU_VB30,sec_0385,189,5.5-image_section_mapping,,,,
SOMATOM_Force_IFU_VB30,sec_0395,196,5.4-hierarchy_level,,,,
SOMATOM_Force_IFU_VB30,sec_0395,196,5.4-parent_child,,,,
SOMATOM_Force_IFU_VB30,sec_0395,196,5.4-page_start_end,,,,
SOMATOM_Force_IFU_VB30,sec_0395,196,5.4-hierarchy_path,,,,
SOMATOM_Force_IFU_VB30,sec_0395,196,5.4-gaps_duplicates,,,,
SOMATOM_Force_IFU_VB30,sec_0395,196,5.4-flagged_for_review,,,,
SOMATOM_Force_IFU_VB30,sec_0395,196,5.4-structural_source,,,,
SOMATOM_Force_IFU_VB30,sec_0395,196,5.6-numbering_scheme,,,,
SOMATOM_Force_IFU_VB30,sec_0395,196,5.6-offset_applied,,,,
SOMATOM_Force_IFU_VB30,sec_0395,196,5.5-filters_discarding,,,,
SOMATOM_Force_IFU_VB30,sec_0395,196,5.5-filters_passing_noise,,,,
SOMATOM_Force_IFU_VB30,sec_0395,196,5.5-image_section_mapping,,,,
SOMATOM_Force_IFU_VB30,sec_0411,204,5.4-hierarchy_level,,,,
SOMATOM_Force_IFU_VB30,sec_0411,204,5.4-parent_child,,,,
SOMATOM_Force_IFU_VB30,sec_0411,204,5.4-page_start_end,,,,
SOMATOM_Force_IFU_VB30,sec_0411,204,5.4-hierarchy_path,,,,
SOMATOM_Force_IFU_VB30,sec_0411,204,5.4-gaps_duplicates,,,,
SOMATOM_Force_IFU_VB30,sec_0411,204,5.4-flagged_for_review,,,,
SOMATOM_Force_IFU_VB30,sec_0411,204,5.4-structural_source,,,,
SOMATOM_Force_IFU_VB30,sec_0411,204,5.6-numbering_scheme,,,,
SOMATOM_Force_IFU_VB30,sec_0411,204,5.6-offset_applied,,,,
SOMATOM_Force_IFU_VB30,sec_0411,204,5.5-filters_discarding,,,,
SOMATOM_Force_IFU_VB30,sec_0411,204,5.5-filters_passing_noise,,,,
SOMATOM_Force_IFU_VB30,sec_0411,204,5.5-image_section_mapping,,,,
SOMATOM_Force_IFU_VB30,sec_0427,212,5.4-hierarchy_level,,,,
SOMATOM_Force_IFU_VB30,sec_0427,212,5.4-parent_child,,,,
SOMATOM_Force_IFU_VB30,sec_0427,212,5.4-page_start_end,,,,
SOMATOM_Force_IFU_VB30,sec_0427,212,5.4-hierarchy_path,,,,
SOMATOM_Force_IFU_VB30,sec_0427,212,5.4-gaps_duplicates,,,,
SOMATOM_Force_IFU_VB30,sec_0427,212,5.4-flagged_for_review,,,,
SOMATOM_Force_IFU_VB30,sec_0427,212,5.4-structural_source,,,,
SOMATOM_Force_IFU_VB30,sec_0427,212,5.6-numbering_scheme,,,,
SOMATOM_Force_IFU_VB30,sec_0427,212,5.6-offset_applied,,,,
SOMATOM_Force_IFU_VB30,sec_0427,212,5.5-filters_discarding,,,,
SOMATOM_Force_IFU_VB30,sec_0427,212,5.5-filters_passing_noise,,,,
SOMATOM_Force_IFU_VB30,sec_0427,212,5.5-image_section_mapping,,,,
SOMATOM_Force_IFU_VB30,sec_0447,219,5.4-hierarchy_level,,,,
SOMATOM_Force_IFU_VB30,sec_0447,219,5.4-parent_child,,,,
SOMATOM_Force_IFU_VB30,sec_0447,219,5.4-page_start_end,,,,
SOMATOM_Force_IFU_VB30,sec_0447,219,5.4-hierarchy_path,,,,
SOMATOM_Force_IFU_VB30,sec_0447,219,5.4-gaps_duplicates,,,,
SOMATOM_Force_IFU_VB30,sec_0447,219,5.4-flagged_for_review,,,,
SOMATOM_Force_IFU_VB30,sec_0447,219,5.4-structural_source,,,,
SOMATOM_Force_IFU_VB30,sec_0447,219,5.6-numbering_scheme,,,,
SOMATOM_Force_IFU_VB30,sec_0447,219,5.6-offset_applied,,,,
SOMATOM_Force_IFU_VB30,sec_0447,219,5.5-filters_discarding,,,,
SOMATOM_Force_IFU_VB30,sec_0447,219,5.5-filters_passing_noise,,,,
SOMATOM_Force_IFU_VB30,sec_0447,219,5.5-image_section_mapping,,,,
SOMATOM_Force_IFU_VB30,sec_0458,226,5.4-hierarchy_level,,,,
SOMATOM_Force_IFU_VB30,sec_0458,226,5.4-parent_child,,,,
SOMATOM_Force_IFU_VB30,sec_0458,226,5.4-page_start_end,,,,
SOMATOM_Force_IFU_VB30,sec_0458,226,5.4-hierarchy_path,,,,
SOMATOM_Force_IFU_VB30,sec_0458,226,5.4-gaps_duplicates,,,,
SOMATOM_Force_IFU_VB30,sec_0458,226,5.4-flagged_for_review,,,,
SOMATOM_Force_IFU_VB30,sec_0458,226,5.4-structural_source,,,,
SOMATOM_Force_IFU_VB30,sec_0458,226,5.6-numbering_scheme,,,,
SOMATOM_Force_IFU_VB30,sec_0458,226,5.6-offset_applied,,,,
SOMATOM_Force_IFU_VB30,sec_0458,226,5.5-filters_discarding,,,,
SOMATOM_Force_IFU_VB30,sec_0458,226,5.5-filters_passing_noise,,,,
SOMATOM_Force_IFU_VB30,sec_0458,226,5.5-image_section_mapping,,,,
SOMATOM_Force_IFU_VB30,sec_0488,234,5.4-hierarchy_level,,,,
SOMATOM_Force_IFU_VB30,sec_0488,234,5.4-parent_child,,,,
SOMATOM_Force_IFU_VB30,sec_0488,234,5.4-page_start_end,,,,
SOMATOM_Force_IFU_VB30,sec_0488,234,5.4-hierarchy_path,,,,
SOMATOM_Force_IFU_VB30,sec_0488,234,5.4-gaps_duplicates,,,,
SOMATOM_Force_IFU_VB30,sec_0488,234,5.4-flagged_for_review,,,,
SOMATOM_Force_IFU_VB30,sec_0488,234,5.4-structural_source,,,,
SOMATOM_Force_IFU_VB30,sec_0488,234,5.6-numbering_scheme,,,,
SOMATOM_Force_IFU_VB30,sec_0488,234,5.6-offset_applied,,,,
SOMATOM_Force_IFU_VB30,sec_0488,234,5.5-filters_discarding,,,,
SOMATOM_Force_IFU_VB30,sec_0488,234,5.5-filters_passing_noise,,,,
SOMATOM_Force_IFU_VB30,sec_0488,234,5.5-image_section_mapping,,,,
SOMATOM_Force_IFU_VB30,sec_0491,235,5.4-hierarchy_level,,,,
SOMATOM_Force_IFU_VB30,sec_0491,235,5.4-parent_child,,,,
SOMATOM_Force_IFU_VB30,sec_0491,235,5.4-page_start_end,,,,
SOMATOM_Force_IFU_VB30,sec_0491,235,5.4-hierarchy_path,,,,
SOMATOM_Force_IFU_VB30,sec_0491,235,5.4-gaps_duplicates,,,,
SOMATOM_Force_IFU_VB30,sec_0491,235,5.4-flagged_for_review,,,,
SOMATOM_Force_IFU_VB30,sec_0491,235,5.4-structural_source,,,,
SOMATOM_Force_IFU_VB30,sec_0491,235,5.6-numbering_scheme,,,,
SOMATOM_Force_IFU_VB30,sec_0491,235,5.6-offset_applied,,,,
SOMATOM_Force_IFU_VB30,sec_0491,235,5.6-table_content,,,,
SOMATOM_Force_IFU_VB30,sec_0491,235,5.5-filters_discarding,,,,
SOMATOM_Force_IFU_VB30,sec_0491,235,5.5-filters_passing_noise,,,,
SOMATOM_Force_IFU_VB30,sec_0491,235,5.5-image_section_mapping,,,,
SOMATOM_Force_IFU_VB30,sec_0511,242,5.4-hierarchy_level,,,,
SOMATOM_Force_IFU_VB30,sec_0511,242,5.4-parent_child,,,,
SOMATOM_Force_IFU_VB30,sec_0511,242,5.4-page_start_end,,,,
SOMATOM_Force_IFU_VB30,sec_0511,242,5.4-hierarchy_path,,,,
SOMATOM_Force_IFU_VB30,sec_0511,242,5.4-gaps_duplicates,,,,
SOMATOM_Force_IFU_VB30,sec_0511,242,5.4-flagged_for_review,,,,
SOMATOM_Force_IFU_VB30,sec_0511,242,5.4-structural_source,,,,
SOMATOM_Force_IFU_VB30,sec_0511,242,5.6-numbering_scheme,,,,
SOMATOM_Force_IFU_VB30,sec_0511,242,5.6-offset_applied,,,,
SOMATOM_Force_IFU_VB30,sec_0511,242,5.5-filters_discarding,,,,
SOMATOM_Force_IFU_VB30,sec_0511,242,5.5-filters_passing_noise,,,,
SOMATOM_Force_IFU_VB30,sec_0511,242,5.5-image_section_mapping,,,,
SOMATOM_Force_IFU_VB30,sec_0517,248,5.4-hierarchy_level,,,,
SOMATOM_Force_IFU_VB30,sec_0517,248,5.4-parent_child,,,,
SOMATOM_Force_IFU_VB30,sec_0517,248,5.4-page_start_end,,,,
SOMATOM_Force_IFU_VB30,sec_0517,248,5.4-hierarchy_path,,,,
SOMATOM_Force_IFU_VB30,sec_0517,248,5.4-gaps_duplicates,,,,
SOMATOM_Force_IFU_VB30,sec_0517,248,5.4-flagged_for_review,,,,
SOMATOM_Force_IFU_VB30,sec_0517,248,5.4-structural_source,,,,
SOMATOM_Force_IFU_VB30,sec_0517,248,5.6-numbering_scheme,,,,
SOMATOM_Force_IFU_VB30,sec_0517,248,5.6-offset_applied,,,,
SOMATOM_Force_IFU_VB30,sec_0517,248,5.5-filters_discarding,,,,
SOMATOM_Force_IFU_VB30,sec_0517,248,5.5-filters_passing_noise,,,,
SOMATOM_Force_IFU_VB30,sec_0517,248,5.5-image_section_mapping,,,,
SOMATOM_Force_IFU_VB30,sec_0530,255,5.4-hierarchy_level,,,,
SOMATOM_Force_IFU_VB30,sec_0530,255,5.4-parent_child,,,,
SOMATOM_Force_IFU_VB30,sec_0530,255,5.4-page_start_end,,,,
SOMATOM_Force_IFU_VB30,sec_0530,255,5.4-hierarchy_path,,,,
SOMATOM_Force_IFU_VB30,sec_0530,255,5.4-gaps_duplicates,,,,
SOMATOM_Force_IFU_VB30,sec_0530,255,5.4-flagged_for_review,,,,
SOMATOM_Force_IFU_VB30,sec_0530,255,5.4-structural_source,,,,
SOMATOM_Force_IFU_VB30,sec_0530,255,5.6-numbering_scheme,,,,
SOMATOM_Force_IFU_VB30,sec_0530,255,5.6-offset_applied,,,,
SOMATOM_Force_IFU_VB30,sec_0530,255,5.5-filters_discarding,,,,
SOMATOM_Force_IFU_VB30,sec_0530,255,5.5-filters_passing_noise,,,,
SOMATOM_Force_IFU_VB30,sec_0530,255,5.5-image_section_mapping,,,,
SOMATOM_Force_IFU_VB30,sec_0545,262,5.4-hierarchy_level,,,,
SOMATOM_Force_IFU_VB30,sec_0545,262,5.4-parent_child,,,,
SOMATOM_Force_IFU_VB30,sec_0545,262,5.4-page_start_end,,,,
SOMATOM_Force_IFU_VB30,sec_0545,262,5.4-hierarchy_path,,,,
SOMATOM_Force_IFU_VB30,sec_0545,262,5.4-gaps_duplicates,,,,
SOMATOM_Force_IFU_VB30,sec_0545,262,5.4-flagged_for_review,,,,
SOMATOM_Force_IFU_VB30,sec_0545,262,5.4-structural_source,,,,
SOMATOM_Force_IFU_VB30,sec_0545,262,5.6-numbering_scheme,,,,
SOMATOM_Force_IFU_VB30,sec_0545,262,5.6-offset_applied,,,,
SOMATOM_Force_IFU_VB30,sec_0545,262,5.5-filters_discarding,,,,
SOMATOM_Force_IFU_VB30,sec_0545,262,5.5-filters_passing_noise,,,,
SOMATOM_Force_IFU_VB30,sec_0545,262,5.5-image_section_mapping,,,,
SOMATOM_Force_IFU_VB30,sec_0554,268,5.4-hierarchy_level,,,,
SOMATOM_Force_IFU_VB30,sec_0554,268,5.4-parent_child,,,,
SOMATOM_Force_IFU_VB30,sec_0554,268,5.4-page_start_end,,,,
SOMATOM_Force_IFU_VB30,sec_0554,268,5.4-hierarchy_path,,,,
SOMATOM_Force_IFU_VB30,sec_0554,268,5.4-gaps_duplicates,,,,
SOMATOM_Force_IFU_VB30,sec_0554,268,5.4-flagged_for_review,,,,
SOMATOM_Force_IFU_VB30,sec_0554,268,5.4-structural_source,,,,
SOMATOM_Force_IFU_VB30,sec_0554,268,5.6-numbering_scheme,,,,
SOMATOM_Force_IFU_VB30,sec_0554,268,5.6-offset_applied,,,,
SOMATOM_Force_IFU_VB30,sec_0554,268,5.5-filters_discarding,,,,
SOMATOM_Force_IFU_VB30,sec_0554,268,5.5-filters_passing_noise,,,,
SOMATOM_Force_IFU_VB30,sec_0554,268,5.5-image_section_mapping,,,,
SOMATOM_Force_IFU_VB30,sec_0565,275,5.4-hierarchy_level,,,,
SOMATOM_Force_IFU_VB30,sec_0565,275,5.4-parent_child,,,,
SOMATOM_Force_IFU_VB30,sec_0565,275,5.4-page_start_end,,,,
SOMATOM_Force_IFU_VB30,sec_0565,275,5.4-hierarchy_path,,,,
SOMATOM_Force_IFU_VB30,sec_0565,275,5.4-gaps_duplicates,,,,
SOMATOM_Force_IFU_VB30,sec_0565,275,5.4-flagged_for_review,,,,
SOMATOM_Force_IFU_VB30,sec_0565,275,5.4-structural_source,,,,
SOMATOM_Force_IFU_VB30,sec_0565,275,5.6-numbering_scheme,,,,
SOMATOM_Force_IFU_VB30,sec_0565,275,5.6-offset_applied,,,,
SOMATOM_Force_IFU_VB30,sec_0565,275,5.5-filters_discarding,,,,
SOMATOM_Force_IFU_VB30,sec_0565,275,5.5-filters_passing_noise,,,,
SOMATOM_Force_IFU_VB30,sec_0565,275,5.5-image_section_mapping,,,,
SOMATOM_Force_IFU_VB30,sec_0590,282,5.4-hierarchy_level,,,,
SOMATOM_Force_IFU_VB30,sec_0590,282,5.4-parent_child,,,,
SOMATOM_Force_IFU_VB30,sec_0590,282,5.4-page_start_end,,,,
SOMATOM_Force_IFU_VB30,sec_0590,282,5.4-hierarchy_path,,,,
SOMATOM_Force_IFU_VB30,sec_0590,282,5.4-gaps_duplicates,,,,
SOMATOM_Force_IFU_VB30,sec_0590,282,5.4-flagged_for_review,,,,
SOMATOM_Force_IFU_VB30,sec_0590,282,5.4-structural_source,,,,
SOMATOM_Force_IFU_VB30,sec_0590,282,5.6-numbering_scheme,,,,
SOMATOM_Force_IFU_VB30,sec_0590,282,5.6-offset_applied,,,,
SOMATOM_Force_IFU_VB30,sec_0590,282,5.5-filters_discarding,,,,
SOMATOM_Force_IFU_VB30,sec_0590,282,5.5-filters_passing_noise,,,,
SOMATOM_Force_IFU_VB30,sec_0590,282,5.5-image_section_mapping,,,,
SOMATOM_Force_IFU_VB30,sec_0604,288,5.4-hierarchy_level,,,,
SOMATOM_Force_IFU_VB30,sec_0604,288,5.4-parent_child,,,,
SOMATOM_Force_IFU_VB30,sec_0604,288,5.4-page_start_end,,,,
SOMATOM_Force_IFU_VB30,sec_0604,288,5.4-hierarchy_path,,,,
SOMATOM_Force_IFU_VB30,sec_0604,288,5.4-gaps_duplicates,,,,
SOMATOM_Force_IFU_VB30,sec_0604,288,5.4-flagged_for_review,,,,
SOMATOM_Force_IFU_VB30,sec_0604,288,5.4-structural_source,,,,
SOMATOM_Force_IFU_VB30,sec_0604,288,5.6-numbering_scheme,,,,
SOMATOM_Force_IFU_VB30,sec_0604,288,5.6-offset_applied,,,,
SOMATOM_Force_IFU_VB30,sec_0604,288,5.5-filters_discarding,,,,
SOMATOM_Force_IFU_VB30,sec_0604,288,5.5-filters_passing_noise,,,,
SOMATOM_Force_IFU_VB30,sec_0604,288,5.5-image_section_mapping,,,,
SOMATOM_Force_IFU_VB30,sec_0616,295,5.4-hierarchy_level,,,,
SOMATOM_Force_IFU_VB30,sec_0616,295,5.4-parent_child,,,,
SOMATOM_Force_IFU_VB30,sec_0616,295,5.4-page_start_end,,,,
SOMATOM_Force_IFU_VB30,sec_0616,295,5.4-hierarchy_path,,,,
SOMATOM_Force_IFU_VB30,sec_0616,295,5.4-gaps_duplicates,,,,
SOMATOM_Force_IFU_VB30,sec_0616,295,5.4-flagged_for_review,,,,
SOMATOM_Force_IFU_VB30,sec_0616,295,5.4-structural_source,,,,
SOMATOM_Force_IFU_VB30,sec_0616,295,5.6-numbering_scheme,,,,
SOMATOM_Force_IFU_VB30,sec_0616,295,5.6-offset_applied,,,,
SOMATOM_Force_IFU_VB30,sec_0616,295,5.5-filters_discarding,,,,
SOMATOM_Force_IFU_VB30,sec_0616,295,5.5-filters_passing_noise,,,,
SOMATOM_Force_IFU_VB30,sec_0616,295,5.5-image_section_mapping,,,,
SOMATOM_Force_IFU_VB30,sec_0624,302,5.4-hierarchy_level,,,,
SOMATOM_Force_IFU_VB30,sec_0624,302,5.4-parent_child,,,,
SOMATOM_Force_IFU_VB30,sec_0624,302,5.4-page_start_end,,,,
SOMATOM_Force_IFU_VB30,sec_0624,302,5.4-hierarchy_path,,,,
SOMATOM_Force_IFU_VB30,sec_0624,302,5.4-gaps_duplicates,,,,
SOMATOM_Force_IFU_VB30,sec_0624,302,5.4-flagged_for_review,,,,
SOMATOM_Force_IFU_VB30,sec_0624,302,5.4-structural_source,,,,
SOMATOM_Force_IFU_VB30,sec_0624,302,5.6-numbering_scheme,,,,
SOMATOM_Force_IFU_VB30,sec_0624,302,5.6-offset_applied,,,,
SOMATOM_Force_IFU_VB30,sec_0624,302,5.5-filters_discarding,,,,
SOMATOM_Force_IFU_VB30,sec_0624,302,5.5-filters_passing_noise,,,,
SOMATOM_Force_IFU_VB30,sec_0624,302,5.5-image_section_mapping,,,,
SOMATOM_Force_IFU_VB30,sec_0635,309,5.4-hierarchy_level,,,,
SOMATOM_Force_IFU_VB30,sec_0635,309,5.4-parent_child,,,,
SOMATOM_Force_IFU_VB30,sec_0635,309,5.4-page_start_end,,,,
SOMATOM_Force_IFU_VB30,sec_0635,309,5.4-hierarchy_path,,,,
SOMATOM_Force_IFU_VB30,sec_0635,309,5.4-gaps_duplicates,,,,
SOMATOM_Force_IFU_VB30,sec_0635,309,5.4-flagged_for_review,,,,
SOMATOM_Force_IFU_VB30,sec_0635,309,5.4-structural_source,,,,
SOMATOM_Force_IFU_VB30,sec_0635,309,5.6-numbering_scheme,,,,
SOMATOM_Force_IFU_VB30,sec_0635,309,5.6-offset_applied,,,,
SOMATOM_Force_IFU_VB30,sec_0635,309,5.5-filters_discarding,,,,
SOMATOM_Force_IFU_VB30,sec_0635,309,5.5-filters_passing_noise,,,,
SOMATOM_Force_IFU_VB30,sec_0635,309,5.5-image_section_mapping,,,,
SOMATOM_Force_IFU_VB30,sec_0643,315,5.4-hierarchy_level,,,,
SOMATOM_Force_IFU_VB30,sec_0643,315,5.4-parent_child,,,,
SOMATOM_Force_IFU_VB30,sec_0643,315,5.4-page_start_end,,,,
SOMATOM_Force_IFU_VB30,sec_0643,315,5.4-hierarchy_path,,,,
SOMATOM_Force_IFU_VB30,sec_0643,315,5.4-gaps_duplicates,,,,
SOMATOM_Force_IFU_VB30,sec_0643,315,5.4-flagged_for_review,,,,
SOMATOM_Force_IFU_VB30,sec_0643,315,5.4-structural_source,,,,
SOMATOM_Force_IFU_VB30,sec_0643,315,5.6-numbering_scheme,,,,
SOMATOM_Force_IFU_VB30,sec_0643,315,5.6-offset_applied,,,,
SOMATOM_Force_IFU_VB30,sec_0643,315,5.5-filters_discarding,,,,
SOMATOM_Force_IFU_VB30,sec_0643,315,5.5-filters_passing_noise,,,,
SOMATOM_Force_IFU_VB30,sec_0643,315,5.5-image_section_mapping,,,,
SOMATOM_Force_IFU_VB30,sec_0655,322,5.4-hierarchy_level,,,,
SOMATOM_Force_IFU_VB30,sec_0655,322,5.4-parent_child,,,,
SOMATOM_Force_IFU_VB30,sec_0655,322,5.4-page_start_end,,,,
SOMATOM_Force_IFU_VB30,sec_0655,322,5.4-hierarchy_path,,,,
SOMATOM_Force_IFU_VB30,sec_0655,322,5.4-gaps_duplicates,,,,
SOMATOM_Force_IFU_VB30,sec_0655,322,5.4-flagged_for_review,,,,
SOMATOM_Force_IFU_VB30,sec_0655,322,5.4-structural_source,,,,
SOMATOM_Force_IFU_VB30,sec_0655,322,5.6-numbering_scheme,,,,
SOMATOM_Force_IFU_VB30,sec_0655,322,5.6-offset_applied,,,,
SOMATOM_Force_IFU_VB30,sec_0655,322,5.5-filters_discarding,,,,
SOMATOM_Force_IFU_VB30,sec_0655,322,5.5-filters_passing_noise,,,,
SOMATOM_Force_IFU_VB30,sec_0655,322,5.5-image_section_mapping,,,,
SOMATOM_Force_IFU_VB30,sec_0673,329,5.4-hierarchy_level,,,,
SOMATOM_Force_IFU_VB30,sec_0673,329,5.4-parent_child,,,,
SOMATOM_Force_IFU_VB30,sec_0673,329,5.4-page_start_end,,,,
SOMATOM_Force_IFU_VB30,sec_0673,329,5.4-hierarchy_path,,,,
SOMATOM_Force_IFU_VB30,sec_0673,329,5.4-gaps_duplicates,,,,
SOMATOM_Force_IFU_VB30,sec_0673,329,5.4-flagged_for_review,,,,
SOMATOM_Force_IFU_VB30,sec_0673,329,5.4-structural_source,,,,
SOMATOM_Force_IFU_VB30,sec_0673,329,5.6-numbering_scheme,,,,
SOMATOM_Force_IFU_VB30,sec_0673,329,5.6-offset_applied,,,,
SOMATOM_Force_IFU_VB30,sec_0673,329,5.6-table_content,,,,
SOMATOM_Force_IFU_VB30,sec_0673,329,5.5-filters_discarding,,,,
SOMATOM_Force_IFU_VB30,sec_0673,329,5.5-filters_passing_noise,,,,
SOMATOM_Force_IFU_VB30,sec_0673,329,5.5-image_section_mapping,,,,
SOMATOM_Force_IFU_VB30,sec_0685,335,5.4-hierarchy_level,,,,
SOMATOM_Force_IFU_VB30,sec_0685,335,5.4-parent_child,,,,
SOMATOM_Force_IFU_VB30,sec_0685,335,5.4-page_start_end,,,,
SOMATOM_Force_IFU_VB30,sec_0685,335,5.4-hierarchy_path,,,,
SOMATOM_Force_IFU_VB30,sec_0685,335,5.4-gaps_duplicates,,,,
SOMATOM_Force_IFU_VB30,sec_0685,335,5.4-flagged_for_review,,,,
SOMATOM_Force_IFU_VB30,sec_0685,335,5.4-structural_source,,,,
SOMATOM_Force_IFU_VB30,sec_0685,335,5.6-numbering_scheme,,,,
SOMATOM_Force_IFU_VB30,sec_0685,335,5.6-offset_applied,,,,
SOMATOM_Force_IFU_VB30,sec_0685,335,5.5-filters_discarding,,,,
SOMATOM_Force_IFU_VB30,sec_0685,335,5.5-filters_passing_noise,,,,
SOMATOM_Force_IFU_VB30,sec_0685,335,5.5-image_section_mapping,,,,
SOMATOM_Force_IFU_VB30,sec_0695,342,5.4-hierarchy_level,,,,
SOMATOM_Force_IFU_VB30,sec_0695,342,5.4-parent_child,,,,
SOMATOM_Force_IFU_VB30,sec_0695,342,5.4-page_start_end,,,,
SOMATOM_Force_IFU_VB30,sec_0695,342,5.4-hierarchy_path,,,,
SOMATOM_Force_IFU_VB30,sec_0695,342,5.4-gaps_duplicates,,,,
SOMATOM_Force_IFU_VB30,sec_0695,342,5.4-flagged_for_review,,,,
SOMATOM_Force_IFU_VB30,sec_0695,342,5.4-structural_source,,,,
SOMATOM_Force_IFU_VB30,sec_0695,342,5.6-numbering_scheme,,,,
SOMATOM_Force_IFU_VB30,sec_0695,342,5.6-offset_applied,,,,
SOMATOM_Force_IFU_VB30,sec_0695,342,5.5-filters_discarding,,,,
SOMATOM_Force_IFU_VB30,sec_0695,342,5.5-filters_passing_noise,,,,
SOMATOM_Force_IFU_VB30,sec_0695,342,5.5-image_section_mapping,,,,
SOMATOM_Force_IFU_VB30,sec_0698,343,5.4-hierarchy_level,,,,
SOMATOM_Force_IFU_VB30,sec_0698,343,5.4-parent_child,,,,
SOMATOM_Force_IFU_VB30,sec_0698,343,5.4-page_start_end,,,,
SOMATOM_Force_IFU_VB30,sec_0698,343,5.4-hierarchy_path,,,,
SOMATOM_Force_IFU_VB30,sec_0698,343,5.4-gaps_duplicates,,,,
SOMATOM_Force_IFU_VB30,sec_0698,343,5.4-flagged_for_review,,,,
SOMATOM_Force_IFU_VB30,sec_0698,343,5.4-structural_source,,,,
SOMATOM_Force_IFU_VB30,sec_0698,343,5.6-numbering_scheme,,,,
SOMATOM_Force_IFU_VB30,sec_0698,343,5.6-offset_applied,,,,
SOMATOM_Force_IFU_VB30,sec_0698,343,5.5-filters_discarding,,,,
SOMATOM_Force_IFU_VB30,sec_0698,343,5.5-filters_passing_noise,,,,
SOMATOM_Force_IFU_VB30,sec_0698,343,5.5-image_section_mapping,,,,
SOMATOM_Force_IFU_VB30,sec_0710,350,5.4-hierarchy_level,,,,
SOMATOM_Force_IFU_VB30,sec_0710,350,5.4-parent_child,,,,
SOMATOM_Force_IFU_VB30,sec_0710,350,5.4-page_start_end,,,,
SOMATOM_Force_IFU_VB30,sec_0710,350,5.4-hierarchy_path,,,,
SOMATOM_Force_IFU_VB30,sec_0710,350,5.4-gaps_duplicates,,,,
SOMATOM_Force_IFU_VB30,sec_0710,350,5.4-flagged_for_review,,,,
SOMATOM_Force_IFU_VB30,sec_0710,350,5.4-structural_source,,,,
SOMATOM_Force_IFU_VB30,sec_0710,350,5.6-numbering_scheme,,,,
SOMATOM_Force_IFU_VB30,sec_0710,350,5.6-offset_applied,,,,
SOMATOM_Force_IFU_VB30,sec_0710,350,5.6-table_content,,,,
SOMATOM_Force_IFU_VB30,sec_0710,350,5.5-filters_discarding,,,,
SOMATOM_Force_IFU_VB30,sec_0710,350,5.5-filters_passing_noise,,,,
SOMATOM_Force_IFU_VB30,sec_0710,350,5.5-image_section_mapping,,,,
SOMATOM_Force_IFU_VB30,sec_0715,356,5.4-hierarchy_level,,,,
SOMATOM_Force_IFU_VB30,sec_0715,356,5.4-parent_child,,,,
SOMATOM_Force_IFU_VB30,sec_0715,356,5.4-page_start_end,,,,
SOMATOM_Force_IFU_VB30,sec_0715,356,5.4-hierarchy_path,,,,
SOMATOM_Force_IFU_VB30,sec_0715,356,5.4-gaps_duplicates,,,,
SOMATOM_Force_IFU_VB30,sec_0715,356,5.4-flagged_for_review,,,,
SOMATOM_Force_IFU_VB30,sec_0715,356,5.4-structural_source,,,,
SOMATOM_Force_IFU_VB30,sec_0715,356,5.6-numbering_scheme,,,,
SOMATOM_Force_IFU_VB30,sec_0715,356,5.6-offset_applied,,,,
SOMATOM_Force_IFU_VB30,sec_0715,356,5.5-filters_discarding,,,,
SOMATOM_Force_IFU_VB30,sec_0715,356,5.5-filters_passing_noise,,,,
SOMATOM_Force_IFU_VB30,sec_0715,356,5.5-image_section_mapping,,,,
SOMATOM_Force_IFU_VB30,sec_0723,362,5.4-hierarchy_level,,,,
SOMATOM_Force_IFU_VB30,sec_0723,362,5.4-parent_child,,,,
SOMATOM_Force_IFU_VB30,sec_0723,362,5.4-page_start_end,,,,
SOMATOM_Force_IFU_VB30,sec_0723,362,5.4-hierarchy_path,,,,
SOMATOM_Force_IFU_VB30,sec_0723,362,5.4-gaps_duplicates,,,,
SOMATOM_Force_IFU_VB30,sec_0723,362,5.4-flagged_for_review,,,,
SOMATOM_Force_IFU_VB30,sec_0723,362,5.4-structural_source,,,,
SOMATOM_Force_IFU_VB30,sec_0723,362,5.6-numbering_scheme,,,,
SOMATOM_Force_IFU_VB30,sec_0723,362,5.6-offset_applied,,,,
SOMATOM_Force_IFU_VB30,sec_0723,362,5.5-filters_discarding,,,,
SOMATOM_Force_IFU_VB30,sec_0723,362,5.5-filters_passing_noise,,,,
SOMATOM_Force_IFU_VB30,sec_0723,362,5.5-image_section_mapping,,,,
SOMATOM_Force_IFU_VB30,sec_0742,369,5.4-hierarchy_level,,,,
SOMATOM_Force_IFU_VB30,sec_0742,369,5.4-parent_child,,,,
SOMATOM_Force_IFU_VB30,sec_0742,369,5.4-page_start_end,,,,
SOMATOM_Force_IFU_VB30,sec_0742,369,5.4-hierarchy_path,,,,
SOMATOM_Force_IFU_VB30,sec_0742,369,5.4-gaps_duplicates,,,,
SOMATOM_Force_IFU_VB30,sec_0742,369,5.4-flagged_for_review,,,,
SOMATOM_Force_IFU_VB30,sec_0742,369,5.4-structural_source,,,,
SOMATOM_Force_IFU_VB30,sec_0742,369,5.6-numbering_scheme,,,,
SOMATOM_Force_IFU_VB30,sec_0742,369,5.6-offset_applied,,,,
SOMATOM_Force_IFU_VB30,sec_0742,369,5.5-filters_discarding,,,,
SOMATOM_Force_IFU_VB30,sec_0742,369,5.5-filters_passing_noise,,,,
SOMATOM_Force_IFU_VB30,sec_0742,369,5.5-image_section_mapping,,,,
SOMATOM_Force_IFU_VB30,sec_0754,376,5.4-hierarchy_level,,,,
SOMATOM_Force_IFU_VB30,sec_0754,376,5.4-parent_child,,,,
SOMATOM_Force_IFU_VB30,sec_0754,376,5.4-page_start_end,,,,
SOMATOM_Force_IFU_VB30,sec_0754,376,5.4-hierarchy_path,,,,
SOMATOM_Force_IFU_VB30,sec_0754,376,5.4-gaps_duplicates,,,,
SOMATOM_Force_IFU_VB30,sec_0754,376,5.4-flagged_for_review,,,,
SOMATOM_Force_IFU_VB30,sec_0754,376,5.4-structural_source,,,,
SOMATOM_Force_IFU_VB30,sec_0754,376,5.6-numbering_scheme,,,,
SOMATOM_Force_IFU_VB30,sec_0754,376,5.6-offset_applied,,,,
SOMATOM_Force_IFU_VB30,sec_0754,376,5.5-filters_discarding,,,,
SOMATOM_Force_IFU_VB30,sec_0754,376,5.5-filters_passing_noise,,,,
SOMATOM_Force_IFU_VB30,sec_0754,376,5.5-image_section_mapping,,,,
SOMATOM_Force_IFU_VB30,sec_0764,382,5.4-hierarchy_level,,,,
SOMATOM_Force_IFU_VB30,sec_0764,382,5.4-parent_child,,,,
SOMATOM_Force_IFU_VB30,sec_0764,382,5.4-page_start_end,,,,
SOMATOM_Force_IFU_VB30,sec_0764,382,5.4-hierarchy_path,,,,
SOMATOM_Force_IFU_VB30,sec_0764,382,5.4-gaps_duplicates,,,,
SOMATOM_Force_IFU_VB30,sec_0764,382,5.4-flagged_for_review,,,,
SOMATOM_Force_IFU_VB30,sec_0764,382,5.4-structural_source,,,,
SOMATOM_Force_IFU_VB30,sec_0764,382,5.6-numbering_scheme,,,,
SOMATOM_Force_IFU_VB30,sec_0764,382,5.6-offset_applied,,,,
SOMATOM_Force_IFU_VB30,sec_0764,382,5.5-filters_discarding,,,,
SOMATOM_Force_IFU_VB30,sec_0764,382,5.5-filters_passing_noise,,,,
SOMATOM_Force_IFU_VB30,sec_0764,382,5.5-image_section_mapping,,,,
SOMATOM_Force_IFU_VB30,sec_0786,388,5.4-hierarchy_level,,,,
SOMATOM_Force_IFU_VB30,sec_0786,388,5.4-parent_child,,,,
SOMATOM_Force_IFU_VB30,sec_0786,388,5.4-page_start_end,,,,
SOMATOM_Force_IFU_VB30,sec_0786,388,5.4-hierarchy_path,,,,
SOMATOM_Force_IFU_VB30,sec_0786,388,5.4-gaps_duplicates,,,,
SOMATOM_Force_IFU_VB30,sec_0786,388,5.4-flagged_for_review,,,,
SOMATOM_Force_IFU_VB30,sec_0786,388,5.4-structural_source,,,,
SOMATOM_Force_IFU_VB30,sec_0786,388,5.6-numbering_scheme,,,,
SOMATOM_Force_IFU_VB30,sec_0786,388,5.6-offset_applied,,,,
SOMATOM_Force_IFU_VB30,sec_0786,388,5.5-filters_discarding,,,,
SOMATOM_Force_IFU_VB30,sec_0786,388,5.5-filters_passing_noise,,,,
SOMATOM_Force_IFU_VB30,sec_0786,388,5.5-image_section_mapping,,,,
SOMATOM_Force_IFU_VB30,sec_0815,395,5.4-hierarchy_level,,,,
SOMATOM_Force_IFU_VB30,sec_0815,395,5.4-parent_child,,,,
SOMATOM_Force_IFU_VB30,sec_0815,395,5.4-page_start_end,,,,
SOMATOM_Force_IFU_VB30,sec_0815,395,5.4-hierarchy_path,,,,
SOMATOM_Force_IFU_VB30,sec_0815,395,5.4-gaps_duplicates,,,,
SOMATOM_Force_IFU_VB30,sec_0815,395,5.4-flagged_for_review,,,,
SOMATOM_Force_IFU_VB30,sec_0815,395,5.4-structural_source,,,,
SOMATOM_Force_IFU_VB30,sec_0815,395,5.6-numbering_scheme,,,,
SOMATOM_Force_IFU_VB30,sec_0815,395,5.6-offset_applied,,,,
SOMATOM_Force_IFU_VB30,sec_0815,395,5.5-filters_discarding,,,,
SOMATOM_Force_IFU_VB30,sec_0815,395,5.5-filters_passing_noise,,,,
SOMATOM_Force_IFU_VB30,sec_0815,395,5.5-image_section_mapping,,,,
SOMATOM_Force_IFU_VB30,sec_0844,402,5.4-hierarchy_level,,,,
SOMATOM_Force_IFU_VB30,sec_0844,402,5.4-parent_child,,,,
SOMATOM_Force_IFU_VB30,sec_0844,402,5.4-page_start_end,,,,
SOMATOM_Force_IFU_VB30,sec_0844,402,5.4-hierarchy_path,,,,
SOMATOM_Force_IFU_VB30,sec_0844,402,5.4-gaps_duplicates,,,,
SOMATOM_Force_IFU_VB30,sec_0844,402,5.4-flagged_for_review,,,,
SOMATOM_Force_IFU_VB30,sec_0844,402,5.4-structural_source,,,,
SOMATOM_Force_IFU_VB30,sec_0844,402,5.6-numbering_scheme,,,,
SOMATOM_Force_IFU_VB30,sec_0844,402,5.6-offset_applied,,,,
SOMATOM_Force_IFU_VB30,sec_0844,402,5.5-filters_discarding,,,,
SOMATOM_Force_IFU_VB30,sec_0844,402,5.5-filters_passing_noise,,,,
SOMATOM_Force_IFU_VB30,sec_0844,402,5.5-image_section_mapping,,,,
SOMATOM_Force_IFU_VB30,sec_0857,408,5.4-hierarchy_level,,,,
SOMATOM_Force_IFU_VB30,sec_0857,408,5.4-parent_child,,,,
SOMATOM_Force_IFU_VB30,sec_0857,408,5.4-page_start_end,,,,
SOMATOM_Force_IFU_VB30,sec_0857,408,5.4-hierarchy_path,,,,
SOMATOM_Force_IFU_VB30,sec_0857,408,5.4-gaps_duplicates,,,,
SOMATOM_Force_IFU_VB30,sec_0857,408,5.4-flagged_for_review,,,,
SOMATOM_Force_IFU_VB30,sec_0857,408,5.4-structural_source,,,,
SOMATOM_Force_IFU_VB30,sec_0857,408,5.6-numbering_scheme,,,,
SOMATOM_Force_IFU_VB30,sec_0857,408,5.6-offset_applied,,,,
SOMATOM_Force_IFU_VB30,sec_0857,408,5.5-filters_discarding,,,,
SOMATOM_Force_IFU_VB30,sec_0857,408,5.5-filters_passing_noise,,,,
SOMATOM_Force_IFU_VB30,sec_0857,408,5.5-image_section_mapping,,,,
SOMATOM_Force_IFU_VB30,sec_0874,414,5.4-hierarchy_level,,,,
SOMATOM_Force_IFU_VB30,sec_0874,414,5.4-parent_child,,,,
SOMATOM_Force_IFU_VB30,sec_0874,414,5.4-page_start_end,,,,
SOMATOM_Force_IFU_VB30,sec_0874,414,5.4-hierarchy_path,,,,
SOMATOM_Force_IFU_VB30,sec_0874,414,5.4-gaps_duplicates,,,,
SOMATOM_Force_IFU_VB30,sec_0874,414,5.4-flagged_for_review,,,,
SOMATOM_Force_IFU_VB30,sec_0874,414,5.4-structural_source,,,,
SOMATOM_Force_IFU_VB30,sec_0874,414,5.6-numbering_scheme,,,,
SOMATOM_Force_IFU_VB30,sec_0874,414,5.6-offset_applied,,,,
SOMATOM_Force_IFU_VB30,sec_0874,414,5.5-filters_discarding,,,,
SOMATOM_Force_IFU_VB30,sec_0874,414,5.5-filters_passing_noise,,,,
SOMATOM_Force_IFU_VB30,sec_0874,414,5.5-image_section_mapping,,,,
SOMATOM_Force_IFU_VB30,sec_0890,421,5.4-hierarchy_level,,,,
SOMATOM_Force_IFU_VB30,sec_0890,421,5.4-parent_child,,,,
SOMATOM_Force_IFU_VB30,sec_0890,421,5.4-page_start_end,,,,
SOMATOM_Force_IFU_VB30,sec_0890,421,5.4-hierarchy_path,,,,
SOMATOM_Force_IFU_VB30,sec_0890,421,5.4-gaps_duplicates,,,,
SOMATOM_Force_IFU_VB30,sec_0890,421,5.4-flagged_for_review,,,,
SOMATOM_Force_IFU_VB30,sec_0890,421,5.4-structural_source,,,,
SOMATOM_Force_IFU_VB30,sec_0890,421,5.6-numbering_scheme,,,,
SOMATOM_Force_IFU_VB30,sec_0890,421,5.6-offset_applied,,,,
SOMATOM_Force_IFU_VB30,sec_0890,421,5.5-filters_discarding,,,,
SOMATOM_Force_IFU_VB30,sec_0890,421,5.5-filters_passing_noise,,,,
SOMATOM_Force_IFU_VB30,sec_0890,421,5.5-image_section_mapping,,,,
SOMATOM_Force_IFU_VB30,sec_0899,424,5.4-hierarchy_level,,,,
SOMATOM_Force_IFU_VB30,sec_0899,424,5.4-parent_child,,,,
SOMATOM_Force_IFU_VB30,sec_0899,424,5.4-page_start_end,,,,
SOMATOM_Force_IFU_VB30,sec_0899,424,5.4-hierarchy_path,,,,
SOMATOM_Force_IFU_VB30,sec_0899,424,5.4-gaps_duplicates,,,,
SOMATOM_Force_IFU_VB30,sec_0899,424,5.4-flagged_for_review,,,,
SOMATOM_Force_IFU_VB30,sec_0899,424,5.4-structural_source,,,,
SOMATOM_Force_IFU_VB30,sec_0899,424,5.6-numbering_scheme,,,,
SOMATOM_Force_IFU_VB30,sec_0899,424,5.6-offset_applied,,,,
SOMATOM_Force_IFU_VB30,sec_0899,424,5.5-filters_discarding,,,,
SOMATOM_Force_IFU_VB30,sec_0899,424,5.5-filters_passing_noise,,,,
SOMATOM_Force_IFU_VB30,sec_0899,424,5.5-image_section_mapping,,,,
SOMATOM_Force_IFU_VB30,sec_0908,428,5.4-hierarchy_level,,,,
SOMATOM_Force_IFU_VB30,sec_0908,428,5.4-parent_child,,,,
SOMATOM_Force_IFU_VB30,sec_0908,428,5.4-page_start_end,,,,
SOMATOM_Force_IFU_VB30,sec_0908,428,5.4-hierarchy_path,,,,
SOMATOM_Force_IFU_VB30,sec_0908,428,5.4-gaps_duplicates,,,,
SOMATOM_Force_IFU_VB30,sec_0908,428,5.4-flagged_for_review,,,,
SOMATOM_Force_IFU_VB30,sec_0908,428,5.4-structural_source,,,,
SOMATOM_Force_IFU_VB30,sec_0908,428,5.6-numbering_scheme,,,,
SOMATOM_Force_IFU_VB30,sec_0908,428,5.6-offset_applied,,,,
SOMATOM_Force_IFU_VB30,sec_0908,428,5.5-filters_discarding,,,,
SOMATOM_Force_IFU_VB30,sec_0908,428,5.5-filters_passing_noise,,,,
SOMATOM_Force_IFU_VB30,sec_0908,428,5.5-image_section_mapping,,,,
SOMATOM_Force_IFU_VB30,sec_0914,432,5.4-hierarchy_level,,,,
SOMATOM_Force_IFU_VB30,sec_0914,432,5.4-parent_child,,,,
SOMATOM_Force_IFU_VB30,sec_0914,432,5.4-page_start_end,,,,
SOMATOM_Force_IFU_VB30,sec_0914,432,5.4-hierarchy_path,,,,
SOMATOM_Force_IFU_VB30,sec_0914,432,5.4-gaps_duplicates,,,,
SOMATOM_Force_IFU_VB30,sec_0914,432,5.4-flagged_for_review,,,,
SOMATOM_Force_IFU_VB30,sec_0914,432,5.4-structural_source,,,,
SOMATOM_Force_IFU_VB30,sec_0914,432,5.6-numbering_scheme,,,,
SOMATOM_Force_IFU_VB30,sec_0914,432,5.6-offset_applied,,,,
SOMATOM_Force_IFU_VB30,sec_0914,432,5.5-filters_discarding,,,,
SOMATOM_Force_IFU_VB30,sec_0914,432,5.5-filters_passing_noise,,,,
SOMATOM_Force_IFU_VB30,sec_0914,432,5.5-image_section_mapping,,,,
SOMATOM_Force_IFU_VB30,sec_0920,439,5.4-hierarchy_level,,,,
SOMATOM_Force_IFU_VB30,sec_0920,439,5.4-parent_child,,,,
SOMATOM_Force_IFU_VB30,sec_0920,439,5.4-page_start_end,,,,
SOMATOM_Force_IFU_VB30,sec_0920,439,5.4-hierarchy_path,,,,
SOMATOM_Force_IFU_VB30,sec_0920,439,5.4-gaps_duplicates,,,,
SOMATOM_Force_IFU_VB30,sec_0920,439,5.4-flagged_for_review,,,,
SOMATOM_Force_IFU_VB30,sec_0920,439,5.4-structural_source,,,,
SOMATOM_Force_IFU_VB30,sec_0920,439,5.6-numbering_scheme,,,,
SOMATOM_Force_IFU_VB30,sec_0920,439,5.6-offset_applied,,,,
SOMATOM_Force_IFU_VB30,sec_0920,439,5.5-filters_discarding,,,,
SOMATOM_Force_IFU_VB30,sec_0920,439,5.5-filters_passing_noise,,,,
SOMATOM_Force_IFU_VB30,sec_0920,439,5.5-image_section_mapping,,,,
SOMATOM_Force_IFU_VB30,sec_0927,447,5.4-hierarchy_level,,,,
SOMATOM_Force_IFU_VB30,sec_0927,447,5.4-parent_child,,,,
SOMATOM_Force_IFU_VB30,sec_0927,447,5.4-page_start_end,,,,
SOMATOM_Force_IFU_VB30,sec_0927,447,5.4-hierarchy_path,,,,
SOMATOM_Force_IFU_VB30,sec_0927,447,5.4-gaps_duplicates,,,,
SOMATOM_Force_IFU_VB30,sec_0927,447,5.4-flagged_for_review,,,,
SOMATOM_Force_IFU_VB30,sec_0927,447,5.4-structural_source,,,,
SOMATOM_Force_IFU_VB30,sec_0927,447,5.6-numbering_scheme,,,,
SOMATOM_Force_IFU_VB30,sec_0927,447,5.6-offset_applied,,,,
SOMATOM_Force_IFU_VB30,sec_0927,447,5.5-filters_discarding,,,,
SOMATOM_Force_IFU_VB30,sec_0927,447,5.5-filters_passing_noise,,,,
SOMATOM_Force_IFU_VB30,sec_0927,447,5.5-image_section_mapping,,,,
SOMATOM_Force_IFU_VB30,sec_0939,454,5.4-hierarchy_level,,,,
SOMATOM_Force_IFU_VB30,sec_0939,454,5.4-parent_child,,,,
SOMATOM_Force_IFU_VB30,sec_0939,454,5.4-page_start_end,,,,
SOMATOM_Force_IFU_VB30,sec_0939,454,5.4-hierarchy_path,,,,
SOMATOM_Force_IFU_VB30,sec_0939,454,5.4-gaps_duplicates,,,,
SOMATOM_Force_IFU_VB30,sec_0939,454,5.4-flagged_for_review,,,,
SOMATOM_Force_IFU_VB30,sec_0939,454,5.4-structural_source,,,,
SOMATOM_Force_IFU_VB30,sec_0939,454,5.6-numbering_scheme,,,,
SOMATOM_Force_IFU_VB30,sec_0939,454,5.6-offset_applied,,,,
SOMATOM_Force_IFU_VB30,sec_0939,454,5.5-filters_discarding,,,,
SOMATOM_Force_IFU_VB30,sec_0939,454,5.5-filters_passing_noise,,,,
SOMATOM_Force_IFU_VB30,sec_0939,454,5.5-image_section_mapping,,,,
SOMATOM_Force_IFU_VB30,sec_0951,462,5.4-hierarchy_level,,,,
SOMATOM_Force_IFU_VB30,sec_0951,462,5.4-parent_child,,,,
SOMATOM_Force_IFU_VB30,sec_0951,462,5.4-page_start_end,,,,
SOMATOM_Force_IFU_VB30,sec_0951,462,5.4-hierarchy_path,,,,
SOMATOM_Force_IFU_VB30,sec_0951,462,5.4-gaps_duplicates,,,,
SOMATOM_Force_IFU_VB30,sec_0951,462,5.4-flagged_for_review,,,,
SOMATOM_Force_IFU_VB30,sec_0951,462,5.4-structural_source,,,,
SOMATOM_Force_IFU_VB30,sec_0951,462,5.6-numbering_scheme,,,,
SOMATOM_Force_IFU_VB30,sec_0951,462,5.6-offset_applied,,,,
SOMATOM_Force_IFU_VB30,sec_0951,462,5.5-filters_discarding,,,,
SOMATOM_Force_IFU_VB30,sec_0951,462,5.5-filters_passing_noise,,,,
SOMATOM_Force_IFU_VB30,sec_0951,462,5.5-image_section_mapping,,,,
SOMATOM_Force_IFU_VB30,DOCUMENT-LEVEL,,5.6-sanity_report,,,,
SOMATOM_Force_IFU_VB30,sec_0008,13,5.4-hierarchy_level,,,,
SOMATOM_Force_IFU_VB30,sec_0008,13,5.4-parent_child,,,,
SOMATOM_Force_IFU_VB30,sec_0008,13,5.4-page_start_end,,,,
SOMATOM_Force_IFU_VB30,sec_0008,13,5.4-hierarchy_path,,,,
SOMATOM_Force_IFU_VB30,sec_0008,13,5.4-gaps_duplicates,,,,
SOMATOM_Force_IFU_VB30,sec_0008,13,5.4-flagged_for_review,,,,
SOMATOM_Force_IFU_VB30,sec_0008,13,5.4-structural_source,,,,
SOMATOM_Force_IFU_VB30,sec_0008,13,5.6-numbering_scheme,,,,
SOMATOM_Force_IFU_VB30,sec_0008,13,5.6-offset_applied,,,,
SOMATOM_Force_IFU_VB30,sec_0008,13,5.5-filters_discarding,,,,
SOMATOM_Force_IFU_VB30,sec_0008,13,5.5-filters_passing_noise,,,,
SOMATOM_Force_IFU_VB30,sec_0008,13,5.5-image_section_mapping,,,,
SOMATOM_Force_IFU_VB30,sec_0024,18,5.4-hierarchy_level,,,,
SOMATOM_Force_IFU_VB30,sec_0024,18,5.4-parent_child,,,,
SOMATOM_Force_IFU_VB30,sec_0024,18,5.4-page_start_end,,,,
SOMATOM_Force_IFU_VB30,sec_0024,18,5.4-hierarchy_path,,,,
SOMATOM_Force_IFU_VB30,sec_0024,18,5.4-gaps_duplicates,,,,
SOMATOM_Force_IFU_VB30,sec_0024,18,5.4-flagged_for_review,,,,
SOMATOM_Force_IFU_VB30,sec_0024,18,5.4-structural_source,,,,
SOMATOM_Force_IFU_VB30,sec_0024,18,5.6-numbering_scheme,,,,
SOMATOM_Force_IFU_VB30,sec_0024,18,5.6-offset_applied,,,,
SOMATOM_Force_IFU_VB30,sec_0024,18,5.5-filters_discarding,,,,
SOMATOM_Force_IFU_VB30,sec_0024,18,5.5-filters_passing_noise,,,,
SOMATOM_Force_IFU_VB30,sec_0024,18,5.5-image_section_mapping,,,,
SOMATOM_Force_IFU_VB30,sec_0028,21,5.4-hierarchy_level,,,,
SOMATOM_Force_IFU_VB30,sec_0028,21,5.4-parent_child,,,,
SOMATOM_Force_IFU_VB30,sec_0028,21,5.4-page_start_end,,,,
SOMATOM_Force_IFU_VB30,sec_0028,21,5.4-hierarchy_path,,,,
SOMATOM_Force_IFU_VB30,sec_0028,21,5.4-gaps_duplicates,,,,
SOMATOM_Force_IFU_VB30,sec_0028,21,5.4-flagged_for_review,,,,
SOMATOM_Force_IFU_VB30,sec_0028,21,5.4-structural_source,,,,
SOMATOM_Force_IFU_VB30,sec_0028,21,5.6-numbering_scheme,,,,
SOMATOM_Force_IFU_VB30,sec_0028,21,5.6-offset_applied,,,,
SOMATOM_Force_IFU_VB30,sec_0028,21,5.5-filters_discarding,,,,
SOMATOM_Force_IFU_VB30,sec_0028,21,5.5-filters_passing_noise,,,,
SOMATOM_Force_IFU_VB30,sec_0028,21,5.5-image_section_mapping,,,,
SOMATOM_Force_IFU_VB30,sec_0047,25,5.4-hierarchy_level,,,,
SOMATOM_Force_IFU_VB30,sec_0047,25,5.4-parent_child,,,,
SOMATOM_Force_IFU_VB30,sec_0047,25,5.4-page_start_end,,,,
SOMATOM_Force_IFU_VB30,sec_0047,25,5.4-hierarchy_path,,,,
SOMATOM_Force_IFU_VB30,sec_0047,25,5.4-gaps_duplicates,,,,
SOMATOM_Force_IFU_VB30,sec_0047,25,5.4-flagged_for_review,,,,
SOMATOM_Force_IFU_VB30,sec_0047,25,5.4-structural_source,,,,
SOMATOM_Force_IFU_VB30,sec_0047,25,5.6-numbering_scheme,,,,
SOMATOM_Force_IFU_VB30,sec_0047,25,5.6-offset_applied,,,,
SOMATOM_Force_IFU_VB30,sec_0047,25,5.5-filters_discarding,,,,
SOMATOM_Force_IFU_VB30,sec_0047,25,5.5-filters_passing_noise,,,,
SOMATOM_Force_IFU_VB30,sec_0047,25,5.5-image_section_mapping,,,,
SOMATOM_Force_IFU_VB30,sec_0053,29,5.4-hierarchy_level,,,,
SOMATOM_Force_IFU_VB30,sec_0053,29,5.4-parent_child,,,,
SOMATOM_Force_IFU_VB30,sec_0053,29,5.4-page_start_end,,,,
SOMATOM_Force_IFU_VB30,sec_0053,29,5.4-hierarchy_path,,,,
SOMATOM_Force_IFU_VB30,sec_0053,29,5.4-gaps_duplicates,,,,
SOMATOM_Force_IFU_VB30,sec_0053,29,5.4-flagged_for_review,,,,
SOMATOM_Force_IFU_VB30,sec_0053,29,5.4-structural_source,,,,
SOMATOM_Force_IFU_VB30,sec_0053,29,5.6-numbering_scheme,,,,
SOMATOM_Force_IFU_VB30,sec_0053,29,5.6-offset_applied,,,,
SOMATOM_Force_IFU_VB30,sec_0053,29,5.5-filters_discarding,,,,
SOMATOM_Force_IFU_VB30,sec_0053,29,5.5-filters_passing_noise,,,,
SOMATOM_Force_IFU_VB30,sec_0053,29,5.5-image_section_mapping,,,,
SOMATOM_Force_IFU_VB30,sec_0055,30,5.4-hierarchy_level,,,,
SOMATOM_Force_IFU_VB30,sec_0055,30,5.4-parent_child,,,,
SOMATOM_Force_IFU_VB30,sec_0055,30,5.4-page_start_end,,,,
SOMATOM_Force_IFU_VB30,sec_0055,30,5.4-hierarchy_path,,,,
SOMATOM_Force_IFU_VB30,sec_0055,30,5.4-gaps_duplicates,,,,
SOMATOM_Force_IFU_VB30,sec_0055,30,5.4-flagged_for_review,,,,
SOMATOM_Force_IFU_VB30,sec_0055,30,5.4-structural_source,,,,
SOMATOM_Force_IFU_VB30,sec_0055,30,5.6-numbering_scheme,,,,
SOMATOM_Force_IFU_VB30,sec_0055,30,5.6-offset_applied,,,,
SOMATOM_Force_IFU_VB30,sec_0055,30,5.5-filters_discarding,,,,
SOMATOM_Force_IFU_VB30,sec_0055,30,5.5-filters_passing_noise,,,,
SOMATOM_Force_IFU_VB30,sec_0055,30,5.5-image_section_mapping,,,,
SOMATOM_Force_IFU_VB30,sec_0058,32,5.4-hierarchy_level,,,,
SOMATOM_Force_IFU_VB30,sec_0058,32,5.4-parent_child,,,,
SOMATOM_Force_IFU_VB30,sec_0058,32,5.4-page_start_end,,,,
SOMATOM_Force_IFU_VB30,sec_0058,32,5.4-hierarchy_path,,,,
SOMATOM_Force_IFU_VB30,sec_0058,32,5.4-gaps_duplicates,,,,
SOMATOM_Force_IFU_VB30,sec_0058,32,5.4-flagged_for_review,,,,
SOMATOM_Force_IFU_VB30,sec_0058,32,5.4-structural_source,,,,
SOMATOM_Force_IFU_VB30,sec_0058,32,5.6-numbering_scheme,,,,
SOMATOM_Force_IFU_VB30,sec_0058,32,5.6-offset_applied,,,,
SOMATOM_Force_IFU_VB30,sec_0058,32,5.5-filters_discarding,,,,
SOMATOM_Force_IFU_VB30,sec_0058,32,5.5-filters_passing_noise,,,,
SOMATOM_Force_IFU_VB30,sec_0058,32,5.5-image_section_mapping,,,,
SOMATOM_Force_IFU_VB30,sec_0069,37,5.4-hierarchy_level,,,,
SOMATOM_Force_IFU_VB30,sec_0069,37,5.4-parent_child,,,,
SOMATOM_Force_IFU_VB30,sec_0069,37,5.4-page_start_end,,,,
SOMATOM_Force_IFU_VB30,sec_0069,37,5.4-hierarchy_path,,,,
SOMATOM_Force_IFU_VB30,sec_0069,37,5.4-gaps_duplicates,,,,
SOMATOM_Force_IFU_VB30,sec_0069,37,5.4-flagged_for_review,,,,
SOMATOM_Force_IFU_VB30,sec_0069,37,5.4-structural_source,,,,
SOMATOM_Force_IFU_VB30,sec_0069,37,5.6-numbering_scheme,,,,
SOMATOM_Force_IFU_VB30,sec_0069,37,5.6-offset_applied,,,,
SOMATOM_Force_IFU_VB30,sec_0069,37,5.5-filters_discarding,,,,
SOMATOM_Force_IFU_VB30,sec_0069,37,5.5-filters_passing_noise,,,,
SOMATOM_Force_IFU_VB30,sec_0069,37,5.5-image_section_mapping,,,,
SOMATOM_Force_IFU_VB30,sec_0077,43,5.4-hierarchy_level,,,,
SOMATOM_Force_IFU_VB30,sec_0077,43,5.4-parent_child,,,,
SOMATOM_Force_IFU_VB30,sec_0077,43,5.4-page_start_end,,,,
SOMATOM_Force_IFU_VB30,sec_0077,43,5.4-hierarchy_path,,,,
SOMATOM_Force_IFU_VB30,sec_0077,43,5.4-gaps_duplicates,,,,
SOMATOM_Force_IFU_VB30,sec_0077,43,5.4-flagged_for_review,,,,
SOMATOM_Force_IFU_VB30,sec_0077,43,5.4-structural_source,,,,
SOMATOM_Force_IFU_VB30,sec_0077,43,5.6-numbering_scheme,,,,
SOMATOM_Force_IFU_VB30,sec_0077,43,5.6-offset_applied,,,,
SOMATOM_Force_IFU_VB30,sec_0077,43,5.5-filters_discarding,,,,
SOMATOM_Force_IFU_VB30,sec_0077,43,5.5-filters_passing_noise,,,,
SOMATOM_Force_IFU_VB30,sec_0077,43,5.5-image_section_mapping,,,,
SOMATOM_Force_IFU_VB30,sec_0084,46,5.4-hierarchy_level,,,,
SOMATOM_Force_IFU_VB30,sec_0084,46,5.4-parent_child,,,,
SOMATOM_Force_IFU_VB30,sec_0084,46,5.4-page_start_end,,,,
SOMATOM_Force_IFU_VB30,sec_0084,46,5.4-hierarchy_path,,,,
SOMATOM_Force_IFU_VB30,sec_0084,46,5.4-gaps_duplicates,,,,
SOMATOM_Force_IFU_VB30,sec_0084,46,5.4-flagged_for_review,,,,
SOMATOM_Force_IFU_VB30,sec_0084,46,5.4-structural_source,,,,
SOMATOM_Force_IFU_VB30,sec_0084,46,5.6-numbering_scheme,,,,
SOMATOM_Force_IFU_VB30,sec_0084,46,5.6-offset_applied,,,,
SOMATOM_Force_IFU_VB30,sec_0084,46,5.5-filters_discarding,,,,
SOMATOM_Force_IFU_VB30,sec_0084,46,5.5-filters_passing_noise,,,,
SOMATOM_Force_IFU_VB30,sec_0084,46,5.5-image_section_mapping,,,,
SOMATOM_Force_IFU_VB30,sec_0093,52,5.4-hierarchy_level,,,,
SOMATOM_Force_IFU_VB30,sec_0093,52,5.4-parent_child,,,,
SOMATOM_Force_IFU_VB30,sec_0093,52,5.4-page_start_end,,,,
SOMATOM_Force_IFU_VB30,sec_0093,52,5.4-hierarchy_path,,,,
SOMATOM_Force_IFU_VB30,sec_0093,52,5.4-gaps_duplicates,,,,
SOMATOM_Force_IFU_VB30,sec_0093,52,5.4-flagged_for_review,,,,
SOMATOM_Force_IFU_VB30,sec_0093,52,5.4-structural_source,,,,
SOMATOM_Force_IFU_VB30,sec_0093,52,5.6-numbering_scheme,,,,
SOMATOM_Force_IFU_VB30,sec_0093,52,5.6-offset_applied,,,,
SOMATOM_Force_IFU_VB30,sec_0093,52,5.5-filters_discarding,,,,
SOMATOM_Force_IFU_VB30,sec_0093,52,5.5-filters_passing_noise,,,,
SOMATOM_Force_IFU_VB30,sec_0093,52,5.5-image_section_mapping,,,,
SOMATOM_Force_IFU_VB30,sec_0099,56,5.4-hierarchy_level,,,,
SOMATOM_Force_IFU_VB30,sec_0099,56,5.4-parent_child,,,,
SOMATOM_Force_IFU_VB30,sec_0099,56,5.4-page_start_end,,,,
SOMATOM_Force_IFU_VB30,sec_0099,56,5.4-hierarchy_path,,,,
SOMATOM_Force_IFU_VB30,sec_0099,56,5.4-gaps_duplicates,,,,
SOMATOM_Force_IFU_VB30,sec_0099,56,5.4-flagged_for_review,,,,
SOMATOM_Force_IFU_VB30,sec_0099,56,5.4-structural_source,,,,
SOMATOM_Force_IFU_VB30,sec_0099,56,5.6-numbering_scheme,,,,
SOMATOM_Force_IFU_VB30,sec_0099,56,5.6-offset_applied,,,,
SOMATOM_Force_IFU_VB30,sec_0099,56,5.5-filters_discarding,,,,
SOMATOM_Force_IFU_VB30,sec_0099,56,5.5-filters_passing_noise,,,,
SOMATOM_Force_IFU_VB30,sec_0099,56,5.5-image_section_mapping,,,,
SOMATOM_Force_IFU_VB30,sec_0118,66,5.4-hierarchy_level,,,,
SOMATOM_Force_IFU_VB30,sec_0118,66,5.4-parent_child,,,,
SOMATOM_Force_IFU_VB30,sec_0118,66,5.4-page_start_end,,,,
SOMATOM_Force_IFU_VB30,sec_0118,66,5.4-hierarchy_path,,,,
SOMATOM_Force_IFU_VB30,sec_0118,66,5.4-gaps_duplicates,,,,
SOMATOM_Force_IFU_VB30,sec_0118,66,5.4-flagged_for_review,,,,
SOMATOM_Force_IFU_VB30,sec_0118,66,5.4-structural_source,,,,
SOMATOM_Force_IFU_VB30,sec_0118,66,5.6-numbering_scheme,,,,
SOMATOM_Force_IFU_VB30,sec_0118,66,5.6-offset_applied,,,,
SOMATOM_Force_IFU_VB30,sec_0118,66,5.5-filters_discarding,,,,
SOMATOM_Force_IFU_VB30,sec_0118,66,5.5-filters_passing_noise,,,,
SOMATOM_Force_IFU_VB30,sec_0118,66,5.5-image_section_mapping,,,,
SOMATOM_Force_IFU_VB30,sec_0135,73,5.4-hierarchy_level,,,,
SOMATOM_Force_IFU_VB30,sec_0135,73,5.4-parent_child,,,,
SOMATOM_Force_IFU_VB30,sec_0135,73,5.4-page_start_end,,,,
SOMATOM_Force_IFU_VB30,sec_0135,73,5.4-hierarchy_path,,,,
SOMATOM_Force_IFU_VB30,sec_0135,73,5.4-gaps_duplicates,,,,
SOMATOM_Force_IFU_VB30,sec_0135,73,5.4-flagged_for_review,,,,
SOMATOM_Force_IFU_VB30,sec_0135,73,5.4-structural_source,,,,
SOMATOM_Force_IFU_VB30,sec_0135,73,5.6-numbering_scheme,,,,
SOMATOM_Force_IFU_VB30,sec_0135,73,5.6-offset_applied,,,,
SOMATOM_Force_IFU_VB30,sec_0135,73,5.5-filters_discarding,,,,
SOMATOM_Force_IFU_VB30,sec_0135,73,5.5-filters_passing_noise,,,,
SOMATOM_Force_IFU_VB30,sec_0135,73,5.5-image_section_mapping,,,,
SOMATOM_Force_IFU_VB30,sec_0138,79,5.4-hierarchy_level,,,,
SOMATOM_Force_IFU_VB30,sec_0138,79,5.4-parent_child,,,,
SOMATOM_Force_IFU_VB30,sec_0138,79,5.4-page_start_end,,,,
SOMATOM_Force_IFU_VB30,sec_0138,79,5.4-hierarchy_path,,,,
SOMATOM_Force_IFU_VB30,sec_0138,79,5.4-gaps_duplicates,,,,
SOMATOM_Force_IFU_VB30,sec_0138,79,5.4-flagged_for_review,,,,
SOMATOM_Force_IFU_VB30,sec_0138,79,5.4-structural_source,,,,
SOMATOM_Force_IFU_VB30,sec_0138,79,5.6-numbering_scheme,,,,
SOMATOM_Force_IFU_VB30,sec_0138,79,5.6-offset_applied,,,,
SOMATOM_Force_IFU_VB30,sec_0138,79,5.5-filters_discarding,,,,
SOMATOM_Force_IFU_VB30,sec_0138,79,5.5-filters_passing_noise,,,,
SOMATOM_Force_IFU_VB30,sec_0138,79,5.5-image_section_mapping,,,,
SOMATOM_Force_IFU_VB30,sec_0161,96,5.4-hierarchy_level,,,,
SOMATOM_Force_IFU_VB30,sec_0161,96,5.4-parent_child,,,,
SOMATOM_Force_IFU_VB30,sec_0161,96,5.4-page_start_end,,,,
SOMATOM_Force_IFU_VB30,sec_0161,96,5.4-hierarchy_path,,,,
SOMATOM_Force_IFU_VB30,sec_0161,96,5.4-gaps_duplicates,,,,
SOMATOM_Force_IFU_VB30,sec_0161,96,5.4-flagged_for_review,,,,
SOMATOM_Force_IFU_VB30,sec_0161,96,5.4-structural_source,,,,
SOMATOM_Force_IFU_VB30,sec_0161,96,5.6-numbering_scheme,,,,
SOMATOM_Force_IFU_VB30,sec_0161,96,5.6-offset_applied,,,,
SOMATOM_Force_IFU_VB30,sec_0161,96,5.5-filters_discarding,,,,
SOMATOM_Force_IFU_VB30,sec_0161,96,5.5-filters_passing_noise,,,,
SOMATOM_Force_IFU_VB30,sec_0161,96,5.5-image_section_mapping,,,,
SOMATOM_Force_IFU_VB30,sec_0167,100,5.4-hierarchy_level,,,,
SOMATOM_Force_IFU_VB30,sec_0167,100,5.4-parent_child,,,,
SOMATOM_Force_IFU_VB30,sec_0167,100,5.4-page_start_end,,,,
SOMATOM_Force_IFU_VB30,sec_0167,100,5.4-hierarchy_path,,,,
SOMATOM_Force_IFU_VB30,sec_0167,100,5.4-gaps_duplicates,,,,
SOMATOM_Force_IFU_VB30,sec_0167,100,5.4-flagged_for_review,,,,
SOMATOM_Force_IFU_VB30,sec_0167,100,5.4-structural_source,,,,
SOMATOM_Force_IFU_VB30,sec_0167,100,5.6-numbering_scheme,,,,
SOMATOM_Force_IFU_VB30,sec_0167,100,5.6-offset_applied,,,,
SOMATOM_Force_IFU_VB30,sec_0167,100,5.5-filters_discarding,,,,
SOMATOM_Force_IFU_VB30,sec_0167,100,5.5-filters_passing_noise,,,,
SOMATOM_Force_IFU_VB30,sec_0167,100,5.5-image_section_mapping,,,,
SOMATOM_Force_IFU_VB30,sec_0168,101,5.4-hierarchy_level,,,,
SOMATOM_Force_IFU_VB30,sec_0168,101,5.4-parent_child,,,,
SOMATOM_Force_IFU_VB30,sec_0168,101,5.4-page_start_end,,,,
SOMATOM_Force_IFU_VB30,sec_0168,101,5.4-hierarchy_path,,,,
SOMATOM_Force_IFU_VB30,sec_0168,101,5.4-gaps_duplicates,,,,
SOMATOM_Force_IFU_VB30,sec_0168,101,5.4-flagged_for_review,,,,
SOMATOM_Force_IFU_VB30,sec_0168,101,5.4-structural_source,,,,
SOMATOM_Force_IFU_VB30,sec_0168,101,5.6-numbering_scheme,,,,
SOMATOM_Force_IFU_VB30,sec_0168,101,5.6-offset_applied,,,,
SOMATOM_Force_IFU_VB30,sec_0168,101,5.5-filters_discarding,,,,
SOMATOM_Force_IFU_VB30,sec_0168,101,5.5-filters_passing_noise,,,,
SOMATOM_Force_IFU_VB30,sec_0168,101,5.5-image_section_mapping,,,,
SOMATOM_Force_IFU_VB30,sec_0171,102,5.4-hierarchy_level,,,,
SOMATOM_Force_IFU_VB30,sec_0171,102,5.4-parent_child,,,,
SOMATOM_Force_IFU_VB30,sec_0171,102,5.4-page_start_end,,,,
SOMATOM_Force_IFU_VB30,sec_0171,102,5.4-hierarchy_path,,,,
SOMATOM_Force_IFU_VB30,sec_0171,102,5.4-gaps_duplicates,,,,
SOMATOM_Force_IFU_VB30,sec_0171,102,5.4-flagged_for_review,,,,
SOMATOM_Force_IFU_VB30,sec_0171,102,5.4-structural_source,,,,
SOMATOM_Force_IFU_VB30,sec_0171,102,5.6-numbering_scheme,,,,
SOMATOM_Force_IFU_VB30,sec_0171,102,5.6-offset_applied,,,,
SOMATOM_Force_IFU_VB30,sec_0171,102,5.5-filters_discarding,,,,
SOMATOM_Force_IFU_VB30,sec_0171,102,5.5-filters_passing_noise,,,,
SOMATOM_Force_IFU_VB30,sec_0171,102,5.5-image_section_mapping,,,,
SOMATOM_Force_IFU_VB30,sec_0172,103,5.4-hierarchy_level,,,,
SOMATOM_Force_IFU_VB30,sec_0172,103,5.4-parent_child,,,,
SOMATOM_Force_IFU_VB30,sec_0172,103,5.4-page_start_end,,,,
SOMATOM_Force_IFU_VB30,sec_0172,103,5.4-hierarchy_path,,,,
SOMATOM_Force_IFU_VB30,sec_0172,103,5.4-gaps_duplicates,,,,
SOMATOM_Force_IFU_VB30,sec_0172,103,5.4-flagged_for_review,,,,
SOMATOM_Force_IFU_VB30,sec_0172,103,5.4-structural_source,,,,
SOMATOM_Force_IFU_VB30,sec_0172,103,5.6-numbering_scheme,,,,
SOMATOM_Force_IFU_VB30,sec_0172,103,5.6-offset_applied,,,,
SOMATOM_Force_IFU_VB30,sec_0172,103,5.5-filters_discarding,,,,
SOMATOM_Force_IFU_VB30,sec_0172,103,5.5-filters_passing_noise,,,,
SOMATOM_Force_IFU_VB30,sec_0172,103,5.5-image_section_mapping,,,,
SOMATOM_Force_IFU_VB30,sec_0185,109,5.4-hierarchy_level,,,,
SOMATOM_Force_IFU_VB30,sec_0185,109,5.4-parent_child,,,,
SOMATOM_Force_IFU_VB30,sec_0185,109,5.4-page_start_end,,,,
SOMATOM_Force_IFU_VB30,sec_0185,109,5.4-hierarchy_path,,,,
SOMATOM_Force_IFU_VB30,sec_0185,109,5.4-gaps_duplicates,,,,
SOMATOM_Force_IFU_VB30,sec_0185,109,5.4-flagged_for_review,,,,
SOMATOM_Force_IFU_VB30,sec_0185,109,5.4-structural_source,,,,
SOMATOM_Force_IFU_VB30,sec_0185,109,5.6-numbering_scheme,,,,
SOMATOM_Force_IFU_VB30,sec_0185,109,5.6-offset_applied,,,,
SOMATOM_Force_IFU_VB30,sec_0185,109,5.5-filters_discarding,,,,
SOMATOM_Force_IFU_VB30,sec_0185,109,5.5-filters_passing_noise,,,,
SOMATOM_Force_IFU_VB30,sec_0185,109,5.5-image_section_mapping,,,,
SOMATOM_Force_IFU_VB30,sec_0188,110,5.4-hierarchy_level,,,,
SOMATOM_Force_IFU_VB30,sec_0188,110,5.4-parent_child,,,,
SOMATOM_Force_IFU_VB30,sec_0188,110,5.4-page_start_end,,,,
SOMATOM_Force_IFU_VB30,sec_0188,110,5.4-hierarchy_path,,,,
SOMATOM_Force_IFU_VB30,sec_0188,110,5.4-gaps_duplicates,,,,
SOMATOM_Force_IFU_VB30,sec_0188,110,5.4-flagged_for_review,,,,
SOMATOM_Force_IFU_VB30,sec_0188,110,5.4-structural_source,,,,
SOMATOM_Force_IFU_VB30,sec_0188,110,5.6-numbering_scheme,,,,
SOMATOM_Force_IFU_VB30,sec_0188,110,5.6-offset_applied,,,,
SOMATOM_Force_IFU_VB30,sec_0188,110,5.5-filters_discarding,,,,
SOMATOM_Force_IFU_VB30,sec_0188,110,5.5-filters_passing_noise,,,,
SOMATOM_Force_IFU_VB30,sec_0188,110,5.5-image_section_mapping,,,,
SOMATOM_Force_IFU_VB30,sec_0195,114,5.4-hierarchy_level,,,,
SOMATOM_Force_IFU_VB30,sec_0195,114,5.4-parent_child,,,,
SOMATOM_Force_IFU_VB30,sec_0195,114,5.4-page_start_end,,,,
SOMATOM_Force_IFU_VB30,sec_0195,114,5.4-hierarchy_path,,,,
SOMATOM_Force_IFU_VB30,sec_0195,114,5.4-gaps_duplicates,,,,
SOMATOM_Force_IFU_VB30,sec_0195,114,5.4-flagged_for_review,,,,
SOMATOM_Force_IFU_VB30,sec_0195,114,5.4-structural_source,,,,
SOMATOM_Force_IFU_VB30,sec_0195,114,5.6-numbering_scheme,,,,
SOMATOM_Force_IFU_VB30,sec_0195,114,5.6-offset_applied,,,,
SOMATOM_Force_IFU_VB30,sec_0195,114,5.5-filters_discarding,,,,
SOMATOM_Force_IFU_VB30,sec_0195,114,5.5-filters_passing_noise,,,,
SOMATOM_Force_IFU_VB30,sec_0195,114,5.5-image_section_mapping,,,,
SOMATOM_Force_IFU_VB30,sec_0203,117,5.4-hierarchy_level,,,,
SOMATOM_Force_IFU_VB30,sec_0203,117,5.4-parent_child,,,,
SOMATOM_Force_IFU_VB30,sec_0203,117,5.4-page_start_end,,,,
SOMATOM_Force_IFU_VB30,sec_0203,117,5.4-hierarchy_path,,,,
SOMATOM_Force_IFU_VB30,sec_0203,117,5.4-gaps_duplicates,,,,
SOMATOM_Force_IFU_VB30,sec_0203,117,5.4-flagged_for_review,,,,
SOMATOM_Force_IFU_VB30,sec_0203,117,5.4-structural_source,,,,
SOMATOM_Force_IFU_VB30,sec_0203,117,5.6-numbering_scheme,,,,
SOMATOM_Force_IFU_VB30,sec_0203,117,5.6-offset_applied,,,,
SOMATOM_Force_IFU_VB30,sec_0203,117,5.6-table_content,,,,
SOMATOM_Force_IFU_VB30,sec_0203,117,5.5-filters_discarding,,,,
SOMATOM_Force_IFU_VB30,sec_0203,117,5.5-filters_passing_noise,,,,
SOMATOM_Force_IFU_VB30,sec_0203,117,5.5-image_section_mapping,,,,
SOMATOM_Force_IFU_VB30,sec_0208,121,5.4-hierarchy_level,,,,
SOMATOM_Force_IFU_VB30,sec_0208,121,5.4-parent_child,,,,
SOMATOM_Force_IFU_VB30,sec_0208,121,5.4-page_start_end,,,,
SOMATOM_Force_IFU_VB30,sec_0208,121,5.4-hierarchy_path,,,,
SOMATOM_Force_IFU_VB30,sec_0208,121,5.4-gaps_duplicates,,,,
SOMATOM_Force_IFU_VB30,sec_0208,121,5.4-flagged_for_review,,,,
SOMATOM_Force_IFU_VB30,sec_0208,121,5.4-structural_source,,,,
SOMATOM_Force_IFU_VB30,sec_0208,121,5.6-numbering_scheme,,,,
SOMATOM_Force_IFU_VB30,sec_0208,121,5.6-offset_applied,,,,
SOMATOM_Force_IFU_VB30,sec_0208,121,5.5-filters_discarding,,,,
SOMATOM_Force_IFU_VB30,sec_0208,121,5.5-filters_passing_noise,,,,
SOMATOM_Force_IFU_VB30,sec_0208,121,5.5-image_section_mapping,,,,
SOMATOM_Force_IFU_VB30,sec_0213,124,5.4-hierarchy_level,,,,
SOMATOM_Force_IFU_VB30,sec_0213,124,5.4-parent_child,,,,
SOMATOM_Force_IFU_VB30,sec_0213,124,5.4-page_start_end,,,,
SOMATOM_Force_IFU_VB30,sec_0213,124,5.4-hierarchy_path,,,,
SOMATOM_Force_IFU_VB30,sec_0213,124,5.4-gaps_duplicates,,,,
SOMATOM_Force_IFU_VB30,sec_0213,124,5.4-flagged_for_review,,,,
SOMATOM_Force_IFU_VB30,sec_0213,124,5.4-structural_source,,,,
SOMATOM_Force_IFU_VB30,sec_0213,124,5.6-numbering_scheme,,,,
SOMATOM_Force_IFU_VB30,sec_0213,124,5.6-offset_applied,,,,
SOMATOM_Force_IFU_VB30,sec_0213,124,5.5-filters_discarding,,,,
SOMATOM_Force_IFU_VB30,sec_0213,124,5.5-filters_passing_noise,,,,
SOMATOM_Force_IFU_VB30,sec_0213,124,5.5-image_section_mapping,,,,
SOMATOM_Force_IFU_VB30,sec_0214,125,5.4-hierarchy_level,,,,
SOMATOM_Force_IFU_VB30,sec_0214,125,5.4-parent_child,,,,
SOMATOM_Force_IFU_VB30,sec_0214,125,5.4-page_start_end,,,,
SOMATOM_Force_IFU_VB30,sec_0214,125,5.4-hierarchy_path,,,,
SOMATOM_Force_IFU_VB30,sec_0214,125,5.4-gaps_duplicates,,,,
SOMATOM_Force_IFU_VB30,sec_0214,125,5.4-flagged_for_review,,,,
SOMATOM_Force_IFU_VB30,sec_0214,125,5.4-structural_source,,,,
SOMATOM_Force_IFU_VB30,sec_0214,125,5.6-numbering_scheme,,,,
SOMATOM_Force_IFU_VB30,sec_0214,125,5.6-offset_applied,,,,
SOMATOM_Force_IFU_VB30,sec_0214,125,5.5-filters_discarding,,,,
SOMATOM_Force_IFU_VB30,sec_0214,125,5.5-filters_passing_noise,,,,
SOMATOM_Force_IFU_VB30,sec_0214,125,5.5-image_section_mapping,,,,
SOMATOM_Force_IFU_VB30,sec_0217,128,5.4-hierarchy_level,,,,
SOMATOM_Force_IFU_VB30,sec_0217,128,5.4-parent_child,,,,
SOMATOM_Force_IFU_VB30,sec_0217,128,5.4-page_start_end,,,,
SOMATOM_Force_IFU_VB30,sec_0217,128,5.4-hierarchy_path,,,,
SOMATOM_Force_IFU_VB30,sec_0217,128,5.4-gaps_duplicates,,,,
SOMATOM_Force_IFU_VB30,sec_0217,128,5.4-flagged_for_review,,,,
SOMATOM_Force_IFU_VB30,sec_0217,128,5.4-structural_source,,,,
SOMATOM_Force_IFU_VB30,sec_0217,128,5.6-numbering_scheme,,,,
SOMATOM_Force_IFU_VB30,sec_0217,128,5.6-offset_applied,,,,
SOMATOM_Force_IFU_VB30,sec_0217,128,5.5-filters_discarding,,,,
SOMATOM_Force_IFU_VB30,sec_0217,128,5.5-filters_passing_noise,,,,
SOMATOM_Force_IFU_VB30,sec_0217,128,5.5-image_section_mapping,,,,
SOMATOM_Force_IFU_VB30,sec_0234,134,5.4-hierarchy_level,,,,
SOMATOM_Force_IFU_VB30,sec_0234,134,5.4-parent_child,,,,
SOMATOM_Force_IFU_VB30,sec_0234,134,5.4-page_start_end,,,,
SOMATOM_Force_IFU_VB30,sec_0234,134,5.4-hierarchy_path,,,,
SOMATOM_Force_IFU_VB30,sec_0234,134,5.4-gaps_duplicates,,,,
SOMATOM_Force_IFU_VB30,sec_0234,134,5.4-flagged_for_review,,,,
SOMATOM_Force_IFU_VB30,sec_0234,134,5.4-structural_source,,,,
SOMATOM_Force_IFU_VB30,sec_0234,134,5.6-numbering_scheme,,,,
SOMATOM_Force_IFU_VB30,sec_0234,134,5.6-offset_applied,,,,
SOMATOM_Force_IFU_VB30,sec_0234,134,5.5-filters_discarding,,,,
SOMATOM_Force_IFU_VB30,sec_0234,134,5.5-filters_passing_noise,,,,
SOMATOM_Force_IFU_VB30,sec_0234,134,5.5-image_section_mapping,,,,
SOMATOM_Force_IFU_VB30,sec_0240,136,5.4-hierarchy_level,,,,
SOMATOM_Force_IFU_VB30,sec_0240,136,5.4-parent_child,,,,
SOMATOM_Force_IFU_VB30,sec_0240,136,5.4-page_start_end,,,,
SOMATOM_Force_IFU_VB30,sec_0240,136,5.4-hierarchy_path,,,,
SOMATOM_Force_IFU_VB30,sec_0240,136,5.4-gaps_duplicates,,,,
SOMATOM_Force_IFU_VB30,sec_0240,136,5.4-flagged_for_review,,,,
SOMATOM_Force_IFU_VB30,sec_0240,136,5.4-structural_source,,,,
SOMATOM_Force_IFU_VB30,sec_0240,136,5.6-numbering_scheme,,,,
SOMATOM_Force_IFU_VB30,sec_0240,136,5.6-offset_applied,,,,
SOMATOM_Force_IFU_VB30,sec_0240,136,5.5-filters_discarding,,,,
SOMATOM_Force_IFU_VB30,sec_0240,136,5.5-filters_passing_noise,,,,
SOMATOM_Force_IFU_VB30,sec_0240,136,5.5-image_section_mapping,,,,
SOMATOM_Force_IFU_VB30,sec_0269,151,5.4-hierarchy_level,,,,
SOMATOM_Force_IFU_VB30,sec_0269,151,5.4-parent_child,,,,
SOMATOM_Force_IFU_VB30,sec_0269,151,5.4-page_start_end,,,,
SOMATOM_Force_IFU_VB30,sec_0269,151,5.4-hierarchy_path,,,,
SOMATOM_Force_IFU_VB30,sec_0269,151,5.4-gaps_duplicates,,,,
SOMATOM_Force_IFU_VB30,sec_0269,151,5.4-flagged_for_review,,,,
SOMATOM_Force_IFU_VB30,sec_0269,151,5.4-structural_source,,,,
SOMATOM_Force_IFU_VB30,sec_0269,151,5.6-numbering_scheme,,,,
SOMATOM_Force_IFU_VB30,sec_0269,151,5.6-offset_applied,,,,
SOMATOM_Force_IFU_VB30,sec_0269,151,5.5-filters_discarding,,,,
SOMATOM_Force_IFU_VB30,sec_0269,151,5.5-filters_passing_noise,,,,
SOMATOM_Force_IFU_VB30,sec_0269,151,5.5-image_section_mapping,,,,
SOMATOM_Force_IFU_VB30,sec_0270,152,5.4-hierarchy_level,,,,
SOMATOM_Force_IFU_VB30,sec_0270,152,5.4-parent_child,,,,
SOMATOM_Force_IFU_VB30,sec_0270,152,5.4-page_start_end,,,,
SOMATOM_Force_IFU_VB30,sec_0270,152,5.4-hierarchy_path,,,,
SOMATOM_Force_IFU_VB30,sec_0270,152,5.4-gaps_duplicates,,,,
SOMATOM_Force_IFU_VB30,sec_0270,152,5.4-flagged_for_review,,,,
SOMATOM_Force_IFU_VB30,sec_0270,152,5.4-structural_source,,,,
SOMATOM_Force_IFU_VB30,sec_0270,152,5.6-numbering_scheme,,,,
SOMATOM_Force_IFU_VB30,sec_0270,152,5.6-offset_applied,,,,
SOMATOM_Force_IFU_VB30,sec_0270,152,5.5-filters_discarding,,,,
SOMATOM_Force_IFU_VB30,sec_0270,152,5.5-filters_passing_noise,,,,
SOMATOM_Force_IFU_VB30,sec_0270,152,5.5-image_section_mapping,,,,
SOMATOM_Force_IFU_VB30,sec_0273,153,5.4-hierarchy_level,,,,
SOMATOM_Force_IFU_VB30,sec_0273,153,5.4-parent_child,,,,
SOMATOM_Force_IFU_VB30,sec_0273,153,5.4-page_start_end,,,,
SOMATOM_Force_IFU_VB30,sec_0273,153,5.4-hierarchy_path,,,,
SOMATOM_Force_IFU_VB30,sec_0273,153,5.4-gaps_duplicates,,,,
SOMATOM_Force_IFU_VB30,sec_0273,153,5.4-flagged_for_review,,,,
SOMATOM_Force_IFU_VB30,sec_0273,153,5.4-structural_source,,,,
SOMATOM_Force_IFU_VB30,sec_0273,153,5.6-numbering_scheme,,,,
SOMATOM_Force_IFU_VB30,sec_0273,153,5.6-offset_applied,,,,
SOMATOM_Force_IFU_VB30,sec_0273,153,5.5-filters_discarding,,,,
SOMATOM_Force_IFU_VB30,sec_0273,153,5.5-filters_passing_noise,,,,
SOMATOM_Force_IFU_VB30,sec_0273,153,5.5-image_section_mapping,,,,
SOMATOM_Force_IFU_VB30,sec_0309,169,5.4-hierarchy_level,,,,
SOMATOM_Force_IFU_VB30,sec_0309,169,5.4-parent_child,,,,
SOMATOM_Force_IFU_VB30,sec_0309,169,5.4-page_start_end,,,,
SOMATOM_Force_IFU_VB30,sec_0309,169,5.4-hierarchy_path,,,,
SOMATOM_Force_IFU_VB30,sec_0309,169,5.4-gaps_duplicates,,,,
SOMATOM_Force_IFU_VB30,sec_0309,169,5.4-flagged_for_review,,,,
SOMATOM_Force_IFU_VB30,sec_0309,169,5.4-structural_source,,,,
SOMATOM_Force_IFU_VB30,sec_0309,169,5.6-numbering_scheme,,,,
SOMATOM_Force_IFU_VB30,sec_0309,169,5.6-offset_applied,,,,
SOMATOM_Force_IFU_VB30,sec_0309,169,5.5-filters_discarding,,,,
SOMATOM_Force_IFU_VB30,sec_0309,169,5.5-filters_passing_noise,,,,
SOMATOM_Force_IFU_VB30,sec_0309,169,5.5-image_section_mapping,,,,
SOMATOM_Force_IFU_VB30,sec_0350,175,5.4-hierarchy_level,,,,
SOMATOM_Force_IFU_VB30,sec_0350,175,5.4-parent_child,,,,
SOMATOM_Force_IFU_VB30,sec_0350,175,5.4-page_start_end,,,,
SOMATOM_Force_IFU_VB30,sec_0350,175,5.4-hierarchy_path,,,,
SOMATOM_Force_IFU_VB30,sec_0350,175,5.4-gaps_duplicates,,,,
SOMATOM_Force_IFU_VB30,sec_0350,175,5.4-flagged_for_review,,,,
SOMATOM_Force_IFU_VB30,sec_0350,175,5.4-structural_source,,,,
SOMATOM_Force_IFU_VB30,sec_0350,175,5.6-numbering_scheme,,,,
SOMATOM_Force_IFU_VB30,sec_0350,175,5.6-offset_applied,,,,
SOMATOM_Force_IFU_VB30,sec_0350,175,5.5-filters_discarding,,,,
SOMATOM_Force_IFU_VB30,sec_0350,175,5.5-filters_passing_noise,,,,
SOMATOM_Force_IFU_VB30,sec_0350,175,5.5-image_section_mapping,,,,
SOMATOM_Force_IFU_VB30,sec_0353,177,5.4-hierarchy_level,,,,
SOMATOM_Force_IFU_VB30,sec_0353,177,5.4-parent_child,,,,
SOMATOM_Force_IFU_VB30,sec_0353,177,5.4-page_start_end,,,,
SOMATOM_Force_IFU_VB30,sec_0353,177,5.4-hierarchy_path,,,,
SOMATOM_Force_IFU_VB30,sec_0353,177,5.4-gaps_duplicates,,,,
SOMATOM_Force_IFU_VB30,sec_0353,177,5.4-flagged_for_review,,,,
SOMATOM_Force_IFU_VB30,sec_0353,177,5.4-structural_source,,,,
SOMATOM_Force_IFU_VB30,sec_0353,177,5.6-numbering_scheme,,,,
SOMATOM_Force_IFU_VB30,sec_0353,177,5.6-offset_applied,,,,
SOMATOM_Force_IFU_VB30,sec_0353,177,5.5-filters_discarding,,,,
SOMATOM_Force_IFU_VB30,sec_0353,177,5.5-filters_passing_noise,,,,
SOMATOM_Force_IFU_VB30,sec_0353,177,5.5-image_section_mapping,,,,
SOMATOM_Force_IFU_VB30,sec_0355,178,5.4-hierarchy_level,,,,
SOMATOM_Force_IFU_VB30,sec_0355,178,5.4-parent_child,,,,
SOMATOM_Force_IFU_VB30,sec_0355,178,5.4-page_start_end,,,,
SOMATOM_Force_IFU_VB30,sec_0355,178,5.4-hierarchy_path,,,,
SOMATOM_Force_IFU_VB30,sec_0355,178,5.4-gaps_duplicates,,,,
SOMATOM_Force_IFU_VB30,sec_0355,178,5.4-flagged_for_review,,,,
SOMATOM_Force_IFU_VB30,sec_0355,178,5.4-structural_source,,,,
SOMATOM_Force_IFU_VB30,sec_0355,178,5.6-numbering_scheme,,,,
SOMATOM_Force_IFU_VB30,sec_0355,178,5.6-offset_applied,,,,
SOMATOM_Force_IFU_VB30,sec_0355,178,5.5-filters_discarding,,,,
SOMATOM_Force_IFU_VB30,sec_0355,178,5.5-filters_passing_noise,,,,
SOMATOM_Force_IFU_VB30,sec_0355,178,5.5-image_section_mapping,,,,
SOMATOM_Force_IFU_VB30,sec_0358,179,5.4-hierarchy_level,,,,
SOMATOM_Force_IFU_VB30,sec_0358,179,5.4-parent_child,,,,
SOMATOM_Force_IFU_VB30,sec_0358,179,5.4-page_start_end,,,,
SOMATOM_Force_IFU_VB30,sec_0358,179,5.4-hierarchy_path,,,,
SOMATOM_Force_IFU_VB30,sec_0358,179,5.4-gaps_duplicates,,,,
SOMATOM_Force_IFU_VB30,sec_0358,179,5.4-flagged_for_review,,,,
SOMATOM_Force_IFU_VB30,sec_0358,179,5.4-structural_source,,,,
SOMATOM_Force_IFU_VB30,sec_0358,179,5.6-numbering_scheme,,,,
SOMATOM_Force_IFU_VB30,sec_0358,179,5.6-offset_applied,,,,
SOMATOM_Force_IFU_VB30,sec_0358,179,5.5-filters_discarding,,,,
SOMATOM_Force_IFU_VB30,sec_0358,179,5.5-filters_passing_noise,,,,
SOMATOM_Force_IFU_VB30,sec_0358,179,5.5-image_section_mapping,,,,
SOMATOM_Force_IFU_VB30,sec_0368,182,5.4-hierarchy_level,,,,
SOMATOM_Force_IFU_VB30,sec_0368,182,5.4-parent_child,,,,
SOMATOM_Force_IFU_VB30,sec_0368,182,5.4-page_start_end,,,,
SOMATOM_Force_IFU_VB30,sec_0368,182,5.4-hierarchy_path,,,,
SOMATOM_Force_IFU_VB30,sec_0368,182,5.4-gaps_duplicates,,,,
SOMATOM_Force_IFU_VB30,sec_0368,182,5.4-flagged_for_review,,,,
SOMATOM_Force_IFU_VB30,sec_0368,182,5.4-structural_source,,,,
SOMATOM_Force_IFU_VB30,sec_0368,182,5.6-numbering_scheme,,,,
SOMATOM_Force_IFU_VB30,sec_0368,182,5.6-offset_applied,,,,
SOMATOM_Force_IFU_VB30,sec_0368,182,5.5-filters_discarding,,,,
SOMATOM_Force_IFU_VB30,sec_0368,182,5.5-filters_passing_noise,,,,
SOMATOM_Force_IFU_VB30,sec_0368,182,5.5-image_section_mapping,,,,
SOMATOM_Force_IFU_VB30,sec_0373,184,5.4-hierarchy_level,,,,
SOMATOM_Force_IFU_VB30,sec_0373,184,5.4-parent_child,,,,
SOMATOM_Force_IFU_VB30,sec_0373,184,5.4-page_start_end,,,,
SOMATOM_Force_IFU_VB30,sec_0373,184,5.4-hierarchy_path,,,,
SOMATOM_Force_IFU_VB30,sec_0373,184,5.4-gaps_duplicates,,,,
SOMATOM_Force_IFU_VB30,sec_0373,184,5.4-flagged_for_review,,,,
SOMATOM_Force_IFU_VB30,sec_0373,184,5.4-structural_source,,,,
SOMATOM_Force_IFU_VB30,sec_0373,184,5.6-numbering_scheme,,,,
SOMATOM_Force_IFU_VB30,sec_0373,184,5.6-offset_applied,,,,
SOMATOM_Force_IFU_VB30,sec_0373,184,5.5-filters_discarding,,,,
SOMATOM_Force_IFU_VB30,sec_0373,184,5.5-filters_passing_noise,,,,
SOMATOM_Force_IFU_VB30,sec_0373,184,5.5-image_section_mapping,,,,
SOMATOM_Force_IFU_VB30,sec_0393,194,5.4-hierarchy_level,,,,
SOMATOM_Force_IFU_VB30,sec_0393,194,5.4-parent_child,,,,
SOMATOM_Force_IFU_VB30,sec_0393,194,5.4-page_start_end,,,,
SOMATOM_Force_IFU_VB30,sec_0393,194,5.4-hierarchy_path,,,,
SOMATOM_Force_IFU_VB30,sec_0393,194,5.4-gaps_duplicates,,,,
SOMATOM_Force_IFU_VB30,sec_0393,194,5.4-flagged_for_review,,,,
SOMATOM_Force_IFU_VB30,sec_0393,194,5.4-structural_source,,,,
SOMATOM_Force_IFU_VB30,sec_0393,194,5.6-numbering_scheme,,,,
SOMATOM_Force_IFU_VB30,sec_0393,194,5.6-offset_applied,,,,
SOMATOM_Force_IFU_VB30,sec_0393,194,5.5-filters_discarding,,,,
SOMATOM_Force_IFU_VB30,sec_0393,194,5.5-filters_passing_noise,,,,
SOMATOM_Force_IFU_VB30,sec_0393,194,5.5-image_section_mapping,,,,
SOMATOM_Force_IFU_VB30,sec_0396,196,5.4-hierarchy_level,,,,
SOMATOM_Force_IFU_VB30,sec_0396,196,5.4-parent_child,,,,
SOMATOM_Force_IFU_VB30,sec_0396,196,5.4-page_start_end,,,,
SOMATOM_Force_IFU_VB30,sec_0396,196,5.4-hierarchy_path,,,,
SOMATOM_Force_IFU_VB30,sec_0396,196,5.4-gaps_duplicates,,,,
SOMATOM_Force_IFU_VB30,sec_0396,196,5.4-flagged_for_review,,,,
SOMATOM_Force_IFU_VB30,sec_0396,196,5.4-structural_source,,,,
SOMATOM_Force_IFU_VB30,sec_0396,196,5.6-numbering_scheme,,,,
SOMATOM_Force_IFU_VB30,sec_0396,196,5.6-offset_applied,,,,
SOMATOM_Force_IFU_VB30,sec_0396,196,5.5-filters_discarding,,,,
SOMATOM_Force_IFU_VB30,sec_0396,196,5.5-filters_passing_noise,,,,
SOMATOM_Force_IFU_VB30,sec_0396,196,5.5-image_section_mapping,,,,
SOMATOM_Force_IFU_VB30,sec_0397,197,5.4-hierarchy_level,,,,
SOMATOM_Force_IFU_VB30,sec_0397,197,5.4-parent_child,,,,
SOMATOM_Force_IFU_VB30,sec_0397,197,5.4-page_start_end,,,,
SOMATOM_Force_IFU_VB30,sec_0397,197,5.4-hierarchy_path,,,,
SOMATOM_Force_IFU_VB30,sec_0397,197,5.4-gaps_duplicates,,,,
SOMATOM_Force_IFU_VB30,sec_0397,197,5.4-flagged_for_review,,,,
SOMATOM_Force_IFU_VB30,sec_0397,197,5.4-structural_source,,,,
SOMATOM_Force_IFU_VB30,sec_0397,197,5.6-numbering_scheme,,,,
SOMATOM_Force_IFU_VB30,sec_0397,197,5.6-offset_applied,,,,
SOMATOM_Force_IFU_VB30,sec_0397,197,5.5-filters_discarding,,,,
SOMATOM_Force_IFU_VB30,sec_0397,197,5.5-filters_passing_noise,,,,
SOMATOM_Force_IFU_VB30,sec_0397,197,5.5-image_section_mapping,,,,
SOMATOM_Force_IFU_VB30,sec_0398,198,5.4-hierarchy_level,,,,
SOMATOM_Force_IFU_VB30,sec_0398,198,5.4-parent_child,,,,
SOMATOM_Force_IFU_VB30,sec_0398,198,5.4-page_start_end,,,,
SOMATOM_Force_IFU_VB30,sec_0398,198,5.4-hierarchy_path,,,,
SOMATOM_Force_IFU_VB30,sec_0398,198,5.4-gaps_duplicates,,,,
SOMATOM_Force_IFU_VB30,sec_0398,198,5.4-flagged_for_review,,,,
SOMATOM_Force_IFU_VB30,sec_0398,198,5.4-structural_source,,,,
SOMATOM_Force_IFU_VB30,sec_0398,198,5.6-numbering_scheme,,,,
SOMATOM_Force_IFU_VB30,sec_0398,198,5.6-offset_applied,,,,
SOMATOM_Force_IFU_VB30,sec_0398,198,5.5-filters_discarding,,,,
SOMATOM_Force_IFU_VB30,sec_0398,198,5.5-filters_passing_noise,,,,
SOMATOM_Force_IFU_VB30,sec_0398,198,5.5-image_section_mapping,,,,
SOMATOM_Force_IFU_VB30,sec_0431,214,5.4-hierarchy_level,,,,
SOMATOM_Force_IFU_VB30,sec_0431,214,5.4-parent_child,,,,
SOMATOM_Force_IFU_VB30,sec_0431,214,5.4-page_start_end,,,,
SOMATOM_Force_IFU_VB30,sec_0431,214,5.4-hierarchy_path,,,,
SOMATOM_Force_IFU_VB30,sec_0431,214,5.4-gaps_duplicates,,,,
SOMATOM_Force_IFU_VB30,sec_0431,214,5.4-flagged_for_review,,,,
SOMATOM_Force_IFU_VB30,sec_0431,214,5.4-structural_source,,,,
SOMATOM_Force_IFU_VB30,sec_0431,214,5.6-numbering_scheme,,,,
SOMATOM_Force_IFU_VB30,sec_0431,214,5.6-offset_applied,,,,
SOMATOM_Force_IFU_VB30,sec_0431,214,5.5-filters_discarding,,,,
SOMATOM_Force_IFU_VB30,sec_0431,214,5.5-filters_passing_noise,,,,
SOMATOM_Force_IFU_VB30,sec_0431,214,5.5-image_section_mapping,,,,
SOMATOM_Force_IFU_VB30,sec_0435,215,5.4-hierarchy_level,,,,
SOMATOM_Force_IFU_VB30,sec_0435,215,5.4-parent_child,,,,
SOMATOM_Force_IFU_VB30,sec_0435,215,5.4-page_start_end,,,,
SOMATOM_Force_IFU_VB30,sec_0435,215,5.4-hierarchy_path,,,,
SOMATOM_Force_IFU_VB30,sec_0435,215,5.4-gaps_duplicates,,,,
SOMATOM_Force_IFU_VB30,sec_0435,215,5.4-flagged_for_review,,,,
SOMATOM_Force_IFU_VB30,sec_0435,215,5.4-structural_source,,,,
SOMATOM_Force_IFU_VB30,sec_0435,215,5.6-numbering_scheme,,,,
SOMATOM_Force_IFU_VB30,sec_0435,215,5.6-offset_applied,,,,
SOMATOM_Force_IFU_VB30,sec_0435,215,5.5-filters_discarding,,,,
SOMATOM_Force_IFU_VB30,sec_0435,215,5.5-filters_passing_noise,,,,
SOMATOM_Force_IFU_VB30,sec_0435,215,5.5-image_section_mapping,,,,
SOMATOM_Force_IFU_VB30,sec_0489,234,5.4-hierarchy_level,,,,
SOMATOM_Force_IFU_VB30,sec_0489,234,5.4-parent_child,,,,
SOMATOM_Force_IFU_VB30,sec_0489,234,5.4-page_start_end,,,,
SOMATOM_Force_IFU_VB30,sec_0489,234,5.4-hierarchy_path,,,,
SOMATOM_Force_IFU_VB30,sec_0489,234,5.4-gaps_duplicates,,,,
SOMATOM_Force_IFU_VB30,sec_0489,234,5.4-flagged_for_review,,,,
SOMATOM_Force_IFU_VB30,sec_0489,234,5.4-structural_source,,,,
SOMATOM_Force_IFU_VB30,sec_0489,234,5.6-numbering_scheme,,,,
SOMATOM_Force_IFU_VB30,sec_0489,234,5.6-offset_applied,,,,
SOMATOM_Force_IFU_VB30,sec_0489,234,5.5-filters_discarding,,,,
SOMATOM_Force_IFU_VB30,sec_0489,234,5.5-filters_passing_noise,,,,
SOMATOM_Force_IFU_VB30,sec_0489,234,5.5-image_section_mapping,,,,
SOMATOM_Force_IFU_VB30,sec_0518,248,5.4-hierarchy_level,,,,
SOMATOM_Force_IFU_VB30,sec_0518,248,5.4-parent_child,,,,
SOMATOM_Force_IFU_VB30,sec_0518,248,5.4-page_start_end,,,,
SOMATOM_Force_IFU_VB30,sec_0518,248,5.4-hierarchy_path,,,,
SOMATOM_Force_IFU_VB30,sec_0518,248,5.4-gaps_duplicates,,,,
SOMATOM_Force_IFU_VB30,sec_0518,248,5.4-flagged_for_review,,,,
SOMATOM_Force_IFU_VB30,sec_0518,248,5.4-structural_source,,,,
SOMATOM_Force_IFU_VB30,sec_0518,248,5.6-numbering_scheme,,,,
SOMATOM_Force_IFU_VB30,sec_0518,248,5.6-offset_applied,,,,
SOMATOM_Force_IFU_VB30,sec_0518,248,5.5-filters_discarding,,,,
SOMATOM_Force_IFU_VB30,sec_0518,248,5.5-filters_passing_noise,,,,
SOMATOM_Force_IFU_VB30,sec_0518,248,5.5-image_section_mapping,,,,
SOMATOM_Force_IFU_VB30,sec_0523,251,5.4-hierarchy_level,,,,
SOMATOM_Force_IFU_VB30,sec_0523,251,5.4-parent_child,,,,
SOMATOM_Force_IFU_VB30,sec_0523,251,5.4-page_start_end,,,,
SOMATOM_Force_IFU_VB30,sec_0523,251,5.4-hierarchy_path,,,,
SOMATOM_Force_IFU_VB30,sec_0523,251,5.4-gaps_duplicates,,,,
SOMATOM_Force_IFU_VB30,sec_0523,251,5.4-flagged_for_review,,,,
SOMATOM_Force_IFU_VB30,sec_0523,251,5.4-structural_source,,,,
SOMATOM_Force_IFU_VB30,sec_0523,251,5.6-numbering_scheme,,,,
SOMATOM_Force_IFU_VB30,sec_0523,251,5.6-offset_applied,,,,
SOMATOM_Force_IFU_VB30,sec_0523,251,5.5-filters_discarding,,,,
SOMATOM_Force_IFU_VB30,sec_0523,251,5.5-filters_passing_noise,,,,
SOMATOM_Force_IFU_VB30,sec_0523,251,5.5-image_section_mapping,,,,
SOMATOM_Force_IFU_VB30,sec_0531,255,5.4-hierarchy_level,,,,
SOMATOM_Force_IFU_VB30,sec_0531,255,5.4-parent_child,,,,
SOMATOM_Force_IFU_VB30,sec_0531,255,5.4-page_start_end,,,,
SOMATOM_Force_IFU_VB30,sec_0531,255,5.4-hierarchy_path,,,,
SOMATOM_Force_IFU_VB30,sec_0531,255,5.4-gaps_duplicates,,,,
SOMATOM_Force_IFU_VB30,sec_0531,255,5.4-flagged_for_review,,,,
SOMATOM_Force_IFU_VB30,sec_0531,255,5.4-structural_source,,,,
SOMATOM_Force_IFU_VB30,sec_0531,255,5.6-numbering_scheme,,,,
SOMATOM_Force_IFU_VB30,sec_0531,255,5.6-offset_applied,,,,
SOMATOM_Force_IFU_VB30,sec_0531,255,5.5-filters_discarding,,,,
SOMATOM_Force_IFU_VB30,sec_0531,255,5.5-filters_passing_noise,,,,
SOMATOM_Force_IFU_VB30,sec_0531,255,5.5-image_section_mapping,,,,
SOMATOM_Force_IFU_VB30,sec_0540,258,5.4-hierarchy_level,,,,
SOMATOM_Force_IFU_VB30,sec_0540,258,5.4-parent_child,,,,
SOMATOM_Force_IFU_VB30,sec_0540,258,5.4-page_start_end,,,,
SOMATOM_Force_IFU_VB30,sec_0540,258,5.4-hierarchy_path,,,,
SOMATOM_Force_IFU_VB30,sec_0540,258,5.4-gaps_duplicates,,,,
SOMATOM_Force_IFU_VB30,sec_0540,258,5.4-flagged_for_review,,,,
SOMATOM_Force_IFU_VB30,sec_0540,258,5.4-structural_source,,,,
SOMATOM_Force_IFU_VB30,sec_0540,258,5.6-numbering_scheme,,,,
SOMATOM_Force_IFU_VB30,sec_0540,258,5.6-offset_applied,,,,
SOMATOM_Force_IFU_VB30,sec_0540,258,5.5-filters_discarding,,,,
SOMATOM_Force_IFU_VB30,sec_0540,258,5.5-filters_passing_noise,,,,
SOMATOM_Force_IFU_VB30,sec_0540,258,5.5-image_section_mapping,,,,
SOMATOM_Force_IFU_VB30,sec_0546,262,5.4-hierarchy_level,,,,
SOMATOM_Force_IFU_VB30,sec_0546,262,5.4-parent_child,,,,
SOMATOM_Force_IFU_VB30,sec_0546,262,5.4-page_start_end,,,,
SOMATOM_Force_IFU_VB30,sec_0546,262,5.4-hierarchy_path,,,,
SOMATOM_Force_IFU_VB30,sec_0546,262,5.4-gaps_duplicates,,,,
SOMATOM_Force_IFU_VB30,sec_0546,262,5.4-flagged_for_review,,,,
SOMATOM_Force_IFU_VB30,sec_0546,262,5.4-structural_source,,,,
SOMATOM_Force_IFU_VB30,sec_0546,262,5.6-numbering_scheme,,,,
SOMATOM_Force_IFU_VB30,sec_0546,262,5.6-offset_applied,,,,
SOMATOM_Force_IFU_VB30,sec_0546,262,5.5-filters_discarding,,,,
SOMATOM_Force_IFU_VB30,sec_0546,262,5.5-filters_passing_noise,,,,
SOMATOM_Force_IFU_VB30,sec_0546,262,5.5-image_section_mapping,,,,
SOMATOM_Force_IFU_VB30,sec_0555,268,5.4-hierarchy_level,,,,
SOMATOM_Force_IFU_VB30,sec_0555,268,5.4-parent_child,,,,
SOMATOM_Force_IFU_VB30,sec_0555,268,5.4-page_start_end,,,,
SOMATOM_Force_IFU_VB30,sec_0555,268,5.4-hierarchy_path,,,,
SOMATOM_Force_IFU_VB30,sec_0555,268,5.4-gaps_duplicates,,,,
SOMATOM_Force_IFU_VB30,sec_0555,268,5.4-flagged_for_review,,,,
SOMATOM_Force_IFU_VB30,sec_0555,268,5.4-structural_source,,,,
SOMATOM_Force_IFU_VB30,sec_0555,268,5.6-numbering_scheme,,,,
SOMATOM_Force_IFU_VB30,sec_0555,268,5.6-offset_applied,,,,
SOMATOM_Force_IFU_VB30,sec_0555,268,5.5-filters_discarding,,,,
SOMATOM_Force_IFU_VB30,sec_0555,268,5.5-filters_passing_noise,,,,
SOMATOM_Force_IFU_VB30,sec_0555,268,5.5-image_section_mapping,,,,
SOMATOM_Force_IFU_VB30,sec_0562,274,5.4-hierarchy_level,,,,
SOMATOM_Force_IFU_VB30,sec_0562,274,5.4-parent_child,,,,
SOMATOM_Force_IFU_VB30,sec_0562,274,5.4-page_start_end,,,,
SOMATOM_Force_IFU_VB30,sec_0562,274,5.4-hierarchy_path,,,,
SOMATOM_Force_IFU_VB30,sec_0562,274,5.4-gaps_duplicates,,,,
SOMATOM_Force_IFU_VB30,sec_0562,274,5.4-flagged_for_review,,,,
SOMATOM_Force_IFU_VB30,sec_0562,274,5.4-structural_source,,,,
SOMATOM_Force_IFU_VB30,sec_0562,274,5.6-numbering_scheme,,,,
SOMATOM_Force_IFU_VB30,sec_0562,274,5.6-offset_applied,,,,
SOMATOM_Force_IFU_VB30,sec_0562,274,5.5-filters_discarding,,,,
SOMATOM_Force_IFU_VB30,sec_0562,274,5.5-filters_passing_noise,,,,
SOMATOM_Force_IFU_VB30,sec_0562,274,5.5-image_section_mapping,,,,
SOMATOM_Force_IFU_VB30,sec_0591,282,5.4-hierarchy_level,,,,
SOMATOM_Force_IFU_VB30,sec_0591,282,5.4-parent_child,,,,
SOMATOM_Force_IFU_VB30,sec_0591,282,5.4-page_start_end,,,,
SOMATOM_Force_IFU_VB30,sec_0591,282,5.4-hierarchy_path,,,,
SOMATOM_Force_IFU_VB30,sec_0591,282,5.4-gaps_duplicates,,,,
SOMATOM_Force_IFU_VB30,sec_0591,282,5.4-flagged_for_review,,,,
SOMATOM_Force_IFU_VB30,sec_0591,282,5.4-structural_source,,,,
SOMATOM_Force_IFU_VB30,sec_0591,282,5.6-numbering_scheme,,,,
SOMATOM_Force_IFU_VB30,sec_0591,282,5.6-offset_applied,,,,
SOMATOM_Force_IFU_VB30,sec_0591,282,5.5-filters_discarding,,,,
SOMATOM_Force_IFU_VB30,sec_0591,282,5.5-filters_passing_noise,,,,
SOMATOM_Force_IFU_VB30,sec_0591,282,5.5-image_section_mapping,,,,
SOMATOM_Force_IFU_VB30,sec_0600,286,5.4-hierarchy_level,,,,
SOMATOM_Force_IFU_VB30,sec_0600,286,5.4-parent_child,,,,
SOMATOM_Force_IFU_VB30,sec_0600,286,5.4-page_start_end,,,,
SOMATOM_Force_IFU_VB30,sec_0600,286,5.4-hierarchy_path,,,,
SOMATOM_Force_IFU_VB30,sec_0600,286,5.4-gaps_duplicates,,,,
SOMATOM_Force_IFU_VB30,sec_0600,286,5.4-flagged_for_review,,,,
SOMATOM_Force_IFU_VB30,sec_0600,286,5.4-structural_source,,,,
SOMATOM_Force_IFU_VB30,sec_0600,286,5.6-numbering_scheme,,,,
SOMATOM_Force_IFU_VB30,sec_0600,286,5.6-offset_applied,,,,
SOMATOM_Force_IFU_VB30,sec_0600,286,5.5-filters_discarding,,,,
SOMATOM_Force_IFU_VB30,sec_0600,286,5.5-filters_passing_noise,,,,
SOMATOM_Force_IFU_VB30,sec_0600,286,5.5-image_section_mapping,,,,
SOMATOM_Force_IFU_VB30,sec_0601,287,5.4-hierarchy_level,,,,
SOMATOM_Force_IFU_VB30,sec_0601,287,5.4-parent_child,,,,
SOMATOM_Force_IFU_VB30,sec_0601,287,5.4-page_start_end,,,,
SOMATOM_Force_IFU_VB30,sec_0601,287,5.4-hierarchy_path,,,,
SOMATOM_Force_IFU_VB30,sec_0601,287,5.4-gaps_duplicates,,,,
SOMATOM_Force_IFU_VB30,sec_0601,287,5.4-flagged_for_review,,,,
SOMATOM_Force_IFU_VB30,sec_0601,287,5.4-structural_source,,,,
SOMATOM_Force_IFU_VB30,sec_0601,287,5.6-numbering_scheme,,,,
SOMATOM_Force_IFU_VB30,sec_0601,287,5.6-offset_applied,,,,
SOMATOM_Force_IFU_VB30,sec_0601,287,5.5-filters_discarding,,,,
SOMATOM_Force_IFU_VB30,sec_0601,287,5.5-filters_passing_noise,,,,
SOMATOM_Force_IFU_VB30,sec_0601,287,5.5-image_section_mapping,,,,
SOMATOM_Force_IFU_VB30,sec_0612,291,5.4-hierarchy_level,,,,
SOMATOM_Force_IFU_VB30,sec_0612,291,5.4-parent_child,,,,
SOMATOM_Force_IFU_VB30,sec_0612,291,5.4-page_start_end,,,,
SOMATOM_Force_IFU_VB30,sec_0612,291,5.4-hierarchy_path,,,,
SOMATOM_Force_IFU_VB30,sec_0612,291,5.4-gaps_duplicates,,,,
SOMATOM_Force_IFU_VB30,sec_0612,291,5.4-flagged_for_review,,,,
SOMATOM_Force_IFU_VB30,sec_0612,291,5.4-structural_source,,,,
SOMATOM_Force_IFU_VB30,sec_0612,291,5.6-numbering_scheme,,,,
SOMATOM_Force_IFU_VB30,sec_0612,291,5.6-offset_applied,,,,
SOMATOM_Force_IFU_VB30,sec_0612,291,5.5-filters_discarding,,,,
SOMATOM_Force_IFU_VB30,sec_0612,291,5.5-filters_passing_noise,,,,
SOMATOM_Force_IFU_VB30,sec_0612,291,5.5-image_section_mapping,,,,
SOMATOM_Force_IFU_VB30,sec_0617,295,5.4-hierarchy_level,,,,
SOMATOM_Force_IFU_VB30,sec_0617,295,5.4-parent_child,,,,
SOMATOM_Force_IFU_VB30,sec_0617,295,5.4-page_start_end,,,,
SOMATOM_Force_IFU_VB30,sec_0617,295,5.4-hierarchy_path,,,,
SOMATOM_Force_IFU_VB30,sec_0617,295,5.4-gaps_duplicates,,,,
SOMATOM_Force_IFU_VB30,sec_0617,295,5.4-flagged_for_review,,,,
SOMATOM_Force_IFU_VB30,sec_0617,295,5.4-structural_source,,,,
SOMATOM_Force_IFU_VB30,sec_0617,295,5.6-numbering_scheme,,,,
SOMATOM_Force_IFU_VB30,sec_0617,295,5.6-offset_applied,,,,
SOMATOM_Force_IFU_VB30,sec_0617,295,5.5-filters_discarding,,,,
SOMATOM_Force_IFU_VB30,sec_0617,295,5.5-filters_passing_noise,,,,
SOMATOM_Force_IFU_VB30,sec_0617,295,5.5-image_section_mapping,,,,
SOMATOM_Force_IFU_VB30,sec_0625,302,5.4-hierarchy_level,,,,
SOMATOM_Force_IFU_VB30,sec_0625,302,5.4-parent_child,,,,
SOMATOM_Force_IFU_VB30,sec_0625,302,5.4-page_start_end,,,,
SOMATOM_Force_IFU_VB30,sec_0625,302,5.4-hierarchy_path,,,,
SOMATOM_Force_IFU_VB30,sec_0625,302,5.4-gaps_duplicates,,,,
SOMATOM_Force_IFU_VB30,sec_0625,302,5.4-flagged_for_review,,,,
SOMATOM_Force_IFU_VB30,sec_0625,302,5.4-structural_source,,,,
SOMATOM_Force_IFU_VB30,sec_0625,302,5.6-numbering_scheme,,,,
SOMATOM_Force_IFU_VB30,sec_0625,302,5.6-offset_applied,,,,
SOMATOM_Force_IFU_VB30,sec_0625,302,5.5-filters_discarding,,,,
SOMATOM_Force_IFU_VB30,sec_0625,302,5.5-filters_passing_noise,,,,
SOMATOM_Force_IFU_VB30,sec_0625,302,5.5-image_section_mapping,,,,
SOMATOM_Force_IFU_VB30,sec_0629,305,5.4-hierarchy_level,,,,
SOMATOM_Force_IFU_VB30,sec_0629,305,5.4-parent_child,,,,
SOMATOM_Force_IFU_VB30,sec_0629,305,5.4-page_start_end,,,,
SOMATOM_Force_IFU_VB30,sec_0629,305,5.4-hierarchy_path,,,,
SOMATOM_Force_IFU_VB30,sec_0629,305,5.4-gaps_duplicates,,,,
SOMATOM_Force_IFU_VB30,sec_0629,305,5.4-flagged_for_review,,,,
SOMATOM_Force_IFU_VB30,sec_0629,305,5.4-structural_source,,,,
SOMATOM_Force_IFU_VB30,sec_0629,305,5.6-numbering_scheme,,,,
SOMATOM_Force_IFU_VB30,sec_0629,305,5.6-offset_applied,,,,
SOMATOM_Force_IFU_VB30,sec_0629,305,5.5-filters_discarding,,,,
SOMATOM_Force_IFU_VB30,sec_0629,305,5.5-filters_passing_noise,,,,
SOMATOM_Force_IFU_VB30,sec_0629,305,5.5-image_section_mapping,,,,
SOMATOM_Force_IFU_VB30,sec_0636,309,5.4-hierarchy_level,,,,
SOMATOM_Force_IFU_VB30,sec_0636,309,5.4-parent_child,,,,
SOMATOM_Force_IFU_VB30,sec_0636,309,5.4-page_start_end,,,,
SOMATOM_Force_IFU_VB30,sec_0636,309,5.4-hierarchy_path,,,,
SOMATOM_Force_IFU_VB30,sec_0636,309,5.4-gaps_duplicates,,,,
SOMATOM_Force_IFU_VB30,sec_0636,309,5.4-flagged_for_review,,,,
SOMATOM_Force_IFU_VB30,sec_0636,309,5.4-structural_source,,,,
SOMATOM_Force_IFU_VB30,sec_0636,309,5.6-numbering_scheme,,,,
SOMATOM_Force_IFU_VB30,sec_0636,309,5.6-offset_applied,,,,
SOMATOM_Force_IFU_VB30,sec_0636,309,5.5-filters_discarding,,,,
SOMATOM_Force_IFU_VB30,sec_0636,309,5.5-filters_passing_noise,,,,
SOMATOM_Force_IFU_VB30,sec_0636,309,5.5-image_section_mapping,,,,
SOMATOM_Force_IFU_VB30,sec_0645,315,5.4-hierarchy_level,,,,
SOMATOM_Force_IFU_VB30,sec_0645,315,5.4-parent_child,,,,
SOMATOM_Force_IFU_VB30,sec_0645,315,5.4-page_start_end,,,,
SOMATOM_Force_IFU_VB30,sec_0645,315,5.4-hierarchy_path,,,,
SOMATOM_Force_IFU_VB30,sec_0645,315,5.4-gaps_duplicates,,,,
SOMATOM_Force_IFU_VB30,sec_0645,315,5.4-flagged_for_review,,,,
SOMATOM_Force_IFU_VB30,sec_0645,315,5.4-structural_source,,,,
SOMATOM_Force_IFU_VB30,sec_0645,315,5.6-numbering_scheme,,,,
SOMATOM_Force_IFU_VB30,sec_0645,315,5.6-offset_applied,,,,
SOMATOM_Force_IFU_VB30,sec_0645,315,5.5-filters_discarding,,,,
SOMATOM_Force_IFU_VB30,sec_0645,315,5.5-filters_passing_noise,,,,
SOMATOM_Force_IFU_VB30,sec_0645,315,5.5-image_section_mapping,,,,
SOMATOM_Force_IFU_VB30,sec_0651,320,5.4-hierarchy_level,,,,
SOMATOM_Force_IFU_VB30,sec_0651,320,5.4-parent_child,,,,
SOMATOM_Force_IFU_VB30,sec_0651,320,5.4-page_start_end,,,,
SOMATOM_Force_IFU_VB30,sec_0651,320,5.4-hierarchy_path,,,,
SOMATOM_Force_IFU_VB30,sec_0651,320,5.4-gaps_duplicates,,,,
SOMATOM_Force_IFU_VB30,sec_0651,320,5.4-flagged_for_review,,,,
SOMATOM_Force_IFU_VB30,sec_0651,320,5.4-structural_source,,,,
SOMATOM_Force_IFU_VB30,sec_0651,320,5.6-numbering_scheme,,,,
SOMATOM_Force_IFU_VB30,sec_0651,320,5.6-offset_applied,,,,
SOMATOM_Force_IFU_VB30,sec_0651,320,5.5-filters_discarding,,,,
SOMATOM_Force_IFU_VB30,sec_0651,320,5.5-filters_passing_noise,,,,
SOMATOM_Force_IFU_VB30,sec_0651,320,5.5-image_section_mapping,,,,
SOMATOM_Force_IFU_VB30,sec_0654,321,5.4-hierarchy_level,,,,
SOMATOM_Force_IFU_VB30,sec_0654,321,5.4-parent_child,,,,
SOMATOM_Force_IFU_VB30,sec_0654,321,5.4-page_start_end,,,,
SOMATOM_Force_IFU_VB30,sec_0654,321,5.4-hierarchy_path,,,,
SOMATOM_Force_IFU_VB30,sec_0654,321,5.4-gaps_duplicates,,,,
SOMATOM_Force_IFU_VB30,sec_0654,321,5.4-flagged_for_review,,,,
SOMATOM_Force_IFU_VB30,sec_0654,321,5.4-structural_source,,,,
SOMATOM_Force_IFU_VB30,sec_0654,321,5.6-numbering_scheme,,,,
SOMATOM_Force_IFU_VB30,sec_0654,321,5.6-offset_applied,,,,
SOMATOM_Force_IFU_VB30,sec_0654,321,5.5-filters_discarding,,,,
SOMATOM_Force_IFU_VB30,sec_0654,321,5.5-filters_passing_noise,,,,
SOMATOM_Force_IFU_VB30,sec_0654,321,5.5-image_section_mapping,,,,
SOMATOM_Force_IFU_VB30,sec_0656,322,5.4-hierarchy_level,,,,
SOMATOM_Force_IFU_VB30,sec_0656,322,5.4-parent_child,,,,
SOMATOM_Force_IFU_VB30,sec_0656,322,5.4-page_start_end,,,,
SOMATOM_Force_IFU_VB30,sec_0656,322,5.4-hierarchy_path,,,,
SOMATOM_Force_IFU_VB30,sec_0656,322,5.4-gaps_duplicates,,,,
SOMATOM_Force_IFU_VB30,sec_0656,322,5.4-flagged_for_review,,,,
SOMATOM_Force_IFU_VB30,sec_0656,322,5.4-structural_source,,,,
SOMATOM_Force_IFU_VB30,sec_0656,322,5.6-numbering_scheme,,,,
SOMATOM_Force_IFU_VB30,sec_0656,322,5.6-offset_applied,,,,
SOMATOM_Force_IFU_VB30,sec_0656,322,5.5-filters_discarding,,,,
SOMATOM_Force_IFU_VB30,sec_0656,322,5.5-filters_passing_noise,,,,
SOMATOM_Force_IFU_VB30,sec_0656,322,5.5-image_section_mapping,,,,
SOMATOM_Force_IFU_VB30,sec_0713,353,5.4-hierarchy_level,,,,
SOMATOM_Force_IFU_VB30,sec_0713,353,5.4-parent_child,,,,
SOMATOM_Force_IFU_VB30,sec_0713,353,5.4-page_start_end,,,,
SOMATOM_Force_IFU_VB30,sec_0713,353,5.4-hierarchy_path,,,,
SOMATOM_Force_IFU_VB30,sec_0713,353,5.4-gaps_duplicates,,,,
SOMATOM_Force_IFU_VB30,sec_0713,353,5.4-flagged_for_review,,,,
SOMATOM_Force_IFU_VB30,sec_0713,353,5.4-structural_source,,,,
SOMATOM_Force_IFU_VB30,sec_0713,353,5.6-numbering_scheme,,,,
SOMATOM_Force_IFU_VB30,sec_0713,353,5.6-offset_applied,,,,
SOMATOM_Force_IFU_VB30,sec_0713,353,5.5-filters_discarding,,,,
SOMATOM_Force_IFU_VB30,sec_0713,353,5.5-filters_passing_noise,,,,
SOMATOM_Force_IFU_VB30,sec_0713,353,5.5-image_section_mapping,,,,
SOMATOM_Force_IFU_VB30,sec_0716,357,5.4-hierarchy_level,,,,
SOMATOM_Force_IFU_VB30,sec_0716,357,5.4-parent_child,,,,
SOMATOM_Force_IFU_VB30,sec_0716,357,5.4-page_start_end,,,,
SOMATOM_Force_IFU_VB30,sec_0716,357,5.4-hierarchy_path,,,,
SOMATOM_Force_IFU_VB30,sec_0716,357,5.4-gaps_duplicates,,,,
SOMATOM_Force_IFU_VB30,sec_0716,357,5.4-flagged_for_review,,,,
SOMATOM_Force_IFU_VB30,sec_0716,357,5.4-structural_source,,,,
SOMATOM_Force_IFU_VB30,sec_0716,357,5.6-numbering_scheme,,,,
SOMATOM_Force_IFU_VB30,sec_0716,357,5.6-offset_applied,,,,
SOMATOM_Force_IFU_VB30,sec_0716,357,5.5-filters_discarding,,,,
SOMATOM_Force_IFU_VB30,sec_0716,357,5.5-filters_passing_noise,,,,
SOMATOM_Force_IFU_VB30,sec_0716,357,5.5-image_section_mapping,,,,
SOMATOM_Force_IFU_VB30,sec_0717,357,5.4-hierarchy_level,,,,
SOMATOM_Force_IFU_VB30,sec_0717,357,5.4-parent_child,,,,
SOMATOM_Force_IFU_VB30,sec_0717,357,5.4-page_start_end,,,,
SOMATOM_Force_IFU_VB30,sec_0717,357,5.4-hierarchy_path,,,,
SOMATOM_Force_IFU_VB30,sec_0717,357,5.4-gaps_duplicates,,,,
SOMATOM_Force_IFU_VB30,sec_0717,357,5.4-flagged_for_review,,,,
SOMATOM_Force_IFU_VB30,sec_0717,357,5.4-structural_source,,,,
SOMATOM_Force_IFU_VB30,sec_0717,357,5.6-numbering_scheme,,,,
SOMATOM_Force_IFU_VB30,sec_0717,357,5.6-offset_applied,,,,
SOMATOM_Force_IFU_VB30,sec_0717,357,5.5-filters_discarding,,,,
SOMATOM_Force_IFU_VB30,sec_0717,357,5.5-filters_passing_noise,,,,
SOMATOM_Force_IFU_VB30,sec_0717,357,5.5-image_section_mapping,,,,
SOMATOM_Force_IFU_VB30,sec_0728,364,5.4-hierarchy_level,,,,
SOMATOM_Force_IFU_VB30,sec_0728,364,5.4-parent_child,,,,
SOMATOM_Force_IFU_VB30,sec_0728,364,5.4-page_start_end,,,,
SOMATOM_Force_IFU_VB30,sec_0728,364,5.4-hierarchy_path,,,,
SOMATOM_Force_IFU_VB30,sec_0728,364,5.4-gaps_duplicates,,,,
SOMATOM_Force_IFU_VB30,sec_0728,364,5.4-flagged_for_review,,,,
SOMATOM_Force_IFU_VB30,sec_0728,364,5.4-structural_source,,,,
SOMATOM_Force_IFU_VB30,sec_0728,364,5.6-numbering_scheme,,,,
SOMATOM_Force_IFU_VB30,sec_0728,364,5.6-offset_applied,,,,
SOMATOM_Force_IFU_VB30,sec_0728,364,5.5-filters_discarding,,,,
SOMATOM_Force_IFU_VB30,sec_0728,364,5.5-filters_passing_noise,,,,
SOMATOM_Force_IFU_VB30,sec_0728,364,5.5-image_section_mapping,,,,
SOMATOM_Force_IFU_VB30,sec_0729,365,5.4-hierarchy_level,,,,
SOMATOM_Force_IFU_VB30,sec_0729,365,5.4-parent_child,,,,
SOMATOM_Force_IFU_VB30,sec_0729,365,5.4-page_start_end,,,,
SOMATOM_Force_IFU_VB30,sec_0729,365,5.4-hierarchy_path,,,,
SOMATOM_Force_IFU_VB30,sec_0729,365,5.4-gaps_duplicates,,,,
SOMATOM_Force_IFU_VB30,sec_0729,365,5.4-flagged_for_review,,,,
SOMATOM_Force_IFU_VB30,sec_0729,365,5.4-structural_source,,,,
SOMATOM_Force_IFU_VB30,sec_0729,365,5.6-numbering_scheme,,,,
SOMATOM_Force_IFU_VB30,sec_0729,365,5.6-offset_applied,,,,
SOMATOM_Force_IFU_VB30,sec_0729,365,5.5-filters_discarding,,,,
SOMATOM_Force_IFU_VB30,sec_0729,365,5.5-filters_passing_noise,,,,
SOMATOM_Force_IFU_VB30,sec_0729,365,5.5-image_section_mapping,,,,
SOMATOM_Force_IFU_VB30,sec_0744,370,5.4-hierarchy_level,,,,
SOMATOM_Force_IFU_VB30,sec_0744,370,5.4-parent_child,,,,
SOMATOM_Force_IFU_VB30,sec_0744,370,5.4-page_start_end,,,,
SOMATOM_Force_IFU_VB30,sec_0744,370,5.4-hierarchy_path,,,,
SOMATOM_Force_IFU_VB30,sec_0744,370,5.4-gaps_duplicates,,,,
SOMATOM_Force_IFU_VB30,sec_0744,370,5.4-flagged_for_review,,,,
SOMATOM_Force_IFU_VB30,sec_0744,370,5.4-structural_source,,,,
SOMATOM_Force_IFU_VB30,sec_0744,370,5.6-numbering_scheme,,,,
SOMATOM_Force_IFU_VB30,sec_0744,370,5.6-offset_applied,,,,
SOMATOM_Force_IFU_VB30,sec_0744,370,5.5-filters_discarding,,,,
SOMATOM_Force_IFU_VB30,sec_0744,370,5.5-filters_passing_noise,,,,
SOMATOM_Force_IFU_VB30,sec_0744,370,5.5-image_section_mapping,,,,
SOMATOM_Force_IFU_VB30,sec_0746,371,5.4-hierarchy_level,,,,
SOMATOM_Force_IFU_VB30,sec_0746,371,5.4-parent_child,,,,
SOMATOM_Force_IFU_VB30,sec_0746,371,5.4-page_start_end,,,,
SOMATOM_Force_IFU_VB30,sec_0746,371,5.4-hierarchy_path,,,,
SOMATOM_Force_IFU_VB30,sec_0746,371,5.4-gaps_duplicates,,,,
SOMATOM_Force_IFU_VB30,sec_0746,371,5.4-flagged_for_review,,,,
SOMATOM_Force_IFU_VB30,sec_0746,371,5.4-structural_source,,,,
SOMATOM_Force_IFU_VB30,sec_0746,371,5.6-numbering_scheme,,,,
SOMATOM_Force_IFU_VB30,sec_0746,371,5.6-offset_applied,,,,
SOMATOM_Force_IFU_VB30,sec_0746,371,5.5-filters_discarding,,,,
SOMATOM_Force_IFU_VB30,sec_0746,371,5.5-filters_passing_noise,,,,
SOMATOM_Force_IFU_VB30,sec_0746,371,5.5-image_section_mapping,,,,
SOMATOM_Force_IFU_VB30,sec_0753,375,5.4-hierarchy_level,,,,
SOMATOM_Force_IFU_VB30,sec_0753,375,5.4-parent_child,,,,
SOMATOM_Force_IFU_VB30,sec_0753,375,5.4-page_start_end,,,,
SOMATOM_Force_IFU_VB30,sec_0753,375,5.4-hierarchy_path,,,,
SOMATOM_Force_IFU_VB30,sec_0753,375,5.4-gaps_duplicates,,,,
SOMATOM_Force_IFU_VB30,sec_0753,375,5.4-flagged_for_review,,,,
SOMATOM_Force_IFU_VB30,sec_0753,375,5.4-structural_source,,,,
SOMATOM_Force_IFU_VB30,sec_0753,375,5.6-numbering_scheme,,,,
SOMATOM_Force_IFU_VB30,sec_0753,375,5.6-offset_applied,,,,
SOMATOM_Force_IFU_VB30,sec_0753,375,5.5-filters_discarding,,,,
SOMATOM_Force_IFU_VB30,sec_0753,375,5.5-filters_passing_noise,,,,
SOMATOM_Force_IFU_VB30,sec_0753,375,5.5-image_section_mapping,,,,
SOMATOM_Force_IFU_VB30,sec_0758,378,5.4-hierarchy_level,,,,
SOMATOM_Force_IFU_VB30,sec_0758,378,5.4-parent_child,,,,
SOMATOM_Force_IFU_VB30,sec_0758,378,5.4-page_start_end,,,,
SOMATOM_Force_IFU_VB30,sec_0758,378,5.4-hierarchy_path,,,,
SOMATOM_Force_IFU_VB30,sec_0758,378,5.4-gaps_duplicates,,,,
SOMATOM_Force_IFU_VB30,sec_0758,378,5.4-flagged_for_review,,,,
SOMATOM_Force_IFU_VB30,sec_0758,378,5.4-structural_source,,,,
SOMATOM_Force_IFU_VB30,sec_0758,378,5.6-numbering_scheme,,,,
SOMATOM_Force_IFU_VB30,sec_0758,378,5.6-offset_applied,,,,
SOMATOM_Force_IFU_VB30,sec_0758,378,5.5-filters_discarding,,,,
SOMATOM_Force_IFU_VB30,sec_0758,378,5.5-filters_passing_noise,,,,
SOMATOM_Force_IFU_VB30,sec_0758,378,5.5-image_section_mapping,,,,
SOMATOM_Force_IFU_VB30,sec_0759,379,5.4-hierarchy_level,,,,
SOMATOM_Force_IFU_VB30,sec_0759,379,5.4-parent_child,,,,
SOMATOM_Force_IFU_VB30,sec_0759,379,5.4-page_start_end,,,,
SOMATOM_Force_IFU_VB30,sec_0759,379,5.4-hierarchy_path,,,,
SOMATOM_Force_IFU_VB30,sec_0759,379,5.4-gaps_duplicates,,,,
SOMATOM_Force_IFU_VB30,sec_0759,379,5.4-flagged_for_review,,,,
SOMATOM_Force_IFU_VB30,sec_0759,379,5.4-structural_source,,,,
SOMATOM_Force_IFU_VB30,sec_0759,379,5.6-numbering_scheme,,,,
SOMATOM_Force_IFU_VB30,sec_0759,379,5.6-offset_applied,,,,
SOMATOM_Force_IFU_VB30,sec_0759,379,5.5-filters_discarding,,,,
SOMATOM_Force_IFU_VB30,sec_0759,379,5.5-filters_passing_noise,,,,
SOMATOM_Force_IFU_VB30,sec_0759,379,5.5-image_section_mapping,,,,
SOMATOM_Force_IFU_VB30,sec_0780,386,5.4-hierarchy_level,,,,
SOMATOM_Force_IFU_VB30,sec_0780,386,5.4-parent_child,,,,
SOMATOM_Force_IFU_VB30,sec_0780,386,5.4-page_start_end,,,,
SOMATOM_Force_IFU_VB30,sec_0780,386,5.4-hierarchy_path,,,,
SOMATOM_Force_IFU_VB30,sec_0780,386,5.4-gaps_duplicates,,,,
SOMATOM_Force_IFU_VB30,sec_0780,386,5.4-flagged_for_review,,,,
SOMATOM_Force_IFU_VB30,sec_0780,386,5.4-structural_source,,,,
SOMATOM_Force_IFU_VB30,sec_0780,386,5.6-numbering_scheme,,,,
SOMATOM_Force_IFU_VB30,sec_0780,386,5.6-offset_applied,,,,
SOMATOM_Force_IFU_VB30,sec_0780,386,5.5-filters_discarding,,,,
SOMATOM_Force_IFU_VB30,sec_0780,386,5.5-filters_passing_noise,,,,
SOMATOM_Force_IFU_VB30,sec_0780,386,5.5-image_section_mapping,,,,
SOMATOM_Force_IFU_VB30,sec_0785,387,5.4-hierarchy_level,,,,
SOMATOM_Force_IFU_VB30,sec_0785,387,5.4-parent_child,,,,
SOMATOM_Force_IFU_VB30,sec_0785,387,5.4-page_start_end,,,,
SOMATOM_Force_IFU_VB30,sec_0785,387,5.4-hierarchy_path,,,,
SOMATOM_Force_IFU_VB30,sec_0785,387,5.4-gaps_duplicates,,,,
SOMATOM_Force_IFU_VB30,sec_0785,387,5.4-flagged_for_review,,,,
SOMATOM_Force_IFU_VB30,sec_0785,387,5.4-structural_source,,,,
SOMATOM_Force_IFU_VB30,sec_0785,387,5.6-numbering_scheme,,,,
SOMATOM_Force_IFU_VB30,sec_0785,387,5.6-offset_applied,,,,
SOMATOM_Force_IFU_VB30,sec_0785,387,5.5-filters_discarding,,,,
SOMATOM_Force_IFU_VB30,sec_0785,387,5.5-filters_passing_noise,,,,
SOMATOM_Force_IFU_VB30,sec_0785,387,5.5-image_section_mapping,,,,
SOMATOM_Force_IFU_VB30,sec_0807,393,5.4-hierarchy_level,,,,
SOMATOM_Force_IFU_VB30,sec_0807,393,5.4-parent_child,,,,
SOMATOM_Force_IFU_VB30,sec_0807,393,5.4-page_start_end,,,,
SOMATOM_Force_IFU_VB30,sec_0807,393,5.4-hierarchy_path,,,,
SOMATOM_Force_IFU_VB30,sec_0807,393,5.4-gaps_duplicates,,,,
SOMATOM_Force_IFU_VB30,sec_0807,393,5.4-flagged_for_review,,,,
SOMATOM_Force_IFU_VB30,sec_0807,393,5.4-structural_source,,,,
SOMATOM_Force_IFU_VB30,sec_0807,393,5.6-numbering_scheme,,,,
SOMATOM_Force_IFU_VB30,sec_0807,393,5.6-offset_applied,,,,
SOMATOM_Force_IFU_VB30,sec_0807,393,5.5-filters_discarding,,,,
SOMATOM_Force_IFU_VB30,sec_0807,393,5.5-filters_passing_noise,,,,
SOMATOM_Force_IFU_VB30,sec_0807,393,5.5-image_section_mapping,,,,
SOMATOM_Force_IFU_VB30,sec_0831,399,5.4-hierarchy_level,,,,
SOMATOM_Force_IFU_VB30,sec_0831,399,5.4-parent_child,,,,
SOMATOM_Force_IFU_VB30,sec_0831,399,5.4-page_start_end,,,,
SOMATOM_Force_IFU_VB30,sec_0831,399,5.4-hierarchy_path,,,,
SOMATOM_Force_IFU_VB30,sec_0831,399,5.4-gaps_duplicates,,,,
SOMATOM_Force_IFU_VB30,sec_0831,399,5.4-flagged_for_review,,,,
SOMATOM_Force_IFU_VB30,sec_0831,399,5.4-structural_source,,,,
SOMATOM_Force_IFU_VB30,sec_0831,399,5.6-numbering_scheme,,,,
SOMATOM_Force_IFU_VB30,sec_0831,399,5.6-offset_applied,,,,
SOMATOM_Force_IFU_VB30,sec_0831,399,5.5-filters_discarding,,,,
SOMATOM_Force_IFU_VB30,sec_0831,399,5.5-filters_passing_noise,,,,
SOMATOM_Force_IFU_VB30,sec_0831,399,5.5-image_section_mapping,,,,
SOMATOM_Force_IFU_VB30,sec_0835,400,5.4-hierarchy_level,,,,
SOMATOM_Force_IFU_VB30,sec_0835,400,5.4-parent_child,,,,
SOMATOM_Force_IFU_VB30,sec_0835,400,5.4-page_start_end,,,,
SOMATOM_Force_IFU_VB30,sec_0835,400,5.4-hierarchy_path,,,,
SOMATOM_Force_IFU_VB30,sec_0835,400,5.4-gaps_duplicates,,,,
SOMATOM_Force_IFU_VB30,sec_0835,400,5.4-flagged_for_review,,,,
SOMATOM_Force_IFU_VB30,sec_0835,400,5.4-structural_source,,,,
SOMATOM_Force_IFU_VB30,sec_0835,400,5.6-numbering_scheme,,,,
SOMATOM_Force_IFU_VB30,sec_0835,400,5.6-offset_applied,,,,
SOMATOM_Force_IFU_VB30,sec_0835,400,5.5-filters_discarding,,,,
SOMATOM_Force_IFU_VB30,sec_0835,400,5.5-filters_passing_noise,,,,
SOMATOM_Force_IFU_VB30,sec_0835,400,5.5-image_section_mapping,,,,
SOMATOM_Force_IFU_VB30,sec_0851,406,5.4-hierarchy_level,,,,
SOMATOM_Force_IFU_VB30,sec_0851,406,5.4-parent_child,,,,
SOMATOM_Force_IFU_VB30,sec_0851,406,5.4-page_start_end,,,,
SOMATOM_Force_IFU_VB30,sec_0851,406,5.4-hierarchy_path,,,,
SOMATOM_Force_IFU_VB30,sec_0851,406,5.4-gaps_duplicates,,,,
SOMATOM_Force_IFU_VB30,sec_0851,406,5.4-flagged_for_review,,,,
SOMATOM_Force_IFU_VB30,sec_0851,406,5.4-structural_source,,,,
SOMATOM_Force_IFU_VB30,sec_0851,406,5.6-numbering_scheme,,,,
SOMATOM_Force_IFU_VB30,sec_0851,406,5.6-offset_applied,,,,
SOMATOM_Force_IFU_VB30,sec_0851,406,5.6-table_content,,,,
SOMATOM_Force_IFU_VB30,sec_0851,406,5.5-filters_discarding,,,,
SOMATOM_Force_IFU_VB30,sec_0851,406,5.5-filters_passing_noise,,,,
SOMATOM_Force_IFU_VB30,sec_0851,406,5.5-image_section_mapping,,,,
SOMATOM_Force_IFU_VB30,sec_0853,407,5.4-hierarchy_level,,,,
SOMATOM_Force_IFU_VB30,sec_0853,407,5.4-parent_child,,,,
SOMATOM_Force_IFU_VB30,sec_0853,407,5.4-page_start_end,,,,
SOMATOM_Force_IFU_VB30,sec_0853,407,5.4-hierarchy_path,,,,
SOMATOM_Force_IFU_VB30,sec_0853,407,5.4-gaps_duplicates,,,,
SOMATOM_Force_IFU_VB30,sec_0853,407,5.4-flagged_for_review,,,,
SOMATOM_Force_IFU_VB30,sec_0853,407,5.4-structural_source,,,,
SOMATOM_Force_IFU_VB30,sec_0853,407,5.6-numbering_scheme,,,,
SOMATOM_Force_IFU_VB30,sec_0853,407,5.6-offset_applied,,,,
SOMATOM_Force_IFU_VB30,sec_0853,407,5.5-filters_discarding,,,,
SOMATOM_Force_IFU_VB30,sec_0853,407,5.5-filters_passing_noise,,,,
SOMATOM_Force_IFU_VB30,sec_0853,407,5.5-image_section_mapping,,,,
SOMATOM_Force_IFU_VB30,sec_0854,407,5.4-hierarchy_level,,,,
SOMATOM_Force_IFU_VB30,sec_0854,407,5.4-parent_child,,,,
SOMATOM_Force_IFU_VB30,sec_0854,407,5.4-page_start_end,,,,
SOMATOM_Force_IFU_VB30,sec_0854,407,5.4-hierarchy_path,,,,
SOMATOM_Force_IFU_VB30,sec_0854,407,5.4-gaps_duplicates,,,,
SOMATOM_Force_IFU_VB30,sec_0854,407,5.4-flagged_for_review,,,,
SOMATOM_Force_IFU_VB30,sec_0854,407,5.4-structural_source,,,,
SOMATOM_Force_IFU_VB30,sec_0854,407,5.6-numbering_scheme,,,,
SOMATOM_Force_IFU_VB30,sec_0854,407,5.6-offset_applied,,,,
SOMATOM_Force_IFU_VB30,sec_0854,407,5.6-table_content,,,,
SOMATOM_Force_IFU_VB30,sec_0854,407,5.5-filters_discarding,,,,
SOMATOM_Force_IFU_VB30,sec_0854,407,5.5-filters_passing_noise,,,,
SOMATOM_Force_IFU_VB30,sec_0854,407,5.5-image_section_mapping,,,,
SOMATOM_Force_IFU_VB30,sec_0881,417,5.4-hierarchy_level,,,,
SOMATOM_Force_IFU_VB30,sec_0881,417,5.4-parent_child,,,,
SOMATOM_Force_IFU_VB30,sec_0881,417,5.4-page_start_end,,,,
SOMATOM_Force_IFU_VB30,sec_0881,417,5.4-hierarchy_path,,,,
SOMATOM_Force_IFU_VB30,sec_0881,417,5.4-gaps_duplicates,,,,
SOMATOM_Force_IFU_VB30,sec_0881,417,5.4-flagged_for_review,,,,
SOMATOM_Force_IFU_VB30,sec_0881,417,5.4-structural_source,,,,
SOMATOM_Force_IFU_VB30,sec_0881,417,5.6-numbering_scheme,,,,
SOMATOM_Force_IFU_VB30,sec_0881,417,5.6-offset_applied,,,,
SOMATOM_Force_IFU_VB30,sec_0881,417,5.5-filters_discarding,,,,
SOMATOM_Force_IFU_VB30,sec_0881,417,5.5-filters_passing_noise,,,,
SOMATOM_Force_IFU_VB30,sec_0881,417,5.5-image_section_mapping,,,,
SOMATOM_Force_IFU_VB30,sec_0884,419,5.4-hierarchy_level,,,,
SOMATOM_Force_IFU_VB30,sec_0884,419,5.4-parent_child,,,,
SOMATOM_Force_IFU_VB30,sec_0884,419,5.4-page_start_end,,,,
SOMATOM_Force_IFU_VB30,sec_0884,419,5.4-hierarchy_path,,,,
SOMATOM_Force_IFU_VB30,sec_0884,419,5.4-gaps_duplicates,,,,
SOMATOM_Force_IFU_VB30,sec_0884,419,5.4-flagged_for_review,,,,
SOMATOM_Force_IFU_VB30,sec_0884,419,5.4-structural_source,,,,
SOMATOM_Force_IFU_VB30,sec_0884,419,5.6-numbering_scheme,,,,
SOMATOM_Force_IFU_VB30,sec_0884,419,5.6-offset_applied,,,,
SOMATOM_Force_IFU_VB30,sec_0884,419,5.5-filters_discarding,,,,
SOMATOM_Force_IFU_VB30,sec_0884,419,5.5-filters_passing_noise,,,,
SOMATOM_Force_IFU_VB30,sec_0884,419,5.5-image_section_mapping,,,,
SOMATOM_Force_IFU_VB30,sec_0906,428,5.4-hierarchy_level,,,,
SOMATOM_Force_IFU_VB30,sec_0906,428,5.4-parent_child,,,,
SOMATOM_Force_IFU_VB30,sec_0906,428,5.4-page_start_end,,,,
SOMATOM_Force_IFU_VB30,sec_0906,428,5.4-hierarchy_path,,,,
SOMATOM_Force_IFU_VB30,sec_0906,428,5.4-gaps_duplicates,,,,
SOMATOM_Force_IFU_VB30,sec_0906,428,5.4-flagged_for_review,,,,
SOMATOM_Force_IFU_VB30,sec_0906,428,5.4-structural_source,,,,
SOMATOM_Force_IFU_VB30,sec_0906,428,5.6-numbering_scheme,,,,
SOMATOM_Force_IFU_VB30,sec_0906,428,5.6-offset_applied,,,,
SOMATOM_Force_IFU_VB30,sec_0906,428,5.5-filters_discarding,,,,
SOMATOM_Force_IFU_VB30,sec_0906,428,5.5-filters_passing_noise,,,,
SOMATOM_Force_IFU_VB30,sec_0906,428,5.5-image_section_mapping,,,,
SOMATOM_Force_IFU_VB30,sec_0914,431,5.4-hierarchy_level,,,,
SOMATOM_Force_IFU_VB30,sec_0914,431,5.4-parent_child,,,,
SOMATOM_Force_IFU_VB30,sec_0914,431,5.4-page_start_end,,,,
SOMATOM_Force_IFU_VB30,sec_0914,431,5.4-hierarchy_path,,,,
SOMATOM_Force_IFU_VB30,sec_0914,431,5.4-gaps_duplicates,,,,
SOMATOM_Force_IFU_VB30,sec_0914,431,5.4-flagged_for_review,,,,
SOMATOM_Force_IFU_VB30,sec_0914,431,5.4-structural_source,,,,
SOMATOM_Force_IFU_VB30,sec_0914,431,5.6-numbering_scheme,,,,
SOMATOM_Force_IFU_VB30,sec_0914,431,5.6-offset_applied,,,,
SOMATOM_Force_IFU_VB30,sec_0914,431,5.5-filters_discarding,,,,
SOMATOM_Force_IFU_VB30,sec_0914,431,5.5-filters_passing_noise,,,,
SOMATOM_Force_IFU_VB30,sec_0914,431,5.5-image_section_mapping,,,,
SOMATOM_Force_IFU_VB30,sec_0916,436,5.4-hierarchy_level,,,,
SOMATOM_Force_IFU_VB30,sec_0916,436,5.4-parent_child,,,,
SOMATOM_Force_IFU_VB30,sec_0916,436,5.4-page_start_end,,,,
SOMATOM_Force_IFU_VB30,sec_0916,436,5.4-hierarchy_path,,,,
SOMATOM_Force_IFU_VB30,sec_0916,436,5.4-gaps_duplicates,,,,
SOMATOM_Force_IFU_VB30,sec_0916,436,5.4-flagged_for_review,,,,
SOMATOM_Force_IFU_VB30,sec_0916,436,5.4-structural_source,,,,
SOMATOM_Force_IFU_VB30,sec_0916,436,5.6-numbering_scheme,,,,
SOMATOM_Force_IFU_VB30,sec_0916,436,5.6-offset_applied,,,,
SOMATOM_Force_IFU_VB30,sec_0916,436,5.5-filters_discarding,,,,
SOMATOM_Force_IFU_VB30,sec_0916,436,5.5-filters_passing_noise,,,,
SOMATOM_Force_IFU_VB30,sec_0916,436,5.5-image_section_mapping,,,,
SOMATOM_Force_IFU_VB30,sec_0918,438,5.4-hierarchy_level,,,,
SOMATOM_Force_IFU_VB30,sec_0918,438,5.4-parent_child,,,,
SOMATOM_Force_IFU_VB30,sec_0918,438,5.4-page_start_end,,,,
SOMATOM_Force_IFU_VB30,sec_0918,438,5.4-hierarchy_path,,,,
SOMATOM_Force_IFU_VB30,sec_0918,438,5.4-gaps_duplicates,,,,
SOMATOM_Force_IFU_VB30,sec_0918,438,5.4-flagged_for_review,,,,
SOMATOM_Force_IFU_VB30,sec_0918,438,5.4-structural_source,,,,
SOMATOM_Force_IFU_VB30,sec_0918,438,5.6-numbering_scheme,,,,
SOMATOM_Force_IFU_VB30,sec_0918,438,5.6-offset_applied,,,,
SOMATOM_Force_IFU_VB30,sec_0918,438,5.5-filters_discarding,,,,
SOMATOM_Force_IFU_VB30,sec_0918,438,5.5-filters_passing_noise,,,,
SOMATOM_Force_IFU_VB30,sec_0918,438,5.5-image_section_mapping,,,,
SOMATOM_Force_IFU_VB30,sec_0920,440,5.4-hierarchy_level,,,,
SOMATOM_Force_IFU_VB30,sec_0920,440,5.4-parent_child,,,,
SOMATOM_Force_IFU_VB30,sec_0920,440,5.4-page_start_end,,,,
SOMATOM_Force_IFU_VB30,sec_0920,440,5.4-hierarchy_path,,,,
SOMATOM_Force_IFU_VB30,sec_0920,440,5.4-gaps_duplicates,,,,
SOMATOM_Force_IFU_VB30,sec_0920,440,5.4-flagged_for_review,,,,
SOMATOM_Force_IFU_VB30,sec_0920,440,5.4-structural_source,,,,
SOMATOM_Force_IFU_VB30,sec_0920,440,5.6-numbering_scheme,,,,
SOMATOM_Force_IFU_VB30,sec_0920,440,5.6-offset_applied,,,,
SOMATOM_Force_IFU_VB30,sec_0920,440,5.5-filters_discarding,,,,
SOMATOM_Force_IFU_VB30,sec_0920,440,5.5-filters_passing_noise,,,,
SOMATOM_Force_IFU_VB30,sec_0920,440,5.5-image_section_mapping,,,,
SOMATOM_Force_IFU_VB30,sec_0924,444,5.4-hierarchy_level,,,,
SOMATOM_Force_IFU_VB30,sec_0924,444,5.4-parent_child,,,,
SOMATOM_Force_IFU_VB30,sec_0924,444,5.4-page_start_end,,,,
SOMATOM_Force_IFU_VB30,sec_0924,444,5.4-hierarchy_path,,,,
SOMATOM_Force_IFU_VB30,sec_0924,444,5.4-gaps_duplicates,,,,
SOMATOM_Force_IFU_VB30,sec_0924,444,5.4-flagged_for_review,,,,
SOMATOM_Force_IFU_VB30,sec_0924,444,5.4-structural_source,,,,
SOMATOM_Force_IFU_VB30,sec_0924,444,5.6-numbering_scheme,,,,
SOMATOM_Force_IFU_VB30,sec_0924,444,5.6-offset_applied,,,,
SOMATOM_Force_IFU_VB30,sec_0924,444,5.5-filters_discarding,,,,
SOMATOM_Force_IFU_VB30,sec_0924,444,5.5-filters_passing_noise,,,,
SOMATOM_Force_IFU_VB30,sec_0924,444,5.5-image_section_mapping,,,,
SOMATOM_Force_IFU_VB30,sec_0926,446,5.4-hierarchy_level,,,,
SOMATOM_Force_IFU_VB30,sec_0926,446,5.4-parent_child,,,,
SOMATOM_Force_IFU_VB30,sec_0926,446,5.4-page_start_end,,,,
SOMATOM_Force_IFU_VB30,sec_0926,446,5.4-hierarchy_path,,,,
SOMATOM_Force_IFU_VB30,sec_0926,446,5.4-gaps_duplicates,,,,
SOMATOM_Force_IFU_VB30,sec_0926,446,5.4-flagged_for_review,,,,
SOMATOM_Force_IFU_VB30,sec_0926,446,5.4-structural_source,,,,
SOMATOM_Force_IFU_VB30,sec_0926,446,5.6-numbering_scheme,,,,
SOMATOM_Force_IFU_VB30,sec_0926,446,5.6-offset_applied,,,,
SOMATOM_Force_IFU_VB30,sec_0926,446,5.5-filters_discarding,,,,
SOMATOM_Force_IFU_VB30,sec_0926,446,5.5-filters_passing_noise,,,,
SOMATOM_Force_IFU_VB30,sec_0926,446,5.5-image_section_mapping,,,,
SOMATOM_Force_IFU_VB30,sec_0927,446,5.4-hierarchy_level,,,,
SOMATOM_Force_IFU_VB30,sec_0927,446,5.4-parent_child,,,,
SOMATOM_Force_IFU_VB30,sec_0927,446,5.4-page_start_end,,,,
SOMATOM_Force_IFU_VB30,sec_0927,446,5.4-hierarchy_path,,,,
SOMATOM_Force_IFU_VB30,sec_0927,446,5.4-gaps_duplicates,,,,
SOMATOM_Force_IFU_VB30,sec_0927,446,5.4-flagged_for_review,,,,
SOMATOM_Force_IFU_VB30,sec_0927,446,5.4-structural_source,,,,
SOMATOM_Force_IFU_VB30,sec_0927,446,5.6-numbering_scheme,,,,
SOMATOM_Force_IFU_VB30,sec_0927,446,5.6-offset_applied,,,,
SOMATOM_Force_IFU_VB30,sec_0927,446,5.5-filters_discarding,,,,
SOMATOM_Force_IFU_VB30,sec_0927,446,5.5-filters_passing_noise,,,,
SOMATOM_Force_IFU_VB30,sec_0927,446,5.5-image_section_mapping,,,,
SOMATOM_Force_IFU_VB30,sec_0928,447,5.4-hierarchy_level,,,,
SOMATOM_Force_IFU_VB30,sec_0928,447,5.4-parent_child,,,,
SOMATOM_Force_IFU_VB30,sec_0928,447,5.4-page_start_end,,,,
SOMATOM_Force_IFU_VB30,sec_0928,447,5.4-hierarchy_path,,,,
SOMATOM_Force_IFU_VB30,sec_0928,447,5.4-gaps_duplicates,,,,
SOMATOM_Force_IFU_VB30,sec_0928,447,5.4-flagged_for_review,,,,
SOMATOM_Force_IFU_VB30,sec_0928,447,5.4-structural_source,,,,
SOMATOM_Force_IFU_VB30,sec_0928,447,5.6-numbering_scheme,,,,
SOMATOM_Force_IFU_VB30,sec_0928,447,5.6-offset_applied,,,,
SOMATOM_Force_IFU_VB30,sec_0928,447,5.5-filters_discarding,,,,
SOMATOM_Force_IFU_VB30,sec_0928,447,5.5-filters_passing_noise,,,,
SOMATOM_Force_IFU_VB30,sec_0928,447,5.5-image_section_mapping,,,,
SOMATOM_Force_IFU_VB30,sec_0938,453,5.4-hierarchy_level,,,,
SOMATOM_Force_IFU_VB30,sec_0938,453,5.4-parent_child,,,,
SOMATOM_Force_IFU_VB30,sec_0938,453,5.4-page_start_end,,,,
SOMATOM_Force_IFU_VB30,sec_0938,453,5.4-hierarchy_path,,,,
SOMATOM_Force_IFU_VB30,sec_0938,453,5.4-gaps_duplicates,,,,
SOMATOM_Force_IFU_VB30,sec_0938,453,5.4-flagged_for_review,,,,
SOMATOM_Force_IFU_VB30,sec_0938,453,5.4-structural_source,,,,
SOMATOM_Force_IFU_VB30,sec_0938,453,5.6-numbering_scheme,,,,
SOMATOM_Force_IFU_VB30,sec_0938,453,5.6-offset_applied,,,,
SOMATOM_Force_IFU_VB30,sec_0938,453,5.5-filters_discarding,,,,
SOMATOM_Force_IFU_VB30,sec_0938,453,5.5-filters_passing_noise,,,,
SOMATOM_Force_IFU_VB30,sec_0938,453,5.5-image_section_mapping,,,,
SOMATOM_Force_IFU_VB30,sec_0949,460,5.4-hierarchy_level,,,,
SOMATOM_Force_IFU_VB30,sec_0949,460,5.4-parent_child,,,,
SOMATOM_Force_IFU_VB30,sec_0949,460,5.4-page_start_end,,,,
SOMATOM_Force_IFU_VB30,sec_0949,460,5.4-hierarchy_path,,,,
SOMATOM_Force_IFU_VB30,sec_0949,460,5.4-gaps_duplicates,,,,
SOMATOM_Force_IFU_VB30,sec_0949,460,5.4-flagged_for_review,,,,
SOMATOM_Force_IFU_VB30,sec_0949,460,5.4-structural_source,,,,
SOMATOM_Force_IFU_VB30,sec_0949,460,5.6-numbering_scheme,,,,
SOMATOM_Force_IFU_VB30,sec_0949,460,5.6-offset_applied,,,,
SOMATOM_Force_IFU_VB30,sec_0949,460,5.5-filters_discarding,,,,
SOMATOM_Force_IFU_VB30,sec_0949,460,5.5-filters_passing_noise,,,,
SOMATOM_Force_IFU_VB30,sec_0949,460,5.5-image_section_mapping,,,,
SOMATOM_Force_IFU_VB30,sec_0950,461,5.4-hierarchy_level,,,,
SOMATOM_Force_IFU_VB30,sec_0950,461,5.4-parent_child,,,,
SOMATOM_Force_IFU_VB30,sec_0950,461,5.4-page_start_end,,,,
SOMATOM_Force_IFU_VB30,sec_0950,461,5.4-hierarchy_path,,,,
SOMATOM_Force_IFU_VB30,sec_0950,461,5.4-gaps_duplicates,,,,
SOMATOM_Force_IFU_VB30,sec_0950,461,5.4-flagged_for_review,,,,
SOMATOM_Force_IFU_VB30,sec_0950,461,5.4-structural_source,,,,
SOMATOM_Force_IFU_VB30,sec_0950,461,5.6-numbering_scheme,,,,
SOMATOM_Force_IFU_VB30,sec_0950,461,5.6-offset_applied,,,,
SOMATOM_Force_IFU_VB30,sec_0950,461,5.5-filters_discarding,,,,
SOMATOM_Force_IFU_VB30,sec_0950,461,5.5-filters_passing_noise,,,,
SOMATOM_Force_IFU_VB30,sec_0950,461,5.5-image_section_mapping,,,,
SOMATOM_Force_IFU_VB30,sec_0951,465,5.4-hierarchy_level,,,,
SOMATOM_Force_IFU_VB30,sec_0951,465,5.4-parent_child,,,,
SOMATOM_Force_IFU_VB30,sec_0951,465,5.4-page_start_end,,,,
SOMATOM_Force_IFU_VB30,sec_0951,465,5.4-hierarchy_path,,,,
SOMATOM_Force_IFU_VB30,sec_0951,465,5.4-gaps_duplicates,,,,
SOMATOM_Force_IFU_VB30,sec_0951,465,5.4-flagged_for_review,,,,
SOMATOM_Force_IFU_VB30,sec_0951,465,5.4-structural_source,,,,
SOMATOM_Force_IFU_VB30,sec_0951,465,5.6-numbering_scheme,,,,
SOMATOM_Force_IFU_VB30,sec_0951,465,5.6-offset_applied,,,,
SOMATOM_Force_IFU_VB30,sec_0951,465,5.5-filters_discarding,,,,
SOMATOM_Force_IFU_VB30,sec_0951,465,5.5-filters_passing_noise,,,,
SOMATOM_Force_IFU_VB30,sec_0951,465,5.5-image_section_mapping,,,,
SOMATOM_Force_IFU_VB30,sec_0951,467,5.4-hierarchy_level,,,,
SOMATOM_Force_IFU_VB30,sec_0951,467,5.4-parent_child,,,,
SOMATOM_Force_IFU_VB30,sec_0951,467,5.4-page_start_end,,,,
SOMATOM_Force_IFU_VB30,sec_0951,467,5.4-hierarchy_path,,,,
SOMATOM_Force_IFU_VB30,sec_0951,467,5.4-gaps_duplicates,,,,
SOMATOM_Force_IFU_VB30,sec_0951,467,5.4-flagged_for_review,,,,
SOMATOM_Force_IFU_VB30,sec_0951,467,5.4-structural_source,,,,
SOMATOM_Force_IFU_VB30,sec_0951,467,5.6-numbering_scheme,,,,
SOMATOM_Force_IFU_VB30,sec_0951,467,5.6-offset_applied,,,,
SOMATOM_Force_IFU_VB30,sec_0951,467,5.5-filters_discarding,,,,
SOMATOM_Force_IFU_VB30,sec_0951,467,5.5-filters_passing_noise,,,,
SOMATOM_Force_IFU_VB30,sec_0951,467,5.5-image_section_mapping,,,,
