manual_id,section_id,page_sampled,checklist_ref,result,severity,evidence,notes
LOGIQ_S8,sec_0001,1,5.4-hierarchy_level,,,,
LOGIQ_S8,sec_0001,1,5.4-parent_child,,,,
LOGIQ_S8,sec_0001,1,5.4-page_start_end,,,,
LOGIQ_S8,sec_0001,1,5.4-hierarchy_path,,,,
LOGIQ_S8,sec_0001,1,5.4-gaps_duplicates,,,,
LOGIQ_S8,sec_0001,1,5.4-flagged_for_review,,,,
LOGIQ_S8,sec_0001,1,5.4-structural_source,,,,
LOGIQ_S8,sec_0001,1,5.6-numbering_scheme,,,,
LOGIQ_S8,sec_0001,1,5.6-offset_applied,,,,
LOGIQ_S8,sec_0001,1,5.6-table_content,,,,
LOGIQ_S8,sec_0001,1,5.5-filters_discarding,,,,
LOGIQ_S8,sec_0001,1,5.5-filters_passing_noise,,,,
LOGIQ_S8,sec_0001,1,5.5-image_section_mapping,,,,
LOGIQ_S8,sec_0003,43,5.4-hierarchy_level,,,,
LOGIQ_S8,sec_0003,43,5.4-parent_child,,,,
LOGIQ_S8,sec_0003,43,5.4-page_start_end,,,,
LOGIQ_S8,sec_0003,43,5.4-hierarchy_path,,,,
LOGIQ_S8,sec_0003,43,5.4-gaps_duplicates,,,,
LOGIQ_S8,sec_0003,43,5.4-flagged_for_review,,,,
LOGIQ_S8,sec_0003,43,5.4-structural_source,,,,
LOGIQ_S8,sec_0003,43,5.6-numbering_scheme,,,,
LOGIQ_S8,sec_0003,43,5.6-offset_applied,,,,
LOGIQ_S8,sec_0003,43,5.6-table_content,,,,
LOGIQ_S8,sec_0003,43,5.5-filters_discarding,,,,
LOGIQ_S8,sec_0003,43,5.5-filters_passing_noise,,,,
LOGIQ_S8,sec_0003,43,5.5-image_section_mapping,,,,
LOGIQ_S8,sec_0005,51,5.4-hierarchy_level,,,,
LOGIQ_S8,sec_0005,51,5.4-parent_child,,,,
LOGIQ_S8,sec_0005,51,5.4-page_start_end,,,,
LOGIQ_S8,sec_0005,51,5.4-hierarchy_path,,,,
LOGIQ_S8,sec_0005,51,5.4-gaps_duplicates,,,,
LOGIQ_S8,sec_0005,51,5.4-flagged_for_review,,,,
LOGIQ_S8,sec_0005,51,5.4-structural_source,,,,
LOGIQ_S8,sec_0005,51,5.6-numbering_scheme,,,,
LOGIQ_S8,sec_0005,51,5.6-offset_applied,,,,
LOGIQ_S8,sec_0005,51,5.6-table_content,,,,
LOGIQ_S8,sec_0005,51,5.5-filters_discarding,,,,
LOGIQ_S8,sec_0005,51,5.5-filters_passing_noise,,,,
LOGIQ_S8,sec_0005,51,5.5-image_section_mapping,,,,
LOGIQ_S8,sec_0006,60,5.4-hierarchy_level,,,,
LOGIQ_S8,sec_0006,60,5.4-parent_child,,,,
LOGIQ_S8,sec_0006,60,5.4-page_start_end,,,,
LOGIQ_S8,sec_0006,60,5.4-hierarchy_path,,,,
LOGIQ_S8,sec_0006,60,5.4-gaps_duplicates,,,,
LOGIQ_S8,sec_0006,60,5.4-flagged_for_review,,,,
LOGIQ_S8,sec_0006,60,5.4-structural_source,,,,
LOGIQ_S8,sec_0006,60,5.6-numbering_scheme,,,,
LOGIQ_S8,sec_0006,60,5.6-offset_applied,,,,
LOGIQ_S8,sec_0006,60,5.6-table_content,,,,
LOGIQ_S8,sec_0006,60,5.5-filters_discarding,,,,
LOGIQ_S8,sec_0006,60,5.5-filters_passing_noise,,,,
LOGIQ_S8,sec_0006,60,5.5-image_section_mapping,,,,
LOGIQ_S8,sec_0007,68,5.4-hierarchy_level,,,,
LOGIQ_S8,sec_0007,68,5.4-parent_child,,,,
LOGIQ_S8,sec_0007,68,5.4-page_start_end,,,,
LOGIQ_S8,sec_0007,68,5.4-hierarchy_path,,,,
LOGIQ_S8,sec_0007,68,5.4-gaps_duplicates,,,,
LOGIQ_S8,sec_0007,68,5.4-flagged_for_review,,,,
LOGIQ_S8,sec_0007,68,5.4-structural_source,,,,
LOGIQ_S8,sec_0007,68,5.6-numbering_scheme,,,,
LOGIQ_S8,sec_0007,68,5.6-offset_applied,,,,
LOGIQ_S8,sec_0007,68,5.5-filters_discarding,,,,
LOGIQ_S8,sec_0007,68,5.5-filters_passing_noise,,,,
LOGIQ_S8,sec_0007,68,5.5-image_section_mapping,,,,
LOGIQ_S8,sec_0012,76,5.4-hierarchy_level,,,,
LOGIQ_S8,sec_0012,76,5.4-parent_child,,,,
LOGIQ_S8,sec_0012,76,5.4-page_start_end,,,,
LOGIQ_S8,sec_0012,76,5.4-hierarchy_path,,,,
LOGIQ_S8,sec_0012,76,5.4-gaps_duplicates,,,,
LOGIQ_S8,sec_0012,76,5.4-flagged_for_review,,,,
LOGIQ_S8,sec_0012,76,5.4-structural_source,,,,
LOGIQ_S8,sec_0012,76,5.6-numbering_scheme,,,,
LOGIQ_S8,sec_0012,76,5.6-offset_applied,,,,
LOGIQ_S8,sec_0012,76,5.6-table_content,,,,
LOGIQ_S8,sec_0012,76,5.5-filters_discarding,,,,
LOGIQ_S8,sec_0012,76,5.5-filters_passing_noise,,,,
LOGIQ_S8,sec_0012,76,5.5-image_section_mapping,,,,
LOGIQ_S8,sec_0014,77,5.4-hierarchy_level,,,,
LOGIQ_S8,sec_0014,77,5.4-parent_child,,,,
LOGIQ_S8,sec_0014,77,5.4-page_start_end,,,,
LOGIQ_S8,sec_0014,77,5.4-hierarchy_path,,,,
LOGIQ_S8,sec_0014,77,5.4-gaps_duplicates,,,,
LOGIQ_S8,sec_0014,77,5.4-flagged_for_review,,,,
LOGIQ_S8,sec_0014,77,5.4-structural_source,,,,
LOGIQ_S8,sec_0014,77,5.6-numbering_scheme,,,,
LOGIQ_S8,sec_0014,77,5.6-offset_applied,,,,
LOGIQ_S8,sec_0014,77,5.6-table_content,,,,
LOGIQ_S8,sec_0014,77,5.5-filters_discarding,,,,
LOGIQ_S8,sec_0014,77,5.5-filters_passing_noise,,,,
LOGIQ_S8,sec_0014,77,5.5-image_section_mapping,,,,
LOGIQ_S8,sec_0017,90,5.4-hierarchy_level,,,,
LOGIQ_S8,sec_0017,90,5.4-parent_child,,,,
LOGIQ_S8,sec_0017,90,5.4-page_start_end,,,,
LOGIQ_S8,sec_0017,90,5.4-hierarchy_path,,,,
LOGIQ_S8,sec_0017,90,5.4-gaps_duplicates,,,,
LOGIQ_S8,sec_0017,90,5.4-flagged_for_review,,,,
LOGIQ_S8,sec_0017,90,5.4-structural_source,,,,
LOGIQ_S8,sec_0017,90,5.6-numbering_scheme,,,,
LOGIQ_S8,sec_0017,90,5.6-offset_applied,,,,
LOGIQ_S8,sec_0017,90,5.5-filters_discarding,,,,
LOGIQ_S8,sec_0017,90,5.5-filters_passing_noise,,,,
LOGIQ_S8,sec_0017,90,5.5-image_section_mapping,,,,
LOGIQ_S8,sec_0019,91,5.4-hierarchy_level,,,,
LOGIQ_S8,sec_0019,91,5.4-parent_child,,,,
LOGIQ_S8,sec_0019,91,5.4-page_start_end,,,,
LOGIQ_S8,sec_0019,91,5.4-hierarchy_path,,,,
LOGIQ_S8,sec_0019,91,5.4-gaps_duplicates,,,,
LOGIQ_S8,sec_0019,91,5.4-flagged_for_review,,,,
LOGIQ_S8,sec_0019,91,5.4-structural_source,,,,
LOGIQ_S8,sec_0019,91,5.6-numbering_scheme,,,,
LOGIQ_S8,sec_0019,91,5.6-offset_applied,,,,
LOGIQ_S8,sec_0019,91,5.6-table_content,,,,
LOGIQ_S8,sec_0019,91,5.5-filters_discarding,,,,
LOGIQ_S8,sec_0019,91,5.5-filters_passing_noise,,,,
LOGIQ_S8,sec_0019,91,5.5-image_section_mapping,,,,
LOGIQ_S8,sec_0021,98,5.4-hierarchy_level,,,,
LOGIQ_S8,sec_0021,98,5.4-parent_child,,,,
LOGIQ_S8,sec_0021,98,5.4-page_start_end,,,,
LOGIQ_S8,sec_0021,98,5.4-hierarchy_path,,,,
LOGIQ_S8,sec_0021,98,5.4-gaps_duplicates,,,,
LOGIQ_S8,sec_0021,98,5.4-flagged_for_review,,,,
LOGIQ_S8,sec_0021,98,5.4-structural_source,,,,
LOGIQ_S8,sec_0021,98,5.6-numbering_scheme,,,,
LOGIQ_S8,sec_0021,98,5.6-offset_applied,,,,
LOGIQ_S8,sec_0021,98,5.6-table_content,,,,
LOGIQ_S8,sec_0021,98,5.5-filters_discarding,,,,
LOGIQ_S8,sec_0021,98,5.5-filters_passing_noise,,,,
LOGIQ_S8,sec_0021,98,5.5-image_section_mapping,,,,
LOGIQ_S8,sec_0024,105,5.4-hierarchy_level,,,,
LOGIQ_S8,sec_0024,105,5.4-parent_child,,,,
LOGIQ_S8,sec_0024,105,5.4-page_start_end,,,,
LOGIQ_S8,sec_0024,105,5.4-hierarchy_path,,,,
LOGIQ_S8,sec_0024,105,5.4-gaps_duplicates,,,,
LOGIQ_S8,sec_0024,105,5.4-flagged_for_review,,,,
LOGIQ_S8,sec_0024,105,5.4-structural_source,,,,
LOGIQ_S8,sec_0024,105,5.6-numbering_scheme,,,,
LOGIQ_S8,sec_0024,105,5.6-offset_applied,,,,
LOGIQ_S8,sec_0024,105,5.6-table_content,,,,
LOGIQ_S8,sec_0024,105,5.5-filters_discarding,,,,
LOGIQ_S8,sec_0024,105,5.5-filters_passing_noise,,,,
LOGIQ_S8,sec_0024,105,5.5-image_section_mapping,,,,
LOGIQ_S8,sec_0025,112,5.4-hierarchy_level,,,,
LOGIQ_S8,sec_0025,112,5.4-parent_child,,,,
LOGIQ_S8,sec_0025,112,5.4-page_start_end,,,,
LOGIQ_S8,sec_0025,112,5.4-hierarchy_path,,,,
LOGIQ_S8,sec_0025,112,5.4-gaps_duplicates,,,,
LOGIQ_S8,sec_0025,112,5.4-flagged_for_review,,,,
LOGIQ_S8,sec_0025,112,5.4-structural_source,,,,
LOGIQ_S8,sec_0025,112,5.6-numbering_scheme,,,,
LOGIQ_S8,sec_0025,112,5.6-offset_applied,,,,
LOGIQ_S8,sec_0025,112,5.5-filters_discarding,,,,
LOGIQ_S8,sec_0025,112,5.5-filters_passing_noise,,,,
LOGIQ_S8,sec_0025,112,5.5-image_section_mapping,,,,
LOGIQ_S8,sec_0026,126,5.4-hierarchy_level,,,,
LOGIQ_S8,sec_0026,126,5.4-parent_child,,,,
LOGIQ_S8,sec_0026,126,5.4-page_start_end,,,,
LOGIQ_S8,sec_0026,126,5.4-hierarchy_path,,,,
LOGIQ_S8,sec_0026,126,5.4-gaps_duplicates,,,,
LOGIQ_S8,sec_0026,126,5.4-flagged_for_review,,,,
LOGIQ_S8,sec_0026,126,5.4-structural_source,,,,
LOGIQ_S8,sec_0026,126,5.6-numbering_scheme,,,,
LOGIQ_S8,sec_0026,126,5.6-offset_applied,,,,
LOGIQ_S8,sec_0026,126,5.6-table_content,,,,
LOGIQ_S8,sec_0026,126,5.5-filters_discarding,,,,
LOGIQ_S8,sec_0026,126,5.5-filters_passing_noise,,,,
LOGIQ_S8,sec_0026,126,5.5-image_section_mapping,,,,
LOGIQ_S8,sec_0027,133,5.4-hierarchy_level,,,,
LOGIQ_S8,sec_0027,133,5.4-parent_child,,,,
LOGIQ_S8,sec_0027,133,5.4-page_start_end,,,,
LOGIQ_S8,sec_0027,133,5.4-hierarchy_path,,,,
LOGIQ_S8,sec_0027,133,5.4-gaps_duplicates,,,,
LOGIQ_S8,sec_0027,133,5.4-flagged_for_review,,,,
LOGIQ_S8,sec_0027,133,5.4-structural_source,,,,
LOGIQ_S8,sec_0027,133,5.6-numbering_scheme,,,,
LOGIQ_S8,sec_0027,133,5.6-offset_applied,,,,
LOGIQ_S8,sec_0027,133,5.5-filters_discarding,,,,
LOGIQ_S8,sec_0027,133,5.5-filters_passing_noise,,,,
LOGIQ_S8,sec_0027,133,5.5-image_section_mapping,,,,
LOGIQ_S8,sec_0028,140,5.4-hierarchy_level,,,,
LOGIQ_S8,sec_0028,140,5.4-parent_child,,,,
LOGIQ_S8,sec_0028,140,5.4-page_start_end,,,,
LOGIQ_S8,sec_0028,140,5.4-hierarchy_path,,,,
LOGIQ_S8,sec_0028,140,5.4-gaps_duplicates,,,,
LOGIQ_S8,sec_0028,140,5.4-flagged_for_review,,,,
LOGIQ_S8,sec_0028,140,5.4-structural_source,,,,
LOGIQ_S8,sec_0028,140,5.6-numbering_scheme,,,,
LOGIQ_S8,sec_0028,140,5.6-offset_applied,,,,
LOGIQ_S8,sec_0028,140,5.6-table_content,,,,
LOGIQ_S8,sec_0028,140,5.5-filters_discarding,,,,
LOGIQ_S8,sec_0028,140,5.5-filters_passing_noise,,,,
LOGIQ_S8,sec_0028,140,5.5-image_section_mapping,,,,
LOGIQ_S8,sec_0029,160,5.4-hierarchy_level,,,,
LOGIQ_S8,sec_0029,160,5.4-parent_child,,,,
LOGIQ_S8,sec_0029,160,5.4-page_start_end,,,,
LOGIQ_S8,sec_0029,160,5.4-hierarchy_path,,,,
LOGIQ_S8,sec_0029,160,5.4-gaps_duplicates,,,,
LOGIQ_S8,sec_0029,160,5.4-flagged_for_review,,,,
LOGIQ_S8,sec_0029,160,5.4-structural_source,,,,
LOGIQ_S8,sec_0029,160,5.6-numbering_scheme,,,,
LOGIQ_S8,sec_0029,160,5.6-offset_applied,,,,
LOGIQ_S8,sec_0029,160,5.6-table_content,,,,
LOGIQ_S8,sec_0029,160,5.5-filters_discarding,,,,
LOGIQ_S8,sec_0029,160,5.5-filters_passing_noise,,,,
LOGIQ_S8,sec_0029,160,5.5-image_section_mapping,,,,
LOGIQ_S8,sec_0030,167,5.4-hierarchy_level,,,,
LOGIQ_S8,sec_0030,167,5.4-parent_child,,,,
LOGIQ_S8,sec_0030,167,5.4-page_start_end,,,,
LOGIQ_S8,sec_0030,167,5.4-hierarchy_path,,,,
LOGIQ_S8,sec_0030,167,5.4-gaps_duplicates,,,,
LOGIQ_S8,sec_0030,167,5.4-flagged_for_review,,,,
LOGIQ_S8,sec_0030,167,5.4-structural_source,,,,
LOGIQ_S8,sec_0030,167,5.6-numbering_scheme,,,,
LOGIQ_S8,sec_0030,167,5.6-offset_applied,,,,
LOGIQ_S8,sec_0030,167,5.6-table_content,,,,
LOGIQ_S8,sec_0030,167,5.5-filters_discarding,,,,
LOGIQ_S8,sec_0030,167,5.5-filters_passing_noise,,,,
LOGIQ_S8,sec_0030,167,5.5-image_section_mapping,,,,
LOGIQ_S8,sec_0031,174,5.4-hierarchy_level,,,,
LOGIQ_S8,sec_0031,174,5.4-parent_child,,,,
LOGIQ_S8,sec_0031,174,5.4-page_start_end,,,,
LOGIQ_S8,sec_0031,174,5.4-hierarchy_path,,,,
LOGIQ_S8,sec_0031,174,5.4-gaps_duplicates,,,,
LOGIQ_S8,sec_0031,174,5.4-flagged_for_review,,,,
LOGIQ_S8,sec_0031,174,5.4-structural_source,,,,
LOGIQ_S8,sec_0031,174,5.6-numbering_scheme,,,,
LOGIQ_S8,sec_0031,174,5.6-offset_applied,,,,
LOGIQ_S8,sec_0031,174,5.6-table_content,,,,
LOGIQ_S8,sec_0031,174,5.5-filters_discarding,,,,
LOGIQ_S8,sec_0031,174,5.5-filters_passing_noise,,,,
LOGIQ_S8,sec_0031,174,5.5-image_section_mapping,,,,
LOGIQ_S8,sec_0034,188,5.4-hierarchy_level,,,,
LOGIQ_S8,sec_0034,188,5.4-parent_child,,,,
LOGIQ_S8,sec_0034,188,5.4-page_start_end,,,,
LOGIQ_S8,sec_0034,188,5.4-hierarchy_path,,,,
LOGIQ_S8,sec_0034,188,5.4-gaps_duplicates,,,,
LOGIQ_S8,sec_0034,188,5.4-flagged_for_review,,,,
LOGIQ_S8,sec_0034,188,5.4-structural_source,,,,
LOGIQ_S8,sec_0034,188,5.6-numbering_scheme,,,,
LOGIQ_S8,sec_0034,188,5.6-offset_applied,,,,
LOGIQ_S8,sec_0034,188,5.5-filters_discarding,,,,
LOGIQ_S8,sec_0034,188,5.5-filters_passing_noise,,,,
LOGIQ_S8,sec_0034,188,5.5-image_section_mapping,,,,
LOGIQ_S8,sec_0036,189,5.4-hierarchy_level,,,,
LOGIQ_S8,sec_0036,189,5.4-parent_child,,,,
LOGIQ_S8,sec_0036,189,5.4-page_start_end,,,,
LOGIQ_S8,sec_0036,189,5.4-hierarchy_path,,,,
LOGIQ_S8,sec_0036,189,5.4-gaps_duplicates,,,,
LOGIQ_S8,sec_0036,189,5.4-flagged_for_review,,,,
LOGIQ_S8,sec_0036,189,5.4-structural_source,,,,
LOGIQ_S8,sec_0036,189,5.6-numbering_scheme,,,,
LOGIQ_S8,sec_0036,189,5.6-offset_applied,,,,
LOGIQ_S8,sec_0036,189,5.6-table_content,,,,
LOGIQ_S8,sec_0036,189,5.5-filters_discarding,,,,
LOGIQ_S8,sec_0036,189,5.5-filters_passing_noise,,,,
LOGIQ_S8,sec_0036,189,5.5-image_section_mapping,,,,
LOGIQ_S8,sec_0038,196,5.4-hierarchy_level,PASS,,"Section 4-3 General procedures (sec_0038) has hierarchy_level 2, level 2 under Chapter 4 (sec_0035, level 1). On p196 the running footer reads the same section title, so it is a section-level entry. On p196 (folio 4 - 8) the page shows heading 4-3-5-2 Monitor Arm Lock, five steps, Figure 4-4 Unlock/Lock dials.",
LOGIQ_S8,sec_0038,196,5.4-parent_child,PASS,,"parent_section_id is sec_0035 Chapter 4 (p189-238) and child_sections is empty. Sub-headings seen on p196 (nodes #/texts/2409-2418) are only heading nodes inside sec_0038, with no bookmark-level children. On p196 (folio 4 - 8) the page shows heading 4-3-5-2 Monitor Arm Lock, five steps, Figure 4-4 Unlock/Lock dials.",
LOGIQ_S8,sec_0038,196,5.4-page_start_end,PASS,,"The section starts at p190 (title node #/texts/2313) and ends at p205 (4-3-9 and Figure 4-14, node #/texts/2572; folio 4 - 17). Boundaries: sec_0039 starts at p206; sec_0037 ends at p189. On p196 all nodes (#/texts/2409-2418) belong to Section 4-3 General procedures.",
LOGIQ_S8,sec_0038,196,5.4-hierarchy_path,PASS,,"hierarchy_path ""/Chapter 4/Section 4-3 General procedures"" matches the visible chain Chapter -> section title. p196 footer shows the section title.",
LOGIQ_S8,sec_0038,196,5.4-gaps_duplicates,PASS,,"semantic_order range 2386-2649 (previous ends 2385, next starts 2650) joins the previous and next sections with no gap and no overlap. Section 4-3 General procedures appears once. On p196 the nodes #/texts/2409-2418 appear once.",
LOGIQ_S8,sec_0038,196,5.4-flagged_for_review,PASS,,"sec_0038 has flagged_for_review false with verification_score 100.0. The title is seen on its first page (p190 (title node #/texts/2313)), so no flag is needed.",
LOGIQ_S8,sec_0038,196,5.4-structural_source,PASS,,"structural_source is toc, not inferred. The title and page match the embedded bookmark position seen at p190 (title node #/texts/2313).",
LOGIQ_S8,sec_0038,196,5.6-numbering_scheme,PASS,,"numbering_scheme is arabic. The printed folio on p196 is ""4 - 8"" (chapter-page style), which agrees with an arabic scheme with no roman front matter nearby.",
LOGIQ_S8,sec_0038,196,5.6-offset_applied,PASS,,"offset_applied is 0, the same as the neighbouring sections. The section title is on physical page p190 which equals page_start, so offset 0 is plausible.",
LOGIQ_S8,sec_0038,196,5.6-table_content,PASS,,"There is no table on p196. The section has one table, #/tables/77 (monitor range values for 19 inch, 23 inch and 22 inch monitors), on p195, which was not rendered in this batch.",
LOGIQ_S8,sec_0038,196,5.5-filters_discarding,PASS,,"On p196 (folio 4 - 8) the page shows heading 4-3-5-2 Monitor Arm Lock, five steps, Figure 4-4 Unlock/Lock dials. Extracted images cover every figure: img_0180 (227x99) shows both Figure 4-4 dials (Unlock, Lock). No figure on the page is missing from images.json.",
LOGIQ_S8,sec_0038,196,5.5-filters_passing_noise,PASS,,"The images on p196 are all content figures (img_0180 (227x99) shows both Figure 4-4 dials (Unlock, Lock)). The ""GE Healthcare"" header, the header rule and the footer rule are not kept as images.",
LOGIQ_S8,sec_0038,196,5.5-image_section_mapping,PASS,,"sec_0038 is the only section on p196 (neighbouring sections end before and start after this one), so images on p196 map to the right section: img_0180 (227x99) shows both Figure 4-4 dials (Unlock, Lock).",
LOGIQ_S8,sec_0039,210,5.4-hierarchy_level,,,,
LOGIQ_S8,sec_0039,210,5.4-parent_child,,,,
LOGIQ_S8,sec_0039,210,5.4-page_start_end,,,,
LOGIQ_S8,sec_0039,210,5.4-hierarchy_path,,,,
LOGIQ_S8,sec_0039,210,5.4-gaps_duplicates,,,,
LOGIQ_S8,sec_0039,210,5.4-flagged_for_review,,,,
LOGIQ_S8,sec_0039,210,5.4-structural_source,,,,
LOGIQ_S8,sec_0039,210,5.6-numbering_scheme,,,,
LOGIQ_S8,sec_0039,210,5.6-offset_applied,,,,
LOGIQ_S8,sec_0039,210,5.6-table_content,,,,
LOGIQ_S8,sec_0039,210,5.5-filters_discarding,,,,
LOGIQ_S8,sec_0039,210,5.5-filters_passing_noise,,,,
LOGIQ_S8,sec_0039,210,5.5-image_section_mapping,,,,
LOGIQ_S8,sec_0042,238,5.4-hierarchy_level,,,,
LOGIQ_S8,sec_0042,238,5.4-parent_child,,,,
LOGIQ_S8,sec_0042,238,5.4-page_start_end,,,,
LOGIQ_S8,sec_0042,238,5.4-hierarchy_path,,,,
LOGIQ_S8,sec_0042,238,5.4-gaps_duplicates,,,,
LOGIQ_S8,sec_0042,238,5.4-flagged_for_review,,,,
LOGIQ_S8,sec_0042,238,5.4-structural_source,,,,
LOGIQ_S8,sec_0042,238,5.6-numbering_scheme,,,,
LOGIQ_S8,sec_0042,238,5.6-offset_applied,,,,
LOGIQ_S8,sec_0042,238,5.6-table_content,,,,
LOGIQ_S8,sec_0042,238,5.5-filters_discarding,,,,
LOGIQ_S8,sec_0042,238,5.5-filters_passing_noise,,,,
LOGIQ_S8,sec_0042,238,5.5-image_section_mapping,,,,
LOGIQ_S8,sec_0044,239,5.4-hierarchy_level,,,,
LOGIQ_S8,sec_0044,239,5.4-parent_child,,,,
LOGIQ_S8,sec_0044,239,5.4-page_start_end,,,,
LOGIQ_S8,sec_0044,239,5.4-hierarchy_path,,,,
LOGIQ_S8,sec_0044,239,5.4-gaps_duplicates,,,,
LOGIQ_S8,sec_0044,239,5.4-flagged_for_review,,,,
LOGIQ_S8,sec_0044,239,5.4-structural_source,,,,
LOGIQ_S8,sec_0044,239,5.6-numbering_scheme,,,,
LOGIQ_S8,sec_0044,239,5.6-offset_applied,,,,
LOGIQ_S8,sec_0044,239,5.6-table_content,,,,
LOGIQ_S8,sec_0044,239,5.5-filters_discarding,,,,
LOGIQ_S8,sec_0044,239,5.5-filters_passing_noise,,,,
LOGIQ_S8,sec_0044,239,5.5-image_section_mapping,,,,
LOGIQ_S8,sec_0045,246,5.4-hierarchy_level,,,,
LOGIQ_S8,sec_0045,246,5.4-parent_child,,,,
LOGIQ_S8,sec_0045,246,5.4-page_start_end,,,,
LOGIQ_S8,sec_0045,246,5.4-hierarchy_path,,,,
LOGIQ_S8,sec_0045,246,5.4-gaps_duplicates,,,,
LOGIQ_S8,sec_0045,246,5.4-flagged_for_review,,,,
LOGIQ_S8,sec_0045,246,5.4-structural_source,,,,
LOGIQ_S8,sec_0045,246,5.6-numbering_scheme,,,,
LOGIQ_S8,sec_0045,246,5.6-offset_applied,,,,
LOGIQ_S8,sec_0045,246,5.6-table_content,,,,
LOGIQ_S8,sec_0045,246,5.5-filters_discarding,,,,
LOGIQ_S8,sec_0045,246,5.5-filters_passing_noise,,,,
LOGIQ_S8,sec_0045,246,5.5-image_section_mapping,,,,
LOGIQ_S8,sec_0049,254,5.4-hierarchy_level,,,,
LOGIQ_S8,sec_0049,254,5.4-parent_child,,,,
LOGIQ_S8,sec_0049,254,5.4-page_start_end,,,,
LOGIQ_S8,sec_0049,254,5.4-hierarchy_path,,,,
LOGIQ_S8,sec_0049,254,5.4-gaps_duplicates,,,,
LOGIQ_S8,sec_0049,254,5.4-flagged_for_review,,,,
LOGIQ_S8,sec_0049,254,5.4-structural_source,,,,
LOGIQ_S8,sec_0049,254,5.6-numbering_scheme,,,,
LOGIQ_S8,sec_0049,254,5.6-offset_applied,,,,
LOGIQ_S8,sec_0049,254,5.6-table_content,,,,
LOGIQ_S8,sec_0049,254,5.5-filters_discarding,,,,
LOGIQ_S8,sec_0049,254,5.5-filters_passing_noise,,,,
LOGIQ_S8,sec_0049,254,5.5-image_section_mapping,,,,
LOGIQ_S8,sec_0050,261,5.4-hierarchy_level,,,,
LOGIQ_S8,sec_0050,261,5.4-parent_child,,,,
LOGIQ_S8,sec_0050,261,5.4-page_start_end,,,,
LOGIQ_S8,sec_0050,261,5.4-hierarchy_path,,,,
LOGIQ_S8,sec_0050,261,5.4-gaps_duplicates,,,,
LOGIQ_S8,sec_0050,261,5.4-flagged_for_review,,,,
LOGIQ_S8,sec_0050,261,5.4-structural_source,,,,
LOGIQ_S8,sec_0050,261,5.6-numbering_scheme,,,,
LOGIQ_S8,sec_0050,261,5.6-offset_applied,,,,
LOGIQ_S8,sec_0050,261,5.6-table_content,,,,
LOGIQ_S8,sec_0050,261,5.5-filters_discarding,,,,
LOGIQ_S8,sec_0050,261,5.5-filters_passing_noise,,,,
LOGIQ_S8,sec_0050,261,5.5-image_section_mapping,,,,
LOGIQ_S8,sec_0054,268,5.4-hierarchy_level,,,,
LOGIQ_S8,sec_0054,268,5.4-parent_child,,,,
LOGIQ_S8,sec_0054,268,5.4-page_start_end,,,,
LOGIQ_S8,sec_0054,268,5.4-hierarchy_path,,,,
LOGIQ_S8,sec_0054,268,5.4-gaps_duplicates,,,,
LOGIQ_S8,sec_0054,268,5.4-flagged_for_review,,,,
LOGIQ_S8,sec_0054,268,5.4-structural_source,,,,
LOGIQ_S8,sec_0054,268,5.6-numbering_scheme,,,,
LOGIQ_S8,sec_0054,268,5.6-offset_applied,,,,
LOGIQ_S8,sec_0054,268,5.5-filters_discarding,,,,
LOGIQ_S8,sec_0054,268,5.5-filters_passing_noise,,,,
LOGIQ_S8,sec_0054,268,5.5-image_section_mapping,,,,
LOGIQ_S8,sec_0056,269,5.4-hierarchy_level,,,,
LOGIQ_S8,sec_0056,269,5.4-parent_child,,,,
LOGIQ_S8,sec_0056,269,5.4-page_start_end,,,,
LOGIQ_S8,sec_0056,269,5.4-hierarchy_path,,,,
LOGIQ_S8,sec_0056,269,5.4-gaps_duplicates,,,,
LOGIQ_S8,sec_0056,269,5.4-flagged_for_review,,,,
LOGIQ_S8,sec_0056,269,5.4-structural_source,,,,
LOGIQ_S8,sec_0056,269,5.6-numbering_scheme,,,,
LOGIQ_S8,sec_0056,269,5.6-offset_applied,,,,
LOGIQ_S8,sec_0056,269,5.5-filters_discarding,,,,
LOGIQ_S8,sec_0056,269,5.5-filters_passing_noise,,,,
LOGIQ_S8,sec_0056,269,5.5-image_section_mapping,,,,
LOGIQ_S8,sec_0058,282,5.4-hierarchy_level,,,,
LOGIQ_S8,sec_0058,282,5.4-parent_child,,,,
LOGIQ_S8,sec_0058,282,5.4-page_start_end,,,,
LOGIQ_S8,sec_0058,282,5.4-hierarchy_path,,,,
LOGIQ_S8,sec_0058,282,5.4-gaps_duplicates,,,,
LOGIQ_S8,sec_0058,282,5.4-flagged_for_review,,,,
LOGIQ_S8,sec_0058,282,5.4-structural_source,,,,
LOGIQ_S8,sec_0058,282,5.6-numbering_scheme,,,,
LOGIQ_S8,sec_0058,282,5.6-offset_applied,,,,
LOGIQ_S8,sec_0058,282,5.5-filters_discarding,,,,
LOGIQ_S8,sec_0058,282,5.5-filters_passing_noise,,,,
LOGIQ_S8,sec_0058,282,5.5-image_section_mapping,,,,
LOGIQ_S8,sec_0060,283,5.4-hierarchy_level,,,,
LOGIQ_S8,sec_0060,283,5.4-parent_child,,,,
LOGIQ_S8,sec_0060,283,5.4-page_start_end,,,,
LOGIQ_S8,sec_0060,283,5.4-hierarchy_path,,,,
LOGIQ_S8,sec_0060,283,5.4-gaps_duplicates,,,,
LOGIQ_S8,sec_0060,283,5.4-flagged_for_review,,,,
LOGIQ_S8,sec_0060,283,5.4-structural_source,,,,
LOGIQ_S8,sec_0060,283,5.6-numbering_scheme,,,,
LOGIQ_S8,sec_0060,283,5.6-offset_applied,,,,
LOGIQ_S8,sec_0060,283,5.6-table_content,,,,
LOGIQ_S8,sec_0060,283,5.5-filters_discarding,,,,
LOGIQ_S8,sec_0060,283,5.5-filters_passing_noise,,,,
LOGIQ_S8,sec_0060,283,5.5-image_section_mapping,,,,
LOGIQ_S8,sec_0062,290,5.4-hierarchy_level,,,,
LOGIQ_S8,sec_0062,290,5.4-parent_child,,,,
LOGIQ_S8,sec_0062,290,5.4-page_start_end,,,,
LOGIQ_S8,sec_0062,290,5.4-hierarchy_path,,,,
LOGIQ_S8,sec_0062,290,5.4-gaps_duplicates,,,,
LOGIQ_S8,sec_0062,290,5.4-flagged_for_review,,,,
LOGIQ_S8,sec_0062,290,5.4-structural_source,,,,
LOGIQ_S8,sec_0062,290,5.6-numbering_scheme,,,,
LOGIQ_S8,sec_0062,290,5.6-offset_applied,,,,
LOGIQ_S8,sec_0062,290,5.6-table_content,,,,
LOGIQ_S8,sec_0062,290,5.5-filters_discarding,,,,
LOGIQ_S8,sec_0062,290,5.5-filters_passing_noise,,,,
LOGIQ_S8,sec_0062,290,5.5-image_section_mapping,,,,
LOGIQ_S8,sec_0063,304,5.4-hierarchy_level,,,,
LOGIQ_S8,sec_0063,304,5.4-parent_child,,,,
LOGIQ_S8,sec_0063,304,5.4-page_start_end,,,,
LOGIQ_S8,sec_0063,304,5.4-hierarchy_path,,,,
LOGIQ_S8,sec_0063,304,5.4-gaps_duplicates,,,,
LOGIQ_S8,sec_0063,304,5.4-flagged_for_review,,,,
LOGIQ_S8,sec_0063,304,5.4-structural_source,,,,
LOGIQ_S8,sec_0063,304,5.6-numbering_scheme,,,,
LOGIQ_S8,sec_0063,304,5.6-offset_applied,,,,
LOGIQ_S8,sec_0063,304,5.6-table_content,,,,
LOGIQ_S8,sec_0063,304,5.5-filters_discarding,,,,
LOGIQ_S8,sec_0063,304,5.5-filters_passing_noise,,,,
LOGIQ_S8,sec_0063,304,5.5-image_section_mapping,,,,
LOGIQ_S8,sec_0064,326,5.4-hierarchy_level,,,,
LOGIQ_S8,sec_0064,326,5.4-parent_child,,,,
LOGIQ_S8,sec_0064,326,5.4-page_start_end,,,,
LOGIQ_S8,sec_0064,326,5.4-hierarchy_path,,,,
LOGIQ_S8,sec_0064,326,5.4-gaps_duplicates,,,,
LOGIQ_S8,sec_0064,326,5.4-flagged_for_review,,,,
LOGIQ_S8,sec_0064,326,5.4-structural_source,,,,
LOGIQ_S8,sec_0064,326,5.6-numbering_scheme,,,,
LOGIQ_S8,sec_0064,326,5.6-offset_applied,,,,
LOGIQ_S8,sec_0064,326,5.6-table_content,,,,
LOGIQ_S8,sec_0064,326,5.5-filters_discarding,,,,
LOGIQ_S8,sec_0064,326,5.5-filters_passing_noise,,,,
LOGIQ_S8,sec_0064,326,5.5-image_section_mapping,,,,
LOGIQ_S8,sec_0065,333,5.4-hierarchy_level,,,,
LOGIQ_S8,sec_0065,333,5.4-parent_child,,,,
LOGIQ_S8,sec_0065,333,5.4-page_start_end,,,,
LOGIQ_S8,sec_0065,333,5.4-hierarchy_path,,,,
LOGIQ_S8,sec_0065,333,5.4-gaps_duplicates,,,,
LOGIQ_S8,sec_0065,333,5.4-flagged_for_review,,,,
LOGIQ_S8,sec_0065,333,5.4-structural_source,,,,
LOGIQ_S8,sec_0065,333,5.6-numbering_scheme,,,,
LOGIQ_S8,sec_0065,333,5.6-offset_applied,,,,
LOGIQ_S8,sec_0065,333,5.6-table_content,,,,
LOGIQ_S8,sec_0065,333,5.5-filters_discarding,,,,
LOGIQ_S8,sec_0065,333,5.5-filters_passing_noise,,,,
LOGIQ_S8,sec_0065,333,5.5-image_section_mapping,,,,
LOGIQ_S8,sec_0066,355,5.4-hierarchy_level,,,,
LOGIQ_S8,sec_0066,355,5.4-parent_child,,,,
LOGIQ_S8,sec_0066,355,5.4-page_start_end,,,,
LOGIQ_S8,sec_0066,355,5.4-hierarchy_path,,,,
LOGIQ_S8,sec_0066,355,5.4-gaps_duplicates,,,,
LOGIQ_S8,sec_0066,355,5.4-flagged_for_review,,,,
LOGIQ_S8,sec_0066,355,5.4-structural_source,,,,
LOGIQ_S8,sec_0066,355,5.6-numbering_scheme,,,,
LOGIQ_S8,sec_0066,355,5.6-offset_applied,,,,
LOGIQ_S8,sec_0066,355,5.6-table_content,,,,
LOGIQ_S8,sec_0066,355,5.5-filters_discarding,,,,
LOGIQ_S8,sec_0066,355,5.5-filters_passing_noise,,,,
LOGIQ_S8,sec_0066,355,5.5-image_section_mapping,,,,
LOGIQ_S8,sec_0067,376,5.4-hierarchy_level,,,,
LOGIQ_S8,sec_0067,376,5.4-parent_child,,,,
LOGIQ_S8,sec_0067,376,5.4-page_start_end,,,,
LOGIQ_S8,sec_0067,376,5.4-hierarchy_path,,,,
LOGIQ_S8,sec_0067,376,5.4-gaps_duplicates,,,,
LOGIQ_S8,sec_0067,376,5.4-flagged_for_review,,,,
LOGIQ_S8,sec_0067,376,5.4-structural_source,,,,
LOGIQ_S8,sec_0067,376,5.6-numbering_scheme,,,,
LOGIQ_S8,sec_0067,376,5.6-offset_applied,,,,
LOGIQ_S8,sec_0067,376,5.6-table_content,,,,
LOGIQ_S8,sec_0067,376,5.5-filters_discarding,,,,
LOGIQ_S8,sec_0067,376,5.5-filters_passing_noise,,,,
LOGIQ_S8,sec_0067,376,5.5-image_section_mapping,,,,
LOGIQ_S8,sec_0069,377,5.4-hierarchy_level,,,,
LOGIQ_S8,sec_0069,377,5.4-parent_child,,,,
LOGIQ_S8,sec_0069,377,5.4-page_start_end,,,,
LOGIQ_S8,sec_0069,377,5.4-hierarchy_path,,,,
LOGIQ_S8,sec_0069,377,5.4-gaps_duplicates,,,,
LOGIQ_S8,sec_0069,377,5.4-flagged_for_review,,,,
LOGIQ_S8,sec_0069,377,5.4-structural_source,,,,
LOGIQ_S8,sec_0069,377,5.6-numbering_scheme,,,,
LOGIQ_S8,sec_0069,377,5.6-offset_applied,,,,
LOGIQ_S8,sec_0069,377,5.6-table_content,,,,
LOGIQ_S8,sec_0069,377,5.5-filters_discarding,,,,
LOGIQ_S8,sec_0069,377,5.5-filters_passing_noise,,,,
LOGIQ_S8,sec_0069,377,5.5-image_section_mapping,,,,
LOGIQ_S8,sec_0072,384,5.4-hierarchy_level,,,,
LOGIQ_S8,sec_0072,384,5.4-parent_child,,,,
LOGIQ_S8,sec_0072,384,5.4-page_start_end,,,,
LOGIQ_S8,sec_0072,384,5.4-hierarchy_path,,,,
LOGIQ_S8,sec_0072,384,5.4-gaps_duplicates,,,,
LOGIQ_S8,sec_0072,384,5.4-flagged_for_review,,,,
LOGIQ_S8,sec_0072,384,5.4-structural_source,,,,
LOGIQ_S8,sec_0072,384,5.6-numbering_scheme,,,,
LOGIQ_S8,sec_0072,384,5.6-offset_applied,,,,
LOGIQ_S8,sec_0072,384,5.6-table_content,,,,
LOGIQ_S8,sec_0072,384,5.5-filters_discarding,,,,
LOGIQ_S8,sec_0072,384,5.5-filters_passing_noise,,,,
LOGIQ_S8,sec_0072,384,5.5-image_section_mapping,,,,
LOGIQ_S8,sec_0074,390,5.4-hierarchy_level,,,,
LOGIQ_S8,sec_0074,390,5.4-parent_child,,,,
LOGIQ_S8,sec_0074,390,5.4-page_start_end,,,,
LOGIQ_S8,sec_0074,390,5.4-hierarchy_path,,,,
LOGIQ_S8,sec_0074,390,5.4-gaps_duplicates,,,,
LOGIQ_S8,sec_0074,390,5.4-flagged_for_review,,,,
LOGIQ_S8,sec_0074,390,5.4-structural_source,,,,
LOGIQ_S8,sec_0074,390,5.6-numbering_scheme,,,,
LOGIQ_S8,sec_0074,390,5.6-offset_applied,,,,
LOGIQ_S8,sec_0074,390,5.6-table_content,,,,
LOGIQ_S8,sec_0074,390,5.5-filters_discarding,,,,
LOGIQ_S8,sec_0074,390,5.5-filters_passing_noise,,,,
LOGIQ_S8,sec_0074,390,5.5-image_section_mapping,,,,
LOGIQ_S8,sec_0075,464,5.4-hierarchy_level,,,,
LOGIQ_S8,sec_0075,464,5.4-parent_child,,,,
LOGIQ_S8,sec_0075,464,5.4-page_start_end,,,,
LOGIQ_S8,sec_0075,464,5.4-hierarchy_path,,,,
LOGIQ_S8,sec_0075,464,5.4-gaps_duplicates,,,,
LOGIQ_S8,sec_0075,464,5.4-flagged_for_review,,,,
LOGIQ_S8,sec_0075,464,5.4-structural_source,,,,
LOGIQ_S8,sec_0075,464,5.6-numbering_scheme,,,,
LOGIQ_S8,sec_0075,464,5.6-offset_applied,,,,
LOGIQ_S8,sec_0075,464,5.6-table_content,,,,
LOGIQ_S8,sec_0075,464,5.5-filters_discarding,,,,
LOGIQ_S8,sec_0075,464,5.5-filters_passing_noise,,,,
LOGIQ_S8,sec_0075,464,5.5-image_section_mapping,,,,
LOGIQ_S8,sec_0076,471,5.4-hierarchy_level,,,,
LOGIQ_S8,sec_0076,471,5.4-parent_child,,,,
LOGIQ_S8,sec_0076,471,5.4-page_start_end,,,,
LOGIQ_S8,sec_0076,471,5.4-hierarchy_path,,,,
LOGIQ_S8,sec_0076,471,5.4-gaps_duplicates,,,,
LOGIQ_S8,sec_0076,471,5.4-flagged_for_review,,,,
LOGIQ_S8,sec_0076,471,5.4-structural_source,,,,
LOGIQ_S8,sec_0076,471,5.6-numbering_scheme,,,,
LOGIQ_S8,sec_0076,471,5.6-offset_applied,,,,
LOGIQ_S8,sec_0076,471,5.5-filters_discarding,,,,
LOGIQ_S8,sec_0076,471,5.5-filters_passing_noise,,,,
LOGIQ_S8,sec_0076,471,5.5-image_section_mapping,,,,
LOGIQ_S8,sec_0079,478,5.4-hierarchy_level,,,,
LOGIQ_S8,sec_0079,478,5.4-parent_child,,,,
LOGIQ_S8,sec_0079,478,5.4-page_start_end,,,,
LOGIQ_S8,sec_0079,478,5.4-hierarchy_path,,,,
LOGIQ_S8,sec_0079,478,5.4-gaps_duplicates,,,,
LOGIQ_S8,sec_0079,478,5.4-flagged_for_review,,,,
LOGIQ_S8,sec_0079,478,5.4-structural_source,,,,
LOGIQ_S8,sec_0079,478,5.6-numbering_scheme,,,,
LOGIQ_S8,sec_0079,478,5.6-offset_applied,,,,
LOGIQ_S8,sec_0079,478,5.6-table_content,,,,
LOGIQ_S8,sec_0079,478,5.5-filters_discarding,,,,
LOGIQ_S8,sec_0079,478,5.5-filters_passing_noise,,,,
LOGIQ_S8,sec_0079,478,5.5-image_section_mapping,,,,
LOGIQ_S8,sec_0080,484,5.4-hierarchy_level,,,,
LOGIQ_S8,sec_0080,484,5.4-parent_child,,,,
LOGIQ_S8,sec_0080,484,5.4-page_start_end,,,,
LOGIQ_S8,sec_0080,484,5.4-hierarchy_path,,,,
LOGIQ_S8,sec_0080,484,5.4-gaps_duplicates,,,,
LOGIQ_S8,sec_0080,484,5.4-flagged_for_review,,,,
LOGIQ_S8,sec_0080,484,5.4-structural_source,,,,
LOGIQ_S8,sec_0080,484,5.6-numbering_scheme,,,,
LOGIQ_S8,sec_0080,484,5.6-offset_applied,,,,
LOGIQ_S8,sec_0080,484,5.6-table_content,,,,
LOGIQ_S8,sec_0080,484,5.5-filters_discarding,,,,
LOGIQ_S8,sec_0080,484,5.5-filters_passing_noise,,,,
LOGIQ_S8,sec_0080,484,5.5-image_section_mapping,,,,
LOGIQ_S8,sec_0083,491,5.4-hierarchy_level,PASS,,"Section 8-15 Monitor and Monitor Arm Plastic Covers Replacement (sec_0083) has hierarchy_level 2, level 2 under Chapter 8 (sec_0068). On p491 the running footer reads the same section title, so it is a section-level entry. On p491 (folio 8 - 115) the page shows title Section 8-15, 8-15-1 Manpower, 8-15-2 Tools, 8-15-3 19 inch LCD monitor, 8-15-3-1 Preparations and 8-15-3-2 Remove Procedure, each with a Step/Illustration table.",
LOGIQ_S8,sec_0083,491,5.4-parent_child,PASS,,"parent_section_id is sec_0068 Chapter 8 and child_sections is empty. Sub-headings seen on p491 (nodes #/texts/6334-6352) are only heading nodes inside sec_0083, with no bookmark-level children. On p491 (folio 8 - 115) the page shows title Section 8-15, 8-15-1 Manpower, 8-15-2 Tools, 8-15-3 19 inch LCD monitor, 8-15-3-1 Preparations and 8-15-3-2 Remove Procedure, each with a Step/Illustration table.",
LOGIQ_S8,sec_0083,491,5.4-page_start_end,PASS,,The section starts at p491 (title node #/texts/6336) and ends at p502 (8-15-7-3 Functional Checks and table #/tables/205; folio 8 - 126). Boundaries: sec_0084 starts at p503; sec_0082 ends at p490. On p491 all nodes (#/texts/6334-6352) belong to Section 8-15 Monitor and Monitor Arm Plastic Covers Replacement.,
LOGIQ_S8,sec_0083,491,5.4-hierarchy_path,PASS,,"hierarchy_path ""/Chapter 8/Section 8-15 Monitor and Monitor Arm Plastic Covers Replacement"" matches the visible chain Chapter -> section title. p491 footer shows the section title.",
LOGIQ_S8,sec_0083,491,5.4-gaps_duplicates,PASS,,"semantic_order range 6533-6692 (previous ends 6532, next starts 6693) joins the previous and next sections with no gap and no overlap. Section 8-15 Monitor and Monitor Arm Plastic Covers Replacement appears once. On p491 the nodes #/texts/6334-6352 appear once.",
LOGIQ_S8,sec_0083,491,5.4-flagged_for_review,PASS,,"sec_0083 has flagged_for_review false with verification_score 100.0. The title is seen on its first page (p491 (title node #/texts/6336)), so no flag is needed.",
LOGIQ_S8,sec_0083,491,5.4-structural_source,PASS,,"structural_source is toc, not inferred. The title and page match the embedded bookmark position seen at p491 (title node #/texts/6336).",
LOGIQ_S8,sec_0083,491,5.6-numbering_scheme,PASS,,"numbering_scheme is arabic. The printed folio on p491 is ""8 - 115"" (chapter-page style), which agrees with an arabic scheme with no roman front matter nearby.",
LOGIQ_S8,sec_0083,491,5.6-offset_applied,PASS,,"offset_applied is 0, the same as the neighbouring sections. The section title is on physical page p491 which equals page_start, so offset 0 is plausible.",
LOGIQ_S8,sec_0083,491,5.6-table_content,FAIL,Low,"On p491 two Step/Illustration tables are visible (8-15-3-1 Preparations and 8-15-3-2 Remove Procedure). Neither is a table node. Their cells are flat paragraphs #/texts/6343-6351: ""Step"", ""Illustration"", ""1."", ""Lock the Monitor Arm to prevent hazard."", ""Locked"" and so on. The text and order are kept, but the grid is lost. The other section tables (#/tables/201-205) are on p495-p502.","Low kept: step numbers, text and order are all preserved, only the grid is lost, so values still attach to the right step. verify_claims suggests Medium because the table nodes are missing. Probably a Docling table detection miss."
LOGIQ_S8,sec_0083,491,5.5-filters_discarding,PASS,,"On p491 the photos are kept: img_0542 (571x458) is the monitor arm photo and img_0543 (vector, 1094x446) is the rear-panel photo with two arrows. On p502 (folio 8 - 126) Table 8-39 has a 'Corresponding Graphic' cover drawing with callouts 1 to 6. It is kept as img_0565 (p502, vector, 437x296) and mapped to sec_0083. I compared it with the p502 render. It shows the full drawing with all callouts 1, 2, 3, 4, 5 and 6, and nothing is cut off.","Base v1.10 was FAIL/Critical because this p502 drawing was missing. Now fixed. verify_claims reports one raster missing on p491, but that photo is inside img_0543. Probable false positive."
LOGIQ_S8,sec_0083,491,5.5-filters_passing_noise,FAIL,Low,"On p491 img_0543 (vector, 1094x446) is not only the photo. It is a render of the whole Remove Procedure table. It also holds the heading '8-15-3-2 Remove Procedure', the Step and Illustration header cells and the step text 'Loosen 2 screws, then remove the Monitor rear panel.' This text is also in the paragraph nodes. img_0542 (571x458) is only the monitor arm photo.","Low, as in approved base v1.10. img_0543 is unchanged. The real photo with arrows is kept, only repeated text and table frame come with it."
LOGIQ_S8,sec_0083,491,5.5-image_section_mapping,PASS,,"sec_0083 is the only section on p491 (neighbouring sections end before and start after this one), so images on p491 map to the right section: img_0542 (571x458) is the monitor arm photo from the Preparations table and img_0543 (vector, 1094x446) is the rear-panel photo with arrows from the Remove Procedure table.",
LOGIQ_S8,sec_0084,504,5.4-hierarchy_level,,,,
LOGIQ_S8,sec_0084,504,5.4-parent_child,,,,
LOGIQ_S8,sec_0084,504,5.4-page_start_end,,,,
LOGIQ_S8,sec_0084,504,5.4-hierarchy_path,,,,
LOGIQ_S8,sec_0084,504,5.4-gaps_duplicates,,,,
LOGIQ_S8,sec_0084,504,5.4-flagged_for_review,,,,
LOGIQ_S8,sec_0084,504,5.4-structural_source,,,,
LOGIQ_S8,sec_0084,504,5.6-numbering_scheme,,,,
LOGIQ_S8,sec_0084,504,5.6-offset_applied,,,,
LOGIQ_S8,sec_0084,504,5.6-table_content,,,,
LOGIQ_S8,sec_0084,504,5.5-filters_discarding,,,,
LOGIQ_S8,sec_0084,504,5.5-filters_passing_noise,,,,
LOGIQ_S8,sec_0084,504,5.5-image_section_mapping,,,,
LOGIQ_S8,sec_0085,538,5.4-hierarchy_level,,,,
LOGIQ_S8,sec_0085,538,5.4-parent_child,,,,
LOGIQ_S8,sec_0085,538,5.4-page_start_end,,,,
LOGIQ_S8,sec_0085,538,5.4-hierarchy_path,,,,
LOGIQ_S8,sec_0085,538,5.4-gaps_duplicates,,,,
LOGIQ_S8,sec_0085,538,5.4-flagged_for_review,,,,
LOGIQ_S8,sec_0085,538,5.4-structural_source,,,,
LOGIQ_S8,sec_0085,538,5.6-numbering_scheme,,,,
LOGIQ_S8,sec_0085,538,5.6-offset_applied,,,,
LOGIQ_S8,sec_0085,538,5.6-table_content,,,,
LOGIQ_S8,sec_0085,538,5.5-filters_discarding,,,,
LOGIQ_S8,sec_0085,538,5.5-filters_passing_noise,,,,
LOGIQ_S8,sec_0085,538,5.5-image_section_mapping,,,,
LOGIQ_S8,sec_0086,558,5.4-hierarchy_level,PASS,,"Section 8-18 Replacement around ACQ Box (sec_0086) has hierarchy_level 2, level 2 under Chapter 8 (sec_0068). On p558 the running footer reads the same section title, so it is a section-level entry. On p558 (folio 8 - 182) the page shows the end of the 8-18-4-2 Step/Illustration table (step 4 Separate BF192 and PID, with photo) and a NOTE about the stacking connector.",
LOGIQ_S8,sec_0086,558,5.4-parent_child,PASS,,"parent_section_id is sec_0068 Chapter 8 and child_sections is empty. Sub-headings seen on p558 (nodes #/texts/7102-7109) are only heading nodes inside sec_0086, with no bookmark-level children. On p558 (folio 8 - 182) the page shows the end of the 8-18-4-2 Step/Illustration table (step 4 Separate BF192 and PID, with photo) and a NOTE about the stacking connector.",
LOGIQ_S8,sec_0086,558,5.4-page_start_end,PASS,,"The section starts at p552 (title node #/texts/7044) and ends at p571 (8-18-9 Installation Procedure, node #/texts/7228; folio 8 - 195). Boundaries: sec_0087 starts at p572; sec_0085 ends at p551. On p558 all nodes (#/texts/7102-7109) belong to Section 8-18 Replacement around ACQ Box. Bottom of the range was checked on p571: only the 8-18-9 heading and step 6 are there.",
LOGIQ_S8,sec_0086,558,5.4-hierarchy_path,PASS,,"hierarchy_path ""/Chapter 8/Section 8-18 Replacement around ACQ Box"" matches the visible chain Chapter -> section title. p558 footer shows the section title.",
LOGIQ_S8,sec_0086,558,5.4-gaps_duplicates,PASS,,"semantic_order range 7255-7450 (previous ends 7254, next starts 7451) joins the previous and next sections with no gap and no overlap. Section 8-18 Replacement around ACQ Box appears once. On p558 the nodes #/texts/7102-7109 appear once.",
LOGIQ_S8,sec_0086,558,5.4-flagged_for_review,PASS,,"sec_0086 has flagged_for_review false with verification_score 100.0. The title is seen on its first page (p552 (title node #/texts/7044)), so no flag is needed.",
LOGIQ_S8,sec_0086,558,5.4-structural_source,PASS,,"structural_source is toc, not inferred. The title and page match the embedded bookmark position seen at p552 (title node #/texts/7044).",
LOGIQ_S8,sec_0086,558,5.6-numbering_scheme,PASS,,"numbering_scheme is arabic. The printed folio on p558 is ""8 - 182"" (chapter-page style), which agrees with an arabic scheme with no roman front matter nearby.",
LOGIQ_S8,sec_0086,558,5.6-offset_applied,PASS,,"offset_applied is 0, the same as the neighbouring sections. The section title is on physical page p552 which equals page_start, so offset 0 is plausible.",
LOGIQ_S8,sec_0086,558,5.6-table_content,FAIL,Low,"The step 4 table is not a table node. Its cells are separate paragraphs #/texts/7104-7107 (""4."", ""Separate BF192 and PID."", ""Step"", ""Illustration""), and the header cells come after the step text.","Low kept: the step number ""4."" and its text are still adjacent, only the header cells are out of order. verify_claims suggests Medium because the table grid is flattened. Probably a Docling table detection miss."
LOGIQ_S8,sec_0086,558,5.5-filters_discarding,PASS,,"On p558 (folio 8 - 182) the page shows the end of the 8-18-4-2 Step/Illustration table (step 4 Separate BF192 and PID, with photo) and a NOTE about the stacking connector. Extracted images cover every figure: img_0669 (496x377) is the step 4 photo. No figure on the page is missing from images.json.",
LOGIQ_S8,sec_0086,558,5.5-filters_passing_noise,PASS,,"The images on p558 are all content figures (img_0669 (496x377) is the step 4 photo). The ""GE Healthcare"" header, the header rule and the footer rule are not kept as images.",
LOGIQ_S8,sec_0086,558,5.5-image_section_mapping,PASS,,"sec_0086 is the only section on p558 (neighbouring sections end before and start after this one), so images on p558 map to the right section: img_0669 (496x377) is the step 4 photo.",
LOGIQ_S8,sec_0087,572,5.4-hierarchy_level,,,,
LOGIQ_S8,sec_0087,572,5.4-parent_child,,,,
LOGIQ_S8,sec_0087,572,5.4-page_start_end,,,,
LOGIQ_S8,sec_0087,572,5.4-hierarchy_path,,,,
LOGIQ_S8,sec_0087,572,5.4-gaps_duplicates,,,,
LOGIQ_S8,sec_0087,572,5.4-flagged_for_review,,,,
LOGIQ_S8,sec_0087,572,5.4-structural_source,,,,
LOGIQ_S8,sec_0087,572,5.6-numbering_scheme,,,,
LOGIQ_S8,sec_0087,572,5.6-offset_applied,,,,
LOGIQ_S8,sec_0087,572,5.6-table_content,,,,
LOGIQ_S8,sec_0087,572,5.5-filters_discarding,,,,
LOGIQ_S8,sec_0087,572,5.5-filters_passing_noise,,,,
LOGIQ_S8,sec_0087,572,5.5-image_section_mapping,,,,
LOGIQ_S8,sec_0088,578,5.4-hierarchy_level,,,,
LOGIQ_S8,sec_0088,578,5.4-parent_child,,,,
LOGIQ_S8,sec_0088,578,5.4-page_start_end,,,,
LOGIQ_S8,sec_0088,578,5.4-hierarchy_path,,,,
LOGIQ_S8,sec_0088,578,5.4-gaps_duplicates,,,,
LOGIQ_S8,sec_0088,578,5.4-flagged_for_review,,,,
LOGIQ_S8,sec_0088,578,5.4-structural_source,,,,
LOGIQ_S8,sec_0088,578,5.6-numbering_scheme,,,,
LOGIQ_S8,sec_0088,578,5.6-offset_applied,,,,
LOGIQ_S8,sec_0088,578,5.6-table_content,,,,
LOGIQ_S8,sec_0088,578,5.5-filters_discarding,,,,
LOGIQ_S8,sec_0088,578,5.5-filters_passing_noise,,,,
LOGIQ_S8,sec_0088,578,5.5-image_section_mapping,,,,
LOGIQ_S8,sec_0091,585,5.4-hierarchy_level,,,,
LOGIQ_S8,sec_0091,585,5.4-parent_child,,,,
LOGIQ_S8,sec_0091,585,5.4-page_start_end,,,,
LOGIQ_S8,sec_0091,585,5.4-hierarchy_path,,,,
LOGIQ_S8,sec_0091,585,5.4-gaps_duplicates,,,,
LOGIQ_S8,sec_0091,585,5.4-flagged_for_review,,,,
LOGIQ_S8,sec_0091,585,5.4-structural_source,,,,
LOGIQ_S8,sec_0091,585,5.6-numbering_scheme,,,,
LOGIQ_S8,sec_0091,585,5.6-offset_applied,,,,
LOGIQ_S8,sec_0091,585,5.6-table_content,,,,
LOGIQ_S8,sec_0091,585,5.5-filters_discarding,,,,
LOGIQ_S8,sec_0091,585,5.5-filters_passing_noise,,,,
LOGIQ_S8,sec_0091,585,5.5-image_section_mapping,,,,
LOGIQ_S8,sec_0092,598,5.4-hierarchy_level,PASS,,"Section 8-24 Replacement of Cables (sec_0092) has hierarchy_level 2, level 2 under Chapter 8 (sec_0068). On p598 the running footer reads the same section title, so it is a section-level entry. On p598 (folio 8 - 222) the page shows only Figure 8-134 (arm photo with callouts 1 to 5), with no heading on the page.",
LOGIQ_S8,sec_0092,598,5.4-parent_child,PASS,,"parent_section_id is sec_0068 Chapter 8 and child_sections is empty. Sub-headings seen on p598 (nodes #/texts/7552-7560) are only heading nodes inside sec_0092, with no bookmark-level children. On p598 (folio 8 - 222) the page shows only Figure 8-134 (arm photo with callouts 1 to 5), with no heading on the page.",
LOGIQ_S8,sec_0092,598,5.4-page_start_end,FAIL,Low,"The section is declared p596-p611. It ends on p611 (8-24-5-5 Functional Check, folio 8 - 235). But sec_0092 also holds three p612 nodes: #/texts/7667 'GE Healthcare', #/texts/7668 the manual running header, and heading #/texts/7669 'Section 8-25'. I checked p612: these are the page header and the first line of the next title 'Section 8-25 Replacement of the Probe Holder'. sec_0093 starts on p612. The sampled p598 shows only Figure 8-134 and is inside the section.","Low, same as approved precedent v1.10 sec_0066 p355: the 'Section N-N' line and running header are boilerplate. page_end stays 611 and no body text is absorbed. Probably the next title was split at the section edge."
LOGIQ_S8,sec_0092,598,5.4-hierarchy_path,PASS,,"hierarchy_path ""/Chapter 8/Section 8-24 Replacement of Cables"" matches the visible chain Chapter -> section title. p598 footer shows the section title.",
LOGIQ_S8,sec_0092,598,5.4-gaps_duplicates,PASS,,"semantic_order range 7762-7910 (previous ends 7761, next starts 7911) joins the previous and next sections with no gap and no overlap. Section 8-24 Replacement of Cables appears once. On p598 the nodes #/texts/7552-7560 appear once. The three p612 header nodes are noted in the 5.4-page_start_end row, but no content is lost or duplicated.",
LOGIQ_S8,sec_0092,598,5.4-flagged_for_review,PASS,,"sec_0092 has flagged_for_review false with verification_score 100.0. The title is seen on its first page (p596 (title node #/texts/7533)), so no flag is needed.",
LOGIQ_S8,sec_0092,598,5.4-structural_source,PASS,,"structural_source is toc, not inferred. The title and page match the embedded bookmark position seen at p596 (title node #/texts/7533).",
LOGIQ_S8,sec_0092,598,5.6-numbering_scheme,PASS,,"numbering_scheme is arabic. The printed folio on p598 is ""8 - 222"" (chapter-page style), which agrees with an arabic scheme with no roman front matter nearby.",
LOGIQ_S8,sec_0092,598,5.6-offset_applied,PASS,,"offset_applied is 0, the same as the neighbouring sections. The section title is on physical page p596 which equals page_start, so offset 0 is plausible.",
LOGIQ_S8,sec_0092,598,5.6-table_content,PASS,,There is no table on p598. The section tables are on other pages. Table #/tables/233 on p596 keeps dot leaders inside cells but the values are readable.,
LOGIQ_S8,sec_0092,598,5.5-filters_discarding,PASS,,"On p598 (folio 8 - 222) the page shows only Figure 8-134 (arm photo with callouts 1 to 5), with no heading on the page. Extracted images cover every figure: img_0759 (388x327) is the Figure 8-134 photo. No figure on the page is missing from images.json.",
LOGIQ_S8,sec_0092,598,5.5-filters_passing_noise,PASS,,"The images on p598 are all content figures (img_0759 (388x327) is the Figure 8-134 photo). The ""GE Healthcare"" header, the header rule and the footer rule are not kept as images.",
LOGIQ_S8,sec_0092,598,5.5-image_section_mapping,PASS,,"sec_0092 is the only section on p598 (neighbouring sections end before and start after this one), so images on p598 map to the right section: img_0759 (388x327) is the Figure 8-134 photo.",
LOGIQ_S8,sec_0093,612,5.4-hierarchy_level,PASS,,"On p612 the title 'Section 8-25 Replacement of the Probe Holder (Kit), Cable Hook, and Extended probe holder' is a section-size heading, the same size as other Section 8-x titles. sec_0093 has hierarchy_level 2 under Chapter 8 (sec_0068).",
LOGIQ_S8,sec_0093,612,5.4-parent_child,PASS,,"parent_section_id is sec_0068 (Chapter 8, p377-766), which contains p612. child_sections is empty. The p612-614 subheadings 8-25-1 to 8-25-7 are heading nodes inside sec_0093, not separate sections.",
LOGIQ_S8,sec_0093,612,5.4-page_start_end,PASS,,"The section title is at the top of p612, so page_start 612 is right. p614 ends with '8-25-7 Functional Check' (node #/texts/7698) and the rest of the page is empty. page_end 614 is right. Next section sec_0094 starts at p615. Only header and footer lines (#/texts/7685, 7686, 7690-7692, 7699) are boilerplate.",
LOGIQ_S8,sec_0093,612,5.4-hierarchy_path,PASS,,"hierarchy_path '/Chapter 8/Section 8-25 Replacement of the Probe Holder (Kit), Cable Hook, and Extended probe holder' matches the Chapter 8 > Section 8-25 order seen in the page title and footer.",
LOGIQ_S8,sec_0093,612,5.4-gaps_duplicates,PASS,,Previous section sec_0092 ends on p611 and sec_0093 starts on p612. Next section sec_0094 starts on p615 after sec_0093 ends on p614. There is no gap and no overlap.,
LOGIQ_S8,sec_0093,612,5.4-flagged_for_review,PASS,,"flagged_for_review is false, verification_score is 100 and the title was found on p612. The flag state fits the visible evidence.",
LOGIQ_S8,sec_0093,612,5.4-structural_source,PASS,,"structural_source is 'toc'. The title on p612 matches the bookmark title, so the TOC source is supported.",
LOGIQ_S8,sec_0093,612,5.6-numbering_scheme,PASS,,"numbering_scheme is 'arabic'. The folio on p612 reads '8 - 236', a chapter-page number made of digits. No roman folio is seen on p612-614.",The chapter prefix is not represented separately; probably acceptable.
LOGIQ_S8,sec_0093,612,5.6-offset_applied,PASS,,"offset_applied is 0. The section title appears on physical p612, and sec_0093 page_start is 612. The mapping is right.",
LOGIQ_S8,sec_0093,612,5.6-table_content,PASS,,Table 8-49 on p612 (#/tables/243) has step 1 with the text 'Simply pull out Probe Holder from its location.'. The picture labels 'Small Probe Cup' and 'Probe Holder' are in the Illustration cell. The label 'Probe Holder Removed' is in the paragraph node #/texts/7678. The instruction text matches the page.,
LOGIQ_S8,sec_0093,612,5.5-filters_discarding,PASS,,p612 has two photos in table 8-49. Both are extracted as img_0792 and img_0793. No other visual on the page is missing.,
LOGIQ_S8,sec_0093,612,5.5-filters_passing_noise,FAIL,Low,img_0792 and img_0793 on p612 are real photos. On p613 the new vector crop img_0798 (94x296) is only a thin strip of the right-hand circles and red arrow from the photo collage. The photos img_0794-img_0797 stay without marks. The strip repeats part of the photos and is not a figure of its own.,Noise is graded once per section on the first sampled page. Probably the new BUG-010 rule for marks drawn across several overlapping photos. Impact: one extra useless image.
LOGIQ_S8,sec_0093,612,5.5-image_section_mapping,PASS,,img_0792 and img_0793 are mapped to sec_0093 and show the Probe Holder photos under heading 8-25-3 on p612. They belong to this section. The extra p613 and p614 images (img_0794-0800) also match the cable hook and extended holder photos of sec_0093.,
LOGIQ_S8,sec_0095,618,5.4-hierarchy_level,PASS,,"p618 continues Table 8-53 of Section 8-27 and has no heading of its own. The section title is on p617 and sec_0095 has hierarchy_level 2 under Chapter 8, the same as other Section 8-x titles.",
LOGIQ_S8,sec_0095,618,5.4-parent_child,PASS,,"parent_section_id is sec_0068 (Chapter 8, p377-766). child_sections is empty. The 8-27-x subheadings are heading nodes inside sec_0095.",
LOGIQ_S8,sec_0095,618,5.4-page_start_end,PASS,,"The title 'Section 8-27 Replacement of DVD Drive, Printers and Drawer' is on p617, so page_start is right. p632 ends with '8-27-8-3 Functional Check' and the next section sec_0096 starts on p633. page_end 632 is right. p618 content (table 8-53 steps 2 to 4, node #/tables/249) belongs to 8-27-3 DVD drive in this section.",
LOGIQ_S8,sec_0095,618,5.4-hierarchy_path,PASS,,"hierarchy_path '/Chapter 8/Section 8-27 Replacement of DVD Drive, Printers and Drawer' matches the page title and footer on p617 and p618.",
LOGIQ_S8,sec_0095,618,5.4-gaps_duplicates,PASS,,sec_0094 ends on p616 and sec_0095 starts on p617. sec_0096 starts on p633 after sec_0095 ends on p632. There is no gap and no overlap.,
LOGIQ_S8,sec_0095,618,5.4-flagged_for_review,PASS,,"flagged_for_review is false and verification_score is 100. The title is visible on p617, so the flag state is right.",
LOGIQ_S8,sec_0095,618,5.4-structural_source,PASS,,structural_source is 'toc'. The bookmark title matches the heading seen on p617.,
LOGIQ_S8,sec_0095,618,5.6-numbering_scheme,PASS,,"numbering_scheme is 'arabic'. The folio on p618 is '8 - 242', digits with a chapter prefix. No roman folio is seen.",The chapter prefix is not represented separately; probably acceptable.
LOGIQ_S8,sec_0095,618,5.6-offset_applied,PASS,,offset_applied is 0. Section 8-27 appears on physical p617 and page_start is 617. Mapping is right.,
LOGIQ_S8,sec_0095,618,5.6-table_content,FAIL,Medium,"On p618 table 8-53 (#/tables/249), row 4 is split wrongly. One cell reads 'Remove the DVD cable connectors from the DVD'. The next cell reads 'drive as necessary.' and sits in the Illustration column. In the render the whole sentence is in the Instruction column. Steps 2 and 3 are correct.","The cell text no longer belongs to its column, so the step 4 instruction is cut in two. Medium, same as the approved base v1.10. The table is unchanged."
LOGIQ_S8,sec_0095,618,5.5-filters_discarding,PASS,,"p618 has four photos (steps 2, 3 and 4, with two photos in step 2). They are extracted as img_0807, img_0808, img_0809 and img_0810. No visual is missing.",
LOGIQ_S8,sec_0095,618,5.5-filters_passing_noise,PASS,,The four images on p618 are real step photos. No decorative element is kept as an image on p618.,img_0820 (p623) and img_0833 (p629) are vector crops that include the table header row. This is probably not important. Please check.
LOGIQ_S8,sec_0095,618,5.5-image_section_mapping,PASS,,"img_0807 to img_0810 are mapped to sec_0095 and match the DVD drive steps 2, 3 and 4 of table 8-53 on p618. They belong to this section.",
LOGIQ_S8,sec_0097,639,5.4-hierarchy_level,PASS,,"On p639 the title 'Section 8-29 On-Board UVC' is a section-size heading, like other Section 8-x titles. sec_0097 is level 2 under Chapter 8.",
LOGIQ_S8,sec_0097,639,5.4-parent_child,PASS,,"parent_section_id is sec_0068 (Chapter 8, p377-766), which contains p639. child_sections is empty; 8-29-1 to 8-29-7 are heading nodes inside the section.",
LOGIQ_S8,sec_0097,639,5.4-page_start_end,PASS,,"The section title is at the top of p639 and previous section sec_0096 ends on p638, so page_start 639 is right. p656 ends with '8-29-7 Functional Check' (node #/texts/8113) and the rest of the page is empty. sec_0098 starts on p657. page_end 656 is right.",
LOGIQ_S8,sec_0097,639,5.4-hierarchy_path,PASS,,hierarchy_path '/Chapter 8/Section 8-29 On-Board UVC' matches the title and the footer 'Section 8-29 - On-Board UVC' on p639.,
LOGIQ_S8,sec_0097,639,5.4-gaps_duplicates,PASS,,"sec_0096 ends on p638, sec_0097 covers p639-656 and sec_0098 starts on p657. There is no gap and no overlap.",
LOGIQ_S8,sec_0097,639,5.4-flagged_for_review,PASS,,"flagged_for_review is false and verification_score is 100. The title is on p639, so the flag state is right.",
LOGIQ_S8,sec_0097,639,5.4-structural_source,PASS,,structural_source is 'toc'. The bookmark title matches the title on p639.,
LOGIQ_S8,sec_0097,639,5.6-numbering_scheme,PASS,,"numbering_scheme is 'arabic'. The folio on p639 is '8 - 263', digits with a chapter prefix.",Chapter prefix not shown separately; probably acceptable.
LOGIQ_S8,sec_0097,639,5.6-offset_applied,PASS,,"offset_applied is 0. The title is on physical p639 and page_start is 639. The footer goes from 8 - 263 on p639 to 8 - 280 on p656, which matches 18 pages.",
LOGIQ_S8,sec_0097,639,5.6-table_content,PASS,,Table on p639 (#/tables/262) has one row: step '1.' and 'Remove HDMI CABLE from console.'. It matches the render.,Several later tables of this section (for example p640 and p644) are not extracted as tables; their text is in paragraph nodes in the same section. Not on the sampled page.
LOGIQ_S8,sec_0097,639,5.5-filters_discarding,FAIL,Low,"p639 step 1 photo is kept as img_0854. On p642 step 9 the photo is img_0861 (197x262) without its 4 white circles and black arrow, which are visible in the render. Steps 7 and 8 keep their marks (img_0862, img_0863).",The marks are lost for step 9 only. The same photo had no marks in the base too. Probably the BUG-010 rule does not catch these marks. Impact: the photo is kept but the marked screws are not shown.
LOGIQ_S8,sec_0097,639,5.5-filters_passing_noise,PASS,,img_0854 is the real step 1 photo. No logo or footer divider is kept as an image on p639.,
LOGIQ_S8,sec_0097,639,5.5-image_section_mapping,PASS,,"img_0854 is mapped to sec_0097 and shows the rear panel with the HDMI cable circled, as in step 1 of p639. The mapping is right. Vector images on p642 and p643 (img_0862, 0863, 0866) also show step photos of this section.",
LOGIQ_S8,sec_0099,659,5.4-hierarchy_level,,,,
LOGIQ_S8,sec_0099,659,5.4-parent_child,,,,
LOGIQ_S8,sec_0099,659,5.4-page_start_end,,,,
LOGIQ_S8,sec_0099,659,5.4-hierarchy_path,,,,
LOGIQ_S8,sec_0099,659,5.4-gaps_duplicates,,,,
LOGIQ_S8,sec_0099,659,5.4-flagged_for_review,,,,
LOGIQ_S8,sec_0099,659,5.4-structural_source,,,,
LOGIQ_S8,sec_0099,659,5.6-numbering_scheme,,,,
LOGIQ_S8,sec_0099,659,5.6-offset_applied,,,,
LOGIQ_S8,sec_0099,659,5.5-filters_discarding,,,,
LOGIQ_S8,sec_0099,659,5.5-filters_passing_noise,,,,
LOGIQ_S8,sec_0099,659,5.5-image_section_mapping,,,,
LOGIQ_S8,sec_0100,665,5.4-hierarchy_level,,,,
LOGIQ_S8,sec_0100,665,5.4-parent_child,,,,
LOGIQ_S8,sec_0100,665,5.4-page_start_end,,,,
LOGIQ_S8,sec_0100,665,5.4-hierarchy_path,,,,
LOGIQ_S8,sec_0100,665,5.4-gaps_duplicates,,,,
LOGIQ_S8,sec_0100,665,5.4-flagged_for_review,,,,
LOGIQ_S8,sec_0100,665,5.4-structural_source,,,,
LOGIQ_S8,sec_0100,665,5.6-numbering_scheme,,,,
LOGIQ_S8,sec_0100,665,5.6-offset_applied,,,,
LOGIQ_S8,sec_0100,665,5.6-table_content,,,,
LOGIQ_S8,sec_0100,665,5.5-filters_discarding,,,,
LOGIQ_S8,sec_0100,665,5.5-filters_passing_noise,,,,
LOGIQ_S8,sec_0100,665,5.5-image_section_mapping,,,,
LOGIQ_S8,sec_0102,672,5.4-hierarchy_level,,,,
LOGIQ_S8,sec_0102,672,5.4-parent_child,,,,
LOGIQ_S8,sec_0102,672,5.4-page_start_end,,,,
LOGIQ_S8,sec_0102,672,5.4-hierarchy_path,,,,
LOGIQ_S8,sec_0102,672,5.4-gaps_duplicates,,,,
LOGIQ_S8,sec_0102,672,5.4-flagged_for_review,,,,
LOGIQ_S8,sec_0102,672,5.4-structural_source,,,,
LOGIQ_S8,sec_0102,672,5.6-numbering_scheme,,,,
LOGIQ_S8,sec_0102,672,5.6-offset_applied,,,,
LOGIQ_S8,sec_0102,672,5.5-filters_discarding,,,,
LOGIQ_S8,sec_0102,672,5.5-filters_passing_noise,,,,
LOGIQ_S8,sec_0102,672,5.5-image_section_mapping,,,,
LOGIQ_S8,sec_0103,679,5.4-hierarchy_level,PASS,,"On p679 '8-35-5-2 Static IP Setting' is a small subheading inside Section 8-35. sec_0103 is level 2 under Chapter 8, which is right for the section title on p673.",
LOGIQ_S8,sec_0103,679,5.4-parent_child,PASS,,"parent_section_id is sec_0068 (Chapter 8). child_sections is empty, and heading node #/texts/8317 for 8-35-5-2 stays inside sec_0103. This is coherent.",
LOGIQ_S8,sec_0103,679,5.4-page_start_end,PASS,,"p679 is in the middle of sec_0103 (673-684). Its nodes #/texts/8315-8320 are the 8-35-5-2 heading, a NOTE, the Table 8-66 caption and the header and footer lines. They belong to this section. The table body is #/tables/277. The next heading 8-35-6 starts on p680.",
LOGIQ_S8,sec_0103,679,5.4-hierarchy_path,PASS,,hierarchy_path '/Chapter 8/Section 8-35 Replacement of Wireless LAN Option' matches the footer 'Section 8-35 - Replacement of Wireless LAN Option 8 - 303' on p679.,
LOGIQ_S8,sec_0103,679,5.4-gaps_duplicates,PASS,,The p679 nodes appear only in sec_0103. The section runs p673-684 with neighbours ending on p672 and starting on p685. There is no gap and no overlap.,
LOGIQ_S8,sec_0103,679,5.4-flagged_for_review,PASS,,flagged_for_review is false and verification_score is 100. Nothing on p679 contradicts this.,
LOGIQ_S8,sec_0103,679,5.4-structural_source,PASS,,structural_source is 'toc'. The bookmark title matches the title on p673.,
LOGIQ_S8,sec_0103,679,5.6-numbering_scheme,PASS,,"numbering_scheme is 'arabic'. The folio on p679 is '8 - 303', digits with a chapter prefix.",Chapter prefix not shown separately; probably acceptable.
LOGIQ_S8,sec_0103,679,5.6-offset_applied,PASS,,"offset_applied is 0. Folio 8 - 303 is on physical p679, 6 pages after 8 - 297 on p673, so the page mapping is right.",
LOGIQ_S8,sec_0103,679,5.6-table_content,PASS,,"Table 8-66 on p679 (#/tables/277) has seven steps. The step texts match the render, for example step 5 'UNCHECK Enable DHCP, and enter IP Address, Subnet Mask and Default Gateway'. The header 'Steps | | Corresponding Graphic' has one empty column but the values stay in the right rows.",Quote marks differ slightly from print; meaning is the same.
LOGIQ_S8,sec_0103,679,5.5-filters_discarding,PASS,,p679 has four screenshots in steps 2 to 5. They are extracted as img_0951 to img_0954. The aspect ratios match the render. No screenshot is missing.,
LOGIQ_S8,sec_0103,679,5.5-filters_passing_noise,PASS,,The four images on p679 are real screenshots. No decorative element is kept as an image.,
LOGIQ_S8,sec_0103,679,5.5-image_section_mapping,PASS,,"img_0951 (Configuration button), img_0952 (Properties tab), img_0953 (TCP/IP button) and img_0954 (TCP/IP window) are mapped to sec_0103. They match steps 2 to 5 of Table 8-66 in order.",
LOGIQ_S8,sec_0104,686,5.4-hierarchy_level,,,,
LOGIQ_S8,sec_0104,686,5.4-parent_child,,,,
LOGIQ_S8,sec_0104,686,5.4-page_start_end,,,,
LOGIQ_S8,sec_0104,686,5.4-hierarchy_path,,,,
LOGIQ_S8,sec_0104,686,5.4-gaps_duplicates,,,,
LOGIQ_S8,sec_0104,686,5.4-flagged_for_review,,,,
LOGIQ_S8,sec_0104,686,5.4-structural_source,,,,
LOGIQ_S8,sec_0104,686,5.6-numbering_scheme,,,,
LOGIQ_S8,sec_0104,686,5.6-offset_applied,,,,
LOGIQ_S8,sec_0104,686,5.6-table_content,,,,
LOGIQ_S8,sec_0104,686,5.5-filters_discarding,,,,
LOGIQ_S8,sec_0104,686,5.5-filters_passing_noise,,,,
LOGIQ_S8,sec_0104,686,5.5-image_section_mapping,,,,
LOGIQ_S8,sec_0107,699,5.4-hierarchy_level,,,,
LOGIQ_S8,sec_0107,699,5.4-parent_child,,,,
LOGIQ_S8,sec_0107,699,5.4-page_start_end,,,,
LOGIQ_S8,sec_0107,699,5.4-hierarchy_path,,,,
LOGIQ_S8,sec_0107,699,5.4-gaps_duplicates,,,,
LOGIQ_S8,sec_0107,699,5.4-flagged_for_review,,,,
LOGIQ_S8,sec_0107,699,5.4-structural_source,,,,
LOGIQ_S8,sec_0107,699,5.6-numbering_scheme,,,,
LOGIQ_S8,sec_0107,699,5.6-offset_applied,,,,
LOGIQ_S8,sec_0107,699,5.6-table_content,,,,
LOGIQ_S8,sec_0107,699,5.5-filters_discarding,,,,
LOGIQ_S8,sec_0107,699,5.5-filters_passing_noise,,,,
LOGIQ_S8,sec_0107,699,5.5-image_section_mapping,,,,
LOGIQ_S8,sec_0108,706,5.4-hierarchy_level,,,,
LOGIQ_S8,sec_0108,706,5.4-parent_child,,,,
LOGIQ_S8,sec_0108,706,5.4-page_start_end,,,,
LOGIQ_S8,sec_0108,706,5.4-hierarchy_path,,,,
LOGIQ_S8,sec_0108,706,5.4-gaps_duplicates,,,,
LOGIQ_S8,sec_0108,706,5.4-flagged_for_review,,,,
LOGIQ_S8,sec_0108,706,5.4-structural_source,,,,
LOGIQ_S8,sec_0108,706,5.6-numbering_scheme,,,,
LOGIQ_S8,sec_0108,706,5.6-offset_applied,,,,
LOGIQ_S8,sec_0108,706,5.6-table_content,,,,
LOGIQ_S8,sec_0108,706,5.5-filters_discarding,,,,
LOGIQ_S8,sec_0108,706,5.5-filters_passing_noise,,,,
LOGIQ_S8,sec_0108,706,5.5-image_section_mapping,,,,
LOGIQ_S8,sec_0109,712,5.4-hierarchy_level,,,,
LOGIQ_S8,sec_0109,712,5.4-parent_child,,,,
LOGIQ_S8,sec_0109,712,5.4-page_start_end,,,,
LOGIQ_S8,sec_0109,712,5.4-hierarchy_path,,,,
LOGIQ_S8,sec_0109,712,5.4-gaps_duplicates,,,,
LOGIQ_S8,sec_0109,712,5.4-flagged_for_review,,,,
LOGIQ_S8,sec_0109,712,5.4-structural_source,,,,
LOGIQ_S8,sec_0109,712,5.6-numbering_scheme,,,,
LOGIQ_S8,sec_0109,712,5.6-offset_applied,,,,
LOGIQ_S8,sec_0109,712,5.6-table_content,,,,
LOGIQ_S8,sec_0109,712,5.5-filters_discarding,,,,
LOGIQ_S8,sec_0109,712,5.5-filters_passing_noise,,,,
LOGIQ_S8,sec_0109,712,5.5-image_section_mapping,,,,
LOGIQ_S8,sec_0110,726,5.4-hierarchy_level,,,,
LOGIQ_S8,sec_0110,726,5.4-parent_child,,,,
LOGIQ_S8,sec_0110,726,5.4-page_start_end,,,,
LOGIQ_S8,sec_0110,726,5.4-hierarchy_path,,,,
LOGIQ_S8,sec_0110,726,5.4-gaps_duplicates,,,,
LOGIQ_S8,sec_0110,726,5.4-flagged_for_review,,,,
LOGIQ_S8,sec_0110,726,5.4-structural_source,,,,
LOGIQ_S8,sec_0110,726,5.6-numbering_scheme,,,,
LOGIQ_S8,sec_0110,726,5.6-offset_applied,,,,
LOGIQ_S8,sec_0110,726,5.6-table_content,,,,
LOGIQ_S8,sec_0110,726,5.5-filters_discarding,,,,
LOGIQ_S8,sec_0110,726,5.5-filters_passing_noise,,,,
LOGIQ_S8,sec_0110,726,5.5-image_section_mapping,,,,
LOGIQ_S8,sec_0111,753,5.4-hierarchy_level,,,,
LOGIQ_S8,sec_0111,753,5.4-parent_child,,,,
LOGIQ_S8,sec_0111,753,5.4-page_start_end,,,,
LOGIQ_S8,sec_0111,753,5.4-hierarchy_path,,,,
LOGIQ_S8,sec_0111,753,5.4-gaps_duplicates,,,,
LOGIQ_S8,sec_0111,753,5.4-flagged_for_review,,,,
LOGIQ_S8,sec_0111,753,5.4-structural_source,,,,
LOGIQ_S8,sec_0111,753,5.6-numbering_scheme,,,,
LOGIQ_S8,sec_0111,753,5.6-offset_applied,,,,
LOGIQ_S8,sec_0111,753,5.6-table_content,,,,
LOGIQ_S8,sec_0111,753,5.5-filters_discarding,,,,
LOGIQ_S8,sec_0111,753,5.5-filters_passing_noise,,,,
LOGIQ_S8,sec_0111,753,5.5-image_section_mapping,,,,
LOGIQ_S8,sec_0113,767,5.4-hierarchy_level,,,,
LOGIQ_S8,sec_0113,767,5.4-parent_child,,,,
LOGIQ_S8,sec_0113,767,5.4-page_start_end,,,,
LOGIQ_S8,sec_0113,767,5.4-hierarchy_path,,,,
LOGIQ_S8,sec_0113,767,5.4-gaps_duplicates,,,,
LOGIQ_S8,sec_0113,767,5.4-flagged_for_review,,,,
LOGIQ_S8,sec_0113,767,5.4-structural_source,,,,
LOGIQ_S8,sec_0113,767,5.6-numbering_scheme,,,,
LOGIQ_S8,sec_0113,767,5.6-offset_applied,,,,
LOGIQ_S8,sec_0113,767,5.6-table_content,,,,
LOGIQ_S8,sec_0113,767,5.5-filters_discarding,,,,
LOGIQ_S8,sec_0113,767,5.5-filters_passing_noise,,,,
LOGIQ_S8,sec_0113,767,5.5-image_section_mapping,,,,
LOGIQ_S8,sec_0116,774,5.4-hierarchy_level,,,,
LOGIQ_S8,sec_0116,774,5.4-parent_child,,,,
LOGIQ_S8,sec_0116,774,5.4-page_start_end,,,,
LOGIQ_S8,sec_0116,774,5.4-hierarchy_path,,,,
LOGIQ_S8,sec_0116,774,5.4-gaps_duplicates,,,,
LOGIQ_S8,sec_0116,774,5.4-flagged_for_review,,,,
LOGIQ_S8,sec_0116,774,5.4-structural_source,,,,
LOGIQ_S8,sec_0116,774,5.6-numbering_scheme,,,,
LOGIQ_S8,sec_0116,774,5.6-offset_applied,,,,
LOGIQ_S8,sec_0116,774,5.6-table_content,,,,
LOGIQ_S8,sec_0116,774,5.5-filters_discarding,,,,
LOGIQ_S8,sec_0116,774,5.5-filters_passing_noise,,,,
LOGIQ_S8,sec_0116,774,5.5-image_section_mapping,,,,
LOGIQ_S8,sec_0119,781,5.4-hierarchy_level,,,,
LOGIQ_S8,sec_0119,781,5.4-parent_child,,,,
LOGIQ_S8,sec_0119,781,5.4-page_start_end,,,,
LOGIQ_S8,sec_0119,781,5.4-hierarchy_path,,,,
LOGIQ_S8,sec_0119,781,5.4-gaps_duplicates,,,,
LOGIQ_S8,sec_0119,781,5.4-flagged_for_review,,,,
LOGIQ_S8,sec_0119,781,5.4-structural_source,,,,
LOGIQ_S8,sec_0119,781,5.6-numbering_scheme,,,,
LOGIQ_S8,sec_0119,781,5.6-offset_applied,,,,
LOGIQ_S8,sec_0119,781,5.6-table_content,,,,
LOGIQ_S8,sec_0119,781,5.5-filters_discarding,,,,
LOGIQ_S8,sec_0119,781,5.5-filters_passing_noise,,,,
LOGIQ_S8,sec_0119,781,5.5-image_section_mapping,,,,
LOGIQ_S8,sec_0121,788,5.4-hierarchy_level,,,,
LOGIQ_S8,sec_0121,788,5.4-parent_child,,,,
LOGIQ_S8,sec_0121,788,5.4-page_start_end,,,,
LOGIQ_S8,sec_0121,788,5.4-hierarchy_path,,,,
LOGIQ_S8,sec_0121,788,5.4-gaps_duplicates,,,,
LOGIQ_S8,sec_0121,788,5.4-flagged_for_review,,,,
LOGIQ_S8,sec_0121,788,5.4-structural_source,,,,
LOGIQ_S8,sec_0121,788,5.6-numbering_scheme,,,,
LOGIQ_S8,sec_0121,788,5.6-offset_applied,,,,
LOGIQ_S8,sec_0121,788,5.6-table_content,,,,
LOGIQ_S8,sec_0121,788,5.5-filters_discarding,,,,
LOGIQ_S8,sec_0121,788,5.5-filters_passing_noise,,,,
LOGIQ_S8,sec_0121,788,5.5-image_section_mapping,,,,
LOGIQ_S8,sec_0122,802,5.4-hierarchy_level,,,,
LOGIQ_S8,sec_0122,802,5.4-parent_child,,,,
LOGIQ_S8,sec_0122,802,5.4-page_start_end,,,,
LOGIQ_S8,sec_0122,802,5.4-hierarchy_path,,,,
LOGIQ_S8,sec_0122,802,5.4-gaps_duplicates,,,,
LOGIQ_S8,sec_0122,802,5.4-flagged_for_review,,,,
LOGIQ_S8,sec_0122,802,5.4-structural_source,,,,
LOGIQ_S8,sec_0122,802,5.6-numbering_scheme,,,,
LOGIQ_S8,sec_0122,802,5.6-offset_applied,,,,
LOGIQ_S8,sec_0122,802,5.6-table_content,,,,
LOGIQ_S8,sec_0122,802,5.5-filters_discarding,,,,
LOGIQ_S8,sec_0122,802,5.5-filters_passing_noise,,,,
LOGIQ_S8,sec_0122,802,5.5-image_section_mapping,,,,
LOGIQ_S8,sec_0123,809,5.4-hierarchy_level,,,,
LOGIQ_S8,sec_0123,809,5.4-parent_child,,,,
LOGIQ_S8,sec_0123,809,5.4-page_start_end,,,,
LOGIQ_S8,sec_0123,809,5.4-hierarchy_path,,,,
LOGIQ_S8,sec_0123,809,5.4-gaps_duplicates,,,,
LOGIQ_S8,sec_0123,809,5.4-flagged_for_review,,,,
LOGIQ_S8,sec_0123,809,5.4-structural_source,,,,
LOGIQ_S8,sec_0123,809,5.6-numbering_scheme,,,,
LOGIQ_S8,sec_0123,809,5.6-offset_applied,,,,
LOGIQ_S8,sec_0123,809,5.6-table_content,,,,
LOGIQ_S8,sec_0123,809,5.5-filters_discarding,,,,
LOGIQ_S8,sec_0123,809,5.5-filters_passing_noise,,,,
LOGIQ_S8,sec_0123,809,5.5-image_section_mapping,,,,
LOGIQ_S8,sec_0124,816,5.4-hierarchy_level,,,,
LOGIQ_S8,sec_0124,816,5.4-parent_child,,,,
LOGIQ_S8,sec_0124,816,5.4-page_start_end,,,,
LOGIQ_S8,sec_0124,816,5.4-hierarchy_path,,,,
LOGIQ_S8,sec_0124,816,5.4-gaps_duplicates,,,,
LOGIQ_S8,sec_0124,816,5.4-flagged_for_review,,,,
LOGIQ_S8,sec_0124,816,5.4-structural_source,,,,
LOGIQ_S8,sec_0124,816,5.6-numbering_scheme,,,,
LOGIQ_S8,sec_0124,816,5.6-offset_applied,,,,
LOGIQ_S8,sec_0124,816,5.6-table_content,,,,
LOGIQ_S8,sec_0124,816,5.5-filters_discarding,,,,
LOGIQ_S8,sec_0124,816,5.5-filters_passing_noise,,,,
LOGIQ_S8,sec_0124,816,5.5-image_section_mapping,,,,
LOGIQ_S8,sec_0125,823,5.4-hierarchy_level,,,,
LOGIQ_S8,sec_0125,823,5.4-parent_child,,,,
LOGIQ_S8,sec_0125,823,5.4-page_start_end,,,,
LOGIQ_S8,sec_0125,823,5.4-hierarchy_path,,,,
LOGIQ_S8,sec_0125,823,5.4-gaps_duplicates,,,,
LOGIQ_S8,sec_0125,823,5.4-flagged_for_review,,,,
LOGIQ_S8,sec_0125,823,5.4-structural_source,,,,
LOGIQ_S8,sec_0125,823,5.6-numbering_scheme,,,,
LOGIQ_S8,sec_0125,823,5.6-offset_applied,,,,
LOGIQ_S8,sec_0125,823,5.6-table_content,,,,
LOGIQ_S8,sec_0125,823,5.5-filters_discarding,,,,
LOGIQ_S8,sec_0125,823,5.5-filters_passing_noise,,,,
LOGIQ_S8,sec_0125,823,5.5-image_section_mapping,,,,
LOGIQ_S8,sec_0127,830,5.4-hierarchy_level,,,,
LOGIQ_S8,sec_0127,830,5.4-parent_child,,,,
LOGIQ_S8,sec_0127,830,5.4-page_start_end,,,,
LOGIQ_S8,sec_0127,830,5.4-hierarchy_path,,,,
LOGIQ_S8,sec_0127,830,5.4-gaps_duplicates,,,,
LOGIQ_S8,sec_0127,830,5.4-flagged_for_review,,,,
LOGIQ_S8,sec_0127,830,5.4-structural_source,,,,
LOGIQ_S8,sec_0127,830,5.6-numbering_scheme,,,,
LOGIQ_S8,sec_0127,830,5.6-offset_applied,,,,
LOGIQ_S8,sec_0127,830,5.6-table_content,,,,
LOGIQ_S8,sec_0127,830,5.5-filters_discarding,,,,
LOGIQ_S8,sec_0127,830,5.5-filters_passing_noise,,,,
LOGIQ_S8,sec_0127,830,5.5-image_section_mapping,,,,
LOGIQ_S8,sec_0128,837,5.4-hierarchy_level,,,,
LOGIQ_S8,sec_0128,837,5.4-parent_child,,,,
LOGIQ_S8,sec_0128,837,5.4-page_start_end,,,,
LOGIQ_S8,sec_0128,837,5.4-hierarchy_path,,,,
LOGIQ_S8,sec_0128,837,5.4-gaps_duplicates,,,,
LOGIQ_S8,sec_0128,837,5.4-flagged_for_review,,,,
LOGIQ_S8,sec_0128,837,5.4-structural_source,,,,
LOGIQ_S8,sec_0128,837,5.6-numbering_scheme,,,,
LOGIQ_S8,sec_0128,837,5.6-offset_applied,,,,
LOGIQ_S8,sec_0128,837,5.6-table_content,,,,
LOGIQ_S8,sec_0128,837,5.5-filters_discarding,,,,
LOGIQ_S8,sec_0128,837,5.5-filters_passing_noise,,,,
LOGIQ_S8,sec_0128,837,5.5-image_section_mapping,,,,
LOGIQ_S8,sec_0130,873,5.4-hierarchy_level,,,,
LOGIQ_S8,sec_0130,873,5.4-parent_child,,,,
LOGIQ_S8,sec_0130,873,5.4-page_start_end,,,,
LOGIQ_S8,sec_0130,873,5.4-hierarchy_path,,,,
LOGIQ_S8,sec_0130,873,5.4-gaps_duplicates,,,,
LOGIQ_S8,sec_0130,873,5.4-flagged_for_review,,,,
LOGIQ_S8,sec_0130,873,5.4-structural_source,,,,
LOGIQ_S8,sec_0130,873,5.6-numbering_scheme,,,,
LOGIQ_S8,sec_0130,873,5.6-offset_applied,,,,
LOGIQ_S8,sec_0130,873,5.6-table_content,,,,
LOGIQ_S8,sec_0130,873,5.5-filters_discarding,,,,
LOGIQ_S8,sec_0130,873,5.5-filters_passing_noise,,,,
LOGIQ_S8,sec_0130,873,5.5-image_section_mapping,,,,
LOGIQ_S8,sec_0135,880,5.4-hierarchy_level,,,,
LOGIQ_S8,sec_0135,880,5.4-parent_child,,,,
LOGIQ_S8,sec_0135,880,5.4-page_start_end,,,,
LOGIQ_S8,sec_0135,880,5.4-hierarchy_path,,,,
LOGIQ_S8,sec_0135,880,5.4-gaps_duplicates,,,,
LOGIQ_S8,sec_0135,880,5.4-flagged_for_review,,,,
LOGIQ_S8,sec_0135,880,5.4-structural_source,,,,
LOGIQ_S8,sec_0135,880,5.6-numbering_scheme,,,,
LOGIQ_S8,sec_0135,880,5.6-offset_applied,,,,
LOGIQ_S8,sec_0135,880,5.6-table_content,,,,
LOGIQ_S8,sec_0135,880,5.5-filters_discarding,,,,
LOGIQ_S8,sec_0135,880,5.5-filters_passing_noise,,,,
LOGIQ_S8,sec_0135,880,5.5-image_section_mapping,,,,
LOGIQ_S8,sec_0136,888,5.4-hierarchy_level,,,,
LOGIQ_S8,sec_0136,888,5.4-parent_child,,,,
LOGIQ_S8,sec_0136,888,5.4-page_start_end,,,,
LOGIQ_S8,sec_0136,888,5.4-hierarchy_path,,,,
LOGIQ_S8,sec_0136,888,5.4-gaps_duplicates,,,,
LOGIQ_S8,sec_0136,888,5.4-flagged_for_review,,,,
LOGIQ_S8,sec_0136,888,5.4-structural_source,,,,
LOGIQ_S8,sec_0136,888,5.6-numbering_scheme,,,,
LOGIQ_S8,sec_0136,888,5.6-offset_applied,,,,
LOGIQ_S8,sec_0136,888,5.5-filters_discarding,,,,
LOGIQ_S8,sec_0136,888,5.5-filters_passing_noise,,,,
LOGIQ_S8,sec_0136,888,5.5-image_section_mapping,,,,
LOGIQ_S8,sec_0137,895,5.4-hierarchy_level,,,,
LOGIQ_S8,sec_0137,895,5.4-parent_child,,,,
LOGIQ_S8,sec_0137,895,5.4-page_start_end,,,,
LOGIQ_S8,sec_0137,895,5.4-hierarchy_path,,,,
LOGIQ_S8,sec_0137,895,5.4-gaps_duplicates,,,,
LOGIQ_S8,sec_0137,895,5.4-flagged_for_review,,,,
LOGIQ_S8,sec_0137,895,5.4-structural_source,,,,
LOGIQ_S8,sec_0137,895,5.6-numbering_scheme,,,,
LOGIQ_S8,sec_0137,895,5.6-offset_applied,,,,
LOGIQ_S8,sec_0137,895,5.6-table_content,,,,
LOGIQ_S8,sec_0137,895,5.5-filters_discarding,,,,
LOGIQ_S8,sec_0137,895,5.5-filters_passing_noise,,,,
LOGIQ_S8,sec_0137,895,5.5-image_section_mapping,,,,
LOGIQ_S8,sec_0138,910,5.4-hierarchy_level,,,,
LOGIQ_S8,sec_0138,910,5.4-parent_child,,,,
LOGIQ_S8,sec_0138,910,5.4-page_start_end,,,,
LOGIQ_S8,sec_0138,910,5.4-hierarchy_path,,,,
LOGIQ_S8,sec_0138,910,5.4-gaps_duplicates,,,,
LOGIQ_S8,sec_0138,910,5.4-flagged_for_review,,,,
LOGIQ_S8,sec_0138,910,5.4-structural_source,,,,
LOGIQ_S8,sec_0138,910,5.6-numbering_scheme,,,,
LOGIQ_S8,sec_0138,910,5.6-offset_applied,,,,
LOGIQ_S8,sec_0138,910,5.6-table_content,,,,
LOGIQ_S8,sec_0138,910,5.5-filters_discarding,,,,
LOGIQ_S8,sec_0138,910,5.5-filters_passing_noise,,,,
LOGIQ_S8,sec_0138,910,5.5-image_section_mapping,,,,
LOGIQ_S8,DOCUMENT-LEVEL,,5.6-sanity_report,,,,
LOGIQ_S8,sec_0001,24,5.4-hierarchy_level,,,,
LOGIQ_S8,sec_0001,24,5.4-parent_child,,,,
LOGIQ_S8,sec_0001,24,5.4-page_start_end,,,,
LOGIQ_S8,sec_0001,24,5.4-hierarchy_path,,,,
LOGIQ_S8,sec_0001,24,5.4-gaps_duplicates,,,,
LOGIQ_S8,sec_0001,24,5.4-flagged_for_review,,,,
LOGIQ_S8,sec_0001,24,5.4-structural_source,,,,
LOGIQ_S8,sec_0001,24,5.6-numbering_scheme,,,,
LOGIQ_S8,sec_0001,24,5.6-offset_applied,,,,
LOGIQ_S8,sec_0001,24,5.6-table_content,,,,
LOGIQ_S8,sec_0001,24,5.5-filters_discarding,,,,
LOGIQ_S8,sec_0001,24,5.5-filters_passing_noise,,,,
LOGIQ_S8,sec_0001,24,5.5-image_section_mapping,,,,
LOGIQ_S8,sec_0004,46,5.4-hierarchy_level,,,,
LOGIQ_S8,sec_0004,46,5.4-parent_child,,,,
LOGIQ_S8,sec_0004,46,5.4-page_start_end,,,,
LOGIQ_S8,sec_0004,46,5.4-hierarchy_path,,,,
LOGIQ_S8,sec_0004,46,5.4-gaps_duplicates,,,,
LOGIQ_S8,sec_0004,46,5.4-flagged_for_review,,,,
LOGIQ_S8,sec_0004,46,5.4-structural_source,,,,
LOGIQ_S8,sec_0004,46,5.6-numbering_scheme,,,,
LOGIQ_S8,sec_0004,46,5.6-offset_applied,,,,
LOGIQ_S8,sec_0004,46,5.6-table_content,,,,
LOGIQ_S8,sec_0004,46,5.5-filters_discarding,,,,
LOGIQ_S8,sec_0004,46,5.5-filters_passing_noise,,,,
LOGIQ_S8,sec_0004,46,5.5-image_section_mapping,,,,
LOGIQ_S8,sec_0005,54,5.4-hierarchy_level,,,,
LOGIQ_S8,sec_0005,54,5.4-parent_child,,,,
LOGIQ_S8,sec_0005,54,5.4-page_start_end,,,,
LOGIQ_S8,sec_0005,54,5.4-hierarchy_path,,,,
LOGIQ_S8,sec_0005,54,5.4-gaps_duplicates,,,,
LOGIQ_S8,sec_0005,54,5.4-flagged_for_review,,,,
LOGIQ_S8,sec_0005,54,5.4-structural_source,,,,
LOGIQ_S8,sec_0005,54,5.6-numbering_scheme,,,,
LOGIQ_S8,sec_0005,54,5.6-offset_applied,,,,
LOGIQ_S8,sec_0005,54,5.6-table_content,,,,
LOGIQ_S8,sec_0005,54,5.5-filters_discarding,,,,
LOGIQ_S8,sec_0005,54,5.5-filters_passing_noise,,,,
LOGIQ_S8,sec_0005,54,5.5-image_section_mapping,,,,
LOGIQ_S8,sec_0006,63,5.4-hierarchy_level,,,,
LOGIQ_S8,sec_0006,63,5.4-parent_child,,,,
LOGIQ_S8,sec_0006,63,5.4-page_start_end,,,,
LOGIQ_S8,sec_0006,63,5.4-hierarchy_path,,,,
LOGIQ_S8,sec_0006,63,5.4-gaps_duplicates,,,,
LOGIQ_S8,sec_0006,63,5.4-flagged_for_review,,,,
LOGIQ_S8,sec_0006,63,5.4-structural_source,,,,
LOGIQ_S8,sec_0006,63,5.6-numbering_scheme,,,,
LOGIQ_S8,sec_0006,63,5.6-offset_applied,,,,
LOGIQ_S8,sec_0006,63,5.6-table_content,,,,
LOGIQ_S8,sec_0006,63,5.5-filters_discarding,,,,
LOGIQ_S8,sec_0006,63,5.5-filters_passing_noise,,,,
LOGIQ_S8,sec_0006,63,5.5-image_section_mapping,,,,
LOGIQ_S8,sec_0024,104,5.4-hierarchy_level,,,,
LOGIQ_S8,sec_0024,104,5.4-parent_child,,,,
LOGIQ_S8,sec_0024,104,5.4-page_start_end,,,,
LOGIQ_S8,sec_0024,104,5.4-hierarchy_path,,,,
LOGIQ_S8,sec_0024,104,5.4-gaps_duplicates,,,,
LOGIQ_S8,sec_0024,104,5.4-flagged_for_review,,,,
LOGIQ_S8,sec_0024,104,5.4-structural_source,,,,
LOGIQ_S8,sec_0024,104,5.6-numbering_scheme,,,,
LOGIQ_S8,sec_0024,104,5.6-offset_applied,,,,
LOGIQ_S8,sec_0024,104,5.6-table_content,,,,
LOGIQ_S8,sec_0024,104,5.5-filters_discarding,,,,
LOGIQ_S8,sec_0024,104,5.5-filters_passing_noise,,,,
LOGIQ_S8,sec_0024,104,5.5-image_section_mapping,,,,
LOGIQ_S8,sec_0025,120,5.4-hierarchy_level,,,,
LOGIQ_S8,sec_0025,120,5.4-parent_child,,,,
LOGIQ_S8,sec_0025,120,5.4-page_start_end,,,,
LOGIQ_S8,sec_0025,120,5.4-hierarchy_path,,,,
LOGIQ_S8,sec_0025,120,5.4-gaps_duplicates,,,,
LOGIQ_S8,sec_0025,120,5.4-flagged_for_review,,,,
LOGIQ_S8,sec_0025,120,5.4-structural_source,,,,
LOGIQ_S8,sec_0025,120,5.6-numbering_scheme,,,,
LOGIQ_S8,sec_0025,120,5.6-offset_applied,,,,
LOGIQ_S8,sec_0025,120,5.5-filters_discarding,,,,
LOGIQ_S8,sec_0025,120,5.5-filters_passing_noise,,,,
LOGIQ_S8,sec_0025,120,5.5-image_section_mapping,,,,
LOGIQ_S8,sec_0028,152,5.4-hierarchy_level,,,,
LOGIQ_S8,sec_0028,152,5.4-parent_child,,,,
LOGIQ_S8,sec_0028,152,5.4-page_start_end,,,,
LOGIQ_S8,sec_0028,152,5.4-hierarchy_path,,,,
LOGIQ_S8,sec_0028,152,5.4-gaps_duplicates,,,,
LOGIQ_S8,sec_0028,152,5.4-flagged_for_review,,,,
LOGIQ_S8,sec_0028,152,5.4-structural_source,,,,
LOGIQ_S8,sec_0028,152,5.6-numbering_scheme,,,,
LOGIQ_S8,sec_0028,152,5.6-offset_applied,,,,
LOGIQ_S8,sec_0028,152,5.6-table_content,,,,
LOGIQ_S8,sec_0028,152,5.5-filters_discarding,,,,
LOGIQ_S8,sec_0028,152,5.5-filters_passing_noise,,,,
LOGIQ_S8,sec_0028,152,5.5-image_section_mapping,,,,
LOGIQ_S8,sec_0029,157,5.4-hierarchy_level,,,,
LOGIQ_S8,sec_0029,157,5.4-parent_child,,,,
LOGIQ_S8,sec_0029,157,5.4-page_start_end,,,,
LOGIQ_S8,sec_0029,157,5.4-hierarchy_path,,,,
LOGIQ_S8,sec_0029,157,5.4-gaps_duplicates,,,,
LOGIQ_S8,sec_0029,157,5.4-flagged_for_review,,,,
LOGIQ_S8,sec_0029,157,5.4-structural_source,,,,
LOGIQ_S8,sec_0029,157,5.6-numbering_scheme,,,,
LOGIQ_S8,sec_0029,157,5.6-offset_applied,,,,
LOGIQ_S8,sec_0029,157,5.6-table_content,,,,
LOGIQ_S8,sec_0029,157,5.5-filters_discarding,,,,
LOGIQ_S8,sec_0029,157,5.5-filters_passing_noise,,,,
LOGIQ_S8,sec_0029,157,5.5-image_section_mapping,,,,
LOGIQ_S8,sec_0031,180,5.4-hierarchy_level,,,,
LOGIQ_S8,sec_0031,180,5.4-parent_child,,,,
LOGIQ_S8,sec_0031,180,5.4-page_start_end,,,,
LOGIQ_S8,sec_0031,180,5.4-hierarchy_path,,,,
LOGIQ_S8,sec_0031,180,5.4-gaps_duplicates,,,,
LOGIQ_S8,sec_0031,180,5.4-flagged_for_review,,,,
LOGIQ_S8,sec_0031,180,5.4-structural_source,,,,
LOGIQ_S8,sec_0031,180,5.6-numbering_scheme,,,,
LOGIQ_S8,sec_0031,180,5.6-offset_applied,,,,
LOGIQ_S8,sec_0031,180,5.6-table_content,,,,
LOGIQ_S8,sec_0031,180,5.5-filters_discarding,,,,
LOGIQ_S8,sec_0031,180,5.5-filters_passing_noise,,,,
LOGIQ_S8,sec_0031,180,5.5-image_section_mapping,,,,
LOGIQ_S8,sec_0032,183,5.4-hierarchy_level,,,,
LOGIQ_S8,sec_0032,183,5.4-parent_child,,,,
LOGIQ_S8,sec_0032,183,5.4-page_start_end,,,,
LOGIQ_S8,sec_0032,183,5.4-hierarchy_path,,,,
LOGIQ_S8,sec_0032,183,5.4-gaps_duplicates,,,,
LOGIQ_S8,sec_0032,183,5.4-flagged_for_review,,,,
LOGIQ_S8,sec_0032,183,5.4-structural_source,,,,
LOGIQ_S8,sec_0032,183,5.6-numbering_scheme,,,,
LOGIQ_S8,sec_0032,183,5.6-offset_applied,,,,
LOGIQ_S8,sec_0032,183,5.5-filters_discarding,,,,
LOGIQ_S8,sec_0032,183,5.5-filters_passing_noise,,,,
LOGIQ_S8,sec_0032,183,5.5-image_section_mapping,,,,
LOGIQ_S8,sec_0038,198,5.4-hierarchy_level,PASS,,"Section 4-3 General procedures (sec_0038) has hierarchy_level 2, level 2 under Chapter 4 (sec_0035, level 1). On p198 the running footer reads the same section title, so it is a section-level entry. On p198 (folio 4 - 10) the page shows heading 4-3-6-2 To move the operator panel from side to side, NOTE, Figures 4-7 and 4-8, five steps, NOTICE.",
LOGIQ_S8,sec_0038,198,5.4-parent_child,PASS,,"parent_section_id is sec_0035 Chapter 4 (p189-238) and child_sections is empty. Sub-headings seen on p198 (nodes #/texts/2436-2448) are only heading nodes inside sec_0038, with no bookmark-level children. On p198 (folio 4 - 10) the page shows heading 4-3-6-2 To move the operator panel from side to side, NOTE, Figures 4-7 and 4-8, five steps, NOTICE.",
LOGIQ_S8,sec_0038,198,5.4-page_start_end,PASS,,"The section starts at p190 (title node #/texts/2313) and ends at p205 (4-3-9 and Figure 4-14, node #/texts/2572; folio 4 - 17). Boundaries: sec_0039 starts at p206; sec_0037 ends at p189. On p198 all nodes (#/texts/2436-2448) belong to Section 4-3 General procedures.",
LOGIQ_S8,sec_0038,198,5.4-hierarchy_path,PASS,,"hierarchy_path ""/Chapter 4/Section 4-3 General procedures"" matches the visible chain Chapter -> section title. p198 footer shows the section title.",
LOGIQ_S8,sec_0038,198,5.4-gaps_duplicates,PASS,,"semantic_order range 2386-2649 (previous ends 2385, next starts 2650) joins the previous and next sections with no gap and no overlap. Section 4-3 General procedures appears once. On p198 the nodes #/texts/2436-2448 appear once.",
LOGIQ_S8,sec_0038,198,5.4-flagged_for_review,PASS,,"sec_0038 has flagged_for_review false with verification_score 100.0. The title is seen on its first page (p190 (title node #/texts/2313)), so no flag is needed.",
LOGIQ_S8,sec_0038,198,5.4-structural_source,PASS,,"structural_source is toc, not inferred. The title and page match the embedded bookmark position seen at p190 (title node #/texts/2313).",
LOGIQ_S8,sec_0038,198,5.6-numbering_scheme,PASS,,"numbering_scheme is arabic. The printed folio on p198 is ""4 - 10"" (chapter-page style), which agrees with an arabic scheme with no roman front matter nearby.",
LOGIQ_S8,sec_0038,198,5.6-offset_applied,PASS,,"offset_applied is 0, the same as the neighbouring sections. The section title is on physical page p190 which equals page_start, so offset 0 is plausible.",
LOGIQ_S8,sec_0038,198,5.6-table_content,PASS,,"There is no table on p198. The only table, #/tables/77, is on p195 and was not rendered in this batch.",
LOGIQ_S8,sec_0038,198,5.5-filters_discarding,PASS,,"On p198 (folio 4 - 10) the page shows heading 4-3-6-2 To move the operator panel from side to side, NOTE, Figures 4-7 and 4-8, five steps, NOTICE. Extracted images cover every figure: img_0184 (vector, 609x391) shows the Figure 4-7 top view and Swivel inset, and img_0183 (585x404) shows the Figure 4-8 keyboard photo with marker 1. No figure on the page is missing from images.json. The two rasters on the page (the top-view picture and the Swivel inset of Figure 4-7) are both inside the vector render img_0184, which I opened and checked.","verify_claims reports two rasters missing, but the vector render img_0184 contains both. Probable false positive."
LOGIQ_S8,sec_0038,198,5.5-filters_passing_noise,PASS,,"The images on p198 are all content figures (img_0184 (vector, 609x391) shows the Figure 4-7 top view and Swivel inset, and img_0183 (585x404) shows the Figure 4-8 keyboard photo with marker 1). The ""GE Healthcare"" header, the header rule and the footer rule are not kept as images.",
LOGIQ_S8,sec_0038,198,5.5-image_section_mapping,PASS,,"sec_0038 is the only section on p198 (neighbouring sections end before and start after this one), so images on p198 map to the right section: img_0184 (vector, 609x391) shows the Figure 4-7 top view and Swivel inset, and img_0183 (585x404) shows the Figure 4-8 keyboard photo with marker 1.",
LOGIQ_S8,sec_0039,207,5.4-hierarchy_level,,,,
LOGIQ_S8,sec_0039,207,5.4-parent_child,,,,
LOGIQ_S8,sec_0039,207,5.4-page_start_end,,,,
LOGIQ_S8,sec_0039,207,5.4-hierarchy_path,,,,
LOGIQ_S8,sec_0039,207,5.4-gaps_duplicates,,,,
LOGIQ_S8,sec_0039,207,5.4-flagged_for_review,,,,
LOGIQ_S8,sec_0039,207,5.4-structural_source,,,,
LOGIQ_S8,sec_0039,207,5.6-numbering_scheme,,,,
LOGIQ_S8,sec_0039,207,5.6-offset_applied,,,,
LOGIQ_S8,sec_0039,207,5.6-table_content,,,,
LOGIQ_S8,sec_0039,207,5.5-filters_discarding,,,,
LOGIQ_S8,sec_0039,207,5.5-filters_passing_noise,,,,
LOGIQ_S8,sec_0039,207,5.5-image_section_mapping,,,,
LOGIQ_S8,sec_0045,247,5.4-hierarchy_level,,,,
LOGIQ_S8,sec_0045,247,5.4-parent_child,,,,
LOGIQ_S8,sec_0045,247,5.4-page_start_end,,,,
LOGIQ_S8,sec_0045,247,5.4-hierarchy_path,,,,
LOGIQ_S8,sec_0045,247,5.4-gaps_duplicates,,,,
LOGIQ_S8,sec_0045,247,5.4-flagged_for_review,,,,
LOGIQ_S8,sec_0045,247,5.4-structural_source,,,,
LOGIQ_S8,sec_0045,247,5.6-numbering_scheme,,,,
LOGIQ_S8,sec_0045,247,5.6-offset_applied,,,,
LOGIQ_S8,sec_0045,247,5.6-table_content,,,,
LOGIQ_S8,sec_0045,247,5.5-filters_discarding,,,,
LOGIQ_S8,sec_0045,247,5.5-filters_passing_noise,,,,
LOGIQ_S8,sec_0045,247,5.5-image_section_mapping,,,,
LOGIQ_S8,sec_0046,249,5.4-hierarchy_level,,,,
LOGIQ_S8,sec_0046,249,5.4-parent_child,,,,
LOGIQ_S8,sec_0046,249,5.4-page_start_end,,,,
LOGIQ_S8,sec_0046,249,5.4-hierarchy_path,,,,
LOGIQ_S8,sec_0046,249,5.4-gaps_duplicates,,,,
LOGIQ_S8,sec_0046,249,5.4-flagged_for_review,,,,
LOGIQ_S8,sec_0046,249,5.4-structural_source,,,,
LOGIQ_S8,sec_0046,249,5.6-numbering_scheme,,,,
LOGIQ_S8,sec_0046,249,5.6-offset_applied,,,,
LOGIQ_S8,sec_0046,249,5.5-filters_discarding,,,,
LOGIQ_S8,sec_0046,249,5.5-filters_passing_noise,,,,
LOGIQ_S8,sec_0046,249,5.5-image_section_mapping,,,,
LOGIQ_S8,sec_0047,250,5.4-hierarchy_level,,,,
LOGIQ_S8,sec_0047,250,5.4-parent_child,,,,
LOGIQ_S8,sec_0047,250,5.4-page_start_end,,,,
LOGIQ_S8,sec_0047,250,5.4-hierarchy_path,,,,
LOGIQ_S8,sec_0047,250,5.4-gaps_duplicates,,,,
LOGIQ_S8,sec_0047,250,5.4-flagged_for_review,,,,
LOGIQ_S8,sec_0047,250,5.4-structural_source,,,,
LOGIQ_S8,sec_0047,250,5.6-numbering_scheme,,,,
LOGIQ_S8,sec_0047,250,5.6-offset_applied,,,,
LOGIQ_S8,sec_0047,250,5.5-filters_discarding,,,,
LOGIQ_S8,sec_0047,250,5.5-filters_passing_noise,,,,
LOGIQ_S8,sec_0047,250,5.5-image_section_mapping,,,,
LOGIQ_S8,sec_0050,258,5.4-hierarchy_level,,,,
LOGIQ_S8,sec_0050,258,5.4-parent_child,,,,
LOGIQ_S8,sec_0050,258,5.4-page_start_end,,,,
LOGIQ_S8,sec_0050,258,5.4-hierarchy_path,,,,
LOGIQ_S8,sec_0050,258,5.4-gaps_duplicates,,,,
LOGIQ_S8,sec_0050,258,5.4-flagged_for_review,,,,
LOGIQ_S8,sec_0050,258,5.4-structural_source,,,,
LOGIQ_S8,sec_0050,258,5.6-numbering_scheme,,,,
LOGIQ_S8,sec_0050,258,5.6-offset_applied,,,,
LOGIQ_S8,sec_0050,258,5.6-table_content,,,,
LOGIQ_S8,sec_0050,258,5.5-filters_discarding,,,,
LOGIQ_S8,sec_0050,258,5.5-filters_passing_noise,,,,
LOGIQ_S8,sec_0050,258,5.5-image_section_mapping,,,,
LOGIQ_S8,sec_0058,281,5.4-hierarchy_level,,,,
LOGIQ_S8,sec_0058,281,5.4-parent_child,,,,
LOGIQ_S8,sec_0058,281,5.4-page_start_end,,,,
LOGIQ_S8,sec_0058,281,5.4-hierarchy_path,,,,
LOGIQ_S8,sec_0058,281,5.4-gaps_duplicates,,,,
LOGIQ_S8,sec_0058,281,5.4-flagged_for_review,,,,
LOGIQ_S8,sec_0058,281,5.4-structural_source,,,,
LOGIQ_S8,sec_0058,281,5.6-numbering_scheme,,,,
LOGIQ_S8,sec_0058,281,5.6-offset_applied,,,,
LOGIQ_S8,sec_0058,281,5.5-filters_discarding,,,,
LOGIQ_S8,sec_0058,281,5.5-filters_passing_noise,,,,
LOGIQ_S8,sec_0058,281,5.5-image_section_mapping,,,,
LOGIQ_S8,sec_0064,324,5.4-hierarchy_level,,,,
LOGIQ_S8,sec_0064,324,5.4-parent_child,,,,
LOGIQ_S8,sec_0064,324,5.4-page_start_end,,,,
LOGIQ_S8,sec_0064,324,5.4-hierarchy_path,,,,
LOGIQ_S8,sec_0064,324,5.4-gaps_duplicates,,,,
LOGIQ_S8,sec_0064,324,5.4-flagged_for_review,,,,
LOGIQ_S8,sec_0064,324,5.4-structural_source,,,,
LOGIQ_S8,sec_0064,324,5.6-numbering_scheme,,,,
LOGIQ_S8,sec_0064,324,5.6-offset_applied,,,,
LOGIQ_S8,sec_0064,324,5.6-table_content,,,,
LOGIQ_S8,sec_0064,324,5.5-filters_discarding,,,,
LOGIQ_S8,sec_0064,324,5.5-filters_passing_noise,,,,
LOGIQ_S8,sec_0064,324,5.5-image_section_mapping,,,,
LOGIQ_S8,sec_0065,331,5.4-hierarchy_level,,,,
LOGIQ_S8,sec_0065,331,5.4-parent_child,,,,
LOGIQ_S8,sec_0065,331,5.4-page_start_end,,,,
LOGIQ_S8,sec_0065,331,5.4-hierarchy_path,,,,
LOGIQ_S8,sec_0065,331,5.4-gaps_duplicates,,,,
LOGIQ_S8,sec_0065,331,5.4-flagged_for_review,,,,
LOGIQ_S8,sec_0065,331,5.4-structural_source,,,,
LOGIQ_S8,sec_0065,331,5.6-numbering_scheme,,,,
LOGIQ_S8,sec_0065,331,5.6-offset_applied,,,,
LOGIQ_S8,sec_0065,331,5.6-table_content,,,,
LOGIQ_S8,sec_0065,331,5.5-filters_discarding,,,,
LOGIQ_S8,sec_0065,331,5.5-filters_passing_noise,,,,
LOGIQ_S8,sec_0065,331,5.5-image_section_mapping,,,,
LOGIQ_S8,sec_0066,360,5.4-hierarchy_level,,,,
LOGIQ_S8,sec_0066,360,5.4-parent_child,,,,
LOGIQ_S8,sec_0066,360,5.4-page_start_end,,,,
LOGIQ_S8,sec_0066,360,5.4-hierarchy_path,,,,
LOGIQ_S8,sec_0066,360,5.4-gaps_duplicates,,,,
LOGIQ_S8,sec_0066,360,5.4-flagged_for_review,,,,
LOGIQ_S8,sec_0066,360,5.4-structural_source,,,,
LOGIQ_S8,sec_0066,360,5.6-numbering_scheme,,,,
LOGIQ_S8,sec_0066,360,5.6-offset_applied,,,,
LOGIQ_S8,sec_0066,360,5.6-table_content,,,,
LOGIQ_S8,sec_0066,360,5.5-filters_discarding,,,,
LOGIQ_S8,sec_0066,360,5.5-filters_passing_noise,,,,
LOGIQ_S8,sec_0066,360,5.5-image_section_mapping,,,,
LOGIQ_S8,sec_0074,418,5.4-hierarchy_level,,,,
LOGIQ_S8,sec_0074,418,5.4-parent_child,,,,
LOGIQ_S8,sec_0074,418,5.4-page_start_end,,,,
LOGIQ_S8,sec_0074,418,5.4-hierarchy_path,,,,
LOGIQ_S8,sec_0074,418,5.4-gaps_duplicates,,,,
LOGIQ_S8,sec_0074,418,5.4-flagged_for_review,,,,
LOGIQ_S8,sec_0074,418,5.4-structural_source,,,,
LOGIQ_S8,sec_0074,418,5.6-numbering_scheme,,,,
LOGIQ_S8,sec_0074,418,5.6-offset_applied,,,,
LOGIQ_S8,sec_0074,418,5.6-table_content,,,,
LOGIQ_S8,sec_0074,418,5.5-filters_discarding,,,,
LOGIQ_S8,sec_0074,418,5.5-filters_passing_noise,,,,
LOGIQ_S8,sec_0074,418,5.5-image_section_mapping,,,,
LOGIQ_S8,sec_0074,428,5.4-hierarchy_level,,,,
LOGIQ_S8,sec_0074,428,5.4-parent_child,,,,
LOGIQ_S8,sec_0074,428,5.4-page_start_end,,,,
LOGIQ_S8,sec_0074,428,5.4-hierarchy_path,,,,
LOGIQ_S8,sec_0074,428,5.4-gaps_duplicates,,,,
LOGIQ_S8,sec_0074,428,5.4-flagged_for_review,,,,
LOGIQ_S8,sec_0074,428,5.4-structural_source,,,,
LOGIQ_S8,sec_0074,428,5.6-numbering_scheme,,,,
LOGIQ_S8,sec_0074,428,5.6-offset_applied,,,,
LOGIQ_S8,sec_0074,428,5.6-table_content,,,,
LOGIQ_S8,sec_0074,428,5.5-filters_discarding,,,,
LOGIQ_S8,sec_0074,428,5.5-filters_passing_noise,,,,
LOGIQ_S8,sec_0074,428,5.5-image_section_mapping,,,,
LOGIQ_S8,sec_0074,438,5.4-hierarchy_level,,,,
LOGIQ_S8,sec_0074,438,5.4-parent_child,,,,
LOGIQ_S8,sec_0074,438,5.4-page_start_end,,,,
LOGIQ_S8,sec_0074,438,5.4-hierarchy_path,,,,
LOGIQ_S8,sec_0074,438,5.4-gaps_duplicates,,,,
LOGIQ_S8,sec_0074,438,5.4-flagged_for_review,,,,
LOGIQ_S8,sec_0074,438,5.4-structural_source,,,,
LOGIQ_S8,sec_0074,438,5.6-numbering_scheme,,,,
LOGIQ_S8,sec_0074,438,5.6-offset_applied,,,,
LOGIQ_S8,sec_0074,438,5.6-table_content,,,,
LOGIQ_S8,sec_0074,438,5.5-filters_discarding,,,,
LOGIQ_S8,sec_0074,438,5.5-filters_passing_noise,,,,
LOGIQ_S8,sec_0074,438,5.5-image_section_mapping,,,,
LOGIQ_S8,sec_0074,462,5.4-hierarchy_level,,,,
LOGIQ_S8,sec_0074,462,5.4-parent_child,,,,
LOGIQ_S8,sec_0074,462,5.4-page_start_end,,,,
LOGIQ_S8,sec_0074,462,5.4-hierarchy_path,,,,
LOGIQ_S8,sec_0074,462,5.4-gaps_duplicates,,,,
LOGIQ_S8,sec_0074,462,5.4-flagged_for_review,,,,
LOGIQ_S8,sec_0074,462,5.4-structural_source,,,,
LOGIQ_S8,sec_0074,462,5.6-numbering_scheme,,,,
LOGIQ_S8,sec_0074,462,5.6-offset_applied,,,,
LOGIQ_S8,sec_0074,462,5.6-table_content,,,,
LOGIQ_S8,sec_0074,462,5.5-filters_discarding,,,,
LOGIQ_S8,sec_0074,462,5.5-filters_passing_noise,,,,
LOGIQ_S8,sec_0074,462,5.5-image_section_mapping,,,,
LOGIQ_S8,sec_0084,513,5.4-hierarchy_level,,,,
LOGIQ_S8,sec_0084,513,5.4-parent_child,,,,
LOGIQ_S8,sec_0084,513,5.4-page_start_end,,,,
LOGIQ_S8,sec_0084,513,5.4-hierarchy_path,,,,
LOGIQ_S8,sec_0084,513,5.4-gaps_duplicates,,,,
LOGIQ_S8,sec_0084,513,5.4-flagged_for_review,,,,
LOGIQ_S8,sec_0084,513,5.4-structural_source,,,,
LOGIQ_S8,sec_0084,513,5.6-numbering_scheme,,,,
LOGIQ_S8,sec_0084,513,5.6-offset_applied,,,,
LOGIQ_S8,sec_0084,513,5.6-table_content,,,,
LOGIQ_S8,sec_0084,513,5.5-filters_discarding,,,,
LOGIQ_S8,sec_0084,513,5.5-filters_passing_noise,,,,
LOGIQ_S8,sec_0084,513,5.5-image_section_mapping,,,,
LOGIQ_S8,sec_0085,549,5.4-hierarchy_level,,,,
LOGIQ_S8,sec_0085,549,5.4-parent_child,,,,
LOGIQ_S8,sec_0085,549,5.4-page_start_end,,,,
LOGIQ_S8,sec_0085,549,5.4-hierarchy_path,,,,
LOGIQ_S8,sec_0085,549,5.4-gaps_duplicates,,,,
LOGIQ_S8,sec_0085,549,5.4-flagged_for_review,,,,
LOGIQ_S8,sec_0085,549,5.4-structural_source,,,,
LOGIQ_S8,sec_0085,549,5.6-numbering_scheme,,,,
LOGIQ_S8,sec_0085,549,5.6-offset_applied,,,,
LOGIQ_S8,sec_0085,549,5.6-table_content,,,,
LOGIQ_S8,sec_0085,549,5.5-filters_discarding,,,,
LOGIQ_S8,sec_0085,549,5.5-filters_passing_noise,,,,
LOGIQ_S8,sec_0085,549,5.5-image_section_mapping,,,,
LOGIQ_S8,sec_0085,550,5.4-hierarchy_level,,,,
LOGIQ_S8,sec_0085,550,5.4-parent_child,,,,
LOGIQ_S8,sec_0085,550,5.4-page_start_end,,,,
LOGIQ_S8,sec_0085,550,5.4-hierarchy_path,,,,
LOGIQ_S8,sec_0085,550,5.4-gaps_duplicates,,,,
LOGIQ_S8,sec_0085,550,5.4-flagged_for_review,,,,
LOGIQ_S8,sec_0085,550,5.4-structural_source,,,,
LOGIQ_S8,sec_0085,550,5.6-numbering_scheme,,,,
LOGIQ_S8,sec_0085,550,5.6-offset_applied,,,,
LOGIQ_S8,sec_0085,550,5.6-table_content,,,,
LOGIQ_S8,sec_0085,550,5.5-filters_discarding,,,,
LOGIQ_S8,sec_0085,550,5.5-filters_passing_noise,,,,
LOGIQ_S8,sec_0085,550,5.5-image_section_mapping,,,,
LOGIQ_S8,sec_0086,555,5.4-hierarchy_level,PASS,,"Section 8-18 Replacement around ACQ Box (sec_0086) has hierarchy_level 2, level 2 under Chapter 8 (sec_0068). On p555 the running footer reads the same section title, so it is a section-level entry. On p555 (folio 8 - 179) the page shows heading 8-18-4-1 Removal Procedure - Separating PID and BF192, step 1, Figure 8-99 with five board photos, NOTE.",
LOGIQ_S8,sec_0086,555,5.4-parent_child,PASS,,"parent_section_id is sec_0068 Chapter 8 and child_sections is empty. Sub-headings seen on p555 (nodes #/texts/7073-7079) are only heading nodes inside sec_0086, with no bookmark-level children. On p555 (folio 8 - 179) the page shows heading 8-18-4-1 Removal Procedure - Separating PID and BF192, step 1, Figure 8-99 with five board photos, NOTE.",
LOGIQ_S8,sec_0086,555,5.4-page_start_end,PASS,,"The section starts at p552 (title node #/texts/7044) and ends at p571 (8-18-9 Installation Procedure, node #/texts/7228; folio 8 - 195). Boundaries: sec_0087 starts at p572; sec_0085 ends at p551. On p555 all nodes (#/texts/7073-7079) belong to Section 8-18 Replacement around ACQ Box. Bottom of the range was checked on p571: only the 8-18-9 heading and step 6 are there.",
LOGIQ_S8,sec_0086,555,5.4-hierarchy_path,PASS,,"hierarchy_path ""/Chapter 8/Section 8-18 Replacement around ACQ Box"" matches the visible chain Chapter -> section title. p555 footer shows the section title.",
LOGIQ_S8,sec_0086,555,5.4-gaps_duplicates,PASS,,"semantic_order range 7255-7450 (previous ends 7254, next starts 7451) joins the previous and next sections with no gap and no overlap. Section 8-18 Replacement around ACQ Box appears once. On p555 the nodes #/texts/7073-7079 appear once.",
LOGIQ_S8,sec_0086,555,5.4-flagged_for_review,PASS,,"sec_0086 has flagged_for_review false with verification_score 100.0. The title is seen on its first page (p552 (title node #/texts/7044)), so no flag is needed.",
LOGIQ_S8,sec_0086,555,5.4-structural_source,PASS,,"structural_source is toc, not inferred. The title and page match the embedded bookmark position seen at p552 (title node #/texts/7044).",
LOGIQ_S8,sec_0086,555,5.6-numbering_scheme,PASS,,"numbering_scheme is arabic. The printed folio on p555 is ""8 - 179"" (chapter-page style), which agrees with an arabic scheme with no roman front matter nearby.",
LOGIQ_S8,sec_0086,555,5.6-offset_applied,PASS,,"offset_applied is 0, the same as the neighbouring sections. The section title is on physical page p552 which equals page_start, so offset 0 is plausible.",
LOGIQ_S8,sec_0086,555,5.6-table_content,PASS,,There is no table on p555.,
LOGIQ_S8,sec_0086,555,5.5-filters_discarding,PASS,,"On p555 (folio 8 - 179) the page shows heading 8-18-4-1 Removal Procedure - Separating PID and BF192, step 1, Figure 8-99 with five board photos, NOTE. Extracted images cover every figure: img_0660 to img_0664 are the five board photos of Figure 8-99. No figure on the page is missing from images.json.",
LOGIQ_S8,sec_0086,555,5.5-filters_passing_noise,PASS,,"The images on p555 are all content figures (img_0660 to img_0664 are the five board photos of Figure 8-99). The ""GE Healthcare"" header, the header rule and the footer rule are not kept as images.",
LOGIQ_S8,sec_0086,555,5.5-image_section_mapping,PASS,,"sec_0086 is the only section on p555 (neighbouring sections end before and start after this one), so images on p555 map to the right section: img_0660 to img_0664 are the five board photos of Figure 8-99.",
LOGIQ_S8,sec_0086,556,5.4-hierarchy_level,PASS,,"Section 8-18 Replacement around ACQ Box (sec_0086) has hierarchy_level 2, level 2 under Chapter 8 (sec_0068). On p556 the running footer reads the same section title, so it is a section-level entry. On p556 (folio 8 - 180) the page shows heading 8-18-4-2 (R1 and R2 system), two NOTEs, Top view/Side view photos, and a Step/Illustration table with step 1 (remove 2 M3 screws for louver).",
LOGIQ_S8,sec_0086,556,5.4-parent_child,PASS,,"parent_section_id is sec_0068 Chapter 8 and child_sections is empty. Sub-headings seen on p556 (nodes #/texts/7080-7091) are only heading nodes inside sec_0086, with no bookmark-level children. On p556 (folio 8 - 180) the page shows heading 8-18-4-2 (R1 and R2 system), two NOTEs, Top view/Side view photos, and a Step/Illustration table with step 1 (remove 2 M3 screws for louver).",
LOGIQ_S8,sec_0086,556,5.4-page_start_end,PASS,,"The section starts at p552 (title node #/texts/7044) and ends at p571 (8-18-9 Installation Procedure, node #/texts/7228; folio 8 - 195). Boundaries: sec_0087 starts at p572; sec_0085 ends at p551. On p556 all nodes (#/texts/7080-7091) belong to Section 8-18 Replacement around ACQ Box. Bottom of the range was checked on p571: only the 8-18-9 heading and step 6 are there.",
LOGIQ_S8,sec_0086,556,5.4-hierarchy_path,PASS,,"hierarchy_path ""/Chapter 8/Section 8-18 Replacement around ACQ Box"" matches the visible chain Chapter -> section title. p556 footer shows the section title.",
LOGIQ_S8,sec_0086,556,5.4-gaps_duplicates,PASS,,"semantic_order range 7255-7450 (previous ends 7254, next starts 7451) joins the previous and next sections with no gap and no overlap. Section 8-18 Replacement around ACQ Box appears once. On p556 the nodes #/texts/7080-7091 appear once.",
LOGIQ_S8,sec_0086,556,5.4-flagged_for_review,PASS,,"sec_0086 has flagged_for_review false with verification_score 100.0. The title is seen on its first page (p552 (title node #/texts/7044)), so no flag is needed.",
LOGIQ_S8,sec_0086,556,5.4-structural_source,PASS,,"structural_source is toc, not inferred. The title and page match the embedded bookmark position seen at p552 (title node #/texts/7044).",
LOGIQ_S8,sec_0086,556,5.6-numbering_scheme,PASS,,"numbering_scheme is arabic. The printed folio on p556 is ""8 - 180"" (chapter-page style), which agrees with an arabic scheme with no roman front matter nearby.",
LOGIQ_S8,sec_0086,556,5.6-offset_applied,PASS,,"offset_applied is 0, the same as the neighbouring sections. The section title is on physical page p552 which equals page_start, so offset 0 is plausible.",
LOGIQ_S8,sec_0086,556,5.6-table_content,FAIL,Low,"The Step/Illustration table at the bottom of p556 is not a table node. Its text is in separate paragraphs #/texts/7087-7090 (Step, Illustration, Remove 2 (two) M3 screws for removing louver., Top view). The step number ""1."" is missing.","Low, same as the approved flattened Step/Illustration rows (sec_0086 p558, sec_0083 p491). Text and order are kept, only the grid and step number '1.' are lost. verify_claims may suggest Medium because the table node is missing. Probably a Docling table detection miss."
LOGIQ_S8,sec_0086,556,5.5-filters_discarding,PASS,,"On p556 (folio 8 - 180) the page shows heading 8-18-4-2 (R1 and R2 system), two NOTEs, Top view/Side view photos, and a Step/Illustration table with step 1 (remove 2 M3 screws for louver). Extracted images cover every figure: img_0665 (808x299) is the Top view and Side view pair and img_0666 (400x298) is the step 1 photo. No figure on the page is missing from images.json.",
LOGIQ_S8,sec_0086,556,5.5-filters_passing_noise,PASS,,"The images on p556 are all content figures (img_0665 (808x299) is the Top view and Side view pair and img_0666 (400x298) is the step 1 photo). The ""GE Healthcare"" header, the header rule and the footer rule are not kept as images.",
LOGIQ_S8,sec_0086,556,5.5-image_section_mapping,PASS,,"sec_0086 is the only section on p556 (neighbouring sections end before and start after this one), so images on p556 map to the right section: img_0665 (808x299) is the Top view and Side view pair and img_0666 (400x298) is the step 1 photo.",
LOGIQ_S8,sec_0086,563,5.4-hierarchy_level,PASS,,"Section 8-18 Replacement around ACQ Box (sec_0086) has hierarchy_level 2, level 2 under Chapter 8 (sec_0068). On p563 the running footer reads the same section title, so it is a section-level entry. On p563 (folio 8 - 187) the page shows heading 8-18-4-7 Handling EEPROM on GFS Board, items A and B, Figure 8-101 EEPROM diagram, step 1 and Figure 8-102 photo.",
LOGIQ_S8,sec_0086,563,5.4-parent_child,PASS,,"parent_section_id is sec_0068 Chapter 8 and child_sections is empty. Sub-headings seen on p563 (nodes #/texts/7144-7157) are only heading nodes inside sec_0086, with no bookmark-level children. On p563 (folio 8 - 187) the page shows heading 8-18-4-7 Handling EEPROM on GFS Board, items A and B, Figure 8-101 EEPROM diagram, step 1 and Figure 8-102 photo.",
LOGIQ_S8,sec_0086,563,5.4-page_start_end,PASS,,"The section starts at p552 (title node #/texts/7044) and ends at p571 (8-18-9 Installation Procedure, node #/texts/7228; folio 8 - 195). Boundaries: sec_0087 starts at p572; sec_0085 ends at p551. On p563 all nodes (#/texts/7144-7157) belong to Section 8-18 Replacement around ACQ Box. Bottom of the range was checked on p571: only the 8-18-9 heading and step 6 are there.",
LOGIQ_S8,sec_0086,563,5.4-hierarchy_path,PASS,,"hierarchy_path ""/Chapter 8/Section 8-18 Replacement around ACQ Box"" matches the visible chain Chapter -> section title. p563 footer shows the section title.",
LOGIQ_S8,sec_0086,563,5.4-gaps_duplicates,PASS,,"semantic_order range 7255-7450 (previous ends 7254, next starts 7451) joins the previous and next sections with no gap and no overlap. Section 8-18 Replacement around ACQ Box appears once. On p563 the nodes #/texts/7144-7157 appear once.",
LOGIQ_S8,sec_0086,563,5.4-flagged_for_review,PASS,,"sec_0086 has flagged_for_review false with verification_score 100.0. The title is seen on its first page (p552 (title node #/texts/7044)), so no flag is needed.",
LOGIQ_S8,sec_0086,563,5.4-structural_source,PASS,,"structural_source is toc, not inferred. The title and page match the embedded bookmark position seen at p552 (title node #/texts/7044).",
LOGIQ_S8,sec_0086,563,5.6-numbering_scheme,PASS,,"numbering_scheme is arabic. The printed folio on p563 is ""8 - 187"" (chapter-page style), which agrees with an arabic scheme with no roman front matter nearby.",
LOGIQ_S8,sec_0086,563,5.6-offset_applied,PASS,,"offset_applied is 0, the same as the neighbouring sections. The section title is on physical page p552 which equals page_start, so offset 0 is plausible.",
LOGIQ_S8,sec_0086,563,5.6-table_content,PASS,,There is no table on p563.,
LOGIQ_S8,sec_0086,563,5.5-filters_discarding,PASS,,"Figure 8-101 on p563 (two GFS boards, EEPROM chip callout, arrow, labels) is only partly in an image: img_0678 (250x153) is one board, img_0679 (97x97) is the EEPROM chip, and img_0680 (400x305) is the Figure 8-102 photo. The labels ""EEPROM must move"", ""GFS Board being replaced"" and ""New GFS Board"" are text nodes #/texts/7151, 7153 and 7154. The caption and body text say the EEPROM moves to the new board.","Borderline. The arrow and the second board are not in any image, but all the information is in the text, so I did not fail it. Low if the reviewer disagrees."
LOGIQ_S8,sec_0086,563,5.5-filters_passing_noise,PASS,,"The images on p563 are all content figures (img_0678 (250x153) is one board picture, img_0679 (97x97) is the EEPROM chip and img_0680 (400x305) is the Figure 8-102 photo). The ""GE Healthcare"" header, the header rule and the footer rule are not kept as images.",
LOGIQ_S8,sec_0086,563,5.5-image_section_mapping,PASS,,"sec_0086 is the only section on p563 (neighbouring sections end before and start after this one), so images on p563 map to the right section: img_0678 (250x153) is one board picture, img_0679 (97x97) is the EEPROM chip and img_0680 (400x305) is the Figure 8-102 photo.",
LOGIQ_S8,sec_0086,566,5.4-hierarchy_level,PASS,,"Section 8-18 Replacement around ACQ Box (sec_0086) has hierarchy_level 2, level 2 under Chapter 8 (sec_0068). On p566 the running footer reads the same section title, so it is a section-level entry. On p566 (folio 8 - 190) the page shows heading 8-18-5 Installation Procedure, 8-18-5-1, DIP switch Figure 8-106 and cable routing Figure 8-107.",
LOGIQ_S8,sec_0086,566,5.4-parent_child,PASS,,"parent_section_id is sec_0068 Chapter 8 and child_sections is empty. Sub-headings seen on p566 (nodes #/texts/7181-7195) are only heading nodes inside sec_0086, with no bookmark-level children. On p566 (folio 8 - 190) the page shows heading 8-18-5 Installation Procedure, 8-18-5-1, DIP switch Figure 8-106 and cable routing Figure 8-107.",
LOGIQ_S8,sec_0086,566,5.4-page_start_end,PASS,,"The section starts at p552 (title node #/texts/7044) and ends at p571 (8-18-9 Installation Procedure, node #/texts/7228; folio 8 - 195). Boundaries: sec_0087 starts at p572; sec_0085 ends at p551. On p566 all nodes (#/texts/7181-7195) belong to Section 8-18 Replacement around ACQ Box. Bottom of the range was checked on p571: only the 8-18-9 heading and step 6 are there.",
LOGIQ_S8,sec_0086,566,5.4-hierarchy_path,PASS,,"hierarchy_path ""/Chapter 8/Section 8-18 Replacement around ACQ Box"" matches the visible chain Chapter -> section title. p566 footer shows the section title.",
LOGIQ_S8,sec_0086,566,5.4-gaps_duplicates,PASS,,"semantic_order range 7255-7450 (previous ends 7254, next starts 7451) joins the previous and next sections with no gap and no overlap. Section 8-18 Replacement around ACQ Box appears once. On p566 the nodes #/texts/7181-7195 appear once.",
LOGIQ_S8,sec_0086,566,5.4-flagged_for_review,PASS,,"sec_0086 has flagged_for_review false with verification_score 100.0. The title is seen on its first page (p552 (title node #/texts/7044)), so no flag is needed.",
LOGIQ_S8,sec_0086,566,5.4-structural_source,PASS,,"structural_source is toc, not inferred. The title and page match the embedded bookmark position seen at p552 (title node #/texts/7044).",
LOGIQ_S8,sec_0086,566,5.6-numbering_scheme,PASS,,"numbering_scheme is arabic. The printed folio on p566 is ""8 - 190"" (chapter-page style), which agrees with an arabic scheme with no roman front matter nearby.",
LOGIQ_S8,sec_0086,566,5.6-offset_applied,PASS,,"offset_applied is 0, the same as the neighbouring sections. The section title is on physical page p552 which equals page_start, so offset 0 is plausible.",
LOGIQ_S8,sec_0086,566,5.6-table_content,PASS,,There is no table on p566.,
LOGIQ_S8,sec_0086,566,5.5-filters_discarding,PASS,,"On p566 (folio 8 - 190) the page shows heading 8-18-5 Installation Procedure, 8-18-5-1, DIP switch Figure 8-106 and cable routing Figure 8-107. Extracted images cover every figure: img_0685 (363x262) is the DIP switch photo and img_0686 (vector, 355x470) is the cable routing photo with Left Upper and Right Upper arrows. No figure on the page is missing from images.json. The cable routing photo with the Left Upper and Right Upper arrows is inside the vector render img_0686, which I opened and checked.","verify_claims reports one raster missing on p566, but the photo is inside the vector render img_0686. Probable false positive."
LOGIQ_S8,sec_0086,566,5.5-filters_passing_noise,PASS,,"The images on p566 are all content figures (img_0685 (363x262) is the DIP switch photo and img_0686 (vector, 355x470) is the cable routing photo with Left Upper and Right Upper arrows). The ""GE Healthcare"" header, the header rule and the footer rule are not kept as images.",
LOGIQ_S8,sec_0086,566,5.5-image_section_mapping,PASS,,"sec_0086 is the only section on p566 (neighbouring sections end before and start after this one), so images on p566 map to the right section: img_0685 (363x262) is the DIP switch photo and img_0686 (vector, 355x470) is the cable routing photo with Left Upper and Right Upper arrows.",
LOGIQ_S8,sec_0086,567,5.4-hierarchy_level,PASS,,"Section 8-18 Replacement around ACQ Box (sec_0086) has hierarchy_level 2, level 2 under Chapter 8 (sec_0068). On p567 the running footer reads the same section title, so it is a section-level entry. On p567 (folio 8 - 191) the page shows ""For R1 and R2 system"" and ""For R3 and R4 system"" signal tables and a Power table.",
LOGIQ_S8,sec_0086,567,5.4-parent_child,PASS,,"parent_section_id is sec_0068 Chapter 8 and child_sections is empty. Sub-headings seen on p567 (nodes #/texts/7196-7200 and #/tables/217-219) are only heading nodes inside sec_0086, with no bookmark-level children. On p567 (folio 8 - 191) the page shows ""For R1 and R2 system"" and ""For R3 and R4 system"" signal tables and a Power table.",
LOGIQ_S8,sec_0086,567,5.4-page_start_end,PASS,,"The section starts at p552 (title node #/texts/7044) and ends at p571 (8-18-9 Installation Procedure, node #/texts/7228; folio 8 - 195). Boundaries: sec_0087 starts at p572; sec_0085 ends at p551. On p567 all nodes (#/texts/7196-7200 and #/tables/217-219) belong to Section 8-18 Replacement around ACQ Box. Bottom of the range was checked on p571: only the 8-18-9 heading and step 6 are there.",
LOGIQ_S8,sec_0086,567,5.4-hierarchy_path,PASS,,"hierarchy_path ""/Chapter 8/Section 8-18 Replacement around ACQ Box"" matches the visible chain Chapter -> section title. p567 footer shows the section title.",
LOGIQ_S8,sec_0086,567,5.4-gaps_duplicates,PASS,,"semantic_order range 7255-7450 (previous ends 7254, next starts 7451) joins the previous and next sections with no gap and no overlap. Section 8-18 Replacement around ACQ Box appears once. On p567 the nodes #/texts/7196-7200 and #/tables/217-219 appear once.",
LOGIQ_S8,sec_0086,567,5.4-flagged_for_review,PASS,,"sec_0086 has flagged_for_review false with verification_score 100.0. The title is seen on its first page (p552 (title node #/texts/7044)), so no flag is needed.",
LOGIQ_S8,sec_0086,567,5.4-structural_source,PASS,,"structural_source is toc, not inferred. The title and page match the embedded bookmark position seen at p552 (title node #/texts/7044).",
LOGIQ_S8,sec_0086,567,5.6-numbering_scheme,PASS,,"numbering_scheme is arabic. The printed folio on p567 is ""8 - 191"" (chapter-page style), which agrees with an arabic scheme with no roman front matter nearby.",
LOGIQ_S8,sec_0086,567,5.6-offset_applied,PASS,,"offset_applied is 0, the same as the neighbouring sections. The section title is on physical page p552 which equals page_start, so offset 0 is plausible.",
LOGIQ_S8,sec_0086,567,5.6-table_content,PASS,,"Tables #/tables/217, 218 and 219 match the rendering row by row (for example LCD / To main LCD / Right Side; AC Inlet / AC Inlet / Fixed with bracket - routed outside). Columns are kept.",
LOGIQ_S8,sec_0086,567,5.5-filters_discarding,PASS,,"On p567 (folio 8 - 191) the page shows ""For R1 and R2 system"" and ""For R3 and R4 system"" signal tables and a Power table. Extracted images cover every figure: the page has only tables and no figures, and no image is mapped to p567. No figure on the page is missing from images.json.",
LOGIQ_S8,sec_0086,567,5.5-filters_passing_noise,PASS,,"The images on p567 are all content figures (the page has only tables and no figures, and no image is mapped to p567). The ""GE Healthcare"" header, the header rule and the footer rule are not kept as images.",
LOGIQ_S8,sec_0086,567,5.5-image_section_mapping,PASS,,"sec_0086 is the only section on p567 (neighbouring sections end before and start after this one), so images on p567 map to the right section: the page has only tables and no figures, and no image is mapped to p567.",
LOGIQ_S8,sec_0086,568,5.4-hierarchy_level,PASS,,"Section 8-18 Replacement around ACQ Box (sec_0086) has hierarchy_level 2, level 2 under Chapter 8 (sec_0068). On p568 the running footer reads the same section title, so it is a section-level entry. On p568 (folio 8 - 192) the page shows heading 8-18-6 GFSR4 FPGA flash update procedure (7 steps, Figure 8-108 desktop screenshot) and 8-18-7 Functional Check with a WARNING.",
LOGIQ_S8,sec_0086,568,5.4-parent_child,PASS,,"parent_section_id is sec_0068 Chapter 8 and child_sections is empty. Sub-headings seen on p568 (nodes #/texts/7201-7215) are only heading nodes inside sec_0086, with no bookmark-level children. On p568 (folio 8 - 192) the page shows heading 8-18-6 GFSR4 FPGA flash update procedure (7 steps, Figure 8-108 desktop screenshot) and 8-18-7 Functional Check with a WARNING.",
LOGIQ_S8,sec_0086,568,5.4-page_start_end,PASS,,"The section starts at p552 (title node #/texts/7044) and ends at p571 (8-18-9 Installation Procedure, node #/texts/7228; folio 8 - 195). Boundaries: sec_0087 starts at p572; sec_0085 ends at p551. On p568 all nodes (#/texts/7201-7215) belong to Section 8-18 Replacement around ACQ Box. Bottom of the range was checked on p571: only the 8-18-9 heading and step 6 are there.",
LOGIQ_S8,sec_0086,568,5.4-hierarchy_path,PASS,,"hierarchy_path ""/Chapter 8/Section 8-18 Replacement around ACQ Box"" matches the visible chain Chapter -> section title. p568 footer shows the section title.",
LOGIQ_S8,sec_0086,568,5.4-gaps_duplicates,PASS,,"semantic_order range 7255-7450 (previous ends 7254, next starts 7451) joins the previous and next sections with no gap and no overlap. Section 8-18 Replacement around ACQ Box appears once. On p568 the nodes #/texts/7201-7215 appear once.",
LOGIQ_S8,sec_0086,568,5.4-flagged_for_review,PASS,,"sec_0086 has flagged_for_review false with verification_score 100.0. The title is seen on its first page (p552 (title node #/texts/7044)), so no flag is needed.",
LOGIQ_S8,sec_0086,568,5.4-structural_source,PASS,,"structural_source is toc, not inferred. The title and page match the embedded bookmark position seen at p552 (title node #/texts/7044).",
LOGIQ_S8,sec_0086,568,5.6-numbering_scheme,PASS,,"numbering_scheme is arabic. The printed folio on p568 is ""8 - 192"" (chapter-page style), which agrees with an arabic scheme with no roman front matter nearby.",
LOGIQ_S8,sec_0086,568,5.6-offset_applied,PASS,,"offset_applied is 0, the same as the neighbouring sections. The section title is on physical page p552 which equals page_start, so offset 0 is plausible.",
LOGIQ_S8,sec_0086,568,5.6-table_content,PASS,,There is no table on p568.,
LOGIQ_S8,sec_0086,568,5.5-filters_discarding,PASS,,"On p568 (folio 8 - 192) the page shows heading 8-18-6 GFSR4 FPGA flash update procedure (7 steps, Figure 8-108 desktop screenshot) and 8-18-7 Functional Check with a WARNING. Extracted images cover every figure: img_0687 (457x257) is the Figure 8-108 desktop screenshot with the red circled icon. No figure on the page is missing from images.json.",
LOGIQ_S8,sec_0086,568,5.5-filters_passing_noise,PASS,,"The images on p568 are all content figures (img_0687 (457x257) is the Figure 8-108 desktop screenshot with the red circled icon). The ""GE Healthcare"" header, the header rule and the footer rule are not kept as images.",
LOGIQ_S8,sec_0086,568,5.5-image_section_mapping,PASS,,"sec_0086 is the only section on p568 (neighbouring sections end before and start after this one), so images on p568 map to the right section: img_0687 (457x257) is the Figure 8-108 desktop screenshot with the red circled icon.",
LOGIQ_S8,sec_0095,627,5.4-hierarchy_level,PASS,,"p627 has two small subheadings, '8-27-6-2 Installation Procedure' and '8-27-6-3 Functional Check'. They are inside Section 8-27. sec_0095 is level 2 under Chapter 8, which is right.",
LOGIQ_S8,sec_0095,627,5.4-parent_child,PASS,,"parent_section_id is sec_0068 (Chapter 8). The p627 subheadings (#/texts/7804, 7806) are heading nodes inside sec_0095, and child_sections is empty. This is coherent.",
LOGIQ_S8,sec_0095,627,5.4-page_start_end,PASS,,"p627 is in the middle of the section (617-632). Its nodes #/texts/7802-7810 are the installation text, the functional check text, and the header and footer lines. They all follow table 8-56 of 8-27-6 from p625 and p626, so ownership is right. No text from the next heading 8-27-7 (p628) is on p627.",
LOGIQ_S8,sec_0095,627,5.4-hierarchy_path,PASS,,"hierarchy_path '/Chapter 8/Section 8-27 Replacement of DVD Drive, Printers and Drawer' matches the footer 'Section 8-27 - Replacement of DVD Drive, Printers and Drawer 8 - 251' on p627.",
LOGIQ_S8,sec_0095,627,5.4-gaps_duplicates,PASS,,sec_0095 covers p617-632 with no gap. The p627 nodes appear only in sec_0095. The neighbours start on p633 (sec_0096) and end on p616 (sec_0094).,
LOGIQ_S8,sec_0095,627,5.4-flagged_for_review,PASS,,flagged_for_review is false and verification_score is 100. Nothing on p627 contradicts this.,
LOGIQ_S8,sec_0095,627,5.4-structural_source,PASS,,structural_source is 'toc'. The bookmark title matches the title on p617.,
LOGIQ_S8,sec_0095,627,5.6-numbering_scheme,PASS,,"The folio on p627 is '8 - 251', digits with a chapter prefix, and numbering_scheme is 'arabic'.",Chapter prefix not shown separately; probably acceptable.
LOGIQ_S8,sec_0095,627,5.6-offset_applied,PASS,,"offset_applied is 0. The printed folio goes from 8 - 241 on p617 to 8 - 251 on p627, one step per page, so physical and section pages agree.",
LOGIQ_S8,sec_0095,627,5.6-table_content,PASS,,"p627 has no table. It has only text. The nearby tables 8-56 on p625 and p626 are in sec_0095 (#/tables/254 and #/tables/255), and the step texts of #/tables/255 match p626.",No table to compare on this page.
LOGIQ_S8,sec_0095,627,5.5-filters_discarding,PASS,,"p627 has no photo or drawing in the render, only text. No image is mapped to p627 in images.json, so nothing was dropped.",
LOGIQ_S8,sec_0095,627,5.5-filters_passing_noise,PASS,,No image is mapped to p627. No logo or rule is kept as an image.,
LOGIQ_S8,sec_0095,627,5.5-image_section_mapping,PASS,,"p627 has no visual, and no image is mapped to it. The nearby images on p625 and p626 (img_0824-0830) are the table 8-56 photos and are mapped to sec_0095. The mapping is right.",
LOGIQ_S8,sec_0103,677,5.4-hierarchy_level,PASS,,"p677 has no heading and continues '8-35-4 For R4 System' from p675. The section title is on p673. sec_0103 is level 2 under Chapter 8, like other Section 8-x titles.",
LOGIQ_S8,sec_0103,677,5.4-parent_child,PASS,,parent_section_id is sec_0068 (Chapter 8). child_sections is empty. The 8-35-x subheadings are heading nodes inside sec_0103. This is coherent.,
LOGIQ_S8,sec_0103,677,5.4-page_start_end,PASS,,"Section title is on p673 so page_start 673 is right. p684 ends with '8-35-7 Functional Check' (node #/texts/8391) and the next section sec_0104 starts on p685. page_end 684 is right. On p677 the nodes #/texts/8294-8303 are steps 5 to 8 and Figures 8-151 to 8-153 of the R4 procedure, which belongs to this section.",
LOGIQ_S8,sec_0103,677,5.4-hierarchy_path,PASS,,hierarchy_path '/Chapter 8/Section 8-35 Replacement of Wireless LAN Option' matches the footer 'Section 8-35 - Replacement of Wireless LAN Option 8 - 301' on p677.,
LOGIQ_S8,sec_0103,677,5.4-gaps_duplicates,PASS,,"sec_0102 ends on p672, sec_0103 covers p673-684 and sec_0104 starts on p685. There is no gap and no overlap.",
LOGIQ_S8,sec_0103,677,5.4-flagged_for_review,PASS,,flagged_for_review is false and verification_score is 100. Nothing on p677 contradicts this.,
LOGIQ_S8,sec_0103,677,5.4-structural_source,PASS,,structural_source is 'toc'. The bookmark title matches the title on p673.,
LOGIQ_S8,sec_0103,677,5.6-numbering_scheme,PASS,,"numbering_scheme is 'arabic'. The folio on p677 is '8 - 301', digits with a chapter prefix.",Chapter prefix not shown separately; probably acceptable.
LOGIQ_S8,sec_0103,677,5.6-offset_applied,PASS,,"offset_applied is 0. Folio 8 - 297 is on p673 and 8 - 301 is on p677, so physical and printed pages agree.",
LOGIQ_S8,sec_0103,677,5.6-table_content,PASS,,"p677 has no table. It has numbered steps 5 to 8 and three captioned figures. Tables of this section (#/tables/276, 277, 278) are on other pages.",No table to compare on this page.
LOGIQ_S8,sec_0103,677,5.5-filters_discarding,PASS,,"p677 has three photos with captions Figure 8-151, 8-152 and 8-153. They are extracted as img_0947, img_0948 and img_0949. Sizes match the aspect ratios in the render. No visual is missing.",
LOGIQ_S8,sec_0103,677,5.5-filters_passing_noise,PASS,,The three images on p677 are real figures. No logo or rule is kept as an image.,
LOGIQ_S8,sec_0103,677,5.5-image_section_mapping,PASS,,"img_0947, img_0948 and img_0949 are mapped to sec_0103 and match Figures 8-151, 8-152 and 8-153 in order. They belong to this section.",
LOGIQ_S8,sec_0105,695,5.4-hierarchy_level,,,,
LOGIQ_S8,sec_0105,695,5.4-parent_child,,,,
LOGIQ_S8,sec_0105,695,5.4-page_start_end,,,,
LOGIQ_S8,sec_0105,695,5.4-hierarchy_path,,,,
LOGIQ_S8,sec_0105,695,5.4-gaps_duplicates,,,,
LOGIQ_S8,sec_0105,695,5.4-flagged_for_review,,,,
LOGIQ_S8,sec_0105,695,5.4-structural_source,,,,
LOGIQ_S8,sec_0105,695,5.6-numbering_scheme,,,,
LOGIQ_S8,sec_0105,695,5.6-offset_applied,,,,
LOGIQ_S8,sec_0105,695,5.6-table_content,,,,
LOGIQ_S8,sec_0105,695,5.5-filters_discarding,,,,
LOGIQ_S8,sec_0105,695,5.5-filters_passing_noise,,,,
LOGIQ_S8,sec_0105,695,5.5-image_section_mapping,,,,
LOGIQ_S8,sec_0108,707,5.4-hierarchy_level,,,,
LOGIQ_S8,sec_0108,707,5.4-parent_child,,,,
LOGIQ_S8,sec_0108,707,5.4-page_start_end,,,,
LOGIQ_S8,sec_0108,707,5.4-hierarchy_path,,,,
LOGIQ_S8,sec_0108,707,5.4-gaps_duplicates,,,,
LOGIQ_S8,sec_0108,707,5.4-flagged_for_review,,,,
LOGIQ_S8,sec_0108,707,5.4-structural_source,,,,
LOGIQ_S8,sec_0108,707,5.6-numbering_scheme,,,,
LOGIQ_S8,sec_0108,707,5.6-offset_applied,,,,
LOGIQ_S8,sec_0108,707,5.6-table_content,,,,
LOGIQ_S8,sec_0108,707,5.5-filters_discarding,,,,
LOGIQ_S8,sec_0108,707,5.5-filters_passing_noise,,,,
LOGIQ_S8,sec_0108,707,5.5-image_section_mapping,,,,
LOGIQ_S8,sec_0109,721,5.4-hierarchy_level,,,,
LOGIQ_S8,sec_0109,721,5.4-parent_child,,,,
LOGIQ_S8,sec_0109,721,5.4-page_start_end,,,,
LOGIQ_S8,sec_0109,721,5.4-hierarchy_path,,,,
LOGIQ_S8,sec_0109,721,5.4-gaps_duplicates,,,,
LOGIQ_S8,sec_0109,721,5.4-flagged_for_review,,,,
LOGIQ_S8,sec_0109,721,5.4-structural_source,,,,
LOGIQ_S8,sec_0109,721,5.6-numbering_scheme,,,,
LOGIQ_S8,sec_0109,721,5.6-offset_applied,,,,
LOGIQ_S8,sec_0109,721,5.6-table_content,,,,
LOGIQ_S8,sec_0109,721,5.5-filters_discarding,,,,
LOGIQ_S8,sec_0109,721,5.5-filters_passing_noise,,,,
LOGIQ_S8,sec_0109,721,5.5-image_section_mapping,,,,
LOGIQ_S8,sec_0109,724,5.4-hierarchy_level,,,,
LOGIQ_S8,sec_0109,724,5.4-parent_child,,,,
LOGIQ_S8,sec_0109,724,5.4-page_start_end,,,,
LOGIQ_S8,sec_0109,724,5.4-hierarchy_path,,,,
LOGIQ_S8,sec_0109,724,5.4-gaps_duplicates,,,,
LOGIQ_S8,sec_0109,724,5.4-flagged_for_review,,,,
LOGIQ_S8,sec_0109,724,5.4-structural_source,,,,
LOGIQ_S8,sec_0109,724,5.6-numbering_scheme,,,,
LOGIQ_S8,sec_0109,724,5.6-offset_applied,,,,
LOGIQ_S8,sec_0109,724,5.6-table_content,,,,
LOGIQ_S8,sec_0109,724,5.5-filters_discarding,,,,
LOGIQ_S8,sec_0109,724,5.5-filters_passing_noise,,,,
LOGIQ_S8,sec_0109,724,5.5-image_section_mapping,,,,
LOGIQ_S8,sec_0110,735,5.4-hierarchy_level,,,,
LOGIQ_S8,sec_0110,735,5.4-parent_child,,,,
LOGIQ_S8,sec_0110,735,5.4-page_start_end,,,,
LOGIQ_S8,sec_0110,735,5.4-hierarchy_path,,,,
LOGIQ_S8,sec_0110,735,5.4-gaps_duplicates,,,,
LOGIQ_S8,sec_0110,735,5.4-flagged_for_review,,,,
LOGIQ_S8,sec_0110,735,5.4-structural_source,,,,
LOGIQ_S8,sec_0110,735,5.6-numbering_scheme,,,,
LOGIQ_S8,sec_0110,735,5.6-offset_applied,,,,
LOGIQ_S8,sec_0110,735,5.6-table_content,,,,
LOGIQ_S8,sec_0110,735,5.5-filters_discarding,,,,
LOGIQ_S8,sec_0110,735,5.5-filters_passing_noise,,,,
LOGIQ_S8,sec_0110,735,5.5-image_section_mapping,,,,
LOGIQ_S8,sec_0111,756,5.4-hierarchy_level,,,,
LOGIQ_S8,sec_0111,756,5.4-parent_child,,,,
LOGIQ_S8,sec_0111,756,5.4-page_start_end,,,,
LOGIQ_S8,sec_0111,756,5.4-hierarchy_path,,,,
LOGIQ_S8,sec_0111,756,5.4-gaps_duplicates,,,,
LOGIQ_S8,sec_0111,756,5.4-flagged_for_review,,,,
LOGIQ_S8,sec_0111,756,5.4-structural_source,,,,
LOGIQ_S8,sec_0111,756,5.6-numbering_scheme,,,,
LOGIQ_S8,sec_0111,756,5.6-offset_applied,,,,
LOGIQ_S8,sec_0111,756,5.6-table_content,,,,
LOGIQ_S8,sec_0111,756,5.5-filters_discarding,,,,
LOGIQ_S8,sec_0111,756,5.5-filters_passing_noise,,,,
LOGIQ_S8,sec_0111,756,5.5-image_section_mapping,,,,
LOGIQ_S8,sec_0111,757,5.4-hierarchy_level,,,,
LOGIQ_S8,sec_0111,757,5.4-parent_child,,,,
LOGIQ_S8,sec_0111,757,5.4-page_start_end,,,,
LOGIQ_S8,sec_0111,757,5.4-hierarchy_path,,,,
LOGIQ_S8,sec_0111,757,5.4-gaps_duplicates,,,,
LOGIQ_S8,sec_0111,757,5.4-flagged_for_review,,,,
LOGIQ_S8,sec_0111,757,5.4-structural_source,,,,
LOGIQ_S8,sec_0111,757,5.6-numbering_scheme,,,,
LOGIQ_S8,sec_0111,757,5.6-offset_applied,,,,
LOGIQ_S8,sec_0111,757,5.6-table_content,,,,
LOGIQ_S8,sec_0111,757,5.5-filters_discarding,,,,
LOGIQ_S8,sec_0111,757,5.5-filters_passing_noise,,,,
LOGIQ_S8,sec_0111,757,5.5-image_section_mapping,,,,
LOGIQ_S8,sec_0126,827,5.4-hierarchy_level,,,,
LOGIQ_S8,sec_0126,827,5.4-parent_child,,,,
LOGIQ_S8,sec_0126,827,5.4-page_start_end,,,,
LOGIQ_S8,sec_0126,827,5.4-hierarchy_path,,,,
LOGIQ_S8,sec_0126,827,5.4-gaps_duplicates,,,,
LOGIQ_S8,sec_0126,827,5.4-flagged_for_review,,,,
LOGIQ_S8,sec_0126,827,5.4-structural_source,,,,
LOGIQ_S8,sec_0126,827,5.6-numbering_scheme,,,,
LOGIQ_S8,sec_0126,827,5.6-offset_applied,,,,
LOGIQ_S8,sec_0126,827,5.6-table_content,,,,
LOGIQ_S8,sec_0126,827,5.5-filters_discarding,,,,
LOGIQ_S8,sec_0126,827,5.5-filters_passing_noise,,,,
LOGIQ_S8,sec_0126,827,5.5-image_section_mapping,,,,
LOGIQ_S8,sec_0126,828,5.4-hierarchy_level,,,,
LOGIQ_S8,sec_0126,828,5.4-parent_child,,,,
LOGIQ_S8,sec_0126,828,5.4-page_start_end,,,,
LOGIQ_S8,sec_0126,828,5.4-hierarchy_path,,,,
LOGIQ_S8,sec_0126,828,5.4-gaps_duplicates,,,,
LOGIQ_S8,sec_0126,828,5.4-flagged_for_review,,,,
LOGIQ_S8,sec_0126,828,5.4-structural_source,,,,
LOGIQ_S8,sec_0126,828,5.6-numbering_scheme,,,,
LOGIQ_S8,sec_0126,828,5.6-offset_applied,,,,
LOGIQ_S8,sec_0126,828,5.6-table_content,,,,
LOGIQ_S8,sec_0126,828,5.5-filters_discarding,,,,
LOGIQ_S8,sec_0126,828,5.5-filters_passing_noise,,,,
LOGIQ_S8,sec_0126,828,5.5-image_section_mapping,,,,
LOGIQ_S8,sec_0128,840,5.4-hierarchy_level,,,,
LOGIQ_S8,sec_0128,840,5.4-parent_child,,,,
LOGIQ_S8,sec_0128,840,5.4-page_start_end,,,,
LOGIQ_S8,sec_0128,840,5.4-hierarchy_path,,,,
LOGIQ_S8,sec_0128,840,5.4-gaps_duplicates,,,,
LOGIQ_S8,sec_0128,840,5.4-flagged_for_review,,,,
LOGIQ_S8,sec_0128,840,5.4-structural_source,,,,
LOGIQ_S8,sec_0128,840,5.6-numbering_scheme,,,,
LOGIQ_S8,sec_0128,840,5.6-offset_applied,,,,
LOGIQ_S8,sec_0128,840,5.6-table_content,,,,
LOGIQ_S8,sec_0128,840,5.5-filters_discarding,,,,
LOGIQ_S8,sec_0128,840,5.5-filters_passing_noise,,,,
LOGIQ_S8,sec_0128,840,5.5-image_section_mapping,,,,
LOGIQ_S8,sec_0128,849,5.4-hierarchy_level,,,,
LOGIQ_S8,sec_0128,849,5.4-parent_child,,,,
LOGIQ_S8,sec_0128,849,5.4-page_start_end,,,,
LOGIQ_S8,sec_0128,849,5.4-hierarchy_path,,,,
LOGIQ_S8,sec_0128,849,5.4-gaps_duplicates,,,,
LOGIQ_S8,sec_0128,849,5.4-flagged_for_review,,,,
LOGIQ_S8,sec_0128,849,5.4-structural_source,,,,
LOGIQ_S8,sec_0128,849,5.6-numbering_scheme,,,,
LOGIQ_S8,sec_0128,849,5.6-offset_applied,,,,
LOGIQ_S8,sec_0128,849,5.6-table_content,,,,
LOGIQ_S8,sec_0128,849,5.5-filters_discarding,,,,
LOGIQ_S8,sec_0128,849,5.5-filters_passing_noise,,,,
LOGIQ_S8,sec_0128,849,5.5-image_section_mapping,,,,
LOGIQ_S8,sec_0137,894,5.4-hierarchy_level,,,,
LOGIQ_S8,sec_0137,894,5.4-parent_child,,,,
LOGIQ_S8,sec_0137,894,5.4-page_start_end,,,,
LOGIQ_S8,sec_0137,894,5.4-hierarchy_path,,,,
LOGIQ_S8,sec_0137,894,5.4-gaps_duplicates,,,,
LOGIQ_S8,sec_0137,894,5.4-flagged_for_review,,,,
LOGIQ_S8,sec_0137,894,5.4-structural_source,,,,
LOGIQ_S8,sec_0137,894,5.6-numbering_scheme,,,,
LOGIQ_S8,sec_0137,894,5.6-offset_applied,,,,
LOGIQ_S8,sec_0137,894,5.6-table_content,,,,
LOGIQ_S8,sec_0137,894,5.5-filters_discarding,,,,
LOGIQ_S8,sec_0137,894,5.5-filters_passing_noise,,,,
LOGIQ_S8,sec_0137,894,5.5-image_section_mapping,,,,
LOGIQ_S8,sec_0138,909,5.4-hierarchy_level,,,,
LOGIQ_S8,sec_0138,909,5.4-parent_child,,,,
LOGIQ_S8,sec_0138,909,5.4-page_start_end,,,,
LOGIQ_S8,sec_0138,909,5.4-hierarchy_path,,,,
LOGIQ_S8,sec_0138,909,5.4-gaps_duplicates,,,,
LOGIQ_S8,sec_0138,909,5.4-flagged_for_review,,,,
LOGIQ_S8,sec_0138,909,5.4-structural_source,,,,
LOGIQ_S8,sec_0138,909,5.6-numbering_scheme,,,,
LOGIQ_S8,sec_0138,909,5.6-offset_applied,,,,
LOGIQ_S8,sec_0138,909,5.6-table_content,,,,
LOGIQ_S8,sec_0138,909,5.5-filters_discarding,,,,
LOGIQ_S8,sec_0138,909,5.5-filters_passing_noise,,,,
LOGIQ_S8,sec_0138,909,5.5-image_section_mapping,,,,
