manual_id,section_id,page_sampled,checklist_ref,result,severity,evidence,notes
LOGIQ_e_R9_General_Service_Manual,sec_0001,29,5.4-hierarchy_level,PASS,,"p29 shows only the chapter title page: 'Chapter 1 Introduction' (#/texts/75), one intro paragraph (#/texts/76) and the footer (#/texts/77). The chapter title is the top heading, so hierarchy_level=1 for 'Introduction' is correct.",
LOGIQ_e_R9_General_Service_Manual,sec_0001,29,5.4-parent_child,PASS,,"sec_0001 is a chapter with parent_section_id null. Its child_sections (sec_0002 to sec_0011) are the sections of the chapter. This matches the bookmarks. p29 shows only the chapter title page: 'Chapter 1 Introduction' (#/texts/75), one intro paragraph (#/texts/76) and the footer (#/texts/77).",
LOGIQ_e_R9_General_Service_Manual,sec_0001,29,5.4-page_start_end,PASS,,"p29 is the chapter title page. Nodes #/texts/75 to #/texts/77 are only the title, the intro text and the footer. Section pages 29 to 68 end at the last child, sec_0011 (p68). No content of sec_0002 is absorbed.",The chapter owns only its title page. The rest is in the child sections.
LOGIQ_e_R9_General_Service_Manual,sec_0001,29,5.4-hierarchy_path,PASS,,"hierarchy_path '/Introduction' lists the chapter and then the section title. This is the real path in the manual. p29 shows only the chapter title page: 'Chapter 1 Introduction' (#/texts/75), one intro paragraph (#/texts/76) and the footer (#/texts/77).",
LOGIQ_e_R9_General_Service_Manual,sec_0001,29,5.4-gaps_duplicates,PASS,,sec_0001 appears once and its children cover the pages up to p68 without gap or overlap.,
LOGIQ_e_R9_General_Service_Manual,sec_0001,29,5.4-flagged_for_review,PASS,,"flagged_for_review is false, verification_score is 100 and confidence is 1.0. The rendered page agrees: the title and content on p29 are where the tree says. A false flag is right here.",
LOGIQ_e_R9_General_Service_Manual,sec_0001,29,5.4-structural_source,PASS,,structural_source is 'toc'. The title 'Introduction' is a bookmark and it matches the heading printed on p29. No inferred header is used.,
LOGIQ_e_R9_General_Service_Manual,sec_0001,29,5.6-numbering_scheme,PASS,,"numbering_scheme is 'arabic'. The printed folio on p29 is chapter-page style ('1-1'), which fits an arabic scheme with chapter prefix.",
LOGIQ_e_R9_General_Service_Manual,sec_0001,29,5.6-offset_applied,PASS,,"offset_applied is 0. Section starts at p29, where its title is printed; p29 carries the folio '1-1'. The physical page matches the bookmark page.",
LOGIQ_e_R9_General_Service_Manual,sec_0001,29,5.5-filters_discarding,PASS,,"p29 has no figure or icon. Only the blue top rule is drawn, and it is correctly not extracted.",
LOGIQ_e_R9_General_Service_Manual,sec_0001,29,5.5-filters_passing_noise,PASS,,No image of sec_0001 is kept. The blue top rule on p29 is correctly not kept as an image.,
LOGIQ_e_R9_General_Service_Manual,sec_0001,29,5.5-image_section_mapping,PASS,,"p29 has no picture, only the title text and a blue rule. No image is mapped to sec_0001 and none is expected.",
LOGIQ_e_R9_General_Service_Manual,sec_0003,36,5.4-hierarchy_level,PASS,,"The title 'Manual Overview' is a section title under chapter 'Introduction'. hierarchy_level=2 is correct. p36 shows the heading 'Difference between different models (continued)' (#/texts/130), the caption 'Table 1-4' (#/texts/131) and the table #/tables/14.",
LOGIQ_e_R9_General_Service_Manual,sec_0003,36,5.4-parent_child,PASS,,"parent_section_id=sec_0001 is the chapter that holds this section. The section has no child sections, and none are printed on p36. p36 shows the heading 'Difference between different models (continued)' (#/texts/130), the caption 'Table 1-4' (#/texts/131) and the table #/tables/14.",
LOGIQ_e_R9_General_Service_Manual,sec_0003,36,5.4-page_start_end,PASS,,"p36 shows the heading 'Difference between different models (continued)' (#/texts/130), caption 'Table 1-4' (#/texts/131) and table #/tables/14. The legend line under the table is inside #/tables/14. It is not in sec_0004, which starts on p38. The last page, p37 'General Caution', is still under the 'Manual Overview' running header.",Boundary is correct at p31 and p37.
LOGIQ_e_R9_General_Service_Manual,sec_0003,36,5.4-hierarchy_path,PASS,,"hierarchy_path '/Introduction/Manual Overview' lists the chapter and then the section title. This is the real path in the manual. p36 shows the heading 'Difference between different models (continued)' (#/texts/130), the caption 'Table 1-4' (#/texts/131) and the table #/tables/14.",
LOGIQ_e_R9_General_Service_Manual,sec_0003,36,5.4-gaps_duplicates,PASS,,"sec_0003 appears once, p31 to p37, between sec_0002 (p30) and sec_0004 (p38). The legend 'Note:X:Support ;N:Not Applicable' appears exactly once in the batch data (#/tables/14). It is not repeated in a text node.",BUG-030 recovered line is not duplicated.
LOGIQ_e_R9_General_Service_Manual,sec_0003,36,5.4-flagged_for_review,PASS,,"flagged_for_review is false, verification_score is 100 and confidence is 1.0. The rendered page agrees: the title and content on p36 are where the tree says. A false flag is right here.",
LOGIQ_e_R9_General_Service_Manual,sec_0003,36,5.4-structural_source,PASS,,structural_source is 'toc'. The title 'Manual Overview' is a bookmark and it matches the heading printed on p31. No inferred header is used.,
LOGIQ_e_R9_General_Service_Manual,sec_0003,36,5.6-numbering_scheme,PASS,,"numbering_scheme is 'arabic'. The printed folio on p36 is chapter-page style ('1-8'), which fits an arabic scheme with chapter prefix.",
LOGIQ_e_R9_General_Service_Manual,sec_0003,36,5.6-offset_applied,PASS,,"offset_applied is 0. Section starts at p31, where its title is printed; p36 carries the folio '1-8'. The physical page matches the bookmark page.",
LOGIQ_e_R9_General_Service_Manual,sec_0003,36,5.6-table_content,PASS,,"p36 Table 1-4 (#/tables/14): the legend 'Note:X:Support ;N:Not Applicable' printed under the table is now present. It is complete, once, in a new last row, first cell. The 12 other cells of that row are empty. Header has 13 model names, 15 probe rows (C1-5-RS to 12S-RS). All X and N values match the page, for example 4C-RS has N under 'LOGIQ Xe Pro' and 'LOGIQ He Performance'. 6Tc-rs has N in 5 cells.","v1.13 lost this line (Critical, BUG-030). It now comes back in a sensible place. Same pattern as the 'Note:O:Option' row of #/tables/13 on p35."
LOGIQ_e_R9_General_Service_Manual,sec_0003,36,5.5-filters_discarding,PASS,,"p36 has no figure or icon, only Table 1-4. Figure 1-1 on p37 is extracted as img_0039 (386x520) with the markers 1 and 2. The CAUTION triangles on p37 are decorative.",
LOGIQ_e_R9_General_Service_Manual,sec_0003,36,5.5-filters_passing_noise,PASS,,"The only image of sec_0003 is img_0039, the cart picture of Figure 1-1 on p37. It is real content, not noise. The CAUTION triangles are not kept.",
LOGIQ_e_R9_General_Service_Manual,sec_0003,36,5.5-image_section_mapping,PASS,,"img_0039 is on p37 under the 'General Caution' heading, which is inside sec_0003 (p31 to p37). It is mapped to sec_0003. p36 has no picture.",
LOGIQ_e_R9_General_Service_Manual,sec_0005,42,5.4-hierarchy_level,PASS,,"The title 'Product icons' is a section title under chapter 'Introduction'. hierarchy_level=2 is correct. p42 shows the 'Product icons' title, the intro sentence, the 'Label Locations' heading and Figure 1-2 with items 1 to 4.",
LOGIQ_e_R9_General_Service_Manual,sec_0005,42,5.4-parent_child,PASS,,"parent_section_id=sec_0001 is the chapter that holds this section. The section has no child sections, and none are printed on p42. p42 shows the 'Product icons' title, the intro sentence, the 'Label Locations' heading and Figure 1-2 with items 1 to 4.",
LOGIQ_e_R9_General_Service_Manual,sec_0005,42,5.4-page_start_end,PASS,,"sec_0005 starts on p42 with the title 'Product icons' (#/texts/196), 'Label Locations' and Figure 1-2. It ends on p50 (CH-REP row of Table 1-7). sec_0006 'Safety considerations' starts on p51. The p42 paragraph #/texts/197 comes after the numbered list in the node order, but it is the same section.",Reading order of one paragraph differs from the page. It does not cross a boundary.
LOGIQ_e_R9_General_Service_Manual,sec_0005,42,5.4-hierarchy_path,PASS,,"hierarchy_path '/Introduction/Product icons' lists the chapter and then the section title. This is the real path in the manual. p42 shows the 'Product icons' title, the intro sentence, the 'Label Locations' heading and Figure 1-2 with items 1 to 4.",
LOGIQ_e_R9_General_Service_Manual,sec_0005,42,5.4-gaps_duplicates,PASS,,sec_0005 appears once (p42 to p50) between sec_0004 (p38 to p41) and sec_0006 (p51 to p61). The tables #/tables/15 to #/tables/22 are one per page p43 to p50. I found no table text printed twice.,
LOGIQ_e_R9_General_Service_Manual,sec_0005,42,5.4-flagged_for_review,PASS,,"flagged_for_review is false, verification_score is 100 and confidence is 1.0. The rendered page agrees: the title and content on p42 are where the tree says. A false flag is right here.",
LOGIQ_e_R9_General_Service_Manual,sec_0005,42,5.4-structural_source,PASS,,structural_source is 'toc'. The title 'Product icons' is a bookmark and it matches the heading printed on p42. No inferred header is used.,
LOGIQ_e_R9_General_Service_Manual,sec_0005,42,5.6-numbering_scheme,PASS,,"numbering_scheme is 'arabic'. The printed folio on p42 is chapter-page style ('1-14'), which fits an arabic scheme with chapter prefix.",
LOGIQ_e_R9_General_Service_Manual,sec_0005,42,5.6-offset_applied,PASS,,"offset_applied is 0. Section starts at p42, where its title is printed; p42 carries the folio '1-14'. The physical page matches the bookmark page.",
LOGIQ_e_R9_General_Service_Manual,sec_0005,42,5.6-table_content,PASS,,"p42 has no table. Table 1-7 starts on p43. I judged the table text of p43, p49 and p50 in the p43 row of this section.","Auto check says Low (merged cells), but Medium is kept: Rating Plate and the Label/Icon text sit under the wrong column, so values cannot be tied to their header (reviewer rule, same as approved v1.13)."
LOGIQ_e_R9_General_Service_Manual,sec_0005,42,5.5-filters_discarding,PASS,,"p42 has Figure 1-2 (label locations, numbers 1 to 4). It is extracted whole as img_0043 (1558x789). No other figure is on p42.",
LOGIQ_e_R9_General_Service_Manual,sec_0005,42,5.5-filters_passing_noise,PASS,,"img_0043 is the full Figure 1-2 with its numbers. It is content, not noise. Nothing decorative is kept on p42.",
LOGIQ_e_R9_General_Service_Manual,sec_0005,42,5.5-image_section_mapping,PASS,,img_0043 is on p42 under 'Label Locations' of 'Product icons'. It is mapped to sec_0005.,
LOGIQ_e_R9_General_Service_Manual,sec_0006,55,5.4-hierarchy_level,PASS,,The title 'Safety considerations' is a section title under chapter 'Introduction'. hierarchy_level=2 is correct. p55 is the 'Mechanical safety (continued)' page with one CAUTION or WARNING row per icon (#/texts/294 to #/texts/312).,
LOGIQ_e_R9_General_Service_Manual,sec_0006,55,5.4-parent_child,PASS,,"parent_section_id=sec_0001 is the chapter that holds this section. The section has no child sections, and none are printed on p55. p55 is the 'Mechanical safety (continued)' page with one CAUTION or WARNING row per icon (#/texts/294 to #/texts/312).",
LOGIQ_e_R9_General_Service_Manual,sec_0006,55,5.4-page_start_end,PASS,,"p55 holds only 'Mechanical safety (continued)' content under the 'Safety considerations' header (#/texts/293 to #/texts/313). sec_0006 starts on p51 and ends on p61 (battery list). sec_0007 starts on p62. A stray word 'Do' starts #/texts/298 and is not on the page, probably from a hidden icon label.",The stray word 'Do' is a small text artefact. It does not change the section boundary.
LOGIQ_e_R9_General_Service_Manual,sec_0006,55,5.4-hierarchy_path,PASS,,hierarchy_path '/Introduction/Safety considerations' lists the chapter and then the section title. This is the real path in the manual. p55 is the 'Mechanical safety (continued)' page with one CAUTION or WARNING row per icon (#/texts/294 to #/texts/312).,
LOGIQ_e_R9_General_Service_Manual,sec_0006,55,5.4-gaps_duplicates,PASS,,"sec_0006 appears once (p51 to p61) between sec_0005 (p42 to p50) and sec_0007 (p62). On p55 each icon label (CAUTION, WARNING) is one node and the text of each row is once. I found no repeated paragraph.",
LOGIQ_e_R9_General_Service_Manual,sec_0006,55,5.4-flagged_for_review,PASS,,"flagged_for_review is false, verification_score is 100 and confidence is 1.0. The rendered page agrees: the title and content on p55 are where the tree says. A false flag is right here.",
LOGIQ_e_R9_General_Service_Manual,sec_0006,55,5.4-structural_source,PASS,,structural_source is 'toc'. The title 'Safety considerations' is a bookmark and it matches the heading printed on p51. No inferred header is used.,
LOGIQ_e_R9_General_Service_Manual,sec_0006,55,5.6-numbering_scheme,PASS,,"numbering_scheme is 'arabic'. The printed folio on p55 is chapter-page style ('1-27'), which fits an arabic scheme with chapter prefix.",
LOGIQ_e_R9_General_Service_Manual,sec_0006,55,5.6-offset_applied,PASS,,"offset_applied is 0. Section starts at p51, where its title is printed; p55 carries the folio '1-27'. The physical page matches the bookmark page.",
LOGIQ_e_R9_General_Service_Manual,sec_0006,55,5.5-filters_discarding,PASS,,"p55 has only CAUTION/WARNING triangles with text beside them. They are decorative. The meaning is in the printed words, which are kept as text. No meaningful figure is lost.","Auto check lists 137x118 px (33x28 pt) rasters as dropped. These are the CAUTION/WARNING/DANGER triangles beside the labels. They are decorative, so PASS (noise) per the reviewer rules."
LOGIQ_e_R9_General_Service_Manual,sec_0006,55,5.5-filters_passing_noise,PASS,,No image is kept for p55. The yellow CAUTION and WARNING triangles are decorative and are not extracted. The only extracted image of sec_0006 is img_0080 on p51.,
LOGIQ_e_R9_General_Service_Manual,sec_0006,55,5.5-image_section_mapping,PASS,,"No relevant picture is printed on p55. The only image of sec_0006 is img_0080 (electrical hazard icon) on p51, mapped to sec_0006, correct.",
LOGIQ_e_R9_General_Service_Manual,sec_0007,62,5.4-hierarchy_level,PASS,,"The title 'Dangerous procedure warnings' is a section title under chapter 'Introduction'. hierarchy_level=2 is correct. p62 shows the title 'Dangerous procedure warnings' (#/texts/409), the intro text and the DANGER and WARNING example rows (#/texts/410 to #/texts/422).",
LOGIQ_e_R9_General_Service_Manual,sec_0007,62,5.4-parent_child,PASS,,"parent_section_id=sec_0001 is the chapter that holds this section. The section has no child sections, and none are printed on p62. p62 shows the title 'Dangerous procedure warnings' (#/texts/409), the intro text and the DANGER and WARNING example rows (#/texts/410 to #/texts/422).",
LOGIQ_e_R9_General_Service_Manual,sec_0007,62,5.4-page_start_end,PASS,,"sec_0007 is a one-page section (p62). It has the title, intro text and the five DANGER and WARNING rows (#/texts/409 to #/texts/422). sec_0006 ends on p61 and sec_0008 starts on p63. Nothing from either is absorbed.",
LOGIQ_e_R9_General_Service_Manual,sec_0007,62,5.4-hierarchy_path,PASS,,"hierarchy_path '/Introduction/Dangerous procedure warnings' lists the chapter and then the section title. This is the real path in the manual. p62 shows the title 'Dangerous procedure warnings' (#/texts/409), the intro text and the DANGER and WARNING example rows (#/texts/410 to #/texts/422).",
LOGIQ_e_R9_General_Service_Manual,sec_0007,62,5.4-gaps_duplicates,PASS,,sec_0007 appears once. Previous and next sections are contiguous with pages 62 to 62.,
LOGIQ_e_R9_General_Service_Manual,sec_0007,62,5.4-flagged_for_review,PASS,,"flagged_for_review is false, verification_score is 100 and confidence is 1.0. The rendered page agrees: the title and content on p62 are where the tree says. A false flag is right here.",
LOGIQ_e_R9_General_Service_Manual,sec_0007,62,5.4-structural_source,PASS,,structural_source is 'toc'. The title 'Dangerous procedure warnings' is a bookmark and it matches the heading printed on p62. No inferred header is used.,
LOGIQ_e_R9_General_Service_Manual,sec_0007,62,5.6-numbering_scheme,PASS,,"numbering_scheme is 'arabic'. The printed folio on p62 is chapter-page style ('1-34'), which fits an arabic scheme with chapter prefix.",
LOGIQ_e_R9_General_Service_Manual,sec_0007,62,5.6-offset_applied,PASS,,"offset_applied is 0. Section starts at p62, where its title is printed; p62 carries the folio '1-34'. The physical page matches the bookmark page.",
LOGIQ_e_R9_General_Service_Manual,sec_0007,62,5.5-filters_discarding,PASS,,p62 has the electrical hazard icon next to the DANGER text. It is extracted as img_0081 (156x134). The yellow triangles are decorative.,"Auto check lists 137x118 px (33x28 pt) rasters as dropped. These are the CAUTION/WARNING/DANGER triangles beside the labels. They are decorative, so PASS (noise) per the reviewer rules."
LOGIQ_e_R9_General_Service_Manual,sec_0007,62,5.5-filters_passing_noise,PASS,,img_0081 is the lightning symbol of the DANGER row. It is meaningful. The triangles are not kept.,
LOGIQ_e_R9_General_Service_Manual,sec_0007,62,5.5-image_section_mapping,PASS,,"img_0081 is on p62 and is mapped to sec_0007, the only section on that page.",
LOGIQ_e_R9_General_Service_Manual,sec_0011,68,5.4-hierarchy_level,PASS,,"The title 'Customer assistance' is a section title under chapter 'Introduction'. hierarchy_level=2 is correct. p68 shows 'Phone numbers for Customer Assistance', the caption 'Table 1-8', the phone table (#/tables/23), 'System manufacturer' and 'Factory Site'.",
LOGIQ_e_R9_General_Service_Manual,sec_0011,68,5.4-parent_child,PASS,,"parent_section_id=sec_0001 is the chapter that holds this section. The section has no child sections, and none are printed on p68. p68 shows 'Phone numbers for Customer Assistance', the caption 'Table 1-8', the phone table (#/tables/23), 'System manufacturer' and 'Factory Site'.",
LOGIQ_e_R9_General_Service_Manual,sec_0011,68,5.4-page_start_end,PASS,,"sec_0011 is p67 to p68. p68 holds 'Phone numbers for Customer Assistance' (#/texts/498), the caption, the table #/tables/23, and the 'System manufacturer' and 'Factory Site' notes. sec_0012 'Site Preparations' starts on p69. Nothing from the chapter 2 page is absorbed.",
LOGIQ_e_R9_General_Service_Manual,sec_0011,68,5.4-hierarchy_path,PASS,,"hierarchy_path '/Introduction/Customer assistance' lists the chapter and then the section title. This is the real path in the manual. p68 shows 'Phone numbers for Customer Assistance', the caption 'Table 1-8', the phone table (#/tables/23), 'System manufacturer' and 'Factory Site'.",
LOGIQ_e_R9_General_Service_Manual,sec_0011,68,5.4-gaps_duplicates,PASS,,"sec_0011 appears once, between sec_0010 (p65 to p66) and sec_0012 (p69). The phone table appears once, in #/tables/23.",
LOGIQ_e_R9_General_Service_Manual,sec_0011,68,5.4-flagged_for_review,PASS,,"flagged_for_review is false, verification_score is 100 and confidence is 1.0. The rendered page agrees: the title and content on p68 are where the tree says. A false flag is right here.",
LOGIQ_e_R9_General_Service_Manual,sec_0011,68,5.4-structural_source,PASS,,structural_source is 'toc'. The title 'Customer assistance' is a bookmark and it matches the heading printed on p67. No inferred header is used.,
LOGIQ_e_R9_General_Service_Manual,sec_0011,68,5.6-numbering_scheme,PASS,,"numbering_scheme is 'arabic'. The printed folio on p68 is chapter-page style ('1-40'), which fits an arabic scheme with chapter prefix.",
LOGIQ_e_R9_General_Service_Manual,sec_0011,68,5.6-offset_applied,PASS,,"offset_applied is 0. Section starts at p67, where its title is printed; p68 carries the folio '1-40'. The physical page matches the bookmark page.",
LOGIQ_e_R9_General_Service_Manual,sec_0011,68,5.6-table_content,PASS,,"p68 Table 1-8 (#/tables/23): all 8 location rows are present (USA, Canada, Latin America, Europe, Asia (Singapore), Japan Support Center). Phone numbers match the page, for example USA Service: On-site 1-800-437-1171 and Europe Fax +49 (0) 2122-8024-31. The USA address and the Europe address are in the first cell. Header 'PHONE NUMBER' is over two columns, so the 3rd header cell is empty.",No lost or shifted cell seen. No recovered line is expected here.
LOGIQ_e_R9_General_Service_Manual,sec_0011,68,5.5-filters_discarding,PASS,,p68 has no picture. No figure or icon is lost.,
LOGIQ_e_R9_General_Service_Manual,sec_0011,68,5.5-filters_passing_noise,PASS,,No image is kept for sec_0011. No decorative element is retained.,
LOGIQ_e_R9_General_Service_Manual,sec_0011,68,5.5-image_section_mapping,PASS,,p67 and p68 have no picture and images.json has no image for sec_0011. This is correct.,
LOGIQ_e_R9_General_Service_Manual,sec_0012,69,5.4-hierarchy_level,PASS,,"p69 shows only the chapter title page: 'Chapter 2 Site Preparations' (#/texts/505), one intro paragraph (#/texts/506) and the footer (#/texts/507). The chapter title is the top heading, so hierarchy_level=1 for 'Site Preparations' is correct.",
LOGIQ_e_R9_General_Service_Manual,sec_0012,69,5.4-parent_child,PASS,,"sec_0012 is a chapter with parent_section_id null. Its child_sections (sec_0013 to sec_0016) are the sections of the chapter. This matches the bookmarks. p69 shows only the chapter title page: 'Chapter 2 Site Preparations' (#/texts/505), one intro paragraph (#/texts/506) and the footer (#/texts/507).",
LOGIQ_e_R9_General_Service_Manual,sec_0012,69,5.4-page_start_end,PASS,,"p69 is the chapter 2 title page: nodes #/texts/505 to #/texts/507 only. The chapter covers p69 to p88, the end of the last child sec_0016 (p88). sec_0011 ends on p68. Nothing from it is absorbed.",
LOGIQ_e_R9_General_Service_Manual,sec_0012,69,5.4-hierarchy_path,PASS,,"hierarchy_path '/Site Preparations' lists the chapter and then the section title. This is the real path in the manual. p69 shows only the chapter title page: 'Chapter 2 Site Preparations' (#/texts/505), one intro paragraph (#/texts/506) and the footer (#/texts/507).",
LOGIQ_e_R9_General_Service_Manual,sec_0012,69,5.4-gaps_duplicates,PASS,,sec_0012 appears once and its children cover the pages up to p88 without gap or overlap.,
LOGIQ_e_R9_General_Service_Manual,sec_0012,69,5.4-flagged_for_review,PASS,,"flagged_for_review is false, verification_score is 100 and confidence is 1.0. The rendered page agrees: the title and content on p69 are where the tree says. A false flag is right here.",
LOGIQ_e_R9_General_Service_Manual,sec_0012,69,5.4-structural_source,PASS,,structural_source is 'toc'. The title 'Site Preparations' is a bookmark and it matches the heading printed on p69. No inferred header is used.,
LOGIQ_e_R9_General_Service_Manual,sec_0012,69,5.6-numbering_scheme,PASS,,"numbering_scheme is 'arabic'. The printed folio on p69 is chapter-page style ('2-1'), which fits an arabic scheme with chapter prefix.",
LOGIQ_e_R9_General_Service_Manual,sec_0012,69,5.6-offset_applied,PASS,,"offset_applied is 0. Section starts at p69, where its title is printed; p69 carries the folio '2-1'. The physical page matches the bookmark page.",
LOGIQ_e_R9_General_Service_Manual,sec_0012,69,5.5-filters_discarding,PASS,,"p69 has no picture, only the title and intro text. On p88 the figure 'Patient environment' is extracted as img_0086 and belongs to sec_0016.",
LOGIQ_e_R9_General_Service_Manual,sec_0012,69,5.5-filters_passing_noise,PASS,,No image is kept for sec_0012. The blue top rule on p69 is correctly not kept.,
LOGIQ_e_R9_General_Service_Manual,sec_0012,69,5.5-image_section_mapping,PASS,,"p69 has no picture. img_0086 (p88, Figure 2-3) is mapped to child sec_0016 'Environmental Dangers', which owns p88. This is correct.",
LOGIQ_e_R9_General_Service_Manual,sec_0014,78,5.4-hierarchy_level,PASS,,"The title 'General requirements' is a section title under chapter 2. hierarchy_level=2 is correct. p78 shows the heading 'EMI prevention/abatement' (#/texts/610), the caption 'Table 2-7' and the table #/tables/30.",
LOGIQ_e_R9_General_Service_Manual,sec_0014,78,5.4-parent_child,PASS,,"parent_section_id=sec_0012 is the chapter that holds this section. The section has no child sections, and none are printed on p78. p78 shows the heading 'EMI prevention/abatement' (#/texts/610), the caption 'Table 2-7' and the table #/tables/30.",
LOGIQ_e_R9_General_Service_Manual,sec_0014,78,5.4-page_start_end,PASS,,"p78 is inside sec_0014 (p71 to p79). The heading 'EMI prevention/abatement' (#/texts/610), caption 'Table 2-7' and #/tables/30 are its own. sec_0014 starts on p71 with the title and ends on p79 with Table 2-8. sec_0015 starts on p80.",
LOGIQ_e_R9_General_Service_Manual,sec_0014,78,5.4-hierarchy_path,PASS,,"hierarchy_path '/Site Preparations/General requirements' lists the chapter and then the section title. This is the real path in the manual. p78 shows the heading 'EMI prevention/abatement' (#/texts/610), the caption 'Table 2-7' and the table #/tables/30.",
LOGIQ_e_R9_General_Service_Manual,sec_0014,78,5.4-gaps_duplicates,PASS,,"sec_0014 appears once between sec_0013 (p70) and sec_0015 (p80 to p87). Table 2-7 appears once, in #/tables/30.",
LOGIQ_e_R9_General_Service_Manual,sec_0014,78,5.4-flagged_for_review,PASS,,"flagged_for_review is false, verification_score is 100 and confidence is 1.0. The rendered page agrees: the title and content on p78 are where the tree says. A false flag is right here.",
LOGIQ_e_R9_General_Service_Manual,sec_0014,78,5.4-structural_source,PASS,,structural_source is 'toc'. The title 'General requirements' is a bookmark and it matches the heading printed on p71. No inferred header is used.,
LOGIQ_e_R9_General_Service_Manual,sec_0014,78,5.6-numbering_scheme,PASS,,"numbering_scheme is 'arabic'. The printed folio on p78 is chapter-page style ('2-10'), which fits an arabic scheme with chapter prefix.",
LOGIQ_e_R9_General_Service_Manual,sec_0014,78,5.6-offset_applied,PASS,,"offset_applied is 0. Section starts at p71, where its title is printed; p78 carries the folio '2-10'. The physical page matches the bookmark page.",
LOGIQ_e_R9_General_Service_Manual,sec_0014,78,5.6-table_content,PASS,,"p78 Table 2-7 (#/tables/30): header 'EMI RULE | DETAILS' and all 8 rules are present, for example 'Take care with cellular phones' and its 5 V/m text. Bullet points are joined with '•' in one cell. Each rule is under the right row and column. No line is lost or duplicated.",No recovered line expected here.
LOGIQ_e_R9_General_Service_Manual,sec_0014,78,5.5-filters_discarding,PASS,,"p78 has no picture or icon. No figure is lost. images.json has no image for sec_0014, and the CAUTION triangles on p71 and p73 are decorative.",
LOGIQ_e_R9_General_Service_Manual,sec_0014,78,5.5-filters_passing_noise,PASS,,No image of sec_0014 is kept. No decorative element is retained for p78.,
LOGIQ_e_R9_General_Service_Manual,sec_0014,78,5.5-image_section_mapping,PASS,,p78 has no picture and no image is mapped to sec_0014. This is correct.,
LOGIQ_e_R9_General_Service_Manual,sec_0016,88,5.4-hierarchy_level,PASS,,'Environmental Dangers' is level 2 under sec_0012 Site Preparations. On p88 the heading style fits that level (hierarchy_level matches the bookmark).,
LOGIQ_e_R9_General_Service_Manual,sec_0016,88,5.4-parent_child,PASS,,The section is level 2 under sec_0012 Site Preparations. The parent and children list agree with the chapter structure seen on p88.,
LOGIQ_e_R9_General_Service_Manual,sec_0016,88,5.4-page_start_end,PASS,,The section is one page (p88). It starts at the heading (#/texts/782) and ends with the Figure 2-3 caption (#/texts/790). The next page starts sec_0017. Sampled page p88 is inside the range.,
LOGIQ_e_R9_General_Service_Manual,sec_0016,88,5.4-hierarchy_path,PASS,,/Site Preparations/Environmental Dangers matches the running header 'Site Preparations' on p88.,
LOGIQ_e_R9_General_Service_Manual,sec_0016,88,5.4-gaps_duplicates,PASS,,Every paragraph and heading on p88 is in sec_0016 once (#/texts/783 to #/texts/790). Nothing is missing or repeated.,
LOGIQ_e_R9_General_Service_Manual,sec_0016,88,5.4-flagged_for_review,PASS,,flagged_for_review is false and the title score is 100. The heading is at the top of p88.,
LOGIQ_e_R9_General_Service_Manual,sec_0016,88,5.4-structural_source,PASS,,"structural_source is toc. The bookmark title 'Environmental Dangers' is printed on the page, so the TOC source is supported.",
LOGIQ_e_R9_General_Service_Manual,sec_0016,88,5.6-numbering_scheme,PASS,,"The scheme is arabic. The printed folios use chapter-page numbers (for example 2-20 on its first page), and the numbering is consistent.",
LOGIQ_e_R9_General_Service_Manual,sec_0016,88,5.6-offset_applied,PASS,,"offset_applied is 0. The first page of the section (2-20 printed) is the physical page named in the bookmark, so the mapping is correct.",
LOGIQ_e_R9_General_Service_Manual,sec_0016,88,5.5-filters_discarding,PASS,,Figure 2-3 (patient environment drawing) on p88 is extracted as img_0086 and shows both drawings.,
LOGIQ_e_R9_General_Service_Manual,sec_0016,88,5.5-filters_passing_noise,PASS,,img_0086 is the real Figure 2-3. No logo or line is kept as an image.,
LOGIQ_e_R9_General_Service_Manual,sec_0016,88,5.5-image_section_mapping,PASS,,img_0086 is mapped to sec_0016. Figure 2-3 is printed under the Environmental Dangers heading on p88.,
LOGIQ_e_R9_General_Service_Manual,sec_0017,89,5.4-hierarchy_level,PASS,,"'System Setup' is level 1 (chapter) with 8 children, sec_0018 to sec_0025. The page shows 'Chapter' with a large blue title, so level 1 is right.",
LOGIQ_e_R9_General_Service_Manual,sec_0017,89,5.4-parent_child,PASS,,"The section is level 1 (chapter) with 8 children, sec_0018 to sec_0025. It has no parent, which is right for a chapter.",
LOGIQ_e_R9_General_Service_Manual,sec_0017,89,5.4-page_start_end,PASS,,"The chapter opener on p89 has the heading and three intro paragraphs (#/texts/792 to #/texts/795). The page_end 162 is the end of the last child, sec_0025. The next top-level section starts on p163. Sampled page p89 is inside the range.",
LOGIQ_e_R9_General_Service_Manual,sec_0017,89,5.4-hierarchy_path,PASS,,/System Setup is a root path and matches the 'Chapter 3 System Setup' page.,
LOGIQ_e_R9_General_Service_Manual,sec_0017,89,5.4-gaps_duplicates,PASS,,The 5 own nodes on p89 are the whole chapter intro text. Nothing from sec_0016 or sec_0018 is in this section.,
LOGIQ_e_R9_General_Service_Manual,sec_0017,89,5.4-flagged_for_review,PASS,,flagged_for_review is false and the title score is 100. 'Chapter 3 System Setup' is clearly printed on p89.,
LOGIQ_e_R9_General_Service_Manual,sec_0017,89,5.4-structural_source,PASS,,"structural_source is toc. The bookmark title 'System Setup' is printed on the page, so the TOC source is supported.",
LOGIQ_e_R9_General_Service_Manual,sec_0017,89,5.6-numbering_scheme,PASS,,"The scheme is arabic. The printed folios use chapter-page numbers (for example 3-1 on its first page), and the numbering is consistent.",
LOGIQ_e_R9_General_Service_Manual,sec_0017,89,5.6-offset_applied,PASS,,"offset_applied is 0. The first page of the section (3-1 printed) is the physical page named in the bookmark, so the mapping is correct.",
LOGIQ_e_R9_General_Service_Manual,sec_0017,89,5.5-filters_discarding,PASS,,p89 is a chapter opener with text only. No picture is lost.,
LOGIQ_e_R9_General_Service_Manual,sec_0017,89,5.5-filters_passing_noise,PASS,,"No image is mapped to sec_0017, so nothing decorative is kept.",
LOGIQ_e_R9_General_Service_Manual,sec_0017,89,5.5-image_section_mapping,PASS,,"p89 has no picture. No image is mapped to sec_0017, which is correct.",
LOGIQ_e_R9_General_Service_Manual,sec_0020,96,5.4-hierarchy_level,PASS,,'Receiving and unpacking the equipment' is level 2 under sec_0017 System Setup. On p96 the heading style fits that level (hierarchy_level matches the bookmark).,
LOGIQ_e_R9_General_Service_Manual,sec_0020,96,5.4-parent_child,PASS,,The section is level 2 under sec_0017 System Setup. The parent and children list agree with the chapter structure seen on p96.,
LOGIQ_e_R9_General_Service_Manual,sec_0020,96,5.4-page_start_end,PASS,,The section starts at the heading (#/texts/858) on p94. It ends on p99 with 'Unpacking LOGIQ e Cart' (#/texts/919). Page 100 starts sec_0021. Sampled page p96 is inside the range.,
LOGIQ_e_R9_General_Service_Manual,sec_0020,96,5.4-hierarchy_path,PASS,,/System Setup/Receiving and unpacking the equipment matches the running header 'System Setup'.,
LOGIQ_e_R9_General_Service_Manual,sec_0020,96,5.4-gaps_duplicates,PASS,,"Text on p94 to p99 is in sec_0020 once. The three CAUTION labels on p98 are three real boxes, not copies.",
LOGIQ_e_R9_General_Service_Manual,sec_0020,96,5.4-flagged_for_review,PASS,,flagged_for_review is false and the title score is 100. The heading is on p94.,
LOGIQ_e_R9_General_Service_Manual,sec_0020,96,5.4-structural_source,PASS,,"structural_source is toc. The bookmark title 'Receiving and unpacking the equipment' is printed on the page, so the TOC source is supported.",
LOGIQ_e_R9_General_Service_Manual,sec_0020,96,5.6-numbering_scheme,PASS,,"The scheme is arabic. The printed folios use chapter-page numbers (for example 3-6 on its first page), and the numbering is consistent.",
LOGIQ_e_R9_General_Service_Manual,sec_0020,96,5.6-offset_applied,PASS,,"offset_applied is 0. The first page of the section (3-6 printed) is the physical page named in the bookmark, so the mapping is correct.",
LOGIQ_e_R9_General_Service_Manual,sec_0020,96,5.5-filters_discarding,PASS,,"Figure 3-2 (unpacking drawing with the labels Paper Pad and Console Package) is extracted as img_0090 (vector). The CAUTION triangle is only a box icon, so not extracting it is fine.","verify_claims flags a dropped 137x118 px raster (0.3% of page). I looked at the page: it is the CAUTION triangle beside the warning text. It only marks the box type, so it is decorative noise and PASS under the reviewer rule. verify_claims flags a small 137x118 px raster dropped. It is the decorative CAUTION triangle, which is noise by the grading rules, so PASS is kept."
LOGIQ_e_R9_General_Service_Manual,sec_0020,96,5.5-filters_passing_noise,FAIL,Low,"On p96 img_0090 (948x737, vector) is cut too wide. Its top shows the step line '6. Take out Accessories Package.' It also has a thin grey rule near the top and one near the bottom. The drawing itself is complete.",Extra text in a crop = Low. Probably the vector render box is too large (BUG-010 path). The step line is also kept as text. Same as approved v1.13 (img_0085 there). I checked img_0090 by eye.
LOGIQ_e_R9_General_Service_Manual,sec_0020,96,5.5-image_section_mapping,PASS,,img_0090 is on p96 and is mapped to sec_0020. The heading 'Unpacking the LOGIQ e (continued)' is in sec_0020.,
LOGIQ_e_R9_General_Service_Manual,sec_0022,102,5.4-hierarchy_level,PASS,,'Completing the setup' is level 2 under sec_0017 System Setup. On p102 the heading style fits that level (hierarchy_level matches the bookmark).,
LOGIQ_e_R9_General_Service_Manual,sec_0022,102,5.4-parent_child,PASS,,The section is level 2 under sec_0017 System Setup. The parent and children list agree with the chapter structure seen on p102.,
LOGIQ_e_R9_General_Service_Manual,sec_0022,102,5.4-page_start_end,PASS,,The section starts at the heading (#/texts/964) on p102. It ends on p110 with the 'Disconnect a probe' steps (#/texts/1050). Page 111 starts sec_0023. Sampled page p102 is inside the range.,
LOGIQ_e_R9_General_Service_Manual,sec_0022,102,5.4-hierarchy_path,PASS,,/System Setup/Completing the setup matches the running header 'System Setup' on p102.,
LOGIQ_e_R9_General_Service_Manual,sec_0022,102,5.4-gaps_duplicates,PASS,,sec_0021 ends on p101 and sec_0023 starts on p111. The nodes of sec_0022 run from p102 to p110 with no gap. Body text on p102 and p110 is in order and not repeated.,"Same as approved v1.13. For the human: on p108 the label 'CAUTION' may appear twice per box (#/texts/1017 and 1021, 1018 and 1023, 1019 and 1025). I did not see p108 in the images. Only the label word, no information lost."
LOGIQ_e_R9_General_Service_Manual,sec_0022,102,5.4-flagged_for_review,PASS,,flagged_for_review is false and the title score is 100. The heading is on p102.,
LOGIQ_e_R9_General_Service_Manual,sec_0022,102,5.4-structural_source,PASS,,"structural_source is toc. The bookmark title 'Completing the setup' is printed on the page, so the TOC source is supported.",
LOGIQ_e_R9_General_Service_Manual,sec_0022,102,5.6-numbering_scheme,PASS,,"The scheme is arabic. The printed folios use chapter-page numbers (for example 3-14 on its first page), and the numbering is consistent.",
LOGIQ_e_R9_General_Service_Manual,sec_0022,102,5.6-offset_applied,PASS,,"offset_applied is 0. The first page of the section (3-14 printed) is the physical page named in the bookmark, so the mapping is correct.",
LOGIQ_e_R9_General_Service_Manual,sec_0022,102,5.5-filters_discarding,PASS,,p102 has text only (contents list and the dimension bullets). No picture is lost.,
LOGIQ_e_R9_General_Service_Manual,sec_0022,102,5.5-filters_passing_noise,PASS,,Nothing is kept as an image on p102.,
LOGIQ_e_R9_General_Service_Manual,sec_0022,102,5.5-image_section_mapping,PASS,,p102 has no picture. The seven figures of this section (img_0094 to img_0100) are on p103 to p109 and are in sec_0022.,
LOGIQ_e_R9_General_Service_Manual,sec_0023,116,5.4-hierarchy_level,PASS,,'System Configuration' is level 2 under sec_0017 System Setup. On p116 the heading style fits that level (hierarchy_level matches the bookmark).,
LOGIQ_e_R9_General_Service_Manual,sec_0023,116,5.4-parent_child,PASS,,The section is level 2 under sec_0017 System Setup. The parent and children list agree with the chapter structure seen on p116.,
LOGIQ_e_R9_General_Service_Manual,sec_0023,116,5.4-page_start_end,PASS,,The section starts at the heading (#/texts/1062) on p111. It ends on p124 with Figure 3-17 (#/texts/1192). Page 125 starts sec_0024. Sampled page p116 is inside the range.,
LOGIQ_e_R9_General_Service_Manual,sec_0023,116,5.4-hierarchy_path,PASS,,/System Setup/System Configuration matches the running header on p111.,
LOGIQ_e_R9_General_Service_Manual,sec_0023,116,5.4-gaps_duplicates,PASS,,Text and the 13 tables (#/tables/33 to #/tables/45) are in sec_0023 once. The three USB pin tables on p116 are three real tables in the PDF.,
LOGIQ_e_R9_General_Service_Manual,sec_0023,116,5.4-flagged_for_review,PASS,,flagged_for_review is false and the title score is 100.,
LOGIQ_e_R9_General_Service_Manual,sec_0023,116,5.4-structural_source,PASS,,"structural_source is toc. The bookmark title 'System Configuration' is printed on the page, so the TOC source is supported.",
LOGIQ_e_R9_General_Service_Manual,sec_0023,116,5.6-numbering_scheme,PASS,,"The scheme is arabic. The printed folios use chapter-page numbers (for example 3-23 on its first page), and the numbering is consistent.",
LOGIQ_e_R9_General_Service_Manual,sec_0023,116,5.6-offset_applied,PASS,,"offset_applied is 0. The first page of the section (3-23 printed) is the physical page named in the bookmark, so the mapping is correct.",
LOGIQ_e_R9_General_Service_Manual,sec_0023,116,5.6-table_content,PASS,,"On p116 the four tables #/tables/38 to #/tables/41 match Tables 3-5 to 3-8. Each has the header and 2 rows. The values match: +20V/GND, and +5VDC, DATA-, DATA+, GND for the three USB tables. Nothing is lost or added twice.","The three USB tables are the same in the PDF, so they are not copies. No BUG-030 or BUG-008 problem seen."
LOGIQ_e_R9_General_Service_Manual,sec_0023,116,5.5-filters_discarding,PASS,,"p116 shows only text and four small tables (Table 3-5 to 3-8). No figure or icon is on this page, so nothing was dropped. img_0103 (p115) has arrows with no number labels at the bottom.","The lead checked p115 and says the printed Figure 3-14 has no '5' and '6' labels there, so img_0103 is faithful. I could not see p115 myself, so confidence is lower."
LOGIQ_e_R9_General_Service_Manual,sec_0023,116,5.5-filters_passing_noise,PASS,,Nothing is kept as an image on p116.,
LOGIQ_e_R9_General_Service_Manual,sec_0023,116,5.5-image_section_mapping,PASS,,p116 has no picture. The connector-panel photo img_0103 is on p115 and is in sec_0023.,
LOGIQ_e_R9_General_Service_Manual,sec_0025,129,5.4-hierarchy_level,PASS,,'Peripherals Installation' is level 2 under sec_0017 System Setup. On p129 the heading style fits that level (hierarchy_level matches the bookmark).,
LOGIQ_e_R9_General_Service_Manual,sec_0025,129,5.4-parent_child,PASS,,The section is level 2 under sec_0017 System Setup. The parent and children list agree with the chapter structure seen on p129.,
LOGIQ_e_R9_General_Service_Manual,sec_0025,129,5.4-page_start_end,FAIL,Low,"sec_0025 is p126-p162. It also owns #/texts/1628 'Chapter 4' (heading, page 163), one page after page_end. On the p163 render this is the chapter label of sec_0026. All real content of sec_0025 is on p126-p162.","BUG-022. Only a chapter label crosses the boundary, so Low. verify_claims may expect Medium because it counts the label as content. Same grade as approved v1.13."
LOGIQ_e_R9_General_Service_Manual,sec_0025,129,5.4-hierarchy_path,PASS,,/System Setup/Peripherals Installation matches the running header on p126.,
LOGIQ_e_R9_General_Service_Manual,sec_0025,129,5.4-gaps_duplicates,PASS,,Text and the 9 tables (#/tables/46 to #/tables/54) are in sec_0025 once. Repeated words on p141 and p148 come from separate table or step blocks.,
LOGIQ_e_R9_General_Service_Manual,sec_0025,129,5.4-flagged_for_review,PASS,,flagged_for_review is false and the title score is 100.,
LOGIQ_e_R9_General_Service_Manual,sec_0025,129,5.4-structural_source,PASS,,"structural_source is toc. The bookmark title 'Peripherals Installation' is printed on the page, so the TOC source is supported.",
LOGIQ_e_R9_General_Service_Manual,sec_0025,129,5.6-numbering_scheme,PASS,,"The scheme is arabic. The printed folios use chapter-page numbers (for example 3-38 on its first page), and the numbering is consistent.",
LOGIQ_e_R9_General_Service_Manual,sec_0025,129,5.6-offset_applied,PASS,,"offset_applied is 0. The first page of the section (3-38 printed) is the physical page named in the bookmark, so the mapping is correct.",
LOGIQ_e_R9_General_Service_Manual,sec_0025,129,5.6-table_content,PASS,,"On p129 the tables #/tables/50, #/tables/51 and #/tables/52 match Tables 3-16, 3-17 and 3-18. Each has Item, Description, Quantity, Note and one row (Wireless Adapter, Footswitch, Barcode Scanner). They are under the right bullets.",No BUG-030 or BUG-008 problem seen.
LOGIQ_e_R9_General_Service_Manual,sec_0025,129,5.5-filters_discarding,PASS,,p129 has three small tables and no picture. No picture is lost.,
LOGIQ_e_R9_General_Service_Manual,sec_0025,129,5.5-filters_passing_noise,PASS,,Nothing is kept as an image on p129.,
LOGIQ_e_R9_General_Service_Manual,sec_0025,129,5.5-image_section_mapping,PASS,,p129 has no picture. Nothing is mapped to it.,
LOGIQ_e_R9_General_Service_Manual,sec_0026,163,5.4-hierarchy_level,PASS,,"'General Procedures and Functional Checks' is level 1 (chapter) with 6 children, sec_0027 to sec_0032. The page shows 'Chapter' with a large blue title, so level 1 is right.",
LOGIQ_e_R9_General_Service_Manual,sec_0026,163,5.4-parent_child,PASS,,"The section is level 1 (chapter) with 6 children, sec_0027 to sec_0032. It has no parent, which is right for a chapter.",
LOGIQ_e_R9_General_Service_Manual,sec_0026,163,5.4-page_start_end,PASS,,"The chapter opener on p163 has the heading and one intro paragraph (#/texts/1629, #/texts/1630). The page_end 238 is the end of the last child, sec_0032. Images on p238 are mapped to sec_0032. Sampled page p163 is inside the range.",
LOGIQ_e_R9_General_Service_Manual,sec_0026,163,5.4-hierarchy_path,PASS,,/General Procedures and Functional Checks is a root path and matches the 'Chapter 4' page.,
LOGIQ_e_R9_General_Service_Manual,sec_0026,163,5.4-gaps_duplicates,PASS,,The 3 own nodes on p163 are the whole chapter intro. Nothing from sec_0025 is in this section.,
LOGIQ_e_R9_General_Service_Manual,sec_0026,163,5.4-flagged_for_review,PASS,,flagged_for_review is false and the title score is 100. 'Chapter 4' is clearly printed on p163.,
LOGIQ_e_R9_General_Service_Manual,sec_0026,163,5.4-structural_source,PASS,,"structural_source is toc. The bookmark title 'General Procedures and Functional Checks' is printed on the page, so the TOC source is supported.",
LOGIQ_e_R9_General_Service_Manual,sec_0026,163,5.6-numbering_scheme,PASS,,"The scheme is arabic. The printed folios use chapter-page numbers (for example 4-1 on its first page), and the numbering is consistent.",
LOGIQ_e_R9_General_Service_Manual,sec_0026,163,5.6-offset_applied,PASS,,"offset_applied is 0. The first page of the section (4-1 printed) is the physical page named in the bookmark, so the mapping is correct.",
LOGIQ_e_R9_General_Service_Manual,sec_0026,163,5.5-filters_discarding,PASS,,p163 is a chapter opener with text only. No picture is lost.,
LOGIQ_e_R9_General_Service_Manual,sec_0026,163,5.5-filters_passing_noise,PASS,,Nothing is kept as an image on p163.,
LOGIQ_e_R9_General_Service_Manual,sec_0026,163,5.5-image_section_mapping,PASS,,"p163 has no picture. The images on p238 (img_0195, img_0196) are mapped to sec_0032, not to sec_0026, which is correct.",
LOGIQ_e_R9_General_Service_Manual,sec_0028,170,5.4-hierarchy_level,PASS,,"sec_0028 'General procedures' has hierarchy_level 2. On p165 the title 'General procedures' is a large section title with a 'Contents in this Section' list (#/texts/1653, #/texts/1642). Inner titles such as 'Switch ON the AC Power to LOGIQ e' (#/texts/1704) are bold run-in headings, not sections. Parent: sec_0026 'General Procedures and Functional Checks' (level 1). The level matches the printed hierarchy.",
LOGIQ_e_R9_General_Service_Manual,sec_0028,170,5.4-parent_child,PASS,,sec_0028 has parent sec_0026 'General Procedures and Functional Checks' (level 1) and no children. This agrees with the printed structure and the neighbouring sections in sections.json.,
LOGIQ_e_R9_General_Service_Manual,sec_0028,170,5.4-page_start_end,PASS,,Section starts on p165 with the title #/texts/1653 and the contents list. It ends on p179 with 'Lockout/Tagout (LOTO) requirements' (#/texts/1823 to #/texts/1843). The next section sec_0029 starts on p180 and none of its nodes are here. Every CAUTION/WARNING label is next to its own text (for example #/texts/1657 with #/texts/1659 on p166). page_start 165 and page_end 179 match the printed boundaries. Sampled page 170 (folio 4-8) shows content that belongs to this section.,
LOGIQ_e_R9_General_Service_Manual,sec_0028,170,5.4-hierarchy_path,PASS,,hierarchy_path is '/General Procedures and Functional Checks/General procedures'. It lists the chapter and section titles in the printed order.,
LOGIQ_e_R9_General_Service_Manual,sec_0028,170,5.4-gaps_duplicates,PASS,,"No gap or overlap with the neighbours. Node ids in sec_0028 are unique and semantic_order is continuous. Repeated texts such as running headers and '(continued)' headings are printed twice in the PDF, so they are not extraction duplicates.",
LOGIQ_e_R9_General_Service_Manual,sec_0028,170,5.4-flagged_for_review,PASS,,"flagged_for_review is false, verification_score is 100 and confidence is 1.0. The title matches the page, so no flag was needed.",
LOGIQ_e_R9_General_Service_Manual,sec_0028,170,5.4-structural_source,PASS,,"structural_source is 'toc'. The bookmark title 'General procedures' matches the printed title on page 165, so the TOC source is supported.",
LOGIQ_e_R9_General_Service_Manual,sec_0028,170,5.6-numbering_scheme,PASS,,"numbering_scheme is 'arabic'. Page 170 prints the folio 4-8 (chapter-page arabic numbers), so the scheme is correct.",
LOGIQ_e_R9_General_Service_Manual,sec_0028,170,5.6-offset_applied,PASS,,"offset_applied is 0. Physical page 170 prints folio 4-8 and the section title page 165 is the physical page_start, so no offset is needed.",
LOGIQ_e_R9_General_Service_Manual,sec_0028,170,5.5-filters_discarding,PASS,,"On p170 Figure 4-2 'Power On/Off button' (a photo of the unit with a yellow arrow) is extracted as img_0151 (1260x709). No other figure is on this page. The WARNING/CAUTION triangles on other pages are decorative and not needed. The lockout tag drawing (img_0149 on p166, img_0157 on p179) is also kept.",
LOGIQ_e_R9_General_Service_Manual,sec_0028,170,5.5-filters_passing_noise,PASS,,"img_0151 is the real Figure 4-2 and is not decoration. The images of sec_0028 (img_0149 to img_0157) are all figures (Figures 4-1 to 4-7 and the tag and lockout drawing). No rule, logo or footer divider is kept as an image.",
LOGIQ_e_R9_General_Service_Manual,sec_0028,170,5.5-image_section_mapping,PASS,,"img_0151 (p170) is mapped to sec_0028. Page 170 is inside sec_0028 (p165-p179) and the caption 'Figure 4-2' (#/texts/1707) is a node of sec_0028. The 9 images of the section are on p166-p179, all in range.",
LOGIQ_e_R9_General_Service_Manual,sec_0029,183,5.4-hierarchy_level,PASS,,"sec_0029 'Functional checks' has hierarchy_level 2. On p180 the title 'Functional checks' is a large section title with a 'Contents in this Section' list (#/texts/1845, #/texts/1846). Titles such as 'B mode Checks' and 'Color Printers' are bold run-in headings, not separate sections. Parent: sec_0026 'General Procedures and Functional Checks' (level 1). The level matches the printed hierarchy.",
LOGIQ_e_R9_General_Service_Manual,sec_0029,183,5.4-parent_child,PASS,,sec_0029 has parent sec_0026 'General Procedures and Functional Checks' (level 1) and no children. This agrees with the printed structure and the neighbouring sections in sections.json.,
LOGIQ_e_R9_General_Service_Manual,sec_0029,183,5.4-page_start_end,PASS,,"Section starts on p180 with #/texts/1845 and ends on p225 with the VCO paragraph (#/texts/2368). The table nodes #/tables/55 to #/tables/70 are on p184-p225, inside the range. The next section sec_0030 starts on p226 and none of its nodes are here. page_start 180 and page_end 225 match the printed boundaries. Sampled page 183 (folio 4-21) shows content that belongs to this section.",
LOGIQ_e_R9_General_Service_Manual,sec_0029,183,5.4-hierarchy_path,PASS,,hierarchy_path is '/General Procedures and Functional Checks/Functional checks'. It lists the chapter and section titles in the printed order.,
LOGIQ_e_R9_General_Service_Manual,sec_0029,183,5.4-gaps_duplicates,PASS,,"No gap or overlap with the neighbours. Node ids in sec_0029 are unique and semantic_order is continuous. Repeated texts such as running headers and '(continued)' headings are printed twice in the PDF, so they are not extraction duplicates.",
LOGIQ_e_R9_General_Service_Manual,sec_0029,183,5.4-flagged_for_review,PASS,,"flagged_for_review is false, verification_score is 100 and confidence is 1.0. The title matches the page, so no flag was needed.",
LOGIQ_e_R9_General_Service_Manual,sec_0029,183,5.4-structural_source,PASS,,"structural_source is 'toc'. The bookmark title 'Functional checks' matches the printed title on page 180, so the TOC source is supported.",
LOGIQ_e_R9_General_Service_Manual,sec_0029,183,5.6-numbering_scheme,PASS,,"numbering_scheme is 'arabic'. Page 183 prints the folio 4-21 (chapter-page arabic numbers), so the scheme is correct.",
LOGIQ_e_R9_General_Service_Manual,sec_0029,183,5.6-offset_applied,PASS,,"offset_applied is 0. Physical page 183 prints folio 4-21 and the section title page 180 is the physical page_start, so no offset is needed.",
LOGIQ_e_R9_General_Service_Manual,sec_0029,183,5.6-table_content,PASS,,"Page 183 has no table. The rendering shows a screenshot, headings and numbered steps only. There is no table node on p183. The nearest tables are #/tables/55 (p184) and #/tables/66 (p217).",
LOGIQ_e_R9_General_Service_Manual,sec_0029,183,5.5-filters_discarding,PASS,,"On p183 Figure 4-10 'B Mode Screen Image Example' (ultrasound screenshot) is extracted as img_0160 (1920x1080). No other figure is on the page. The image count of the section (29) is one short of its figure captions (30). The missing one is on p222, see the p220 row.",
LOGIQ_e_R9_General_Service_Manual,sec_0029,183,5.5-filters_passing_noise,PASS,,"img_0160 is the real Figure 4-10 and has meaning. No decoration (rule, logo, divider) is kept as an image on p183.",
LOGIQ_e_R9_General_Service_Manual,sec_0029,183,5.5-image_section_mapping,PASS,,img_0160 (p183) is mapped to sec_0029. Page 183 is inside sec_0029 (p180-p225) and the caption 'Figure 4-10' (#/texts/1931) is in the same section.,
LOGIQ_e_R9_General_Service_Manual,sec_0032,231,5.4-hierarchy_level,PASS,,"sec_0032 'Probe Check' has hierarchy_level 2. On p231 the title 'Probe Check' is a large section title (#/texts/2421). 'Introduction', 'Presets', 'Auto Trigger' and 'Manual Trigger' are bold run-in headings. Parent: sec_0026 'General Procedures and Functional Checks' (level 1). The level matches the printed hierarchy.",
LOGIQ_e_R9_General_Service_Manual,sec_0032,231,5.4-parent_child,PASS,,sec_0032 has parent sec_0026 'General Procedures and Functional Checks' (level 1) and no children. This agrees with the printed structure and the neighbouring sections in sections.json.,
LOGIQ_e_R9_General_Service_Manual,sec_0032,231,5.4-page_start_end,FAIL,Low,"sec_0032 ends on p238 (page_end 238), but it also holds node #/texts/2493 'Chapter 5' (heading, p239, y561). On p239 'Chapter 5' is the label above the chapter title 'Components and Functions (Theory)'. It belongs to sec_0033. The real content of sec_0032 starts at #/texts/2421 on p231 and ends with Figure 4-48 on p238.","Only a chapter-number label crosses the boundary, so Low under the Sprint scale (boilerplate). Owner side is the sec_0033 gaps_duplicates row. Same pattern as in the other chapter pages of this batch. Reading order on p231 is also mixed (the Introduction text #/texts/2422 comes after the Pass/Fail list), but all nodes are in the right section. verify_claims expects Medium (content past page_end). I keep Low because the Sprint table lists chapter numbers as boilerplate: only the 'Chapter 5' label crosses, no text or figure."
LOGIQ_e_R9_General_Service_Manual,sec_0032,231,5.4-hierarchy_path,PASS,,hierarchy_path is '/General Procedures and Functional Checks/Probe Check'. It lists the chapter and section titles in the printed order.,
LOGIQ_e_R9_General_Service_Manual,sec_0032,231,5.4-gaps_duplicates,PASS,,"No gap or overlap with the neighbours. Node ids in sec_0032 are unique and semantic_order is continuous. Repeated texts such as running headers and '(continued)' headings are printed twice in the PDF, so they are not extraction duplicates.",
LOGIQ_e_R9_General_Service_Manual,sec_0032,231,5.4-flagged_for_review,PASS,,"flagged_for_review is false, verification_score is 100 and confidence is 1.0. The title matches the page, so no flag was needed.",
LOGIQ_e_R9_General_Service_Manual,sec_0032,231,5.4-structural_source,PASS,,"structural_source is 'toc'. The bookmark title 'Probe Check' matches the printed title on page 231, so the TOC source is supported.",
LOGIQ_e_R9_General_Service_Manual,sec_0032,231,5.6-numbering_scheme,PASS,,"numbering_scheme is 'arabic'. Page 231 prints the folio 4-69 (chapter-page arabic numbers), so the scheme is correct.",
LOGIQ_e_R9_General_Service_Manual,sec_0032,231,5.6-offset_applied,PASS,,"offset_applied is 0. Physical page 231 prints folio 4-69 and the section title page 231 is the physical page_start, so no offset is needed.",
LOGIQ_e_R9_General_Service_Manual,sec_0032,231,5.5-filters_discarding,FAIL,Low,"On p236 Figure 4-44 and Figure 4-45 show the same picture. Only one image is extracted for p236: img_0193 (800x570). Figure 4-45 has no image of its own. The same picture is kept once in sec_0032, so no unique information is lost.","This is BUG-033 (image drawn twice, extracted once). It is Low because the content is not lost. A human should confirm the severity. The p236 render is a lead render, not in this batch. verify_claims may expect another severity: it only sees the small CAUTION icon on p231."
LOGIQ_e_R9_General_Service_Manual,sec_0032,231,5.5-filters_passing_noise,PASS,,"Sampled p231 has two CAUTION triangle icons. They are decorative and not extracted, which is correct. The images of sec_0032 (img_0191 to img_0196) are all real screenshots or ultrasound pictures.",
LOGIQ_e_R9_General_Service_Manual,sec_0032,231,5.5-image_section_mapping,PASS,,"No image is on p231. The 6 images of sec_0032 are on p233, p235, p236, p237 and p238 (two), all inside p231-p238, and each is above a caption of sec_0032.",
LOGIQ_e_R9_General_Service_Manual,sec_0033,239,5.4-hierarchy_level,PASS,,"sec_0033 'Components and Functions (Theory)' has hierarchy_level 1. On p239 the page shows 'Chapter 5' above the large title 'Components and Functions (Theory)' (#/texts/2494). It is a chapter title, so level 1 is right. Parent: none (top-level chapter). The level matches the printed hierarchy.",
LOGIQ_e_R9_General_Service_Manual,sec_0033,239,5.4-parent_child,PASS,,"sec_0033 has parent none (top-level chapter) and sec_0034, sec_0035, sec_0036, sec_0037. This agrees with the printed structure and the neighbouring sections in sections.json.",
LOGIQ_e_R9_General_Service_Manual,sec_0033,239,5.4-page_start_end,PASS,,"sec_0033 starts on p239 with the title #/texts/2494 and two intro paragraphs (#/texts/2495, #/texts/2496). The p239 render shows the same title and text. page_end 256 covers the child sections sec_0034 to sec_0037. The missing 'Chapter 5' label is recorded on the gaps_duplicates row.",
LOGIQ_e_R9_General_Service_Manual,sec_0033,239,5.4-hierarchy_path,PASS,,hierarchy_path is '/Components and Functions (Theory)'. It lists the chapter and section titles in the printed order.,
LOGIQ_e_R9_General_Service_Manual,sec_0033,239,5.4-gaps_duplicates,PASS,,On 239 the section starts with its own title and intro text. No node is duplicated and none is missing from the section body. The printed label 'Chapter 5' above the title is the only item not held here.,"The 'Chapter 5' label is held by sec_0032 (BUG-022). This is a chapter label only, and v1.13 approved PASS on this owner side. The receiver row of sec_0032 (page_start_end) carries the Low defect."
LOGIQ_e_R9_General_Service_Manual,sec_0033,239,5.4-flagged_for_review,PASS,,"flagged_for_review is false, verification_score is 100 and confidence is 1.0. The title matches the page, so no flag was needed.",
LOGIQ_e_R9_General_Service_Manual,sec_0033,239,5.4-structural_source,PASS,,"structural_source is 'toc'. The bookmark title 'Components and Functions (Theory)' matches the printed title on page 239, so the TOC source is supported.",
LOGIQ_e_R9_General_Service_Manual,sec_0033,239,5.6-numbering_scheme,PASS,,"numbering_scheme is 'arabic'. Page 239 prints the folio 5-1 (chapter-page arabic numbers), so the scheme is correct.",
LOGIQ_e_R9_General_Service_Manual,sec_0033,239,5.6-offset_applied,PASS,,"offset_applied is 0. Physical page 239 prints folio 5-1 and the section title page 239 is the physical page_start, so no offset is needed.",
LOGIQ_e_R9_General_Service_Manual,sec_0033,239,5.5-filters_discarding,PASS,,"Page 239 is a chapter title page with text only. It has no figure, so nothing was discarded.",
LOGIQ_e_R9_General_Service_Manual,sec_0033,239,5.5-filters_passing_noise,PASS,,No image is extracted for p239. The blue rule under the running header is not kept as an image.,
LOGIQ_e_R9_General_Service_Manual,sec_0033,239,5.5-image_section_mapping,PASS,,No image is on p239 and none is mapped to sec_0033. The images of this chapter are in the child sections.,
LOGIQ_e_R9_General_Service_Manual,sec_0037,248,5.4-hierarchy_level,PASS,,sec_0037 'Common Service Desktop' has hierarchy_level 2. On p246 'Common Service Desktop' is a large section title (#/texts/2558) under the Chapter 5 title. 'Introduction' and 'Entering Technical Support Mode ...' are run-in headings. Parent: sec_0033 'Components and Functions (Theory)' (level 1). The level matches the printed hierarchy.,
LOGIQ_e_R9_General_Service_Manual,sec_0037,248,5.4-parent_child,PASS,,sec_0037 has parent sec_0033 'Components and Functions (Theory)' (level 1) and no children. This agrees with the printed structure and the neighbouring sections in sections.json.,
LOGIQ_e_R9_General_Service_Manual,sec_0037,248,5.4-page_start_end,FAIL,Low,"sec_0037 has page_end 256, but it holds node #/texts/2645 'Chapter 6' (heading, p257, y561). On p257 'Chapter 6' is the label above the chapter title 'Service Adjustments'. It belongs to sec_0038. The real content of sec_0037 ends on p256 with Figure 5-14.","Only a chapter-number label crosses the boundary, so Low (boilerplate). Owner side is the sec_0038 gaps_duplicates row. Sampled p248 itself is correct: all its nodes (#/texts/2574 to #/texts/2581, #/tables/73) belong to this section. verify_claims expects Medium (content past page_end). I keep Low because the Sprint table lists chapter numbers as boilerplate: only the 'Chapter 6' label crosses, no text or figure."
LOGIQ_e_R9_General_Service_Manual,sec_0037,248,5.4-hierarchy_path,PASS,,hierarchy_path is '/Components and Functions (Theory)/Common Service Desktop'. It lists the chapter and section titles in the printed order.,
LOGIQ_e_R9_General_Service_Manual,sec_0037,248,5.4-gaps_duplicates,PASS,,"No gap or overlap with the neighbours. Node ids in sec_0037 are unique and semantic_order is continuous. Repeated texts such as running headers and '(continued)' headings are printed twice in the PDF, so they are not extraction duplicates.",
LOGIQ_e_R9_General_Service_Manual,sec_0037,248,5.4-flagged_for_review,PASS,,"flagged_for_review is false, verification_score is 100 and confidence is 1.0. The title matches the page, so no flag was needed.",
LOGIQ_e_R9_General_Service_Manual,sec_0037,248,5.4-structural_source,PASS,,"structural_source is 'toc'. The bookmark title 'Common Service Desktop' matches the printed title on page 246, so the TOC source is supported.",
LOGIQ_e_R9_General_Service_Manual,sec_0037,248,5.6-numbering_scheme,PASS,,"numbering_scheme is 'arabic'. Page 248 prints the folio 5-10 (chapter-page arabic numbers), so the scheme is correct.",
LOGIQ_e_R9_General_Service_Manual,sec_0037,248,5.6-offset_applied,PASS,,"offset_applied is 0. Physical page 248 prints folio 5-10 and the section title page 246 is the physical page_start, so no offset is needed.",
LOGIQ_e_R9_General_Service_Manual,sec_0037,248,5.6-table_content,PASS,,"Table 5-2 on p248 is #/tables/73. It has 8 columns (Main Menus, Main Sub-menus, Basic View, four Class C columns, Class M columns) and the X marks match the render row by row. Examples: 'Diags' has X under Service Advanced, Service Expert, SSA Key and Remote; 'Disable Remote Connectivity' has no X under Remote. The table continues on p249 as #/tables/74 (from 'Clean Userdefs'). No row is lost or repeated at the page break. The header texts 'Utili- ties' and 'Config- uration' are printed hyphenated in the PDF.",Checked for BUG-030 and BUG-008: neither is seen on p248. Tables #/tables/72 (p247) and #/tables/74 (p249) were not rendered here and were only compared with #/tables/73 for consistency.
LOGIQ_e_R9_General_Service_Manual,sec_0037,248,5.5-filters_discarding,PASS,,"Page 248 has no figure. The section has 11 figure captions (Figures 5-4 to 5-14) and 11 images (img_0200 to img_0210). No figure is lost. p256 render shows Figures 5-13 and 5-14 and both are extracted (img_0209, img_0210).",
LOGIQ_e_R9_General_Service_Manual,sec_0037,248,5.5-filters_passing_noise,PASS,,"The 11 images of sec_0037 are real figures (key photo, dialogs, screenshots). No rule, logo or divider is kept as an image. Page 248 has no image.",
LOGIQ_e_R9_General_Service_Manual,sec_0037,248,5.5-image_section_mapping,PASS,,"All 11 images (p250 to p256) are mapped to sec_0037, which spans p246-p256. Each caption (for example #/texts/2595 for Figure 5-4 and #/texts/2640 for Figure 5-13) is a node of sec_0037. Page 248 has no image.",
LOGIQ_e_R9_General_Service_Manual,sec_0038,257,5.4-hierarchy_level,PASS,,"sec_0038 'Service Adjustments' has hierarchy_level 1. On p257 the page shows 'Chapter 6' above the large title 'Service Adjustments' (#/texts/2646). It is a chapter title, so level 1 is right. Parent: none (top-level chapter). The level matches the printed hierarchy.",
LOGIQ_e_R9_General_Service_Manual,sec_0038,257,5.4-parent_child,PASS,,"sec_0038 has parent none (top-level chapter) and sec_0039, sec_0040, sec_0041. This agrees with the printed structure and the neighbouring sections in sections.json.",
LOGIQ_e_R9_General_Service_Manual,sec_0038,257,5.4-page_start_end,PASS,,sec_0038 starts on p257 with the title #/texts/2646 and the intro #/texts/2647. The p257 render shows the same text. page_end 264 covers the child sections sec_0039 to sec_0041. The missing 'Chapter 6' label is recorded on the gaps_duplicates row.,
LOGIQ_e_R9_General_Service_Manual,sec_0038,257,5.4-hierarchy_path,PASS,,hierarchy_path is '/Service Adjustments'. It lists the chapter and section titles in the printed order.,
LOGIQ_e_R9_General_Service_Manual,sec_0038,257,5.4-gaps_duplicates,PASS,,On 257 the section starts with its own title and intro text. No node is duplicated and none is missing from the section body. The printed label 'Chapter 6' above the title is the only item not held here.,"The 'Chapter 6' label is held by sec_0037 (BUG-022). This is a chapter label only, and v1.13 approved PASS on this owner side. The receiver row of sec_0037 (page_start_end) carries the Low defect."
LOGIQ_e_R9_General_Service_Manual,sec_0038,257,5.4-flagged_for_review,PASS,,"flagged_for_review is false, verification_score is 100 and confidence is 1.0. The title matches the page, so no flag was needed.",
LOGIQ_e_R9_General_Service_Manual,sec_0038,257,5.4-structural_source,PASS,,"structural_source is 'toc'. The bookmark title 'Service Adjustments' matches the printed title on page 257, so the TOC source is supported.",
LOGIQ_e_R9_General_Service_Manual,sec_0038,257,5.6-numbering_scheme,PASS,,"numbering_scheme is 'arabic'. Page 257 prints the folio 6-1 (chapter-page arabic numbers), so the scheme is correct.",
LOGIQ_e_R9_General_Service_Manual,sec_0038,257,5.6-offset_applied,PASS,,"offset_applied is 0. Physical page 257 prints folio 6-1 and the section title page 257 is the physical page_start, so no offset is needed.",
LOGIQ_e_R9_General_Service_Manual,sec_0038,257,5.5-filters_discarding,PASS,,"Page 257 is a chapter title page with text only. It has no figure, so nothing was discarded.",
LOGIQ_e_R9_General_Service_Manual,sec_0038,257,5.5-filters_passing_noise,PASS,,No image is extracted for p257. The blue rule under the header is not kept.,
LOGIQ_e_R9_General_Service_Manual,sec_0038,257,5.5-image_section_mapping,PASS,,No image is on p257 and none is mapped to sec_0038. Its figures belong to the child sections.,
LOGIQ_e_R9_General_Service_Manual,sec_0042,265,5.4-hierarchy_level,PASS,,"sec_0042 'Diagnostics/Troubleshooting' has hierarchy_level 1. On p265 the page shows 'Chapter 7' above the large title 'Diagnostics/Troubleshooting' (#/texts/2714). It is a chapter title, so level 1 is right. Parent: none (top-level chapter). The level matches the printed hierarchy.",
LOGIQ_e_R9_General_Service_Manual,sec_0042,265,5.4-parent_child,PASS,,sec_0042 has parent none (top-level chapter) and sec_0043 to sec_0051. This agrees with the printed structure and the neighbouring sections in sections.json.,
LOGIQ_e_R9_General_Service_Manual,sec_0042,265,5.4-page_start_end,PASS,,sec_0042 starts on p265 with the title #/texts/2714 and the intro #/texts/2715. The p265 render shows the same text. page_end 396 covers the child sections sec_0043 to sec_0051. The missing 'Chapter 7' label is recorded on the gaps_duplicates row.,
LOGIQ_e_R9_General_Service_Manual,sec_0042,265,5.4-hierarchy_path,PASS,,hierarchy_path is '/Diagnostics/Troubleshooting'. It lists the chapter and section titles in the printed order.,
LOGIQ_e_R9_General_Service_Manual,sec_0042,265,5.4-gaps_duplicates,PASS,,"On 265 the section starts with its own title and intro text. No node is duplicated and none is missing from the section body. The printed label 'Chapter 7' above the title is the only item not held here. The label is probably held by the previous section; it is not in this batch, so this is not confirmed.","The 'Chapter 7' label is held by sec_0041 (BUG-022). This is a chapter label only, and v1.13 approved PASS on this owner side. The receiver row of sec_0041 (page_start_end) carries the Low defect."
LOGIQ_e_R9_General_Service_Manual,sec_0042,265,5.4-flagged_for_review,PASS,,"flagged_for_review is false, verification_score is 100 and confidence is 1.0. The title matches the page, so no flag was needed.",
LOGIQ_e_R9_General_Service_Manual,sec_0042,265,5.4-structural_source,PASS,,"structural_source is 'toc'. The bookmark title 'Diagnostics/Troubleshooting' matches the printed title on page 265, so the TOC source is supported.",
LOGIQ_e_R9_General_Service_Manual,sec_0042,265,5.6-numbering_scheme,PASS,,"numbering_scheme is 'arabic'. Page 265 prints the folio 7-1 (chapter-page arabic numbers), so the scheme is correct.",
LOGIQ_e_R9_General_Service_Manual,sec_0042,265,5.6-offset_applied,PASS,,"offset_applied is 0. Physical page 265 prints folio 7-1 and the section title page 265 is the physical page_start, so no offset is needed.",
LOGIQ_e_R9_General_Service_Manual,sec_0042,265,5.5-filters_discarding,PASS,,"Page 265 is a chapter title page with text only. It has no figure, so nothing was discarded.",
LOGIQ_e_R9_General_Service_Manual,sec_0042,265,5.5-filters_passing_noise,PASS,,No image is extracted for p265. The blue rule under the header is not kept.,
LOGIQ_e_R9_General_Service_Manual,sec_0042,265,5.5-image_section_mapping,PASS,,No image is on p265 and none is mapped to sec_0042. Its figures belong to the child sections.,
LOGIQ_e_R9_General_Service_Manual,sec_0045,272,5.4-hierarchy_level,PASS,,"sec_0045 'USB Quick Save' has hierarchy_level 2. On p272 (printed 7-8) it is a chapter-level title like its siblings under 'Diagnostics/Troubleshooting' (level 1, sec_0042). Level 2 is consistent.",
LOGIQ_e_R9_General_Service_Manual,sec_0045,272,5.4-parent_child,PASS,,"sec_0045 has parent_section_id sec_0042 ('Diagnostics/Troubleshooting', level 1, p265-396) and no child_sections. Siblings sec_0045, sec_0046, sec_0047 and sec_0048 share the same parent. The nesting is coherent.",
LOGIQ_e_R9_General_Service_Manual,sec_0045,272,5.4-page_start_end,PASS,,"Checked on p272 (printed 7-8) shows 'USB Quick Save', two paragraphs, Figure 7-2 and a NOTE (#/texts/2790-2794). It starts on p271 with its title and ends on p274 with Figure 7-5. The next section sec_0046 starts on p275 with 'Screen Capture'. The page_start and page_end match the rendered boundaries and all nodes belong to sec_0045.",
LOGIQ_e_R9_General_Service_Manual,sec_0045,272,5.4-hierarchy_path,PASS,,hierarchy_path '/Diagnostics/Troubleshooting/USB Quick Save' matches the running header 'Diagnostics/Troubleshooting' and the section title seen on p272 (printed 7-8). The order is correct.,
LOGIQ_e_R9_General_Service_Manual,sec_0045,272,5.4-gaps_duplicates,PASS,,"Checked on p272 (printed 7-8) shows 'USB Quick Save', two paragraphs, Figure 7-2 and a NOTE (#/texts/2790-2794). Every printed block on this page is present once. No text is repeated and nothing is missing. Neighbour sections do not overlap sec_0045.",
LOGIQ_e_R9_General_Service_Manual,sec_0045,272,5.4-flagged_for_review,PASS,,"sec_0045 has flagged_for_review false, confidence 1.0 and verification_score 100. The title is found on the resolved page, so no flag is needed. The flag matches what is visible.",
LOGIQ_e_R9_General_Service_Manual,sec_0045,272,5.4-structural_source,PASS,,sec_0045 has structural_source 'toc'. Its title 'USB Quick Save' is seen on its start page (271) and matches the embedded bookmark. The TOC source is supported.,
LOGIQ_e_R9_General_Service_Manual,sec_0045,272,5.6-numbering_scheme,PASS,,The footer on this page prints chapter-page numbers (for example 7-7 on p271). The recorded numbering_scheme 'arabic' is the right family for these numbers.,
LOGIQ_e_R9_General_Service_Manual,sec_0045,272,5.6-offset_applied,PASS,,offset_applied is 0. The physical page 272 is the page that shows 7-8 in the footer and the expected content. The mapping is correct.,
LOGIQ_e_R9_General_Service_Manual,sec_0045,272,5.5-filters_discarding,PASS,,"Checked on p272 (printed 7-8) shows 'USB Quick Save', two paragraphs, Figure 7-2 and a NOTE (#/texts/2790-2794). The figure is kept as img_0218. No other figure or meaningful icon is missing on this page.",
LOGIQ_e_R9_General_Service_Manual,sec_0045,272,5.5-filters_passing_noise,PASS,,"The extracted img_0218 is a real screenshot or figure printed on p272 and not a rule, logo or footer divider. No decorative noise was kept.",
LOGIQ_e_R9_General_Service_Manual,sec_0045,272,5.5-image_section_mapping,PASS,,Figure 7-2 is extracted as img_0218 and mapped to sec_0045. It sits under the right heading 'USB Quick Save' on p272.,
LOGIQ_e_R9_General_Service_Manual,sec_0046,278,5.4-hierarchy_level,PASS,,"sec_0046 'Screen Capture' has hierarchy_level 2. On p278 (printed 7-14) it is a chapter-level title like its siblings under 'Diagnostics/Troubleshooting' (level 1, sec_0042). Level 2 is consistent.",
LOGIQ_e_R9_General_Service_Manual,sec_0046,278,5.4-parent_child,PASS,,"sec_0046 has parent_section_id sec_0042 ('Diagnostics/Troubleshooting', level 1, p265-396) and no child_sections. Siblings sec_0045, sec_0046, sec_0047 and sec_0048 share the same parent. The nesting is coherent.",
LOGIQ_e_R9_General_Service_Manual,sec_0046,278,5.4-page_start_end,PASS,,"Checked on p278 (printed 7-14) shows 'Capturing a Screen', steps 1-5, Figure 7-7 and Figure 7-8 (#/texts/2847-2855). It starts on p275 with 'Screen Capture' and ends on p282 with 'Reset the P1 Key to Customer's Functionality'. The next section sec_0047 starts on p283 with its own title page. Pages 280-282 hold hardware error screens inside this bookmark range, which is how the PDF is laid out. The page_start and page_end match the rendered boundaries and all nodes belong to sec_0046.",
LOGIQ_e_R9_General_Service_Manual,sec_0046,278,5.4-hierarchy_path,PASS,,hierarchy_path '/Diagnostics/Troubleshooting/Screen Capture' matches the running header 'Diagnostics/Troubleshooting' and the section title seen on p278 (printed 7-14). The order is correct.,
LOGIQ_e_R9_General_Service_Manual,sec_0046,278,5.4-gaps_duplicates,PASS,,"Checked on p278 (printed 7-14) shows 'Capturing a Screen', steps 1-5, Figure 7-7 and Figure 7-8 (#/texts/2847-2855). Every printed block on this page is present once. No text is repeated and nothing is missing. Neighbour sections do not overlap sec_0046.",
LOGIQ_e_R9_General_Service_Manual,sec_0046,278,5.4-flagged_for_review,PASS,,"sec_0046 has flagged_for_review false, confidence 1.0 and verification_score 100. The title is found on the resolved page, so no flag is needed. The flag matches what is visible.",
LOGIQ_e_R9_General_Service_Manual,sec_0046,278,5.4-structural_source,PASS,,sec_0046 has structural_source 'toc'. Its title 'Screen Capture' is seen on its start page (275) and matches the embedded bookmark. The TOC source is supported.,
LOGIQ_e_R9_General_Service_Manual,sec_0046,278,5.6-numbering_scheme,PASS,,The footer on this page prints chapter-page numbers (for example 7-7 on p271). The recorded numbering_scheme 'arabic' is the right family for these numbers.,
LOGIQ_e_R9_General_Service_Manual,sec_0046,278,5.6-offset_applied,PASS,,offset_applied is 0. The physical page 278 is the page that shows 7-14 in the footer and the expected content. The mapping is correct.,
LOGIQ_e_R9_General_Service_Manual,sec_0046,278,5.5-filters_discarding,PASS,,"Checked on p278 (printed 7-14) shows 'Capturing a Screen', steps 1-5, Figure 7-7 and Figure 7-8 (#/texts/2847-2855). The figure is kept as img_0223 and img_0224. No other figure or meaningful icon is missing on this page.",
LOGIQ_e_R9_General_Service_Manual,sec_0046,278,5.5-filters_passing_noise,PASS,,"The extracted img_0223 and img_0224 is a real screenshot or figure printed on p278 and not a rule, logo or footer divider. No decorative noise was kept.",
LOGIQ_e_R9_General_Service_Manual,sec_0046,278,5.5-image_section_mapping,PASS,,"On p278 the figure (img_0223 and img_0224) is mapped to sec_0046, which owns the text and caption next to it.",
LOGIQ_e_R9_General_Service_Manual,sec_0047,285,5.4-hierarchy_level,PASS,,"sec_0047 'Common Service Desktop' has hierarchy_level 2. On p285 (printed 7-21) it is a chapter-level title like its siblings under 'Diagnostics/Troubleshooting' (level 1, sec_0042). Level 2 is consistent.",
LOGIQ_e_R9_General_Service_Manual,sec_0047,285,5.4-parent_child,PASS,,"sec_0047 has parent_section_id sec_0042 ('Diagnostics/Troubleshooting', level 1, p265-396) and no child_sections. Siblings sec_0045, sec_0046, sec_0047 and sec_0048 share the same parent. The nesting is coherent.",
LOGIQ_e_R9_General_Service_Manual,sec_0047,285,5.4-page_start_end,PASS,,Checked on p285 (printed 7-21) shows 'Color statuses' and 'Licenses' with bullet lists and a NOTE (#/texts/2923-2956). It starts on p283 with 'Common Service Desktop' and ends on p343 with Table 7-25. The next section sec_0048 starts on p344. No sec_0046 or sec_0048 content is absorbed. The page_start and page_end match the rendered boundaries and all nodes belong to sec_0047.,
LOGIQ_e_R9_General_Service_Manual,sec_0047,285,5.4-hierarchy_path,PASS,,hierarchy_path '/Diagnostics/Troubleshooting/Common Service Desktop' matches the running header 'Diagnostics/Troubleshooting' and the section title seen on p285 (printed 7-21). The order is correct.,
LOGIQ_e_R9_General_Service_Manual,sec_0047,285,5.4-gaps_duplicates,PASS,,Checked on p285 (printed 7-21) shows 'Color statuses' and 'Licenses' with bullet lists and a NOTE (#/texts/2923-2956). Every printed block on this page is present once. No text is repeated and nothing is missing. Neighbour sections do not overlap sec_0047.,
LOGIQ_e_R9_General_Service_Manual,sec_0047,285,5.4-flagged_for_review,PASS,,"sec_0047 has flagged_for_review false, confidence 1.0 and verification_score 100. The title is found on the resolved page, so no flag is needed. The flag matches what is visible.",
LOGIQ_e_R9_General_Service_Manual,sec_0047,285,5.4-structural_source,PASS,,sec_0047 has structural_source 'toc'. Its title 'Common Service Desktop' is seen on its start page (283) and matches the embedded bookmark. The TOC source is supported.,
LOGIQ_e_R9_General_Service_Manual,sec_0047,285,5.6-numbering_scheme,PASS,,The footer on this page prints chapter-page numbers (for example 7-7 on p271). The recorded numbering_scheme 'arabic' is the right family for these numbers.,
LOGIQ_e_R9_General_Service_Manual,sec_0047,285,5.6-offset_applied,PASS,,offset_applied is 0. The physical page 285 is the page that shows 7-21 in the footer and the expected content. The mapping is correct.,
LOGIQ_e_R9_General_Service_Manual,sec_0047,285,5.6-table_content,PASS,,"Page 285 prints bullet lists only and has no table. There is no table node on p285 in sec_0047. Nothing to compare for this page. I also compared the tables on the other sampled pages: #/tables/88 on p315 and #/tables/103 on p338 match the printed rows, with no duplicated or shifted row. Table 7-25 (#/tables/106, p343) has all 11 printed rows.",No BUG-030 lost line found in the tables I checked. Empty first-column cells in #/tables/103 are empty in the PDF too.
LOGIQ_e_R9_General_Service_Manual,sec_0047,285,5.5-filters_discarding,PASS,,Checked on p285 (printed 7-21) shows 'Color statuses' and 'Licenses' with bullet lists and a NOTE (#/texts/2923-2956). There is no figure on this page and no image was extracted. No meaningful visual was discarded.,
LOGIQ_e_R9_General_Service_Manual,sec_0047,285,5.5-filters_passing_noise,PASS,,"No image was extracted for p285, so no decorative noise (rule, logo, divider) was kept.",
LOGIQ_e_R9_General_Service_Manual,sec_0047,285,5.5-image_section_mapping,PASS,,On p285 I looked for a figure and found none. Nothing needs mapping to sec_0047.,
LOGIQ_e_R9_General_Service_Manual,sec_0048,344,5.4-hierarchy_level,PASS,,"sec_0048 'eDelivery - Software update' has hierarchy_level 2. On p344 (printed 7-80) it is a chapter-level title like its siblings under 'Diagnostics/Troubleshooting' (level 1, sec_0042). Level 2 is consistent.",
LOGIQ_e_R9_General_Service_Manual,sec_0048,344,5.4-parent_child,PASS,,"sec_0048 has parent_section_id sec_0042 ('Diagnostics/Troubleshooting', level 1, p265-396) and no child_sections. Siblings sec_0045, sec_0046, sec_0047 and sec_0048 share the same parent. The nesting is coherent.",
LOGIQ_e_R9_General_Service_Manual,sec_0048,344,5.4-page_start_end,PASS,,"Checked on p344 (printed 7-80) shows the chapter title 'eDelivery - Software update', 'Introduction' and a bullet list (#/texts/3634-3639). It starts on p344 with its chapter title. The previous section sec_0047 ends on p343 with Table 7-25, so the first node here is the title. It runs to p357. The page_start and page_end match the rendered boundaries and all nodes belong to sec_0048. The last page p357 is fully inside sec_0048: it ends with the WARNING block after Figure 7-70 and shows no heading of the next section.","verify_claims says 2 nodes ('Wire-LAN Network' on page 7-94 and one more) above the 'Network Configuration' heading on p358 belong to sec_0049. They are on p358, outside the range of sec_0048 (page_end 357). p358 is not in my input, so I could not see it. Probably these are contents lines of the sec_0049 title page, which would be correctly owned by sec_0049. Please check p358 by eye."
LOGIQ_e_R9_General_Service_Manual,sec_0048,344,5.4-hierarchy_path,PASS,,hierarchy_path '/Diagnostics/Troubleshooting/eDelivery - Software update' matches the running header 'Diagnostics/Troubleshooting' and the section title seen on p344 (printed 7-80). The order is correct.,
LOGIQ_e_R9_General_Service_Manual,sec_0048,344,5.4-gaps_duplicates,PASS,,"Checked on p344 (printed 7-80) shows the chapter title 'eDelivery - Software update', 'Introduction' and a bullet list (#/texts/3634-3639). Every printed block on this page is present once. No text is repeated and nothing is missing. Neighbour sections do not overlap sec_0048.",
LOGIQ_e_R9_General_Service_Manual,sec_0048,344,5.4-flagged_for_review,PASS,,"sec_0048 has flagged_for_review false, confidence 1.0 and verification_score 100. The title is found on the resolved page, so no flag is needed. The flag matches what is visible.",
LOGIQ_e_R9_General_Service_Manual,sec_0048,344,5.4-structural_source,PASS,,sec_0048 has structural_source 'toc'. Its title 'eDelivery - Software update' is seen on its start page (344) and matches the embedded bookmark. The TOC source is supported.,
LOGIQ_e_R9_General_Service_Manual,sec_0048,344,5.6-numbering_scheme,PASS,,The footer on this page prints chapter-page numbers (for example 7-7 on p271). The recorded numbering_scheme 'arabic' is the right family for these numbers.,
LOGIQ_e_R9_General_Service_Manual,sec_0048,344,5.6-offset_applied,PASS,,offset_applied is 0. The physical page 344 is the page that shows 7-80 in the footer and the expected content. The mapping is correct.,
LOGIQ_e_R9_General_Service_Manual,sec_0048,344,5.5-filters_discarding,PASS,,"Checked on p344 (printed 7-80) shows the chapter title 'eDelivery - Software update', 'Introduction' and a bullet list (#/texts/3634-3639). There is no figure on this page and no image was extracted. No meaningful visual was discarded.",
LOGIQ_e_R9_General_Service_Manual,sec_0048,344,5.5-filters_passing_noise,PASS,,"No image was extracted for p344, so no decorative noise (rule, logo, divider) was kept.",
LOGIQ_e_R9_General_Service_Manual,sec_0048,344,5.5-image_section_mapping,PASS,,On p344 I looked for a figure and found none. Nothing needs mapping to sec_0048.,
LOGIQ_e_R9_General_Service_Manual,sec_0050,363,5.4-hierarchy_level,PASS,,hierarchy_level 2 fits: sec_0050 sits under the chapter-level 'Diagnostics/Troubleshooting' (sec_0042) and has no children. Its sub-headings such as 'Remote Access' are inside the section.,
LOGIQ_e_R9_General_Service_Manual,sec_0050,363,5.4-parent_child,PASS,,"parent_section_id is sec_0042 'Diagnostics/Troubleshooting' (p265-396), which contains p361-376. child_sections is empty and the sub-headings are plain headings. Neighbours: sec_0049 (p358-360) before and sec_0051 (p377-396) after.",
LOGIQ_e_R9_General_Service_Manual,sec_0050,363,5.4-page_start_end,PASS,,"sec_0050 is declared p361-376. It starts on p361 with the title 'RSVP Agent Configuration' (#/texts/3794) and ends on p376 with Figure 7-91 and folio 7-112. p363 shows the heading 'Remote Access' (#/texts/3811), the intro text and Figure 7-76; all of it belongs here. The next section sec_0051 starts on p377.",
LOGIQ_e_R9_General_Service_Manual,sec_0050,363,5.4-hierarchy_path,PASS,,hierarchy_path '/Diagnostics/Troubleshooting/RSVP Agent Configuration' matches the chapter running header 'Diagnostics/Troubleshooting' and the section title.,
LOGIQ_e_R9_General_Service_Manual,sec_0050,363,5.4-gaps_duplicates,PASS,,"No gap and no overlap: sec_0049 ends p360, sec_0050 covers p361-376, sec_0051 starts p377. The nodes from #/texts/3793 to #/texts/3970 appear only here.",
LOGIQ_e_R9_General_Service_Manual,sec_0050,363,5.4-flagged_for_review,PASS,,"flagged_for_review is false. The page content matches the section title, so no extra doubt.",
LOGIQ_e_R9_General_Service_Manual,sec_0050,363,5.4-structural_source,PASS,,"structural_source is toc. The title 'RSVP Agent Configuration' is the page heading on p361, so the TOC source is supported.",
LOGIQ_e_R9_General_Service_Manual,sec_0050,363,5.6-numbering_scheme,PASS,,"The printed folio on p363 is 7-99. The first page p361 is 7-97, so the label moves one per page. numbering_scheme 'arabic' with chapter-page labels is consistent.",
LOGIQ_e_R9_General_Service_Manual,sec_0050,363,5.6-offset_applied,PASS,,offset_applied is 0. Physical p363 carries the printed label 7-99 (p361 = 7-97 plus 2). The label and the physical page agree on every page checked.,
LOGIQ_e_R9_General_Service_Manual,sec_0050,363,5.5-filters_discarding,PASS,,Figure 7-76 'Input System ID' on p363 is kept as img_0292 (579x752) and it shows the whole 'Start Remote Troubleshooting' form. No other figure is on the page.,
LOGIQ_e_R9_General_Service_Manual,sec_0050,363,5.5-filters_passing_noise,PASS,,"img_0292 is only the screenshot. It has no caption, header or folio inside the crop. No decorative item is kept as an image.",
LOGIQ_e_R9_General_Service_Manual,sec_0050,363,5.5-image_section_mapping,PASS,,"img_0292 (p363) is mapped to sec_0050 and it is the figure under 'Remote Access' of this section. images.json also lists img_0291 (p362, Figure 7-75 Proxy Configuration), the right section too.",
LOGIQ_e_R9_General_Service_Manual,sec_0051,383,5.4-hierarchy_level,PASS,,hierarchy_level 2 fits: 'Troubleshooting' sits under the chapter-level 'Diagnostics/Troubleshooting' (sec_0042). p377 shows the title in the same style as the other sections of this chapter.,
LOGIQ_e_R9_General_Service_Manual,sec_0051,383,5.4-parent_child,PASS,,"parent_section_id is sec_0042 (p265-396), which contains p377-396. child_sections is empty. Neighbours: sec_0050 (p361-376) before and sec_0052 (p397-426) after. On p383 the heading 'Noise in B Mode' (#/texts/4090) is a plain heading in this section.",
LOGIQ_e_R9_General_Service_Manual,sec_0051,383,5.4-page_start_end,FAIL,Low,sec_0051 spans p377-396. p377 opens with the title 'Troubleshooting' and p396 is blank apart from header and folio. But heading #/texts/4297 'Chapter 8' is on p397 and is owned by sec_0051. On the p397 render it is only the chapter-number label above the title of sec_0052. No body content crosses. p383 (printed 7-119) shows 'Noise in B Mode' and Figure 7-97 and is correct.,"Only a chapter-number label crosses the boundary, so Low (contract: only boilerplate crosses). Cause: BUG-022. verify_claims reports SEVERITY (expects Medium because the node 'Chapter 8' is past page_end); I justify Low here for the reason below. I keep Low because the page_end 396 is right and no content is lost. Impact: sec_0052 loses its 'Chapter 8' label."
LOGIQ_e_R9_General_Service_Manual,sec_0051,383,5.4-hierarchy_path,PASS,,hierarchy_path '/Diagnostics/Troubleshooting/Troubleshooting' matches the running header 'Diagnostics/Troubleshooting' on the even pages and the section title 'Troubleshooting' on p377.,
LOGIQ_e_R9_General_Service_Manual,sec_0051,383,5.4-gaps_duplicates,PASS,,"No gap and no overlap for sec_0051: sec_0050 ends p376, this section covers p377-396 and sec_0052 starts p397. Its own nodes (#/texts/3971 to #/texts/4296 and #/tables/107) appear once. The stray label 'Chapter 8' is recorded under page_start_end here and under sec_0052.",
LOGIQ_e_R9_General_Service_Manual,sec_0051,383,5.4-flagged_for_review,PASS,,"flagged_for_review is false. The content on p383 and on p377 matches the title, so there is no sign of doubt.",
LOGIQ_e_R9_General_Service_Manual,sec_0051,383,5.4-structural_source,PASS,,"structural_source is toc. The title 'Troubleshooting' is the page heading on p377, so the TOC source is supported.",
LOGIQ_e_R9_General_Service_Manual,sec_0051,383,5.6-numbering_scheme,PASS,,"The printed folio on p383 is 7-119 and p377 is 7-113, so the label moves one per page. numbering_scheme 'arabic' with chapter-page labels is consistent.",
LOGIQ_e_R9_General_Service_Manual,sec_0051,383,5.6-offset_applied,PASS,,"offset_applied is 0. Physical p383 carries 7-119 (p377 = 7-113 plus 6), so the offset is the same on all pages checked.",
LOGIQ_e_R9_General_Service_Manual,sec_0051,383,5.6-table_content,PASS,,"sec_0051 has one table node, #/tables/107 on p393 ('Num | Reason' with 3 rows: Battery Broken, Battery is not connect well, Charger block issue). The 3 rows look complete and in order. Sampled p383 has no table.","p393 is not in the batch pages, so I could not compare the table with the render. The p393 text 'LCD does not work ...' is kept as paragraphs and may be a second table, which the lead may want to check. Confidence is low for that reason."
LOGIQ_e_R9_General_Service_Manual,sec_0051,383,5.5-filters_discarding,PASS,,Figure 7-97 'Noise in B Mode' on p383 is kept as img_0313 (flowchart from 'Noise is shown in B Mode.' to END). All boxes and arrows are inside the crop. Nothing is missing.,
LOGIQ_e_R9_General_Service_Manual,sec_0051,383,5.5-filters_passing_noise,FAIL,Low,"The bottom of img_0313 (p383, 956x1469) holds the top slice of the caption 'Figure 7-97. Noise in B Mode'. The text is cut in half. It is extra text inside the crop. The rest of the crop is the flowchart.",Low per the agreed rule (extra text in a crop). Probably the crop box is a little too tall (BUG-010 vector crop). The caption is also kept as text in #/texts/4091.
LOGIQ_e_R9_General_Service_Manual,sec_0051,383,5.5-image_section_mapping,PASS,,img_0313 (p383) is mapped to sec_0051 and sits under the heading 'Noise in B Mode' (#/texts/4090) of this section. The figure number 7-97 matches the caption #/texts/4091.,
LOGIQ_e_R9_General_Service_Manual,sec_0052,397,5.4-hierarchy_level,PASS,,hierarchy_level 1 fits: p397 is the chapter title page 'Chapter 8 / Replacement Procedures' (#/texts/4298 heading) and the section has seven child sections.,
LOGIQ_e_R9_General_Service_Manual,sec_0052,397,5.4-parent_child,PASS,,"parent_section_id is empty, correct for a chapter. child_sections lists sec_0053 to sec_0059 (Overview, ..., Used Media and Used Parts Disposal), which start at p398 to p425 inside p397-426. Neighbours: sec_0051 before and sec_0053 after.",
LOGIQ_e_R9_General_Service_Manual,sec_0052,397,5.4-page_start_end,PASS,,"sec_0052 is declared p397-426. p397 shows the chapter title 'Replacement Procedures' (#/texts/4298) and the intro (#/texts/4299), both kept here. The chapter ends on blank p426 (folio 8-30). sec_0053 starts on p398 (next_section).",
LOGIQ_e_R9_General_Service_Manual,sec_0052,397,5.4-hierarchy_path,PASS,,hierarchy_path '/Replacement Procedures' fits a top-level chapter. The p397 title is 'Replacement Procedures'.,
LOGIQ_e_R9_General_Service_Manual,sec_0052,397,5.4-gaps_duplicates,PASS,,"No gap and no overlap with the neighbours. The title and the intro are in sec_0052 once. p397 shows 'Chapter 8' above the title, but that label (#/texts/4297) is not in sec_0052.","The missing 'Chapter 8' label is graded once, on the receiver sec_0051 (Low, BUG-022). The render of p397 agrees with the lead correction."
LOGIQ_e_R9_General_Service_Manual,sec_0052,397,5.4-flagged_for_review,PASS,,flagged_for_review is false. The chapter title page is simple and the content matches the title.,
LOGIQ_e_R9_General_Service_Manual,sec_0052,397,5.4-structural_source,PASS,,"structural_source is toc. The bookmark title 'Replacement Procedures' is the heading on p397, so the source is supported.",
LOGIQ_e_R9_General_Service_Manual,sec_0052,397,5.6-numbering_scheme,PASS,,"The folio on p397 is 8-1, the first page of chapter 8. Chapter-page labels (8-1) with scheme 'arabic' are consistent with the rest of the manual.",
LOGIQ_e_R9_General_Service_Manual,sec_0052,397,5.6-offset_applied,PASS,,"offset_applied is 0. Physical p397 is label 8-1, and p402 is 8-6 (397 plus 5), so the offset is constant.",
LOGIQ_e_R9_General_Service_Manual,sec_0052,397,5.5-filters_discarding,PASS,,"p397 has only the chapter title and an italic intro. There is no figure, icon or photo to extract, and none is lost.",
LOGIQ_e_R9_General_Service_Manual,sec_0052,397,5.5-filters_passing_noise,PASS,,"images.json lists no image for sec_0052. No decorative item (line, logo) is kept as an image on p397.",
LOGIQ_e_R9_General_Service_Manual,sec_0052,397,5.5-image_section_mapping,PASS,,"No image is mapped to sec_0052 and the p397 render has no figure, so the empty mapping is correct.",
LOGIQ_e_R9_General_Service_Manual,sec_0056,404,5.4-hierarchy_level,PASS,,"hierarchy_level 2 fits: 'Loading the software' is a section under chapter 8 'Replacement Procedures' (sec_0052) and has no children. p404 shows 'Recording important settings and parameters' (#/texts/4397), 'Overview' and a CAUTION note",
LOGIQ_e_R9_General_Service_Manual,sec_0056,404,5.4-parent_child,PASS,,"parent_section_id is sec_0052 (p397-426), which contains p402-417. child_sections is empty. Neighbours: sec_0055 (p401) before and sec_0057 (p418) after.",
LOGIQ_e_R9_General_Service_Manual,sec_0056,404,5.4-page_start_end,PASS,,"sec_0056 is declared p402-417. It starts on p402 with the title 'Loading the software' (#/texts/4377) and ends on p417 with 'Reinstall DICOM Devices' and folio 8-21. p404 shows 'Recording important settings and parameters' (#/texts/4397), 'Overview' and a CAUTION note and all of it belongs here. sec_0057 starts on p418.",
LOGIQ_e_R9_General_Service_Manual,sec_0056,404,5.4-hierarchy_path,PASS,,hierarchy_path '/Replacement Procedures/Loading the software' matches the running header 'Replacement Procedures' and the section title.,
LOGIQ_e_R9_General_Service_Manual,sec_0056,404,5.4-gaps_duplicates,PASS,,"No gap and no overlap: sec_0055 ends p401, sec_0056 covers p402-417 and sec_0057 starts p418. The nodes #/texts/4356 to #/texts/4528 appear once, only here.",
LOGIQ_e_R9_General_Service_Manual,sec_0056,404,5.4-flagged_for_review,PASS,,"flagged_for_review is false. The content on p402 to p417 matches the title, so no doubt is shown.",
LOGIQ_e_R9_General_Service_Manual,sec_0056,404,5.4-structural_source,PASS,,"structural_source is toc. The title 'Loading the software' is the heading on p402, so the source is supported.",
LOGIQ_e_R9_General_Service_Manual,sec_0056,404,5.6-numbering_scheme,PASS,,The printed folio on p404 is 8-8. Chapter-page labels (8-n) with scheme 'arabic' are consistent over the section.,
LOGIQ_e_R9_General_Service_Manual,sec_0056,404,5.6-offset_applied,PASS,,offset_applied is 0. Physical p404 carries 8-8 (p397 = 8-1 plus 7). The offset is constant.,
LOGIQ_e_R9_General_Service_Manual,sec_0056,404,5.5-filters_discarding,PASS,,"p404 has the CAUTION text (#/texts/4399-4402) and no figure. The yellow CAUTION triangle beside it is not extracted. It is a decorative warning icon and the CAUTION text stays as text, so this is noise.","The CAUTION triangle is decorative by the agreed rule, so PASS. verify_claims flags a small raster (137x118 px) dropped on this page; this is that triangle, so I justify PASS here."
LOGIQ_e_R9_General_Service_Manual,sec_0056,404,5.5-filters_passing_noise,PASS,,"No image is kept for p404, so no decorative item is kept as an image.",
LOGIQ_e_R9_General_Service_Manual,sec_0056,404,5.5-image_section_mapping,PASS,,"No image is mapped to sec_0056 on p404, and the render shows no figure. Figures 8-1 to 8-14 start on p406 and are mapped to this section.",
LOGIQ_e_R9_General_Service_Manual,sec_0058,419,5.4-hierarchy_level,PASS,,hierarchy_level 2 fits: 'CRU Replacement' (#/texts/4548) is a section under chapter 8 (sec_0052). Its subsections '3PP Replacement' and 'Big Battery Replacement' are headings inside it.,
LOGIQ_e_R9_General_Service_Manual,sec_0058,419,5.4-parent_child,PASS,,"parent_section_id is sec_0052 (p397-426), which contains p419-424. child_sections is empty. Neighbours: sec_0057 (p418) before and sec_0059 (p425-426) after.",
LOGIQ_e_R9_General_Service_Manual,sec_0058,419,5.4-page_start_end,PASS,,sec_0058 is declared p419-424. p419 shows the title 'CRU Replacement' and the contents list (#/texts/4542-4549). The last page p424 ends with 'Remove the Big Battery in the reverse order of install.' and folio 8-28. Next section sec_0059 starts on p425.,
LOGIQ_e_R9_General_Service_Manual,sec_0058,419,5.4-hierarchy_path,PASS,,hierarchy_path '/Replacement Procedures/CRU Replacement' matches the running header 'CRU Replacement' on p419 and the chapter running header on p424.,
LOGIQ_e_R9_General_Service_Manual,sec_0058,419,5.4-gaps_duplicates,PASS,,"No gap and no overlap: sec_0057 ends p418, sec_0058 covers p419-424 and sec_0059 starts p425. Its tables #/tables/108-111 appear once.",
LOGIQ_e_R9_General_Service_Manual,sec_0058,419,5.4-flagged_for_review,PASS,,flagged_for_review is false. The title and contents list on p419 match the section.,
LOGIQ_e_R9_General_Service_Manual,sec_0058,419,5.4-structural_source,PASS,,"structural_source is toc. The title 'CRU Replacement' is the heading on p419, so the source is supported.",
LOGIQ_e_R9_General_Service_Manual,sec_0058,419,5.6-numbering_scheme,PASS,,The folio on p419 is 8-23 and on p424 is 8-28. Chapter-page labels with scheme 'arabic' are consistent.,
LOGIQ_e_R9_General_Service_Manual,sec_0058,419,5.6-offset_applied,PASS,,"offset_applied is 0. Physical p419 is label 8-23 and p424 is 8-28 (419 plus 5), so the offset is constant.",
LOGIQ_e_R9_General_Service_Manual,sec_0058,419,5.6-table_content,FAIL,Low,"p424 Table 8-6 (#/tables/111) matches the render: header No., Steps, Corresponding Graphic and 3 steps. Tables 8-1, 8-2 and 8-5 (#/tables/108-110) have the same form. But Table 8-3 (p421) and Table 8-4 (p422) are not table nodes. Their cells are loose paragraphs (#/texts/4561-4566 and #/texts/4572-4576): 'No.', 'Steps', 'Corresponding Graphic', '1. Release the lock.', and so on. The text and the reading order are kept, and each step keeps its own number. Only the table form is gone.","Low: no text is dropped and the reading order is kept. Probably BUG-021 (table not detected). p421-422 are not in the batch pages, so this is judged from node types and captions only. Same result as v1.13."
LOGIQ_e_R9_General_Service_Manual,sec_0058,419,5.5-filters_discarding,PASS,,"p419 is a title and contents page with no figure. On p424 both photos of Table 8-6 are kept (img_0352 and img_0353) and match the render. The photos on p420 to p423 are not in the batch pages, so I did not compare them.",
LOGIQ_e_R9_General_Service_Manual,sec_0058,419,5.5-filters_passing_noise,PASS,,No image is kept for p419. The two images on p424 are the real photos (button arrow and battery tray). No decorative item is kept as an image.,
LOGIQ_e_R9_General_Service_Manual,sec_0058,419,5.5-image_section_mapping,PASS,,"No image is mapped to p419, which has no figure. The 12 images of sec_0058 (p420-424) are mapped to this section, and p424 img_0352 and img_0353 sit in the Table 8-6 rows of this section.",
LOGIQ_e_R9_General_Service_Manual,sec_0059,426,5.4-hierarchy_level,PASS,,hierarchy_level 2 fits: 'Used Media and Used Parts Disposal' is a section under chapter 8 (sec_0052). The title wraps over two lines on p425 and is kept as two heading nodes (#/texts/4594 and #/texts/4595).,
LOGIQ_e_R9_General_Service_Manual,sec_0059,426,5.4-parent_child,PASS,,"parent_section_id is sec_0052 (p397-426), which contains p425-426. child_sections is empty. Neighbours: sec_0058 (p419-424) before and sec_0060 (p427-444) after.",
LOGIQ_e_R9_General_Service_Manual,sec_0059,426,5.4-page_start_end,PASS,,"sec_0059 is declared p425-426. p425 opens with the title and the WARNING, bin symbol and two numbered steps (#/texts/4592-4599). p426 is blank except for the running header and folio 8-30 (#/texts/4601-4602). sec_0060 starts on p427 with 'Chapter 9'.",
LOGIQ_e_R9_General_Service_Manual,sec_0059,426,5.4-hierarchy_path,PASS,,hierarchy_path '/Replacement Procedures/Used Media and Used Parts Disposal' matches the running header on p425 and p426.,
LOGIQ_e_R9_General_Service_Manual,sec_0059,426,5.4-gaps_duplicates,PASS,,"No gap and no overlap: sec_0058 ends p424, sec_0059 covers p425-426 and sec_0060 starts p427. Nodes #/texts/4592 to #/texts/4602 appear once.",
LOGIQ_e_R9_General_Service_Manual,sec_0059,426,5.4-flagged_for_review,PASS,,flagged_for_review is false. The two-page content matches the title.,
LOGIQ_e_R9_General_Service_Manual,sec_0059,426,5.4-structural_source,PASS,,"structural_source is toc. The title 'Used Media and Used Parts Disposal' is the heading on p425, so the source is supported.",
LOGIQ_e_R9_General_Service_Manual,sec_0059,426,5.6-numbering_scheme,PASS,,The folio on p426 is 8-30 and on p425 is 8-29. Chapter-page labels with scheme 'arabic' are consistent.,
LOGIQ_e_R9_General_Service_Manual,sec_0059,426,5.6-offset_applied,PASS,,"offset_applied is 0. Physical p426 is label 8-30 (p397 = 8-1 plus 29), the same offset as the rest of the chapter.",
LOGIQ_e_R9_General_Service_Manual,sec_0059,426,5.5-filters_discarding,PASS,,"On p425 (page of sec_0059) the crossed-out bin symbol is kept as img_0354. The yellow WARNING triangle beside #/texts/4593 is not extracted. It is a decorative warning icon and the WARNING text stays as text, so this is noise. p426 itself is blank.","The WARNING triangle is decorative by the agreed rule, so PASS."
LOGIQ_e_R9_General_Service_Manual,sec_0059,426,5.5-filters_passing_noise,PASS,,"img_0354 is the bin symbol only, with no text or border noise. p426 has no image. Nothing decorative is kept.",
LOGIQ_e_R9_General_Service_Manual,sec_0059,426,5.5-image_section_mapping,PASS,,img_0354 (p425) is mapped to sec_0059 and it is the bin symbol beside 'Please contact the manufacturer ...' in this section. p426 has no figure.,
LOGIQ_e_R9_General_Service_Manual,sec_0060,427,5.4-hierarchy_level,PASS,,hierarchy_level 1 fits: p427 is the chapter title page 'Chapter 9 Renewal Parts' (#/texts/4603 heading) and the section has three child sections.,
LOGIQ_e_R9_General_Service_Manual,sec_0060,427,5.4-parent_child,PASS,,"parent_section_id is empty, correct for a chapter. child_sections lists sec_0061, sec_0062 and sec_0063, which start at p428, p429 and p430 inside p427-444. Neighbours: sec_0059 before and sec_0061 after.",
LOGIQ_e_R9_General_Service_Manual,sec_0060,427,5.4-page_start_end,PASS,,"sec_0060 is declared p427-444. p427 shows 'Chapter 9 Renewal Parts' (#/texts/4603), the intro (#/texts/4604) and folio 9-1, all kept here, including the chapter label. The chapter ends on p444 (Table 9-6, folio 9-18) and sec_0064 starts on p445.",
LOGIQ_e_R9_General_Service_Manual,sec_0060,427,5.4-hierarchy_path,PASS,,hierarchy_path '/Renewal Parts' fits a top-level chapter. The p427 title is 'Renewal Parts'.,
LOGIQ_e_R9_General_Service_Manual,sec_0060,427,5.4-gaps_duplicates,PASS,,"No gap and no overlap: sec_0059 ends p426 and sec_0060 covers p427-444, with its children inside. The chapter label 'Chapter 9' is kept once here.",
LOGIQ_e_R9_General_Service_Manual,sec_0060,427,5.4-flagged_for_review,PASS,,flagged_for_review is false. The chapter page content matches the title.,
LOGIQ_e_R9_General_Service_Manual,sec_0060,427,5.4-structural_source,PASS,,"structural_source is toc. The bookmark title 'Renewal Parts' is the heading on p427, so the source is supported.",
LOGIQ_e_R9_General_Service_Manual,sec_0060,427,5.6-numbering_scheme,PASS,,"The folio on p427 is 9-1, the first page of chapter 9. Chapter-page labels with scheme 'arabic' are consistent.",
LOGIQ_e_R9_General_Service_Manual,sec_0060,427,5.6-offset_applied,PASS,,"offset_applied is 0. Physical p427 is label 9-1 and p444 is 9-18 (427 plus 17), so the offset is constant.",
LOGIQ_e_R9_General_Service_Manual,sec_0060,427,5.5-filters_discarding,PASS,,"p427 has only the chapter title and the intro text. There is no figure or icon to extract, and none is lost.",
LOGIQ_e_R9_General_Service_Manual,sec_0060,427,5.5-filters_passing_noise,PASS,,"images.json lists no image for sec_0060. No decorative item (rule, logo) is kept as an image on p427.",
LOGIQ_e_R9_General_Service_Manual,sec_0060,427,5.5-image_section_mapping,PASS,,"No image is mapped to sec_0060 and the p427 render has no figure, so the empty mapping is correct.",
LOGIQ_e_R9_General_Service_Manual,sec_0063,436,5.4-hierarchy_level,PASS,,hierarchy_level 2 fits: 'Renewal Parts Lists' (#/texts/4626) is a section under chapter 9 'Renewal Parts' (sec_0060) and has no children. p436 shows 'Accessories and Kits' and Table 9-4,
LOGIQ_e_R9_General_Service_Manual,sec_0063,436,5.4-parent_child,PASS,,"parent_section_id is sec_0060 (p427-444), which contains p430-444. child_sections is empty. Neighbours: sec_0062 (p429) before and sec_0064 (p445-496) after.",
LOGIQ_e_R9_General_Service_Manual,sec_0063,436,5.4-page_start_end,PASS,,sec_0063 is declared p430-444. It starts on p430 with the title 'Renewal Parts Lists' and ends on p444 with the end of Table 9-6 (item 73) and folio 9-18. p436 shows 'Accessories and Kits' and Table 9-4 and it belongs here. sec_0064 starts on p445.,
LOGIQ_e_R9_General_Service_Manual,sec_0063,436,5.4-hierarchy_path,PASS,,hierarchy_path '/Renewal Parts/Renewal Parts Lists' matches the running headers 'Renewal Parts' and 'Renewal Parts Lists'.,
LOGIQ_e_R9_General_Service_Manual,sec_0063,436,5.4-gaps_duplicates,PASS,,"No gap and no overlap: sec_0062 ends p429, sec_0063 covers p430-444 and sec_0064 starts p445. Tables #/tables/113-125 appear once, only here, and no table is repeated.",
LOGIQ_e_R9_General_Service_Manual,sec_0063,436,5.4-flagged_for_review,PASS,,flagged_for_review is false. The content on p430 to p444 matches the title.,
LOGIQ_e_R9_General_Service_Manual,sec_0063,436,5.4-structural_source,PASS,,"structural_source is toc. The title 'Renewal Parts Lists' is the heading on p430, so the source is supported.",
LOGIQ_e_R9_General_Service_Manual,sec_0063,436,5.6-numbering_scheme,PASS,,The printed folio on p436 is 9-10. Chapter-page labels (9-n) with scheme 'arabic' are consistent over the section.,
LOGIQ_e_R9_General_Service_Manual,sec_0063,436,5.6-offset_applied,PASS,,offset_applied is 0. Physical p436 carries 9-10 (p427 = 9-1 plus 9). The offset is constant.,
LOGIQ_e_R9_General_Service_Manual,sec_0063,436,5.6-table_content,PASS,,"Table 9-4 on p436 (#/tables/117) matches the render cell by cell. Header: Item, Part Number, Part Name, Replaced By, Corresponding graphic, Qty. Rows: 1 5144997-S Cable kits; 4 5945123-S Battery Pack CRU; 5 5933812-S ACDC Adapter CRU; 6 5932775-S LOGO Kits; 7 5936428-S KBD film kit CRU; Qty 1 each. All 5 rows are present and the empty Replaced By cells are correct. The Table 9-5 defect is recorded once, on the p443 row.",BUG-008 is not seen on this table.
LOGIQ_e_R9_General_Service_Manual,sec_0063,436,5.5-filters_discarding,PASS,,"The four photos on p436 (cable kit, battery pack, ACDC adapter, logo kit) are kept as img_0365 to img_0368. Row 7 (KBD film kit) has no photo in the render, so none is missing. The photos on p437-p441 and p432-p435 are not in the batch pages, so I did not compare them.",
LOGIQ_e_R9_General_Service_Manual,sec_0063,436,5.5-filters_passing_noise,PASS,,"The four images on p436 are the real product photos in the Corresponding graphic column. No frame, rule or text is kept as an image.",
LOGIQ_e_R9_General_Service_Manual,sec_0063,436,5.5-image_section_mapping,PASS,,"img_0365 to img_0368 (p436) are mapped to sec_0063 and match the rows of Table 9-4 in this section, in order. The 31 images of sec_0063 from p432 to p441 stay in this section.",
LOGIQ_e_R9_General_Service_Manual,sec_0064,445,5.4-hierarchy_level,PASS,,On p445 'Chapter 10 Care and Maintenance' is a chapter title. sec_0064 has hierarchy_level 1. This is correct.,
LOGIQ_e_R9_General_Service_Manual,sec_0064,445,5.4-parent_child,PASS,,sec_0064 has parent_section_id null. Its 11 child_sections (sec_0065 to sec_0075) cover p446-496 with no gap.,
LOGIQ_e_R9_General_Service_Manual,sec_0064,445,5.4-page_start_end,PASS,,"p445 shows the chapter title and one intro paragraph. Nodes #/texts/4676 to 4678 are the heading, the intro and the footer. No sibling text was absorbed. page_end 496 covers the children, as expected for a parent.",
LOGIQ_e_R9_General_Service_Manual,sec_0064,445,5.4-hierarchy_path,PASS,,hierarchy_path '/Care and Maintenance' matches the chapter title on p445 at top level.,
LOGIQ_e_R9_General_Service_Manual,sec_0064,445,5.4-gaps_duplicates,PASS,,"sec_0064 appears once. Children ranges 446, 447-456, 457, 458-459, 460-461, 462-465, 466-477, 478-489, 490-491, 492-493, 494-496 follow each other. The next chapter sec_0076 starts at p497.",
LOGIQ_e_R9_General_Service_Manual,sec_0064,445,5.4-flagged_for_review,PASS,,"flagged_for_review is false and verification_score is 100. Title and page match the render, so the flag state is right.",
LOGIQ_e_R9_General_Service_Manual,sec_0064,445,5.4-structural_source,PASS,,"structural_source is toc. The title is printed on p445, the declared page, so the bookmark is supported.",
LOGIQ_e_R9_General_Service_Manual,sec_0064,445,5.6-numbering_scheme,PASS,,The page is printed '10-1' (chapter-page folio). Scheme arabic is acceptable here.,
LOGIQ_e_R9_General_Service_Manual,sec_0064,445,5.6-offset_applied,PASS,,offset_applied is 0 and node page_no 445 is the physical page. Neighbours also use offset 0.,
LOGIQ_e_R9_General_Service_Manual,sec_0064,445,5.5-filters_discarding,PASS,,p445 has only text. No figure or screenshot is visible and none was extracted. Nothing was lost.,
LOGIQ_e_R9_General_Service_Manual,sec_0064,445,5.5-filters_passing_noise,PASS,,No images were extracted for sec_0064. The blue top rule is not kept as an image.,
LOGIQ_e_R9_General_Service_Manual,sec_0064,445,5.5-image_section_mapping,PASS,,No visible image on p445 and none mapped to sec_0064. This is correct.,
LOGIQ_e_R9_General_Service_Manual,sec_0066,452,5.4-hierarchy_level,PASS,,"sec_0066 'Protecting Health Information' is level 2 under the chapter sec_0064, as in the bookmarks. p452 shows steps 8 and 9 of 'Software Wiping to Erase Patient Data (continued)', two notes, and Figures 10-8 and 10-9.",
LOGIQ_e_R9_General_Service_Manual,sec_0066,452,5.4-parent_child,PASS,,parent_section_id is sec_0064 and child_sections is empty. sec_0064 lists sec_0066 as a child. This is coherent.,
LOGIQ_e_R9_General_Service_Manual,sec_0066,452,5.4-page_start_end,PASS,,"The section starts on p447 with the heading and ends on p456 with 'Logon' and Table 10-2. Nodes on p447-456 (#/texts/4695 to 4791) all belong here. Warnings (sec_0067) starts on p457. p452 shows steps 8 and 9 of 'Software Wiping to Erase Patient Data (continued)', two notes, and Figures 10-8 and 10-9.",
LOGIQ_e_R9_General_Service_Manual,sec_0066,452,5.4-hierarchy_path,PASS,,hierarchy_path '/Care and Maintenance/Protecting Health Information' matches the running header ('Protecting Health Information') and the chapter.,
LOGIQ_e_R9_General_Service_Manual,sec_0066,452,5.4-gaps_duplicates,PASS,,"sec_0065 ends on p446 and sec_0067 starts on p457, so sec_0066 (p447-456) has no gap or overlap. Its text is not repeated in a neighbour.",
LOGIQ_e_R9_General_Service_Manual,sec_0066,452,5.4-flagged_for_review,PASS,,"flagged_for_review is false and verification_score is 100. The title is on p447, so no problem.",
LOGIQ_e_R9_General_Service_Manual,sec_0066,452,5.4-structural_source,PASS,,"structural_source is toc. The heading is printed on p447, as declared.",
LOGIQ_e_R9_General_Service_Manual,sec_0066,452,5.6-numbering_scheme,PASS,,Pages are printed as '10-8' and '10-11' (chapter-page). Scheme arabic is acceptable.,
LOGIQ_e_R9_General_Service_Manual,sec_0066,452,5.6-offset_applied,PASS,,"offset_applied is 0. Node page_no equals the physical page (452 is printed 10-8, 455 is printed 10-11). The offset is constant across the chapter.",
LOGIQ_e_R9_General_Service_Manual,sec_0066,452,5.6-table_content,PASS,,"No table is printed on p452. The two tables of this section are Table 10-1 on p454 (#/tables/126) and Table 10-2 on p456 (#/tables/127). Table 10-2 matches p456: rows Auto Logon and Common Network Login are complete, with no duplicated text.","The p454 render is not in this batch, so Table 10-1 was not compared to the page. Probably fine, but unchecked."
LOGIQ_e_R9_General_Service_Manual,sec_0066,452,5.5-filters_discarding,PASS,,"p452 has two screenshots, Figure 10-8 and Figure 10-9. Both were extracted as img_0393 and img_0394 and show the full dialog and the Secure Wipe screen. Nothing is cut.",
LOGIQ_e_R9_General_Service_Manual,sec_0066,452,5.5-filters_passing_noise,PASS,,"img_0393 and img_0394 are the two real screenshots. No logo, rule or icon is kept as an image on p452.",
LOGIQ_e_R9_General_Service_Manual,sec_0066,452,5.5-image_section_mapping,PASS,,"img_0393 and img_0394 are on p452 under 'Software Wiping to Erase Patient Data (continued)'. They are mapped to sec_0066, which owns p447-456. This is correct.",
LOGIQ_e_R9_General_Service_Manual,sec_0069,460,5.4-hierarchy_level,PASS,,"'Maintenance task schedule' is a level 2 title under the chapter, as in the bookmarks. It is printed as a section title on p460.",
LOGIQ_e_R9_General_Service_Manual,sec_0069,460,5.4-parent_child,PASS,,parent_section_id is sec_0064 and child_sections is empty. sec_0064 lists sec_0069. This is coherent.,
LOGIQ_e_R9_General_Service_Manual,sec_0069,460,5.4-page_start_end,PASS,,The section starts on p460 with the title and ends on p461 with the two NOTE lines after Table 10-3. Nodes #/texts/4819 to 4833 and #/tables/128 and 129 all belong here. 'Why do maintenance' (sec_0068) ends on p459 and 'Tools required' starts on p462.,
LOGIQ_e_R9_General_Service_Manual,sec_0069,460,5.4-hierarchy_path,PASS,,hierarchy_path '/Care and Maintenance/Maintenance task schedule' matches the chapter and the title on p460.,
LOGIQ_e_R9_General_Service_Manual,sec_0069,460,5.4-gaps_duplicates,PASS,,"Ranges p458-459 (sec_0068), p460-461 (sec_0069) and p462-465 (sec_0070) follow each other. Table 10-3 appears once in each part: #/tables/128 on p460 and #/tables/129 on p461.",
LOGIQ_e_R9_General_Service_Manual,sec_0069,460,5.4-flagged_for_review,PASS,,flagged_for_review is false and verification_score is 100. Title and page match the render.,
LOGIQ_e_R9_General_Service_Manual,sec_0069,460,5.4-structural_source,PASS,,structural_source is toc. The title is printed at the top of p460.,
LOGIQ_e_R9_General_Service_Manual,sec_0069,460,5.6-numbering_scheme,PASS,,"p460 is printed '10-16'. Chapter-page folio, scheme arabic is acceptable.",
LOGIQ_e_R9_General_Service_Manual,sec_0069,460,5.6-offset_applied,PASS,,offset_applied is 0. page_no 460 is the physical page and equals printed 10-16. It is consistent with neighbours.,
LOGIQ_e_R9_General_Service_Manual,sec_0069,460,5.6-table_content,PASS,,"Table 10-3 part 1 (#/tables/128) has the 6 header columns and 5 rows (Clean Probes with '•*' and '* or before each use', Inspect AC Mains Cable, Inspect Cables and Connectors, Clean Console, Clean LCD). It matches p460 in text and columns. Part 2 (#/tables/129, p461) has 7 rows and also matches. No row is lost or repeated.",BUG-030 not seen here. The cell text 'Quarterly Annually' is printed like that in the manual.
LOGIQ_e_R9_General_Service_Manual,sec_0069,460,5.5-filters_discarding,PASS,,p460 and p461 have no figure. The tables are text only. Nothing meaningful was lost and none was extracted.,
LOGIQ_e_R9_General_Service_Manual,sec_0069,460,5.5-filters_passing_noise,PASS,,No image is extracted for sec_0069. No rule or logo is kept.,
LOGIQ_e_R9_General_Service_Manual,sec_0069,460,5.5-image_section_mapping,PASS,,No visible image on p460 and none mapped. This is correct.,
LOGIQ_e_R9_General_Service_Manual,sec_0071,467,5.4-hierarchy_level,PASS,,"'System maintenance' is a level 2 title under the chapter, as in the bookmarks. Its title is printed on p466.",
LOGIQ_e_R9_General_Service_Manual,sec_0071,467,5.4-parent_child,PASS,,parent_section_id is sec_0064 and child_sections is empty. sec_0064 lists sec_0071. This is coherent. Sub-titles such as 'Preliminary checks' stay inside this section.,
LOGIQ_e_R9_General_Service_Manual,sec_0071,467,5.4-page_start_end,PASS,,The section starts on p466 and ends on p477 with Figure 10-14 caption and two NOTE lines. Nodes #/texts/4854 to 4988 and #/tables/135 to 143 belong here. 'Tools required' ends on p465 and 'Electrical safety tests' starts on p478. p467 holds only the second part of Table 10-7 (steps 5 to 10).,
LOGIQ_e_R9_General_Service_Manual,sec_0071,467,5.4-hierarchy_path,PASS,,hierarchy_path '/Care and Maintenance/System maintenance' matches the chapter and the title on p466.,
LOGIQ_e_R9_General_Service_Manual,sec_0071,467,5.4-gaps_duplicates,PASS,,"Ranges p462-465, p466-477 and p478-489 follow each other. The tables 10-7 to 10-13 each appear once (#/tables/135 to 143). No duplicated block was found.",
LOGIQ_e_R9_General_Service_Manual,sec_0071,467,5.4-flagged_for_review,PASS,,flagged_for_review is false and verification_score is 100. Title and page match the render.,
LOGIQ_e_R9_General_Service_Manual,sec_0071,467,5.4-structural_source,PASS,,"structural_source is toc. The title is printed at the top of p466, as declared.",
LOGIQ_e_R9_General_Service_Manual,sec_0071,467,5.6-numbering_scheme,PASS,,Pages are printed as '10-22' to '10-33' (chapter-page). Scheme arabic is acceptable.,
LOGIQ_e_R9_General_Service_Manual,sec_0071,467,5.6-offset_applied,PASS,,offset_applied is 0. page_no 466 is printed 10-22 and 477 is printed 10-33. The shift is constant.,
LOGIQ_e_R9_General_Service_Manual,sec_0071,467,5.6-table_content,PASS,,"Table 10-7 part 2 (#/tables/136, p467) has header Step | Item | Description and rows 5 to 10 (Displays, InSite, Review Error Logs, Diagnostics, Presets, Image Archive). It matches the render, including the two bullets in row 6. No line is lost or repeated. Part 1 (#/tables/135, p466) has steps 1 to 4 and also matches.",
LOGIQ_e_R9_General_Service_Manual,sec_0071,467,5.5-filters_discarding,PASS,,p467 has only a table. No figure or screenshot is visible and none was extracted. Nothing was lost.,
LOGIQ_e_R9_General_Service_Manual,sec_0071,467,5.5-filters_passing_noise,PASS,,"No image is extracted from p467. No icon, rule or logo is kept.",
LOGIQ_e_R9_General_Service_Manual,sec_0071,467,5.5-image_section_mapping,PASS,,No visible image on p467 and none mapped. The section's images (img_0397 to img_0399) are on p474-476. This is correct.,
LOGIQ_e_R9_General_Service_Manual,sec_0072,481,5.4-hierarchy_level,PASS,,"'Electrical safety tests' is a level 2 title under the chapter, as in the bookmarks. The title is printed on p478.",
LOGIQ_e_R9_General_Service_Manual,sec_0072,481,5.4-parent_child,PASS,,parent_section_id is sec_0064 and child_sections is empty. sec_0064 lists sec_0072. This is coherent.,
LOGIQ_e_R9_General_Service_Manual,sec_0072,481,5.4-page_start_end,PASS,,"The section starts on p478 and ends on p489 with 'Data Sheet for Transducer Source Leakage Current' and Table 10-19. Nodes #/texts/4989 to 5141 and #/tables/144 to 149 belong here. sec_0071 ends on p477 and sec_0073 starts on p490. p481 has 'Leakage current limits', a WARNING block, a CAUTION block, Table 10-14 and Table 10-15.",
LOGIQ_e_R9_General_Service_Manual,sec_0072,481,5.4-hierarchy_path,PASS,,hierarchy_path '/Care and Maintenance/Electrical safety tests' matches the chapter and the title on p478.,
LOGIQ_e_R9_General_Service_Manual,sec_0072,481,5.4-gaps_duplicates,PASS,,"Ranges p466-477, p478-489 and p490-491 follow each other. Tables 10-14 to 10-19 appear once each (#/tables/144 to 149). No duplicated block was found.",
LOGIQ_e_R9_General_Service_Manual,sec_0072,481,5.4-flagged_for_review,PASS,,flagged_for_review is false and verification_score is 100. Title and page match the render.,
LOGIQ_e_R9_General_Service_Manual,sec_0072,481,5.4-structural_source,PASS,,structural_source is toc. The title is printed at the top of p478.,
LOGIQ_e_R9_General_Service_Manual,sec_0072,481,5.6-numbering_scheme,PASS,,Pages are printed '10-37' and '10-38' (chapter-page). Scheme arabic is acceptable.,
LOGIQ_e_R9_General_Service_Manual,sec_0072,481,5.6-offset_applied,PASS,,offset_applied is 0. page_no 481 is printed 10-37 and 482 is printed 10-38. The shift is constant.,
LOGIQ_e_R9_General_Service_Manual,sec_0072,481,5.6-table_content,PASS,,Table 10-14 (#/tables/144) has 5 columns and 2 data rows (All Except USA & Canada: 0.1/0.5/0.5/0.5 mA; USA & Canada: 0.1/0.3/0.3/0.3 mA). Table 10-15 (#/tables/145) has 6 columns and one row 'All' with 0.1/0.5/0.5/0.5/5.0 mA. Both match p481 under the right columns. No line is lost or repeated.,
LOGIQ_e_R9_General_Service_Manual,sec_0072,481,5.5-filters_discarding,PASS,,"p481 has the Tag & Lockout picture. It was extracted as img_0401 and is complete. The WARNING and CAUTION triangles were not extracted. They are decorative and the words WARNING and CAUTION are kept as text, so this is noise.","verify_claims flags two small dropped rasters (33x28 pt). They are the WARNING and CAUTION triangles beside the text. Per the reviewer rules a decorative icon not extracted is PASS, so the CONTRADICTED signal is justified here."
LOGIQ_e_R9_General_Service_Manual,sec_0072,481,5.5-filters_passing_noise,PASS,,img_0401 is a real picture. The two warning triangles are not kept as images. No rule or logo is kept.,
LOGIQ_e_R9_General_Service_Manual,sec_0072,481,5.5-image_section_mapping,PASS,,img_0401 is on p481 beside the lockout steps and is mapped to sec_0072. This is correct.,
LOGIQ_e_R9_General_Service_Manual,sec_0075,496,5.4-hierarchy_level,PASS,,"'Electrical Safety Tests Log' is a level 2 title under the chapter, as in the bookmarks. It is printed on p494.",
LOGIQ_e_R9_General_Service_Manual,sec_0075,496,5.4-parent_child,PASS,,parent_section_id is sec_0064 and child_sections is empty. sec_0064 lists sec_0075 as its last child. This is coherent.,
LOGIQ_e_R9_General_Service_Manual,sec_0075,496,5.4-page_start_end,PASS,,The section starts on p494 and ends on p496. p496 is a blank page with only the header 'Care and Maintenance' and the footer 10-52 (nodes #/texts/5294 to 5296). No text from sec_0076 (p497) is absorbed.,
LOGIQ_e_R9_General_Service_Manual,sec_0075,496,5.4-hierarchy_path,PASS,,hierarchy_path '/Care and Maintenance/Electrical Safety Tests Log' matches the chapter and the title on p494.,
LOGIQ_e_R9_General_Service_Manual,sec_0075,496,5.4-gaps_duplicates,PASS,,"Range p494-496 follows sec_0074 (p492-493) and ends before sec_0076 (p497). Tables 10-20 and 10-21 appear once each (#/tables/150, 151, 152).",
LOGIQ_e_R9_General_Service_Manual,sec_0075,496,5.4-flagged_for_review,PASS,,flagged_for_review is false and verification_score is 100. Title and page match the render.,
LOGIQ_e_R9_General_Service_Manual,sec_0075,496,5.4-structural_source,PASS,,structural_source is toc. The title is printed at the top of p494.,
LOGIQ_e_R9_General_Service_Manual,sec_0075,496,5.6-numbering_scheme,PASS,,"p496 is printed '10-52'. Chapter-page folio, scheme arabic is acceptable.",
LOGIQ_e_R9_General_Service_Manual,sec_0075,496,5.6-offset_applied,PASS,,offset_applied is 0. page_no 496 is printed 10-52. The shift is constant.,
LOGIQ_e_R9_General_Service_Manual,sec_0075,496,5.6-table_content,PASS,,"p496 is blank and has no table. Table 10-20 part 1 (#/tables/150, p494) matches its render: 5 headers and the 11 test names, with empty cells as printed. Parts on p495 (#/tables/151 and 152) were not rendered in this batch.","Table 152 has only a header row. Probably the printed probe log is empty, but I could not check p495."
LOGIQ_e_R9_General_Service_Manual,sec_0075,496,5.5-filters_discarding,PASS,,p496 is blank apart from the header and footer. No figure is visible and none was extracted.,
LOGIQ_e_R9_General_Service_Manual,sec_0075,496,5.5-filters_passing_noise,PASS,,No image is extracted for sec_0075. The header rule on p496 is not kept as an image.,
LOGIQ_e_R9_General_Service_Manual,sec_0075,496,5.5-image_section_mapping,PASS,,No visible image on p496 and none mapped. This is correct.,
LOGIQ_e_R9_General_Service_Manual,sec_0076,497,5.4-hierarchy_level,PASS,,p497 shows 'Chapter 11 LOGIQ e Cart Setup' as a chapter title. sec_0076 has hierarchy_level 1. This is correct.,
LOGIQ_e_R9_General_Service_Manual,sec_0076,497,5.4-parent_child,PASS,,sec_0076 has parent_section_id null. Its 7 child_sections (sec_0077 to sec_0083) are listed and cover p498-562 with no gap.,
LOGIQ_e_R9_General_Service_Manual,sec_0076,497,5.4-page_start_end,PASS,,"p497 holds the chapter title, one intro paragraph and the footer (#/texts/5297 to 5299). No text from sec_0075 or sec_0077 is absorbed. page_end 562 covers the children, as expected for a parent.",
LOGIQ_e_R9_General_Service_Manual,sec_0076,497,5.4-hierarchy_path,PASS,,hierarchy_path '/LOGIQ e Cart Setup' matches the chapter title on p497 at top level.,
LOGIQ_e_R9_General_Service_Manual,sec_0076,497,5.4-gaps_duplicates,PASS,,"sec_0076 appears once. Children ranges 498-499, 500-527, 528-532, 533, 534-535, 536-545 and 546-562 follow each other. sec_0075 ends on p496.",
LOGIQ_e_R9_General_Service_Manual,sec_0076,497,5.4-flagged_for_review,PASS,,flagged_for_review is false and verification_score is 100. Title and page match the render.,
LOGIQ_e_R9_General_Service_Manual,sec_0076,497,5.4-structural_source,PASS,,"structural_source is toc. The title is printed on p497, the declared page.",
LOGIQ_e_R9_General_Service_Manual,sec_0076,497,5.6-numbering_scheme,PASS,,"p497 is printed '11-1'. Chapter-page folio, scheme arabic is acceptable.",
LOGIQ_e_R9_General_Service_Manual,sec_0076,497,5.6-offset_applied,PASS,,offset_applied is 0 and page_no 497 is the physical page printed 11-1. The shift is constant.,
LOGIQ_e_R9_General_Service_Manual,sec_0076,497,5.5-filters_discarding,PASS,,p497 has only text. No figure is visible and none was extracted. Nothing was lost.,
LOGIQ_e_R9_General_Service_Manual,sec_0076,497,5.5-filters_passing_noise,PASS,,No image is extracted for sec_0076. The blue top rule is not kept as an image.,
LOGIQ_e_R9_General_Service_Manual,sec_0076,497,5.5-image_section_mapping,PASS,,No visible image on p497 and none mapped to sec_0076. This is correct.,
LOGIQ_e_R9_General_Service_Manual,sec_0078,504,5.4-hierarchy_level,PASS,,sec_0078 'Set Up LOGIQ e Cart' has hierarchy_level 2 and parent sec_0076 'LOGIQ e Cart Setup' (level 1). The page header on p504 (printed 11-8) matches that chapter. Level 2 is correct.,
LOGIQ_e_R9_General_Service_Manual,sec_0078,504,5.4-parent_child,PASS,,"Parent sec_0076 'LOGIQ e Cart Setup' is the chapter-level bookmark for p497-562. sec_0078 has no children, and p504 shows no sub-bookmark heading that needs its own section. Parent and child list are correct.",
LOGIQ_e_R9_General_Service_Manual,sec_0078,504,5.4-page_start_end,PASS,,"On p504 the nodes #/texts/5397 to #/texts/5414 show Table 11-3 'Procedure to take out LOGIQ e Cart' (steps 2 to 6 with photos), continued from p503. All of it belongs to 'Set Up LOGIQ e Cart'. The section runs p500-527: it starts at the heading 'Set Up LOGIQ e Cart' on p500 (#/texts/5342) and the next section is sec_0079 'Cart Using' (p528). No neighbour content is absorbed and nothing is lost here.",
LOGIQ_e_R9_General_Service_Manual,sec_0078,504,5.4-hierarchy_path,PASS,,"hierarchy_path '/LOGIQ e Cart Setup/Set Up LOGIQ e Cart' lists the chapter then the section, in order. It matches the bookmark nesting and the page header on p504.",
LOGIQ_e_R9_General_Service_Manual,sec_0078,504,5.4-gaps_duplicates,PASS,,On p504 I compared the rendered page with #/texts/5397 to #/texts/5414. Each printed block appears once and none is missing. Previous section: sec_0077 'Overview' (ends p499); next: sec_0079 'Cart Using' (p528). No overlap or gap at the section edges.,
LOGIQ_e_R9_General_Service_Manual,sec_0078,504,5.4-flagged_for_review,PASS,,"sec_0078 has flagged_for_review false, confidence 1.0 and verification_score 100. I found no uncertainty on p504, so no flag is needed.",
LOGIQ_e_R9_General_Service_Manual,sec_0078,504,5.4-structural_source,PASS,,"structural_source is 'toc'. The title 'Set Up LOGIQ e Cart' is a real bookmark in the PDF, and the heading 'Set Up LOGIQ e Cart' on p500 (#/texts/5342) confirms it. The TOC source is supported.",
LOGIQ_e_R9_General_Service_Manual,sec_0078,504,5.6-numbering_scheme,PASS,,"Printed folios use chapter-page numbers (p504 shows 11-8). They are arabic digits, so numbering_scheme 'arabic' is correct.",
LOGIQ_e_R9_General_Service_Manual,sec_0078,504,5.6-offset_applied,PASS,,"offset_applied is 0. The section heading is found on physical p500, the same page as page_start. Physical p504 prints 11-8, which fits the chapter run (p500 = 11-4). The offset is correct.",
LOGIQ_e_R9_General_Service_Manual,sec_0078,504,5.6-table_content,FAIL,Low,"Table 11-3 continues on p504, but there is no #/tables node. Its text is in plain paragraphs (#/texts/5398 to #/texts/5413). All text is present once, for steps 2 to 6. The header words 'No.', 'Steps' and 'Corresponding Graphic' (#/texts/5411 to #/texts/5413) come after the step rows. Step numbers are glued to the step text, for example '2. Slightly lift up'.","Table not rebuilt as a table, probably a Docling layout miss (the table has photos in cells). Reading order and values are kept, so the impact is low. No BUG-030 recovery involved."
LOGIQ_e_R9_General_Service_Manual,sec_0078,504,5.5-filters_discarding,PASS,,"p504 figures are extracted as img_0413, img_0414 and img_0415 (the photo pairs of steps 2, 3 and 4). Each crop shows the full printed figure and no figure is missing.",
LOGIQ_e_R9_General_Service_Manual,sec_0078,504,5.5-filters_passing_noise,PASS,,"The images kept on p504 (img_0413, img_0414 and img_0415 (the photo pairs of steps 2, 3 and 4)) are all real figures. No logo, rule or divider is kept as an image.",
LOGIQ_e_R9_General_Service_Manual,sec_0078,504,5.5-image_section_mapping,PASS,,"On p504 the images img_0413, img_0414 and img_0415 (the photo pairs of steps 2, 3 and 4) belong to 'Set Up LOGIQ e Cart' (sec_0078) and are mapped to sec_0078. The page lies inside p500-527 and no neighbour section shares this page.",
LOGIQ_e_R9_General_Service_Manual,sec_0079,530,5.4-hierarchy_level,PASS,,sec_0079 'Cart Using' has hierarchy_level 2 and parent sec_0076 'LOGIQ e Cart Setup' (level 1). The page header on p530 (printed 11-34) matches that chapter. Level 2 is correct.,
LOGIQ_e_R9_General_Service_Manual,sec_0079,530,5.4-parent_child,PASS,,"Parent sec_0076 'LOGIQ e Cart Setup' is the chapter-level bookmark for p497-562. sec_0079 has no children, and p530 shows no sub-bookmark heading that needs its own section. Parent and child list are correct.",
LOGIQ_e_R9_General_Service_Manual,sec_0079,530,5.4-page_start_end,PASS,,"On p530 the nodes #/texts/5684 to #/texts/5697 show 'Mounting the System to Cart', a NOTE, a CAUTION, Figure 11-7 and four numbered steps. All of it belongs to 'Cart Using'. The section runs p528-532: it starts at the heading 'Cart Using' on p528 (#/texts/5676) and the next section is sec_0080 'LOGIQ e Cart Renewal Parts' (p533). No neighbour content is absorbed and nothing is lost here.",
LOGIQ_e_R9_General_Service_Manual,sec_0079,530,5.4-hierarchy_path,PASS,,"hierarchy_path '/LOGIQ e Cart Setup/Cart Using' lists the chapter then the section, in order. It matches the bookmark nesting and the page header on p530.",
LOGIQ_e_R9_General_Service_Manual,sec_0079,530,5.4-gaps_duplicates,PASS,,"On p530 I compared the rendered page with #/texts/5684 to #/texts/5697. Each printed block appears once and none is missing. Previous section: sec_0078 (ends p527 with 'Paperwork', 'User Manual'); next: sec_0080 'LOGIQ e Cart Renewal Parts' (p533). No overlap or gap at the section edges.",
LOGIQ_e_R9_General_Service_Manual,sec_0079,530,5.4-flagged_for_review,PASS,,"sec_0079 has flagged_for_review false, confidence 1.0 and verification_score 100. I found no uncertainty on p530, so no flag is needed.",
LOGIQ_e_R9_General_Service_Manual,sec_0079,530,5.4-structural_source,PASS,,"structural_source is 'toc'. The title 'Cart Using' is a real bookmark in the PDF, and the heading 'Cart Using' on p528 (#/texts/5676) confirms it. The TOC source is supported.",
LOGIQ_e_R9_General_Service_Manual,sec_0079,530,5.6-numbering_scheme,PASS,,"Printed folios use chapter-page numbers (p530 shows 11-34). They are arabic digits, so numbering_scheme 'arabic' is correct.",
LOGIQ_e_R9_General_Service_Manual,sec_0079,530,5.6-offset_applied,PASS,,"offset_applied is 0. The section heading is found on physical p528, the same page as page_start. Physical p530 prints 11-34, which fits the chapter run (p500 = 11-4). The offset is correct.",
LOGIQ_e_R9_General_Service_Manual,sec_0079,530,5.5-filters_discarding,PASS,,p530 figures are extracted as img_0444 (Figure 11-7). Each crop shows the full printed figure and no figure is missing. The small lock and unlock icons are inside the figure crop. The CAUTION triangle is not extracted; it is decorative and the CAUTION word stays as text.,"verify_claims flags a small dropped raster (137x118 px, 0.3% of page). It is the CAUTION warning triangle. By the reviewer rule a decorative warning icon not extracted is PASS (noise)."
LOGIQ_e_R9_General_Service_Manual,sec_0079,530,5.5-filters_passing_noise,PASS,,"The images kept on p530 (img_0444 (Figure 11-7)) are all real figures. No logo, rule or divider is kept as an image.",
LOGIQ_e_R9_General_Service_Manual,sec_0079,530,5.5-image_section_mapping,PASS,,On p530 the images img_0444 (Figure 11-7) belong to 'Cart Using' (sec_0079) and are mapped to sec_0079. The page lies inside p528-532 and no neighbour section shares this page.,
LOGIQ_e_R9_General_Service_Manual,sec_0082,536,5.4-hierarchy_level,PASS,,sec_0082 'Diagnostics/Troubleshooting' has hierarchy_level 2 and parent sec_0076 'LOGIQ e Cart Setup' (level 1). The page header on p536 (printed 11-40) matches that chapter. Level 2 is correct.,
LOGIQ_e_R9_General_Service_Manual,sec_0082,536,5.4-parent_child,PASS,,"Parent sec_0076 'LOGIQ e Cart Setup' is the chapter-level bookmark for p497-562. sec_0082 has no children, and p536 shows no sub-bookmark heading that needs its own section. Parent and child list are correct.",
LOGIQ_e_R9_General_Service_Manual,sec_0082,536,5.4-page_start_end,PASS,,"On p536 the nodes #/texts/5746 to #/texts/5756 show chapter-opening page with 'Overview', 'Troubleshooting' and 'Gathering Trouble Data'. All of it belongs to 'Diagnostics/Troubleshooting'. The section runs p536-545: it starts at the heading 'Diagnostics/Troubleshooting' on p536 (#/texts/5747) and the next section is sec_0083 'Care & Maintenance' (p546). No neighbour content is absorbed and nothing is lost here.",
LOGIQ_e_R9_General_Service_Manual,sec_0082,536,5.4-hierarchy_path,PASS,,"hierarchy_path '/LOGIQ e Cart Setup/Diagnostics/Troubleshooting' lists the chapter then the section, in order. It matches the bookmark nesting and the page header on p536.",
LOGIQ_e_R9_General_Service_Manual,sec_0082,536,5.4-gaps_duplicates,PASS,,On p536 I compared the rendered page with #/texts/5746 to #/texts/5756. Each printed block appears once and none is missing. Previous section: sec_0081 (ends p535); next: sec_0083 'Care & Maintenance' (p546). No overlap or gap at the section edges.,
LOGIQ_e_R9_General_Service_Manual,sec_0082,536,5.4-flagged_for_review,PASS,,"sec_0082 has flagged_for_review false, confidence 1.0 and verification_score 100. I found no uncertainty on p536, so no flag is needed.",
LOGIQ_e_R9_General_Service_Manual,sec_0082,536,5.4-structural_source,PASS,,"structural_source is 'toc'. The title 'Diagnostics/Troubleshooting' is a real bookmark in the PDF, and the heading 'Diagnostics/Troubleshooting' on p536 (#/texts/5747) confirms it. The TOC source is supported.",
LOGIQ_e_R9_General_Service_Manual,sec_0082,536,5.6-numbering_scheme,PASS,,"Printed folios use chapter-page numbers (p536 shows 11-40). They are arabic digits, so numbering_scheme 'arabic' is correct.",
LOGIQ_e_R9_General_Service_Manual,sec_0082,536,5.6-offset_applied,PASS,,"offset_applied is 0. The section heading is found on physical p536, the same page as page_start. Physical p536 prints 11-40, which fits the chapter run (p500 = 11-4). The offset is correct.",
LOGIQ_e_R9_General_Service_Manual,sec_0082,536,5.5-filters_discarding,PASS,,"p536 shows no photo or diagram, and images.json has no image for this page. Nothing meaningful was dropped.",
LOGIQ_e_R9_General_Service_Manual,sec_0082,536,5.5-filters_passing_noise,PASS,,"No logo, rule, footer divider or other decoration is kept as an image on p536. The running header and folio stay as text nodes.",
LOGIQ_e_R9_General_Service_Manual,sec_0082,536,5.5-image_section_mapping,PASS,,"p536 has no figure and images.json lists no image for it. This agrees with the render, so nothing needs mapping.",
LOGIQ_e_R9_General_Service_Manual,sec_0083,549,5.4-hierarchy_level,PASS,,sec_0083 'Care & Maintenance' has hierarchy_level 2 and parent sec_0076 'LOGIQ e Cart Setup' (level 1). The page header on p549 (printed 11-53) matches that chapter. Level 2 is correct.,
LOGIQ_e_R9_General_Service_Manual,sec_0083,549,5.4-parent_child,PASS,,"Parent sec_0076 'LOGIQ e Cart Setup' is the chapter-level bookmark for p497-562. sec_0083 has no children, and p549 shows no sub-bookmark heading that needs its own section. Parent and child list are correct.",
LOGIQ_e_R9_General_Service_Manual,sec_0083,549,5.4-page_start_end,PASS,,"On p549 the nodes #/texts/6037 to #/texts/6048 show 'Why do Maintenance', 'Keeping Records' and 'Quality Assurance'. All of it belongs to 'Care & Maintenance'. The section runs p546-562: it starts at the heading 'Care & Maintenance' on p546 (#/texts/6018) and the next section is none (last child of sec_0076). No neighbour content is absorbed and nothing is lost here.",
LOGIQ_e_R9_General_Service_Manual,sec_0083,549,5.4-hierarchy_path,PASS,,"hierarchy_path '/LOGIQ e Cart Setup/Care & Maintenance' lists the chapter then the section, in order. It matches the bookmark nesting and the page header on p549.",
LOGIQ_e_R9_General_Service_Manual,sec_0083,549,5.4-gaps_duplicates,PASS,,On p549 I compared the rendered page with #/texts/6037 to #/texts/6048. Each printed block appears once and none is missing. Previous section: sec_0082 (ends p545); next: none (last child of sec_0076). No overlap or gap at the section edges.,
LOGIQ_e_R9_General_Service_Manual,sec_0083,549,5.4-flagged_for_review,PASS,,"sec_0083 has flagged_for_review false, confidence 1.0 and verification_score 100. I found no uncertainty on p549, so no flag is needed.",
LOGIQ_e_R9_General_Service_Manual,sec_0083,549,5.4-structural_source,PASS,,"structural_source is 'toc'. The title 'Care & Maintenance' is a real bookmark in the PDF, and the heading 'Care & Maintenance' on p546 (#/texts/6018) confirms it. The TOC source is supported.",
LOGIQ_e_R9_General_Service_Manual,sec_0083,549,5.6-numbering_scheme,PASS,,"Printed folios use chapter-page numbers (p549 shows 11-53). They are arabic digits, so numbering_scheme 'arabic' is correct.",
LOGIQ_e_R9_General_Service_Manual,sec_0083,549,5.6-offset_applied,PASS,,"offset_applied is 0. The section heading is found on physical p546, the same page as page_start. Physical p549 prints 11-53, which fits the chapter run (p500 = 11-4). The offset is correct.",
LOGIQ_e_R9_General_Service_Manual,sec_0083,549,5.6-table_content,FAIL,Low,"Page 549 has no table. The table problem of this section is on p562 and is shown in this section-level row. The table #/tables/177 ends at 'Probe 6:'. The p562 render shows 'Probe 7:', 'Probe 8:' and 'Probe 9:' as ruled rows of the same table. They are paragraphs #/texts/6149-6151.","The table continuation on p562 was probably not detected (BUG-008). The row text is kept and no value is lost, so Low. I used the approved v1.13 grade. The p549 render itself has no table, so this row is only a section-level row. I could not open #/tables/177 myself. The checker suggests Medium, but no value changed column or meaning, so I keep Low."
LOGIQ_e_R9_General_Service_Manual,sec_0083,549,5.5-filters_discarding,PASS,,"p549 shows no photo or diagram, and images.json has no image for this page. Nothing meaningful was dropped.",
LOGIQ_e_R9_General_Service_Manual,sec_0083,549,5.5-filters_passing_noise,PASS,,"No logo, rule, footer divider or other decoration is kept as an image on p549. The running header and folio stay as text nodes.",
LOGIQ_e_R9_General_Service_Manual,sec_0083,549,5.5-image_section_mapping,PASS,,"p549 has no figure and images.json lists no image for it. This agrees with the render, so nothing needs mapping.",
LOGIQ_e_R9_General_Service_Manual,DOCUMENT-LEVEL,,5.6-sanity_report,PASS,,"logs/run.log shows 85 bookmarks and 567 pages. bookmark_sanity ran with no hard failure and no repair. The run finished: 83 sections, validation PASS, 459 images. validation_report.json agrees: Coverage, Precision and Structure PASS, 0 orphans, 0 duplicates.","New log line for this version: 'table lines recovered: 21 in 7 tables' (BUG-030). Also 176 of 178 tables re-read with docling-parse, 2 kept (BUG-008). 2 bookmarks excluded (index, table_of_contents); 0 of 83 flagged_for_review."
LOGIQ_e_R9_General_Service_Manual,sec_0004,42,5.4-hierarchy_level,PASS,,"The title 'Important conventions' is a large blue section title on p38, same style as the other level 2 sections under Introduction. hierarchy_level=2 is correct. p42 is the first page of the next section. It shows the 'Product icons' title, the intro text and Figure 1-2. None of this is a sec_0004 node.",
LOGIQ_e_R9_General_Service_Manual,sec_0004,42,5.4-parent_child,PASS,,"parent_section_id=sec_0001 is the chapter that holds this section. The section has no child sections, and none are printed on p42. p42 is the first page of the next section. It shows the 'Product icons' title, the intro text and Figure 1-2. None of this is a sec_0004 node.",
LOGIQ_e_R9_General_Service_Manual,sec_0004,42,5.4-page_start_end,PASS,,p42 is outside the declared pages 38 to 41. It holds the 'Product icons' title (#/texts/196 is in sec_0005). The last sec_0004 node is the p41 footer #/texts/187. No node of p42 is in sec_0004. The start on p38 is correct: the title 'Important conventions' and its first subsections are there.,Page sampled is the first page after the section. This checks the end boundary.
LOGIQ_e_R9_General_Service_Manual,sec_0004,42,5.4-hierarchy_path,PASS,,"hierarchy_path '/Introduction/Important conventions' lists the chapter and then the section title. This is the real path in the manual. p42 is the first page of the next section. It shows the 'Product icons' title, the intro text and Figure 1-2. None of this is a sec_0004 node.",
LOGIQ_e_R9_General_Service_Manual,sec_0004,42,5.4-gaps_duplicates,PASS,,sec_0004 (p38 to p41) sits between sec_0003 (p31 to p37) and sec_0005 (p42 to p50) with no gap. p42 content appears only in sec_0005.,
LOGIQ_e_R9_General_Service_Manual,sec_0004,42,5.4-flagged_for_review,PASS,,"flagged_for_review is false, verification_score is 100 and confidence is 1.0. The rendered page agrees: the title and content on p42 are where the tree says. A false flag is right here.",
LOGIQ_e_R9_General_Service_Manual,sec_0004,42,5.4-structural_source,PASS,,structural_source is 'toc'. The title 'Important conventions' is a bookmark and it matches the heading printed on p38. No inferred header is used.,
LOGIQ_e_R9_General_Service_Manual,sec_0004,42,5.6-numbering_scheme,PASS,,"numbering_scheme is 'arabic'. The printed folio on p42 is chapter-page style ('1-14'), which fits an arabic scheme with chapter prefix.",
LOGIQ_e_R9_General_Service_Manual,sec_0004,42,5.6-offset_applied,PASS,,"offset_applied is 0. Section starts at p38, where its title is printed; p42 carries the folio '1-14'. The physical page matches the bookmark page.",
LOGIQ_e_R9_General_Service_Manual,sec_0004,42,5.5-filters_discarding,PASS,,"p42 has one figure, Figure 1-2. It is extracted as img_0043 and mapped to sec_0005. No icon on p42 is lost. The p41 icons belong to sec_0004 and are checked on p41.","Same as approved v1.13 (PASS, nothing changed). For the human reviewer: on p41 the Eye Protection icon and the three blue Hand, Foot and Eye icons of Table 1-6 are probably not extracted. Only img_0041 and img_0042 are."
LOGIQ_e_R9_General_Service_Manual,sec_0004,42,5.5-filters_passing_noise,PASS,,"img_0040, img_0041 and img_0042 are real icons (LASER LIGHT, static electricity, TAG & LOCKOUT). No rule, logo or divider is kept as an image.",
LOGIQ_e_R9_General_Service_Manual,sec_0004,42,5.5-image_section_mapping,PASS,,"img_0040 (p40), img_0041 and img_0042 (p41) are mapped to sec_0004, whose pages are 38 to 41. The picture on p42 (img_0043, Figure 1-2) is mapped to sec_0005 where it belongs.",
LOGIQ_e_R9_General_Service_Manual,sec_0005,43,5.4-hierarchy_level,PASS,,"The title 'Product icons' is a section title under chapter 'Introduction'. hierarchy_level=2 is correct. p43 shows 'Label Icon Description', its intro sentence, the caption 'Table 1-7' and the first part of the label table (#/tables/15).",
LOGIQ_e_R9_General_Service_Manual,sec_0005,43,5.4-parent_child,PASS,,"parent_section_id=sec_0001 is the chapter that holds this section. The section has no child sections, and none are printed on p43. p43 shows 'Label Icon Description', its intro sentence, the caption 'Table 1-7' and the first part of the label table (#/tables/15).",
LOGIQ_e_R9_General_Service_Manual,sec_0005,43,5.4-page_start_end,PASS,,"p43 follows p42 under the same 'Product icons' running header. Heading 'Label Icon Description' (#/texts/200), caption 'Table 1-7' and table #/tables/15 are in sec_0005. Later pages p44 to p50 only add the table continuation of Table 1-7, also in sec_0005.",
LOGIQ_e_R9_General_Service_Manual,sec_0005,43,5.4-hierarchy_path,PASS,,"hierarchy_path '/Introduction/Product icons' lists the chapter and then the section title. This is the real path in the manual. p43 shows 'Label Icon Description', its intro sentence, the caption 'Table 1-7' and the first part of the label table (#/tables/15).",
LOGIQ_e_R9_General_Service_Manual,sec_0005,43,5.4-gaps_duplicates,PASS,,"Table 1-7 is cut in 8 table nodes, #/tables/15 (p43) to #/tables/22 (p50), one per page, no overlap. Recovered text on p50 ('Rating Plate' twice, once per row) is not printed twice in the same row. The caption lines 'Table 1-7: Label Icons (Continued)' appear once per page.",
LOGIQ_e_R9_General_Service_Manual,sec_0005,43,5.4-flagged_for_review,PASS,,"flagged_for_review is false, verification_score is 100 and confidence is 1.0. The rendered page agrees: the title and content on p43 are where the tree says. A false flag is right here.",
LOGIQ_e_R9_General_Service_Manual,sec_0005,43,5.4-structural_source,PASS,,structural_source is 'toc'. The title 'Product icons' is a bookmark and it matches the heading printed on p42. No inferred header is used.,
LOGIQ_e_R9_General_Service_Manual,sec_0005,43,5.6-numbering_scheme,PASS,,"numbering_scheme is 'arabic'. The printed folio on p43 is chapter-page style ('1-15'), which fits an arabic scheme with chapter prefix.",
LOGIQ_e_R9_General_Service_Manual,sec_0005,43,5.6-offset_applied,PASS,,"offset_applied is 0. Section starts at p42, where its title is printed; p43 carries the folio '1-15'. The physical page matches the bookmark page.",
LOGIQ_e_R9_General_Service_Manual,sec_0005,43,5.6-table_content,FAIL,Medium,"p43 #/tables/15: the header has 4 columns, but the rows have no Label/Icon cell. Row 1 shows 'Identification and Rating Plate' under Label/Icon, but the node puts it in the Reference cell after 'EN ISO 15223-1:2021'. p50 #/tables/22 (rendered): 'Rating Plate' is in the Purpose cell in 'Medical device Rating Plate' and 'The CH-REP label indicates the Rating Plate'. On the page it is in the Location column. The Location cells are empty. p49 #/tables/21 (text only, page not rendered): header 'Label/Icon Purpose/Meaning' is one cell and 'Eurasian Conformity' is joined to Location 'Bottom'. Recovered lines are good. p49 'Resolution No.753 ... located on the console.' is in a new row under Location. p50 'authorized representative in Switzerland.' is in a new row under Purpose. Each line is complete and appears once.","Medium is for BUG-008: values are not under their column. The 'Rating Plate' cell and the merged p49 header were already in v1.13, so they are not recovered text. The two recovered lines are fine (BUG-030 fixed for these lines). Out of scope: 'onl y' and the missing Label/Icon header word on p50. p49 not checked visually, so confidence is lower. Auto check says Low (merged cells), but Medium is kept: Rating Plate and the Label/Icon text sit under the wrong column, so values cannot be tied to their header (reviewer rule, same as approved v1.13)."
LOGIQ_e_R9_General_Service_Manual,sec_0005,43,5.5-filters_discarding,FAIL,Low,"Table 1-7 on p43 has 10 icon cells. Now extracted: img_0044 (factory icon) and img_0045 (OUTPUT word image, 78x30). Still missing from images.json: date of manufacture, REF, SN and direct current symbols. The word images INPUT, DESC., MODEL and the small-print 'Only for use with LOGIQ e series' label are also missing.","Low: icons with their own meaning (date of manufacture, REF, SN, direct current) are still not extracted. Their meaning is also written in the Purpose text. Probably the image size filter. OUTPUT is new compared with v1.13. The small print may include a software version note, so a human should check."
LOGIQ_e_R9_General_Service_Manual,sec_0005,43,5.5-filters_passing_noise,PASS,,"img_0044 (factory symbol) and img_0045 ('OUTPUT') are label images from Table 1-7. They are real content, not decoration.",
LOGIQ_e_R9_General_Service_Manual,sec_0005,43,5.5-image_section_mapping,PASS,,img_0044 and img_0045 are on p43 inside Table 1-7 of 'Product icons'. They are mapped to sec_0005. Images on p44 to p50 (img_0046 to img_0079) are also mapped to sec_0005.,
LOGIQ_e_R9_General_Service_Manual,sec_0006,56,5.4-hierarchy_level,PASS,,"The title 'Safety considerations' is a section title under chapter 'Introduction'. hierarchy_level=2 is correct. p56 shows the end of 'Mechanical safety (continued)', then 'Electrical safety', 'Safe practices' and a WARNING row (#/texts/315 to #/texts/328).",
LOGIQ_e_R9_General_Service_Manual,sec_0006,56,5.4-parent_child,PASS,,"parent_section_id=sec_0001 is the chapter that holds this section. The section has no child sections, and none are printed on p56. p56 shows the end of 'Mechanical safety (continued)', then 'Electrical safety', 'Safe practices' and a WARNING row (#/texts/315 to #/texts/328).",
LOGIQ_e_R9_General_Service_Manual,sec_0006,56,5.4-page_start_end,PASS,,"p56 text is all inside sec_0006. The headings 'Electrical safety' (#/texts/325) and 'Safe practices' (#/texts/326) come after their bullets (#/texts/319 to #/texts/324) in node order. On the page the headings come first. All nodes are still in the same section, so no neighbour is involved.",Reading order inside the section looks wrong (probably a heading-anchor issue). Please look. Boundary is right.
LOGIQ_e_R9_General_Service_Manual,sec_0006,56,5.4-hierarchy_path,PASS,,"hierarchy_path '/Introduction/Safety considerations' lists the chapter and then the section title. This is the real path in the manual. p56 shows the end of 'Mechanical safety (continued)', then 'Electrical safety', 'Safe practices' and a WARNING row (#/texts/315 to #/texts/328).",
LOGIQ_e_R9_General_Service_Manual,sec_0006,56,5.4-gaps_duplicates,PASS,,"sec_0006 appears once and p56 text is not repeated elsewhere. Only the order of the two sub-headings looks off, inside the same section.",
LOGIQ_e_R9_General_Service_Manual,sec_0006,56,5.4-flagged_for_review,PASS,,"flagged_for_review is false, verification_score is 100 and confidence is 1.0. The rendered page agrees: the title and content on p56 are where the tree says. A false flag is right here.",
LOGIQ_e_R9_General_Service_Manual,sec_0006,56,5.4-structural_source,PASS,,structural_source is 'toc'. The title 'Safety considerations' is a bookmark and it matches the heading printed on p51. No inferred header is used.,
LOGIQ_e_R9_General_Service_Manual,sec_0006,56,5.6-numbering_scheme,PASS,,"numbering_scheme is 'arabic'. The printed folio on p56 is chapter-page style ('1-28'), which fits an arabic scheme with chapter prefix.",
LOGIQ_e_R9_General_Service_Manual,sec_0006,56,5.6-offset_applied,PASS,,"offset_applied is 0. Section starts at p51, where its title is printed; p56 carries the folio '1-28'. The physical page matches the bookmark page.",
LOGIQ_e_R9_General_Service_Manual,sec_0006,56,5.5-filters_discarding,PASS,,p56 has only one WARNING triangle (decorative). No figure is lost.,"Auto check lists 137x118 px (33x28 pt) rasters as dropped. These are the CAUTION/WARNING/DANGER triangles beside the labels. They are decorative, so PASS (noise) per the reviewer rules."
LOGIQ_e_R9_General_Service_Manual,sec_0006,56,5.5-filters_passing_noise,PASS,,No image is kept for p56. The WARNING triangle is decorative and not extracted.,
LOGIQ_e_R9_General_Service_Manual,sec_0006,56,5.5-image_section_mapping,PASS,,"No relevant picture is printed on p56. The only image of sec_0006 is img_0080 (electrical hazard icon) on p51, mapped to sec_0006, correct.",
LOGIQ_e_R9_General_Service_Manual,sec_0006,60,5.4-hierarchy_level,PASS,,"The title 'Safety considerations' is a section title under chapter 'Introduction'. hierarchy_level=2 is correct. p60 is the 'Battery Safety (continued)' page with a CAUTION list, a NOTE and three WARNING rows (#/texts/378 to #/texts/394).",
LOGIQ_e_R9_General_Service_Manual,sec_0006,60,5.4-parent_child,PASS,,"parent_section_id=sec_0001 is the chapter that holds this section. The section has no child sections, and none are printed on p60. p60 is the 'Battery Safety (continued)' page with a CAUTION list, a NOTE and three WARNING rows (#/texts/378 to #/texts/394).",
LOGIQ_e_R9_General_Service_Manual,sec_0006,60,5.4-page_start_end,PASS,,p60 is the 'Battery Safety (continued)' page (#/texts/377 to #/texts/394). All nodes are in sec_0006. The section ends on p61 with the last WARNING rows. sec_0007 starts on p62.,
LOGIQ_e_R9_General_Service_Manual,sec_0006,60,5.4-hierarchy_path,PASS,,"hierarchy_path '/Introduction/Safety considerations' lists the chapter and then the section title. This is the real path in the manual. p60 is the 'Battery Safety (continued)' page with a CAUTION list, a NOTE and three WARNING rows (#/texts/378 to #/texts/394).",
LOGIQ_e_R9_General_Service_Manual,sec_0006,60,5.4-gaps_duplicates,PASS,,"p60 text appears once. All 5 bullets, the NOTE and 3 WARNING texts of the page are present in sec_0006 and not repeated.",
LOGIQ_e_R9_General_Service_Manual,sec_0006,60,5.4-flagged_for_review,PASS,,"flagged_for_review is false, verification_score is 100 and confidence is 1.0. The rendered page agrees: the title and content on p60 are where the tree says. A false flag is right here.",
LOGIQ_e_R9_General_Service_Manual,sec_0006,60,5.4-structural_source,PASS,,structural_source is 'toc'. The title 'Safety considerations' is a bookmark and it matches the heading printed on p51. No inferred header is used.,
LOGIQ_e_R9_General_Service_Manual,sec_0006,60,5.6-numbering_scheme,PASS,,"numbering_scheme is 'arabic'. The printed folio on p60 is chapter-page style ('1-32'), which fits an arabic scheme with chapter prefix.",
LOGIQ_e_R9_General_Service_Manual,sec_0006,60,5.6-offset_applied,PASS,,"offset_applied is 0. Section starts at p51, where its title is printed; p60 carries the folio '1-32'. The physical page matches the bookmark page.",
LOGIQ_e_R9_General_Service_Manual,sec_0006,60,5.5-filters_discarding,PASS,,p60 has only CAUTION and WARNING triangles (decorative). No figure is lost.,"Auto check lists 137x118 px (33x28 pt) rasters as dropped. These are the CAUTION/WARNING/DANGER triangles beside the labels. They are decorative, so PASS (noise) per the reviewer rules."
LOGIQ_e_R9_General_Service_Manual,sec_0006,60,5.5-filters_passing_noise,PASS,,No image is kept for p60. The CAUTION and WARNING triangles are decorative and not extracted.,
LOGIQ_e_R9_General_Service_Manual,sec_0006,60,5.5-image_section_mapping,PASS,,"No relevant picture is printed on p60. The only image of sec_0006 is img_0080 (electrical hazard icon) on p51, mapped to sec_0006, correct.",
LOGIQ_e_R9_General_Service_Manual,sec_0010,65,5.4-hierarchy_level,PASS,,"The title 'EMC, EMI and ESD' is a section title under chapter 'Introduction'. hierarchy_level=2 is correct. p65 shows the title 'EMC, EMI and ESD' (#/texts/469), 'Contents in this Section', and the text of 'What is EMC?' and 'CE Compliance'.",
LOGIQ_e_R9_General_Service_Manual,sec_0010,65,5.4-parent_child,PASS,,"parent_section_id=sec_0001 is the chapter that holds this section. The section has no child sections, and none are printed on p65. p65 shows the title 'EMC, EMI and ESD' (#/texts/469), 'Contents in this Section', and the text of 'What is EMC?' and 'CE Compliance'.",
LOGIQ_e_R9_General_Service_Manual,sec_0010,65,5.4-page_start_end,PASS,,"sec_0010 starts on p65 with the title 'EMC, EMI and ESD' and ends on p66 with the ESD warnings. p65 nodes #/texts/458 to #/texts/471 are all its own. The headings 'What is EMC?' (#/texts/467) and 'CE Compliance' (#/texts/468) come after their paragraphs in node order, but still inside sec_0010.",Order of two sub-headings differs from the page. No boundary problem.
LOGIQ_e_R9_General_Service_Manual,sec_0010,65,5.4-hierarchy_path,PASS,,"hierarchy_path '/Introduction/EMC, EMI and ESD' lists the chapter and then the section title. This is the real path in the manual. p65 shows the title 'EMC, EMI and ESD' (#/texts/469), 'Contents in this Section', and the text of 'What is EMC?' and 'CE Compliance'.",
LOGIQ_e_R9_General_Service_Manual,sec_0010,65,5.4-gaps_duplicates,PASS,,sec_0010 appears once (p65 to p66) between sec_0009 (p64) and sec_0011 (p67 to p68). The p65 text is not repeated.,
LOGIQ_e_R9_General_Service_Manual,sec_0010,65,5.4-flagged_for_review,PASS,,"flagged_for_review is false, verification_score is 100 and confidence is 1.0. The rendered page agrees: the title and content on p65 are where the tree says. A false flag is right here.",
LOGIQ_e_R9_General_Service_Manual,sec_0010,65,5.4-structural_source,PASS,,"structural_source is 'toc'. The title 'EMC, EMI and ESD' is a bookmark and it matches the heading printed on p65. No inferred header is used.",
LOGIQ_e_R9_General_Service_Manual,sec_0010,65,5.6-numbering_scheme,PASS,,"numbering_scheme is 'arabic'. The printed folio on p65 is chapter-page style ('1-37'), which fits an arabic scheme with chapter prefix.",
LOGIQ_e_R9_General_Service_Manual,sec_0010,65,5.6-offset_applied,PASS,,"offset_applied is 0. Section starts at p65, where its title is printed; p65 carries the folio '1-37'. The physical page matches the bookmark page.",
LOGIQ_e_R9_General_Service_Manual,sec_0010,65,5.5-filters_discarding,PASS,,p65 has no picture. On p66 the ESD symbol is extracted as img_0083 (194x174). The WARNING triangles are decorative.,
LOGIQ_e_R9_General_Service_Manual,sec_0010,65,5.5-filters_passing_noise,PASS,,"img_0083 (static electricity symbol, p66) is meaningful. No rule or logo is kept as an image.",
LOGIQ_e_R9_General_Service_Manual,sec_0010,65,5.5-image_section_mapping,PASS,,"img_0083 is on p66 under the ESD prevention heading, inside sec_0010 (p65 to p66). It is mapped to sec_0010. p65 has no picture.",
LOGIQ_e_R9_General_Service_Manual,sec_0014,77,5.4-hierarchy_level,PASS,,"The title 'General requirements' is a section title under chapter 2. hierarchy_level=2 is correct. p77 shows only the 'EMI limitations' heading (#/texts/587), its paragraphs and the bullet list of EMI sources (#/texts/588 to #/texts/607).",
LOGIQ_e_R9_General_Service_Manual,sec_0014,77,5.4-parent_child,PASS,,"parent_section_id=sec_0012 is the chapter that holds this section. The section has no child sections, and none are printed on p77. p77 shows only the 'EMI limitations' heading (#/texts/587), its paragraphs and the bullet list of EMI sources (#/texts/588 to #/texts/607).",
LOGIQ_e_R9_General_Service_Manual,sec_0014,77,5.4-page_start_end,PASS,,"p77 is inside sec_0014 (p71 to p79). 'EMI limitations' (#/texts/587), its paragraphs and the bullet list are its own. The table of the previous page, Table 2-6, is #/tables/29 on p76, also in sec_0014.",
LOGIQ_e_R9_General_Service_Manual,sec_0014,77,5.4-hierarchy_path,PASS,,"hierarchy_path '/Site Preparations/General requirements' lists the chapter and then the section title. This is the real path in the manual. p77 shows only the 'EMI limitations' heading (#/texts/587), its paragraphs and the bullet list of EMI sources (#/texts/588 to #/texts/607).",
LOGIQ_e_R9_General_Service_Manual,sec_0014,77,5.4-gaps_duplicates,PASS,,sec_0014 appears once. The 15 EMI source bullets of p77 (#/texts/591 to #/texts/605) are each present once.,
LOGIQ_e_R9_General_Service_Manual,sec_0014,77,5.4-flagged_for_review,PASS,,"flagged_for_review is false, verification_score is 100 and confidence is 1.0. The rendered page agrees: the title and content on p77 are where the tree says. A false flag is right here.",
LOGIQ_e_R9_General_Service_Manual,sec_0014,77,5.4-structural_source,PASS,,structural_source is 'toc'. The title 'General requirements' is a bookmark and it matches the heading printed on p71. No inferred header is used.,
LOGIQ_e_R9_General_Service_Manual,sec_0014,77,5.6-numbering_scheme,PASS,,"numbering_scheme is 'arabic'. The printed folio on p77 is chapter-page style ('2-9'), which fits an arabic scheme with chapter prefix.",
LOGIQ_e_R9_General_Service_Manual,sec_0014,77,5.6-offset_applied,PASS,,"offset_applied is 0. Section starts at p71, where its title is printed; p77 carries the folio '2-9'. The physical page matches the bookmark page.",
LOGIQ_e_R9_General_Service_Manual,sec_0014,77,5.6-table_content,PASS,,"p77 has no table. I also checked the tables of this section that are rendered here: Table 2-1 on p71, Table 2-7 on p78 and Table 2-8 on p79. They match their pages. The recovered note row in Table 2-8 appears once. Table 2-6 on p76 is not rendered here.",p76 table (#/tables/29) not checked visually.
LOGIQ_e_R9_General_Service_Manual,sec_0014,77,5.5-filters_discarding,PASS,,"p77 has no picture or icon. No figure is lost. images.json has no image for sec_0014, and the CAUTION triangles on p71 and p73 are decorative.",
LOGIQ_e_R9_General_Service_Manual,sec_0014,77,5.5-filters_passing_noise,PASS,,No image of sec_0014 is kept. No decorative element is retained for p77.,
LOGIQ_e_R9_General_Service_Manual,sec_0014,77,5.5-image_section_mapping,PASS,,p77 has no picture and no image is mapped to sec_0014. This is correct.,
LOGIQ_e_R9_General_Service_Manual,sec_0015,82,5.4-hierarchy_level,PASS,,'Facility needs' is level 2 under sec_0012 Site Preparations. On p82 the heading style fits that level (hierarchy_level matches the bookmark).,
LOGIQ_e_R9_General_Service_Manual,sec_0015,82,5.4-parent_child,PASS,,The section is level 2 under sec_0012 Site Preparations. The parent and children list agree with the chapter structure seen on p82.,
LOGIQ_e_R9_General_Service_Manual,sec_0015,82,5.4-page_start_end,PASS,,The section starts at the 'Facility needs' heading (#/texts/627) on p80. It ends on p87 with the Figure 2-2 caption (#/texts/779). Page 88 starts sec_0016. On p82 the heading 'Required facility needs' (#/texts/640) and all its text sit in this section. Sampled page p82 is inside the range.,
LOGIQ_e_R9_General_Service_Manual,sec_0015,82,5.4-hierarchy_path,PASS,,/Site Preparations/Facility needs matches the running header 'Site Preparations' on p82 and the chapter order.,
LOGIQ_e_R9_General_Service_Manual,sec_0015,82,5.4-gaps_duplicates,PASS,,"All text blocks seen on p82 are in sec_0015 once: two NOTEs, the bullets and the amperage line. No block of a neighbour is mixed in.",
LOGIQ_e_R9_General_Service_Manual,sec_0015,82,5.4-flagged_for_review,PASS,,flagged_for_review is false and the title score is 100. The heading 'Required facility needs' is clearly on the page.,
LOGIQ_e_R9_General_Service_Manual,sec_0015,82,5.4-structural_source,PASS,,"structural_source is toc. The bookmark title 'Facility needs' is printed on the page, so the TOC source is supported.",
LOGIQ_e_R9_General_Service_Manual,sec_0015,82,5.6-numbering_scheme,PASS,,"The scheme is arabic. The printed folios use chapter-page numbers (for example 2-14 on its first page), and the numbering is consistent.",
LOGIQ_e_R9_General_Service_Manual,sec_0015,82,5.6-offset_applied,PASS,,"offset_applied is 0. The first page of the section (2-14 printed) is the physical page named in the bookmark, so the mapping is correct.",
LOGIQ_e_R9_General_Service_Manual,sec_0015,82,5.5-filters_discarding,PASS,,No picture is on p82 and no image is mapped to it. The only images of this section are img_0084 (p84) and img_0085 (p87).,
LOGIQ_e_R9_General_Service_Manual,sec_0015,82,5.5-filters_passing_noise,FAIL,Low,"On p84 the floor-plan words are kept as about 90 small text nodes (#/texts/673 to #/texts/755), for example 'EXAM INAT IO N' and 'TAB LE'. The same words are in the vector crop img_0084. p82 itself has no picture.","Extra text in a crop = Low. The figure is not lost and the text is in the right section. p84 was not rendered in the page images, so this is from node data and img_0084 only. Confidence is low."
LOGIQ_e_R9_General_Service_Manual,sec_0015,82,5.5-image_section_mapping,PASS,,"No picture on p82. img_0084 (vector floor plans, p84) and img_0085 (worksheet, p87) are in sec_0015, which is correct.",
LOGIQ_e_R9_General_Service_Manual,sec_0020,94,5.4-hierarchy_level,PASS,,'Receiving and unpacking the equipment' is level 2 under sec_0017 System Setup. On p94 the heading style fits that level (hierarchy_level matches the bookmark).,
LOGIQ_e_R9_General_Service_Manual,sec_0020,94,5.4-parent_child,PASS,,The section is level 2 under sec_0017 System Setup. The parent and children list agree with the chapter structure seen on p94.,
LOGIQ_e_R9_General_Service_Manual,sec_0020,94,5.4-page_start_end,PASS,,The section starts at the heading (#/texts/858) on p94. It ends on p99 with 'Unpacking LOGIQ e Cart' (#/texts/919). Page 100 starts sec_0021. Sampled page p94 is inside the range.,
LOGIQ_e_R9_General_Service_Manual,sec_0020,94,5.4-hierarchy_path,PASS,,/System Setup/Receiving and unpacking the equipment matches the running header 'System Setup'.,
LOGIQ_e_R9_General_Service_Manual,sec_0020,94,5.4-gaps_duplicates,PASS,,"Text on p94 to p99 is in sec_0020 once. The three CAUTION labels on p98 are three real boxes, not copies.",
LOGIQ_e_R9_General_Service_Manual,sec_0020,94,5.4-flagged_for_review,PASS,,flagged_for_review is false and the title score is 100. The heading is on p94.,
LOGIQ_e_R9_General_Service_Manual,sec_0020,94,5.4-structural_source,PASS,,"structural_source is toc. The bookmark title 'Receiving and unpacking the equipment' is printed on the page, so the TOC source is supported.",
LOGIQ_e_R9_General_Service_Manual,sec_0020,94,5.6-numbering_scheme,PASS,,"The scheme is arabic. The printed folios use chapter-page numbers (for example 3-6 on its first page), and the numbering is consistent.",
LOGIQ_e_R9_General_Service_Manual,sec_0020,94,5.6-offset_applied,PASS,,"offset_applied is 0. The first page of the section (3-6 printed) is the physical page named in the bookmark, so the mapping is correct.",
LOGIQ_e_R9_General_Service_Manual,sec_0020,94,5.5-filters_discarding,PASS,,p94 has text only (contents list and overview). No picture is lost.,
LOGIQ_e_R9_General_Service_Manual,sec_0020,94,5.5-filters_passing_noise,PASS,,No image on p94 is kept. Nothing decorative is kept.,
LOGIQ_e_R9_General_Service_Manual,sec_0020,94,5.5-image_section_mapping,PASS,,p94 has no picture. Figures of this section (img_0089 to img_0093) are on p95 to p98 and are in sec_0020.,
LOGIQ_e_R9_General_Service_Manual,sec_0020,98,5.4-hierarchy_level,PASS,,'Receiving and unpacking the equipment' is level 2 under sec_0017 System Setup. On p98 the heading style fits that level (hierarchy_level matches the bookmark).,
LOGIQ_e_R9_General_Service_Manual,sec_0020,98,5.4-parent_child,PASS,,The section is level 2 under sec_0017 System Setup. The parent and children list agree with the chapter structure seen on p98.,
LOGIQ_e_R9_General_Service_Manual,sec_0020,98,5.4-page_start_end,PASS,,The section starts at the heading (#/texts/858) on p94. It ends on p99 with 'Unpacking LOGIQ e Cart' (#/texts/919). Page 100 starts sec_0021. Sampled page p98 is inside the range.,
LOGIQ_e_R9_General_Service_Manual,sec_0020,98,5.4-hierarchy_path,PASS,,/System Setup/Receiving and unpacking the equipment matches the running header 'System Setup'.,
LOGIQ_e_R9_General_Service_Manual,sec_0020,98,5.4-gaps_duplicates,PASS,,"Text on p94 to p99 is in sec_0020 once. The three CAUTION labels on p98 are three real boxes, not copies.",
LOGIQ_e_R9_General_Service_Manual,sec_0020,98,5.4-flagged_for_review,PASS,,flagged_for_review is false and the title score is 100. The heading is on p94.,
LOGIQ_e_R9_General_Service_Manual,sec_0020,98,5.4-structural_source,PASS,,"structural_source is toc. The bookmark title 'Receiving and unpacking the equipment' is printed on the page, so the TOC source is supported.",
LOGIQ_e_R9_General_Service_Manual,sec_0020,98,5.6-numbering_scheme,PASS,,"The scheme is arabic. The printed folios use chapter-page numbers (for example 3-6 on its first page), and the numbering is consistent.",
LOGIQ_e_R9_General_Service_Manual,sec_0020,98,5.6-offset_applied,PASS,,"offset_applied is 0. The first page of the section (3-6 printed) is the physical page named in the bookmark, so the mapping is correct.",
LOGIQ_e_R9_General_Service_Manual,sec_0020,98,5.5-filters_discarding,PASS,,Figure 3-4 and Figure 3-5 (package labels) are extracted as img_0092 and img_0093. The three CAUTION triangles are box icons only.,"verify_claims flags a dropped 137x118 px raster (0.3% of page). I looked at the page: it is the CAUTION triangle beside the warning text. It only marks the box type, so it is decorative noise and PASS under the reviewer rule. verify_claims flags a small 137x118 px raster dropped. It is the decorative CAUTION triangle, which is noise by the grading rules, so PASS is kept."
LOGIQ_e_R9_General_Service_Manual,sec_0020,98,5.5-filters_passing_noise,PASS,,"Only the two real figures are kept. The CAUTION triangles are not kept, which is correct.",
LOGIQ_e_R9_General_Service_Manual,sec_0020,98,5.5-image_section_mapping,PASS,,img_0092 and img_0093 are on p98 and are mapped to sec_0020. Both figure captions are in sec_0020.,
LOGIQ_e_R9_General_Service_Manual,sec_0021,102,5.4-hierarchy_level,PASS,,'Preparing for setup' is level 2 under sec_0017 System Setup. On p102 the heading style fits that level (hierarchy_level matches the bookmark).,
LOGIQ_e_R9_General_Service_Manual,sec_0021,102,5.4-parent_child,PASS,,The section is level 2 under sec_0017 System Setup. The parent and children list agree with the chapter structure seen on p102.,
LOGIQ_e_R9_General_Service_Manual,sec_0021,102,5.4-page_start_end,PASS,,"The section covers p100 and p101. It starts at the heading (#/texts/937) on p100 and ends with the EMI text (#/texts/942) on p101. Page 102 starts sec_0022. The sampled p102 shows the 'Completing the setup' heading, so sec_0021 correctly stops on p101.",
LOGIQ_e_R9_General_Service_Manual,sec_0021,102,5.4-hierarchy_path,PASS,,/System Setup/Preparing for setup matches the running header 'System Setup' on p100.,
LOGIQ_e_R9_General_Service_Manual,sec_0021,102,5.4-gaps_duplicates,PASS,,Nodes #/texts/922 to #/texts/944 are all in sec_0021 once. None of the p102 content (sec_0022) is in this section.,
LOGIQ_e_R9_General_Service_Manual,sec_0021,102,5.4-flagged_for_review,PASS,,flagged_for_review is false and the title score is 100.,
LOGIQ_e_R9_General_Service_Manual,sec_0021,102,5.4-structural_source,PASS,,"structural_source is toc. The bookmark title 'Preparing for setup' is printed on the page, so the TOC source is supported.",
LOGIQ_e_R9_General_Service_Manual,sec_0021,102,5.6-numbering_scheme,PASS,,"The scheme is arabic. The printed folios use chapter-page numbers (for example 3-12 on its first page), and the numbering is consistent.",
LOGIQ_e_R9_General_Service_Manual,sec_0021,102,5.6-offset_applied,PASS,,"offset_applied is 0. The first page of the section (3-12 printed) is the physical page named in the bookmark, so the mapping is correct.",
LOGIQ_e_R9_General_Service_Manual,sec_0021,102,5.5-filters_discarding,PASS,,"sec_0021 ends on p101 and p102 belongs to sec_0022. No picture is lost: p100 and p101 have only text and a WARNING icon, which is decorative.",
LOGIQ_e_R9_General_Service_Manual,sec_0021,102,5.5-filters_passing_noise,PASS,,No image is mapped to sec_0021. Nothing decorative is kept.,
LOGIQ_e_R9_General_Service_Manual,sec_0021,102,5.5-image_section_mapping,PASS,,No image is mapped to sec_0021. p102 has no picture and belongs to sec_0022.,
LOGIQ_e_R9_General_Service_Manual,sec_0023,119,5.4-hierarchy_level,PASS,,'System Configuration' is level 2 under sec_0017 System Setup. On p119 the heading style fits that level (hierarchy_level matches the bookmark).,
LOGIQ_e_R9_General_Service_Manual,sec_0023,119,5.4-parent_child,PASS,,The section is level 2 under sec_0017 System Setup. The parent and children list agree with the chapter structure seen on p119.,
LOGIQ_e_R9_General_Service_Manual,sec_0023,119,5.4-page_start_end,PASS,,The section starts at the heading (#/texts/1062) on p111. It ends on p124 with Figure 3-17 (#/texts/1192). Page 125 starts sec_0024. Sampled page p119 is inside the range.,
LOGIQ_e_R9_General_Service_Manual,sec_0023,119,5.4-hierarchy_path,PASS,,/System Setup/System Configuration matches the running header on p111.,
LOGIQ_e_R9_General_Service_Manual,sec_0023,119,5.4-gaps_duplicates,PASS,,Text and the 13 tables (#/tables/33 to #/tables/45) are in sec_0023 once. The three USB pin tables on p116 are three real tables in the PDF.,
LOGIQ_e_R9_General_Service_Manual,sec_0023,119,5.4-flagged_for_review,PASS,,flagged_for_review is false and the title score is 100.,
LOGIQ_e_R9_General_Service_Manual,sec_0023,119,5.4-structural_source,PASS,,"structural_source is toc. The bookmark title 'System Configuration' is printed on the page, so the TOC source is supported.",
LOGIQ_e_R9_General_Service_Manual,sec_0023,119,5.6-numbering_scheme,PASS,,"The scheme is arabic. The printed folios use chapter-page numbers (for example 3-23 on its first page), and the numbering is consistent.",
LOGIQ_e_R9_General_Service_Manual,sec_0023,119,5.6-offset_applied,PASS,,"offset_applied is 0. The first page of the section (3-23 printed) is the physical page named in the bookmark, so the mapping is correct.",
LOGIQ_e_R9_General_Service_Manual,sec_0023,119,5.6-table_content,PASS,,"On p119 #/tables/44 is the continuation of Table 3-10. Rows 4 to 7 (Color Printer, ECG, Barcode Reader, HDMI) match the page text. Each row is in its own row. The photo column is empty because the photos are images.",No text is added twice. No BUG-030 or BUG-008 problem seen.
LOGIQ_e_R9_General_Service_Manual,sec_0023,119,5.5-filters_discarding,PASS,,"The four photos in the table rows 4 to 7 (printer, ECG, barcode reader, HDMI monitor) are extracted as img_0107 to img_0110.",
LOGIQ_e_R9_General_Service_Manual,sec_0023,119,5.5-filters_passing_noise,PASS,,Only the four real photos are kept. No logo or line is kept.,
LOGIQ_e_R9_General_Service_Manual,sec_0023,119,5.5-image_section_mapping,PASS,,img_0107 to img_0110 are on p119 and are mapped to sec_0023. The table is in sec_0023 too.,
LOGIQ_e_R9_General_Service_Manual,sec_0023,120,5.4-hierarchy_level,PASS,,'System Configuration' is level 2 under sec_0017 System Setup. On p120 the heading style fits that level (hierarchy_level matches the bookmark).,
LOGIQ_e_R9_General_Service_Manual,sec_0023,120,5.4-parent_child,PASS,,The section is level 2 under sec_0017 System Setup. The parent and children list agree with the chapter structure seen on p120.,
LOGIQ_e_R9_General_Service_Manual,sec_0023,120,5.4-page_start_end,PASS,,The section starts at the heading (#/texts/1062) on p111. It ends on p124 with Figure 3-17 (#/texts/1192). Page 125 starts sec_0024. Sampled page p120 is inside the range.,
LOGIQ_e_R9_General_Service_Manual,sec_0023,120,5.4-hierarchy_path,PASS,,/System Setup/System Configuration matches the running header on p111.,
LOGIQ_e_R9_General_Service_Manual,sec_0023,120,5.4-gaps_duplicates,PASS,,Text and the 13 tables (#/tables/33 to #/tables/45) are in sec_0023 once. The three USB pin tables on p116 are three real tables in the PDF.,
LOGIQ_e_R9_General_Service_Manual,sec_0023,120,5.4-flagged_for_review,PASS,,flagged_for_review is false and the title score is 100.,
LOGIQ_e_R9_General_Service_Manual,sec_0023,120,5.4-structural_source,PASS,,"structural_source is toc. The bookmark title 'System Configuration' is printed on the page, so the TOC source is supported.",
LOGIQ_e_R9_General_Service_Manual,sec_0023,120,5.6-numbering_scheme,PASS,,"The scheme is arabic. The printed folios use chapter-page numbers (for example 3-23 on its first page), and the numbering is consistent.",
LOGIQ_e_R9_General_Service_Manual,sec_0023,120,5.6-offset_applied,PASS,,"offset_applied is 0. The first page of the section (3-23 printed) is the physical page named in the bookmark, so the mapping is correct.",
LOGIQ_e_R9_General_Service_Manual,sec_0023,120,5.6-table_content,PASS,,p120 has only two text paragraphs (available probes). There is no table on this page.,Checked because the template has a table row. The probe table (#/tables/45) is on p121.
LOGIQ_e_R9_General_Service_Manual,sec_0023,120,5.5-filters_discarding,PASS,,p120 has text only (available probes). No picture is lost.,
LOGIQ_e_R9_General_Service_Manual,sec_0023,120,5.5-filters_passing_noise,PASS,,Nothing is kept as an image on p120.,
LOGIQ_e_R9_General_Service_Manual,sec_0023,120,5.5-image_section_mapping,PASS,,p120 has no picture. Nothing is mapped to it.,
LOGIQ_e_R9_General_Service_Manual,sec_0023,121,5.4-hierarchy_level,PASS,,'System Configuration' is level 2 under sec_0017 System Setup. On p121 the heading style fits that level (hierarchy_level matches the bookmark).,
LOGIQ_e_R9_General_Service_Manual,sec_0023,121,5.4-parent_child,PASS,,The section is level 2 under sec_0017 System Setup. The parent and children list agree with the chapter structure seen on p121.,
LOGIQ_e_R9_General_Service_Manual,sec_0023,121,5.4-page_start_end,PASS,,The section starts at the heading (#/texts/1062) on p111. It ends on p124 with Figure 3-17 (#/texts/1192). Page 125 starts sec_0024. Sampled page p121 is inside the range.,
LOGIQ_e_R9_General_Service_Manual,sec_0023,121,5.4-hierarchy_path,PASS,,/System Setup/System Configuration matches the running header on p111.,
LOGIQ_e_R9_General_Service_Manual,sec_0023,121,5.4-gaps_duplicates,PASS,,Text and the 13 tables (#/tables/33 to #/tables/45) are in sec_0023 once. The three USB pin tables on p116 are three real tables in the PDF.,
LOGIQ_e_R9_General_Service_Manual,sec_0023,121,5.4-flagged_for_review,PASS,,flagged_for_review is false and the title score is 100.,
LOGIQ_e_R9_General_Service_Manual,sec_0023,121,5.4-structural_source,PASS,,"structural_source is toc. The bookmark title 'System Configuration' is printed on the page, so the TOC source is supported.",
LOGIQ_e_R9_General_Service_Manual,sec_0023,121,5.6-numbering_scheme,PASS,,"The scheme is arabic. The printed folios use chapter-page numbers (for example 3-23 on its first page), and the numbering is consistent.",
LOGIQ_e_R9_General_Service_Manual,sec_0023,121,5.6-offset_applied,PASS,,"offset_applied is 0. The first page of the section (3-23 printed) is the physical page named in the bookmark, so the mapping is correct.",
LOGIQ_e_R9_General_Service_Manual,sec_0023,121,5.6-table_content,PASS,,"On p121 #/tables/45 has the header and 17 probe rows with 5 columns. All names, types, catalog and part numbers match the page, from C1-5-RS to L4-20t-RS. No row is lost and none is repeated.",No BUG-030 or BUG-008 problem seen.
LOGIQ_e_R9_General_Service_Manual,sec_0023,121,5.5-filters_discarding,PASS,,p121 has only Table 3-11 and a NOTE. No picture is lost.,
LOGIQ_e_R9_General_Service_Manual,sec_0023,121,5.5-filters_passing_noise,PASS,,Nothing is kept as an image on p121.,
LOGIQ_e_R9_General_Service_Manual,sec_0023,121,5.5-image_section_mapping,PASS,,p121 has no picture. Nothing is mapped to it.,
LOGIQ_e_R9_General_Service_Manual,sec_0025,130,5.4-hierarchy_level,PASS,,'Peripherals Installation' is level 2 under sec_0017 System Setup. On p130 the heading style fits that level (hierarchy_level matches the bookmark).,
LOGIQ_e_R9_General_Service_Manual,sec_0025,130,5.4-parent_child,PASS,,The section is level 2 under sec_0017 System Setup. The parent and children list agree with the chapter structure seen on p130.,
LOGIQ_e_R9_General_Service_Manual,sec_0025,130,5.4-page_start_end,PASS,,The section starts at the heading (#/texts/1217) on p126. It ends on p162 with Table 3-20 ECG Technical Specifications (#/tables/54). Page 163 starts sec_0026. Sampled page p130 is inside the range.,"verify_claims flags 'Chapter 4' on p163 as content past page_end. That text is the chapter opener of sec_0026. p162 (Table 3-20) is the last page of sec_0025, so page_end 162 is right and this is a false alarm. verify_claims flags 'Chapter 4' on p163 (BUG-022). This boilerplate label is graded once, on the p129 row (Low). This page itself is inside the range, so PASS."
LOGIQ_e_R9_General_Service_Manual,sec_0025,130,5.4-hierarchy_path,PASS,,/System Setup/Peripherals Installation matches the running header on p126.,
LOGIQ_e_R9_General_Service_Manual,sec_0025,130,5.4-gaps_duplicates,PASS,,Text and the 9 tables (#/tables/46 to #/tables/54) are in sec_0025 once. Repeated words on p141 and p148 come from separate table or step blocks.,
LOGIQ_e_R9_General_Service_Manual,sec_0025,130,5.4-flagged_for_review,PASS,,flagged_for_review is false and the title score is 100.,
LOGIQ_e_R9_General_Service_Manual,sec_0025,130,5.4-structural_source,PASS,,"structural_source is toc. The bookmark title 'Peripherals Installation' is printed on the page, so the TOC source is supported.",
LOGIQ_e_R9_General_Service_Manual,sec_0025,130,5.6-numbering_scheme,PASS,,"The scheme is arabic. The printed folios use chapter-page numbers (for example 3-38 on its first page), and the numbering is consistent.",
LOGIQ_e_R9_General_Service_Manual,sec_0025,130,5.6-offset_applied,PASS,,"offset_applied is 0. The first page of the section (3-38 printed) is the physical page named in the bookmark, so the mapping is correct.",
LOGIQ_e_R9_General_Service_Manual,sec_0025,130,5.6-table_content,PASS,,p130 has no table. It has the Color USB Printer steps and Figure 3-19.,Checked because the template has a table row.
LOGIQ_e_R9_General_Service_Manual,sec_0025,130,5.5-filters_discarding,PASS,,Figure 3-19 (color printer back with USB cable and power cord labels) is extracted as img_0114.,
LOGIQ_e_R9_General_Service_Manual,sec_0025,130,5.5-filters_passing_noise,PASS,,img_0114 is the real figure. Nothing decorative is kept.,
LOGIQ_e_R9_General_Service_Manual,sec_0025,130,5.5-image_section_mapping,PASS,,img_0114 is on p130 and is mapped to sec_0025. The Figure 3-19 caption (#/texts/1259) is in sec_0025.,
LOGIQ_e_R9_General_Service_Manual,sec_0025,161,5.4-hierarchy_level,PASS,,'Peripherals Installation' is level 2 under sec_0017 System Setup. On p161 the heading style fits that level (hierarchy_level matches the bookmark).,
LOGIQ_e_R9_General_Service_Manual,sec_0025,161,5.4-parent_child,PASS,,The section is level 2 under sec_0017 System Setup. The parent and children list agree with the chapter structure seen on p161.,
LOGIQ_e_R9_General_Service_Manual,sec_0025,161,5.4-page_start_end,PASS,,The section starts at the heading (#/texts/1217) on p126. It ends on p162 with Table 3-20 ECG Technical Specifications (#/tables/54). Page 163 starts sec_0026. Sampled page p161 is inside the range.,"verify_claims flags 'Chapter 4' on p163 as content past page_end. That text is the chapter opener of sec_0026. p162 (Table 3-20) is the last page of sec_0025, so page_end 162 is right and this is a false alarm. verify_claims flags 'Chapter 4' on p163 (BUG-022). This boilerplate label is graded once, on the p129 row (Low). This page itself is inside the range, so PASS."
LOGIQ_e_R9_General_Service_Manual,sec_0025,161,5.4-hierarchy_path,PASS,,/System Setup/Peripherals Installation matches the running header on p126.,
LOGIQ_e_R9_General_Service_Manual,sec_0025,161,5.4-gaps_duplicates,PASS,,Text and the 9 tables (#/tables/46 to #/tables/54) are in sec_0025 once. Repeated words on p141 and p148 come from separate table or step blocks.,
LOGIQ_e_R9_General_Service_Manual,sec_0025,161,5.4-flagged_for_review,PASS,,flagged_for_review is false and the title score is 100.,
LOGIQ_e_R9_General_Service_Manual,sec_0025,161,5.4-structural_source,PASS,,"structural_source is toc. The bookmark title 'Peripherals Installation' is printed on the page, so the TOC source is supported.",
LOGIQ_e_R9_General_Service_Manual,sec_0025,161,5.6-numbering_scheme,PASS,,"The scheme is arabic. The printed folios use chapter-page numbers (for example 3-38 on its first page), and the numbering is consistent.",
LOGIQ_e_R9_General_Service_Manual,sec_0025,161,5.6-offset_applied,PASS,,"offset_applied is 0. The first page of the section (3-38 printed) is the physical page named in the bookmark, so the mapping is correct.",
LOGIQ_e_R9_General_Service_Manual,sec_0025,161,5.6-table_content,PASS,,"On p161 #/tables/53 (Table 3-19 ECG Lead Placement) has the group header 'Patient Cable Marking' over AHA and IEC. The three lead rows (I, II, III) match: RA (White)/R (Red)/Right Arm, LA (Black)/L (Yellow)/Left Arm, RL (Green)/N (Black)/Right Leg.","The group header is in its own first row, but each value is still under its column. No BUG-030 or BUG-008 problem seen."
LOGIQ_e_R9_General_Service_Manual,sec_0025,161,5.5-filters_discarding,PASS,,p161 has text and Table 3-19. No picture is lost.,
LOGIQ_e_R9_General_Service_Manual,sec_0025,161,5.5-filters_passing_noise,PASS,,Nothing is kept as an image on p161.,
LOGIQ_e_R9_General_Service_Manual,sec_0025,161,5.5-image_section_mapping,PASS,,p161 has no picture. Nothing is mapped to it.,
LOGIQ_e_R9_General_Service_Manual,sec_0029,202,5.4-hierarchy_level,PASS,,"sec_0029 'Functional checks' has hierarchy_level 2. On p180 the title 'Functional checks' is a large section title with a 'Contents in this Section' list (#/texts/1845, #/texts/1846). Titles such as 'B mode Checks' and 'Color Printers' are bold run-in headings, not separate sections. Parent: sec_0026 'General Procedures and Functional Checks' (level 1). The level matches the printed hierarchy.",
LOGIQ_e_R9_General_Service_Manual,sec_0029,202,5.4-parent_child,PASS,,sec_0029 has parent sec_0026 'General Procedures and Functional Checks' (level 1) and no children. This agrees with the printed structure and the neighbouring sections in sections.json.,
LOGIQ_e_R9_General_Service_Manual,sec_0029,202,5.4-page_start_end,PASS,,"Section starts on p180 with #/texts/1845 and ends on p225 with the VCO paragraph (#/texts/2368). The table nodes #/tables/55 to #/tables/70 are on p184-p225, inside the range. The next section sec_0030 starts on p226 and none of its nodes are here. page_start 180 and page_end 225 match the printed boundaries. Sampled page 202 (folio 4-40) shows content that belongs to this section.",
LOGIQ_e_R9_General_Service_Manual,sec_0029,202,5.4-hierarchy_path,PASS,,hierarchy_path is '/General Procedures and Functional Checks/Functional checks'. It lists the chapter and section titles in the printed order.,
LOGIQ_e_R9_General_Service_Manual,sec_0029,202,5.4-gaps_duplicates,PASS,,"No gap or overlap with the neighbours. Node ids in sec_0029 are unique and semantic_order is continuous. Repeated texts such as running headers and '(continued)' headings are printed twice in the PDF, so they are not extraction duplicates.",
LOGIQ_e_R9_General_Service_Manual,sec_0029,202,5.4-flagged_for_review,PASS,,"flagged_for_review is false, verification_score is 100 and confidence is 1.0. The title matches the page, so no flag was needed.",
LOGIQ_e_R9_General_Service_Manual,sec_0029,202,5.4-structural_source,PASS,,"structural_source is 'toc'. The bookmark title 'Functional checks' matches the printed title on page 180, so the TOC source is supported.",
LOGIQ_e_R9_General_Service_Manual,sec_0029,202,5.6-numbering_scheme,PASS,,"numbering_scheme is 'arabic'. Page 202 prints the folio 4-40 (chapter-page arabic numbers), so the scheme is correct.",
LOGIQ_e_R9_General_Service_Manual,sec_0029,202,5.6-offset_applied,PASS,,"offset_applied is 0. Physical page 202 prints folio 4-40 and the section title page 180 is the physical page_start, so no offset is needed.",
LOGIQ_e_R9_General_Service_Manual,sec_0029,202,5.6-table_content,PASS,,"Page 202 has no table. It shows a NOTE, numbered steps and Figure 4-16. There is no table node on p202.",
LOGIQ_e_R9_General_Service_Manual,sec_0029,202,5.5-filters_discarding,PASS,,On p202 Figure 4-16 'Probe connectors' (photo of the probe plugged into the unit) is extracted as img_0166 (1458x618). No other figure is on this page.,
LOGIQ_e_R9_General_Service_Manual,sec_0029,202,5.5-filters_passing_noise,PASS,,"img_0166 is the real Figure 4-16, not decoration. Nothing else on p202 is kept as an image.",
LOGIQ_e_R9_General_Service_Manual,sec_0029,202,5.5-image_section_mapping,PASS,,img_0166 (p202) is mapped to sec_0029. The caption 'Figure 4-16' (#/texts/2112) is in sec_0029 and the photo sits just above it.,
LOGIQ_e_R9_General_Service_Manual,sec_0029,203,5.4-hierarchy_level,PASS,,"sec_0029 'Functional checks' has hierarchy_level 2. On p180 the title 'Functional checks' is a large section title with a 'Contents in this Section' list (#/texts/1845, #/texts/1846). Titles such as 'B mode Checks' and 'Color Printers' are bold run-in headings, not separate sections. Parent: sec_0026 'General Procedures and Functional Checks' (level 1). The level matches the printed hierarchy.",
LOGIQ_e_R9_General_Service_Manual,sec_0029,203,5.4-parent_child,PASS,,sec_0029 has parent sec_0026 'General Procedures and Functional Checks' (level 1) and no children. This agrees with the printed structure and the neighbouring sections in sections.json.,
LOGIQ_e_R9_General_Service_Manual,sec_0029,203,5.4-page_start_end,PASS,,"Section starts on p180 with #/texts/1845 and ends on p225 with the VCO paragraph (#/texts/2368). The table nodes #/tables/55 to #/tables/70 are on p184-p225, inside the range. The next section sec_0030 starts on p226 and none of its nodes are here. page_start 180 and page_end 225 match the printed boundaries. Sampled page 203 (folio 4-41) shows content that belongs to this section.",
LOGIQ_e_R9_General_Service_Manual,sec_0029,203,5.4-hierarchy_path,PASS,,hierarchy_path is '/General Procedures and Functional Checks/Functional checks'. It lists the chapter and section titles in the printed order.,
LOGIQ_e_R9_General_Service_Manual,sec_0029,203,5.4-gaps_duplicates,PASS,,"No gap or overlap with the neighbours. Node ids in sec_0029 are unique and semantic_order is continuous. Repeated texts such as running headers and '(continued)' headings are printed twice in the PDF, so they are not extraction duplicates.",
LOGIQ_e_R9_General_Service_Manual,sec_0029,203,5.4-flagged_for_review,PASS,,"flagged_for_review is false, verification_score is 100 and confidence is 1.0. The title matches the page, so no flag was needed.",
LOGIQ_e_R9_General_Service_Manual,sec_0029,203,5.4-structural_source,PASS,,"structural_source is 'toc'. The bookmark title 'Functional checks' matches the printed title on page 180, so the TOC source is supported.",
LOGIQ_e_R9_General_Service_Manual,sec_0029,203,5.6-numbering_scheme,PASS,,"numbering_scheme is 'arabic'. Page 203 prints the folio 4-41 (chapter-page arabic numbers), so the scheme is correct.",
LOGIQ_e_R9_General_Service_Manual,sec_0029,203,5.6-offset_applied,PASS,,"offset_applied is 0. Physical page 203 prints folio 4-41 and the section title page 180 is the physical page_start, so no offset is needed.",
LOGIQ_e_R9_General_Service_Manual,sec_0029,203,5.6-table_content,PASS,,Page 203 has no table. It has numbered steps and two WARNING boxes. There is no table node on p203.,
LOGIQ_e_R9_General_Service_Manual,sec_0029,203,5.5-filters_discarding,PASS,,"Page 203 has no figure. It has two WARNING triangle icons beside the text. They are decorative and not extracted, which is correct. The WARNING words and the box text are kept as nodes #/texts/2127 to #/texts/2130.","verify_claims flags a small dropped raster (137x118 px, 33x28 pt). It is the decorative CAUTION/WARNING triangle, which the reviewer rules treat as noise, so PASS is kept."
LOGIQ_e_R9_General_Service_Manual,sec_0029,203,5.5-filters_passing_noise,PASS,,"No image is extracted for p203, so no icon is kept as noise. The two WARNING triangles are correctly left out.",
LOGIQ_e_R9_General_Service_Manual,sec_0029,203,5.5-image_section_mapping,PASS,,"No image is on p203 and none is mapped to this page. The nearest images, img_0166 (p202) and img_0167 (p206), are on their own pages in sec_0029.",
LOGIQ_e_R9_General_Service_Manual,sec_0029,209,5.4-hierarchy_level,PASS,,"sec_0029 'Functional checks' has hierarchy_level 2. On p180 the title 'Functional checks' is a large section title with a 'Contents in this Section' list (#/texts/1845, #/texts/1846). Titles such as 'B mode Checks' and 'Color Printers' are bold run-in headings, not separate sections. Parent: sec_0026 'General Procedures and Functional Checks' (level 1). The level matches the printed hierarchy.",
LOGIQ_e_R9_General_Service_Manual,sec_0029,209,5.4-parent_child,PASS,,sec_0029 has parent sec_0026 'General Procedures and Functional Checks' (level 1) and no children. This agrees with the printed structure and the neighbouring sections in sections.json.,
LOGIQ_e_R9_General_Service_Manual,sec_0029,209,5.4-page_start_end,PASS,,"Section starts on p180 with #/texts/1845 and ends on p225 with the VCO paragraph (#/texts/2368). The table nodes #/tables/55 to #/tables/70 are on p184-p225, inside the range. The next section sec_0030 starts on p226 and none of its nodes are here. page_start 180 and page_end 225 match the printed boundaries. Sampled page 209 (folio 4-47) shows content that belongs to this section.",
LOGIQ_e_R9_General_Service_Manual,sec_0029,209,5.4-hierarchy_path,PASS,,hierarchy_path is '/General Procedures and Functional Checks/Functional checks'. It lists the chapter and section titles in the printed order.,
LOGIQ_e_R9_General_Service_Manual,sec_0029,209,5.4-gaps_duplicates,PASS,,"No gap or overlap with the neighbours. Node ids in sec_0029 are unique and semantic_order is continuous. Repeated texts such as running headers and '(continued)' headings are printed twice in the PDF, so they are not extraction duplicates.",
LOGIQ_e_R9_General_Service_Manual,sec_0029,209,5.4-flagged_for_review,PASS,,"flagged_for_review is false, verification_score is 100 and confidence is 1.0. The title matches the page, so no flag was needed.",
LOGIQ_e_R9_General_Service_Manual,sec_0029,209,5.4-structural_source,PASS,,"structural_source is 'toc'. The bookmark title 'Functional checks' matches the printed title on page 180, so the TOC source is supported.",
LOGIQ_e_R9_General_Service_Manual,sec_0029,209,5.6-numbering_scheme,PASS,,"numbering_scheme is 'arabic'. Page 209 prints the folio 4-47 (chapter-page arabic numbers), so the scheme is correct.",
LOGIQ_e_R9_General_Service_Manual,sec_0029,209,5.6-offset_applied,PASS,,"offset_applied is 0. Physical page 209 prints folio 4-47 and the section title page 180 is the physical page_start, so no offset is needed.",
LOGIQ_e_R9_General_Service_Manual,sec_0029,209,5.6-table_content,PASS,,Page 209 has no table. It is a bulleted list 'Supported Backup/Restore features in this version'. The 26 list items are paragraph nodes #/texts/2196 to #/texts/2220.,
LOGIQ_e_R9_General_Service_Manual,sec_0029,209,5.5-filters_discarding,PASS,,Page 209 has no figure. It is a text-only bulleted list. No image was expected and none was extracted.,
LOGIQ_e_R9_General_Service_Manual,sec_0029,209,5.5-filters_passing_noise,PASS,,"No image is extracted for p209, so nothing is kept as noise.",
LOGIQ_e_R9_General_Service_Manual,sec_0029,209,5.5-image_section_mapping,PASS,,"No image is on p209 and none is mapped to it. img_0168 (p207) and img_0169 (p208) are on the pages before and img_0170 is on p210, all in sec_0029.",
LOGIQ_e_R9_General_Service_Manual,sec_0029,217,5.4-hierarchy_level,PASS,,"sec_0029 'Functional checks' has hierarchy_level 2. On p180 the title 'Functional checks' is a large section title with a 'Contents in this Section' list (#/texts/1845, #/texts/1846). Titles such as 'B mode Checks' and 'Color Printers' are bold run-in headings, not separate sections. Parent: sec_0026 'General Procedures and Functional Checks' (level 1). The level matches the printed hierarchy.",
LOGIQ_e_R9_General_Service_Manual,sec_0029,217,5.4-parent_child,PASS,,sec_0029 has parent sec_0026 'General Procedures and Functional Checks' (level 1) and no children. This agrees with the printed structure and the neighbouring sections in sections.json.,
LOGIQ_e_R9_General_Service_Manual,sec_0029,217,5.4-page_start_end,PASS,,"Section starts on p180 with #/texts/1845 and ends on p225 with the VCO paragraph (#/texts/2368). The table nodes #/tables/55 to #/tables/70 are on p184-p225, inside the range. The next section sec_0030 starts on p226 and none of its nodes are here. page_start 180 and page_end 225 match the printed boundaries. Sampled page 217 (folio 4-55) shows content that belongs to this section.",
LOGIQ_e_R9_General_Service_Manual,sec_0029,217,5.4-hierarchy_path,PASS,,hierarchy_path is '/General Procedures and Functional Checks/Functional checks'. It lists the chapter and section titles in the printed order.,
LOGIQ_e_R9_General_Service_Manual,sec_0029,217,5.4-gaps_duplicates,PASS,,"No gap or overlap with the neighbours. Node ids in sec_0029 are unique and semantic_order is continuous. Repeated texts such as running headers and '(continued)' headings are printed twice in the PDF, so they are not extraction duplicates.",
LOGIQ_e_R9_General_Service_Manual,sec_0029,217,5.4-flagged_for_review,PASS,,"flagged_for_review is false, verification_score is 100 and confidence is 1.0. The title matches the page, so no flag was needed.",
LOGIQ_e_R9_General_Service_Manual,sec_0029,217,5.4-structural_source,PASS,,"structural_source is 'toc'. The bookmark title 'Functional checks' matches the printed title on page 180, so the TOC source is supported.",
LOGIQ_e_R9_General_Service_Manual,sec_0029,217,5.6-numbering_scheme,PASS,,"numbering_scheme is 'arabic'. Page 217 prints the folio 4-55 (chapter-page arabic numbers), so the scheme is correct.",
LOGIQ_e_R9_General_Service_Manual,sec_0029,217,5.6-offset_applied,PASS,,"offset_applied is 0. Physical page 217 prints folio 4-55 and the section title page 180 is the physical page_start, so no offset is needed.",
LOGIQ_e_R9_General_Service_Manual,sec_0029,217,5.6-table_content,PASS,,"Table 4-10 on p217 is #/tables/66. It has 3 columns (Step, Task to do, Expected Result(s)) and 5 rows. All cells match the rendering, including the long row 4 about Print1-3 keys. No row is lost, no text is added twice and each value is under its own column.",Checked for BUG-030 (lost table line) and BUG-008 (shifted cells): neither is seen. The caption 'Table 4-10' is a separate node (#/texts/2287) and is not repeated in the cells.
LOGIQ_e_R9_General_Service_Manual,sec_0029,217,5.5-filters_discarding,PASS,,"Page 217 has only a heading and a table. It has no figure, so nothing was discarded.",
LOGIQ_e_R9_General_Service_Manual,sec_0029,217,5.5-filters_passing_noise,PASS,,No image is extracted for p217. No decoration is kept.,
LOGIQ_e_R9_General_Service_Manual,sec_0029,217,5.5-image_section_mapping,PASS,,"No image is on p217 and none is mapped to it. The nearest images are img_0166 (p202) and img_0177 (p218), both in sec_0029.",
LOGIQ_e_R9_General_Service_Manual,sec_0029,220,5.4-hierarchy_level,PASS,,"sec_0029 'Functional checks' has hierarchy_level 2. On p180 the title 'Functional checks' is a large section title with a 'Contents in this Section' list (#/texts/1845, #/texts/1846). Titles such as 'B mode Checks' and 'Color Printers' are bold run-in headings, not separate sections. Parent: sec_0026 'General Procedures and Functional Checks' (level 1). The level matches the printed hierarchy.",
LOGIQ_e_R9_General_Service_Manual,sec_0029,220,5.4-parent_child,PASS,,sec_0029 has parent sec_0026 'General Procedures and Functional Checks' (level 1) and no children. This agrees with the printed structure and the neighbouring sections in sections.json.,
LOGIQ_e_R9_General_Service_Manual,sec_0029,220,5.4-page_start_end,PASS,,"Section starts on p180 with #/texts/1845 and ends on p225 with the VCO paragraph (#/texts/2368). The table nodes #/tables/55 to #/tables/70 are on p184-p225, inside the range. The next section sec_0030 starts on p226 and none of its nodes are here. page_start 180 and page_end 225 match the printed boundaries. Sampled page 220 (folio 4-58) shows content that belongs to this section.",
LOGIQ_e_R9_General_Service_Manual,sec_0029,220,5.4-hierarchy_path,PASS,,hierarchy_path is '/General Procedures and Functional Checks/Functional checks'. It lists the chapter and section titles in the printed order.,
LOGIQ_e_R9_General_Service_Manual,sec_0029,220,5.4-gaps_duplicates,PASS,,"No gap or overlap with the neighbours. Node ids in sec_0029 are unique and semantic_order is continuous. Repeated texts such as running headers and '(continued)' headings are printed twice in the PDF, so they are not extraction duplicates.",
LOGIQ_e_R9_General_Service_Manual,sec_0029,220,5.4-flagged_for_review,PASS,,"flagged_for_review is false, verification_score is 100 and confidence is 1.0. The title matches the page, so no flag was needed.",
LOGIQ_e_R9_General_Service_Manual,sec_0029,220,5.4-structural_source,PASS,,"structural_source is 'toc'. The bookmark title 'Functional checks' matches the printed title on page 180, so the TOC source is supported.",
LOGIQ_e_R9_General_Service_Manual,sec_0029,220,5.6-numbering_scheme,PASS,,"numbering_scheme is 'arabic'. Page 220 prints the folio 4-58 (chapter-page arabic numbers), so the scheme is correct.",
LOGIQ_e_R9_General_Service_Manual,sec_0029,220,5.6-offset_applied,PASS,,"offset_applied is 0. Physical page 220 prints folio 4-58 and the section title page 180 is the physical page_start, so no offset is needed.",
LOGIQ_e_R9_General_Service_Manual,sec_0029,220,5.6-table_content,PASS,,Page 220 has no table. It has numbered steps 4 to 8 and Figures 4-30 and 4-31. There is no table node on p220.,
LOGIQ_e_R9_General_Service_Manual,sec_0029,220,5.5-filters_discarding,PASS,,On p220 both figures are extracted: img_0180 (Figure 4-30) and img_0181 (Figure 4-31). On p222 the render shows 'Figure 4-33. Verify Media' as a caption only. There is no picture under it. img_0182 is the only figure on p222 and it is kept.,"The earlier draft counted 30 captions and 29 images and guessed one figure was lost. The p222 render shows that caption has no figure, so nothing is lost. A new image img_0185 (status bar strip) is now kept on p224 in sec_0029 (BUG-011 fix)."
LOGIQ_e_R9_General_Service_Manual,sec_0029,220,5.5-filters_passing_noise,PASS,,img_0180 and img_0181 are real screenshots (Figures 4-30 and 4-31). Nothing decorative is kept as an image on p220.,
LOGIQ_e_R9_General_Service_Manual,sec_0029,220,5.5-image_section_mapping,PASS,,img_0180 and img_0181 (p220) are mapped to sec_0029. Their captions (#/texts/2325 and #/texts/2326) are in sec_0029 and each screenshot is above its own caption.,
LOGIQ_e_R9_General_Service_Manual,sec_0031,231,5.4-hierarchy_level,PASS,,sec_0031 'Imaging Insights' has hierarchy_level 2. On p228 the title 'Imaging Insights' is a large section title (#/texts/2387). 'Imaging Insights (continued)' on p229 and 'Imaging Insights Support' on p230 are run-in headings. Parent: sec_0026 'General Procedures and Functional Checks' (level 1). The level matches the printed hierarchy.,
LOGIQ_e_R9_General_Service_Manual,sec_0031,231,5.4-parent_child,PASS,,sec_0031 has parent sec_0026 'General Procedures and Functional Checks' (level 1) and no children. This agrees with the printed structure and the neighbouring sections in sections.json.,
LOGIQ_e_R9_General_Service_Manual,sec_0031,231,5.4-page_start_end,PASS,,"Page 231 is outside sec_0031 and is the first page of sec_0032 'Probe Check' (large title, Introduction, two CAUTION boxes). No node of p231 is in sec_0031. sec_0031 starts on p228 with the title #/texts/2387 and ends on p230 with table #/tables/71. page_start 228 and page_end 230 are right.",
LOGIQ_e_R9_General_Service_Manual,sec_0031,231,5.4-hierarchy_path,PASS,,hierarchy_path is '/General Procedures and Functional Checks/Imaging Insights'. It lists the chapter and section titles in the printed order.,
LOGIQ_e_R9_General_Service_Manual,sec_0031,231,5.4-gaps_duplicates,PASS,,"No gap or overlap with the neighbours. Node ids in sec_0031 are unique and semantic_order is continuous. Repeated texts such as running headers and '(continued)' headings are printed twice in the PDF, so they are not extraction duplicates.",
LOGIQ_e_R9_General_Service_Manual,sec_0031,231,5.4-flagged_for_review,PASS,,"flagged_for_review is false, verification_score is 100 and confidence is 1.0. The title matches the page, so no flag was needed.",
LOGIQ_e_R9_General_Service_Manual,sec_0031,231,5.4-structural_source,PASS,,"structural_source is 'toc'. The bookmark title 'Imaging Insights' matches the printed title on page 228, so the TOC source is supported.",
LOGIQ_e_R9_General_Service_Manual,sec_0031,231,5.6-numbering_scheme,PASS,,numbering_scheme is 'arabic'. Section pages print folios 4-66 (p228) and 4-68 (p230). Sampled page 231 prints 4-69 and belongs to the next section.,
LOGIQ_e_R9_General_Service_Manual,sec_0031,231,5.6-offset_applied,PASS,,"offset_applied is 0. Physical p228 prints folio 4-66 and is the page_start of the section, and p230 prints 4-68. The sampled p231 prints 4-69 and starts the next section. No offset is needed.",
LOGIQ_e_R9_General_Service_Manual,sec_0031,231,5.6-table_content,PASS,,"The only table of sec_0031 is #/tables/71 (Table 4-15, p230). It has 3 columns and 8 country rows (UK, DE, IT, ES, FR, Turkey, KSA, Africa). Phones and emails match the p230 rendering, even the spelling 'AfricaHEalthcafeDigital@ge.com'. No row is lost or repeated. Sampled p231 has no table.",Checked for BUG-030 and BUG-008: neither is seen.
LOGIQ_e_R9_General_Service_Manual,sec_0031,231,5.5-filters_discarding,PASS,,"sec_0031 has two figures: Figure 4-40 (screenshot with the Imaging Insights button circled, p228) is img_0189 and Figure 4-41 (p229) is img_0190. Both are extracted. Sampled p231 belongs to sec_0032 and its CAUTION triangles are decorative.","The p229 render is not in this batch, so Figure 4-41 was checked only by its caption and img_0190. verify_claims flags a small dropped raster (137x118 px, 33x28 pt). It is the decorative CAUTION/WARNING triangle, which the reviewer rules treat as noise, so PASS is kept."
LOGIQ_e_R9_General_Service_Manual,sec_0031,231,5.5-filters_passing_noise,PASS,,"img_0189 and img_0190 are real screenshots (Figures 4-40 and 4-41). No rule, logo or divider is kept as an image in sec_0031.",
LOGIQ_e_R9_General_Service_Manual,sec_0031,231,5.5-image_section_mapping,PASS,,img_0189 (p228) and img_0190 (p229) are mapped to sec_0031. Both pages are inside p228-p230 and the captions #/texts/2392 and #/texts/2399 are in sec_0031.,
LOGIQ_e_R9_General_Service_Manual,sec_0032,232,5.4-hierarchy_level,PASS,,"sec_0032 'Probe Check' has hierarchy_level 2. On p231 the title 'Probe Check' is a large section title (#/texts/2421). 'Introduction', 'Presets', 'Auto Trigger' and 'Manual Trigger' are bold run-in headings. Parent: sec_0026 'General Procedures and Functional Checks' (level 1). The level matches the printed hierarchy.",
LOGIQ_e_R9_General_Service_Manual,sec_0032,232,5.4-parent_child,PASS,,sec_0032 has parent sec_0026 'General Procedures and Functional Checks' (level 1) and no children. This agrees with the printed structure and the neighbouring sections in sections.json.,
LOGIQ_e_R9_General_Service_Manual,sec_0032,232,5.4-page_start_end,PASS,,Page 232 holds 'Supported probes' and 'Presets' (#/texts/2429 to #/texts/2441). All nodes belong to sec_0032 and nothing from other sections is on this page. The boundary issue of this section (label 'Chapter 5' from p239) is recorded on the p231 row.,"verify_claims flags the node 'Chapter 5' (p239) on every sec_0032 row. It is graded once, on the p231 row, so this page row stays PASS."
LOGIQ_e_R9_General_Service_Manual,sec_0032,232,5.4-hierarchy_path,PASS,,hierarchy_path is '/General Procedures and Functional Checks/Probe Check'. It lists the chapter and section titles in the printed order.,
LOGIQ_e_R9_General_Service_Manual,sec_0032,232,5.4-gaps_duplicates,PASS,,No gap or overlap with the neighbours on p232. Node ids are unique and semantic_order 2401-2481 is continuous.,The extra node 'Chapter 5' (p239) is recorded on the p231 page_start_end row.
LOGIQ_e_R9_General_Service_Manual,sec_0032,232,5.4-flagged_for_review,PASS,,"flagged_for_review is false, verification_score is 100 and confidence is 1.0. The title matches the page, so no flag was needed.",
LOGIQ_e_R9_General_Service_Manual,sec_0032,232,5.4-structural_source,PASS,,"structural_source is 'toc'. The bookmark title 'Probe Check' matches the printed title on page 231, so the TOC source is supported.",
LOGIQ_e_R9_General_Service_Manual,sec_0032,232,5.6-numbering_scheme,PASS,,"numbering_scheme is 'arabic'. Page 232 prints the folio 4-70 (chapter-page arabic numbers), so the scheme is correct.",
LOGIQ_e_R9_General_Service_Manual,sec_0032,232,5.6-offset_applied,PASS,,"offset_applied is 0. Physical page 232 prints folio 4-70 and the section title page 231 is the physical page_start, so no offset is needed.",
LOGIQ_e_R9_General_Service_Manual,sec_0032,232,5.5-filters_discarding,PASS,,"Page 232 has no figure. It has a bullet list, notes and one CAUTION triangle icon. The icon is decorative and not extracted, which is correct. Its text is kept as #/texts/2439 and #/texts/2440.","verify_claims flags a small dropped raster (137x118 px, 33x28 pt). It is the decorative CAUTION/WARNING triangle, which the reviewer rules treat as noise, so PASS is kept."
LOGIQ_e_R9_General_Service_Manual,sec_0032,232,5.5-filters_passing_noise,PASS,,No image is extracted for p232. The CAUTION triangle is correctly not kept.,
LOGIQ_e_R9_General_Service_Manual,sec_0032,232,5.5-image_section_mapping,PASS,,No image is on p232. The next image img_0191 (Figure 4-42) is on p233 and is mapped to sec_0032.,
LOGIQ_e_R9_General_Service_Manual,sec_0045,271,5.4-hierarchy_level,PASS,,"sec_0045 'USB Quick Save' has hierarchy_level 2. On p271 (printed 7-7) it is a chapter-level title like its siblings under 'Diagnostics/Troubleshooting' (level 1, sec_0042). Level 2 is consistent.",
LOGIQ_e_R9_General_Service_Manual,sec_0045,271,5.4-parent_child,PASS,,"sec_0045 has parent_section_id sec_0042 ('Diagnostics/Troubleshooting', level 1, p265-396) and no child_sections. Siblings sec_0045, sec_0046, sec_0047 and sec_0048 share the same parent. The nesting is coherent.",
LOGIQ_e_R9_General_Service_Manual,sec_0045,271,5.4-page_start_end,PASS,,"Checked on p271 (printed 7-7) shows the big title 'USB Quick Save', the 'Overview' heading and two paragraphs (nodes #/texts/2785, 2784, 2786, 2787). It starts on p271 with its title and ends on p274 with Figure 7-5. The next section sec_0046 starts on p275 with 'Screen Capture'. The page_start and page_end match the rendered boundaries and all nodes belong to sec_0045.",
LOGIQ_e_R9_General_Service_Manual,sec_0045,271,5.4-hierarchy_path,PASS,,hierarchy_path '/Diagnostics/Troubleshooting/USB Quick Save' matches the running header 'Diagnostics/Troubleshooting' and the section title seen on p271 (printed 7-7). The order is correct.,
LOGIQ_e_R9_General_Service_Manual,sec_0045,271,5.4-gaps_duplicates,PASS,,"Checked on p271 (printed 7-7) shows the big title 'USB Quick Save', the 'Overview' heading and two paragraphs (nodes #/texts/2785, 2784, 2786, 2787). Every printed block on this page is present once. No text is repeated and nothing is missing. Neighbour sections do not overlap sec_0045.",
LOGIQ_e_R9_General_Service_Manual,sec_0045,271,5.4-flagged_for_review,PASS,,"sec_0045 has flagged_for_review false, confidence 1.0 and verification_score 100. The title is found on the resolved page, so no flag is needed. The flag matches what is visible.",
LOGIQ_e_R9_General_Service_Manual,sec_0045,271,5.4-structural_source,PASS,,sec_0045 has structural_source 'toc'. Its title 'USB Quick Save' is seen on its start page (271) and matches the embedded bookmark. The TOC source is supported.,
LOGIQ_e_R9_General_Service_Manual,sec_0045,271,5.6-numbering_scheme,PASS,,The footer on this page prints chapter-page numbers (for example 7-7 on p271). The recorded numbering_scheme 'arabic' is the right family for these numbers.,
LOGIQ_e_R9_General_Service_Manual,sec_0045,271,5.6-offset_applied,PASS,,offset_applied is 0. The physical page 271 is the page that shows 7-7 in the footer and the expected content. The mapping is correct.,
LOGIQ_e_R9_General_Service_Manual,sec_0045,271,5.5-filters_discarding,PASS,,"Checked on p271 (printed 7-7) shows the big title 'USB Quick Save', the 'Overview' heading and two paragraphs (nodes #/texts/2785, 2784, 2786, 2787). There is no figure on this page and no image was extracted. No meaningful visual was discarded.",
LOGIQ_e_R9_General_Service_Manual,sec_0045,271,5.5-filters_passing_noise,PASS,,"No image was extracted for p271, so no decorative noise (rule, logo, divider) was kept.",
LOGIQ_e_R9_General_Service_Manual,sec_0045,271,5.5-image_section_mapping,PASS,,On p271 I looked for a figure and found none. Nothing needs mapping to sec_0045.,
LOGIQ_e_R9_General_Service_Manual,sec_0045,273,5.4-hierarchy_level,PASS,,"sec_0045 'USB Quick Save' has hierarchy_level 2. On p273 (printed 7-9) it is a chapter-level title like its siblings under 'Diagnostics/Troubleshooting' (level 1, sec_0042). Level 2 is consistent.",
LOGIQ_e_R9_General_Service_Manual,sec_0045,273,5.4-parent_child,PASS,,"sec_0045 has parent_section_id sec_0042 ('Diagnostics/Troubleshooting', level 1, p265-396) and no child_sections. Siblings sec_0045, sec_0046, sec_0047 and sec_0048 share the same parent. The nesting is coherent.",
LOGIQ_e_R9_General_Service_Manual,sec_0045,273,5.4-page_start_end,PASS,,"Checked on p273 (printed 7-9) shows 'USB Quick Save (continued)', a paragraph, a NOTE and Figure 7-3 (#/texts/2797-2800). It starts on p271 with its title and ends on p274 with Figure 7-5. The next section sec_0046 starts on p275 with 'Screen Capture'. The page_start and page_end match the rendered boundaries and all nodes belong to sec_0045.",
LOGIQ_e_R9_General_Service_Manual,sec_0045,273,5.4-hierarchy_path,PASS,,hierarchy_path '/Diagnostics/Troubleshooting/USB Quick Save' matches the running header 'Diagnostics/Troubleshooting' and the section title seen on p273 (printed 7-9). The order is correct.,
LOGIQ_e_R9_General_Service_Manual,sec_0045,273,5.4-gaps_duplicates,PASS,,"Checked on p273 (printed 7-9) shows 'USB Quick Save (continued)', a paragraph, a NOTE and Figure 7-3 (#/texts/2797-2800). Every printed block on this page is present once. No text is repeated and nothing is missing. Neighbour sections do not overlap sec_0045.",
LOGIQ_e_R9_General_Service_Manual,sec_0045,273,5.4-flagged_for_review,PASS,,"sec_0045 has flagged_for_review false, confidence 1.0 and verification_score 100. The title is found on the resolved page, so no flag is needed. The flag matches what is visible.",
LOGIQ_e_R9_General_Service_Manual,sec_0045,273,5.4-structural_source,PASS,,sec_0045 has structural_source 'toc'. Its title 'USB Quick Save' is seen on its start page (271) and matches the embedded bookmark. The TOC source is supported.,
LOGIQ_e_R9_General_Service_Manual,sec_0045,273,5.6-numbering_scheme,PASS,,The footer on this page prints chapter-page numbers (for example 7-7 on p271). The recorded numbering_scheme 'arabic' is the right family for these numbers.,
LOGIQ_e_R9_General_Service_Manual,sec_0045,273,5.6-offset_applied,PASS,,offset_applied is 0. The physical page 273 is the page that shows 7-9 in the footer and the expected content. The mapping is correct.,
LOGIQ_e_R9_General_Service_Manual,sec_0045,273,5.5-filters_discarding,PASS,,"Checked on p273 (printed 7-9) shows 'USB Quick Save (continued)', a paragraph, a NOTE and Figure 7-3 (#/texts/2797-2800). The figure is kept as img_0219. No other figure or meaningful icon is missing on this page.",
LOGIQ_e_R9_General_Service_Manual,sec_0045,273,5.5-filters_passing_noise,PASS,,"The extracted img_0219 is a real screenshot or figure printed on p273 and not a rule, logo or footer divider. No decorative noise was kept.",
LOGIQ_e_R9_General_Service_Manual,sec_0045,273,5.5-image_section_mapping,PASS,,"On p273 the figure (img_0219) is mapped to sec_0045, which owns the text and caption next to it.",
LOGIQ_e_R9_General_Service_Manual,sec_0046,276,5.4-hierarchy_level,PASS,,"sec_0046 'Screen Capture' has hierarchy_level 2. On p276 (printed 7-12) it is a chapter-level title like its siblings under 'Diagnostics/Troubleshooting' (level 1, sec_0042). Level 2 is consistent.",
LOGIQ_e_R9_General_Service_Manual,sec_0046,276,5.4-parent_child,PASS,,"sec_0046 has parent_section_id sec_0042 ('Diagnostics/Troubleshooting', level 1, p265-396) and no child_sections. Siblings sec_0045, sec_0046, sec_0047 and sec_0048 share the same parent. The nesting is coherent.",
LOGIQ_e_R9_General_Service_Manual,sec_0046,276,5.4-page_start_end,PASS,,"Checked on p276 (printed 7-12) shows 'Check and Record the P1 Key Function', steps 1-6 and Figure 7-6 (#/texts/2827-2835). It starts on p275 with 'Screen Capture' and ends on p282 with 'Reset the P1 Key to Customer's Functionality'. The next section sec_0047 starts on p283 with its own title page. Pages 280-282 hold hardware error screens inside this bookmark range, which is how the PDF is laid out. The page_start and page_end match the rendered boundaries and all nodes belong to sec_0046.","Minor: in reading order the caption Figure 7-6 (#/texts/2835) comes after steps 5-6, while the figure is printed between step 4 and step 5. The text is still in the right section."
LOGIQ_e_R9_General_Service_Manual,sec_0046,276,5.4-hierarchy_path,PASS,,hierarchy_path '/Diagnostics/Troubleshooting/Screen Capture' matches the running header 'Diagnostics/Troubleshooting' and the section title seen on p276 (printed 7-12). The order is correct.,
LOGIQ_e_R9_General_Service_Manual,sec_0046,276,5.4-gaps_duplicates,PASS,,"Checked on p276 (printed 7-12) shows 'Check and Record the P1 Key Function', steps 1-6 and Figure 7-6 (#/texts/2827-2835). Every printed block on this page is present once. No text is repeated and nothing is missing. Neighbour sections do not overlap sec_0046.",
LOGIQ_e_R9_General_Service_Manual,sec_0046,276,5.4-flagged_for_review,PASS,,"sec_0046 has flagged_for_review false, confidence 1.0 and verification_score 100. The title is found on the resolved page, so no flag is needed. The flag matches what is visible.",
LOGIQ_e_R9_General_Service_Manual,sec_0046,276,5.4-structural_source,PASS,,sec_0046 has structural_source 'toc'. Its title 'Screen Capture' is seen on its start page (275) and matches the embedded bookmark. The TOC source is supported.,
LOGIQ_e_R9_General_Service_Manual,sec_0046,276,5.6-numbering_scheme,PASS,,The footer on this page prints chapter-page numbers (for example 7-7 on p271). The recorded numbering_scheme 'arabic' is the right family for these numbers.,
LOGIQ_e_R9_General_Service_Manual,sec_0046,276,5.6-offset_applied,PASS,,offset_applied is 0. The physical page 276 is the page that shows 7-12 in the footer and the expected content. The mapping is correct.,
LOGIQ_e_R9_General_Service_Manual,sec_0046,276,5.5-filters_discarding,PASS,,"Checked on p276 (printed 7-12) shows 'Check and Record the P1 Key Function', steps 1-6 and Figure 7-6 (#/texts/2827-2835). The figure is kept as img_0222. No other figure or meaningful icon is missing on this page.",
LOGIQ_e_R9_General_Service_Manual,sec_0046,276,5.5-filters_passing_noise,PASS,,"The extracted img_0222 is a real screenshot or figure printed on p276 and not a rule, logo or footer divider. No decorative noise was kept.",
LOGIQ_e_R9_General_Service_Manual,sec_0046,276,5.5-image_section_mapping,PASS,,"On p276 the figure (img_0222) is mapped to sec_0046, which owns the text and caption next to it.",
LOGIQ_e_R9_General_Service_Manual,sec_0047,284,5.4-hierarchy_level,PASS,,"sec_0047 'Common Service Desktop' has hierarchy_level 2. On p284 (printed 7-20) it is a chapter-level title like its siblings under 'Diagnostics/Troubleshooting' (level 1, sec_0042). Level 2 is consistent.",
LOGIQ_e_R9_General_Service_Manual,sec_0047,284,5.4-parent_child,PASS,,"sec_0047 has parent_section_id sec_0042 ('Diagnostics/Troubleshooting', level 1, p265-396) and no child_sections. Siblings sec_0045, sec_0046, sec_0047 and sec_0048 share the same parent. The nesting is coherent.",
LOGIQ_e_R9_General_Service_Manual,sec_0047,284,5.4-page_start_end,PASS,,"Checked on p284 (printed 7-20) shows only 'Disruptive mode' text, bullets and a NOTE (#/texts/2912-2920). It starts on p283 with 'Common Service Desktop' and ends on p343 with Table 7-25. The next section sec_0048 starts on p344. No sec_0046 or sec_0048 content is absorbed. The page_start and page_end match the rendered boundaries and all nodes belong to sec_0047.",
LOGIQ_e_R9_General_Service_Manual,sec_0047,284,5.4-hierarchy_path,PASS,,hierarchy_path '/Diagnostics/Troubleshooting/Common Service Desktop' matches the running header 'Diagnostics/Troubleshooting' and the section title seen on p284 (printed 7-20). The order is correct.,
LOGIQ_e_R9_General_Service_Manual,sec_0047,284,5.4-gaps_duplicates,PASS,,"Checked on p284 (printed 7-20) shows only 'Disruptive mode' text, bullets and a NOTE (#/texts/2912-2920). Every printed block on this page is present once. No text is repeated and nothing is missing. Neighbour sections do not overlap sec_0047.",
LOGIQ_e_R9_General_Service_Manual,sec_0047,284,5.4-flagged_for_review,PASS,,"sec_0047 has flagged_for_review false, confidence 1.0 and verification_score 100. The title is found on the resolved page, so no flag is needed. The flag matches what is visible.",
LOGIQ_e_R9_General_Service_Manual,sec_0047,284,5.4-structural_source,PASS,,sec_0047 has structural_source 'toc'. Its title 'Common Service Desktop' is seen on its start page (283) and matches the embedded bookmark. The TOC source is supported.,
LOGIQ_e_R9_General_Service_Manual,sec_0047,284,5.6-numbering_scheme,PASS,,The footer on this page prints chapter-page numbers (for example 7-7 on p271). The recorded numbering_scheme 'arabic' is the right family for these numbers.,
LOGIQ_e_R9_General_Service_Manual,sec_0047,284,5.6-offset_applied,PASS,,offset_applied is 0. The physical page 284 is the page that shows 7-20 in the footer and the expected content. The mapping is correct.,
LOGIQ_e_R9_General_Service_Manual,sec_0047,284,5.6-table_content,PASS,,"Page 285 prints bullet lists only and has no table. There is no table node on p285 in sec_0047. Nothing to compare for this page. I also compared the tables on the other sampled pages: #/tables/88 on p315 and #/tables/103 on p338 match the printed rows, with no duplicated or shifted row. Table 7-25 (#/tables/106, p343) has all 11 printed rows.",No BUG-030 lost line found in the tables I checked. Empty first-column cells in #/tables/103 are empty in the PDF too.
LOGIQ_e_R9_General_Service_Manual,sec_0047,284,5.5-filters_discarding,PASS,,"Checked on p284 (printed 7-20) shows only 'Disruptive mode' text, bullets and a NOTE (#/texts/2912-2920). There is no figure on this page and no image was extracted. No meaningful visual was discarded.",
LOGIQ_e_R9_General_Service_Manual,sec_0047,284,5.5-filters_passing_noise,PASS,,"No image was extracted for p284, so no decorative noise (rule, logo, divider) was kept.",
LOGIQ_e_R9_General_Service_Manual,sec_0047,284,5.5-image_section_mapping,PASS,,On p284 I looked for a figure and found none. Nothing needs mapping to sec_0047.,
LOGIQ_e_R9_General_Service_Manual,sec_0047,290,5.4-hierarchy_level,PASS,,"sec_0047 'Common Service Desktop' has hierarchy_level 2. On p290 (printed 7-26) it is a chapter-level title like its siblings under 'Diagnostics/Troubleshooting' (level 1, sec_0042). Level 2 is consistent.",
LOGIQ_e_R9_General_Service_Manual,sec_0047,290,5.4-parent_child,PASS,,"sec_0047 has parent_section_id sec_0042 ('Diagnostics/Troubleshooting', level 1, p265-396) and no child_sections. Siblings sec_0045, sec_0046, sec_0047 and sec_0048 share the same parent. The nesting is coherent.",
LOGIQ_e_R9_General_Service_Manual,sec_0047,290,5.4-page_start_end,PASS,,Checked on p290 (printed 7-26) shows 'Software Status' text and Figure 7-17 (#/texts/3021-3025). It starts on p283 with 'Common Service Desktop' and ends on p343 with Table 7-25. The next section sec_0048 starts on p344. No sec_0046 or sec_0048 content is absorbed. The page_start and page_end match the rendered boundaries and all nodes belong to sec_0047.,
LOGIQ_e_R9_General_Service_Manual,sec_0047,290,5.4-hierarchy_path,PASS,,hierarchy_path '/Diagnostics/Troubleshooting/Common Service Desktop' matches the running header 'Diagnostics/Troubleshooting' and the section title seen on p290 (printed 7-26). The order is correct.,
LOGIQ_e_R9_General_Service_Manual,sec_0047,290,5.4-gaps_duplicates,PASS,,Checked on p290 (printed 7-26) shows 'Software Status' text and Figure 7-17 (#/texts/3021-3025). Every printed block on this page is present once. No text is repeated and nothing is missing. Neighbour sections do not overlap sec_0047.,
LOGIQ_e_R9_General_Service_Manual,sec_0047,290,5.4-flagged_for_review,PASS,,"sec_0047 has flagged_for_review false, confidence 1.0 and verification_score 100. The title is found on the resolved page, so no flag is needed. The flag matches what is visible.",
LOGIQ_e_R9_General_Service_Manual,sec_0047,290,5.4-structural_source,PASS,,sec_0047 has structural_source 'toc'. Its title 'Common Service Desktop' is seen on its start page (283) and matches the embedded bookmark. The TOC source is supported.,
LOGIQ_e_R9_General_Service_Manual,sec_0047,290,5.6-numbering_scheme,PASS,,The footer on this page prints chapter-page numbers (for example 7-7 on p271). The recorded numbering_scheme 'arabic' is the right family for these numbers.,
LOGIQ_e_R9_General_Service_Manual,sec_0047,290,5.6-offset_applied,PASS,,offset_applied is 0. The physical page 290 is the page that shows 7-26 in the footer and the expected content. The mapping is correct.,
LOGIQ_e_R9_General_Service_Manual,sec_0047,290,5.6-table_content,FAIL,Low,"Line-break hyphen kept in a table cell: 'regis- tered' in #/tables/76 on p289. Exact search for the whole word fails. Page 285 prints bullet lists only and has no table. There is no table node on p285 in sec_0047. Nothing to compare for this page. I also compared the tables on the other sampled pages: #/tables/88 on p315 and #/tables/103 on p338 match the printed rows, with no duplicated or shifted row. Table 7-25 (#/tables/106, p343) has all 11 printed rows.",Low by the reviewer rule of 2026-10-08 (line-break hyphens in cells). Fix planned in Phase 4 (text normalization).
LOGIQ_e_R9_General_Service_Manual,sec_0047,290,5.5-filters_discarding,PASS,,Checked on p290 (printed 7-26) shows 'Software Status' text and Figure 7-17 (#/texts/3021-3025). The figure is kept as img_0233. No other figure or meaningful icon is missing on this page.,
LOGIQ_e_R9_General_Service_Manual,sec_0047,290,5.5-filters_passing_noise,PASS,,"The extracted img_0233 is a real screenshot or figure printed on p290 and not a rule, logo or footer divider. No decorative noise was kept.",
LOGIQ_e_R9_General_Service_Manual,sec_0047,290,5.5-image_section_mapping,PASS,,"On p290 the figure (img_0233) is mapped to sec_0047, which owns the text and caption next to it.",
LOGIQ_e_R9_General_Service_Manual,sec_0047,292,5.4-hierarchy_level,PASS,,"sec_0047 'Common Service Desktop' has hierarchy_level 2. On p292 (printed 7-28) it is a chapter-level title like its siblings under 'Diagnostics/Troubleshooting' (level 1, sec_0042). Level 2 is consistent.",
LOGIQ_e_R9_General_Service_Manual,sec_0047,292,5.4-parent_child,PASS,,"sec_0047 has parent_section_id sec_0042 ('Diagnostics/Troubleshooting', level 1, p265-396) and no child_sections. Siblings sec_0045, sec_0046, sec_0047 and sec_0048 share the same parent. The nesting is coherent.",
LOGIQ_e_R9_General_Service_Manual,sec_0047,292,5.4-page_start_end,PASS,,"Checked on p292 (printed 7-28) shows 'System Status' text, bullets and Figure 7-18 (#/texts/3037-3046). It starts on p283 with 'Common Service Desktop' and ends on p343 with Table 7-25. The next section sec_0048 starts on p344. No sec_0046 or sec_0048 content is absorbed. The page_start and page_end match the rendered boundaries and all nodes belong to sec_0047.",
LOGIQ_e_R9_General_Service_Manual,sec_0047,292,5.4-hierarchy_path,PASS,,hierarchy_path '/Diagnostics/Troubleshooting/Common Service Desktop' matches the running header 'Diagnostics/Troubleshooting' and the section title seen on p292 (printed 7-28). The order is correct.,
LOGIQ_e_R9_General_Service_Manual,sec_0047,292,5.4-gaps_duplicates,PASS,,"Checked on p292 (printed 7-28) shows 'System Status' text, bullets and Figure 7-18 (#/texts/3037-3046). Every printed block on this page is present once. No text is repeated and nothing is missing. Neighbour sections do not overlap sec_0047.",
LOGIQ_e_R9_General_Service_Manual,sec_0047,292,5.4-flagged_for_review,PASS,,"sec_0047 has flagged_for_review false, confidence 1.0 and verification_score 100. The title is found on the resolved page, so no flag is needed. The flag matches what is visible.",
LOGIQ_e_R9_General_Service_Manual,sec_0047,292,5.4-structural_source,PASS,,sec_0047 has structural_source 'toc'. Its title 'Common Service Desktop' is seen on its start page (283) and matches the embedded bookmark. The TOC source is supported.,
LOGIQ_e_R9_General_Service_Manual,sec_0047,292,5.6-numbering_scheme,PASS,,The footer on this page prints chapter-page numbers (for example 7-7 on p271). The recorded numbering_scheme 'arabic' is the right family for these numbers.,
LOGIQ_e_R9_General_Service_Manual,sec_0047,292,5.6-offset_applied,PASS,,offset_applied is 0. The physical page 292 is the page that shows 7-28 in the footer and the expected content. The mapping is correct.,
LOGIQ_e_R9_General_Service_Manual,sec_0047,292,5.6-table_content,FAIL,Low,"Line-break hyphen kept in a table cell: 'allow- able' in #/tables/79 on p295. Exact search for the whole word fails. Page 285 prints bullet lists only and has no table. There is no table node on p285 in sec_0047. Nothing to compare for this page. I also compared the tables on the other sampled pages: #/tables/88 on p315 and #/tables/103 on p338 match the printed rows, with no duplicated or shifted row. Table 7-25 (#/tables/106, p343) has all 11 printed rows.",Low by the reviewer rule of 2026-10-08 (line-break hyphens in cells). Fix planned in Phase 4 (text normalization).
LOGIQ_e_R9_General_Service_Manual,sec_0047,292,5.5-filters_discarding,PASS,,"Checked on p292 (printed 7-28) shows 'System Status' text, bullets and Figure 7-18 (#/texts/3037-3046). The figure is kept as img_0234. No other figure or meaningful icon is missing on this page.",
LOGIQ_e_R9_General_Service_Manual,sec_0047,292,5.5-filters_passing_noise,PASS,,"The extracted img_0234 is a real screenshot or figure printed on p292 and not a rule, logo or footer divider. No decorative noise was kept.",
LOGIQ_e_R9_General_Service_Manual,sec_0047,292,5.5-image_section_mapping,PASS,,"On p292 the figure (img_0234) is mapped to sec_0047, which owns the text and caption next to it.",
LOGIQ_e_R9_General_Service_Manual,sec_0047,303,5.4-hierarchy_level,PASS,,"sec_0047 'Common Service Desktop' has hierarchy_level 2. On p303 (printed 7-39) it is a chapter-level title like its siblings under 'Diagnostics/Troubleshooting' (level 1, sec_0042). Level 2 is consistent.",
LOGIQ_e_R9_General_Service_Manual,sec_0047,303,5.4-parent_child,PASS,,"sec_0047 has parent_section_id sec_0042 ('Diagnostics/Troubleshooting', level 1, p265-396) and no child_sections. Siblings sec_0045, sec_0046, sec_0047 and sec_0048 share the same parent. The nesting is coherent.",
LOGIQ_e_R9_General_Service_Manual,sec_0047,303,5.4-page_start_end,PASS,,Checked on p303 (printed 7-39) shows 'Network Configuration (continued)' and Figure 7-25 only (#/texts/3148-3149). It starts on p283 with 'Common Service Desktop' and ends on p343 with Table 7-25. The next section sec_0048 starts on p344. No sec_0046 or sec_0048 content is absorbed. The page_start and page_end match the rendered boundaries and all nodes belong to sec_0047.,
LOGIQ_e_R9_General_Service_Manual,sec_0047,303,5.4-hierarchy_path,PASS,,hierarchy_path '/Diagnostics/Troubleshooting/Common Service Desktop' matches the running header 'Diagnostics/Troubleshooting' and the section title seen on p303 (printed 7-39). The order is correct.,
LOGIQ_e_R9_General_Service_Manual,sec_0047,303,5.4-gaps_duplicates,PASS,,Checked on p303 (printed 7-39) shows 'Network Configuration (continued)' and Figure 7-25 only (#/texts/3148-3149). Every printed block on this page is present once. No text is repeated and nothing is missing. Neighbour sections do not overlap sec_0047.,
LOGIQ_e_R9_General_Service_Manual,sec_0047,303,5.4-flagged_for_review,PASS,,"sec_0047 has flagged_for_review false, confidence 1.0 and verification_score 100. The title is found on the resolved page, so no flag is needed. The flag matches what is visible.",
LOGIQ_e_R9_General_Service_Manual,sec_0047,303,5.4-structural_source,PASS,,sec_0047 has structural_source 'toc'. Its title 'Common Service Desktop' is seen on its start page (283) and matches the embedded bookmark. The TOC source is supported.,
LOGIQ_e_R9_General_Service_Manual,sec_0047,303,5.6-numbering_scheme,PASS,,The footer on this page prints chapter-page numbers (for example 7-7 on p271). The recorded numbering_scheme 'arabic' is the right family for these numbers.,
LOGIQ_e_R9_General_Service_Manual,sec_0047,303,5.6-offset_applied,PASS,,offset_applied is 0. The physical page 303 is the page that shows 7-39 in the footer and the expected content. The mapping is correct.,
LOGIQ_e_R9_General_Service_Manual,sec_0047,303,5.6-table_content,PASS,,"Page 285 prints bullet lists only and has no table. There is no table node on p285 in sec_0047. Nothing to compare for this page. I also compared the tables on the other sampled pages: #/tables/88 on p315 and #/tables/103 on p338 match the printed rows, with no duplicated or shifted row. Table 7-25 (#/tables/106, p343) has all 11 printed rows.",No BUG-030 lost line found in the tables I checked. Empty first-column cells in #/tables/103 are empty in the PDF too.
LOGIQ_e_R9_General_Service_Manual,sec_0047,303,5.5-filters_discarding,PASS,,Checked on p303 (printed 7-39) shows 'Network Configuration (continued)' and Figure 7-25 only (#/texts/3148-3149). The figure is kept as img_0241. No other figure or meaningful icon is missing on this page.,
LOGIQ_e_R9_General_Service_Manual,sec_0047,303,5.5-filters_passing_noise,PASS,,"The extracted img_0241 is a real screenshot or figure printed on p303 and not a rule, logo or footer divider. No decorative noise was kept.",
LOGIQ_e_R9_General_Service_Manual,sec_0047,303,5.5-image_section_mapping,PASS,,"On p303 the figure (img_0241) is mapped to sec_0047, which owns the text and caption next to it.",
LOGIQ_e_R9_General_Service_Manual,sec_0047,315,5.4-hierarchy_level,PASS,,"sec_0047 'Common Service Desktop' has hierarchy_level 2. On p315 (printed 7-51) it is a chapter-level title like its siblings under 'Diagnostics/Troubleshooting' (level 1, sec_0042). Level 2 is consistent.",
LOGIQ_e_R9_General_Service_Manual,sec_0047,315,5.4-parent_child,PASS,,"sec_0047 has parent_section_id sec_0042 ('Diagnostics/Troubleshooting', level 1, p265-396) and no child_sections. Siblings sec_0045, sec_0046, sec_0047 and sec_0048 share the same parent. The nesting is coherent.",
LOGIQ_e_R9_General_Service_Manual,sec_0047,315,5.4-page_start_end,PASS,,"Checked on p315 (printed 7-51) shows 'Delete Files', Figure 7-33, Table 7-12 and the 'To delete files:' steps (#/texts/3278-3291, #/tables/88). It starts on p283 with 'Common Service Desktop' and ends on p343 with Table 7-25. The next section sec_0048 starts on p344. No sec_0046 or sec_0048 content is absorbed. The page_start and page_end match the rendered boundaries and all nodes belong to sec_0047.",
LOGIQ_e_R9_General_Service_Manual,sec_0047,315,5.4-hierarchy_path,PASS,,hierarchy_path '/Diagnostics/Troubleshooting/Common Service Desktop' matches the running header 'Diagnostics/Troubleshooting' and the section title seen on p315 (printed 7-51). The order is correct.,
LOGIQ_e_R9_General_Service_Manual,sec_0047,315,5.4-gaps_duplicates,PASS,,"Checked on p315 (printed 7-51) shows 'Delete Files', Figure 7-33, Table 7-12 and the 'To delete files:' steps (#/texts/3278-3291, #/tables/88). Every printed block on this page is present once. No text is repeated and nothing is missing. Neighbour sections do not overlap sec_0047. Table 7-12 appears once as #/tables/88.",
LOGIQ_e_R9_General_Service_Manual,sec_0047,315,5.4-flagged_for_review,PASS,,"sec_0047 has flagged_for_review false, confidence 1.0 and verification_score 100. The title is found on the resolved page, so no flag is needed. The flag matches what is visible.",
LOGIQ_e_R9_General_Service_Manual,sec_0047,315,5.4-structural_source,PASS,,sec_0047 has structural_source 'toc'. Its title 'Common Service Desktop' is seen on its start page (283) and matches the embedded bookmark. The TOC source is supported.,
LOGIQ_e_R9_General_Service_Manual,sec_0047,315,5.6-numbering_scheme,PASS,,The footer on this page prints chapter-page numbers (for example 7-7 on p271). The recorded numbering_scheme 'arabic' is the right family for these numbers.,
LOGIQ_e_R9_General_Service_Manual,sec_0047,315,5.6-offset_applied,PASS,,offset_applied is 0. The physical page 315 is the page that shows 7-51 in the footer and the expected content. The mapping is correct.,
LOGIQ_e_R9_General_Service_Manual,sec_0047,315,5.6-table_content,PASS,,"Page 285 prints bullet lists only and has no table. There is no table node on p285 in sec_0047. Nothing to compare for this page. I also compared the tables on the other sampled pages: #/tables/88 on p315 and #/tables/103 on p338 match the printed rows, with no duplicated or shifted row. Table 7-25 (#/tables/106, p343) has all 11 printed rows.",No BUG-030 lost line found in the tables I checked. Empty first-column cells in #/tables/103 are empty in the PDF too.
LOGIQ_e_R9_General_Service_Manual,sec_0047,315,5.5-filters_discarding,PASS,,"Checked on p315 (printed 7-51) shows 'Delete Files', Figure 7-33, Table 7-12 and the 'To delete files:' steps (#/texts/3278-3291, #/tables/88). The figure is kept as img_0249. No other figure or meaningful icon is missing on this page.",
LOGIQ_e_R9_General_Service_Manual,sec_0047,315,5.5-filters_passing_noise,PASS,,"The extracted img_0249 is a real screenshot or figure printed on p315 and not a rule, logo or footer divider. No decorative noise was kept.",
LOGIQ_e_R9_General_Service_Manual,sec_0047,315,5.5-image_section_mapping,PASS,,"On p315 the figure (img_0249) is mapped to sec_0047, which owns the text and caption next to it.",
LOGIQ_e_R9_General_Service_Manual,sec_0047,338,5.4-hierarchy_level,PASS,,"sec_0047 'Common Service Desktop' has hierarchy_level 2. On p338 (printed 7-74) it is a chapter-level title like its siblings under 'Diagnostics/Troubleshooting' (level 1, sec_0042). Level 2 is consistent.",
LOGIQ_e_R9_General_Service_Manual,sec_0047,338,5.4-parent_child,PASS,,"sec_0047 has parent_section_id sec_0042 ('Diagnostics/Troubleshooting', level 1, p265-396) and no child_sections. Siblings sec_0045, sec_0046, sec_0047 and sec_0048 share the same parent. The nesting is coherent.",
LOGIQ_e_R9_General_Service_Manual,sec_0047,338,5.4-page_start_end,PASS,,"Checked on p338 (printed 7-74) shows the Table 7-23 caption, a table and the 'To perform a network capture:' steps (#/texts/3577-3588, #/tables/103). It starts on p283 with 'Common Service Desktop' and ends on p343 with Table 7-25. The next section sec_0048 starts on p344. No sec_0046 or sec_0048 content is absorbed. The page_start and page_end match the rendered boundaries and all nodes belong to sec_0047.",
LOGIQ_e_R9_General_Service_Manual,sec_0047,338,5.4-hierarchy_path,PASS,,hierarchy_path '/Diagnostics/Troubleshooting/Common Service Desktop' matches the running header 'Diagnostics/Troubleshooting' and the section title seen on p338 (printed 7-74). The order is correct.,
LOGIQ_e_R9_General_Service_Manual,sec_0047,338,5.4-gaps_duplicates,PASS,,"Checked on p338 (printed 7-74) shows the Table 7-23 caption, a table and the 'To perform a network capture:' steps (#/texts/3577-3588, #/tables/103). Every printed block on this page is present once. No text is repeated and nothing is missing. Neighbour sections do not overlap sec_0047. The table text in #/tables/103 appears once and is not repeated as a text node.",
LOGIQ_e_R9_General_Service_Manual,sec_0047,338,5.4-flagged_for_review,PASS,,"sec_0047 has flagged_for_review false, confidence 1.0 and verification_score 100. The title is found on the resolved page, so no flag is needed. The flag matches what is visible.",
LOGIQ_e_R9_General_Service_Manual,sec_0047,338,5.4-structural_source,PASS,,sec_0047 has structural_source 'toc'. Its title 'Common Service Desktop' is seen on its start page (283) and matches the embedded bookmark. The TOC source is supported.,
LOGIQ_e_R9_General_Service_Manual,sec_0047,338,5.6-numbering_scheme,PASS,,The footer on this page prints chapter-page numbers (for example 7-7 on p271). The recorded numbering_scheme 'arabic' is the right family for these numbers.,
LOGIQ_e_R9_General_Service_Manual,sec_0047,338,5.6-offset_applied,PASS,,offset_applied is 0. The physical page 338 is the page that shows 7-74 in the footer and the expected content. The mapping is correct.,
LOGIQ_e_R9_General_Service_Manual,sec_0047,338,5.6-table_content,PASS,,"Page 285 prints bullet lists only and has no table. There is no table node on p285 in sec_0047. Nothing to compare for this page. I also compared the tables on the other sampled pages: #/tables/88 on p315 and #/tables/103 on p338 match the printed rows, with no duplicated or shifted row. Table 7-25 (#/tables/106, p343) has all 11 printed rows.",No BUG-030 lost line found in the tables I checked. Empty first-column cells in #/tables/103 are empty in the PDF too.
LOGIQ_e_R9_General_Service_Manual,sec_0047,338,5.5-filters_discarding,PASS,,"Checked on p338 (printed 7-74) shows the Table 7-23 caption, a table and the 'To perform a network capture:' steps (#/texts/3577-3588, #/tables/103). There is no figure on this page and no image was extracted. No meaningful visual was discarded. Page 338 has only a table and text.",
LOGIQ_e_R9_General_Service_Manual,sec_0047,338,5.5-filters_passing_noise,PASS,,"No image was extracted for p338, so no decorative noise (rule, logo, divider) was kept.",
LOGIQ_e_R9_General_Service_Manual,sec_0047,338,5.5-image_section_mapping,PASS,,On p338 I looked for a figure and found none. Nothing needs mapping to sec_0047.,
LOGIQ_e_R9_General_Service_Manual,sec_0050,364,5.4-hierarchy_level,PASS,,hierarchy_level 2 fits: sec_0050 sits under the chapter-level 'Diagnostics/Troubleshooting' (sec_0042) and has no children. Its sub-headings such as 'Remote Access' are inside the section.,
LOGIQ_e_R9_General_Service_Manual,sec_0050,364,5.4-parent_child,PASS,,"parent_section_id is sec_0042 'Diagnostics/Troubleshooting' (p265-396), which contains p361-376. child_sections is empty and the sub-headings are plain headings. Neighbours: sec_0049 (p358-360) before and sec_0051 (p377-396) after.",
LOGIQ_e_R9_General_Service_Manual,sec_0050,364,5.4-page_start_end,PASS,,"sec_0050 is declared p361-376. It starts on p361 with the title 'RSVP Agent Configuration' (#/texts/3794) and ends on p376 with Figure 7-91 and folio 7-112. p364 shows 'Remote Access (continued)' (#/texts/3819), steps 2 and 3 and Figures 7-77 and 7-78; all of it belongs here. The next section sec_0051 starts on p377.",
LOGIQ_e_R9_General_Service_Manual,sec_0050,364,5.4-hierarchy_path,PASS,,hierarchy_path '/Diagnostics/Troubleshooting/RSVP Agent Configuration' matches the chapter running header 'Diagnostics/Troubleshooting' and the section title.,
LOGIQ_e_R9_General_Service_Manual,sec_0050,364,5.4-gaps_duplicates,PASS,,"No gap and no overlap: sec_0049 ends p360, sec_0050 covers p361-376, sec_0051 starts p377. The nodes from #/texts/3793 to #/texts/3970 appear only here.",
LOGIQ_e_R9_General_Service_Manual,sec_0050,364,5.4-flagged_for_review,PASS,,"flagged_for_review is false. The page content matches the section title, so no extra doubt.",
LOGIQ_e_R9_General_Service_Manual,sec_0050,364,5.4-structural_source,PASS,,"structural_source is toc. The title 'RSVP Agent Configuration' is the page heading on p361, so the TOC source is supported.",
LOGIQ_e_R9_General_Service_Manual,sec_0050,364,5.6-numbering_scheme,PASS,,"The printed folio on p364 is 7-100. The first page p361 is 7-97, so the label moves one per page. numbering_scheme 'arabic' with chapter-page labels is consistent.",
LOGIQ_e_R9_General_Service_Manual,sec_0050,364,5.6-offset_applied,PASS,,offset_applied is 0. Physical p364 carries the printed label 7-100 (p361 = 7-97 plus 3). The label and the physical page agree on every page checked.,
LOGIQ_e_R9_General_Service_Manual,sec_0050,364,5.5-filters_discarding,PASS,,Both screenshots on p364 are kept: img_0293 (Figure 7-77 Connect Page) and img_0294 (Figure 7-78 Select HTTPS to Connect). Nothing visible is missing.,
LOGIQ_e_R9_General_Service_Manual,sec_0050,364,5.5-filters_passing_noise,PASS,,"img_0293 and img_0294 are only the two screenshots. No caption, header or folio text is inside the crops.",
LOGIQ_e_R9_General_Service_Manual,sec_0050,364,5.5-image_section_mapping,PASS,,"img_0293 and img_0294 (p364) are mapped to sec_0050, the section that owns the 'Remote Access (continued)' heading #/texts/3819. The order matches Figure 7-77 then 7-78.",
LOGIQ_e_R9_General_Service_Manual,sec_0050,371,5.4-hierarchy_level,PASS,,hierarchy_level 2 fits: sec_0050 sits under the chapter-level 'Diagnostics/Troubleshooting' (sec_0042) and has no children. Its sub-headings such as 'Remote Access' are inside the section.,
LOGIQ_e_R9_General_Service_Manual,sec_0050,371,5.4-parent_child,PASS,,"parent_section_id is sec_0042 'Diagnostics/Troubleshooting' (p265-396), which contains p361-376. child_sections is empty and the sub-headings are plain headings. Neighbours: sec_0049 (p358-360) before and sec_0051 (p377-396) after.",
LOGIQ_e_R9_General_Service_Manual,sec_0050,371,5.4-page_start_end,PASS,,"sec_0050 is declared p361-376. It starts on p361 with the title 'RSVP Agent Configuration' (#/texts/3794) and ends on p376 with Figure 7-91 and folio 7-112. p371 shows 'Assessment Utility (continued)' (#/texts/3910), ten numbered steps and Figure 7-84; all of it belongs here. The next section sec_0051 starts on p377.",
LOGIQ_e_R9_General_Service_Manual,sec_0050,371,5.4-hierarchy_path,PASS,,hierarchy_path '/Diagnostics/Troubleshooting/RSVP Agent Configuration' matches the chapter running header 'Diagnostics/Troubleshooting' and the section title.,
LOGIQ_e_R9_General_Service_Manual,sec_0050,371,5.4-gaps_duplicates,PASS,,"No gap and no overlap: sec_0049 ends p360, sec_0050 covers p361-376, sec_0051 starts p377. The nodes from #/texts/3793 to #/texts/3970 appear only here.",
LOGIQ_e_R9_General_Service_Manual,sec_0050,371,5.4-flagged_for_review,PASS,,"flagged_for_review is false. The page content matches the section title, so no extra doubt.",
LOGIQ_e_R9_General_Service_Manual,sec_0050,371,5.4-structural_source,PASS,,"structural_source is toc. The title 'RSVP Agent Configuration' is the page heading on p361, so the TOC source is supported.",
LOGIQ_e_R9_General_Service_Manual,sec_0050,371,5.6-numbering_scheme,PASS,,"The printed folio on p371 is 7-107. The first page p361 is 7-97, so the label moves one per page. numbering_scheme 'arabic' with chapter-page labels is consistent.",
LOGIQ_e_R9_General_Service_Manual,sec_0050,371,5.6-offset_applied,PASS,,offset_applied is 0. Physical p371 carries the printed label 7-107 (p361 = 7-97 plus 10). The label and the physical page agree on every page checked.,
LOGIQ_e_R9_General_Service_Manual,sec_0050,371,5.5-filters_discarding,PASS,,"Figure 7-84 'Probe Assessment Pass' on p371 is kept as img_0300 (1000x424) and it is complete. The yellow CAUTION triangle beside #/texts/3924 is not extracted. That is a decorative warning icon and the word CAUTION and its text stay as text, so this is noise and not a loss.","The CAUTION triangle is decorative by the agreed rule, so PASS. verify_claims flags a small raster (137x118 px) dropped on this page; this is that triangle, so I justify PASS here."
LOGIQ_e_R9_General_Service_Manual,sec_0050,371,5.5-filters_passing_noise,PASS,,img_0300 is only the Probe Assessment screenshot. No caption or folio is inside the crop. The CAUTION icon is not kept as an image.,
LOGIQ_e_R9_General_Service_Manual,sec_0050,371,5.5-image_section_mapping,PASS,,"img_0300 (p371) is mapped to sec_0050 and belongs to the 'Assessment Utility (continued)' steps of this section. The probe photo img_0299 (p370, Figure 7-83) is also mapped here.",
LOGIQ_e_R9_General_Service_Manual,sec_0050,375,5.4-hierarchy_level,PASS,,hierarchy_level 2 fits: sec_0050 sits under the chapter-level 'Diagnostics/Troubleshooting' (sec_0042) and has no children. Its sub-headings such as 'Remote Access' are inside the section.,
LOGIQ_e_R9_General_Service_Manual,sec_0050,375,5.4-parent_child,PASS,,"parent_section_id is sec_0042 'Diagnostics/Troubleshooting' (p265-396), which contains p361-376. child_sections is empty and the sub-headings are plain headings. Neighbours: sec_0049 (p358-360) before and sec_0051 (p377-396) after.",
LOGIQ_e_R9_General_Service_Manual,sec_0050,375,5.4-page_start_end,PASS,,"sec_0050 is declared p361-376. It starts on p361 with the title 'RSVP Agent Configuration' (#/texts/3794) and ends on p376 with Figure 7-91 and folio 7-112. p375 shows 'System Health Dashboard (continued)' (#/texts/3959), Figure 7-90 and three short paragraphs; all of it belongs here. The next section sec_0051 starts on p377.",
LOGIQ_e_R9_General_Service_Manual,sec_0050,375,5.4-hierarchy_path,PASS,,hierarchy_path '/Diagnostics/Troubleshooting/RSVP Agent Configuration' matches the chapter running header 'Diagnostics/Troubleshooting' and the section title.,
LOGIQ_e_R9_General_Service_Manual,sec_0050,375,5.4-gaps_duplicates,PASS,,"No gap and no overlap: sec_0049 ends p360, sec_0050 covers p361-376, sec_0051 starts p377. The nodes from #/texts/3793 to #/texts/3970 appear only here.",
LOGIQ_e_R9_General_Service_Manual,sec_0050,375,5.4-flagged_for_review,PASS,,"flagged_for_review is false. The page content matches the section title, so no extra doubt.",
LOGIQ_e_R9_General_Service_Manual,sec_0050,375,5.4-structural_source,PASS,,"structural_source is toc. The title 'RSVP Agent Configuration' is the page heading on p361, so the TOC source is supported.",
LOGIQ_e_R9_General_Service_Manual,sec_0050,375,5.6-numbering_scheme,PASS,,"The printed folio on p375 is 7-111. The first page p361 is 7-97, so the label moves one per page. numbering_scheme 'arabic' with chapter-page labels is consistent.",
LOGIQ_e_R9_General_Service_Manual,sec_0050,375,5.6-offset_applied,PASS,,offset_applied is 0. Physical p375 carries the printed label 7-111 (p361 = 7-97 plus 14). The label and the physical page agree on every page checked.,
LOGIQ_e_R9_General_Service_Manual,sec_0050,375,5.5-filters_discarding,PASS,,Figure 7-90 'System Dashboard categories (4)' on p375 is kept as img_0306 (239x539) and shows the full menu from Overview to Planned Maintenance. Nothing is cut.,
LOGIQ_e_R9_General_Service_Manual,sec_0050,375,5.5-filters_passing_noise,PASS,,"img_0306 is only the menu screenshot. No caption, header or folio is inside the crop.",
LOGIQ_e_R9_General_Service_Manual,sec_0050,375,5.5-image_section_mapping,PASS,,img_0306 (p375) is mapped to sec_0050 under 'System Health Dashboard (continued)' (#/texts/3959). It is the figure above the caption #/texts/3960.,
LOGIQ_e_R9_General_Service_Manual,sec_0056,402,5.4-hierarchy_level,PASS,,"hierarchy_level 2 fits: 'Loading the software' is a section under chapter 8 'Replacement Procedures' (sec_0052) and has no children. p402 shows the title, the 'Contents in This Section' list, 'Purpose of this section' and 'Customer provided prerequisite'",
LOGIQ_e_R9_General_Service_Manual,sec_0056,402,5.4-parent_child,PASS,,"parent_section_id is sec_0052 (p397-426), which contains p402-417. child_sections is empty. Neighbours: sec_0055 (p401) before and sec_0057 (p418) after.",
LOGIQ_e_R9_General_Service_Manual,sec_0056,402,5.4-page_start_end,PASS,,"sec_0056 is declared p402-417. It starts on p402 with the title 'Loading the software' (#/texts/4377) and ends on p417 with 'Reinstall DICOM Devices' and folio 8-21. p402 shows the title, the 'Contents in This Section' list, 'Purpose of this section' and 'Customer provided prerequisite' and all of it belongs here. sec_0057 starts on p418.",
LOGIQ_e_R9_General_Service_Manual,sec_0056,402,5.4-hierarchy_path,PASS,,hierarchy_path '/Replacement Procedures/Loading the software' matches the running header 'Replacement Procedures' and the section title.,
LOGIQ_e_R9_General_Service_Manual,sec_0056,402,5.4-gaps_duplicates,PASS,,"No gap and no overlap: sec_0055 ends p401, sec_0056 covers p402-417 and sec_0057 starts p418. The nodes #/texts/4356 to #/texts/4528 appear once, only here.",
LOGIQ_e_R9_General_Service_Manual,sec_0056,402,5.4-flagged_for_review,PASS,,"flagged_for_review is false. The content on p402 to p417 matches the title, so no doubt is shown.",
LOGIQ_e_R9_General_Service_Manual,sec_0056,402,5.4-structural_source,PASS,,"structural_source is toc. The title 'Loading the software' is the heading on p402, so the source is supported.",
LOGIQ_e_R9_General_Service_Manual,sec_0056,402,5.6-numbering_scheme,PASS,,The printed folio on p402 is 8-6. Chapter-page labels (8-n) with scheme 'arabic' are consistent over the section.,
LOGIQ_e_R9_General_Service_Manual,sec_0056,402,5.6-offset_applied,PASS,,offset_applied is 0. Physical p402 carries 8-6 (p397 = 8-1 plus 5). The offset is constant.,
LOGIQ_e_R9_General_Service_Manual,sec_0056,402,5.5-filters_discarding,PASS,,"p402 has the title, a text list and two bullet lists. There is no figure or icon on the page, so nothing is lost.",
LOGIQ_e_R9_General_Service_Manual,sec_0056,402,5.5-filters_passing_noise,PASS,,No image is kept for p402. The blue rule and the folio are not extracted as images.,
LOGIQ_e_R9_General_Service_Manual,sec_0056,402,5.5-image_section_mapping,PASS,,"No image is mapped to sec_0056 on p402 and the render has no figure. The first figure of the section is on p406 (img_0328), which is right.",
LOGIQ_e_R9_General_Service_Manual,sec_0057,418,5.4-hierarchy_level,PASS,,"hierarchy_level 2 fits: 'Check after FRU Replacement' is a section under chapter 8 (sec_0052) and has no children. p418 shows the title, 'Overview', a NOTE, two bullets and 'Functional Test Matrix'.",
LOGIQ_e_R9_General_Service_Manual,sec_0057,418,5.4-parent_child,PASS,,"parent_section_id is sec_0052 (p397-426), which contains p418. child_sections is empty. Neighbours: sec_0056 (p402-417) before and sec_0058 (p419-424) after.",
LOGIQ_e_R9_General_Service_Manual,sec_0057,418,5.4-page_start_end,PASS,,sec_0057 is declared p418-418. The title 'Check after FRU Replacement' (#/texts/4532) is at the top of p418 and the last node is the link text 'See Renewal Parts Lists on page 9-4' (#/texts/4540) and folio 8-22. No content of sec_0056 or sec_0058 is absorbed.,
LOGIQ_e_R9_General_Service_Manual,sec_0057,418,5.4-hierarchy_path,PASS,,hierarchy_path '/Replacement Procedures/Check after FRU Replacement' matches the running header and the title on p418.,
LOGIQ_e_R9_General_Service_Manual,sec_0057,418,5.4-gaps_duplicates,PASS,,"No gap and no overlap: sec_0056 ends p417, sec_0057 covers only p418 and sec_0058 starts p419. Nodes #/texts/4530 to #/texts/4541 appear once, only here.",
LOGIQ_e_R9_General_Service_Manual,sec_0057,418,5.4-flagged_for_review,PASS,,flagged_for_review is false. The one-page content matches the title.,
LOGIQ_e_R9_General_Service_Manual,sec_0057,418,5.4-structural_source,PASS,,"structural_source is toc. The title 'Check after FRU Replacement' is the heading on p418, so the source is supported.",
LOGIQ_e_R9_General_Service_Manual,sec_0057,418,5.6-numbering_scheme,PASS,,The folio on p418 is 8-22 and on p419 is 8-23. Chapter-page labels with scheme 'arabic' are consistent.,
LOGIQ_e_R9_General_Service_Manual,sec_0057,418,5.6-offset_applied,PASS,,"offset_applied is 0. Physical p418 is label 8-22 (p397 = 8-1 plus 21), the same offset as the other pages of the chapter.",
LOGIQ_e_R9_General_Service_Manual,sec_0057,418,5.5-filters_discarding,PASS,,"p418 and p419 have no figure or photo, so nothing is lost. The section has a 'Functional Test Matrix' heading with only a link text under it.",
LOGIQ_e_R9_General_Service_Manual,sec_0057,418,5.5-filters_passing_noise,PASS,,images.json has no image for sec_0057. No decorative item is kept as an image.,
LOGIQ_e_R9_General_Service_Manual,sec_0057,418,5.5-image_section_mapping,PASS,,"No image is mapped to sec_0057 and the renders of p418 and p419 show none, so the empty mapping is correct.",
LOGIQ_e_R9_General_Service_Manual,sec_0057,419,5.4-hierarchy_level,PASS,,hierarchy_level 2 fits: 'Check after FRU Replacement' is a section under chapter 8 (sec_0052) and has no children. The sampled p419 is the next section's title page (CRU Replacement).,
LOGIQ_e_R9_General_Service_Manual,sec_0057,419,5.4-parent_child,PASS,,"parent_section_id is sec_0052 (p397-426), which contains p418. child_sections is empty. Neighbours: sec_0056 (p402-417) before and sec_0058 (p419-424) after.",
LOGIQ_e_R9_General_Service_Manual,sec_0057,419,5.4-page_start_end,PASS,,"sec_0057 is declared p418-418, so p419 is outside it. The p419 render shows the title 'CRU Replacement' and its contents list. No node of sec_0057 is on p419 and these nodes belong to sec_0058 (#/texts/4542-4549). The boundary at the end of p418 is correct.",
LOGIQ_e_R9_General_Service_Manual,sec_0057,419,5.4-hierarchy_path,PASS,,hierarchy_path '/Replacement Procedures/Check after FRU Replacement' matches the running header and the title on p418.,
LOGIQ_e_R9_General_Service_Manual,sec_0057,419,5.4-gaps_duplicates,PASS,,"No gap and no overlap: sec_0056 ends p417, sec_0057 covers only p418 and sec_0058 starts p419. Nodes #/texts/4530 to #/texts/4541 appear once, only here.",
LOGIQ_e_R9_General_Service_Manual,sec_0057,419,5.4-flagged_for_review,PASS,,flagged_for_review is false. The one-page content matches the title.,
LOGIQ_e_R9_General_Service_Manual,sec_0057,419,5.4-structural_source,PASS,,"structural_source is toc. The title 'Check after FRU Replacement' is the heading on p418, so the source is supported.",
LOGIQ_e_R9_General_Service_Manual,sec_0057,419,5.6-numbering_scheme,PASS,,The folio on p418 is 8-22 and on p419 is 8-23. Chapter-page labels with scheme 'arabic' are consistent.,
LOGIQ_e_R9_General_Service_Manual,sec_0057,419,5.6-offset_applied,PASS,,"offset_applied is 0. Physical p418 is label 8-22 (p397 = 8-1 plus 21), the same offset as the other pages of the chapter.",
LOGIQ_e_R9_General_Service_Manual,sec_0057,419,5.5-filters_discarding,PASS,,"p418 and p419 have no figure or photo, so nothing is lost. The section has a 'Functional Test Matrix' heading with only a link text under it.",
LOGIQ_e_R9_General_Service_Manual,sec_0057,419,5.5-filters_passing_noise,PASS,,images.json has no image for sec_0057. No decorative item is kept as an image.,
LOGIQ_e_R9_General_Service_Manual,sec_0057,419,5.5-image_section_mapping,PASS,,"No image is mapped to sec_0057 and the renders of p418 and p419 show none, so the empty mapping is correct.",
LOGIQ_e_R9_General_Service_Manual,sec_0063,443,5.4-hierarchy_level,PASS,,hierarchy_level 2 fits: 'Renewal Parts Lists' (#/texts/4626) is a section under chapter 9 'Renewal Parts' (sec_0060) and has no children. p443 shows the first part of Table 9-6 (items 30 to 59),
LOGIQ_e_R9_General_Service_Manual,sec_0063,443,5.4-parent_child,PASS,,"parent_section_id is sec_0060 (p427-444), which contains p430-444. child_sections is empty. Neighbours: sec_0062 (p429) before and sec_0064 (p445-496) after.",
LOGIQ_e_R9_General_Service_Manual,sec_0063,443,5.4-page_start_end,PASS,,sec_0063 is declared p430-444. It starts on p430 with the title 'Renewal Parts Lists' and ends on p444 with the end of Table 9-6 (item 73) and folio 9-18. p443 shows the first part of Table 9-6 (items 30 to 59) and it belongs here. sec_0064 starts on p445.,
LOGIQ_e_R9_General_Service_Manual,sec_0063,443,5.4-hierarchy_path,PASS,,hierarchy_path '/Renewal Parts/Renewal Parts Lists' matches the running headers 'Renewal Parts' and 'Renewal Parts Lists'.,
LOGIQ_e_R9_General_Service_Manual,sec_0063,443,5.4-gaps_duplicates,PASS,,"No gap and no overlap: sec_0062 ends p429, sec_0063 covers p430-444 and sec_0064 starts p445. Tables #/tables/113-125 appear once, only here, and no table is repeated.",
LOGIQ_e_R9_General_Service_Manual,sec_0063,443,5.4-flagged_for_review,PASS,,flagged_for_review is false. The content on p430 to p444 matches the title.,
LOGIQ_e_R9_General_Service_Manual,sec_0063,443,5.4-structural_source,PASS,,"structural_source is toc. The title 'Renewal Parts Lists' is the heading on p430, so the source is supported.",
LOGIQ_e_R9_General_Service_Manual,sec_0063,443,5.6-numbering_scheme,PASS,,The printed folio on p443 is 9-17. Chapter-page labels (9-n) with scheme 'arabic' are consistent over the section.,
LOGIQ_e_R9_General_Service_Manual,sec_0063,443,5.6-offset_applied,PASS,,offset_applied is 0. Physical p443 carries 9-17 (p427 = 9-1 plus 16). The offset is constant.,
LOGIQ_e_R9_General_Service_Manual,sec_0063,443,5.6-table_content,FAIL,Medium,"Table 9-6 on p443 (#/tables/124) matches the render: items 30-59, all part numbers and descriptions correct, and its end on p444 (#/tables/125, items 60-73) also matches. But Table 9-5 (p439-441) is still degraded. In #/tables/120 (p439) and #/tables/121 (p440) the lost header word 'Illustration' is now added to the 'Replaced By' header cell, so the header reads 'Replaced By Illustration' as one cell. Their rows (items 1-7 and 8-14) keep Item, Part Name, Part Number, Description and Qty under the right columns; the photo column is an empty cell. #/tables/122 (p441) is broken: its header has 4 cells, 'Part Name | Part Number | Replaced By | Illustration Description' ('Description' was added to the 'Illustration' cell). Rows 15, 16 and 17 are one string each in the last cell, for example '15 M5Sc-RS 5718482 Sector Probe 1', and the first three cells are empty. No row is lost and no text is duplicated.","Medium: values exist but in #/tables/122 they cannot be put under their columns (BUG-008). The header merges in #/tables/120 and #/tables/121 alone would be Low (values and order kept). The added header words are in the wrong cells but they do not lose data. No row is lost, so not Critical. The photos of the Illustration column are kept as img_0369 to img_0385 (7+7+3), so the photos are fine. p439-441 are not in the batch pages, so I judged them from the node text and from the images list; the lead checks them."
LOGIQ_e_R9_General_Service_Manual,sec_0063,443,5.5-filters_discarding,PASS,,"p443 has Table 9-6 with no photo column and no figure, so there is nothing to extract. images.json has no image on p443 and none is lost.",
LOGIQ_e_R9_General_Service_Manual,sec_0063,443,5.5-filters_passing_noise,PASS,,"No image is kept on p443, so no decorative item is kept.",
LOGIQ_e_R9_General_Service_Manual,sec_0063,443,5.5-image_section_mapping,PASS,,"No image is mapped to p443 and the render has no figure, so the empty mapping is correct. The photos of Table 9-5 (img_0369-0385) are mapped to sec_0063 on p439-441.",
LOGIQ_e_R9_General_Service_Manual,sec_0066,455,5.4-hierarchy_level,PASS,,"sec_0066 'Protecting Health Information' is level 2 under the chapter sec_0064, as in the bookmarks. p455 shows 'Creating a user', 'Changing a user configuration' and 'Deleting a user' with numbered steps and two notes.",
LOGIQ_e_R9_General_Service_Manual,sec_0066,455,5.4-parent_child,PASS,,parent_section_id is sec_0064 and child_sections is empty. sec_0064 lists sec_0066 as a child. This is coherent.,
LOGIQ_e_R9_General_Service_Manual,sec_0066,455,5.4-page_start_end,PASS,,"The section starts on p447 with the heading and ends on p456 with 'Logon' and Table 10-2. Nodes on p447-456 (#/texts/4695 to 4791) all belong here. Warnings (sec_0067) starts on p457. p455 shows 'Creating a user', 'Changing a user configuration' and 'Deleting a user' with numbered steps and two notes.",
LOGIQ_e_R9_General_Service_Manual,sec_0066,455,5.4-hierarchy_path,PASS,,hierarchy_path '/Care and Maintenance/Protecting Health Information' matches the running header ('Protecting Health Information') and the chapter.,
LOGIQ_e_R9_General_Service_Manual,sec_0066,455,5.4-gaps_duplicates,PASS,,"sec_0065 ends on p446 and sec_0067 starts on p457, so sec_0066 (p447-456) has no gap or overlap. Its text is not repeated in a neighbour.",
LOGIQ_e_R9_General_Service_Manual,sec_0066,455,5.4-flagged_for_review,PASS,,"flagged_for_review is false and verification_score is 100. The title is on p447, so no problem.",
LOGIQ_e_R9_General_Service_Manual,sec_0066,455,5.4-structural_source,PASS,,"structural_source is toc. The heading is printed on p447, as declared.",
LOGIQ_e_R9_General_Service_Manual,sec_0066,455,5.6-numbering_scheme,PASS,,Pages are printed as '10-8' and '10-11' (chapter-page). Scheme arabic is acceptable.,
LOGIQ_e_R9_General_Service_Manual,sec_0066,455,5.6-offset_applied,PASS,,"offset_applied is 0. Node page_no equals the physical page (452 is printed 10-8, 455 is printed 10-11). The offset is constant across the chapter.",
LOGIQ_e_R9_General_Service_Manual,sec_0066,455,5.6-table_content,PASS,,"No table is printed on p455. Table 10-2 (#/tables/127, p456) matches its render: two data rows, text complete, not duplicated. Nothing from Table 10-1 spills onto p455.","The p454 render is not in this batch, so Table 10-1 (#/tables/126) is unchecked."
LOGIQ_e_R9_General_Service_Manual,sec_0066,455,5.5-filters_discarding,PASS,,p455 has only text and numbered steps. No figure is visible and none was extracted. Nothing was lost.,
LOGIQ_e_R9_General_Service_Manual,sec_0066,455,5.5-filters_passing_noise,PASS,,"No image is extracted from p455. No icon, rule or logo is kept.",
LOGIQ_e_R9_General_Service_Manual,sec_0066,455,5.5-image_section_mapping,PASS,,"No visible figure on p455 and none mapped to it. The nearby images (img_0395 on p454, img_0396 on p456) belong to sec_0066 too.",
LOGIQ_e_R9_General_Service_Manual,sec_0071,472,5.4-hierarchy_level,PASS,,"'System maintenance' is a level 2 title under the chapter, as in the bookmarks. Its title is printed on p466.",
LOGIQ_e_R9_General_Service_Manual,sec_0071,472,5.4-parent_child,PASS,,parent_section_id is sec_0064 and child_sections is empty. sec_0064 lists sec_0071. This is coherent. Sub-titles such as 'Preliminary checks' stay inside this section.,
LOGIQ_e_R9_General_Service_Manual,sec_0071,472,5.4-page_start_end,PASS,,"The section starts on p466 and ends on p477 with Figure 10-14 caption and two NOTE lines. Nodes #/texts/4854 to 4988 and #/tables/135 to 143 belong here. 'Tools required' ends on p465 and 'Electrical safety tests' starts on p478. p472 has the 'Probe maintenance' title, Table 10-13 and 'Basic probe care'.",
LOGIQ_e_R9_General_Service_Manual,sec_0071,472,5.4-hierarchy_path,PASS,,hierarchy_path '/Care and Maintenance/System maintenance' matches the chapter and the title on p466.,
LOGIQ_e_R9_General_Service_Manual,sec_0071,472,5.4-gaps_duplicates,PASS,,"Ranges p462-465, p466-477 and p478-489 follow each other. The tables 10-7 to 10-13 each appear once (#/tables/135 to 143). No duplicated block was found.",
LOGIQ_e_R9_General_Service_Manual,sec_0071,472,5.4-flagged_for_review,PASS,,flagged_for_review is false and verification_score is 100. Title and page match the render.,
LOGIQ_e_R9_General_Service_Manual,sec_0071,472,5.4-structural_source,PASS,,"structural_source is toc. The title is printed at the top of p466, as declared.",
LOGIQ_e_R9_General_Service_Manual,sec_0071,472,5.6-numbering_scheme,PASS,,Pages are printed as '10-22' to '10-33' (chapter-page). Scheme arabic is acceptable.,
LOGIQ_e_R9_General_Service_Manual,sec_0071,472,5.6-offset_applied,PASS,,offset_applied is 0. page_no 466 is printed 10-22 and 477 is printed 10-33. The shift is constant.,
LOGIQ_e_R9_General_Service_Manual,sec_0071,472,5.6-table_content,PASS,,"Table 10-13 (#/tables/143, p472) has header Step | Item | Description and 3 rows (Probe Holder, Probes, Probes). It matches the render. The caption says 'System preliminary checks', and that is how it is printed. No row is lost or repeated.",
LOGIQ_e_R9_General_Service_Manual,sec_0071,472,5.5-filters_discarding,PASS,,p472 has only text and a table. No figure is visible and none was extracted. Nothing was lost.,
LOGIQ_e_R9_General_Service_Manual,sec_0071,472,5.5-filters_passing_noise,PASS,,No image is extracted from p472. No icon or rule is kept.,
LOGIQ_e_R9_General_Service_Manual,sec_0071,472,5.5-image_section_mapping,PASS,,No visible image on p472 and none mapped. This is correct.,
LOGIQ_e_R9_General_Service_Manual,sec_0071,477,5.4-hierarchy_level,PASS,,"'System maintenance' is a level 2 title under the chapter, as in the bookmarks. Its title is printed on p466.",
LOGIQ_e_R9_General_Service_Manual,sec_0071,477,5.4-parent_child,PASS,,parent_section_id is sec_0064 and child_sections is empty. sec_0064 lists sec_0071. This is coherent. Sub-titles such as 'Preliminary checks' stay inside this section.,
LOGIQ_e_R9_General_Service_Manual,sec_0071,477,5.4-page_start_end,PASS,,The section starts on p466 and ends on p477 with Figure 10-14 caption and two NOTE lines. Nodes #/texts/4854 to 4988 and #/tables/135 to 143 belong here. 'Tools required' ends on p465 and 'Electrical safety tests' starts on p478. p477 holds only the Figure 10-14 caption and two NOTE lines. The flow chart itself is on p476.,
LOGIQ_e_R9_General_Service_Manual,sec_0071,477,5.4-hierarchy_path,PASS,,hierarchy_path '/Care and Maintenance/System maintenance' matches the chapter and the title on p466.,
LOGIQ_e_R9_General_Service_Manual,sec_0071,477,5.4-gaps_duplicates,PASS,,"Ranges p462-465, p466-477 and p478-489 follow each other. The tables 10-7 to 10-13 each appear once (#/tables/135 to 143). No duplicated block was found.",
LOGIQ_e_R9_General_Service_Manual,sec_0071,477,5.4-flagged_for_review,PASS,,flagged_for_review is false and verification_score is 100. Title and page match the render.,
LOGIQ_e_R9_General_Service_Manual,sec_0071,477,5.4-structural_source,PASS,,"structural_source is toc. The title is printed at the top of p466, as declared.",
LOGIQ_e_R9_General_Service_Manual,sec_0071,477,5.6-numbering_scheme,PASS,,Pages are printed as '10-22' to '10-33' (chapter-page). Scheme arabic is acceptable.,
LOGIQ_e_R9_General_Service_Manual,sec_0071,477,5.6-offset_applied,PASS,,offset_applied is 0. page_no 466 is printed 10-22 and 477 is printed 10-33. The shift is constant.,
LOGIQ_e_R9_General_Service_Manual,sec_0071,477,5.6-table_content,PASS,,"No table is printed on p477. The tables of this section (#/tables/135 to 143) are on p466-472. The p466, p467 and p472 tables I compared match their renders.",N/A for the sampled page. Confidence is lower because p468-471 were not rendered.
LOGIQ_e_R9_General_Service_Manual,sec_0071,477,5.5-filters_discarding,PASS,,"The flow chart of Figure 10-14 is a vector drawing on p476. It was extracted as img_0399 (origin vector) and shows all boxes, arrows and labels. Its caption and NOTE lines are on p477 in the same section.",
LOGIQ_e_R9_General_Service_Manual,sec_0071,477,5.5-filters_passing_noise,PASS,,img_0399 is the real flow chart. No rule or logo is kept as an image. p477 itself has no image.,
LOGIQ_e_R9_General_Service_Manual,sec_0071,477,5.5-image_section_mapping,PASS,,"img_0399 (p476) is mapped to sec_0071, which owns p466-477 and the caption on p477. This is correct.",
LOGIQ_e_R9_General_Service_Manual,sec_0072,482,5.4-hierarchy_level,PASS,,"'Electrical safety tests' is a level 2 title under the chapter, as in the bookmarks. The title is printed on p478.",
LOGIQ_e_R9_General_Service_Manual,sec_0072,482,5.4-parent_child,PASS,,parent_section_id is sec_0064 and child_sections is empty. sec_0064 lists sec_0072. This is coherent.,
LOGIQ_e_R9_General_Service_Manual,sec_0072,482,5.4-page_start_end,PASS,,"The section starts on p478 and ends on p489 with 'Data Sheet for Transducer Source Leakage Current' and Table 10-19. Nodes #/texts/4989 to 5141 and #/tables/144 to 149 belong here. sec_0071 ends on p477 and sec_0073 starts on p490. p482 has Table 10-16, a NOTE, a paragraph on the tests and Table 10-17.",
LOGIQ_e_R9_General_Service_Manual,sec_0072,482,5.4-hierarchy_path,PASS,,hierarchy_path '/Care and Maintenance/Electrical safety tests' matches the chapter and the title on p478.,
LOGIQ_e_R9_General_Service_Manual,sec_0072,482,5.4-gaps_duplicates,PASS,,"Ranges p466-477, p478-489 and p490-491 follow each other. Tables 10-14 to 10-19 appear once each (#/tables/144 to 149). No duplicated block was found.",
LOGIQ_e_R9_General_Service_Manual,sec_0072,482,5.4-flagged_for_review,PASS,,flagged_for_review is false and verification_score is 100. Title and page match the render.,
LOGIQ_e_R9_General_Service_Manual,sec_0072,482,5.4-structural_source,PASS,,structural_source is toc. The title is printed at the top of p478.,
LOGIQ_e_R9_General_Service_Manual,sec_0072,482,5.6-numbering_scheme,PASS,,Pages are printed '10-37' and '10-38' (chapter-page). Scheme arabic is acceptable.,
LOGIQ_e_R9_General_Service_Manual,sec_0072,482,5.6-offset_applied,PASS,,offset_applied is 0. page_no 481 is printed 10-37 and 482 is printed 10-38. The shift is constant.,
LOGIQ_e_R9_General_Service_Manual,sec_0072,482,5.6-table_content,PASS,,"Table 10-16 (#/tables/146) has 6 columns and one row 'All' with 0.1/0.5/0.5/0.5/5.0 mA. It matches p482. Table 10-17 (#/tables/147) has the 4 rows Applied Parts (AP), Type BF, Type CF and Sink Leakage with the full text. It matches the render. The third column holds the BF and CF symbols, so it is empty in the table. The symbols are extracted as img_0402 and img_0403. No line is lost or repeated.","The BF and CF symbols are not tied to their table row. The text of the row names them, so no information is lost."
LOGIQ_e_R9_General_Service_Manual,sec_0072,482,5.5-filters_discarding,PASS,,p482 has the BF symbol and the CF symbol. Both were extracted: img_0402 (man in box) and img_0403 (heart in box). They are complete and have their own meaning. Nothing is lost.,
LOGIQ_e_R9_General_Service_Manual,sec_0072,482,5.5-filters_passing_noise,PASS,,"img_0402 and img_0403 are real symbols that the text refers to. No rule, logo or decorative icon is kept.",
LOGIQ_e_R9_General_Service_Manual,sec_0072,482,5.5-image_section_mapping,PASS,,img_0402 and img_0403 are on p482 in Table 10-17 and are mapped to sec_0072. This is correct.,
LOGIQ_e_R9_General_Service_Manual,sec_0074,492,5.4-hierarchy_level,PASS,,"'Inspection Paperwork' is a level 2 title under the chapter, as in the bookmarks. It is printed at the top of p492.",
LOGIQ_e_R9_General_Service_Manual,sec_0074,492,5.4-parent_child,PASS,,parent_section_id is sec_0064 and child_sections is empty. sec_0064 lists sec_0074. This is coherent.,
LOGIQ_e_R9_General_Service_Manual,sec_0074,492,5.4-page_start_end,PASS,,The section starts on p492 with the title and 'Ultrasound Inspection Forms'. It ends on p493 with Figure 10-21. Nodes #/texts/5171 to 5285 belong here. sec_0073 ends on p491 and sec_0075 starts on p494.,
LOGIQ_e_R9_General_Service_Manual,sec_0074,492,5.4-hierarchy_path,PASS,,hierarchy_path '/Care and Maintenance/Inspection Paperwork' matches the chapter and the title on p492.,
LOGIQ_e_R9_General_Service_Manual,sec_0074,492,5.4-gaps_duplicates,PASS,,"Ranges p490-491, p492-493 and p494-496 follow each other. The words of Figure 10-19 appear once, except the line '* Scan Format: ...' which is printed twice on p492 and is also kept twice (#/texts/5217 and 5219).",
LOGIQ_e_R9_General_Service_Manual,sec_0074,492,5.4-flagged_for_review,PASS,,flagged_for_review is false and verification_score is 100. Title and page match the render.,
LOGIQ_e_R9_General_Service_Manual,sec_0074,492,5.4-structural_source,PASS,,structural_source is toc. The title is printed at the top of p492.,
LOGIQ_e_R9_General_Service_Manual,sec_0074,492,5.6-numbering_scheme,PASS,,"p492 is printed '10-48'. Chapter-page folio, scheme arabic is acceptable.",
LOGIQ_e_R9_General_Service_Manual,sec_0074,492,5.6-offset_applied,PASS,,offset_applied is 0. page_no 492 is printed 10-48. The shift is constant with neighbours.,
LOGIQ_e_R9_General_Service_Manual,sec_0074,492,5.5-filters_discarding,FAIL,Medium,"Figure 10-19 (the Ultrasound Inspection Certificate form) is a vector form on p492. No image was extracted for it. All its words are kept as text nodes in sec_0074 (#/texts/5174 to 5219), but the form layout is lost. The same is true for Figures 10-20 and 10-21 on p493.",Probably the same cause as BUG-010 (vector drawings are not captured). Graded Medium (not Critical) per the reviewer rules: vector forms whose words are all kept as text in the right section are Medium. verify_claims expects Critical because it sees no image. The SEVERITY signal is justified here. Some words are split ('S ystem ID:'). That is deformed text and out of scope for this version.
LOGIQ_e_R9_General_Service_Manual,sec_0074,492,5.5-filters_passing_noise,PASS,,"No image is extracted for sec_0074, so no logo, rule or icon is kept as an image.",
LOGIQ_e_R9_General_Service_Manual,sec_0074,492,5.5-image_section_mapping,PASS,,"No image was extracted for sec_0074, so there is nothing to map. The form text on p492 is in the right section. The missing form image is graded in 5.5-filters_discarding.",
LOGIQ_e_R9_General_Service_Manual,sec_0077,498,5.4-hierarchy_level,PASS,,"'Overview' is a level 2 title under 'LOGIQ e Cart Setup', as in the bookmarks. It is printed at the top of p498.",
LOGIQ_e_R9_General_Service_Manual,sec_0077,498,5.4-parent_child,PASS,,parent_section_id is sec_0076 and child_sections is empty. sec_0076 lists sec_0077 as its first child. This is coherent.,
LOGIQ_e_R9_General_Service_Manual,sec_0077,498,5.4-page_start_end,PASS,,"The section starts on p498 with the title 'Overview' and ends on p499 with the transport NOTE (#/texts/5336). Nodes #/texts/5300 to 5337 belong here. sec_0076 ends with its p497 and sec_0078 starts on p500. The 'This chapter contains this information:' line is typed as heading, but it stays in the right section.",
LOGIQ_e_R9_General_Service_Manual,sec_0077,498,5.4-hierarchy_path,PASS,,hierarchy_path '/LOGIQ e Cart Setup/Overview' matches the running header 'LOGIQ e Cart Setup' and the title on p498.,
LOGIQ_e_R9_General_Service_Manual,sec_0077,498,5.4-gaps_duplicates,PASS,,Range p498-499 follows the chapter page p497 and precedes sec_0078 (p500). The p498 contents list and intro text appear once.,
LOGIQ_e_R9_General_Service_Manual,sec_0077,498,5.4-flagged_for_review,PASS,,flagged_for_review is false and verification_score is 100. Title and page match the render.,
LOGIQ_e_R9_General_Service_Manual,sec_0077,498,5.4-structural_source,PASS,,structural_source is toc. The title 'Overview' is printed at the top of p498.,
LOGIQ_e_R9_General_Service_Manual,sec_0077,498,5.6-numbering_scheme,PASS,,"p498 is printed '11-2'. Chapter-page folio, scheme arabic is acceptable.",
LOGIQ_e_R9_General_Service_Manual,sec_0077,498,5.6-offset_applied,PASS,,offset_applied is 0. page_no 498 is printed 11-2. The shift is constant.,
LOGIQ_e_R9_General_Service_Manual,sec_0077,498,5.5-filters_discarding,PASS,,p498 has only text and bullet lists. No figure is visible and none was extracted. Nothing was lost.,
LOGIQ_e_R9_General_Service_Manual,sec_0077,498,5.5-filters_passing_noise,PASS,,No image is extracted for sec_0077. The blue header rule is not kept as an image.,
LOGIQ_e_R9_General_Service_Manual,sec_0077,498,5.5-image_section_mapping,PASS,,No visible image on p498 and none mapped to sec_0077. The CAUTION and WARNING triangles on p499 are decorative and are not extracted. This is correct.,
LOGIQ_e_R9_General_Service_Manual,sec_0078,509,5.4-hierarchy_level,PASS,,sec_0078 'Set Up LOGIQ e Cart' has hierarchy_level 2 and parent sec_0076 'LOGIQ e Cart Setup' (level 1). The page header on p509 (printed 11-13) matches that chapter. Level 2 is correct.,
LOGIQ_e_R9_General_Service_Manual,sec_0078,509,5.4-parent_child,PASS,,"Parent sec_0076 'LOGIQ e Cart Setup' is the chapter-level bookmark for p497-562. sec_0078 has no children, and p509 shows no sub-bookmark heading that needs its own section. Parent and child list are correct.",
LOGIQ_e_R9_General_Service_Manual,sec_0078,509,5.4-page_start_end,PASS,,"On p509 the nodes #/texts/5453 to #/texts/5458 and #/tables/157 show headings 'Peripheral Installation' and 'On-Board Optional Peripherals', Table 11-6 and one closing sentence. All of it belongs to 'Set Up LOGIQ e Cart'. The section runs p500-527: it starts at the heading 'Set Up LOGIQ e Cart' on p500 (#/texts/5342) and the next section is sec_0079 'Cart Using' (p528). No neighbour content is absorbed and nothing is lost here.",
LOGIQ_e_R9_General_Service_Manual,sec_0078,509,5.4-hierarchy_path,PASS,,"hierarchy_path '/LOGIQ e Cart Setup/Set Up LOGIQ e Cart' lists the chapter then the section, in order. It matches the bookmark nesting and the page header on p509.",
LOGIQ_e_R9_General_Service_Manual,sec_0078,509,5.4-gaps_duplicates,PASS,,On p509 I compared the rendered page with #/texts/5453 to #/texts/5458 and #/tables/157. Each printed block appears once and none is missing. Previous section: sec_0077 'Overview' (ends p499); next: sec_0079 'Cart Using' (p528). No overlap or gap at the section edges.,
LOGIQ_e_R9_General_Service_Manual,sec_0078,509,5.4-flagged_for_review,PASS,,"sec_0078 has flagged_for_review false, confidence 1.0 and verification_score 100. I found no uncertainty on p509, so no flag is needed.",
LOGIQ_e_R9_General_Service_Manual,sec_0078,509,5.4-structural_source,PASS,,"structural_source is 'toc'. The title 'Set Up LOGIQ e Cart' is a real bookmark in the PDF, and the heading 'Set Up LOGIQ e Cart' on p500 (#/texts/5342) confirms it. The TOC source is supported.",
LOGIQ_e_R9_General_Service_Manual,sec_0078,509,5.6-numbering_scheme,PASS,,"Printed folios use chapter-page numbers (p509 shows 11-13). They are arabic digits, so numbering_scheme 'arabic' is correct.",
LOGIQ_e_R9_General_Service_Manual,sec_0078,509,5.6-offset_applied,PASS,,"offset_applied is 0. The section heading is found on physical p500, the same page as page_start. Physical p509 prints 11-13, which fits the chapter run (p500 = 11-4). The offset is correct.",
LOGIQ_e_R9_General_Service_Manual,sec_0078,509,5.6-table_content,PASS,,"Table 11-6 (#/tables/157) has 5 header words and 4 device rows (B/W Printer, Color Printer, DVD, ECG). Every cell matches the render, including 'NORAV GE' and 'ECGUSB1D-EX'. No table line is lost and no text is added twice.",
LOGIQ_e_R9_General_Service_Manual,sec_0078,509,5.5-filters_discarding,PASS,,"p509 shows no photo or diagram, and images.json has no image for this page. Nothing meaningful was dropped.",
LOGIQ_e_R9_General_Service_Manual,sec_0078,509,5.5-filters_passing_noise,PASS,,"No logo, rule, footer divider or other decoration is kept as an image on p509. The running header and folio stay as text nodes.",
LOGIQ_e_R9_General_Service_Manual,sec_0078,509,5.5-image_section_mapping,PASS,,"p509 has no figure and images.json lists no image for it. This agrees with the render, so nothing needs mapping.",
LOGIQ_e_R9_General_Service_Manual,sec_0078,511,5.4-hierarchy_level,PASS,,sec_0078 'Set Up LOGIQ e Cart' has hierarchy_level 2 and parent sec_0076 'LOGIQ e Cart Setup' (level 1). The page header on p511 (printed 11-15) matches that chapter. Level 2 is correct.,
LOGIQ_e_R9_General_Service_Manual,sec_0078,511,5.4-parent_child,PASS,,"Parent sec_0076 'LOGIQ e Cart Setup' is the chapter-level bookmark for p497-562. sec_0078 has no children, and p511 shows no sub-bookmark heading that needs its own section. Parent and child list are correct.",
LOGIQ_e_R9_General_Service_Manual,sec_0078,511,5.4-page_start_end,PASS,,On p511 the nodes #/texts/5471 to #/texts/5474 and #/tables/158 show heading 'Mounting Procedure' and Table 11-7 (3 steps with photos). All of it belongs to 'Set Up LOGIQ e Cart'. The section runs p500-527: it starts at the heading 'Set Up LOGIQ e Cart' on p500 (#/texts/5342) and the next section is sec_0079 'Cart Using' (p528). No neighbour content is absorbed and nothing is lost here.,
LOGIQ_e_R9_General_Service_Manual,sec_0078,511,5.4-hierarchy_path,PASS,,"hierarchy_path '/LOGIQ e Cart Setup/Set Up LOGIQ e Cart' lists the chapter then the section, in order. It matches the bookmark nesting and the page header on p511.",
LOGIQ_e_R9_General_Service_Manual,sec_0078,511,5.4-gaps_duplicates,PASS,,On p511 I compared the rendered page with #/texts/5471 to #/texts/5474 and #/tables/158. Each printed block appears once and none is missing. Previous section: sec_0077 'Overview' (ends p499); next: sec_0079 'Cart Using' (p528). No overlap or gap at the section edges.,
LOGIQ_e_R9_General_Service_Manual,sec_0078,511,5.4-flagged_for_review,PASS,,"sec_0078 has flagged_for_review false, confidence 1.0 and verification_score 100. I found no uncertainty on p511, so no flag is needed.",
LOGIQ_e_R9_General_Service_Manual,sec_0078,511,5.4-structural_source,PASS,,"structural_source is 'toc'. The title 'Set Up LOGIQ e Cart' is a real bookmark in the PDF, and the heading 'Set Up LOGIQ e Cart' on p500 (#/texts/5342) confirms it. The TOC source is supported.",
LOGIQ_e_R9_General_Service_Manual,sec_0078,511,5.6-numbering_scheme,PASS,,"Printed folios use chapter-page numbers (p511 shows 11-15). They are arabic digits, so numbering_scheme 'arabic' is correct.",
LOGIQ_e_R9_General_Service_Manual,sec_0078,511,5.6-offset_applied,PASS,,"offset_applied is 0. The section heading is found on physical p500, the same page as page_start. Physical p511 prints 11-15, which fits the chapter run (p500 = 11-4). The offset is correct.",
LOGIQ_e_R9_General_Service_Manual,sec_0078,511,5.6-table_content,PASS,,"Table 11-7 (#/tables/158) has the header and steps 1, 2 and 3 with the same text as the render. The graphic column is empty because it holds photos. No table line is lost and no text is added twice.",
LOGIQ_e_R9_General_Service_Manual,sec_0078,511,5.5-filters_discarding,PASS,,"p511 figures are extracted as img_0419, img_0420 and img_0421 (the photos of steps 1, 2 and 3). Each crop shows the full printed figure and no figure is missing.",
LOGIQ_e_R9_General_Service_Manual,sec_0078,511,5.5-filters_passing_noise,PASS,,"The images kept on p511 (img_0419, img_0420 and img_0421 (the photos of steps 1, 2 and 3)) are all real figures. No logo, rule or divider is kept as an image.",
LOGIQ_e_R9_General_Service_Manual,sec_0078,511,5.5-image_section_mapping,PASS,,"On p511 the images img_0419, img_0420 and img_0421 (the photos of steps 1, 2 and 3) belong to 'Set Up LOGIQ e Cart' (sec_0078) and are mapped to sec_0078. The page lies inside p500-527 and no neighbour section shares this page.",
LOGIQ_e_R9_General_Service_Manual,sec_0078,514,5.4-hierarchy_level,PASS,,sec_0078 'Set Up LOGIQ e Cart' has hierarchy_level 2 and parent sec_0076 'LOGIQ e Cart Setup' (level 1). The page header on p514 (printed 11-18) matches that chapter. Level 2 is correct.,
LOGIQ_e_R9_General_Service_Manual,sec_0078,514,5.4-parent_child,PASS,,"Parent sec_0076 'LOGIQ e Cart Setup' is the chapter-level bookmark for p497-562. sec_0078 has no children, and p514 shows no sub-bookmark heading that needs its own section. Parent and child list are correct.",
LOGIQ_e_R9_General_Service_Manual,sec_0078,514,5.4-page_start_end,PASS,,On p514 the nodes #/texts/5490 to #/texts/5494 and #/tables/160 show headings 'Install DVD-RW to LOGIQ e Cart (continued)' and 'Mounting Procedure' and Table 11-9 (3 steps with photos). All of it belongs to 'Set Up LOGIQ e Cart'. The section runs p500-527: it starts at the heading 'Set Up LOGIQ e Cart' on p500 (#/texts/5342) and the next section is sec_0079 'Cart Using' (p528). No neighbour content is absorbed and nothing is lost here.,
LOGIQ_e_R9_General_Service_Manual,sec_0078,514,5.4-hierarchy_path,PASS,,"hierarchy_path '/LOGIQ e Cart Setup/Set Up LOGIQ e Cart' lists the chapter then the section, in order. It matches the bookmark nesting and the page header on p514.",
LOGIQ_e_R9_General_Service_Manual,sec_0078,514,5.4-gaps_duplicates,PASS,,On p514 I compared the rendered page with #/texts/5490 to #/texts/5494 and #/tables/160. Each printed block appears once and none is missing. Previous section: sec_0077 'Overview' (ends p499); next: sec_0079 'Cart Using' (p528). No overlap or gap at the section edges.,
LOGIQ_e_R9_General_Service_Manual,sec_0078,514,5.4-flagged_for_review,PASS,,"sec_0078 has flagged_for_review false, confidence 1.0 and verification_score 100. I found no uncertainty on p514, so no flag is needed.",
LOGIQ_e_R9_General_Service_Manual,sec_0078,514,5.4-structural_source,PASS,,"structural_source is 'toc'. The title 'Set Up LOGIQ e Cart' is a real bookmark in the PDF, and the heading 'Set Up LOGIQ e Cart' on p500 (#/texts/5342) confirms it. The TOC source is supported.",
LOGIQ_e_R9_General_Service_Manual,sec_0078,514,5.6-numbering_scheme,PASS,,"Printed folios use chapter-page numbers (p514 shows 11-18). They are arabic digits, so numbering_scheme 'arabic' is correct.",
LOGIQ_e_R9_General_Service_Manual,sec_0078,514,5.6-offset_applied,PASS,,"offset_applied is 0. The section heading is found on physical p500, the same page as page_start. Physical p514 prints 11-18, which fits the chapter run (p500 = 11-4). The offset is correct.",
LOGIQ_e_R9_General_Service_Manual,sec_0078,514,5.6-table_content,PASS,,"Table 11-9 (#/tables/160) has the header and steps 1, 2 and 3 with the same text as the render. The graphic column is empty because it holds photos. No table line is lost and no text is added twice.",
LOGIQ_e_R9_General_Service_Manual,sec_0078,514,5.5-filters_discarding,PASS,,"p514 figures are extracted as img_0424, img_0425 and img_0426 (the photos of steps 1, 2 and 3). Each crop shows the full printed figure and no figure is missing.",
LOGIQ_e_R9_General_Service_Manual,sec_0078,514,5.5-filters_passing_noise,PASS,,"The images kept on p514 (img_0424, img_0425 and img_0426 (the photos of steps 1, 2 and 3)) are all real figures. No logo, rule or divider is kept as an image.",
LOGIQ_e_R9_General_Service_Manual,sec_0078,514,5.5-image_section_mapping,PASS,,"On p514 the images img_0424, img_0425 and img_0426 (the photos of steps 1, 2 and 3) belong to 'Set Up LOGIQ e Cart' (sec_0078) and are mapped to sec_0078. The page lies inside p500-527 and no neighbour section shares this page.",
LOGIQ_e_R9_General_Service_Manual,sec_0078,518,5.4-hierarchy_level,PASS,,sec_0078 'Set Up LOGIQ e Cart' has hierarchy_level 2 and parent sec_0076 'LOGIQ e Cart Setup' (level 1). The page header on p518 (printed 11-22) matches that chapter. Level 2 is correct.,
LOGIQ_e_R9_General_Service_Manual,sec_0078,518,5.4-parent_child,PASS,,"Parent sec_0076 'LOGIQ e Cart Setup' is the chapter-level bookmark for p497-562. sec_0078 has no children, and p518 shows no sub-bookmark heading that needs its own section. Parent and child list are correct.",
LOGIQ_e_R9_General_Service_Manual,sec_0078,518,5.4-page_start_end,PASS,,"On p518 the nodes #/texts/5517 to #/texts/5521 and #/tables/162 show Table 11-10 (step 4 only, with photo) and 'Removal Procedure'. All of it belongs to 'Set Up LOGIQ e Cart'. The section runs p500-527: it starts at the heading 'Set Up LOGIQ e Cart' on p500 (#/texts/5342) and the next section is sec_0079 'Cart Using' (p528). No neighbour content is absorbed and nothing is lost here.",
LOGIQ_e_R9_General_Service_Manual,sec_0078,518,5.4-hierarchy_path,PASS,,"hierarchy_path '/LOGIQ e Cart Setup/Set Up LOGIQ e Cart' lists the chapter then the section, in order. It matches the bookmark nesting and the page header on p518.",
LOGIQ_e_R9_General_Service_Manual,sec_0078,518,5.4-gaps_duplicates,PASS,,On p518 I compared the rendered page with #/texts/5517 to #/texts/5521 and #/tables/162. Each printed block appears once and none is missing. Previous section: sec_0077 'Overview' (ends p499); next: sec_0079 'Cart Using' (p528). No overlap or gap at the section edges.,
LOGIQ_e_R9_General_Service_Manual,sec_0078,518,5.4-flagged_for_review,PASS,,"sec_0078 has flagged_for_review false, confidence 1.0 and verification_score 100. I found no uncertainty on p518, so no flag is needed.",
LOGIQ_e_R9_General_Service_Manual,sec_0078,518,5.4-structural_source,PASS,,"structural_source is 'toc'. The title 'Set Up LOGIQ e Cart' is a real bookmark in the PDF, and the heading 'Set Up LOGIQ e Cart' on p500 (#/texts/5342) confirms it. The TOC source is supported.",
LOGIQ_e_R9_General_Service_Manual,sec_0078,518,5.6-numbering_scheme,PASS,,"Printed folios use chapter-page numbers (p518 shows 11-22). They are arabic digits, so numbering_scheme 'arabic' is correct.",
LOGIQ_e_R9_General_Service_Manual,sec_0078,518,5.6-offset_applied,PASS,,"offset_applied is 0. The section heading is found on physical p500, the same page as page_start. Physical p518 prints 11-22, which fits the chapter run (p500 = 11-4). The offset is correct.",
LOGIQ_e_R9_General_Service_Manual,sec_0078,518,5.6-table_content,PASS,,Table 11-10 (#/tables/162) has the header and step 4 'Hang the ECG cables on the cable hook of LOGIQ e Cart.' as printed. Steps 1 to 3 are on p517. No table line is lost and no text is added twice.,
LOGIQ_e_R9_General_Service_Manual,sec_0078,518,5.5-filters_discarding,PASS,,p518 figures are extracted as img_0430 (the photo of step 4). Each crop shows the full printed figure and no figure is missing.,
LOGIQ_e_R9_General_Service_Manual,sec_0078,518,5.5-filters_passing_noise,PASS,,"The images kept on p518 (img_0430 (the photo of step 4)) are all real figures. No logo, rule or divider is kept as an image.",
LOGIQ_e_R9_General_Service_Manual,sec_0078,518,5.5-image_section_mapping,PASS,,On p518 the images img_0430 (the photo of step 4) belong to 'Set Up LOGIQ e Cart' (sec_0078) and are mapped to sec_0078. The page lies inside p500-527 and no neighbour section shares this page.,
LOGIQ_e_R9_General_Service_Manual,sec_0078,524,5.4-hierarchy_level,PASS,,sec_0078 'Set Up LOGIQ e Cart' has hierarchy_level 2 and parent sec_0076 'LOGIQ e Cart Setup' (level 1). The page header on p524 (printed 11-28) matches that chapter. Level 2 is correct.,
LOGIQ_e_R9_General_Service_Manual,sec_0078,524,5.4-parent_child,PASS,,"Parent sec_0076 'LOGIQ e Cart Setup' is the chapter-level bookmark for p497-562. sec_0078 has no children, and p524 shows no sub-bookmark heading that needs its own section. Parent and child list are correct.",
LOGIQ_e_R9_General_Service_Manual,sec_0078,524,5.4-page_start_end,PASS,,"On p524 the nodes #/texts/5613 to #/texts/5627 and #/tables/164 show 'Matrix of Peripheral Working Power Load', Table 11-15, two CAUTION boxes and 'Charger Box Care and Maintenance'. All of it belongs to 'Set Up LOGIQ e Cart'. The section runs p500-527: it starts at the heading 'Set Up LOGIQ e Cart' on p500 (#/texts/5342) and the next section is sec_0079 'Cart Using' (p528). No neighbour content is absorbed and nothing is lost here.",
LOGIQ_e_R9_General_Service_Manual,sec_0078,524,5.4-hierarchy_path,PASS,,"hierarchy_path '/LOGIQ e Cart Setup/Set Up LOGIQ e Cart' lists the chapter then the section, in order. It matches the bookmark nesting and the page header on p524.",
LOGIQ_e_R9_General_Service_Manual,sec_0078,524,5.4-gaps_duplicates,PASS,,On p524 I compared the rendered page with #/texts/5613 to #/texts/5627 and #/tables/164. Each printed block appears once and none is missing. Previous section: sec_0077 'Overview' (ends p499); next: sec_0079 'Cart Using' (p528). No overlap or gap at the section edges.,
LOGIQ_e_R9_General_Service_Manual,sec_0078,524,5.4-flagged_for_review,PASS,,"sec_0078 has flagged_for_review false, confidence 1.0 and verification_score 100. I found no uncertainty on p524, so no flag is needed.",
LOGIQ_e_R9_General_Service_Manual,sec_0078,524,5.4-structural_source,PASS,,"structural_source is 'toc'. The title 'Set Up LOGIQ e Cart' is a real bookmark in the PDF, and the heading 'Set Up LOGIQ e Cart' on p500 (#/texts/5342) confirms it. The TOC source is supported.",
LOGIQ_e_R9_General_Service_Manual,sec_0078,524,5.6-numbering_scheme,PASS,,"Printed folios use chapter-page numbers (p524 shows 11-28). They are arabic digits, so numbering_scheme 'arabic' is correct.",
LOGIQ_e_R9_General_Service_Manual,sec_0078,524,5.6-offset_applied,PASS,,"offset_applied is 0. The section heading is found on physical p500, the same page as page_start. Physical p524 prints 11-28, which fits the chapter run (p500 = 11-4). The offset is correct.",
LOGIQ_e_R9_General_Service_Manual,sec_0078,524,5.6-table_content,PASS,,"Table 11-15 (#/tables/164) has the header and four rows (UP-D898MD, UP-D25MD and two Transcend rows with 5 and 5.5). All values sit under the right column. No table line is lost and no text is added twice.",
LOGIQ_e_R9_General_Service_Manual,sec_0078,524,5.5-filters_discarding,PASS,,"p524 has no photo or diagram. Two yellow CAUTION triangles are not extracted. They are decorative warning icons and the CAUTION word is kept as text (#/texts/5617, #/texts/5626). Nothing meaningful was dropped.","verify_claims flags a small dropped raster (137x118 px, 0.3% of page). It is the CAUTION warning triangle. By the reviewer rule a decorative warning icon not extracted is PASS (noise)."
LOGIQ_e_R9_General_Service_Manual,sec_0078,524,5.5-filters_passing_noise,PASS,,"No logo, rule, footer divider or other decoration is kept as an image on p524. The running header and folio stay as text nodes.",
LOGIQ_e_R9_General_Service_Manual,sec_0078,524,5.5-image_section_mapping,PASS,,"p524 has no figure and images.json lists no image for it. This agrees with the render, so nothing needs mapping.",
LOGIQ_e_R9_General_Service_Manual,sec_0078,525,5.4-hierarchy_level,PASS,,sec_0078 'Set Up LOGIQ e Cart' has hierarchy_level 2 and parent sec_0076 'LOGIQ e Cart Setup' (level 1). The page header on p525 (printed 11-29) matches that chapter. Level 2 is correct.,
LOGIQ_e_R9_General_Service_Manual,sec_0078,525,5.4-parent_child,PASS,,"Parent sec_0076 'LOGIQ e Cart Setup' is the chapter-level bookmark for p497-562. sec_0078 has no children, and p525 shows no sub-bookmark heading that needs its own section. Parent and child list are correct.",
LOGIQ_e_R9_General_Service_Manual,sec_0078,525,5.4-page_start_end,PASS,,"On p525 the nodes #/texts/5628 to #/texts/5637 and #/tables/165 show 'Install 3-Probe Port to LOGIQ e Cart', Table 11-16 (2 steps with photos), a NOTE, 'Removal Procedure' and '3-Probe Port Usage'. All of it belongs to sec_0078 (p500-527). The next section sec_0079 starts on p528. Nothing crosses a section boundary.","Order point: the heading '3-Probe Port Usage' (#/texts/5633) comes before the text 'Remove the new parts in the reverse order of installation.' (#/texts/5634). This is an order issue inside one section, not a boundary issue. Approved v1.13 grade is PASS."
LOGIQ_e_R9_General_Service_Manual,sec_0078,525,5.4-hierarchy_path,PASS,,"hierarchy_path '/LOGIQ e Cart Setup/Set Up LOGIQ e Cart' lists the chapter then the section, in order. It matches the bookmark nesting and the page header on p525.",
LOGIQ_e_R9_General_Service_Manual,sec_0078,525,5.4-gaps_duplicates,PASS,,On p525 I compared the rendered page with #/texts/5628 to #/texts/5637 and #/tables/165. Each printed block appears once and none is missing. Previous section: sec_0077 'Overview' (ends p499); next: sec_0079 'Cart Using' (p528). No overlap or gap at the section edges.,
LOGIQ_e_R9_General_Service_Manual,sec_0078,525,5.4-flagged_for_review,PASS,,"sec_0078 has flagged_for_review false, confidence 1.0 and verification_score 100. I found no uncertainty on p525, so no flag is needed.",
LOGIQ_e_R9_General_Service_Manual,sec_0078,525,5.4-structural_source,PASS,,"structural_source is 'toc'. The title 'Set Up LOGIQ e Cart' is a real bookmark in the PDF, and the heading 'Set Up LOGIQ e Cart' on p500 (#/texts/5342) confirms it. The TOC source is supported.",
LOGIQ_e_R9_General_Service_Manual,sec_0078,525,5.6-numbering_scheme,PASS,,"Printed folios use chapter-page numbers (p525 shows 11-29). They are arabic digits, so numbering_scheme 'arabic' is correct.",
LOGIQ_e_R9_General_Service_Manual,sec_0078,525,5.6-offset_applied,PASS,,"offset_applied is 0. The section heading is found on physical p500, the same page as page_start. Physical p525 prints 11-29, which fits the chapter run (p500 = 11-4). The offset is correct.",
LOGIQ_e_R9_General_Service_Manual,sec_0078,525,5.6-table_content,PASS,,Table 11-16 (#/tables/165) has the header and steps 1 and 2 with the same text as the render. The graphic column is empty because it holds photos. No table line is lost and no text is added twice.,
LOGIQ_e_R9_General_Service_Manual,sec_0078,525,5.5-filters_discarding,PASS,,p525 figures are extracted as img_0440 and img_0441 (the photos of steps 1 and 2). Each crop shows the full printed figure and no figure is missing.,
LOGIQ_e_R9_General_Service_Manual,sec_0078,525,5.5-filters_passing_noise,PASS,,"The images kept on p525 (img_0440 and img_0441 (the photos of steps 1 and 2)) are all real figures. No logo, rule or divider is kept as an image.",
LOGIQ_e_R9_General_Service_Manual,sec_0078,525,5.5-image_section_mapping,PASS,,On p525 the images img_0440 and img_0441 (the photos of steps 1 and 2) belong to 'Set Up LOGIQ e Cart' (sec_0078) and are mapped to sec_0078. The page lies inside p500-527 and no neighbour section shares this page.,
LOGIQ_e_R9_General_Service_Manual,sec_0079,531,5.4-hierarchy_level,PASS,,sec_0079 'Cart Using' has hierarchy_level 2 and parent sec_0076 'LOGIQ e Cart Setup' (level 1). The page header on p531 (printed 11-35) matches that chapter. Level 2 is correct.,
LOGIQ_e_R9_General_Service_Manual,sec_0079,531,5.4-parent_child,PASS,,"Parent sec_0076 'LOGIQ e Cart Setup' is the chapter-level bookmark for p497-562. sec_0079 has no children, and p531 shows no sub-bookmark heading that needs its own section. Parent and child list are correct.",
LOGIQ_e_R9_General_Service_Manual,sec_0079,531,5.4-page_start_end,PASS,,"On p531 the nodes #/texts/5698 to #/texts/5710 show 'Release the System from LOGIQ e Cart', a CAUTION, Figure 11-8 and four numbered steps. All of it belongs to 'Cart Using'. The section runs p528-532: it starts at the heading 'Cart Using' on p528 (#/texts/5676) and the next section is sec_0080 'LOGIQ e Cart Renewal Parts' (p533). No neighbour content is absorbed and nothing is lost here.",
LOGIQ_e_R9_General_Service_Manual,sec_0079,531,5.4-hierarchy_path,PASS,,"hierarchy_path '/LOGIQ e Cart Setup/Cart Using' lists the chapter then the section, in order. It matches the bookmark nesting and the page header on p531.",
LOGIQ_e_R9_General_Service_Manual,sec_0079,531,5.4-gaps_duplicates,PASS,,"On p531 I compared the rendered page with #/texts/5698 to #/texts/5710. Each printed block appears once and none is missing. Previous section: sec_0078 (ends p527 with 'Paperwork', 'User Manual'); next: sec_0080 'LOGIQ e Cart Renewal Parts' (p533). No overlap or gap at the section edges.",
LOGIQ_e_R9_General_Service_Manual,sec_0079,531,5.4-flagged_for_review,PASS,,"sec_0079 has flagged_for_review false, confidence 1.0 and verification_score 100. I found no uncertainty on p531, so no flag is needed.",
LOGIQ_e_R9_General_Service_Manual,sec_0079,531,5.4-structural_source,PASS,,"structural_source is 'toc'. The title 'Cart Using' is a real bookmark in the PDF, and the heading 'Cart Using' on p528 (#/texts/5676) confirms it. The TOC source is supported.",
LOGIQ_e_R9_General_Service_Manual,sec_0079,531,5.6-numbering_scheme,PASS,,"Printed folios use chapter-page numbers (p531 shows 11-35). They are arabic digits, so numbering_scheme 'arabic' is correct.",
LOGIQ_e_R9_General_Service_Manual,sec_0079,531,5.6-offset_applied,PASS,,"offset_applied is 0. The section heading is found on physical p528, the same page as page_start. Physical p531 prints 11-35, which fits the chapter run (p500 = 11-4). The offset is correct.",
LOGIQ_e_R9_General_Service_Manual,sec_0079,531,5.5-filters_discarding,PASS,,p531 figures are extracted as img_0445 (Figure 11-8). Each crop shows the full printed figure and no figure is missing. The small lock and unlock icons are inside the figure crop. The CAUTION triangle is not extracted; it is decorative and the CAUTION word stays as text.,"verify_claims flags a small dropped raster (137x118 px, 0.3% of page). It is the CAUTION warning triangle. By the reviewer rule a decorative warning icon not extracted is PASS (noise)."
LOGIQ_e_R9_General_Service_Manual,sec_0079,531,5.5-filters_passing_noise,PASS,,"The images kept on p531 (img_0445 (Figure 11-8)) are all real figures. No logo, rule or divider is kept as an image.",
LOGIQ_e_R9_General_Service_Manual,sec_0079,531,5.5-image_section_mapping,PASS,,On p531 the images img_0445 (Figure 11-8) belong to 'Cart Using' (sec_0079) and are mapped to sec_0079. The page lies inside p528-532 and no neighbour section shares this page.,
LOGIQ_e_R9_General_Service_Manual,sec_0079,532,5.4-hierarchy_level,PASS,,sec_0079 'Cart Using' has hierarchy_level 2 and parent sec_0076 'LOGIQ e Cart Setup' (level 1). The page header on p532 (printed 11-36) matches that chapter. Level 2 is correct.,
LOGIQ_e_R9_General_Service_Manual,sec_0079,532,5.4-parent_child,PASS,,"Parent sec_0076 'LOGIQ e Cart Setup' is the chapter-level bookmark for p497-562. sec_0079 has no children, and p532 shows no sub-bookmark heading that needs its own section. Parent and child list are correct.",
LOGIQ_e_R9_General_Service_Manual,sec_0079,532,5.4-page_start_end,PASS,,On p532 the nodes #/texts/5711 to #/texts/5721 show 'Switch the Three Probes' and 'System Operation' with four NOTE lines. All of it belongs to 'Cart Using'. The section runs p528-532: it starts at the heading 'Cart Using' on p528 (#/texts/5676) and the next section is sec_0080 'LOGIQ e Cart Renewal Parts' (p533). No neighbour content is absorbed and nothing is lost here.,
LOGIQ_e_R9_General_Service_Manual,sec_0079,532,5.4-hierarchy_path,PASS,,"hierarchy_path '/LOGIQ e Cart Setup/Cart Using' lists the chapter then the section, in order. It matches the bookmark nesting and the page header on p532.",
LOGIQ_e_R9_General_Service_Manual,sec_0079,532,5.4-gaps_duplicates,PASS,,"On p532 I compared the rendered page with #/texts/5711 to #/texts/5721. Each printed block appears once and none is missing. Previous section: sec_0078 (ends p527 with 'Paperwork', 'User Manual'); next: sec_0080 'LOGIQ e Cart Renewal Parts' (p533). No overlap or gap at the section edges.",
LOGIQ_e_R9_General_Service_Manual,sec_0079,532,5.4-flagged_for_review,PASS,,"sec_0079 has flagged_for_review false, confidence 1.0 and verification_score 100. I found no uncertainty on p532, so no flag is needed.",
LOGIQ_e_R9_General_Service_Manual,sec_0079,532,5.4-structural_source,PASS,,"structural_source is 'toc'. The title 'Cart Using' is a real bookmark in the PDF, and the heading 'Cart Using' on p528 (#/texts/5676) confirms it. The TOC source is supported.",
LOGIQ_e_R9_General_Service_Manual,sec_0079,532,5.6-numbering_scheme,PASS,,"Printed folios use chapter-page numbers (p532 shows 11-36). They are arabic digits, so numbering_scheme 'arabic' is correct.",
LOGIQ_e_R9_General_Service_Manual,sec_0079,532,5.6-offset_applied,PASS,,"offset_applied is 0. The section heading is found on physical p528, the same page as page_start. Physical p532 prints 11-36, which fits the chapter run (p500 = 11-4). The offset is correct.",
LOGIQ_e_R9_General_Service_Manual,sec_0079,532,5.5-filters_discarding,PASS,,"p532 shows no photo or diagram, and images.json has no image for this page. Nothing meaningful was dropped.",
LOGIQ_e_R9_General_Service_Manual,sec_0079,532,5.5-filters_passing_noise,PASS,,"No logo, rule, footer divider or other decoration is kept as an image on p532. The running header and folio stay as text nodes.",
LOGIQ_e_R9_General_Service_Manual,sec_0079,532,5.5-image_section_mapping,PASS,,"p532 has no figure and images.json lists no image for it. This agrees with the render, so nothing needs mapping.",
LOGIQ_e_R9_General_Service_Manual,sec_0081,535,5.4-hierarchy_level,PASS,,sec_0081 'LOGIQ e Cart Functions (Theory)' has hierarchy_level 2 and parent sec_0076 'LOGIQ e Cart Setup' (level 1). The page header on p535 (printed 11-39) matches that chapter. Level 2 is correct.,
LOGIQ_e_R9_General_Service_Manual,sec_0081,535,5.4-parent_child,PASS,,"Parent sec_0076 'LOGIQ e Cart Setup' is the chapter-level bookmark for p497-562. sec_0081 has no children, and p535 shows no sub-bookmark heading that needs its own section. Parent and child list are correct.",
LOGIQ_e_R9_General_Service_Manual,sec_0081,535,5.4-page_start_end,PASS,,"On p535 the nodes #/texts/5734 to #/texts/5745 show 'Information' (three bullets), 'Supported External Interface/Port' and Figure 11-10. All of it belongs to 'LOGIQ e Cart Functions (Theory)'. The section runs p534-535: it starts at the heading 'LOGIQ e Cart Functions (Theory)' on p534 (#/texts/5728) and the next section is sec_0082 'Diagnostics/Troubleshooting' (p536). No neighbour content is absorbed and nothing is lost here.",
LOGIQ_e_R9_General_Service_Manual,sec_0081,535,5.4-hierarchy_path,PASS,,"hierarchy_path '/LOGIQ e Cart Setup/LOGIQ e Cart Functions (Theory)' lists the chapter then the section, in order. It matches the bookmark nesting and the page header on p535.",
LOGIQ_e_R9_General_Service_Manual,sec_0081,535,5.4-gaps_duplicates,PASS,,On p535 I compared the rendered page with #/texts/5734 to #/texts/5745. Each printed block appears once and none is missing. Previous section: sec_0080 (p533); next: sec_0082 'Diagnostics/Troubleshooting' (p536). No overlap or gap at the section edges.,
LOGIQ_e_R9_General_Service_Manual,sec_0081,535,5.4-flagged_for_review,PASS,,"sec_0081 has flagged_for_review false, confidence 1.0 and verification_score 100. I found no uncertainty on p535, so no flag is needed.",
LOGIQ_e_R9_General_Service_Manual,sec_0081,535,5.4-structural_source,PASS,,"structural_source is 'toc'. The title 'LOGIQ e Cart Functions (Theory)' is a real bookmark in the PDF, and the heading 'LOGIQ e Cart Functions (Theory)' on p534 (#/texts/5728) confirms it. The TOC source is supported.",
LOGIQ_e_R9_General_Service_Manual,sec_0081,535,5.6-numbering_scheme,PASS,,"Printed folios use chapter-page numbers (p535 shows 11-39). They are arabic digits, so numbering_scheme 'arabic' is correct.",
LOGIQ_e_R9_General_Service_Manual,sec_0081,535,5.6-offset_applied,PASS,,"offset_applied is 0. The section heading is found on physical p534, the same page as page_start. Physical p535 prints 11-39, which fits the chapter run (p500 = 11-4). The offset is correct.",
LOGIQ_e_R9_General_Service_Manual,sec_0081,535,5.5-filters_discarding,PASS,,p535 figures are extracted as img_0447 (the port photo of Figure 11-10). Each crop shows the full printed figure and no figure is missing.,
LOGIQ_e_R9_General_Service_Manual,sec_0081,535,5.5-filters_passing_noise,PASS,,"The images kept on p535 (img_0447 (the port photo of Figure 11-10)) are all real figures. No logo, rule or divider is kept as an image.",
LOGIQ_e_R9_General_Service_Manual,sec_0081,535,5.5-image_section_mapping,PASS,,On p535 the images img_0447 (the port photo of Figure 11-10) belong to 'LOGIQ e Cart Functions (Theory)' (sec_0081) and are mapped to sec_0081. The page lies inside p534-535 and no neighbour section shares this page.,
LOGIQ_e_R9_General_Service_Manual,sec_0082,539,5.4-hierarchy_level,PASS,,sec_0082 'Diagnostics/Troubleshooting' has hierarchy_level 2 and parent sec_0076 'LOGIQ e Cart Setup' (level 1). The page header on p539 (printed 11-43) matches that chapter. Level 2 is correct.,
LOGIQ_e_R9_General_Service_Manual,sec_0082,539,5.4-parent_child,PASS,,"Parent sec_0076 'LOGIQ e Cart Setup' is the chapter-level bookmark for p497-562. sec_0082 has no children, and p539 shows no sub-bookmark heading that needs its own section. Parent and child list are correct.",
LOGIQ_e_R9_General_Service_Manual,sec_0082,539,5.4-page_start_end,PASS,,On p539 the nodes #/texts/5789 to #/texts/5895 show heading 'Can Not Power on the Peripherals' and the flowchart Figure 11-13. All of it belongs to 'Diagnostics/Troubleshooting'. The section runs p536-545: it starts at the heading 'Diagnostics/Troubleshooting' on p536 (#/texts/5747) and the next section is sec_0083 'Care & Maintenance' (p546). No neighbour content is absorbed and nothing is lost here.,
LOGIQ_e_R9_General_Service_Manual,sec_0082,539,5.4-hierarchy_path,PASS,,"hierarchy_path '/LOGIQ e Cart Setup/Diagnostics/Troubleshooting' lists the chapter then the section, in order. It matches the bookmark nesting and the page header on p539.",
LOGIQ_e_R9_General_Service_Manual,sec_0082,539,5.4-gaps_duplicates,PASS,,On p539 the flowchart words appear once each as short text nodes (#/texts/5789 to #/texts/5895). Nothing is missing against the rendered flowchart and no node is repeated. No gap or overlap at the section edges (previous: sec_0081 (ends p535); next: sec_0083 'Care & Maintenance' (p546)).,
LOGIQ_e_R9_General_Service_Manual,sec_0082,539,5.4-flagged_for_review,PASS,,"sec_0082 has flagged_for_review false, confidence 1.0 and verification_score 100. I found no uncertainty on p539, so no flag is needed.",
LOGIQ_e_R9_General_Service_Manual,sec_0082,539,5.4-structural_source,PASS,,"structural_source is 'toc'. The title 'Diagnostics/Troubleshooting' is a real bookmark in the PDF, and the heading 'Diagnostics/Troubleshooting' on p536 (#/texts/5747) confirms it. The TOC source is supported.",
LOGIQ_e_R9_General_Service_Manual,sec_0082,539,5.6-numbering_scheme,PASS,,"Printed folios use chapter-page numbers (p539 shows 11-43). They are arabic digits, so numbering_scheme 'arabic' is correct.",
LOGIQ_e_R9_General_Service_Manual,sec_0082,539,5.6-offset_applied,PASS,,"offset_applied is 0. The section heading is found on physical p536, the same page as page_start. Physical p539 prints 11-43, which fits the chapter run (p500 = 11-4). The offset is correct.",
LOGIQ_e_R9_General_Service_Manual,sec_0082,539,5.5-filters_discarding,PASS,,"p539 has one flowchart (Figure 11-13). It is extracted as img_0450 (origin vector, 816x962 px). The crop shows the whole chart from 'Cannot power on the peripheral' to 'Replace the Power Box'. Nothing is cut.",
LOGIQ_e_R9_General_Service_Manual,sec_0082,539,5.5-filters_passing_noise,PASS,,"The image kept on p539 is img_0450, a vector crop of the flowchart. It is a real figure, not a logo, rule or divider. The short text nodes beside it (#/texts/5789 to #/texts/5895) are text, not noise images.",Text nodes beside a vector crop are not noise images. Approved v1.13 grade is PASS.
LOGIQ_e_R9_General_Service_Manual,sec_0082,539,5.5-image_section_mapping,PASS,,"On p539 the images img_0450 (vector, Figure 11-13 flowchart) belong to 'Diagnostics/Troubleshooting' (sec_0082) and are mapped to sec_0082. The page lies inside p536-545 and no neighbour section shares this page.",
LOGIQ_e_R9_General_Service_Manual,sec_0082,540,5.4-hierarchy_level,PASS,,sec_0082 'Diagnostics/Troubleshooting' has hierarchy_level 2 and parent sec_0076 'LOGIQ e Cart Setup' (level 1). The page header on p540 (printed 11-44) matches that chapter. Level 2 is correct.,
LOGIQ_e_R9_General_Service_Manual,sec_0082,540,5.4-parent_child,PASS,,"Parent sec_0076 'LOGIQ e Cart Setup' is the chapter-level bookmark for p497-562. sec_0082 has no children, and p540 shows no sub-bookmark heading that needs its own section. Parent and child list are correct.",
LOGIQ_e_R9_General_Service_Manual,sec_0082,540,5.4-page_start_end,PASS,,On p540 the nodes #/texts/5896 to #/texts/5933 show heading 'External Speaker Does Not Work' and the flowchart Figure 11-14. All of it belongs to 'Diagnostics/Troubleshooting'. The section runs p536-545: it starts at the heading 'Diagnostics/Troubleshooting' on p536 (#/texts/5747) and the next section is sec_0083 'Care & Maintenance' (p546). No neighbour content is absorbed and nothing is lost here.,
LOGIQ_e_R9_General_Service_Manual,sec_0082,540,5.4-hierarchy_path,PASS,,"hierarchy_path '/LOGIQ e Cart Setup/Diagnostics/Troubleshooting' lists the chapter then the section, in order. It matches the bookmark nesting and the page header on p540.",
LOGIQ_e_R9_General_Service_Manual,sec_0082,540,5.4-gaps_duplicates,PASS,,On p540 the flowchart words appear once each as short text nodes (#/texts/5896 to #/texts/5933). Nothing is missing against the rendered flowchart and no node is repeated. No gap or overlap at the section edges (previous: sec_0081 (ends p535); next: sec_0083 'Care & Maintenance' (p546)).,
LOGIQ_e_R9_General_Service_Manual,sec_0082,540,5.4-flagged_for_review,PASS,,"sec_0082 has flagged_for_review false, confidence 1.0 and verification_score 100. I found no uncertainty on p540, so no flag is needed.",
LOGIQ_e_R9_General_Service_Manual,sec_0082,540,5.4-structural_source,PASS,,"structural_source is 'toc'. The title 'Diagnostics/Troubleshooting' is a real bookmark in the PDF, and the heading 'Diagnostics/Troubleshooting' on p536 (#/texts/5747) confirms it. The TOC source is supported.",
LOGIQ_e_R9_General_Service_Manual,sec_0082,540,5.6-numbering_scheme,PASS,,"Printed folios use chapter-page numbers (p540 shows 11-44). They are arabic digits, so numbering_scheme 'arabic' is correct.",
LOGIQ_e_R9_General_Service_Manual,sec_0082,540,5.6-offset_applied,PASS,,"offset_applied is 0. The section heading is found on physical p536, the same page as page_start. Physical p540 prints 11-44, which fits the chapter run (p500 = 11-4). The offset is correct.",
LOGIQ_e_R9_General_Service_Manual,sec_0082,540,5.5-filters_discarding,FAIL,Medium,"p540 has one flowchart (Figure 11-14), extracted as img_0451 (vector, 770x995 px). I opened the crop. It is cut at the bottom: the 'End' oval is clipped and its text is half visible. In the page render the 'End' oval is complete. All other boxes and arrows are in the crop.","Figure cut, so Medium by the rule. Same as approved v1.13. Probably the crop box is a little too short. No step is lost, and 'End' is also kept as text (#/texts/5922). The figure is present, so it is not a lost figure (not Critical)."
LOGIQ_e_R9_General_Service_Manual,sec_0082,540,5.5-filters_passing_noise,PASS,,"The image kept on p540 is img_0451, a vector crop of the flowchart. It is a real figure, not a logo, rule or divider. The short text nodes beside it (#/texts/5896 to #/texts/5933) are text, not noise images.",Text nodes beside a vector crop are not noise images. Approved v1.13 grade is PASS.
LOGIQ_e_R9_General_Service_Manual,sec_0082,540,5.5-image_section_mapping,PASS,,"On p540 the images img_0451 (vector, Figure 11-14 flowchart) belong to 'Diagnostics/Troubleshooting' (sec_0082) and are mapped to sec_0082. The page lies inside p536-545 and no neighbour section shares this page.",
LOGIQ_e_R9_General_Service_Manual,sec_0083,546,5.4-hierarchy_level,PASS,,sec_0083 'Care & Maintenance' has hierarchy_level 2 and parent sec_0076 'LOGIQ e Cart Setup' (level 1). The page header on p546 (printed 11-50) matches that chapter. Level 2 is correct.,
LOGIQ_e_R9_General_Service_Manual,sec_0083,546,5.4-parent_child,PASS,,"Parent sec_0076 'LOGIQ e Cart Setup' is the chapter-level bookmark for p497-562. sec_0083 has no children, and p546 shows no sub-bookmark heading that needs its own section. Parent and child list are correct.",
LOGIQ_e_R9_General_Service_Manual,sec_0083,546,5.4-page_start_end,PASS,,On p546 the nodes #/texts/6015 to #/texts/6020 show chapter-opening page with 'Overview' and 'Purpose'. All of it belongs to 'Care & Maintenance'. The section runs p546-562: it starts at the heading 'Care & Maintenance' on p546 (#/texts/6018) and the next section is none (last child of sec_0076). No neighbour content is absorbed and nothing is lost here.,
LOGIQ_e_R9_General_Service_Manual,sec_0083,546,5.4-hierarchy_path,PASS,,"hierarchy_path '/LOGIQ e Cart Setup/Care & Maintenance' lists the chapter then the section, in order. It matches the bookmark nesting and the page header on p546.",
LOGIQ_e_R9_General_Service_Manual,sec_0083,546,5.4-gaps_duplicates,PASS,,On p546 I compared the rendered page with #/texts/6015 to #/texts/6020. Each printed block appears once and none is missing. Previous section: sec_0082 (ends p545); next: none (last child of sec_0076). No overlap or gap at the section edges.,
LOGIQ_e_R9_General_Service_Manual,sec_0083,546,5.4-flagged_for_review,PASS,,"sec_0083 has flagged_for_review false, confidence 1.0 and verification_score 100. I found no uncertainty on p546, so no flag is needed.",
LOGIQ_e_R9_General_Service_Manual,sec_0083,546,5.4-structural_source,PASS,,"structural_source is 'toc'. The title 'Care & Maintenance' is a real bookmark in the PDF, and the heading 'Care & Maintenance' on p546 (#/texts/6018) confirms it. The TOC source is supported.",
LOGIQ_e_R9_General_Service_Manual,sec_0083,546,5.6-numbering_scheme,PASS,,"Printed folios use chapter-page numbers (p546 shows 11-50). They are arabic digits, so numbering_scheme 'arabic' is correct.",
LOGIQ_e_R9_General_Service_Manual,sec_0083,546,5.6-offset_applied,PASS,,"offset_applied is 0. The section heading is found on physical p546, the same page as page_start. Physical p546 prints 11-50, which fits the chapter run (p500 = 11-4). The offset is correct.",
LOGIQ_e_R9_General_Service_Manual,sec_0083,546,5.6-table_content,PASS,,"There is no table on p546. It has only the chapter title, two headings and one paragraph, so there is no table content to check.",
LOGIQ_e_R9_General_Service_Manual,sec_0083,546,5.5-filters_discarding,PASS,,"p546 shows no photo or diagram, and images.json has no image for this page. Nothing meaningful was dropped.",
LOGIQ_e_R9_General_Service_Manual,sec_0083,546,5.5-filters_passing_noise,PASS,,"No logo, rule, footer divider or other decoration is kept as an image on p546. The running header and folio stay as text nodes.",
LOGIQ_e_R9_General_Service_Manual,sec_0083,546,5.5-image_section_mapping,PASS,,"p546 has no figure and images.json lists no image for it. This agrees with the render, so nothing needs mapping.",
LOGIQ_e_R9_General_Service_Manual,sec_0083,554,5.4-hierarchy_level,PASS,,sec_0083 'Care & Maintenance' has hierarchy_level 2 and parent sec_0076 'LOGIQ e Cart Setup' (level 1). The page header on p554 (printed 11-58) matches that chapter. Level 2 is correct.,
LOGIQ_e_R9_General_Service_Manual,sec_0083,554,5.4-parent_child,PASS,,"Parent sec_0076 'LOGIQ e Cart Setup' is the chapter-level bookmark for p497-562. sec_0083 has no children, and p554 shows no sub-bookmark heading that needs its own section. Parent and child list are correct.",
LOGIQ_e_R9_General_Service_Manual,sec_0083,554,5.4-page_start_end,PASS,,"On p554 the nodes #/texts/6077 to #/texts/6083 and #/tables/171 show 'Safety Test (continued)', 'Physical Inspection', Table 11-22 and 'Outlet Test - Wiring Arrangement - USA & Canada'. All of it belongs to 'Care & Maintenance'. The section runs p546-562: it starts at the heading 'Care & Maintenance' on p546 (#/texts/6018) and the next section is none (last child of sec_0076). No neighbour content is absorbed and nothing is lost here.",
LOGIQ_e_R9_General_Service_Manual,sec_0083,554,5.4-hierarchy_path,PASS,,"hierarchy_path '/LOGIQ e Cart Setup/Care & Maintenance' lists the chapter then the section, in order. It matches the bookmark nesting and the page header on p554.",
LOGIQ_e_R9_General_Service_Manual,sec_0083,554,5.4-gaps_duplicates,PASS,,On p554 I compared the rendered page with #/texts/6077 to #/texts/6083 and #/tables/171. Each printed block appears once and none is missing. Previous section: sec_0082 (ends p545); next: none (last child of sec_0076). No overlap or gap at the section edges.,
LOGIQ_e_R9_General_Service_Manual,sec_0083,554,5.4-flagged_for_review,PASS,,"sec_0083 has flagged_for_review false, confidence 1.0 and verification_score 100. I found no uncertainty on p554, so no flag is needed.",
LOGIQ_e_R9_General_Service_Manual,sec_0083,554,5.4-structural_source,PASS,,"structural_source is 'toc'. The title 'Care & Maintenance' is a real bookmark in the PDF, and the heading 'Care & Maintenance' on p546 (#/texts/6018) confirms it. The TOC source is supported.",
LOGIQ_e_R9_General_Service_Manual,sec_0083,554,5.6-numbering_scheme,PASS,,"Printed folios use chapter-page numbers (p554 shows 11-58). They are arabic digits, so numbering_scheme 'arabic' is correct.",
LOGIQ_e_R9_General_Service_Manual,sec_0083,554,5.6-offset_applied,PASS,,"offset_applied is 0. The section heading is found on physical p546, the same page as page_start. Physical p554 prints 11-58, which fits the chapter run (p500 = 11-4). The offset is correct.",
LOGIQ_e_R9_General_Service_Manual,sec_0083,554,5.6-table_content,PASS,,"Table 11-22 (#/tables/171) has the header and 9 rows (Labeling to External Microphone). Step, Item and Description text match the render and nothing is repeated. No table line is lost and no text is added twice.",
LOGIQ_e_R9_General_Service_Manual,sec_0083,554,5.5-filters_discarding,PASS,,"p554 shows no photo or diagram, and images.json has no image for this page. Nothing meaningful was dropped.",
LOGIQ_e_R9_General_Service_Manual,sec_0083,554,5.5-filters_passing_noise,PASS,,"No logo, rule, footer divider or other decoration is kept as an image on p554. The running header and folio stay as text nodes.",
LOGIQ_e_R9_General_Service_Manual,sec_0083,554,5.5-image_section_mapping,PASS,,"p554 has no figure and images.json lists no image for it. This agrees with the render, so nothing needs mapping.",
LOGIQ_e_R9_General_Service_Manual,sec_0083,557,5.4-hierarchy_level,PASS,,sec_0083 'Care & Maintenance' has hierarchy_level 2 and parent sec_0076 'LOGIQ e Cart Setup' (level 1). The page header on p557 (printed 11-61) matches that chapter. Level 2 is correct.,
LOGIQ_e_R9_General_Service_Manual,sec_0083,557,5.4-parent_child,PASS,,"Parent sec_0076 'LOGIQ e Cart Setup' is the chapter-level bookmark for p497-562. sec_0083 has no children, and p557 shows no sub-bookmark heading that needs its own section. Parent and child list are correct.",
LOGIQ_e_R9_General_Service_Manual,sec_0083,557,5.4-page_start_end,PASS,,"On p557 the nodes #/texts/6123 to #/texts/6128 and #/tables/174 show 'Isolated Patient Lead (Sink) Leakage-Isolation Test (continued)', Table 11-25 and 'Probe Leakage Current Test'. All of it belongs to 'Care & Maintenance'. The section runs p546-562: it starts at the heading 'Care & Maintenance' on p546 (#/texts/6018) and the next section is none (last child of sec_0076). No neighbour content is absorbed and nothing is lost here.",
LOGIQ_e_R9_General_Service_Manual,sec_0083,557,5.4-hierarchy_path,PASS,,"hierarchy_path '/LOGIQ e Cart Setup/Care & Maintenance' lists the chapter then the section, in order. It matches the bookmark nesting and the page header on p557.",
LOGIQ_e_R9_General_Service_Manual,sec_0083,557,5.4-gaps_duplicates,PASS,,On p557 I compared the rendered page with #/texts/6123 to #/texts/6128 and #/tables/174. Each printed block appears once and none is missing. Previous section: sec_0082 (ends p545); next: none (last child of sec_0076). No overlap or gap at the section edges.,
LOGIQ_e_R9_General_Service_Manual,sec_0083,557,5.4-flagged_for_review,PASS,,"sec_0083 has flagged_for_review false, confidence 1.0 and verification_score 100. I found no uncertainty on p557, so no flag is needed.",
LOGIQ_e_R9_General_Service_Manual,sec_0083,557,5.4-structural_source,PASS,,"structural_source is 'toc'. The title 'Care & Maintenance' is a real bookmark in the PDF, and the heading 'Care & Maintenance' on p546 (#/texts/6018) confirms it. The TOC source is supported.",
LOGIQ_e_R9_General_Service_Manual,sec_0083,557,5.6-numbering_scheme,PASS,,"Printed folios use chapter-page numbers (p557 shows 11-61). They are arabic digits, so numbering_scheme 'arabic' is correct.",
LOGIQ_e_R9_General_Service_Manual,sec_0083,557,5.6-offset_applied,PASS,,"offset_applied is 0. The section heading is found on physical p546, the same page as page_start. Physical p557 prints 11-61, which fits the chapter run (p500 = 11-4). The offset is correct.",
LOGIQ_e_R9_General_Service_Manual,sec_0083,557,5.6-table_content,PASS,,"Table 11-25 on p557 has a 2-row printed header. 'Tester Lead Selector' spans RL, RA, LA, LL and C. #/tables/174 keeps both header rows and all 8 data rows (ON/OFF, NORM/REVERSE, CLOSED/OPEN). The render shows every value under its column. No line is lost and no text is added twice.","Lead check: the table node keeps both header rows. My earlier Medium grade (BUG-008 shift) is dropped. I did not open the table node myself, only the render."
LOGIQ_e_R9_General_Service_Manual,sec_0083,557,5.5-filters_discarding,PASS,,"p557 shows no photo or diagram, and images.json has no image for this page. Nothing meaningful was dropped.",
LOGIQ_e_R9_General_Service_Manual,sec_0083,557,5.5-filters_passing_noise,PASS,,"No logo, rule, footer divider or other decoration is kept as an image on p557. The running header and folio stay as text nodes.",
LOGIQ_e_R9_General_Service_Manual,sec_0083,557,5.5-image_section_mapping,PASS,,"p557 has no figure and images.json lists no image for it. This agrees with the render, so nothing needs mapping.",
