manual_id,section_id,page_sampled,checklist_ref,result,severity,evidence,notes
DOC-0136477A,sec_0001,17,5.4-hierarchy_level,PASS,,"Chapter 1 ""Introduction"" is the large title with rule at the top of p17, so level 1 is right.",
DOC-0136477A,sec_0001,17,5.4-parent_child,PASS,,"sec_0001 has no parent and lists sec_0002, 0003, 0007, 0008, 0009, 0014, 0015, which match the 1.1 to 1.7 headings of chapter 1.",
DOC-0136477A,sec_0001,17,5.4-page_start_end,PASS,,"sec_0001 owns #/texts/53 (Introduction), #/texts/54 (Contents) and #/tables/15 (the contents list) on p17. The 1.1 and 1.2 text is in the child sections. Pages 17 to 27 are the whole chapter; chapter 2 starts on p28. The big chapter number ""1"" is kept in sec_0004 (BUG-022).","The chapter number ""1"" is stored in sec_0004 (BUG-022, graded there as Low). Same as v1.12."
DOC-0136477A,sec_0001,17,5.4-hierarchy_path,PASS,,Path /Introduction is right for a top-level chapter.,
DOC-0136477A,sec_0001,17,5.4-gaps_duplicates,PASS,,"On p17 the heading, Contents title and contents table are all in sec_0001 once. The 1.1 and 1.2 paragraphs are in their own sections. No duplicate or gap seen. Only the chapter number ""1"" sits in sec_0004.",
DOC-0136477A,sec_0001,17,5.4-flagged_for_review,PASS,,"flagged_for_review is false and structural_source is toc with verification_score 100. The render agrees, so no flag is needed.",
DOC-0136477A,sec_0001,17,5.4-structural_source,PASS,,"structural_source is toc. The title appears as a heading in the render at the expected place, so the bookmark source is supported.",
DOC-0136477A,sec_0001,17,5.6-numbering_scheme,PASS,,"The page shows the printed folio ""17"" at the bottom, and the section is arabic.",
DOC-0136477A,sec_0001,17,5.6-offset_applied,PASS,,"Printed folio 17 matches physical page 17, so offset 0 is right.",
DOC-0136477A,sec_0001,17,5.6-table_content,PASS,,"On p17 the Contents list (#/tables/15) has 7 lines (Intended Purpose of this Manual to Abbreviations Found in This Manual) with page numbers 17, 17, 18, 18, 22, 26, 26. They match the render. The dot leaders are kept as text.","Navigation table of the chapter, kept in the chapter root sec_0001 as expected."
DOC-0136477A,sec_0001,17,5.5-filters_discarding,PASS,,On p17 there is no figure in sec_0001. The Edwards logo and footer rule are page decoration. Nothing meaningful is missing.,
DOC-0136477A,sec_0001,17,5.5-filters_passing_noise,PASS,,"images.json has no image for sec_0001, so no footer rule, Edwards logo or other decoration is kept as an image. This is right.",
DOC-0136477A,sec_0001,17,5.5-image_section_mapping,PASS,,"No image is mapped to sec_0001 and none is visible on p17 that belongs to it, so no mapping is missing.",
DOC-0136477A,sec_0004,17,5.4-hierarchy_level,PASS,,"1.2.1 is a third-level heading under 1.2 on p17, so hierarchy_level 3 is right.",
DOC-0136477A,sec_0004,17,5.4-parent_child,PASS,,"Parent sec_0003 (1.2 Indications For Use) is right. sec_0004 has no children, which is right because 1.2.2 and 1.2.3 are on p18 in sec_0005 and sec_0006.",
DOC-0136477A,sec_0004,17,5.4-page_start_end,FAIL,Low,"On p17 the heading #/texts/60 and paragraphs #/texts/61-62 belong to sec_0004. The node #/texts/63 is the big chapter number ""1"" at the top of p17. It is part of the chapter title of sec_0001 but it is stored in sec_0004. #/texts/64 is the folio ""17"".","BUG-022: chapter number stored in the first subsection. Same as v1.12, not a regression. Only a chapter number is misplaced. verify_claims may show UNSUPPORTED because there is no numeric boundary signal."
DOC-0136477A,sec_0004,17,5.4-hierarchy_path,PASS,,"Path /Introduction/1.2 Indications For Use/1.2.1 ... follows chapter 1, section 1.2, subsection 1.2.1 as printed.",
DOC-0136477A,sec_0004,17,5.4-gaps_duplicates,PASS,,The 1.2.1 heading and its two paragraphs on p17 are in sec_0004 only. 1.2.2 starts on p18 in sec_0005. No overlap or gap with neighbours.,
DOC-0136477A,sec_0004,17,5.4-flagged_for_review,PASS,,"flagged_for_review is false and structural_source is toc with verification_score 100. The render agrees, so no flag is needed.",
DOC-0136477A,sec_0004,17,5.4-structural_source,PASS,,"structural_source is toc. The title appears as a heading in the render at the expected place, so the bookmark source is supported.",
DOC-0136477A,sec_0004,17,5.6-numbering_scheme,PASS,,"Printed folios follow the arabic scheme (for example the folio at the bottom of the page), which matches numbering_scheme arabic.",
DOC-0136477A,sec_0004,17,5.6-offset_applied,PASS,,"Printed folio equals the physical page number, so offset 0 is right.",
DOC-0136477A,sec_0004,17,5.5-filters_discarding,PASS,,On p17 sec_0004 has two text paragraphs and no figure. Nothing meaningful is missing.,
DOC-0136477A,sec_0004,17,5.5-filters_passing_noise,PASS,,"images.json has no image for sec_0004, so no footer rule, Edwards logo or other decoration is kept as an image. This is right.",
DOC-0136477A,sec_0004,17,5.5-image_section_mapping,PASS,,"No image is mapped to sec_0004 and none is visible on p17 that belongs to it, so no mapping is missing.",
DOC-0136477A,sec_0015,27,5.4-hierarchy_level,PASS,,"1.7 is a second-level heading on p26, so hierarchy_level 2 is right.",
DOC-0136477A,sec_0015,27,5.4-parent_child,PASS,,"Parent sec_0001 is right. No children, which is right because 1.7 has no subsections.",
DOC-0136477A,sec_0015,27,5.4-page_start_end,PASS,,On p26 the 1.7 heading is #/texts/157 and the two Table 1-10 tables (#/tables/25-26) are under it. The tables continue on p27 (#/tables/27). The next chapter starts on p28 in sec_0016. Start and end are right and the section keeps its own tables.,
DOC-0136477A,sec_0015,27,5.4-hierarchy_path,PASS,,Path /Introduction/1.7 Abbreviations Found in This Manual is right.,
DOC-0136477A,sec_0015,27,5.4-gaps_duplicates,PASS,,"The 1.7 heading, captions and all three tables are in sec_0015. The 1.6 table and icons stay in sec_0014. No duplicate or gap. The old BUG-001 problem (tables in sec_0014) is fixed.",
DOC-0136477A,sec_0015,27,5.4-flagged_for_review,PASS,,"flagged_for_review is false and structural_source is toc with verification_score 100. The render agrees, so no flag is needed.",
DOC-0136477A,sec_0015,27,5.4-structural_source,PASS,,"structural_source is toc. The title appears as a heading in the render at the expected place, so the bookmark source is supported.",
DOC-0136477A,sec_0015,27,5.6-numbering_scheme,PASS,,Printed folios 26 and 27 follow the arabic scheme.,
DOC-0136477A,sec_0015,27,5.6-offset_applied,PASS,,"Printed folio 27 is physical page 27, so offset 0 is right.",
DOC-0136477A,sec_0015,27,5.6-table_content,FAIL,Medium,"On p27 the PDF has ""VO2 | oxygen consumption"" and ""VO2I | oxygen consumption index"" as two rows. In #/tables/27 the row ""VO 2"" reads ""oxygen consumption oxygen consumption index"" and ""VO 2 I"" is empty. The other rows (LVSWI to VO 2 Ie) match the render. Tables 25 and 26 on p26 also match.","BUG-008: one definition is merged into the wrong row, so VO2I loses its definition and VO2 gets two. Same as v1.12. verify_claims may expect Low for merged cells. I use Medium because the value is under the wrong row."
DOC-0136477A,sec_0015,27,5.5-filters_discarding,PASS,,"On p26 and p27 the 1.7 section has only two text tables on p26 and one on p27, no picture. The icons and button pictures on p26 belong to 1.6 (sec_0014). No figure of sec_0015 is missing.",
DOC-0136477A,sec_0015,27,5.5-filters_passing_noise,PASS,,"images.json has no image for sec_0015, so no footer rule, Edwards logo or other decoration is kept as an image. This is right.",
DOC-0136477A,sec_0015,27,5.5-image_section_mapping,PASS,,"img_0007 and img_0008 (p26) are mapped to sec_0014 (1.6). They are the Review button and Oximetry Calibration screenshot from Table 1-9 in 1.6, so this is right. No image belongs to 1.7.",
DOC-0136477A,sec_0018,28,5.4-hierarchy_level,PASS,,"2.1.1 Warning is a third-level heading on p28, so hierarchy_level 3 is right.",
DOC-0136477A,sec_0018,28,5.4-parent_child,PASS,,"Parent sec_0017 (2.1 Safety Signal Words Definitions) is right. No children, which is right.",
DOC-0136477A,sec_0018,28,5.4-page_start_end,PASS,,"On p28 sec_0018 owns the heading #/texts/168, the definition #/texts/169 and the WARNING sample box #/texts/170. 2.1.2 Caution starts below on the same page in sec_0019. No chapter number, Contents or other section text is in this section.",
DOC-0136477A,sec_0018,28,5.4-hierarchy_path,PASS,,Path /Safety and Symbols/2.1 Safety Signal Words Definitions/2.1.1 Warning is right.,
DOC-0136477A,sec_0018,28,5.4-gaps_duplicates,PASS,,The three nodes #/texts/168-170 match the 2.1.1 block on p28 once. Caution and Note text are in sec_0019 and sec_0020. No duplicate or gap.,
DOC-0136477A,sec_0018,28,5.4-flagged_for_review,PASS,,"flagged_for_review is false and structural_source is toc with verification_score 100. The render agrees, so no flag is needed.",
DOC-0136477A,sec_0018,28,5.4-structural_source,PASS,,"structural_source is toc. The title appears as a heading in the render at the expected place, so the bookmark source is supported.",
DOC-0136477A,sec_0018,28,5.6-numbering_scheme,PASS,,Printed folio 28 follows the arabic scheme.,
DOC-0136477A,sec_0018,28,5.6-offset_applied,PASS,,"Printed folio 28 is physical page 28, so offset 0 is right.",
DOC-0136477A,sec_0018,28,5.5-filters_discarding,PASS,,On p28 the WARNING sample box has only text and rules. The triangle-like warning marks are decoration. No meaningful figure is missing.,
DOC-0136477A,sec_0018,28,5.5-filters_passing_noise,PASS,,"images.json has no image for sec_0018, so no footer rule, Edwards logo or other decoration is kept as an image. This is right.",
DOC-0136477A,sec_0018,28,5.5-image_section_mapping,PASS,,"No image is mapped to sec_0018 and none is visible on p28 that belongs to it, so no mapping is missing.",
DOC-0136477A,sec_0025,41,5.4-hierarchy_level,PASS,,"2.6 is a second-level heading on p41, so hierarchy_level 2 is right.",
DOC-0136477A,sec_0025,41,5.4-parent_child,PASS,,"Parent sec_0016 (Safety and Symbols) is right. No children, which is right.",
DOC-0136477A,sec_0025,41,5.4-page_start_end,PASS,,"sec_0025 has the 2.6 heading #/texts/356, the caption #/texts/357 and Table 2-3 (#/tables/37) on p41. The 2.7 heading and its paragraph are below on the same page and belong to sec_0026. Start and end are right.",
DOC-0136477A,sec_0025,41,5.4-hierarchy_path,PASS,,Path /Safety and Symbols/2.6 Applicable Standards is right.,
DOC-0136477A,sec_0025,41,5.4-gaps_duplicates,PASS,,"Heading, caption and table are in sec_0025 once. 2.7 text is not absorbed. No duplicate or gap.",
DOC-0136477A,sec_0025,41,5.4-flagged_for_review,PASS,,"flagged_for_review is false and structural_source is toc with verification_score 100. The render agrees, so no flag is needed.",
DOC-0136477A,sec_0025,41,5.4-structural_source,PASS,,"structural_source is toc. The title appears as a heading in the render at the expected place, so the bookmark source is supported.",
DOC-0136477A,sec_0025,41,5.6-numbering_scheme,PASS,,Printed folio 41 follows the arabic scheme.,
DOC-0136477A,sec_0025,41,5.6-offset_applied,PASS,,"Printed folio 41 is physical page 41, so offset 0 is right.",
DOC-0136477A,sec_0025,41,5.6-table_content,PASS,,"On p41 Table 2-3 (#/tables/37) has the header and 5 rows. Standard and Title text match the render for IEC 60601-1, 60601-1-2, 60601-2-34, 60601-2-49 and IEEE 802.11 b/g/n. Only the long dash is written as a hyphen.",Cosmetic dash difference only.
DOC-0136477A,sec_0025,41,5.5-filters_discarding,PASS,,On p41 sec_0025 has only a table with text. No figure is missing.,
DOC-0136477A,sec_0025,41,5.5-filters_passing_noise,PASS,,"images.json has no image for sec_0025, so no footer rule, Edwards logo or other decoration is kept as an image. This is right.",
DOC-0136477A,sec_0025,41,5.5-image_section_mapping,PASS,,"No image is mapped to sec_0025 and none is visible on p41 that belongs to it, so no mapping is missing.",
DOC-0136477A,sec_0029,42,5.4-hierarchy_level,PASS,,"3.1.1 is a third-level heading on p42, so hierarchy_level 3 is right.",
DOC-0136477A,sec_0029,42,5.4-parent_child,PASS,,"Parent sec_0028 (3.1 Unpacking) is right. No children, which is right.",
DOC-0136477A,sec_0029,42,5.4-page_start_end,FAIL,Low,"On p42 the heading #/texts/365, intro #/texts/366 and Table 3-1 text #/texts/367-376 belong to sec_0029. The node #/texts/377 is the big chapter number ""3"" at the top of p42. It belongs to the chapter title, not to 3.1.1. #/texts/378 is the folio ""42"".","BUG-022: chapter number stored in the first subsection. Same as v1.12, not a regression. Only a chapter number is misplaced."
DOC-0136477A,sec_0029,42,5.4-hierarchy_path,PASS,,Path /Installation and Setup/3.1 Unpacking/3.1.1 Packaging Contents is right.,
DOC-0136477A,sec_0029,42,5.4-gaps_duplicates,PASS,,"The 3.1.1 heading, the intro paragraph and the Table 3-1 text (#/texts/365-376) are in sec_0029 once. The 3.1 intro stays in sec_0028. No duplicate or gap.",
DOC-0136477A,sec_0029,42,5.4-flagged_for_review,PASS,,"flagged_for_review is false and structural_source is toc with verification_score 100. The render agrees, so no flag is needed.",
DOC-0136477A,sec_0029,42,5.4-structural_source,PASS,,"structural_source is toc. The title appears as a heading in the render at the expected place, so the bookmark source is supported.",
DOC-0136477A,sec_0029,42,5.6-numbering_scheme,PASS,,"Printed folios follow the arabic scheme (for example the folio at the bottom of the page), which matches numbering_scheme arabic.",
DOC-0136477A,sec_0029,42,5.6-offset_applied,PASS,,"Printed folio equals the physical page number, so offset 0 is right.",
DOC-0136477A,sec_0029,42,5.5-filters_discarding,PASS,,On p42 Table 3-1 is a text list with bullets. No figure is in 3.1.1 and none is missing.,
DOC-0136477A,sec_0029,42,5.5-filters_passing_noise,PASS,,"images.json has no image for sec_0029, so no footer rule, Edwards logo or other decoration is kept as an image. This is right.",
DOC-0136477A,sec_0029,42,5.5-image_section_mapping,PASS,,"No image is mapped to sec_0029 and none is visible on p42 that belongs to it, so no mapping is missing.",
DOC-0136477A,sec_0046,52,5.4-hierarchy_level,PASS,,3.4.2 Select Language is shown as level 3 under 3.4 Initial Start Up (sec_0044). The heading size on the render agrees with this level.,
DOC-0136477A,sec_0046,52,5.4-parent_child,PASS,,Parent and children match the printed outline: level 3 under 3.4 Initial Start Up (sec_0044). No child is missing and none is extra.,
DOC-0136477A,sec_0046,52,5.4-page_start_end,PASS,,"Declared p51-52. On p51 the section starts at its heading and has two paragraphs. On p52 it has the intro line, Figure 3-7 caption and the NOTE. Next chapter starts on p53. No node of another section is absorbed and none is lost.",
DOC-0136477A,sec_0046,52,5.4-hierarchy_path,PASS,,The hierarchy_path of sec_0046 follows the printed headings from the root in the right order.,
DOC-0136477A,sec_0046,52,5.4-gaps_duplicates,PASS,,Every block of sec_0046 on the sampled pages is in this section once. The neighbours do not repeat its nodes and nothing is left without an owner.,
DOC-0136477A,sec_0046,52,5.4-flagged_for_review,PASS,,"sec_0046 is not flagged (verification_score 100). The heading is visible where the section starts, so the boundary is correct.",
DOC-0136477A,sec_0046,52,5.4-structural_source,PASS,,"structural_source is toc, not inferred. The heading text and position on the render match the bookmark.",
DOC-0136477A,sec_0046,52,5.6-numbering_scheme,PASS,,Printed folios are arabic and match the arabic numbering_scheme. The printed page number equals the physical page (p51-52).,
DOC-0136477A,sec_0046,52,5.6-offset_applied,PASS,,"offset_applied is 0. The printed folio equals the physical page, like the neighbour sections.",
DOC-0136477A,sec_0046,52,5.5-filters_discarding,PASS,,On p52 Figure 3-7 (language selection screen) is extracted as img_0018 (628x470) and shows all language buttons. Figure 3-6 on p51 is img_0017 in sec_0045. No figure is lost.,
DOC-0136477A,sec_0046,52,5.5-filters_passing_noise,PASS,,Only img_0018 (Figure 3-7) is mapped to sec_0046. It is a real screenshot. No 2800x200 divider image is kept on p52 now (v1 had one).,The divider FAIL from v1 is gone.
DOC-0136477A,sec_0046,52,5.5-image_section_mapping,PASS,,"img_0018 is on p52 below the intro line of 3.4.2 and above the Figure 3-7 caption. It is mapped to sec_0046, which is correct. Figure 3-6 (img_0017) is in 3.4.1 sec_0045, also correct.",
DOC-0136477A,sec_0047,53,5.4-hierarchy_level,PASS,,"HemoSphere Advanced Monitor Quick Start (chapter 4) is shown as level 1 chapter with no parent; children sec_0048, sec_0052, sec_0055 are 4.1 to 4.3. The heading size on the render agrees with this level.",
DOC-0136477A,sec_0047,53,5.4-parent_child,PASS,,"Parent and children match the printed outline: level 1 chapter with no parent; children sec_0048, sec_0052, sec_0055 are 4.1 to 4.3. No child is missing and none is extra.",
DOC-0136477A,sec_0047,53,5.4-page_start_end,PASS,,"Declared p53-61. On p53 the chapter opening page has the chapter number 4, the title, the Contents list and the NOTE. These are all in sec_0047 (#/texts/558-563, #/tables/43). No node of another section is absorbed and none is lost.",
DOC-0136477A,sec_0047,53,5.4-hierarchy_path,PASS,,The hierarchy_path of sec_0047 follows the printed headings from the root in the right order.,
DOC-0136477A,sec_0047,53,5.4-gaps_duplicates,PASS,,Every block of sec_0047 on the sampled pages is in this section once. The neighbours do not repeat its nodes and nothing is left without an owner.,
DOC-0136477A,sec_0047,53,5.4-flagged_for_review,PASS,,"sec_0047 is not flagged (verification_score 100). The heading is visible where the section starts, so the boundary is correct.",
DOC-0136477A,sec_0047,53,5.4-structural_source,PASS,,"structural_source is toc, not inferred. The heading text and position on the render match the bookmark.",
DOC-0136477A,sec_0047,53,5.6-numbering_scheme,PASS,,Printed folios are arabic and match the arabic numbering_scheme. The printed page number equals the physical page (p53-61).,
DOC-0136477A,sec_0047,53,5.6-offset_applied,PASS,,"offset_applied is 0. The printed folio equals the physical page, like the neighbour sections.",
DOC-0136477A,sec_0047,53,5.6-table_content,PASS,,"On p53 #/tables/43 has the 3 Contents lines (Swan-Ganz 54, Pressure Cable 57, Oximetry Cable 59). All text and page numbers are present and in order. The dot leaders are split between the two cells ('Monitoring. | . .54'). This is only a cosmetic leader-dot split.",Values and order are kept. Probably the dot leaders confuse the cell split.
DOC-0136477A,sec_0047,53,5.5-filters_discarding,PASS,,p53 has no figure. The Edwards logo at the bottom right is decorative and is not extracted. Nothing meaningful is lost.,
DOC-0136477A,sec_0047,53,5.5-filters_passing_noise,PASS,,No image is mapped to sec_0047. The 2800x200 divider seen in v1 is not kept in v1.13. The logo and footer rule are not kept either.,The v1 divider FAIL is gone.
DOC-0136477A,sec_0047,53,5.5-image_section_mapping,PASS,,"No image is mapped to sec_0047 and none is needed on p53. Figures 4-2 (img_0020, sec_0052) and 4-3 (img_0021, sec_0055) belong to the sub-sections that print them.",
DOC-0136477A,sec_0057,61,5.4-hierarchy_level,PASS,,4.3.2 In vivo Calibration is shown as level 3 under 4.3 (sec_0055). The heading size on the render agrees with this level.,
DOC-0136477A,sec_0057,61,5.4-parent_child,PASS,,Parent and children match the printed outline: level 3 under 4.3 (sec_0055). No child is missing and none is extra.,
DOC-0136477A,sec_0057,61,5.4-page_start_end,PASS,,Declared p60-61. The heading is on p60 after step 12 of 4.3.1. Steps 1-10 are on p60 and steps 11-12 on p61 (#/texts/737-738). Chapter 5 starts on p62. No node of another section is absorbed and none is lost.,
DOC-0136477A,sec_0057,61,5.4-hierarchy_path,PASS,,The hierarchy_path of sec_0057 follows the printed headings from the root in the right order.,
DOC-0136477A,sec_0057,61,5.4-gaps_duplicates,PASS,,Every block of sec_0057 on the sampled pages is in this section once. The neighbours do not repeat its nodes and nothing is left without an owner.,
DOC-0136477A,sec_0057,61,5.4-flagged_for_review,PASS,,"sec_0057 is not flagged (verification_score 100). The heading is visible where the section starts, so the boundary is correct.",
DOC-0136477A,sec_0057,61,5.4-structural_source,PASS,,"structural_source is toc, not inferred. The heading text and position on the render match the bookmark.",
DOC-0136477A,sec_0057,61,5.6-numbering_scheme,PASS,,Printed folios are arabic and match the arabic numbering_scheme. The printed page number equals the physical page (p60-61).,
DOC-0136477A,sec_0057,61,5.6-offset_applied,PASS,,"offset_applied is 0. The printed folio equals the physical page, like the neighbour sections.",
DOC-0136477A,sec_0057,61,5.5-filters_discarding,PASS,,"p61 has only steps 11 and 12, with no figure or icon. On p60 this section has small inline icons (clinical actions and Oximetry Calibration in step 3, monitor screen selection in step 10). They are not in the image output, but the text names each one (#/texts/719-720, 733). No meaningful figure is missing.","Lead edit: kept PASS as in the approved v1.12 row, because the content did not change. The reviewer proposed FAIL Low (BUG-017), like sec_0056 p60. The human reviewer may prefer Low for consistency with sec_0056."
DOC-0136477A,sec_0057,61,5.5-filters_passing_noise,PASS,,"No image is mapped to sec_0057. p61 is almost empty and has no divider, logo or rule kept as an image.",
DOC-0136477A,sec_0057,61,5.5-image_section_mapping,PASS,,No image is mapped to sec_0057 and no figure is printed in 4.3.2 on p60-61. Figure 4-3 is in sec_0055. Nothing is on the wrong sibling.,
DOC-0136477A,sec_0059,62,5.4-hierarchy_level,PASS,,5.1 HemoSphere Advanced Monitor Screen Appearance is shown as level 2 under chapter 5 (sec_0058). The heading size on the render agrees with this level.,
DOC-0136477A,sec_0059,62,5.4-parent_child,PASS,,Parent and children match the printed outline: level 2 under chapter 5 (sec_0058). No child is missing and none is extra.,
DOC-0136477A,sec_0059,62,5.4-page_start_end,PASS,,Declared p62-63. On p62 the chapter Contents list is above the 5.1 heading and is no longer in sec_0059 (it was a Critical in v1). Sec_0059 starts with the 5.1 heading (#/texts/743) and its intro. On p63 it has Figure 5-1 and its labels. 5.2 starts on p64.,The v1 Critical (Contents table in sec_0059) is fixed.
DOC-0136477A,sec_0059,62,5.4-hierarchy_path,PASS,,The hierarchy_path of sec_0059 follows the printed headings from the root in the right order.,
DOC-0136477A,sec_0059,62,5.4-gaps_duplicates,PASS,,Every block of sec_0059 on the sampled pages is in this section once. The neighbours do not repeat its nodes and nothing is left without an owner.,
DOC-0136477A,sec_0059,62,5.4-flagged_for_review,PASS,,"sec_0059 is not flagged (verification_score 100). The heading is visible where the section starts, so the boundary is correct.",
DOC-0136477A,sec_0059,62,5.4-structural_source,PASS,,"structural_source is toc, not inferred. The heading text and position on the render match the bookmark.",
DOC-0136477A,sec_0059,62,5.6-numbering_scheme,PASS,,Printed folios are arabic and match the arabic numbering_scheme. The printed page number equals the physical page (p62-63).,
DOC-0136477A,sec_0059,62,5.6-offset_applied,PASS,,"offset_applied is 0. The printed folio equals the physical page, like the neighbour sections.",
DOC-0136477A,sec_0059,62,5.5-filters_discarding,PASS,,"On p63 Figure 5-1 (monitor screen features with the labels) is extracted as img_0022 (886x611). It includes the navigation bar, main window and the callout labels. p62 has only the Edwards logo, which is decorative.",
DOC-0136477A,sec_0059,62,5.5-filters_passing_noise,PASS,,Only img_0022 (Figure 5-1) is mapped to sec_0059. It is a real figure. No 2800x200 divider is kept on p62 or p63 (v1 had two).,The v1 divider FAIL is gone.
DOC-0136477A,sec_0059,62,5.5-image_section_mapping,PASS,,"img_0022 on p63 is Figure 5-1, which 5.1 refers to in its intro text. It is mapped to sec_0059. This is correct.",
DOC-0136477A,sec_0065,69,5.4-hierarchy_level,PASS,,The heading '5.3.1.3 Status Indicators' is printed as a level 4 heading on p68 and hierarchy_level is 4. It sits one level below its parent sec_0062 (5.3.1 Parameter Globes).,
DOC-0136477A,sec_0065,69,5.4-parent_child,PASS,,Parent is sec_0062 (5.3.1 Parameter Globes) and the printed numbering matches that parent. The previous and next sections in the batch context are siblings or children in the right order.,
DOC-0136477A,sec_0065,69,5.4-page_start_end,PASS,,The heading is on p68 and the section ends on p69 with the NOTE about HPI (#/texts/879-880) before the 5.3.2 heading. All nodes #/texts/849-880 belong to 5.3.1.3. No node of 5.3.2 is absorbed.,
DOC-0136477A,sec_0065,69,5.4-hierarchy_path,PASS,,hierarchy_path ends with '5.3.1.3 Status Indicators' and its ancestors match the printed numbering and the parent chain (sec_0062 (5.3.1 Parameter Globes)).,
DOC-0136477A,sec_0065,69,5.4-gaps_duplicates,PASS,,"On p68 and p69 the intro, Figure 5-5 labels (#/texts/852-869), the indicator paragraphs (#/texts/870-876) and the NOTE are all in sec_0065, once each. No text is duplicated or missing.",
DOC-0136477A,sec_0065,69,5.4-flagged_for_review,PASS,,flagged_for_review is false and verification_score is 100 for sec_0065. The title '5.3.1.3 Status Indicators' is printed on the sampled render.,
DOC-0136477A,sec_0065,69,5.4-structural_source,PASS,,"structural_source is toc. The title '5.3.1.3 Status Indicators' appears in the render at the page given by the bookmark, so the bookmark source is supported.",
DOC-0136477A,sec_0065,69,5.6-numbering_scheme,PASS,,"numbering_scheme is arabic. The printed folio on p68 is an arabic number, as in the whole chapter.",
DOC-0136477A,sec_0065,69,5.6-offset_applied,PASS,,"offset_applied is 0. The printed folio matches the physical page (p68), so no offset is needed.",
DOC-0136477A,sec_0065,69,5.5-filters_discarding,FAIL,Medium,"On p68 Figure 5-5 has a right panel 'Additional Symbols' with the SVV filtering icon, the SQI bar and the alarms-paused icon. It also has two % change samples ('7% (5 min)', '38% (20 min)'). img_0038 (577x413, vector) only covers the left part of the figure. The right panel and the samples are not in the image output.","Same as v1.12 (BUG-017, probably BUG-010 for the cut crop). The labels are in #/texts/863-869 and the indicators are explained in #/texts/870-876, so the loss is limited. The figure is not lost, so Medium and not Critical. The lead confirmed Medium for this row. verify_claims expects Critical, but the left part of the figure is extracted as img_0038 and the missing items are described in text."
DOC-0136477A,sec_0065,69,5.5-filters_passing_noise,PASS,,"The only image in sec_0065 is img_0038, the Figure 5-5 crop. It shows the parameter globe and its labels. No logo, footer rule or decoration is kept.",
DOC-0136477A,sec_0065,69,5.5-image_section_mapping,PASS,,"img_0038 is the p68 Figure 5-5 and it is mapped to sec_0065, which owns the figure caption (#/texts/852). The p69 figure (Figure 5-6) is mapped to sec_0066.",
DOC-0136477A,sec_0076,76,5.4-hierarchy_level,PASS,,The heading '5.3.6.2 Historic Physiology Screen' is printed as a level 4 heading on p76 and hierarchy_level is 4. It sits one level below its parent sec_0074 (5.3.6 Physiology Screen).,
DOC-0136477A,sec_0076,76,5.4-parent_child,PASS,,Parent is sec_0074 (5.3.6 Physiology Screen) and the printed numbering matches that parent. The previous and next sections in the batch context are siblings or children in the right order.,
DOC-0136477A,sec_0076,76,5.4-page_start_end,PASS,,The heading 5.3.6.2 is at the top of p76 and the section has two paragraphs (#/texts/977-978). The next heading 5.3.7 Cockpit Screen starts below and is in sec_0077. page_start and page_end are both 76.,
DOC-0136477A,sec_0076,76,5.4-hierarchy_path,PASS,,hierarchy_path ends with '5.3.6.2 Historic Physiology Screen' and its ancestors match the printed numbering and the parent chain (sec_0074 (5.3.6 Physiology Screen)).,
DOC-0136477A,sec_0076,76,5.4-gaps_duplicates,PASS,,The two paragraphs of 5.3.6.2 are in sec_0076 once. No text of 5.3.7 or 5.3.8 is in it.,
DOC-0136477A,sec_0076,76,5.4-flagged_for_review,PASS,,flagged_for_review is false and verification_score is 100 for sec_0076. The title '5.3.6.2 Historic Physiology Screen' is printed on the sampled render.,
DOC-0136477A,sec_0076,76,5.4-structural_source,PASS,,"structural_source is toc. The title '5.3.6.2 Historic Physiology Screen' appears in the render at the page given by the bookmark, so the bookmark source is supported.",
DOC-0136477A,sec_0076,76,5.6-numbering_scheme,PASS,,"numbering_scheme is arabic. The printed folio on p76 is an arabic number, as in the whole chapter.",
DOC-0136477A,sec_0076,76,5.6-offset_applied,PASS,,"offset_applied is 0. The printed folio matches the physical page (p76), so no offset is needed.",
DOC-0136477A,sec_0076,76,5.5-filters_discarding,PASS,,Section 5.3.6.2 has no figure. Figure 5-13 on p76 belongs to 5.3.7 and is kept as img_0049. No icon of this section is dropped.,
DOC-0136477A,sec_0076,76,5.5-filters_passing_noise,PASS,,No image is mapped to sec_0076. No noise image is kept.,
DOC-0136477A,sec_0076,76,5.5-image_section_mapping,PASS,,Figure 5-13 (p76) is below the 5.3.7 heading and img_0049 is mapped to sec_0077. sec_0076 correctly has no image.,
DOC-0136477A,sec_0085,82,5.4-hierarchy_level,PASS,,The heading '5.4.2 Historical Graphical Trends' is printed as a level 3 heading on p82 and hierarchy_level is 3. It sits one level below its parent sec_0083 (5.4 Clinical Actions).,
DOC-0136477A,sec_0085,82,5.4-parent_child,PASS,,Parent is sec_0083 (5.4 Clinical Actions) and the printed numbering matches that parent. The previous and next sections in the batch context are siblings or children in the right order.,
DOC-0136477A,sec_0085,82,5.4-page_start_end,PASS,,"The heading 5.4.2 is at the top of p82. The section ends at step 4 (#/texts/1090). The lone '.' #/texts/1109 now sits in sec_0085 and is at the end of the step 4 line (x 474, y 482), so it is in the right section. The next heading 5.4.3 is in sec_0086.",#/texts/1109 moved from sec_0087 to sec_0085 compared with v1.12. This is a fix.
DOC-0136477A,sec_0085,82,5.4-hierarchy_path,PASS,,hierarchy_path ends with '5.4.2 Historical Graphical Trends' and its ancestors match the printed numbering and the parent chain (sec_0083 (5.4 Clinical Actions)).,
DOC-0136477A,sec_0085,82,5.4-gaps_duplicates,PASS,,"Intro, steps 1 to 4, the NOTE and the final '.' of step 4 are in sec_0085 once. Nothing of 5.4.3 or 5.4.4 is in this section.",
DOC-0136477A,sec_0085,82,5.4-flagged_for_review,PASS,,flagged_for_review is false and verification_score is 100 for sec_0085. The title '5.4.2 Historical Graphical Trends' is printed on the sampled render.,
DOC-0136477A,sec_0085,82,5.4-structural_source,PASS,,"structural_source is toc. The title '5.4.2 Historical Graphical Trends' appears in the render at the page given by the bookmark, so the bookmark source is supported.",
DOC-0136477A,sec_0085,82,5.6-numbering_scheme,PASS,,"numbering_scheme is arabic. The printed folio on p82 is an arabic number, as in the whole chapter.",
DOC-0136477A,sec_0085,82,5.6-offset_applied,PASS,,"offset_applied is 0. The printed folio matches the physical page (p82), so no offset is needed.",
DOC-0136477A,sec_0085,82,5.5-filters_discarding,FAIL,Low,"On p82 the clinical actions icon, the More icon, the Historical Graphical Trends icon and the return icon are in the render but not in the image output. Text nodes #/texts/1080-1084 only have the icon names and two private-use arrow characters.","Same as v1.12. Probably the small-image filter (BUG-017). The icons are named in the text, so impact is low."
DOC-0136477A,sec_0085,82,5.5-filters_passing_noise,PASS,,"No image is mapped to sec_0085, so no noise image is kept on p82.",
DOC-0136477A,sec_0085,82,5.5-image_section_mapping,PASS,,"No image was extracted on p82. The render shows only small inline icons, so there is no image to map. This is the BUG-017 case graded in 5.5-filters_discarding.",
DOC-0136477A,sec_0095,89,5.4-hierarchy_level,PASS,,The heading '5.7.2 Navigation Icons' is printed as a level 3 heading on p88 and hierarchy_level is 3. It sits one level below its parent sec_0093 (5.7).,
DOC-0136477A,sec_0095,89,5.4-parent_child,PASS,,Parent is sec_0093 (5.7) and the printed numbering matches that parent. The previous and next sections in the batch context are siblings or children in the right order.,
DOC-0136477A,sec_0095,89,5.4-page_start_end,PASS,,The heading 5.7.2 is at the top of p88 and the section ends with the keyboard labels on p89 (#/texts/1204-1213). The chapter 6 opener starts on p90 and is in sec_0096. No foreign node is absorbed.,
DOC-0136477A,sec_0095,89,5.4-hierarchy_path,PASS,,hierarchy_path ends with '5.7.2 Navigation Icons' and its ancestors match the printed numbering and the parent chain (sec_0093 (5.7)).,
DOC-0136477A,sec_0095,89,5.4-gaps_duplicates,PASS,,"The icon texts, the button texts, the keypad labels (#/texts/1198-1202) and the keyboard labels (#/texts/1205-1212) are each in sec_0095 once.",
DOC-0136477A,sec_0095,89,5.4-flagged_for_review,PASS,,flagged_for_review is false and verification_score is 100 for sec_0095. The title '5.7.2 Navigation Icons' is printed on the sampled render.,
DOC-0136477A,sec_0095,89,5.4-structural_source,PASS,,"structural_source is toc. The title '5.7.2 Navigation Icons' appears in the render at the page given by the bookmark, so the bookmark source is supported.",
DOC-0136477A,sec_0095,89,5.6-numbering_scheme,PASS,,"numbering_scheme is arabic. The printed folio on p89 is an arabic number, as in the whole chapter.",
DOC-0136477A,sec_0095,89,5.6-offset_applied,PASS,,"offset_applied is 0. The printed folio matches the physical page (p89), so no offset is needed.",
DOC-0136477A,sec_0095,89,5.5-filters_discarding,FAIL,Low,"On p88 the Home, Return, Enter and Cancel round icons and the small Value button picture are not in the image output. The List button (img_0063), Toggle button (img_0064), keypad (img_0065) and the p89 keyboard (img_0066, vector) are kept and complete.","Same as v1.12. Probably the small-image filter (BUG-017). Each icon is named in text nodes #/texts/1187-1191, so impact is low. The p89 keyboard is kept as a vector image, so it is not lost. Image ids moved by one compared with v1.12. verify_claims expects Critical for the 511x335 raster on p89, but it is the keyboard figure kept as vector render img_0066 (763x416), so it is not lost."
DOC-0136477A,sec_0095,89,5.5-filters_passing_noise,PASS,,"The four images img_0063-img_0066 are real UI pictures (list button, toggle, keypad, keyboard). No logo or rule is kept.",
DOC-0136477A,sec_0095,89,5.5-image_section_mapping,PASS,,"img_0063-img_0065 (p88) and img_0066 (p89) are mapped to sec_0095 and match the List button, Toggle button, Keypad and Keyboard text in this section.",
DOC-0136477A,sec_0098,90,5.4-hierarchy_level,PASS,,The heading '6.1.1 New Patient' is printed as a level 3 heading on p90 and hierarchy_level is 3. It sits one level below its parent sec_0097 (6.1 Patient Data).,
DOC-0136477A,sec_0098,90,5.4-parent_child,PASS,,Parent is sec_0097 (6.1 Patient Data) and the printed numbering matches that parent. The previous and next sections in the batch context are siblings or children in the right order.,
DOC-0136477A,sec_0098,90,5.4-page_start_end,FAIL,Low,The heading is at the bottom of p90 (#/texts/1221) and the steps end on p92 with step 16. The big chapter number '6' at the top of p90 is node #/texts/1225 in sec_0098. It is the chapter opener and belongs to the chapter sec_0096.,"Same as v1.12. Chapter number '6' is stored in sec_0098 (BUG-022). Only a chapter number crosses the boundary, so Low. The chapter title and Contents table are not in sec_0098. verify_claims shows no boundary signal; the finding comes from the p90 render."
DOC-0136477A,sec_0098,90,5.4-hierarchy_path,PASS,,hierarchy_path ends with '6.1.1 New Patient' and its ancestors match the printed numbering and the parent chain (sec_0097 (6.1 Patient Data)).,
DOC-0136477A,sec_0098,90,5.4-gaps_duplicates,PASS,,"The intro, WARNING, steps 1 to 16 and both NOTEs are in sec_0098 once. The only extra node is the boilerplate chapter number '6' (#/texts/1225), graded in 5.4-page_start_end.",
DOC-0136477A,sec_0098,90,5.4-flagged_for_review,PASS,,flagged_for_review is false and verification_score is 100 for sec_0098. The title '6.1.1 New Patient' is printed on the sampled render.,
DOC-0136477A,sec_0098,90,5.4-structural_source,PASS,,"structural_source is toc. The title '6.1.1 New Patient' appears in the render at the page given by the bookmark, so the bookmark source is supported.",
DOC-0136477A,sec_0098,90,5.6-numbering_scheme,PASS,,"numbering_scheme is arabic. The printed folio on p90 is an arabic number, as in the whole chapter.",
DOC-0136477A,sec_0098,90,5.6-offset_applied,PASS,,"offset_applied is 0. The printed folio matches the physical page (p90), so no offset is needed.",
DOC-0136477A,sec_0098,90,5.5-filters_discarding,FAIL,Low,On p91 the settings icon and on p92 the enter icon (step 13) and the home icon (step 16) are in the render but not in the image output. Figure 6-2 is kept as img_0068.,"Same as v1.12. Probably the small-image filter (BUG-017). The text next to each icon names it, so impact is low."
DOC-0136477A,sec_0098,90,5.5-filters_passing_noise,PASS,,img_0068 is the Figure 6-2 screen. The Edwards logo at the bottom right of p90 is not kept as an image.,
DOC-0136477A,sec_0098,90,5.5-image_section_mapping,PASS,,"img_0068 (p91, Figure 6-2) is mapped to sec_0098, which owns the caption #/texts/1240. Figure 6-1 on p90 (img_0067) is in sec_0097, above the 6.1.1 heading.",
DOC-0136477A,sec_0109,101,5.4-hierarchy_level,PASS,,"On p101 the heading '6.2.5.1 Calibration' is shown as a level-4 heading, and sec_0109 has hierarchy_level 4, one below its parent '6.2.5 Analog Pressure Signal Input'.",
DOC-0136477A,sec_0109,101,5.4-parent_child,PASS,,"sec_0109 has parent_section_id sec_0108 ('6.2.5 Analog Pressure Signal Input'), which matches the printed numbering. It has no child sections, and the render of p101 shows no sub-heading that belongs below it.",
DOC-0136477A,sec_0109,101,5.4-page_start_end,PASS,,"sec_0109 runs p100 to p101 with 25 nodes. On the p101 render the nodes of sec_0109 start at its heading or continue from its own text, and end before the next heading. No text of a neighbour is absorbed and none of its own is lost.",
DOC-0136477A,sec_0109,101,5.4-hierarchy_path,PASS,,"hierarchy_path '/User Interface Settings/6.2 Monitor Settings/6.2.5 Analog Pressure Signal Input/6.2.5.1 Calibration' lists the chapter, parents and title in printed order. It matches the headings seen on p101.",
DOC-0136477A,sec_0109,101,5.4-gaps_duplicates,PASS,,The text on p101 that belongs to '6.2.5.1 Calibration' appears once in sec_0109 (semantic_order 1393 to 1417). Nothing is repeated in a neighbour and no printed paragraph of this section is missing.,
DOC-0136477A,sec_0109,101,5.4-flagged_for_review,PASS,,"sec_0109 has flagged_for_review=false and verification_score 100.0. The heading is found on the rendered page, so no flag is needed.",
DOC-0136477A,sec_0109,101,5.4-structural_source,PASS,,structural_source is 'toc'. The title '6.2.5.1 Calibration' is a printed heading and matches the embedded bookmark.,
DOC-0136477A,sec_0109,101,5.6-numbering_scheme,PASS,,The page folio on p101 is a plain arabic number and matches numbering_scheme 'arabic'.,
DOC-0136477A,sec_0109,101,5.6-offset_applied,PASS,,"The folio printed on p101 equals the physical page number, so offset_applied=0 is right.",
DOC-0136477A,sec_0109,101,5.5-filters_discarding,PASS,,On p101 there is only a CAUTION box. There is no figure or icon to extract.,
DOC-0136477A,sec_0109,101,5.5-filters_passing_noise,PASS,,"images.json has no image for sec_0109 on p101 that is a rule, logo or other decoration. No noise image is kept.",
DOC-0136477A,sec_0109,101,5.5-image_section_mapping,PASS,,"p101 has no figure for sec_0109 and images.json lists none for it, so there is nothing to map wrongly.",
DOC-0136477A,sec_0111,102,5.4-hierarchy_level,PASS,,"On p102 the heading '7.1 Alarms / Targets' is shown as a level-2 heading, and sec_0111 has hierarchy_level 2, one below its parent 'Advanced Settings'.",
DOC-0136477A,sec_0111,102,5.4-parent_child,PASS,,"sec_0111 has parent_section_id sec_0110 ('Advanced Settings'), which matches the printed numbering. Its children sec_0112, sec_0115, sec_0116, sec_0117, sec_0118, sec_0119 are its printed sub-sections.",
DOC-0136477A,sec_0111,102,5.4-page_start_end,FAIL,Low,"On p102 heading 7.1, the intro text and Table 7-1 are in sec_0111, and the numeric bounds 102 to 107 fit. But #/texts/1442, the big chapter number '7' at the top right of p102, is also in sec_0111. It is chapter boilerplate of sec_0110.","Only boilerplate crosses the boundary (BUG-022); probably chapter-number text is not filtered. Content is not affected. Same as v1.12. verify_claims has no deterministic boundary signal for this row; the FAIL is visual only (big chapter number on the render, contract Low row)."
DOC-0136477A,sec_0111,102,5.4-hierarchy_path,PASS,,"hierarchy_path '/Advanced Settings/7.1 Alarms / Targets' lists the chapter, parents and title in printed order. It matches the headings seen on p102.",
DOC-0136477A,sec_0111,102,5.4-gaps_duplicates,PASS,,The text on p102 that belongs to '7.1 Alarms / Targets' appears once in sec_0111 (semantic_order 1421 to 1443). Nothing is repeated in a neighbour and no printed paragraph of this section is missing.,
DOC-0136477A,sec_0111,102,5.4-flagged_for_review,PASS,,"sec_0111 has flagged_for_review=false and verification_score 100.0. The heading is found on the rendered page, so no flag is needed.",
DOC-0136477A,sec_0111,102,5.4-structural_source,PASS,,structural_source is 'toc'. The title '7.1 Alarms / Targets' is a printed heading and matches the embedded bookmark.,
DOC-0136477A,sec_0111,102,5.6-numbering_scheme,PASS,,The page folio on p102 is a plain arabic number and matches numbering_scheme 'arabic'.,
DOC-0136477A,sec_0111,102,5.6-offset_applied,PASS,,"The folio printed on p102 equals the physical page number, so offset_applied=0 is right.",
DOC-0136477A,sec_0111,102,5.6-table_content,PASS,,"On p102 Table 7-1 (Alarm priority, Color, Light pattern) has 3 data rows: High red Flashing ON/OFF, Medium yellow Flashing ON/OFF, Low yellow Solid ON. #/tables/55 has the same header and rows in the same columns. No row is lost or duplicated.",
DOC-0136477A,sec_0111,102,5.5-filters_discarding,PASS,,On p102 there is no figure. The Edwards logo at the bottom right is decorative and is not extracted. No meaningful visual is lost.,
DOC-0136477A,sec_0111,102,5.5-filters_passing_noise,PASS,,On p102 the Edwards logo at the bottom right is not kept as an image. No decorative image is mapped to sec_0111.,
DOC-0136477A,sec_0111,102,5.5-image_section_mapping,PASS,,"p102 has no figure for sec_0111 and images.json lists none for it, so there is nothing to map wrongly.",
DOC-0136477A,sec_0122,111,5.4-hierarchy_level,PASS,,"On p111 the heading '7.4 Demo Mode' is shown as a level-2 heading, and sec_0122 has hierarchy_level 2, one below its parent 'Advanced Settings'.",
DOC-0136477A,sec_0122,111,5.4-parent_child,PASS,,"sec_0122 has parent_section_id sec_0110 ('Advanced Settings'), which matches the printed numbering. It has no child sections, and the render of p111 shows no sub-heading that belongs below it.",
DOC-0136477A,sec_0122,111,5.4-page_start_end,PASS,,"sec_0122 runs p110 to p111 with 21 nodes. On the p111 render the nodes of sec_0122 start at its heading or continue from its own text, and end before the next heading. No text of a neighbour is absorbed and none of its own is lost.",
DOC-0136477A,sec_0122,111,5.4-hierarchy_path,PASS,,"hierarchy_path '/Advanced Settings/7.4 Demo Mode' lists the chapter, parents and title in printed order. It matches the headings seen on p111.",
DOC-0136477A,sec_0122,111,5.4-gaps_duplicates,PASS,,The text on p111 that belongs to '7.4 Demo Mode' appears once in sec_0122 (semantic_order 1578 to 1598). Nothing is repeated in a neighbour and no printed paragraph of this section is missing.,
DOC-0136477A,sec_0122,111,5.4-flagged_for_review,PASS,,"sec_0122 has flagged_for_review=false and verification_score 100.0. The heading is found on the rendered page, so no flag is needed.",
DOC-0136477A,sec_0122,111,5.4-structural_source,PASS,,structural_source is 'toc'. The title '7.4 Demo Mode' is a printed heading and matches the embedded bookmark.,
DOC-0136477A,sec_0122,111,5.6-numbering_scheme,PASS,,The page folio on p111 is a plain arabic number and matches numbering_scheme 'arabic'.,
DOC-0136477A,sec_0122,111,5.6-offset_applied,PASS,,"The folio printed on p111 equals the physical page number, so offset_applied=0 is right.",
DOC-0136477A,sec_0122,111,5.5-filters_discarding,PASS,,On p111 there is no figure or icon. The settings icon in step 1 of 7.4 is on p110 and is graded in the sec_0121 p110 row.,
DOC-0136477A,sec_0122,111,5.5-filters_passing_noise,PASS,,"images.json has no image for sec_0122 on p111 that is a rule, logo or other decoration. No noise image is kept.",
DOC-0136477A,sec_0122,111,5.5-image_section_mapping,PASS,,"p111 has no figure for sec_0122 and images.json lists none for it, so there is nothing to map wrongly.",
DOC-0136477A,sec_0126,112,5.4-hierarchy_level,PASS,,"On p112 the heading '8.1.1 Data Download' is shown as a level-3 heading, and sec_0126 has hierarchy_level 3, one below its parent '8.1 Export Data'.",
DOC-0136477A,sec_0126,112,5.4-parent_child,PASS,,"sec_0126 has parent_section_id sec_0125 ('8.1 Export Data'), which matches the printed numbering. It has no child sections, and the render of p112 shows no sub-heading that belongs below it.",
DOC-0136477A,sec_0126,112,5.4-page_start_end,PASS,,"sec_0126 runs p112 to p113 with 37 nodes. On the p112 render the nodes of sec_0126 start at its heading or continue from its own text, and end before the next heading. No text of a neighbour is absorbed and none of its own is lost.",
DOC-0136477A,sec_0126,112,5.4-hierarchy_path,PASS,,"hierarchy_path '/Data Export and Connectivity Settings/8.1 Export Data/8.1.1 Data Download' lists the chapter, parents and title in printed order. It matches the headings seen on p112.",
DOC-0136477A,sec_0126,112,5.4-gaps_duplicates,PASS,,The text on p112 that belongs to '8.1.1 Data Download' appears once in sec_0126 (semantic_order 1608 to 1644). Nothing is repeated in a neighbour and no printed paragraph of this section is missing.,
DOC-0136477A,sec_0126,112,5.4-flagged_for_review,PASS,,"sec_0126 has flagged_for_review=false and verification_score 100.0. The heading is found on the rendered page, so no flag is needed.",
DOC-0136477A,sec_0126,112,5.4-structural_source,PASS,,structural_source is 'toc'. The title '8.1.1 Data Download' is a printed heading and matches the embedded bookmark.,
DOC-0136477A,sec_0126,112,5.6-numbering_scheme,PASS,,The page folio on p112 is a plain arabic number and matches numbering_scheme 'arabic'.,
DOC-0136477A,sec_0126,112,5.6-offset_applied,PASS,,"The folio printed on p112 equals the physical page number, so offset_applied=0 is right.",
DOC-0136477A,sec_0126,112,5.5-filters_discarding,FAIL,Low,On p112 the settings icon in step 1 is not in images.json. On p113 the check icon (step 3) and the enter icon (step 4) of Case Report and GDT Report are also missing. The text names each icon.,"BUG-017: small icons are probably dropped by the size filter. The text names each icon, so the meaning is kept. Same defect as v1.12; not a regression."
DOC-0136477A,sec_0126,112,5.5-filters_passing_noise,PASS,,On p112 the Edwards logo at the bottom right is not kept as an image. No decorative image is mapped to sec_0126.,
DOC-0136477A,sec_0126,112,5.5-image_section_mapping,PASS,,"p112 has no figure for sec_0126 and images.json lists none for it, so there is nothing to map wrongly.",
DOC-0136477A,sec_0137,118,5.4-hierarchy_level,PASS,,"On p118 the heading '9.1 Connecting the HemoSphere Swan-Ganz Module' is a bold sans-serif section heading under the big chapter title and Contents list. The tree has hierarchy_level 2, which fits its numbering depth and its parent.",
DOC-0136477A,sec_0137,118,5.4-parent_child,PASS,,"The parent is sec_0136 (chapter 9, HemoSphere Swan-Ganz Module Monitoring). The numbering and the printed heading order match this nesting. Its child sec_0138 (9.1.1) is printed under it.",
DOC-0136477A,sec_0137,118,5.4-page_start_end,FAIL,Low,"On p118 the big chapter number '9' at the top right is node #/texts/1727 and it is stored in sec_0137 (9.1). It belongs to the chapter title in sec_0136. The 9.1 heading and its text start below the Contents list. All other nodes (heading, paragraph, WARNING) belong to 9.1.","BUG-022 (chapter number kept in the first subsection). Not a regression. Only boilerplate crosses the boundary, so Low. Impact: one stray digit in the 9.1 text. verify_claims shows UNSUPPORTED because it probably does not test a lone digit."
DOC-0136477A,sec_0137,118,5.4-hierarchy_path,PASS,,"The path ends in '9.1 Connecting the HemoSphere Swan-Ganz Module' under sec_0136 (chapter 9, HemoSphere Swan-Ganz Module Monitoring). This is the same chain of headings printed in the document.",
DOC-0136477A,sec_0137,118,5.4-gaps_duplicates,PASS,,"The 9.1 content from p118 to p120 appears once, in sec_0137 (#/texts/1722-1753, #/tables/63). No node of 9.1 is in sec_0136 or sec_0138. The chapter number '9' is only boilerplate and is graded under page_start_end.",
DOC-0136477A,sec_0137,118,5.4-flagged_for_review,PASS,,"sec_0137 has flagged_for_review false. The heading is clear on p118 and its title matches the TOC entry, so no flag is needed.",
DOC-0136477A,sec_0137,118,5.4-structural_source,PASS,,"structural_source is 'toc'. The printed heading '9.1 Connecting the HemoSphere Swan-Ganz Module' on the render matches the bookmark title, so the TOC source is supported.",
DOC-0136477A,sec_0137,118,5.6-numbering_scheme,PASS,,The printed folio on p118 is an arabic number and the section numbers use dotted arabic digits. The numbering_scheme 'arabic' is correct.,
DOC-0136477A,sec_0137,118,5.6-offset_applied,PASS,,"The printed folio on p118 equals the physical page number, so offset_applied 0 is correct.",
DOC-0136477A,sec_0137,118,5.6-table_content,PASS,,"Table 9-1 on p120 (#/tables/63) has 3 columns and 4 data rows. CO, iCO, EDV/RVEF (SV) and SVR each keep their 'Required connection' and 'See' cells, including the '*HR slaved-in' and '*MAP and CVP slaved-in' lines. No line is lost or duplicated.",Table is not in the changed-table list for v1.13.
DOC-0136477A,sec_0137,118,5.5-filters_discarding,PASS,,p118 has no figure or meaningful icon in 9.1. The Edwards logo at the bottom right is decorative. Figure 9-1 on p119 is extracted as img_0079 and shows the numbered connection diagram.,
DOC-0136477A,sec_0137,118,5.5-filters_passing_noise,PASS,,"images.json lists only img_0079 for sec_0137. It is Figure 9-1, a real figure. The Edwards logo and the red footer rule are not kept as images.",
DOC-0136477A,sec_0137,118,5.5-image_section_mapping,PASS,,"Figure 9-1 (img_0079, p119) is printed under 9.1 and is mapped to sec_0137. Figure 9-2 on p121 is mapped to sec_0138, which is correct.",
DOC-0136477A,sec_0148,126,5.4-hierarchy_level,PASS,,"On p126 the heading '9.3.2.1 Select Injectate Volume' is an italic bold sans-serif heading, one level below the 9.3.2 heading. The tree has hierarchy_level 4, which fits its numbering depth and its parent.",
DOC-0136477A,sec_0148,126,5.4-parent_child,PASS,,The parent is sec_0147 (9.3.2 Configuration Settings). The numbering and the printed heading order match this nesting.,
DOC-0136477A,sec_0148,126,5.4-page_start_end,PASS,,"The p126 part of sec_0148 is the 9.3.2.1 heading, the intro sentence, three bullets (10 mL, 5 mL, 3 mL) and the closing sentence. The figure, CAUTION and NOTE above the heading belong to 9.3.2 (sec_0147). 9.3.2.2 below is sec_0149.",
DOC-0136477A,sec_0148,126,5.4-hierarchy_path,PASS,,The path ends in '9.3.2.1 Select Injectate Volume' under sec_0147 (9.3.2 Configuration Settings). This is the same chain of headings printed in the document.,
DOC-0136477A,sec_0148,126,5.4-gaps_duplicates,PASS,,All four volume lines and the closing sentence appear once in sec_0148 (#/texts/1852-1857). Nothing is in sec_0147 or sec_0149 twice.,
DOC-0136477A,sec_0148,126,5.4-flagged_for_review,PASS,,"sec_0148 has flagged_for_review false. The heading is clear on p126 and its title matches the TOC entry, so no flag is needed.",
DOC-0136477A,sec_0148,126,5.4-structural_source,PASS,,"structural_source is 'toc'. The printed heading '9.3.2.1 Select Injectate Volume' on the render matches the bookmark title, so the TOC source is supported.",
DOC-0136477A,sec_0148,126,5.6-numbering_scheme,PASS,,The printed folio on p126 is an arabic number and the section numbers use dotted arabic digits. The numbering_scheme 'arabic' is correct.,
DOC-0136477A,sec_0148,126,5.6-offset_applied,PASS,,"The printed folio on p126 equals the physical page number, so offset_applied 0 is correct.",
DOC-0136477A,sec_0148,126,5.5-filters_discarding,PASS,,"The 9.3.2.1 text on p126 has no icon or figure. The clinical actions and iCO icons at the top of the page belong to sec_0147, not to this section.","verify_claims shows a page-level small raster (64x64) signal. It is probably one of the sec_0147 top-of-page icons, so it is graded in sec_0147 and not here."
DOC-0136477A,sec_0148,126,5.5-filters_passing_noise,PASS,,"No image is mapped to sec_0148. No logo, rule or other noise is kept as an image on p126.",
DOC-0136477A,sec_0148,126,5.5-image_section_mapping,PASS,,"Figure 9-5 (img_0083) is printed above the 9.3.2.1 heading, so it belongs to 9.3.2 and is mapped to sec_0147. That is correct. The crop shows the full iCO screen.",
DOC-0136477A,sec_0158,133,5.4-hierarchy_level,PASS,,"On p133 the heading '9.4.4 Active EDV Monitoring' is a bold sans-serif sub-subsection heading in the lower half of p132. The tree has hierarchy_level 3, which fits its numbering depth and its parent.",
DOC-0136477A,sec_0158,133,5.4-parent_child,PASS,,The parent is sec_0154 (9.4 EDV/RVEF Monitoring). The numbering and the printed heading order match this nesting.,
DOC-0136477A,sec_0158,133,5.4-page_start_end,PASS,,"sec_0158 covers p132 (9.4.4 heading, two alert lines with text) and p133 (NOTE boxes, pacer bullets, stop-icon paragraphs, resumed-monitoring paragraph). 9.4.5 starts later on p133 in sec_0159. 9.4.3 content above on p132 is in sec_0157.",
DOC-0136477A,sec_0158,133,5.4-hierarchy_path,PASS,,The path ends in '9.4.4 Active EDV Monitoring' under sec_0154 (9.4 EDV/RVEF Monitoring). This is the same chain of headings printed in the document.,
DOC-0136477A,sec_0158,133,5.4-gaps_duplicates,PASS,,All 9.4.4 text from #/texts/1976 to #/texts/1995 appears once. The three bullets are present. 9.4.5 is not duplicated in this section.,
DOC-0136477A,sec_0158,133,5.4-flagged_for_review,PASS,,"sec_0158 has flagged_for_review false. The heading is clear on p133 and its title matches the TOC entry, so no flag is needed.",
DOC-0136477A,sec_0158,133,5.4-structural_source,PASS,,"structural_source is 'toc'. The printed heading '9.4.4 Active EDV Monitoring' on the render matches the bookmark title, so the TOC source is supported.",
DOC-0136477A,sec_0158,133,5.6-numbering_scheme,PASS,,The printed folio on p133 is an arabic number and the section numbers use dotted arabic digits. The numbering_scheme 'arabic' is correct.,
DOC-0136477A,sec_0158,133,5.6-offset_applied,PASS,,"The printed folio on p133 equals the physical page number, so offset_applied 0 is correct.",
DOC-0136477A,sec_0158,133,5.5-filters_discarding,FAIL,Low,On p133 two paragraphs mention the stop monitoring icon. A red stop icon with '0:54' is printed in the text and again in the NOTE box. Neither icon is extracted. images.json lists no image for sec_0158.,"Small inline icons dropped by the size filter (probably BUG-017). The icon name is in the text, so no information is lost."
DOC-0136477A,sec_0158,133,5.5-filters_passing_noise,PASS,,"No image is mapped to sec_0158, so no noise is kept. The footer rule and folio on p133 are not images.",
DOC-0136477A,sec_0158,133,5.5-image_section_mapping,PASS,,"No figure is printed in 9.4.4. The only visuals are the stop icons, graded under filters_discarding. No image is mapped to a wrong section.",
DOC-0136477A,sec_0162,134,5.4-hierarchy_level,PASS,,"On p134 the heading '10.1 Pressure Cable Overview' is a bold sans-serif section heading under the big chapter title and Contents list. The tree has hierarchy_level 2, which fits its numbering depth and its parent.",
DOC-0136477A,sec_0162,134,5.4-parent_child,PASS,,"The parent is sec_0161 (chapter 10, Monitoring with the HemoSphere Pressure Cable). The numbering and the printed heading order match this nesting.",
DOC-0136477A,sec_0162,134,5.4-page_start_end,PASS,,"sec_0162 starts at the 10.1 heading (#/texts/2004) below the Contents list on p134. The big chapter number '10' is not in this section. The p136 NOTE, WARNING and CAUTION boxes are 10.1 content. 10.2 starts later on p136 in sec_0163.",
DOC-0136477A,sec_0162,134,5.4-hierarchy_path,PASS,,"The path ends in '10.1 Pressure Cable Overview' under sec_0161 (chapter 10, Monitoring with the HemoSphere Pressure Cable). This is the same chain of headings printed in the document.",
DOC-0136477A,sec_0162,134,5.4-gaps_duplicates,PASS,,"The 10.1 intro, color list, Figure 10-1 labels, Table 10-1 and the three p136 boxes appear once in sec_0162. Nothing is in sec_0161 or sec_0163.",
DOC-0136477A,sec_0162,134,5.4-flagged_for_review,PASS,,"sec_0162 has flagged_for_review false. The heading is clear on p134 and its title matches the TOC entry, so no flag is needed.",
DOC-0136477A,sec_0162,134,5.4-structural_source,PASS,,"structural_source is 'toc'. The printed heading '10.1 Pressure Cable Overview' on the render matches the bookmark title, so the TOC source is supported.",
DOC-0136477A,sec_0162,134,5.6-numbering_scheme,PASS,,The printed folio on p134 is an arabic number and the section numbers use dotted arabic digits. The numbering_scheme 'arabic' is correct.,
DOC-0136477A,sec_0162,134,5.6-offset_applied,PASS,,"The printed folio on p134 equals the physical page number, so offset_applied 0 is correct.",
DOC-0136477A,sec_0162,134,5.6-table_content,PASS,,"Table 10-1 (#/tables/66) has 7 columns and 12 parameter rows. Each bullet sits under a column header (for example MPAP only under TruWave DPT connected to pulmonary artery catheter). The p135 page render is not in this batch, so the check uses the page 135 text and the table layout only.",Lower confidence because p135 was not rendered in the batch.
DOC-0136477A,sec_0162,134,5.5-filters_discarding,PASS,,Figure 10-1 on p135 is extracted as the vector image img_0088 with all four numbered callouts and the legend. The Edwards logo on p134 is decorative. No meaningful visual is lost.,
DOC-0136477A,sec_0162,134,5.5-filters_passing_noise,PASS,,Only img_0088 (Figure 10-1) is kept for sec_0162. The Edwards logo and the red footer rule on p134 are not kept as images. The crop holds only the figure and its legend.,
DOC-0136477A,sec_0162,134,5.5-image_section_mapping,PASS,,"Figure 10-1 (img_0088, p135) is printed under 10.1 and is mapped to sec_0162.",
DOC-0136477A,sec_0175,144,5.4-hierarchy_level,PASS,,"On p144 the heading '10.6.2 Pressure-Out' is printed at the same size and style as the other level-3 headings. The stored hierarchy_level is 3, which matches.",
DOC-0136477A,sec_0175,144,5.4-parent_child,PASS,,"The parent is sec_0173 (10.6 Zero & Waveform Screen, level 2). The page shows the heading under that parent. The section has no child sections, so there is no child to check.",
DOC-0136477A,sec_0175,144,5.4-page_start_end,PASS,,On p144 step 4 is whole in sec_0175: #/texts/2202 ('4 Touch the pressure signal icon') and #/texts/2208 ('to begin pressure signal output to the patient monitor.'). The heading 10.6.3 and its text are in sec_0176. Nothing is absorbed or lost.,"The v1.12 Critical (BUG-023) is fixed: #/texts/2208 moved from sec_0176 to sec_0175. The checker flags running header #/texts/2201 as boilerplate of sec_0176. It is the first node on p144 and sits inside the page range of sec_0175 (pages 143-144). It does not cross a boundary, so PASS."
DOC-0136477A,sec_0175,144,5.4-hierarchy_path,PASS,,The path '10.6.2 Pressure-Out' under its parent is correct. The order matches the printed headings on p144.,
DOC-0136477A,sec_0175,144,5.4-gaps_duplicates,PASS,,"On p143-144 steps 1 to 4 of 10.6.2 are all in sec_0175 (#/texts/2192-2199, 2202, 2208). The fragment #/texts/2208 is not duplicated in sec_0176. No paragraph is missing.",Fixed since v1.12 (BUG-023).
DOC-0136477A,sec_0175,144,5.4-flagged_for_review,PASS,,"sec_0175 is not flagged (flagged_for_review false, verification_score 100). The heading is on the expected page, so the unflagged state is correct.",
DOC-0136477A,sec_0175,144,5.4-structural_source,PASS,,"structural_source is 'toc'. The heading '10.6.2 Pressure-Out' is found on p144 where the bookmark points, so the provenance is supported.",
DOC-0136477A,sec_0175,144,5.6-numbering_scheme,PASS,,The printed folio on p144 is an arabic number and the section numbers are decimal (e.g. 10.6.2). The scheme 'arabic' is correct.,
DOC-0136477A,sec_0175,144,5.6-offset_applied,PASS,,"offset_applied is 0. The folio printed on p144 equals the physical page number, so offset 0 is right.",
DOC-0136477A,sec_0175,144,5.5-filters_discarding,FAIL,Low,In step 3 on p143 the '-0-' zero patient monitor icon is printed. In step 4 on p144 the pressure signal icon is printed. Neither is extracted. images.json has no image for sec_0175.,"Probably BUG-017 (small inline icons dropped). The icon names are written in the step text, so the meaning is kept. Same as v1.12."
DOC-0136477A,sec_0175,144,5.5-filters_passing_noise,PASS,,"No decorative element (rule, logo, footer line) is kept as an image for sec_0175 on p144. Only content images are listed in images.json.",
DOC-0136477A,sec_0175,144,5.5-image_section_mapping,PASS,,"On p144 no relevant visual is extracted for sec_0175, and none is printed in this section that should be. images.json lists no image for it.",
DOC-0136477A,sec_0178,145,5.4-hierarchy_level,PASS,,"On p145 the heading '11.1 Oximetry Cable Overview' is printed at the same size and style as the other level-2 headings. The stored hierarchy_level is 2, which matches.",
DOC-0136477A,sec_0178,145,5.4-parent_child,PASS,,"The parent is sec_0177 (Oximetry Monitoring, level 1). The page shows the heading under that parent. The section has no child sections, so there is no child to check.",
DOC-0136477A,sec_0178,145,5.4-page_start_end,PASS,,Declared pages p145. The section has the heading #/texts/2212 and one paragraph #/texts/2213 on p145. The next heading 11.2 is in sec_0179. No neighbour content is absorbed and nothing of this section is lost.,
DOC-0136477A,sec_0178,145,5.4-hierarchy_path,PASS,,The path '11.1 Oximetry Cable Overview' under its parent is correct. The order matches the printed headings on p145.,
DOC-0136477A,sec_0178,145,5.4-gaps_duplicates,PASS,,On p145 all printed text of '11.1 Oximetry Cable Overview' is in sec_0178. No node is duplicated in a neighbour and no paragraph is missing. The section has the heading #/texts/2212 and one paragraph #/texts/2213 on p145.,
DOC-0136477A,sec_0178,145,5.4-flagged_for_review,PASS,,"sec_0178 is not flagged (flagged_for_review false, verification_score 100). The heading is on the expected page, so the unflagged state is correct.",
DOC-0136477A,sec_0178,145,5.4-structural_source,PASS,,"structural_source is 'toc'. The heading '11.1 Oximetry Cable Overview' is found on p145 where the bookmark points, so the provenance is supported.",
DOC-0136477A,sec_0178,145,5.6-numbering_scheme,PASS,,The printed folio on p145 is an arabic number and the section numbers are decimal (e.g. 11.1). The scheme 'arabic' is correct.,
DOC-0136477A,sec_0178,145,5.6-offset_applied,PASS,,"offset_applied is 0. The folio printed on p145 equals the physical page number, so offset 0 is right.",
DOC-0136477A,sec_0178,145,5.5-filters_discarding,PASS,,On p145 the 11.1 section has only text. The Edwards logo at the bottom right is decorative. No meaningful figure is missing.,
DOC-0136477A,sec_0178,145,5.5-filters_passing_noise,PASS,,"No decorative element (rule, logo, footer line) is kept as an image for sec_0178 on p145. Only content images are listed in images.json.",
DOC-0136477A,sec_0178,145,5.5-image_section_mapping,PASS,,"On p145 no relevant visual is extracted for sec_0178, and none is printed in this section that should be. images.json lists no image for it.",
DOC-0136477A,sec_0189,153,5.4-hierarchy_level,PASS,,"On p153 the heading '12.1 Acumen Hypotension Prediction Index (HPI) Software Feature' is printed at the same size and style as the other level-2 headings. The stored hierarchy_level is 2, which matches.",
DOC-0136477A,sec_0189,153,5.4-parent_child,PASS,,"The parent is sec_0188 (Advanced Features, level 1). The 12.1 heading is printed under chapter 12 on p153. The child list (sec_0190 to sec_0200) follows the 12.1.x headings.",
DOC-0136477A,sec_0189,153,5.4-page_start_end,PASS,,"Declared pages p153-166 (own text p153-155, children to p166). The section starts at the 12.1 heading (#/texts/2373) on p153. Its own text, the Table 12-1 node #/tables/72 and the paragraph #/texts/2406 on p155 end before heading 12.1.1. The chapter number 12 and Contents list are not in this section. No neighbour content is absorbed and nothing of this section is lost.",
DOC-0136477A,sec_0189,153,5.4-hierarchy_path,PASS,,The path '12.1 Acumen Hypotension Prediction Index (HPI) Software Feature' under its parent is correct. The order matches the printed headings on p153.,
DOC-0136477A,sec_0189,153,5.4-gaps_duplicates,PASS,,On p153 all printed text of '12.1 Acumen Hypotension Prediction Index (HPI) Software Feature' is in sec_0189. No node is duplicated in a neighbour and no paragraph is missing. The section starts at the 12.,
DOC-0136477A,sec_0189,153,5.4-flagged_for_review,PASS,,"sec_0189 is not flagged (flagged_for_review false, verification_score 100). The heading is on the expected page, so the unflagged state is correct.",
DOC-0136477A,sec_0189,153,5.4-structural_source,PASS,,"structural_source is 'toc'. The heading '12.1 Acumen Hypotension Prediction Index (HPI) Software Feature' is found on p153 where the bookmark points, so the provenance is supported.",
DOC-0136477A,sec_0189,153,5.6-numbering_scheme,PASS,,The printed folio on p153 is an arabic number and the section numbers are decimal (e.g. 12.1). The scheme 'arabic' is correct.,
DOC-0136477A,sec_0189,153,5.6-offset_applied,PASS,,"offset_applied is 0. The folio printed on p153 equals the physical page number, so offset 0 is right.",
DOC-0136477A,sec_0189,153,5.6-table_content,PASS,,"Table 12-1 (#/tables/72) is printed on p154, below p153. It has 4 rows and 3 columns: Display option, Audible and visual alarm, Alert popup. The extracted text has Key Parameter Yes/Yes, Information Bar No/Yes, Not displayed No/No. The structure is sensible. The p154 render was not in the batch, so this is checked from the tree data only.",Low confidence because p154 was not rendered.
DOC-0136477A,sec_0189,153,5.5-filters_discarding,PASS,,No meaningful picture or icon of '12.1 Acumen Hypotension Prediction Index (HPI) Software Feature' is missing on p153. No image is needed or listed for this page.,
DOC-0136477A,sec_0189,153,5.5-filters_passing_noise,PASS,,"No decorative element (rule, logo, footer line) is kept as an image for sec_0189 on p153. Only content images are listed in images.json.",
DOC-0136477A,sec_0189,153,5.5-image_section_mapping,PASS,,"On p153 no relevant visual is extracted for sec_0189, and none is printed in this section that should be. images.json lists no image for it.",
DOC-0136477A,sec_0197,162,5.4-hierarchy_level,PASS,,"On p162 the heading '12.1.8 Clinical Application' is printed at the same size and style as the other level-3 headings. The stored hierarchy_level is 3, which matches.",
DOC-0136477A,sec_0197,162,5.4-parent_child,PASS,,"The parent is sec_0189 (12.1, level 2). The page shows the heading under that parent. The section has no child sections, so there is no child to check.",
DOC-0136477A,sec_0197,162,5.4-page_start_end,PASS,,Declared pages p161-162. The section starts at the 12.1.8 heading (#/texts/2498) on p161 and ends with the last bullet (#/texts/2514) on p162. Heading 12.1.9 is in sec_0198. The Figure 12-6 above the heading is in sec_0196. No neighbour content is absorbed and nothing of this section is lost.,
DOC-0136477A,sec_0197,162,5.4-hierarchy_path,PASS,,The path '12.1.8 Clinical Application' under its parent is correct. The order matches the printed headings on p162.,
DOC-0136477A,sec_0197,162,5.4-gaps_duplicates,PASS,,On p162 all printed text of '12.1.8 Clinical Application' is in sec_0197. No node is duplicated in a neighbour and no paragraph is missing. The section starts at the 12.,
DOC-0136477A,sec_0197,162,5.4-flagged_for_review,PASS,,"sec_0197 is not flagged (flagged_for_review false, verification_score 100). The heading is on the expected page, so the unflagged state is correct.",
DOC-0136477A,sec_0197,162,5.4-structural_source,PASS,,"structural_source is 'toc'. The heading '12.1.8 Clinical Application' is found on p162 where the bookmark points, so the provenance is supported.",
DOC-0136477A,sec_0197,162,5.6-numbering_scheme,PASS,,The printed folio on p162 is an arabic number and the section numbers are decimal (e.g. 12.1.8). The scheme 'arabic' is correct.,
DOC-0136477A,sec_0197,162,5.6-offset_applied,PASS,,"offset_applied is 0. The folio printed on p162 equals the physical page number, so offset 0 is right.",
DOC-0136477A,sec_0197,162,5.5-filters_discarding,PASS,,On p162 the 12.1.8 bullets have no picture or icon. Nothing meaningful is dropped.,
DOC-0136477A,sec_0197,162,5.5-filters_passing_noise,PASS,,"No decorative element (rule, logo, footer line) is kept as an image for sec_0197 on p162. Only content images are listed in images.json.",
DOC-0136477A,sec_0197,162,5.5-image_section_mapping,PASS,,"On p162 the 12.1.8 bullets contain no picture. The heart figure (Preload, Contractility, Afterload) is under 12.1.9 and is mapped to sec_0198 as img_0099.",
DOC-0136477A,sec_0206,170,5.4-hierarchy_level,PASS,,sec_0206 '12.2.2 SV Optimization' has hierarchy_level 3. The heading on the p169-p170 render is at the matching size and nesting for this level.,
DOC-0136477A,sec_0206,170,5.4-parent_child,PASS,,"parent_section_id of sec_0206 is sec_0201 12.2 Enhanced Parameter Tracking, which is the correct parent in the document. sec_0206 has no child_sections, and the next sibling is a section of the same level.",
DOC-0136477A,sec_0206,170,5.4-page_start_end,PASS,,"On p169 the heading 12.2.2 (#/texts/2611) starts after the 12.2.1.3 text and Table 12-8 (continued), which are not in sec_0206. Steps 1 to 7 are on p169 and steps 8 to 10 on p170 (#/texts/2624-2629). The section ends before 12.2.3 on p170. No foreign text is absorbed.",
DOC-0136477A,sec_0206,170,5.4-hierarchy_path,PASS,,The hierarchy_path of sec_0206 ends with '12.2.2 SV Optimization' under sec_0201 12.2 Enhanced Parameter Tracking. The order of ancestors matches the printed headings.,
DOC-0136477A,sec_0206,170,5.4-gaps_duplicates,PASS,,Steps 1 to 10 and the intro of 12.2.2 are in sec_0206 once. Nothing is missing on p169 or p170. The text above the heading on p169 (12.2.1.3) is not duplicated here.,
DOC-0136477A,sec_0206,170,5.4-flagged_for_review,PASS,,"sec_0206 has flagged_for_review false and verification_score 100. The title '12.2.2 SV Optimization' is printed on the page, so no flag is needed.",
DOC-0136477A,sec_0206,170,5.4-structural_source,PASS,,"structural_source of sec_0206 is toc. The heading '12.2.2 SV Optimization' is a real bookmark and is printed on the page, so the source is supported.",
DOC-0136477A,sec_0206,170,5.6-numbering_scheme,PASS,,numbering_scheme is arabic for sec_0206. The folio printed on p170 is an arabic number.,
DOC-0136477A,sec_0206,170,5.6-offset_applied,PASS,,"offset_applied is 0 for sec_0206. The printed folio on p170 equals the physical page, so the offset is right.",
DOC-0136477A,sec_0206,170,5.5-filters_discarding,FAIL,Low,"On p169-p170 small UI icons are not in the image output: GDT tracking icon (step 1), Parameter/Target icon (step 3), add target icon (step 5), target value icon with unlocked icon (steps 6 and 8), Exit Target Selection button (step 7), edit target icon (step 9) and GDT tracking icon (step 10). images.json has no image for sec_0206.","Probably the small-image filter (BUG-017). The text names each icon, so the information is kept. Low. Same as v1.12."
DOC-0136477A,sec_0206,170,5.5-filters_passing_noise,PASS,,No image is mapped to sec_0206. The red footer line and running headers on p169-p170 are not kept as images.,
DOC-0136477A,sec_0206,170,5.5-image_section_mapping,PASS,,"p169-p170 have no extracted figure in sec_0206, so no image can be mapped wrongly. The missing icons are graded in 5.5-filters_discarding.",
DOC-0136477A,sec_0209,171,5.4-hierarchy_level,PASS,,sec_0209 '13.1 On Screen Help' has hierarchy_level 2. The heading on the p171 render is at the matching size and nesting for this level.,
DOC-0136477A,sec_0209,171,5.4-parent_child,PASS,,"parent_section_id of sec_0209 is sec_0208 Troubleshooting (chapter 13), which is the correct parent in the document. sec_0209 has no child_sections, and the next sibling is a section of the same level.",
DOC-0136477A,sec_0209,171,5.4-page_start_end,FAIL,Low,"sec_0209 starts at '13.1 On Screen Help' (#/texts/2635) and ends at step 6 on p171. The big chapter number '13' (#/texts/2643), printed top right of p171 above 'Troubleshooting', is stored in sec_0209. It belongs to the chapter root sec_0208. The Contents table is not in sec_0209.","Cause: BUG-022 (chapter number stored in the first subsection). Same as v1.12, not a regression. Only boilerplate crosses the boundary, so Low. verify_claims finds no signal because the node is boilerplate; the '13' is visible on the p171 render."
DOC-0136477A,sec_0209,171,5.4-hierarchy_path,PASS,,The hierarchy_path of sec_0209 ends with '13.1 On Screen Help' under sec_0208 Troubleshooting (chapter 13). The order of ancestors matches the printed headings.,
DOC-0136477A,sec_0209,171,5.4-gaps_duplicates,PASS,,The intro and steps 1 to 6 of 13.1 are in sec_0209 once. The '13' on p171 is boilerplate and is graded in 5.4-page_start_end. No body text is missing or duplicated.,
DOC-0136477A,sec_0209,171,5.4-flagged_for_review,PASS,,"sec_0209 has flagged_for_review false and verification_score 100. The title '13.1 On Screen Help' is printed on the page, so no flag is needed.",
DOC-0136477A,sec_0209,171,5.4-structural_source,PASS,,"structural_source of sec_0209 is toc. The heading '13.1 On Screen Help' is a real bookmark and is printed on the page, so the source is supported.",
DOC-0136477A,sec_0209,171,5.6-numbering_scheme,PASS,,numbering_scheme is arabic for sec_0209. The folio printed on p171 is an arabic number.,
DOC-0136477A,sec_0209,171,5.6-offset_applied,PASS,,"offset_applied is 0 for sec_0209. The printed folio on p171 equals the physical page, so the offset is right.",
DOC-0136477A,sec_0209,171,5.5-filters_discarding,FAIL,Low,"On p171 the purple settings icon next to step 1 ('Touch the settings icon') is not in the image output. images.json has no image for sec_0209. The Edwards logo at the page corner is not extracted, which is fine.","Probably the small-image filter (BUG-017). The step text names the icon, so the information is kept. Low. Same as v1.12."
DOC-0136477A,sec_0209,171,5.5-filters_passing_noise,PASS,,No image is mapped to sec_0209. The red footer line and the Edwards logo on p171 are not kept as images. The v1 divider issue is gone.,
DOC-0136477A,sec_0209,171,5.5-image_section_mapping,PASS,,No image is mapped to sec_0209. Only a small icon is printed on p171 (graded in filters_discarding). Correct.,
DOC-0136477A,sec_0219,180,5.4-hierarchy_level,PASS,,sec_0219 '13.5.3 iCO Faults/Alerts' has hierarchy_level 3. The heading on the p179-p180 render is at the matching size and nesting for this level.,
DOC-0136477A,sec_0219,180,5.4-parent_child,PASS,,"parent_section_id of sec_0219 is sec_0216 13.5 HemoSphere Swan-Ganz Module Error Messages, which is the correct parent in the document. sec_0219 has no child_sections, and the next sibling is a section of the same level.",
DOC-0136477A,sec_0219,180,5.4-page_start_end,PASS,,On p179 sec_0219 starts at the heading 13.5.3 with Table 13-9 (#/tables/95). The Table 13-8 (continued) rows above it on p179 are not in sec_0219. On p180 Table 13-9 (continued) (#/tables/96) is at the top and is now in sec_0219. The section ends before the heading 13.5.4. The old Critical from v1 is fixed.,
DOC-0136477A,sec_0219,180,5.4-hierarchy_path,PASS,,The hierarchy_path of sec_0219 ends with '13.5.3 iCO Faults/Alerts' under sec_0216 13.5 HemoSphere Swan-Ganz Module Error Messages. The order of ancestors matches the printed headings.,
DOC-0136477A,sec_0219,180,5.4-gaps_duplicates,PASS,,"Table 13-9 is in #/tables/95 (p179) and #/tables/96 (p180), once each. The continued rows are no longer in the wrong section. No gap or duplicate.",
DOC-0136477A,sec_0219,180,5.4-flagged_for_review,PASS,,"sec_0219 has flagged_for_review false and verification_score 100. The title '13.5.3 iCO Faults/Alerts' is printed on the page, so no flag is needed.",
DOC-0136477A,sec_0219,180,5.4-structural_source,PASS,,"structural_source of sec_0219 is toc. The heading '13.5.3 iCO Faults/Alerts' is a real bookmark and is printed on the page, so the source is supported.",
DOC-0136477A,sec_0219,180,5.6-numbering_scheme,PASS,,numbering_scheme is arabic for sec_0219. The folio printed on p180 is an arabic number.,
DOC-0136477A,sec_0219,180,5.6-offset_applied,PASS,,"offset_applied is 0 for sec_0219. The printed folio on p180 equals the physical page, so the offset is right.",
DOC-0136477A,sec_0219,180,5.6-table_content,FAIL,Low,Line-break hyphen kept in a table cell: 'place- ment' in #/tables/95 on p179 (3 cases in the tables of this row). Exact search for the whole word fails. On p179 #/tables/95 (5 iCO fault rows) and on p180 #/tables/96 (5 alert rows) match the render in all 3 columns. Bullet steps are kept in the Suggested actions cell. Text order is the same as the page.,Low by the reviewer rule of 2026-10-08 (line-break hyphens in cells). Fix planned in Phase 4 (text normalization).
DOC-0136477A,sec_0219,180,5.5-filters_discarding,PASS,,"The rendered p179 and p180 has only text and tables in this section. No figure, screenshot or meaningful icon is printed, so nothing was discarded. images.json has no image for sec_0219.",
DOC-0136477A,sec_0219,180,5.5-filters_passing_noise,PASS,,No image is mapped to sec_0219. The red footer rule on p179-p180 is not kept as an image.,
DOC-0136477A,sec_0219,180,5.5-image_section_mapping,PASS,,No image is printed in 13.5.3 on p179-p180 and none is mapped to sec_0219. Correct.,
DOC-0136477A,sec_0231,190,5.4-hierarchy_level,PASS,,On p190 the heading '13.7.3 Oximetry General Troubleshooting' is printed at the level of a subsection. hierarchy_level 3 matches the bookmark nesting.,
DOC-0136477A,sec_0231,190,5.4-parent_child,PASS,,sec_0231 has parent sec_0228 (13.7 Oximetry Error Messages) and no child sections. This matches the printed structure: no lower-level heading appears inside p190.,
DOC-0136477A,sec_0231,190,5.4-page_start_end,FAIL,Low,"sec_0231 covers p190 and holds the 13.7.3 heading, the caption of Table 13-19 and table #/tables/111, which is correct. But it also holds nodes #/texts/2770 'A' and #/texts/2771 'Appendix' from p191. This is the Appendix A tab printed above the next chapter title. It belongs to the chapter root sec_0232, not to sec_0231.","BUG-022: the Appendix tab label is stored in the previous section. Only boilerplate crosses the boundary, so Low. SEVERITY signal justified: verify_claims sees only the tab label nodes (boilerplate), and the lead rule grades boilerplate crossing a boundary as Low; all real content is owned correctly. Same as v1.12; not a regression."
DOC-0136477A,sec_0231,190,5.4-hierarchy_path,PASS,,The path of sec_0231 ends with '13.7.3 Oximetry General Troubleshooting' under its parent sec_0228 (13.7 Oximetry Error Messages). This is the order shown in the printed contents list and the headings.,
DOC-0136477A,sec_0231,190,5.4-gaps_duplicates,PASS,,"Section sec_0231 holds the 13.7.3 heading, the caption of Table 13-19 and table #/tables/111. Nothing is missing from the render of p190 and no node is repeated, except the normal running header and folio nodes. The Appendix tab nodes sit here by mistake (see page_start_end), but no content of sec_0231 is lost or doubled.",
DOC-0136477A,sec_0231,190,5.4-flagged_for_review,PASS,,"sec_0231 has flagged_for_review false and verification_score 100. The heading is found on the render of p190, so no flag is needed.",
DOC-0136477A,sec_0231,190,5.4-structural_source,PASS,,"structural_source is 'toc'. The heading '13.7.3 Oximetry General Troubleshooting' is visible on the page and agrees with the bookmark, so the provenance is supported.",
DOC-0136477A,sec_0231,190,5.6-numbering_scheme,PASS,,"The scheme is arabic. The folio printed on p190 is an arabic number, and section numbers such as '13.7.3' follow the same style.",
DOC-0136477A,sec_0231,190,5.6-offset_applied,PASS,,"offset_applied is 0. The printed folio on p190 equals the physical page number 190, so no offset is needed.",
DOC-0136477A,sec_0231,190,5.6-table_content,PASS,,"On p190 table #/tables/111 has 3 columns and 3 body rows. All cells match the render (Oximetry Cable Not Calibrated, Patient data in oximetry cable, Connect oximetry cable). No text is lost or doubled.",
DOC-0136477A,sec_0231,190,5.5-filters_discarding,PASS,,"images.json is empty for this batch. On p190 and the other pages of sec_0231 there is no figure or photo to extract; only text, tables. Nothing meaningful was discarded.",
DOC-0136477A,sec_0231,190,5.5-filters_passing_noise,PASS,,"images.json is empty, so no decorative element (footer rule, logo, tab) was kept as an image for sec_0231 on p190.",
DOC-0136477A,sec_0231,190,5.5-image_section_mapping,PASS,,No image is mapped to sec_0231 and none is needed. The render of p190 shows no figure that belongs to this section.,
DOC-0136477A,sec_0233,191,5.4-hierarchy_level,PASS,,On p191 the heading 'A.1 Essential Performance Characteristics' is printed at the level of a section. hierarchy_level 2 matches the bookmark nesting.,
DOC-0136477A,sec_0233,191,5.4-parent_child,PASS,,sec_0233 has parent sec_0232 (Specifications) and no child sections. This matches the printed structure: no lower-level heading appears inside p191-192.,
DOC-0136477A,sec_0233,191,5.4-page_start_end,PASS,,sec_0233 starts at the A.1 heading on p191 and ends on p192 with the continued Table A-1 (#/tables/114). A.2 starts below it on p192 and belongs to sec_0234. The Appendix A tab nodes are not here; they are in sec_0231.,
DOC-0136477A,sec_0233,191,5.4-hierarchy_path,PASS,,The path of sec_0233 ends with 'A.1 Essential Performance Characteristics' under its parent sec_0232 (Specifications). This is the order shown in the printed contents list and the headings.,
DOC-0136477A,sec_0233,191,5.4-gaps_duplicates,PASS,,"Section sec_0233 holds the A.1 heading, two intro paragraphs, the Table A-1 caption and tables #/tables/113 and #/tables/114. Nothing is missing from the render of p191 and no node is repeated, except the normal running header and folio nodes. The caption 'Table A-1 ... (continued)' on p192 is the printed repeat, not a duplicate.",
DOC-0136477A,sec_0233,191,5.4-flagged_for_review,PASS,,"sec_0233 has flagged_for_review false and verification_score 100. The heading is found on the render of p191, so no flag is needed.",
DOC-0136477A,sec_0233,191,5.4-structural_source,PASS,,"structural_source is 'toc'. The heading 'A.1 Essential Performance Characteristics' is visible on the page and agrees with the bookmark, so the provenance is supported.",
DOC-0136477A,sec_0233,191,5.6-numbering_scheme,PASS,,"The scheme is arabic. The folio printed on p191 is an arabic number, and section numbers such as 'A.1' follow the same style.",
DOC-0136477A,sec_0233,191,5.6-offset_applied,PASS,,"offset_applied is 0. The printed folio on p191 equals the physical page number 191, so no offset is needed.",
DOC-0136477A,sec_0233,191,5.6-table_content,PASS,,Table #/tables/113 (p191) has the header and the General row. The long Essential Performance text matches the render. Table #/tables/114 (p192) matches the continued Table A-1 rows. No cell is lost or doubled.,Deformed subscripts such as SvO 2 are known and out of scope (Phase 4).
DOC-0136477A,sec_0233,191,5.5-filters_discarding,PASS,,"images.json is empty for this batch. On p191 and the other pages of sec_0233 there is no figure or photo to extract; only text, tables and the Edwards logo at the page corner. Nothing meaningful was discarded.",
DOC-0136477A,sec_0233,191,5.5-filters_passing_noise,PASS,,"images.json is empty, so no decorative element (footer rule, logo, tab) was kept as an image for sec_0233 on p191.",
DOC-0136477A,sec_0233,191,5.5-image_section_mapping,PASS,,No image is mapped to sec_0233 and none is needed. The render of p191 shows no figure that belongs to this section.,
DOC-0136477A,sec_0243,200,5.4-hierarchy_level,PASS,,On p200 the heading 'Equations for Calculated Patient Parameters' is printed at the level of a chapter (Appendix title). hierarchy_level 1 matches the bookmark nesting.,
DOC-0136477A,sec_0243,200,5.4-parent_child,PASS,,sec_0243 has parent none (chapter level) and no child sections. This matches the printed structure: no lower-level heading appears inside p200-205.,
DOC-0136477A,sec_0243,200,5.4-page_start_end,FAIL,Low,"Section is p200-205 and the real content (heading, intro, Table C-1 pages) is correct. But nodes #/texts/2879 'D' and #/texts/2880 'Appendix' sit at the end of sec_0243 with page_no 206. They are the chapter label of Appendix D, which starts on p206.","BUG-022: the Appendix tab label is stored in the previous section. Only boilerplate crosses the boundary, so Low. SEVERITY signal justified: verify_claims sees only the tab label nodes (boilerplate), and the lead rule grades boilerplate crossing a boundary as Low; all real content is owned correctly. Same as v1.12; not a regression."
DOC-0136477A,sec_0243,200,5.4-hierarchy_path,PASS,,The path of sec_0243 ends with 'Equations for Calculated Patient Parameters' under its parent none (chapter level). This is the order shown in the printed contents list and the headings.,
DOC-0136477A,sec_0243,200,5.4-gaps_duplicates,PASS,,"Section sec_0243 holds the chapter heading, intro, NOTE and Table C-1 on six pages (#/tables/134 to 139). Nothing is missing from the render of p200 and no node is repeated, except the normal running header and folio nodes. The Appendix tab nodes sit here by mistake (see page_start_end), but no content of sec_0243 is lost or doubled.",
DOC-0136477A,sec_0243,200,5.4-flagged_for_review,PASS,,"sec_0243 has flagged_for_review false and verification_score 100. The heading is found on the render of p200, so no flag is needed.",
DOC-0136477A,sec_0243,200,5.4-structural_source,PASS,,"structural_source is 'toc'. The heading 'Equations for Calculated Patient Parameters' is visible on the page and agrees with the bookmark, so the provenance is supported.",
DOC-0136477A,sec_0243,200,5.6-numbering_scheme,PASS,,"The scheme is arabic. The folio on p200 is arabic, and the chapter is an Appendix with lettered tables (C-1).",
DOC-0136477A,sec_0243,200,5.6-offset_applied,PASS,,"offset_applied is 0. The printed folio on p200 equals the physical page number 200, so no offset is needed.",
DOC-0136477A,sec_0243,200,5.6-table_content,PASS,,"On p200 table #/tables/134 (BSA and CaO 2 rows) matches the render: formulas, where-lists and units m 2 and mL/dL are in the right columns. The later table #/tables/139 is graded on the p202 row.",Table text with deformed subscripts like CaO 2 is out of scope.
DOC-0136477A,sec_0243,200,5.5-filters_discarding,PASS,,"images.json is empty for this batch. On p200 and the other pages of sec_0243 there is no figure or photo to extract; only text, tables and the Edwards logo at the page corner. Nothing meaningful was discarded.",
DOC-0136477A,sec_0243,200,5.5-filters_passing_noise,PASS,,"images.json is empty, so no decorative element (footer rule, logo, tab) was kept as an image for sec_0243 on p200.",
DOC-0136477A,sec_0243,200,5.5-image_section_mapping,PASS,,No image is mapped to sec_0243 and none is needed. The render of p200 shows no figure that belongs to this section.,
DOC-0136477A,sec_0245,206,5.4-hierarchy_level,PASS,,On p206 the heading 'D.1 Patient Data Input Range' is printed at the level of a section. hierarchy_level 2 matches the bookmark nesting.,
DOC-0136477A,sec_0245,206,5.4-parent_child,PASS,,sec_0245 has parent sec_0244 (Monitor Settings and Defaults) and no child sections. This matches the printed structure: no lower-level heading appears inside p206.,
DOC-0136477A,sec_0245,206,5.4-page_start_end,PASS,,"sec_0245 is only p206: the D.1 heading, the Table D-1 caption and #/tables/140. D.2 starts below it on p206 and belongs to sec_0246. The Appendix D tab is not here (it is in sec_0243).",
DOC-0136477A,sec_0245,206,5.4-hierarchy_path,PASS,,The path of sec_0245 ends with 'D.1 Patient Data Input Range' under its parent sec_0244 (Monitor Settings and Defaults). This is the order shown in the printed contents list and the headings.,
DOC-0136477A,sec_0245,206,5.4-gaps_duplicates,PASS,,"Section sec_0245 holds the D.1 heading, the Table D-1 caption and table #/tables/140. Nothing is missing from the render of p206 and no node is repeated, except the normal running header and folio nodes.",
DOC-0136477A,sec_0245,206,5.4-flagged_for_review,PASS,,"sec_0245 has flagged_for_review false and verification_score 100. The heading is found on the render of p206, so no flag is needed.",
DOC-0136477A,sec_0245,206,5.4-structural_source,PASS,,"structural_source is 'toc'. The heading 'D.1 Patient Data Input Range' is visible on the page and agrees with the bookmark, so the provenance is supported.",
DOC-0136477A,sec_0245,206,5.6-numbering_scheme,PASS,,"The scheme is arabic. The folio printed on p206 is an arabic number, and section numbers such as 'D.1' follow the same style.",
DOC-0136477A,sec_0245,206,5.6-offset_applied,PASS,,"offset_applied is 0. The printed folio on p206 equals the physical page number 206, so no offset is needed.",
DOC-0136477A,sec_0245,206,5.6-table_content,FAIL,Medium,"On p206 table #/tables/140 (Table D-1) still has values in the wrong columns. The print has Gender, Age, Height, Weight, BSA and ID rows. The Age row is ' | 2 | 120 years | Age'. The label 'Age' is in the last column and 'years' sits in the Maximum column. The Height, Weight and BSA rows also end with their label. The ID row is 'ID | 0 digits | 40 characters None | '. Only the Gender row is right.","BUG-008, same as v1.12 (cells shifted; out of scope for the BUG-030 change). SEVERITY signal justified: labels sit in the wrong column, not merged cells with order kept. Values are present but cannot be tied to their column, so Medium."
DOC-0136477A,sec_0245,206,5.5-filters_discarding,PASS,,"images.json is empty for this batch. On p206 and the other pages of sec_0245 there is no figure or photo to extract; only text, tables and the Edwards logo at the page corner. Nothing meaningful was discarded.",
DOC-0136477A,sec_0245,206,5.5-filters_passing_noise,PASS,,"images.json is empty, so no decorative element (footer rule, logo, tab) was kept as an image for sec_0245 on p206.",
DOC-0136477A,sec_0245,206,5.5-image_section_mapping,PASS,,No image is mapped to sec_0245 and none is needed. The render of p206 shows no figure that belongs to this section.,
DOC-0136477A,sec_0254,214,5.4-hierarchy_level,PASS,,On p214 the heading 'F.1 General Maintenance' is printed at the level of a section. hierarchy_level 2 matches the bookmark nesting.,
DOC-0136477A,sec_0254,214,5.4-parent_child,PASS,,"sec_0254 has parent sec_0253 (System Care, Service and Support) and no child sections. This matches the printed structure: no lower-level heading appears inside p214-215.",
DOC-0136477A,sec_0254,214,5.4-page_start_end,PASS,,sec_0254 starts at the F.1 heading on p214 and ends on p215 with the second CAUTION box. F.2 starts on p215 and belongs to sec_0255. The Appendix F tab is not here (it is in sec_0252).,
DOC-0136477A,sec_0254,214,5.4-hierarchy_path,PASS,,"The path of sec_0254 ends with 'F.1 General Maintenance' under its parent sec_0253 (System Care, Service and Support). This is the order shown in the printed contents list and the headings.",
DOC-0136477A,sec_0254,214,5.4-gaps_duplicates,PASS,,"Section sec_0254 holds the F.1 heading, intro, WARNING and two CAUTION boxes. Nothing is missing from the render of p214 and no node is repeated, except the normal running header and folio nodes.",
DOC-0136477A,sec_0254,214,5.4-flagged_for_review,PASS,,"sec_0254 has flagged_for_review false and verification_score 100. The heading is found on the render of p214, so no flag is needed.",
DOC-0136477A,sec_0254,214,5.4-structural_source,PASS,,"structural_source is 'toc'. The heading 'F.1 General Maintenance' is visible on the page and agrees with the bookmark, so the provenance is supported.",
DOC-0136477A,sec_0254,214,5.6-numbering_scheme,PASS,,"The scheme is arabic. The folio printed on p214 is an arabic number, and section numbers such as 'F.1' follow the same style.",
DOC-0136477A,sec_0254,214,5.6-offset_applied,PASS,,"offset_applied is 0. The printed folio on p214 equals the physical page number 214, so no offset is needed.",
DOC-0136477A,sec_0254,214,5.5-filters_discarding,PASS,,"images.json is empty. The WARNING and CAUTION boxes on p214 and p215 have only a coloured rule and a text label, no figure. Nothing meaningful was discarded.",
DOC-0136477A,sec_0254,214,5.5-filters_passing_noise,PASS,,"images.json is empty, so no decorative element (footer rule, logo, tab) was kept as an image for sec_0254 on p214.",
DOC-0136477A,sec_0254,214,5.5-image_section_mapping,PASS,,No image is mapped to sec_0254 and none is needed. The render of p214 shows no figure that belongs to this section.,
DOC-0136477A,sec_0271,221,5.4-hierarchy_level,PASS,,"On p221 the heading 'G.1 Electromagnetic Compatibility' (#/texts/3058) is a level-2 heading under the Appendix G chapter, and hierarchy_level is 2.",
DOC-0136477A,sec_0271,221,5.4-parent_child,PASS,,"sec_0271 has parent sec_0270 (Appendix G chapter) and no children. On p221 G.1 is the only subsection before G.2 on p222, so this is right.",
DOC-0136477A,sec_0271,221,5.4-page_start_end,PASS,,"sec_0271 holds #/texts/3058-3062 on p221: the G.1 heading, two Reference lines, the intro paragraph and the folio '221'. The chapter title and the Contents table above the heading belong to sec_0270, and are not in this section. The next heading G.2 starts on p222 in sec_0272.",
DOC-0136477A,sec_0271,221,5.4-hierarchy_path,PASS,,The path is /Guidance and Manufacturer's Declaration/G.1 Electromagnetic Compatibility. This matches the chapter title and the G.1 heading on p221.,
DOC-0136477A,sec_0271,221,5.4-gaps_duplicates,PASS,,The text of p221 below the G.1 heading is all in sec_0271. Nothing is duplicated or missing. The following section sec_0272 starts on p222.,
DOC-0136477A,sec_0271,221,5.4-flagged_for_review,PASS,,"flagged_for_review is false and the verification score is 100. The heading is clearly visible on p221, so the flag is right.",
DOC-0136477A,sec_0271,221,5.4-structural_source,PASS,,structural_source is toc. The G.1 heading is printed on p221 and it matches the bookmark title.,
DOC-0136477A,sec_0271,221,5.6-numbering_scheme,PASS,,"Printed folio '221' on p221 equals the physical page, so the arabic scheme is right.",
DOC-0136477A,sec_0271,221,5.6-offset_applied,PASS,,offset_applied is 0. The printed folio 221 is the physical page 221.,
DOC-0136477A,sec_0271,221,5.5-filters_discarding,PASS,,"No figure is dropped on p221. The red footer rule and the small Edwards logo at the bottom right are decorative and are not extracted, which is correct.",
DOC-0136477A,sec_0271,221,5.5-filters_passing_noise,PASS,,"No image is kept for p221. The 2800x200 divider seen in v1 is gone, and the footer rule and logo are not in images.json.",
DOC-0136477A,sec_0271,221,5.5-image_section_mapping,PASS,,"images.json has no image for sec_0271, and p221 has no meaningful figure, so the mapping is right.",
DOC-0136477A,sec_0279,232,5.4-hierarchy_level,PASS,,"On p231 the heading 'G.3.6 European Union R&TTE Statements' is a level-3 heading under G.3, and hierarchy_level is 3.",
DOC-0136477A,sec_0279,232,5.4-parent_child,PASS,,sec_0279 has parent sec_0273 (G.3) and no children. G.3.5 is the previous sibling and G.3.6 is the last subsection of Appendix G.,
DOC-0136477A,sec_0279,232,5.4-page_start_end,PASS,,"sec_0279 runs p231-p232. It starts at the G.3.6 heading (#/texts/3153) after the G.3.5 text on p231. It ends at the folio '232' (#/texts/3175) after the last paragraph 'Hereby, Edwards Lifesciences...'. The p232 render has no later heading.",
DOC-0136477A,sec_0279,232,5.4-hierarchy_path,PASS,,The path is /Guidance and Manufacturer's Declaration/G.3 Wireless Technology Information/G.3.6 European Union R&TTE Statements. It matches the nesting on p231.,
DOC-0136477A,sec_0279,232,5.4-gaps_duplicates,PASS,,All 23 nodes (#/texts/3153-3175) are in order and each is printed once on p231-p232. The bullet titles ('EN 301 489-1...') and their descriptions are present. Nothing is duplicated.,
DOC-0136477A,sec_0279,232,5.4-flagged_for_review,PASS,,"flagged_for_review is false and the verification score is 100. The heading is clear on p231, so the flag is right.",
DOC-0136477A,sec_0279,232,5.4-structural_source,PASS,,structural_source is toc. The heading matches the bookmark title and appears on p231.,
DOC-0136477A,sec_0279,232,5.6-numbering_scheme,PASS,,"Printed folios 231 and 232 equal the physical pages, so the arabic scheme is right.",
DOC-0136477A,sec_0279,232,5.6-offset_applied,PASS,,offset_applied is 0. Printed folios 231 and 232 match the physical pages.,
DOC-0136477A,sec_0279,232,5.5-filters_discarding,PASS,,No meaningful figure is lost on p231-p232. They have only text and bullet dots. The Edwards logo on p240 is covered in the p240 rows.,
DOC-0136477A,sec_0279,232,5.5-filters_passing_noise,PASS,,p231 and p232 have no decorative image kept. The only image near this section is the logo of p240.,
DOC-0136477A,sec_0279,232,5.5-image_section_mapping,PASS,,"images.json has no image on p231-p232, and none is needed there.",
DOC-0136477A,DOCUMENT-LEVEL,,5.6-sanity_report,PASS,,"logs/run.log shows 282 bookmarks and 240 pages. bookmark_sanity ran with no hard failure and no repair. The run finished: 279 sections, validation PASS, 108 images. validation_report.json agrees: Coverage, Precision and Structure PASS, 0 orphans, 0 duplicates, 0 misplaced blocks.","New log line for this version: 'table lines recovered: 19 in 8 tables' (BUG-030). 7 tables in tree.json changed text vs v1.12; the 8th is probably a table outside the tree (front matter or back matter). Also 159 of 164 tables re-read with docling-parse, 5 kept (BUG-008). 3 bookmarks excluded (glossary, list_of_figures, list_of_tables); 0 of 279 flagged_for_review."
DOC-0136477A,sec_0008,19,5.4-hierarchy_level,PASS,,"1.4 is a second-level heading on p18, so hierarchy_level 2 is right.",
DOC-0136477A,sec_0008,19,5.4-parent_child,PASS,,"Parent sec_0001 is right. No children, which is right because 1.4 has no numbered subsections.",
DOC-0136477A,sec_0008,19,5.4-page_start_end,PASS,,"sec_0008 starts with the 1.4 heading #/texts/76 on p18, after 1.3 (sec_0007). It ends on p21 with the WARNING box #/texts/99-102. 1.5 starts on p22 in sec_0009. Tables 1-1 to 1-5 (#/tables/16-20) are in sec_0008. Start and end are right.",
DOC-0136477A,sec_0008,19,5.4-hierarchy_path,PASS,,Path /Introduction/1.4 Intended Use Statement is right.,
DOC-0136477A,sec_0008,19,5.4-gaps_duplicates,PASS,,On p19 the nodes in sec_0008 appear once and in order. Neighbours sec_0007 (1.3) and sec_0009 (1.5) do not share nodes with it. No duplicate or gap seen.,
DOC-0136477A,sec_0008,19,5.4-flagged_for_review,PASS,,"flagged_for_review is false and structural_source is toc with verification_score 100. The render agrees, so no flag is needed.",
DOC-0136477A,sec_0008,19,5.4-structural_source,PASS,,"structural_source is toc. The title appears as a heading in the render at the expected place, so the bookmark source is supported.",
DOC-0136477A,sec_0008,19,5.6-numbering_scheme,PASS,,Printed folios 19 and 21 follow the arabic scheme.,
DOC-0136477A,sec_0008,19,5.6-offset_applied,PASS,,"Printed folios match the physical pages, so offset 0 is right.",
DOC-0136477A,sec_0008,19,5.6-table_content,FAIL,Medium,"On p19 Table 1-1 (#/tables/16) has all 23 rows in order. In the PDF ""adult only"" is one merged cell over rows CO to SVRI. In the extract it is only on the row ""HR avg"". Rows CO to sEDVI and LVSWI to SVRI have an empty population. ""adult and pediatric"" is correctly on iCO. Table 1-2 (#/tables/17) matches the render.","BUG-008: same as v1.12. A reader would link ""adult only"" to HR avg alone. Probably the merged cell text is assigned to one row. Medium because the value sits on the wrong row. verify_claims may expect Low."
DOC-0136477A,sec_0008,19,5.5-filters_discarding,PASS,,"On p19 there is no figure, only tables and text. images.json has no image for sec_0008 and none is missing.",
DOC-0136477A,sec_0008,19,5.5-filters_passing_noise,PASS,,"images.json has no image for sec_0008, so no footer rule, Edwards logo or other decoration is kept as an image. This is right.",
DOC-0136477A,sec_0008,19,5.5-image_section_mapping,PASS,,"No image is mapped to sec_0008 and none is visible on p19 that belongs to it, so no mapping is missing.",
DOC-0136477A,sec_0008,21,5.4-hierarchy_level,PASS,,"1.4 is a second-level heading on p18, so hierarchy_level 2 is right.",
DOC-0136477A,sec_0008,21,5.4-parent_child,PASS,,"Parent sec_0001 is right. No children, which is right because 1.4 has no numbered subsections.",
DOC-0136477A,sec_0008,21,5.4-page_start_end,PASS,,"sec_0008 starts with the 1.4 heading #/texts/76 on p18, after 1.3 (sec_0007). It ends on p21 with the WARNING box #/texts/99-102. 1.5 starts on p22 in sec_0009. Tables 1-1 to 1-5 (#/tables/16-20) are in sec_0008. Start and end are right.",
DOC-0136477A,sec_0008,21,5.4-hierarchy_path,PASS,,Path /Introduction/1.4 Intended Use Statement is right.,
DOC-0136477A,sec_0008,21,5.4-gaps_duplicates,PASS,,On p21 the nodes in sec_0008 appear once and in order. Neighbours sec_0007 (1.3) and sec_0009 (1.5) do not share nodes with it. No duplicate or gap seen.,
DOC-0136477A,sec_0008,21,5.4-flagged_for_review,PASS,,"flagged_for_review is false and structural_source is toc with verification_score 100. The render agrees, so no flag is needed.",
DOC-0136477A,sec_0008,21,5.4-structural_source,PASS,,"structural_source is toc. The title appears as a heading in the render at the expected place, so the bookmark source is supported.",
DOC-0136477A,sec_0008,21,5.6-numbering_scheme,PASS,,Printed folios 19 and 21 follow the arabic scheme.,
DOC-0136477A,sec_0008,21,5.6-offset_applied,PASS,,"Printed folios match the physical pages, so offset 0 is right.",
DOC-0136477A,sec_0008,21,5.6-table_content,FAIL,Low,"On p21 Table 1-5 (#/tables/20) has 6 rows, DO 2 to VO 2 Ie, in PDF order. All definitions are right. The merged cells (technology, ""adult only"", hospital text) are written only on the first row (DO 2). The other 5 rows have empty cells.","Same as v1.12. Values and order are kept, so only the merged cells are not repeated."
DOC-0136477A,sec_0008,21,5.5-filters_discarding,PASS,,"On p21 there is no figure, only tables and text and a WARNING box. images.json has no image for sec_0008 and none is missing.",
DOC-0136477A,sec_0008,21,5.5-filters_passing_noise,PASS,,"images.json has no image for sec_0008, so no footer rule, Edwards logo or other decoration is kept as an image. This is right.",
DOC-0136477A,sec_0008,21,5.5-image_section_mapping,PASS,,"No image is mapped to sec_0008 and none is visible on p21 that belongs to it, so no mapping is missing.",
DOC-0136477A,sec_0021,29,5.4-hierarchy_level,PASS,,"2.2 Warnings is a second-level heading at the top of p29, so hierarchy_level 2 is right.",
DOC-0136477A,sec_0021,29,5.4-parent_child,PASS,,"Parent sec_0016 is right. No children, which is right because 2.2 only has a bullet list.",
DOC-0136477A,sec_0021,29,5.4-page_start_end,PASS,,"sec_0021 starts at the 2.2 heading #/texts/183 on p29. It ends on p33 with the last warning bullet #/texts/257. The 2.3 Cautions heading is lower on p33 and belongs to sec_0022. Start and end are right. The running headers on p29 to p33 are inside the page range, not at a boundary.",
DOC-0136477A,sec_0021,29,5.4-hierarchy_path,PASS,,Path /Safety and Symbols/2.2 Warnings is right.,
DOC-0136477A,sec_0021,29,5.4-gaps_duplicates,PASS,,On p29 the warning bullets in sec_0021 appear once in reading order. The Cautions section sec_0022 starts only on p33. No duplicate or gap seen.,
DOC-0136477A,sec_0021,29,5.4-flagged_for_review,PASS,,"flagged_for_review is false and structural_source is toc with verification_score 100. The render agrees, so no flag is needed.",
DOC-0136477A,sec_0021,29,5.4-structural_source,PASS,,"structural_source is toc. The title appears as a heading in the render at the expected place, so the bookmark source is supported.",
DOC-0136477A,sec_0021,29,5.6-numbering_scheme,PASS,,Printed folios 29 and 32 follow the arabic scheme.,
DOC-0136477A,sec_0021,29,5.6-offset_applied,PASS,,"Printed folios match the physical pages, so offset 0 is right.",
DOC-0136477A,sec_0021,29,5.5-filters_discarding,PASS,,On p29 there are only bullet lists in coloured rules. No figure or icon is visible. images.json has no image for sec_0021 and none is missing.,
DOC-0136477A,sec_0021,29,5.5-filters_passing_noise,PASS,,"images.json has no image for sec_0021, so no footer rule, Edwards logo or other decoration is kept as an image. This is right.",
DOC-0136477A,sec_0021,29,5.5-image_section_mapping,PASS,,"No image is mapped to sec_0021 and none is visible on p29 that belongs to it, so no mapping is missing.",
DOC-0136477A,sec_0021,32,5.4-hierarchy_level,PASS,,"2.2 Warnings is a second-level heading at the top of p29, so hierarchy_level 2 is right.",
DOC-0136477A,sec_0021,32,5.4-parent_child,PASS,,"Parent sec_0016 is right. No children, which is right because 2.2 only has a bullet list.",
DOC-0136477A,sec_0021,32,5.4-page_start_end,PASS,,"sec_0021 starts at the 2.2 heading #/texts/183 on p29. It ends on p33 with the last warning bullet #/texts/257. The 2.3 Cautions heading is lower on p33 and belongs to sec_0022. Start and end are right. The running headers on p29 to p33 are inside the page range, not at a boundary.",
DOC-0136477A,sec_0021,32,5.4-hierarchy_path,PASS,,Path /Safety and Symbols/2.2 Warnings is right.,
DOC-0136477A,sec_0021,32,5.4-gaps_duplicates,PASS,,On p32 the warning bullets in sec_0021 appear once in reading order. The Cautions section sec_0022 starts only on p33. No duplicate or gap seen.,
DOC-0136477A,sec_0021,32,5.4-flagged_for_review,PASS,,"flagged_for_review is false and structural_source is toc with verification_score 100. The render agrees, so no flag is needed.",
DOC-0136477A,sec_0021,32,5.4-structural_source,PASS,,"structural_source is toc. The title appears as a heading in the render at the expected place, so the bookmark source is supported.",
DOC-0136477A,sec_0021,32,5.6-numbering_scheme,PASS,,Printed folios 29 and 32 follow the arabic scheme.,
DOC-0136477A,sec_0021,32,5.6-offset_applied,PASS,,"Printed folios match the physical pages, so offset 0 is right.",
DOC-0136477A,sec_0021,32,5.5-filters_discarding,PASS,,On p32 there are only bullet lists in coloured rules. No figure or icon is visible. images.json has no image for sec_0021 and none is missing.,
DOC-0136477A,sec_0021,32,5.5-filters_passing_noise,PASS,,"images.json has no image for sec_0021, so no footer rule, Edwards logo or other decoration is kept as an image. This is right.",
DOC-0136477A,sec_0021,32,5.5-image_section_mapping,PASS,,"No image is mapped to sec_0021 and none is visible on p32 that belongs to it, so no mapping is missing.",
DOC-0136477A,sec_0023,38,5.4-hierarchy_level,PASS,,"2.4 is a second-level heading at the top of p37, so hierarchy_level 2 is right.",
DOC-0136477A,sec_0023,38,5.4-parent_child,PASS,,"Parent sec_0016 is right. No children, which is right.",
DOC-0136477A,sec_0023,38,5.4-page_start_end,PASS,,sec_0023 starts at the 2.4 heading #/texts/321 on p37 and ends on p38 with the end of Table 2-1. 2.5 starts on p39 in sec_0024. Four table parts (#/tables/29-32) are all in sec_0023. Start and end are right.,
DOC-0136477A,sec_0023,38,5.4-hierarchy_path,PASS,,Path /Safety and Symbols/2.4 User Interface Symbols is right.,
DOC-0136477A,sec_0023,38,5.4-gaps_duplicates,PASS,,"Heading, intro, four captions and four table parts are in sec_0023 once. No 2.5 content is absorbed. No duplicate or gap.",
DOC-0136477A,sec_0023,38,5.4-flagged_for_review,PASS,,"flagged_for_review is false and structural_source is toc with verification_score 100. The render agrees, so no flag is needed.",
DOC-0136477A,sec_0023,38,5.4-structural_source,PASS,,"structural_source is toc. The title appears as a heading in the render at the expected place, so the bookmark source is supported.",
DOC-0136477A,sec_0023,38,5.6-numbering_scheme,PASS,,Printed folio 38 follows the arabic scheme.,
DOC-0136477A,sec_0023,38,5.6-offset_applied,PASS,,"Printed folio 38 is physical page 38, so offset 0 is right.",
DOC-0136477A,sec_0023,38,5.6-table_content,PASS,,"On p37 and p38 the four table parts (#/tables/29-32) keep every Description in the right order, including the group rows (Navigation Bar Icons, Parameter Globe Icons, GDT Tracking Icons, HPI Icons). The Symbol column is empty because the symbols are pictures. I found no changed or lost description text.",Symbol pictures are covered in 5.5-filters_discarding.
DOC-0136477A,sec_0023,38,5.5-filters_discarding,FAIL,Low,"On p37 and p38 Table 2-1 shows about 60 UI icons (navigation bar, menu, keypad, intervention, GDT, HPI icons). Only the four parameter globes were extracted (img_0009, p38). All other icons are not in images.json, for example ""begin CO monitoring"", ""settings menu"", ""enter"" and ""Wi-Fi signal"". Each icon meaning is written in the Description column.","Probably BUG-017 (small raster icons dropped). I grade Low because each meaning is in the text. This row is not in the v1.12 FAIL list, so please check how it was graded before. Confidence is lower for that reason."
DOC-0136477A,sec_0023,38,5.5-filters_passing_noise,PASS,,"img_0009 (239x241, p38) is the four coloured parameter globes (green, yellow, red, gray) from the Parameter Globe Icons row. It has meaning, so it is not noise. No footer rule or logo is kept as an image.",
DOC-0136477A,sec_0023,38,5.5-image_section_mapping,PASS,,"img_0009 (p38) is mapped to sec_0023 and sits in the 2.4 Table 2-1 Parameter Globe row, so the mapping is right.",
DOC-0136477A,sec_0024,39,5.4-hierarchy_level,PASS,,"2.5 is a second-level heading at the top of p39, so hierarchy_level 2 is right.",
DOC-0136477A,sec_0024,39,5.4-parent_child,PASS,,"Parent sec_0016 is right. No children, which is right.",
DOC-0136477A,sec_0024,39,5.4-page_start_end,PASS,,sec_0024 starts at the 2.5 heading #/texts/333 on p39 and ends on p40 with the NOTE #/texts/346 and #/texts/352. 2.6 starts on p41 in sec_0025. Four table parts (#/tables/33-36) are in sec_0024. Start and end are right.,
DOC-0136477A,sec_0024,39,5.4-hierarchy_path,PASS,,Path /Safety and Symbols/2.5 Symbols on Product Labels is right.,
DOC-0136477A,sec_0024,39,5.4-gaps_duplicates,PASS,,"Heading, intro, captions, four table parts and the NOTE are in sec_0024. PN, Pb, ECG, x, y, 1 and 2 also appear as loose paragraphs, which repeats table text but does not lose or move content. No gap.",
DOC-0136477A,sec_0024,39,5.4-flagged_for_review,PASS,,"flagged_for_review is false and structural_source is toc with verification_score 100. The render agrees, so no flag is needed.",
DOC-0136477A,sec_0024,39,5.4-structural_source,PASS,,"structural_source is toc. The title appears as a heading in the render at the expected place, so the bookmark source is supported.",
DOC-0136477A,sec_0024,39,5.6-numbering_scheme,PASS,,Printed folio 39 follows the arabic scheme.,
DOC-0136477A,sec_0024,39,5.6-offset_applied,PASS,,"Printed folio 39 is physical page 39, so offset 0 is right.",
DOC-0136477A,sec_0024,39,5.6-table_content,FAIL,Low,"On p39 and p40 the four tables (#/tables/33-36) keep all Description cells in the right order. The Symbol column keeps only some printed words: IPX1, IPX4, PN, Pb, ECG, 1, 2 and ""x y"". It loses printed words such as ""Rx only"", LOT, REF, SN, ""EC REP"", HDMI and ""Li-ion"". PN, Pb, ECG, x, y, 1 and 2 also appear as loose paragraphs (#/texts/336-337, 342-344, 347-350).","Same as v1.12. The Symbol column is mostly graphics and each meaning is in the Description, so retrieval is not harmed."
DOC-0136477A,sec_0024,39,5.5-filters_discarding,FAIL,Medium,"On p39 and p40 almost all symbol icons of Table 2-2 are not in images.json (for example MR, CE, LOT, REF, SN, USB, HDMI, Fragile). Only img_0010 (Intertek ETL, p39) and img_0011 (vector crop on p40) were extracted. img_0011 shows 3 package symbols and cuts the 4th (temperature limits) at the bottom. It misses Fragile and This end up above it, and Humidity below.","BUG-010: same as v1.12. Each icon meaning is also written in the Description column, so the information survives. Medium because img_0011 is a cut figure (agreed rule); the dropped icons alone would be Low. Probably the vector crop is too small, not confirmed."
DOC-0136477A,sec_0024,39,5.5-filters_passing_noise,PASS,,"img_0010 (Intertek ETL mark, p39) and img_0011 (package symbols, p40) are real symbols from Table 2-2, not decoration. No footer rule or logo is kept as an image.",
DOC-0136477A,sec_0024,39,5.5-image_section_mapping,PASS,,"img_0010 (p39, Intertek ETL row) and img_0011 (p40, packaging labels) are mapped to sec_0024 and sit in Table 2-2 of 2.5, so the mapping is right.",
DOC-0136477A,sec_0030,43,5.4-hierarchy_level,PASS,,3.1.2 Required Accessories is shown as level 3 under 3.1 Unpacking (sec_0028). The heading size on the render agrees with this level.,
DOC-0136477A,sec_0030,43,5.4-parent_child,PASS,,Parent and children match the printed outline: level 3 under 3.1 Unpacking (sec_0028). No child is missing and none is extra.,
DOC-0136477A,sec_0030,43,5.4-page_start_end,PASS,,"Declared p43-44. The section starts with its heading on p43 and the intro, Table 3-2/3-3/3-4 captions and notes. On p44 it ends with the WARNING and CAUTION boxes just before the 3.2 heading (sec_0031). No node of another section is absorbed and none is lost.",
DOC-0136477A,sec_0030,43,5.4-hierarchy_path,PASS,,The hierarchy_path of sec_0030 follows the printed headings from the root in the right order.,
DOC-0136477A,sec_0030,43,5.4-gaps_duplicates,PASS,,Every block of sec_0030 on the sampled pages is in this section once. The neighbours do not repeat its nodes and nothing is left without an owner.,
DOC-0136477A,sec_0030,43,5.4-flagged_for_review,PASS,,"sec_0030 is not flagged (verification_score 100). The heading is visible where the section starts, so the boundary is correct.",
DOC-0136477A,sec_0030,43,5.4-structural_source,PASS,,"structural_source is toc, not inferred. The heading text and position on the render match the bookmark.",
DOC-0136477A,sec_0030,43,5.6-numbering_scheme,PASS,,Printed folios are arabic and match the arabic numbering_scheme. The printed page number equals the physical page (p43-44).,
DOC-0136477A,sec_0030,43,5.6-offset_applied,PASS,,"offset_applied is 0. The printed folio equals the physical page, like the neighbour sections.",
DOC-0136477A,sec_0030,43,5.6-table_content,PASS,,"On p43 the three tables #/tables/39, 40 and 41 match the render. Table 3-2 has 7 rows with dots under the right CO/EDV/RVEF/SVR/iCO/SV columns. Table 3-3 has the * under SVR and the HPI dot in the last row. Table 3-4 has ScvO2/SvO2 dots in the right cells.",These tables did not change vs v1.12.
DOC-0136477A,sec_0030,43,5.5-filters_discarding,PASS,,"On p43-44 the section has no figure. Only tables, notes and the WARNING/CAUTION boxes. Figure 3-1 on p44 is below the 3.2.1 heading and belongs to sec_0032 (img_0012). The note and warning icons are decorative.","No image extracted for this section, and none is needed."
DOC-0136477A,sec_0030,43,5.5-filters_passing_noise,PASS,,"No image is mapped to sec_0030 in images.json. No divider, logo or footer rule is kept as an image.",
DOC-0136477A,sec_0030,43,5.5-image_section_mapping,PASS,,"No image is mapped to sec_0030. The only figure on p44 (Figure 3-1) is mapped to sec_0032, which owns 3.2.1 Monitor Front. That is correct.",
DOC-0136477A,sec_0040,49,5.4-hierarchy_level,PASS,,3.3.3.1 Equipotential Connection is shown as level 4 under 3.3.3 Connecting Power Cord (sec_0039). The heading size on the render agrees with this level.,
DOC-0136477A,sec_0040,49,5.4-parent_child,PASS,,Parent and children match the printed outline: level 4 under 3.3.3 Connecting Power Cord (sec_0039). No child is missing and none is extra.,
DOC-0136477A,sec_0040,49,5.4-page_start_end,PASS,,"Declared p49. On p49 the section starts at its heading and ends with the CAUTION box, just before the 3.3.4 heading (sec_0041). The WARNING and Figure 3-5 above the heading belong to sec_0039. No node of another section is absorbed and none is lost.",
DOC-0136477A,sec_0040,49,5.4-hierarchy_path,PASS,,The hierarchy_path of sec_0040 follows the printed headings from the root in the right order.,
DOC-0136477A,sec_0040,49,5.4-gaps_duplicates,PASS,,Every block of sec_0040 on the sampled pages is in this section once. The neighbours do not repeat its nodes and nothing is left without an owner.,
DOC-0136477A,sec_0040,49,5.4-flagged_for_review,PASS,,"sec_0040 is not flagged (verification_score 100). The heading is visible where the section starts, so the boundary is correct.",
DOC-0136477A,sec_0040,49,5.4-structural_source,PASS,,"structural_source is toc, not inferred. The heading text and position on the render match the bookmark.",
DOC-0136477A,sec_0040,49,5.6-numbering_scheme,PASS,,Printed folios are arabic and match the arabic numbering_scheme. The printed page number equals the physical page (p49).,
DOC-0136477A,sec_0040,49,5.6-offset_applied,PASS,,"offset_applied is 0. The printed folio equals the physical page, like the neighbour sections.",
DOC-0136477A,sec_0040,49,5.5-filters_discarding,PASS,,"On p49 the screw-location photo (Figure 3-5) is above the 3.3.3.1 heading, so it belongs to sec_0039 (img_0016, vector). Sec_0040 has no figure. The WARNING and CAUTION label icons are decorative.","verify_claims flags a 390x290 raster on p49 as missing. It is probably the Figure 3-5 photo. It is inside img_0016 (vector render, 466x212, sec_0039), which I checked visually: the photo and both arrows are present. So the tool signal looks like a false positive."
DOC-0136477A,sec_0040,49,5.5-filters_passing_noise,PASS,,"No image is mapped to sec_0040. The page header, footer rule and logo are not kept as images.",
DOC-0136477A,sec_0040,49,5.5-image_section_mapping,PASS,,"img_0016 (Figure 3-5, p49) is mapped to sec_0039. It is printed above the 3.3.3.1 heading, so this is correct. Sec_0040 has no image of its own.",
DOC-0136477A,sec_0050,56,5.4-hierarchy_level,PASS,,4.1.2 Intermittent Cardiac Output Monitoring is shown as level 3 under 4.1 (sec_0048). The heading size on the render agrees with this level.,
DOC-0136477A,sec_0050,56,5.4-parent_child,PASS,,Parent and children match the printed outline: level 3 under 4.1 (sec_0048). No child is missing and none is extra.,
DOC-0136477A,sec_0050,56,5.4-page_start_end,PASS,,Declared p55-56. On p55 the 4.1.2 heading starts after the 4.1.1 steps (sec_0049). Steps 11-20 and the NOTE are in sec_0050. On p56 step 21 is the last step before heading 4.1.3 (sec_0051). No node of another section is absorbed and none is lost.,"verify_claims flags the p56 running header (#/texts/619) and step 21 as sec_0051 content. Step 21 continues steps 11-20 of 4.1.2, and the 4.1.3 heading is below it on p56. So both are correctly in sec_0050. The header is only boilerplate on the page the section spans."
DOC-0136477A,sec_0050,56,5.4-hierarchy_path,PASS,,The hierarchy_path of sec_0050 follows the printed headings from the root in the right order.,
DOC-0136477A,sec_0050,56,5.4-gaps_duplicates,PASS,,Every block of sec_0050 on the sampled pages is in this section once. The neighbours do not repeat its nodes and nothing is left without an owner.,
DOC-0136477A,sec_0050,56,5.4-flagged_for_review,PASS,,"sec_0050 is not flagged (verification_score 100). The heading is visible where the section starts, so the boundary is correct.",
DOC-0136477A,sec_0050,56,5.4-structural_source,PASS,,"structural_source is toc, not inferred. The heading text and position on the render match the bookmark.",
DOC-0136477A,sec_0050,56,5.6-numbering_scheme,PASS,,Printed folios are arabic and match the arabic numbering_scheme. The printed page number equals the physical page (p55-56).,
DOC-0136477A,sec_0050,56,5.6-offset_applied,PASS,,"offset_applied is 0. The printed folio equals the physical page, like the neighbour sections.",
DOC-0136477A,sec_0050,56,5.5-filters_discarding,FAIL,Low,"The section covers p55-56. On p55 the small inline icons are not in the image output: the clinical actions icon, the iCO icon, and the Wait, Ready, Inject and Computing buttons. p56 has only step 21 with no icon. No larger figure is lost.","Probably BUG-017 (small-image filter). The text names the icons (#/texts/602, 607), so the information survives. Same as v1.12. Impact is low."
DOC-0136477A,sec_0050,56,5.5-filters_passing_noise,PASS,,No image is mapped to sec_0050. Nothing decorative is kept as an image on p55-56.,
DOC-0136477A,sec_0050,56,5.5-image_section_mapping,PASS,,"No image is mapped to sec_0050. The only inline pictures on p55-56 are small button icons. No larger figure is printed there, so nothing is on the wrong sibling.",
DOC-0136477A,sec_0054,58,5.4-hierarchy_level,PASS,,4.2.2 Zero Pressure Cable is shown as level 3 under 4.2 (sec_0052). The heading size on the render agrees with this level.,
DOC-0136477A,sec_0054,58,5.4-parent_child,PASS,,Parent and children match the printed outline: level 3 under 4.2 (sec_0052). No child is missing and none is extra.,
DOC-0136477A,sec_0054,58,5.4-page_start_end,PASS,,Declared p57-58. On p57 the heading is at the bottom with step 1. On p58 steps 2-10 and the NOTE are in the section. Figure 4-2 and 4.2.1 above the heading belong to sec_0052 and sec_0053. No node of another section is absorbed and none is lost.,
DOC-0136477A,sec_0054,58,5.4-hierarchy_path,PASS,,The hierarchy_path of sec_0054 follows the printed headings from the root in the right order.,
DOC-0136477A,sec_0054,58,5.4-gaps_duplicates,PASS,,Every block of sec_0054 on the sampled pages is in this section once. The neighbours do not repeat its nodes and nothing is left without an owner.,
DOC-0136477A,sec_0054,58,5.4-flagged_for_review,PASS,,"sec_0054 is not flagged (verification_score 100). The heading is visible where the section starts, so the boundary is correct.",
DOC-0136477A,sec_0054,58,5.4-structural_source,PASS,,"structural_source is toc, not inferred. The heading text and position on the render match the bookmark.",
DOC-0136477A,sec_0054,58,5.6-numbering_scheme,PASS,,Printed folios are arabic and match the arabic numbering_scheme. The printed page number equals the physical page (p57-58).,
DOC-0136477A,sec_0054,58,5.6-offset_applied,PASS,,"offset_applied is 0. The printed folio equals the physical page, like the neighbour sections.",
DOC-0136477A,sec_0054,58,5.5-filters_discarding,FAIL,Low,"On p57-58 small inline icons are not in the image output: the Zero & Waveform icon, the small zero button (p57 and step 5), the large on-screen zero button, the home icon (step 7) and the monitor screen selection icon (step 8). Figure 4-2 on p57 belongs to sec_0052. No larger figure is lost.","Probably BUG-017 (small-image filter). The text names the icons (#/texts/673, 675), so the information survives. Same as v1.12. Impact is low."
DOC-0136477A,sec_0054,58,5.5-filters_passing_noise,PASS,,"No image is mapped to sec_0054. No divider, logo or footer rule is kept as an image on p57-58.",
DOC-0136477A,sec_0054,58,5.5-image_section_mapping,PASS,,"Figure 4-2 on p57 is img_0020 in sec_0052, printed above 4.2.1. That is correct. Sec_0054 has no image of its own.",
DOC-0136477A,sec_0056,60,5.4-hierarchy_level,PASS,,4.3.1 In vitro Calibration is shown as level 3 under 4.3 (sec_0055). The heading size on the render agrees with this level.,
DOC-0136477A,sec_0056,60,5.4-parent_child,PASS,,Parent and children match the printed outline: level 3 under 4.3 (sec_0055). No child is missing and none is extra.,
DOC-0136477A,sec_0056,60,5.4-page_start_end,PASS,,"Declared p59-60. On p59 the heading is at the bottom with steps 1-2. On p60 steps 3-12 are in the section, before the 4.3.2 heading (sec_0057). No node of another section is absorbed and none is lost.",
DOC-0136477A,sec_0056,60,5.4-hierarchy_path,PASS,,The hierarchy_path of sec_0056 follows the printed headings from the root in the right order.,
DOC-0136477A,sec_0056,60,5.4-gaps_duplicates,PASS,,Every block of sec_0056 on the sampled pages is in this section once. The neighbours do not repeat its nodes and nothing is left without an owner.,
DOC-0136477A,sec_0056,60,5.4-flagged_for_review,PASS,,"sec_0056 is not flagged (verification_score 100). The heading is visible where the section starts, so the boundary is correct.",
DOC-0136477A,sec_0056,60,5.4-structural_source,PASS,,"structural_source is toc, not inferred. The heading text and position on the render match the bookmark.",
DOC-0136477A,sec_0056,60,5.6-numbering_scheme,PASS,,Printed folios are arabic and match the arabic numbering_scheme. The printed page number equals the physical page (p59-60).,
DOC-0136477A,sec_0056,60,5.6-offset_applied,PASS,,"offset_applied is 0. The printed folio equals the physical page, like the neighbour sections.",
DOC-0136477A,sec_0056,60,5.5-filters_discarding,FAIL,Low,On p60 two small inline icons of this section are not in the image output: the clinical actions icon and the Oximetry Calibration icon in step 3. The monitor screen selection icon in step 10 belongs to sec_0057. Figure 4-3 on p59 is in sec_0055. No larger figure is lost.,"Probably BUG-017 (small-image filter). The text names both icons (#/texts/704-705), so the information survives. Same as v1.12. Impact is low."
DOC-0136477A,sec_0056,60,5.5-filters_passing_noise,PASS,,No image is mapped to sec_0056. Nothing decorative is kept as an image on p59-60.,
DOC-0136477A,sec_0056,60,5.5-image_section_mapping,PASS,,"Figure 4-3 on p59 (img_0021) is mapped to sec_0055, printed between the 4.3 heading and 4.3.1. That is correct. Sec_0056 has no image of its own.",
DOC-0136477A,sec_0063,67,5.4-hierarchy_level,PASS,,5.3.1.1 Change Parameters is shown as level 4 under 5.3.1 Parameter Globes (sec_0062). The heading size on the render agrees with this level.,
DOC-0136477A,sec_0063,67,5.4-parent_child,PASS,,Parent and children match the printed outline: level 4 under 5.3.1 Parameter Globes (sec_0062). No child is missing and none is extra.,
DOC-0136477A,sec_0063,67,5.4-page_start_end,PASS,,"Declared p67. On p67 the italic heading, steps 1-3 and the Figure 5-4 caption (#/texts/838-842) are in the section. 5.3.1.2 starts below it (sec_0064). No node of another section is absorbed and none is lost.",
DOC-0136477A,sec_0063,67,5.4-hierarchy_path,PASS,,The hierarchy_path of sec_0063 follows the printed headings from the root in the right order.,
DOC-0136477A,sec_0063,67,5.4-gaps_duplicates,PASS,,Every block of sec_0063 on the sampled pages is in this section once. The neighbours do not repeat its nodes and nothing is left without an owner.,
DOC-0136477A,sec_0063,67,5.4-flagged_for_review,PASS,,"sec_0063 is not flagged (verification_score 100). The heading is visible where the section starts, so the boundary is correct.",
DOC-0136477A,sec_0063,67,5.4-structural_source,PASS,,"structural_source is toc, not inferred. The heading text and position on the render match the bookmark.",
DOC-0136477A,sec_0063,67,5.6-numbering_scheme,PASS,,Printed folios are arabic and match the arabic numbering_scheme. The printed page number equals the physical page (p67).,
DOC-0136477A,sec_0063,67,5.6-offset_applied,PASS,,"offset_applied is 0. The printed folio equals the physical page, like the neighbour sections.",
DOC-0136477A,sec_0063,67,5.5-filters_discarding,PASS,,On p67 Figure 5-4 (key parameter selection popup) is extracted as img_0037 (550x530). It shows all parameter buttons and the close icon. No figure is lost.,
DOC-0136477A,sec_0063,67,5.5-filters_passing_noise,PASS,,Only img_0037 is mapped to sec_0063. It is a real screenshot. No divider or logo is kept.,
DOC-0136477A,sec_0063,67,5.5-image_section_mapping,PASS,,"img_0037 is Figure 5-4, printed under step 2 of 5.3.1.1 with its caption (#/texts/842). It is mapped to sec_0063. This is correct.",
DOC-0136477A,sec_0066,69,5.4-hierarchy_level,PASS,,The heading '5.3.2 Graphical Trend Monitoring View' is printed as a level 3 heading on p69 and hierarchy_level is 3. It sits one level below its parent sec_0061 (5.3 Monitor Views).,
DOC-0136477A,sec_0066,69,5.4-parent_child,PASS,,Parent is sec_0061 (5.3 Monitor Views) and the printed numbering matches that parent. The previous and next sections in the batch context are siblings or children in the right order.,
DOC-0136477A,sec_0066,69,5.4-page_start_end,PASS,,"The heading '5.3.2 Graphical Trend Monitoring View' is in the middle of p69, after the NOTE that belongs to sec_0065. The own text is #/texts/881-888 (intro, NOTE, Figure 5-6 caption, time scale text). The page_end 72 is the end of its last child. No foreign content is absorbed.",
DOC-0136477A,sec_0066,69,5.4-hierarchy_path,PASS,,hierarchy_path ends with '5.3.2 Graphical Trend Monitoring View' and its ancestors match the printed numbering and the parent chain (sec_0061 (5.3 Monitor Views)).,
DOC-0136477A,sec_0066,69,5.4-gaps_duplicates,PASS,,"On p69 the two intro paragraphs, the HPI NOTE, the Figure 5-6 caption and the time-scale paragraph are each in sec_0066 once. Children sec_0067-sec_0069 hold the sub-sections.",
DOC-0136477A,sec_0066,69,5.4-flagged_for_review,PASS,,flagged_for_review is false and verification_score is 100 for sec_0066. The title '5.3.2 Graphical Trend Monitoring View' is printed on the sampled render.,
DOC-0136477A,sec_0066,69,5.4-structural_source,PASS,,"structural_source is toc. The title '5.3.2 Graphical Trend Monitoring View' appears in the render at the page given by the bookmark, so the bookmark source is supported.",
DOC-0136477A,sec_0066,69,5.6-numbering_scheme,PASS,,"numbering_scheme is arabic. The printed folio on p69 is an arabic number, as in the whole chapter.",
DOC-0136477A,sec_0066,69,5.6-offset_applied,PASS,,"offset_applied is 0. The printed folio matches the physical page (p69), so no offset is needed.",
DOC-0136477A,sec_0066,69,5.5-filters_discarding,PASS,,Figure 5-6 (graphical trend screen) on p69 is kept as img_0039 (692x528). The picture shows the four trend graphs and the side buttons completely. No meaningful visual of this section is dropped.,
DOC-0136477A,sec_0066,69,5.5-filters_passing_noise,PASS,,"img_0039 is the Figure 5-6 screenshot only. No logo, rule or other noise is kept for sec_0066 on p69.",
DOC-0136477A,sec_0066,69,5.5-image_section_mapping,PASS,,"img_0039 (p69, Figure 5-6) is mapped to sec_0066, which owns the caption #/texts/886. The figures on p70 and p72 are mapped to the child sections.",
DOC-0136477A,sec_0068,71,5.4-hierarchy_level,PASS,,The heading '5.3.2.2 Intervention Events' is printed as a level 4 heading on p70 and hierarchy_level is 4. It sits one level below its parent sec_0066 (5.3.2).,
DOC-0136477A,sec_0068,71,5.4-parent_child,PASS,,Parent is sec_0066 (5.3.2) and the printed numbering matches that parent. The previous and next sections in the batch context are siblings or children in the right order.,
DOC-0136477A,sec_0068,71,5.4-page_start_end,PASS,,"The heading 5.3.2.2 is on p70 and the section ends on p72 with step 6, the enter icon and the Figure 5-8 caption (#/texts/925-927). The next heading 5.3.2.3 starts below on p72 and is in sec_0069. All nodes belong to 5.3.2.2.",
DOC-0136477A,sec_0068,71,5.4-hierarchy_path,PASS,,hierarchy_path ends with '5.3.2.2 Intervention Events' and its ancestors match the printed numbering and the parent chain (sec_0066 (5.3.2)).,
DOC-0136477A,sec_0068,71,5.4-gaps_duplicates,PASS,,"Steps 1 to 6, both Figure captions, the NOTE and Table 5-2 (#/tables/46) appear once in sec_0068. The lone '.' (#/texts/927) after step 6 is in the same section.",
DOC-0136477A,sec_0068,71,5.4-flagged_for_review,PASS,,flagged_for_review is false and verification_score is 100 for sec_0068. The title '5.3.2.2 Intervention Events' is printed on the sampled render.,
DOC-0136477A,sec_0068,71,5.4-structural_source,PASS,,"structural_source is toc. The title '5.3.2.2 Intervention Events' appears in the render at the page given by the bookmark, so the bookmark source is supported.",
DOC-0136477A,sec_0068,71,5.6-numbering_scheme,PASS,,"numbering_scheme is arabic. The printed folio on p71 is an arabic number, as in the whole chapter.",
DOC-0136477A,sec_0068,71,5.6-offset_applied,PASS,,"offset_applied is 0. The printed folio matches the physical page (p71), so no offset is needed.",
DOC-0136477A,sec_0068,71,5.6-table_content,FAIL,Low,"On p71 Table 5-2 (#/tables/46) has a header and 4 rows. Row names, color words and types are in the right columns. The type lines are joined by spaces, for example 'Inotrope Vasodilator Vasopressor PEEP'. The colored triangle pictures are not in the text.","Same as v1.12 (BUG-008). Not in the list of tables changed by BUG-030 and the text did not change. Values and order are kept and the color is written in the cell, so only Low."
DOC-0136477A,sec_0068,71,5.5-filters_discarding,FAIL,Low,"Figure 5-7 (img_0041) and Figure 5-8 (img_0042) are kept. Small icons are not extracted: the green enter icon (p71 steps 3 and 4, p72 step 6), the keyboard icon, the edit icon and the intervention indicator. The 4 triangle indicators in Table 5-2 are also not extracted.","Same as v1.12. Probably the small-image filter (BUG-017). Each icon is named in the text (for example 'enter icon') and the colors are named in Table 5-2, so impact is low."
DOC-0136477A,sec_0068,71,5.5-filters_passing_noise,PASS,,img_0041 is the Figure 5-7 window and img_0042 is the Figure 5-8 balloon. Both are real figures. No noise image is kept in sec_0068.,
DOC-0136477A,sec_0068,71,5.5-image_section_mapping,PASS,,img_0041 (p70) and img_0042 (p72) match the captions #/texts/898 and #/texts/926 in sec_0068. The p72 Figure 5-9 is in sec_0070 and not in this section.,
DOC-0136477A,sec_0072,74,5.4-hierarchy_level,PASS,,The heading '5.3.4 Graphical/Tabular Trends Split' is printed as a level 3 heading on p73 and hierarchy_level is 3. It sits one level below its parent sec_0061 (5.3).,
DOC-0136477A,sec_0072,74,5.4-parent_child,PASS,,Parent is sec_0061 (5.3) and the printed numbering matches that parent. The previous and next sections in the batch context are siblings or children in the right order.,
DOC-0136477A,sec_0072,74,5.4-page_start_end,PASS,,The heading 5.3.4 is at the bottom of p73. Its text continues at the top of p74 (#/texts/953) before the 5.3.5 heading. Only #/texts/949-953 are in the section. No node of 5.3.5 or 5.3.6 is absorbed.,
DOC-0136477A,sec_0072,74,5.4-hierarchy_path,PASS,,hierarchy_path ends with '5.3.4 Graphical/Tabular Trends Split' and its ancestors match the printed numbering and the parent chain (sec_0061 (5.3)).,
DOC-0136477A,sec_0072,74,5.4-gaps_duplicates,PASS,,The two paragraphs of 5.3.4 (#/texts/950 on p73 and #/texts/953 on p74) are in sec_0072 once. Nothing of the section is in a neighbour.,
DOC-0136477A,sec_0072,74,5.4-flagged_for_review,PASS,,flagged_for_review is false and verification_score is 100 for sec_0072. The title '5.3.4 Graphical/Tabular Trends Split' is printed on the sampled render.,
DOC-0136477A,sec_0072,74,5.4-structural_source,PASS,,"structural_source is toc. The title '5.3.4 Graphical/Tabular Trends Split' appears in the render at the page given by the bookmark, so the bookmark source is supported.",
DOC-0136477A,sec_0072,74,5.6-numbering_scheme,PASS,,"numbering_scheme is arabic. The printed folio on p74 is an arabic number, as in the whole chapter.",
DOC-0136477A,sec_0072,74,5.6-offset_applied,PASS,,"offset_applied is 0. The printed folio matches the physical page (p74), so no offset is needed.",
DOC-0136477A,sec_0072,74,5.5-filters_discarding,PASS,,"Section 5.3.4 has no figure of its own. On p74 the figures are Figure 5-11 (5.3.5) and Figure 5-12 (5.3.6), kept as img_0046 and img_0047. Nothing meaningful is dropped.",
DOC-0136477A,sec_0072,74,5.5-filters_passing_noise,PASS,,No image is mapped to sec_0072. No noise image is kept for this section on p73 or p74.,
DOC-0136477A,sec_0072,74,5.5-image_section_mapping,PASS,,p74 shows two figures. img_0046 is mapped to sec_0073 (5.3.5 Big Numbers) and img_0047 to sec_0074 (5.3.6 Physiology Screen). Both are right. sec_0072 has none and the render shows none under its heading.,
DOC-0136477A,sec_0082,80,5.4-hierarchy_level,PASS,,The heading '5.3.9 Goal Positioning Screen' is printed as a level 3 heading on p80 and hierarchy_level is 3. It sits one level below its parent sec_0061 (5.3).,
DOC-0136477A,sec_0082,80,5.4-parent_child,PASS,,Parent is sec_0061 (5.3) and the printed numbering matches that parent. The previous and next sections in the batch context are siblings or children in the right order.,
DOC-0136477A,sec_0082,80,5.4-page_start_end,PASS,,The heading 5.3.9 is at the top of p80 and the section ends with the bullet list after Figure 5-18 (#/texts/1053-1059). The next heading 5.4 is on a later page and is in sec_0083. All nodes #/texts/1040-1060 are on p80.,
DOC-0136477A,sec_0082,80,5.4-hierarchy_path,PASS,,hierarchy_path ends with '5.3.9 Goal Positioning Screen' and its ancestors match the printed numbering and the parent chain (sec_0061 (5.3)).,
DOC-0136477A,sec_0082,80,5.4-gaps_duplicates,PASS,,"The intro, steps 1 to 4, the Figure 5-18 caption and the bullet list are in sec_0082 once.",
DOC-0136477A,sec_0082,80,5.4-flagged_for_review,PASS,,flagged_for_review is false and verification_score is 100 for sec_0082. The title '5.3.9 Goal Positioning Screen' is printed on the sampled render.,
DOC-0136477A,sec_0082,80,5.4-structural_source,PASS,,"structural_source is toc. The title '5.3.9 Goal Positioning Screen' appears in the render at the page given by the bookmark, so the bookmark source is supported.",
DOC-0136477A,sec_0082,80,5.6-numbering_scheme,PASS,,"numbering_scheme is arabic. The printed folio on p80 is an arabic number, as in the whole chapter.",
DOC-0136477A,sec_0082,80,5.6-offset_applied,PASS,,"offset_applied is 0. The printed folio matches the physical page (p80), so no offset is needed.",
DOC-0136477A,sec_0082,80,5.5-filters_discarding,FAIL,Low,"Figure 5-18 (Goal positioning screen) is kept as img_0054 and is complete. Three small icons in the text are not extracted: the settings icon (step 1), the monitor screen selection icon and the trend interval icon.","Same as v1.12. Probably the small-image filter (BUG-017). Each icon is named in the text, so impact is low."
DOC-0136477A,sec_0082,80,5.5-filters_passing_noise,PASS,,img_0054 is the Figure 5-18 screenshot. No logo or other noise is kept in sec_0082.,
DOC-0136477A,sec_0082,80,5.5-image_section_mapping,PASS,,"img_0054 (p80, Figure 5-18) is mapped to sec_0082, which owns the caption #/texts/1052.",
DOC-0136477A,sec_0090,85,5.4-hierarchy_level,PASS,,The heading '5.5.1 Battery' is printed as a level 3 heading on p85 and hierarchy_level is 3. It sits one level below its parent sec_0089 (5.5 Information Bar).,
DOC-0136477A,sec_0090,85,5.4-parent_child,PASS,,Parent is sec_0089 (5.5 Information Bar) and the printed numbering matches that parent. The previous and next sections in the batch context are siblings or children in the right order.,
DOC-0136477A,sec_0090,85,5.4-page_start_end,PASS,,"The heading 5.5.1 is at the bottom of p85. The section continues on p86 with Table 5-5 and the WARNING (#/texts/1161-1165) and ends before the 5.5.2 heading, which is in sec_0091. No foreign node is absorbed.",
DOC-0136477A,sec_0090,85,5.4-hierarchy_path,PASS,,hierarchy_path ends with '5.5.1 Battery' and its ancestors match the printed numbering and the parent chain (sec_0089 (5.5 Information Bar)).,
DOC-0136477A,sec_0090,85,5.4-gaps_duplicates,PASS,,"Intro paragraph (p85), Table 5-5 caption, the body paragraph, the WARNING and #/tables/50 are in sec_0090 once. Figures 5-19 and 5-20 on p85 are in sec_0089, which owns the 5.5 heading above them.",
DOC-0136477A,sec_0090,85,5.4-flagged_for_review,PASS,,flagged_for_review is false and verification_score is 100 for sec_0090. The title '5.5.1 Battery' is printed on the sampled render.,
DOC-0136477A,sec_0090,85,5.4-structural_source,PASS,,"structural_source is toc. The title '5.5.1 Battery' appears in the render at the page given by the bookmark, so the bookmark source is supported.",
DOC-0136477A,sec_0090,85,5.6-numbering_scheme,PASS,,"numbering_scheme is arabic. The printed folio on p86 is an arabic number, as in the whole chapter.",
DOC-0136477A,sec_0090,85,5.6-offset_applied,PASS,,"offset_applied is 0. The printed folio matches the physical page (p86), so no offset is needed.",
DOC-0136477A,sec_0090,85,5.6-table_content,FAIL,Low,"On p86 Table 5-5 (#/tables/50) has 6 rows with the Indication text in the right order. The 'Battery symbol' column is empty in every row, but the render shows a battery picture in each row.","Same as v1.12. The pictures are not in the table text, so the row to symbol link is only by order. The meanings stay in the Indication text, so Low. Probably the small-image filter (BUG-017)."
DOC-0136477A,sec_0090,85,5.5-filters_discarding,FAIL,Low,The 6 battery symbol pictures in Table 5-5 on p86 are not in the image output. Figures 5-19 and 5-20 on p85 are kept as vector images img_0058 and img_0059 in sec_0089.,"Same as v1.12. Probably the small-image filter (BUG-017). The meaning of each symbol is in the Indication text, so impact is low. Figures 5-19 and 5-20 are not lost. verify_claims expects Critical for the two 705x30 rasters on p85, but they are the Figure 5-19 and 5-20 bars, kept as vector renders img_0058 and img_0059 in sec_0089."
DOC-0136477A,sec_0090,85,5.5-filters_passing_noise,PASS,,"No image is mapped to sec_0090. The two p85 vector images belong to sec_0089 and are real figures, not noise.",
DOC-0136477A,sec_0090,85,5.5-image_section_mapping,PASS,,"The only extracted images on p85 are img_0058 and img_0059 (Figures 5-19 and 5-20). They sit under the 5.5 heading, so sec_0089 is correct. No image of sec_0090 was extracted, which is graded in 5.5-filters_discarding.",
DOC-0136477A,sec_0103,94,5.4-hierarchy_level,PASS,,"On p94 the heading '6.2.1.1 Change Language' is shown as a level-4 heading, and sec_0103 has hierarchy_level 4, one below its parent '6.2.1 General Monitor Settings'.",
DOC-0136477A,sec_0103,94,5.4-parent_child,PASS,,"sec_0103 has parent_section_id sec_0102 ('6.2.1 General Monitor Settings'), which matches the printed numbering. It has no child sections, and the render of p94 shows no sub-heading that belongs below it.",
DOC-0136477A,sec_0103,94,5.4-page_start_end,PASS,,"sec_0103 runs p93 to p94 with 12 nodes. On the p94 render the nodes of sec_0103 start at its heading or continue from its own text, and end before the next heading. No text of a neighbour is absorbed and none of its own is lost.",
DOC-0136477A,sec_0103,94,5.4-hierarchy_path,PASS,,"hierarchy_path '/User Interface Settings/6.2 Monitor Settings/6.2.1 General Monitor Settings/6.2.1.1 Change Language' lists the chapter, parents and title in printed order. It matches the headings seen on p94.",
DOC-0136477A,sec_0103,94,5.4-gaps_duplicates,PASS,,The text on p94 that belongs to '6.2.1.1 Change Language' appears once in sec_0103 (semantic_order 1262 to 1273). Nothing is repeated in a neighbour and no printed paragraph of this section is missing.,
DOC-0136477A,sec_0103,94,5.4-flagged_for_review,PASS,,"sec_0103 has flagged_for_review=false and verification_score 100.0. The heading is found on the rendered page, so no flag is needed.",
DOC-0136477A,sec_0103,94,5.4-structural_source,PASS,,structural_source is 'toc'. The title '6.2.1.1 Change Language' is a printed heading and matches the embedded bookmark.,
DOC-0136477A,sec_0103,94,5.6-numbering_scheme,PASS,,The page folio on p94 is a plain arabic number and matches numbering_scheme 'arabic'.,
DOC-0136477A,sec_0103,94,5.6-offset_applied,PASS,,"The folio printed on p94 equals the physical page number, so offset_applied=0 is right.",
DOC-0136477A,sec_0103,94,5.5-filters_discarding,FAIL,Low,Figure 6-4 is kept as img_0070 and is complete. The settings icon in step 1 (p93) and the home icon in step 5 (p94) are not in images.json.,"BUG-017: small icons are probably dropped by the size filter. The text names each icon, so the meaning is kept. Same defect as v1.12; not a regression."
DOC-0136477A,sec_0103,94,5.5-filters_passing_noise,PASS,,"The only image on these pages is img_0070 (Figure 6-4, p94), which is real content. No rule or logo is kept as an image.",
DOC-0136477A,sec_0103,94,5.5-image_section_mapping,PASS,,"Figure 6-4 on p94 is img_0070 and is mapped to sec_0103, where it is printed (after step 3). Figure 6-3 (img_0069) is on p93 above the 6.2.1 heading and is mapped to sec_0101, which is correct.",
DOC-0136477A,sec_0106,96,5.4-hierarchy_level,PASS,,"On p96 the heading '6.2.3 Monitoring Screens Settings' is shown as a level-3 heading, and sec_0106 has hierarchy_level 3, one below its parent '6.2 Monitor Settings'.",
DOC-0136477A,sec_0106,96,5.4-parent_child,PASS,,"sec_0106 has parent_section_id sec_0101 ('6.2 Monitor Settings'), which matches the printed numbering. It has no child sections, and the render of p96 shows no sub-heading that belongs below it.",
DOC-0136477A,sec_0106,96,5.4-page_start_end,PASS,,"sec_0106 runs p95 to p96 with 13 nodes. On the p96 render the nodes of sec_0106 start at its heading or continue from its own text, and end before the next heading. No text of a neighbour is absorbed and none of its own is lost.",
DOC-0136477A,sec_0106,96,5.4-hierarchy_path,PASS,,"hierarchy_path '/User Interface Settings/6.2 Monitor Settings/6.2.3 Monitoring Screens Settings' lists the chapter, parents and title in printed order. It matches the headings seen on p96.",
DOC-0136477A,sec_0106,96,5.4-gaps_duplicates,PASS,,The text on p96 that belongs to '6.2.3 Monitoring Screens Settings' appears once in sec_0106 (semantic_order 1298 to 1310). Nothing is repeated in a neighbour and no printed paragraph of this section is missing.,
DOC-0136477A,sec_0106,96,5.4-flagged_for_review,PASS,,"sec_0106 has flagged_for_review=false and verification_score 100.0. The heading is found on the rendered page, so no flag is needed.",
DOC-0136477A,sec_0106,96,5.4-structural_source,PASS,,structural_source is 'toc'. The title '6.2.3 Monitoring Screens Settings' is a printed heading and matches the embedded bookmark.,
DOC-0136477A,sec_0106,96,5.6-numbering_scheme,PASS,,The page folio on p96 is a plain arabic number and matches numbering_scheme 'arabic'.,
DOC-0136477A,sec_0106,96,5.6-offset_applied,PASS,,"The folio printed on p96 equals the physical page number, so offset_applied=0 is right.",
DOC-0136477A,sec_0106,96,5.5-filters_discarding,FAIL,Low,On p96 the settings icon (step 1) and the home icon (step 7) are inline in the steps. images.json has no image for them. The step text names each icon.,"BUG-017: small icons are probably dropped by the size filter. The text names each icon, so the meaning is kept. Same defect as v1.12; not a regression."
DOC-0136477A,sec_0106,96,5.5-filters_passing_noise,PASS,,"images.json has no image for sec_0106 on p96 that is a rule, logo or other decoration. No noise image is kept.",
DOC-0136477A,sec_0106,96,5.5-image_section_mapping,PASS,,"p96 has no figure. Figure 6-5 (img_0071, p95) is mapped to sec_0104, where it is printed, not to sec_0106.",
DOC-0136477A,sec_0108,98,5.4-hierarchy_level,PASS,,"On p98 the heading '6.2.5 Analog Pressure Signal Input' is shown as a level-3 heading, and sec_0108 has hierarchy_level 3, one below its parent '6.2 Monitor Settings'.",
DOC-0136477A,sec_0108,98,5.4-parent_child,PASS,,"sec_0108 has parent_section_id sec_0101 ('6.2 Monitor Settings'), which matches the printed numbering. Its children sec_0109 are its printed sub-sections.",
DOC-0136477A,sec_0108,98,5.4-page_start_end,PASS,,"sec_0108 runs p97 to p101 with 51 nodes. On the p98 render the nodes of sec_0108 start at its heading or continue from its own text, and end before the next heading. No text of a neighbour is absorbed and none of its own is lost.",
DOC-0136477A,sec_0108,98,5.4-hierarchy_path,PASS,,"hierarchy_path '/User Interface Settings/6.2 Monitor Settings/6.2.5 Analog Pressure Signal Input' lists the chapter, parents and title in printed order. It matches the headings seen on p98.",
DOC-0136477A,sec_0108,98,5.4-gaps_duplicates,PASS,,The text on p98 that belongs to '6.2.5 Analog Pressure Signal Input' appears once in sec_0108 (semantic_order 1342 to 1392). Nothing is repeated in a neighbour and no printed paragraph of this section is missing.,
DOC-0136477A,sec_0108,98,5.4-flagged_for_review,PASS,,"sec_0108 has flagged_for_review=false and verification_score 100.0. The heading is found on the rendered page, so no flag is needed.",
DOC-0136477A,sec_0108,98,5.4-structural_source,PASS,,structural_source is 'toc'. The title '6.2.5 Analog Pressure Signal Input' is a printed heading and matches the embedded bookmark.,
DOC-0136477A,sec_0108,98,5.6-numbering_scheme,PASS,,The page folio on p98 is a plain arabic number and matches numbering_scheme 'arabic'.,
DOC-0136477A,sec_0108,98,5.6-offset_applied,PASS,,"The folio printed on p98 equals the physical page number, so offset_applied=0 is right.",
DOC-0136477A,sec_0108,98,5.6-table_content,PASS,,"#/tables/53 (Table 6-2, p99) has the header Parameter | Full Scale Range and rows MAP and CVP with their mmHg and kPa ranges, which is consistent with its caption and the voltage list nodes #/texts/1397-1400. The p99 render is not in this batch, so I could not compare it cell by cell.",No p99 image available for the table. This table was not in the list of changed tables.
DOC-0136477A,sec_0108,98,5.5-filters_discarding,FAIL,Low,On p98 the settings icon in step 1 is inline in the step. images.json has no image for it. The text says 'Touch the settings icon'.,"BUG-017: small icons are probably dropped by the size filter. The text names each icon, so the meaning is kept. Same defect as v1.12; not a regression."
DOC-0136477A,sec_0108,98,5.5-filters_passing_noise,PASS,,"images.json has no image for sec_0108 on p98 that is a rule, logo or other decoration. No noise image is kept.",
DOC-0136477A,sec_0108,98,5.5-image_section_mapping,PASS,,"p98 has no figure for sec_0108 and images.json lists none for it, so there is nothing to map wrongly.",
DOC-0136477A,sec_0109,100,5.4-hierarchy_level,PASS,,"On p100 the heading '6.2.5.1 Calibration' is shown as a level-4 heading, and sec_0109 has hierarchy_level 4, one below its parent '6.2.5 Analog Pressure Signal Input'.",
DOC-0136477A,sec_0109,100,5.4-parent_child,PASS,,"sec_0109 has parent_section_id sec_0108 ('6.2.5 Analog Pressure Signal Input'), which matches the printed numbering. It has no child sections, and the render of p100 shows no sub-heading that belongs below it.",
DOC-0136477A,sec_0109,100,5.4-page_start_end,PASS,,"sec_0109 runs p100 to p101 with 25 nodes. On the p100 render the nodes of sec_0109 start at its heading or continue from its own text, and end before the next heading. No text of a neighbour is absorbed and none of its own is lost.",
DOC-0136477A,sec_0109,100,5.4-hierarchy_path,PASS,,"hierarchy_path '/User Interface Settings/6.2 Monitor Settings/6.2.5 Analog Pressure Signal Input/6.2.5.1 Calibration' lists the chapter, parents and title in printed order. It matches the headings seen on p100.",
DOC-0136477A,sec_0109,100,5.4-gaps_duplicates,PASS,,The text on p100 that belongs to '6.2.5.1 Calibration' appears once in sec_0109 (semantic_order 1393 to 1417). Nothing is repeated in a neighbour and no printed paragraph of this section is missing.,
DOC-0136477A,sec_0109,100,5.4-flagged_for_review,PASS,,"sec_0109 has flagged_for_review=false and verification_score 100.0. The heading is found on the rendered page, so no flag is needed.",
DOC-0136477A,sec_0109,100,5.4-structural_source,PASS,,structural_source is 'toc'. The title '6.2.5.1 Calibration' is a printed heading and matches the embedded bookmark.,
DOC-0136477A,sec_0109,100,5.6-numbering_scheme,PASS,,The page folio on p100 is a plain arabic number and matches numbering_scheme 'arabic'.,
DOC-0136477A,sec_0109,100,5.6-offset_applied,PASS,,"The folio printed on p100 equals the physical page number, so offset_applied=0 is right.",
DOC-0136477A,sec_0109,100,5.5-filters_discarding,FAIL,Low,On p100 the settings icon (step 1) and the home icon (step 11) are inline in the steps. images.json has no image for them. The text names each icon.,"BUG-017: small icons are probably dropped by the size filter. The text names each icon, so the meaning is kept. Same defect as v1.12; not a regression."
DOC-0136477A,sec_0109,100,5.5-filters_passing_noise,PASS,,"images.json has no image for sec_0109 on p100 that is a rule, logo or other decoration. No noise image is kept.",
DOC-0136477A,sec_0109,100,5.5-image_section_mapping,PASS,,"p100 has no figure for sec_0109 and images.json lists none for it, so there is nothing to map wrongly.",
DOC-0136477A,sec_0113,103,5.4-hierarchy_level,PASS,,"On p103 the heading '7.1.1.1 Physiological Alarms' is shown as a level-4 heading, and sec_0113 has hierarchy_level 4, one below its parent '7.1.1 Silence Alarms'.",
DOC-0136477A,sec_0113,103,5.4-parent_child,PASS,,"sec_0113 has parent_section_id sec_0112 ('7.1.1 Silence Alarms'), which matches the printed numbering. It has no child sections, and the render of p103 shows no sub-heading that belongs below it.",
DOC-0136477A,sec_0113,103,5.4-page_start_end,PASS,,"sec_0113 runs p103 to p104 with 11 nodes. On the p103 render the nodes of sec_0113 start at its heading or continue from its own text, and end before the next heading. No text of a neighbour is absorbed and none of its own is lost.",
DOC-0136477A,sec_0113,103,5.4-hierarchy_path,PASS,,"hierarchy_path '/Advanced Settings/7.1 Alarms / Targets/7.1.1 Silence Alarms/7.1.1.1 Physiological Alarms' lists the chapter, parents and title in printed order. It matches the headings seen on p103.",
DOC-0136477A,sec_0113,103,5.4-gaps_duplicates,PASS,,The text on p103 that belongs to '7.1.1.1 Physiological Alarms' appears once in sec_0113 (semantic_order 1445 to 1455). Nothing is repeated in a neighbour and no printed paragraph of this section is missing.,
DOC-0136477A,sec_0113,103,5.4-flagged_for_review,PASS,,"sec_0113 has flagged_for_review=false and verification_score 100.0. The heading is found on the rendered page, so no flag is needed.",
DOC-0136477A,sec_0113,103,5.4-structural_source,PASS,,structural_source is 'toc'. The title '7.1.1.1 Physiological Alarms' is a printed heading and matches the embedded bookmark.,
DOC-0136477A,sec_0113,103,5.6-numbering_scheme,PASS,,The page folio on p103 is a plain arabic number and matches numbering_scheme 'arabic'.,
DOC-0136477A,sec_0113,103,5.6-offset_applied,PASS,,"The folio printed on p103 equals the physical page number, so offset_applied=0 is right.",
DOC-0136477A,sec_0113,103,5.6-table_content,PASS,,"On p103 the NOTE box (Physiological parameters can be configured to have no alarms. See sections 7.1.5 and 7.1.6.) is kept as #/tables/56 with two cells, NOTE and the text. The text is complete and in order.",A NOTE box read as a table is harmless here; no information is lost.
DOC-0136477A,sec_0113,103,5.5-filters_discarding,FAIL,Low,On p103 the red silence audible alarms icon is inline in the text of 7.1.1.1. images.json has no image for it. The text names it as the 'silence audible alarms icon'.,"BUG-017: small icons are probably dropped by the size filter. The text names each icon, so the meaning is kept. Same defect as v1.12; not a regression."
DOC-0136477A,sec_0113,103,5.5-filters_passing_noise,PASS,,"images.json has no image for sec_0113 on p103 that is a rule, logo or other decoration. No noise image is kept.",
DOC-0136477A,sec_0113,103,5.5-image_section_mapping,PASS,,"p103 has no figure for sec_0113 and images.json lists none for it, so there is nothing to map wrongly.",
DOC-0136477A,sec_0121,110,5.4-hierarchy_level,PASS,,"On p110 the heading '7.3 Serial Port Setup' is shown as a level-2 heading, and sec_0121 has hierarchy_level 2, one below its parent 'Advanced Settings'.",
DOC-0136477A,sec_0121,110,5.4-parent_child,PASS,,"sec_0121 has parent_section_id sec_0110 ('Advanced Settings'), which matches the printed numbering. It has no child sections, and the render of p110 shows no sub-heading that belongs below it.",
DOC-0136477A,sec_0121,110,5.4-page_start_end,PASS,,"sec_0121 runs p110 to p110 with 12 nodes. On the p110 render the nodes of sec_0121 start at its heading or continue from its own text, and end before the next heading. No text of a neighbour is absorbed and none of its own is lost.",
DOC-0136477A,sec_0121,110,5.4-hierarchy_path,PASS,,"hierarchy_path '/Advanced Settings/7.3 Serial Port Setup' lists the chapter, parents and title in printed order. It matches the headings seen on p110.",
DOC-0136477A,sec_0121,110,5.4-gaps_duplicates,PASS,,The text on p110 that belongs to '7.3 Serial Port Setup' appears once in sec_0121 (semantic_order 1566 to 1577). Nothing is repeated in a neighbour and no printed paragraph of this section is missing.,
DOC-0136477A,sec_0121,110,5.4-flagged_for_review,PASS,,"sec_0121 has flagged_for_review=false and verification_score 100.0. The heading is found on the rendered page, so no flag is needed.",
DOC-0136477A,sec_0121,110,5.4-structural_source,PASS,,structural_source is 'toc'. The title '7.3 Serial Port Setup' is a printed heading and matches the embedded bookmark.,
DOC-0136477A,sec_0121,110,5.6-numbering_scheme,PASS,,The page folio on p110 is a plain arabic number and matches numbering_scheme 'arabic'.,
DOC-0136477A,sec_0121,110,5.6-offset_applied,PASS,,"The folio printed on p110 equals the physical page number, so offset_applied=0 is right.",
DOC-0136477A,sec_0121,110,5.5-filters_discarding,FAIL,Low,"On p110 the return icon (intro), the settings icon (step 1) and the return icon (step 5) are inline. images.json has no image for them. The text names each icon.","BUG-017: small icons are probably dropped by the size filter. The text names each icon, so the meaning is kept. Same defect as v1.12; not a regression."
DOC-0136477A,sec_0121,110,5.5-filters_passing_noise,PASS,,"images.json has no image for sec_0121 on p110 that is a rule, logo or other decoration. No noise image is kept.",
DOC-0136477A,sec_0121,110,5.5-image_section_mapping,PASS,,"p110 has no figure for sec_0121 and images.json lists none for it, so there is nothing to map wrongly.",
DOC-0136477A,sec_0123,111,5.4-hierarchy_level,PASS,,"On p111 the heading '7.5 Engineering' is shown as a level-2 heading, and sec_0123 has hierarchy_level 2, one below its parent 'Advanced Settings'.",
DOC-0136477A,sec_0123,111,5.4-parent_child,PASS,,"sec_0123 has parent_section_id sec_0110 ('Advanced Settings'), which matches the printed numbering. It has no child sections, and the render of p111 shows no sub-heading that belongs below it.",
DOC-0136477A,sec_0123,111,5.4-page_start_end,PASS,,"sec_0123 runs p111 to p111 with 3 nodes. On the p111 render the nodes of sec_0123 start at its heading or continue from its own text, and end before the next heading. No text of a neighbour is absorbed and none of its own is lost.",
DOC-0136477A,sec_0123,111,5.4-hierarchy_path,PASS,,"hierarchy_path '/Advanced Settings/7.5 Engineering' lists the chapter, parents and title in printed order. It matches the headings seen on p111.",
DOC-0136477A,sec_0123,111,5.4-gaps_duplicates,PASS,,The text on p111 that belongs to '7.5 Engineering' appears once in sec_0123 (semantic_order 1599 to 1601). Nothing is repeated in a neighbour and no printed paragraph of this section is missing.,
DOC-0136477A,sec_0123,111,5.4-flagged_for_review,PASS,,"sec_0123 has flagged_for_review=false and verification_score 100.0. The heading is found on the rendered page, so no flag is needed.",
DOC-0136477A,sec_0123,111,5.4-structural_source,PASS,,structural_source is 'toc'. The title '7.5 Engineering' is a printed heading and matches the embedded bookmark.,
DOC-0136477A,sec_0123,111,5.6-numbering_scheme,PASS,,The page folio on p111 is a plain arabic number and matches numbering_scheme 'arabic'.,
DOC-0136477A,sec_0123,111,5.6-offset_applied,PASS,,"The folio printed on p111 equals the physical page number, so offset_applied=0 is right.",
DOC-0136477A,sec_0123,111,5.5-filters_discarding,PASS,,On p111 the Engineering section has only a heading and one paragraph. There is no figure or icon to extract.,
DOC-0136477A,sec_0123,111,5.5-filters_passing_noise,PASS,,"images.json has no image for sec_0123 on p111 that is a rule, logo or other decoration. No noise image is kept.",
DOC-0136477A,sec_0123,111,5.5-image_section_mapping,PASS,,"p111 has no figure for sec_0123 and images.json lists none for it, so there is nothing to map wrongly.",
DOC-0136477A,sec_0128,114,5.4-hierarchy_level,PASS,,"On p114 the heading '8.2.1 Restore Factory Defaults' is a bold sans-serif sub-subsection heading, smaller than the 8.2 heading above it. The tree has hierarchy_level 3, which fits its numbering depth and its parent.",
DOC-0136477A,sec_0128,114,5.4-parent_child,PASS,,The parent is sec_0127 (8.2 Clear Data and Settings). The numbering and the printed heading order match this nesting.,
DOC-0136477A,sec_0128,114,5.4-page_start_end,PASS,,"sec_0128 holds the 8.2.1 heading, intro and CAUTION box on p113 and steps 1-7 on p114 (#/texts/1655-1667). The 8.1 text above the heading and the 8.3 heading below step 7 are in other sections. The p113 folio and p114 running header are inside the body, not across a boundary.",
DOC-0136477A,sec_0128,114,5.4-hierarchy_path,PASS,,The path ends in '8.2.1 Restore Factory Defaults' under sec_0127 (8.2 Clear Data and Settings). This is the same chain of headings printed in the document.,
DOC-0136477A,sec_0128,114,5.4-gaps_duplicates,PASS,,Steps 1-7 and the CAUTION box appear once in sec_0128. 8.3 Wireless Settings and its table are in sec_0129 only.,
DOC-0136477A,sec_0128,114,5.4-flagged_for_review,PASS,,"sec_0128 has flagged_for_review false. The heading is clear on p114 and its title matches the TOC entry, so no flag is needed.",
DOC-0136477A,sec_0128,114,5.4-structural_source,PASS,,"structural_source is 'toc'. The printed heading '8.2.1 Restore Factory Defaults' on the render matches the bookmark title, so the TOC source is supported.",
DOC-0136477A,sec_0128,114,5.6-numbering_scheme,PASS,,The printed folio on p114 is an arabic number and the section numbers use dotted arabic digits. The numbering_scheme 'arabic' is correct.,
DOC-0136477A,sec_0128,114,5.6-offset_applied,PASS,,"The printed folio on p114 equals the physical page number, so offset_applied 0 is correct.",
DOC-0136477A,sec_0128,114,5.5-filters_discarding,FAIL,Low,On p114 step 1 has a small inline settings icon after 'Touch the settings icon'. It has no image entry in images.json. The text names the icon.,"BUG-017: small icons are probably dropped by the pixel-size filter. The meaning is stated in the text, so impact is small."
DOC-0136477A,sec_0128,114,5.5-filters_passing_noise,PASS,,No image is mapped to sec_0128. The footer rule and folio on p113 and p114 are not kept as images.,
DOC-0136477A,sec_0128,114,5.5-image_section_mapping,PASS,,The visuals in 8.2.1 are only inline icons. The Wi-Fi table icons on p114 belong to 8.3. No image is mapped to a wrong section.,
DOC-0136477A,sec_0138,120,5.4-hierarchy_level,PASS,,"On p120 the heading '9.1.1 Patient CCO Cable Test' is a bold sans-serif sub-subsection heading, smaller than the 9.1 heading. The tree has hierarchy_level 3, which fits its numbering depth and its parent.",
DOC-0136477A,sec_0138,120,5.4-parent_child,PASS,,The parent is sec_0137 (9.1 Connecting the HemoSphere Swan-Ganz Module). The numbering and the printed heading order match this nesting.,
DOC-0136477A,sec_0138,120,5.4-page_start_end,PASS,,"The p120 part of sec_0138 is the 9.1.1 heading (#/texts/1754) and one paragraph (#/texts/1755), below step 5. The Table 9-1, NOTE and step 5 above it belong to 9.1 and are in sec_0137. The p121 part ends at step 5 before the 9.2 heading.",
DOC-0136477A,sec_0138,120,5.4-hierarchy_path,PASS,,The path ends in '9.1.1 Patient CCO Cable Test' under sec_0137 (9.1 Connecting the HemoSphere Swan-Ganz Module). This is the same chain of headings printed in the document.,
DOC-0136477A,sec_0138,120,5.4-gaps_duplicates,PASS,,"On p120 the 9.1.1 heading and its paragraph appear once, in sec_0138. Table 9-1 is in sec_0137 only. Nothing of 9.1.1 is in sec_0137 or sec_0139.",
DOC-0136477A,sec_0138,120,5.4-flagged_for_review,PASS,,"sec_0138 has flagged_for_review false. The heading is clear on p120 and its title matches the TOC entry, so no flag is needed.",
DOC-0136477A,sec_0138,120,5.4-structural_source,PASS,,"structural_source is 'toc'. The printed heading '9.1.1 Patient CCO Cable Test' on the render matches the bookmark title, so the TOC source is supported.",
DOC-0136477A,sec_0138,120,5.6-numbering_scheme,PASS,,The printed folio on p120 is an arabic number and the section numbers use dotted arabic digits. The numbering_scheme 'arabic' is correct.,
DOC-0136477A,sec_0138,120,5.6-offset_applied,PASS,,"The printed folio on p120 equals the physical page number, so offset_applied 0 is correct.",
DOC-0136477A,sec_0138,120,5.5-filters_discarding,PASS,,The p120 part of 9.1.1 is plain text with no icon or figure. The Table 9-1 icon-free cells are in sec_0137. Nothing meaningful is dropped here.,
DOC-0136477A,sec_0138,120,5.5-filters_passing_noise,PASS,,No image is kept for the p120 part of sec_0138. The footer rule and folio are not extracted as images.,
DOC-0136477A,sec_0138,120,5.5-image_section_mapping,PASS,,There is no figure in the p120 part of 9.1.1. Figure 9-2 (img_0080) is on p121 and is mapped to sec_0138.,
DOC-0136477A,sec_0138,121,5.4-hierarchy_level,PASS,,"On p121 the heading '9.1.1 Patient CCO Cable Test' is a bold sans-serif sub-subsection heading, smaller than the 9.1 heading. The tree has hierarchy_level 3, which fits its numbering depth and its parent.",
DOC-0136477A,sec_0138,121,5.4-parent_child,PASS,,The parent is sec_0137 (9.1 Connecting the HemoSphere Swan-Ganz Module). The numbering and the printed heading order match this nesting.,
DOC-0136477A,sec_0138,121,5.4-page_start_end,PASS,,"On p121 the nodes #/texts/1757-1767 (access text, Figure 9-2 caption, steps 1-5) are 9.1.1 content. The 9.2 heading and 9.2.1 step 1 below them are not in sec_0138. Only the running header and the p120 folio are boilerplate inside the section.",
DOC-0136477A,sec_0138,121,5.4-hierarchy_path,PASS,,The path ends in '9.1.1 Patient CCO Cable Test' under sec_0137 (9.1 Connecting the HemoSphere Swan-Ganz Module). This is the same chain of headings printed in the document.,
DOC-0136477A,sec_0138,121,5.4-gaps_duplicates,PASS,,"Steps 1-5 on p121 appear once, in sec_0138. The 9.2 text below is in sec_0139. No overlap or missing text found.",
DOC-0136477A,sec_0138,121,5.4-flagged_for_review,PASS,,"sec_0138 has flagged_for_review false. The heading is clear on p121 and its title matches the TOC entry, so no flag is needed.",
DOC-0136477A,sec_0138,121,5.4-structural_source,PASS,,"structural_source is 'toc'. The printed heading '9.1.1 Patient CCO Cable Test' on the render matches the bookmark title, so the TOC source is supported.",
DOC-0136477A,sec_0138,121,5.6-numbering_scheme,PASS,,The printed folio on p121 is an arabic number and the section numbers use dotted arabic digits. The numbering_scheme 'arabic' is correct.,
DOC-0136477A,sec_0138,121,5.6-offset_applied,PASS,,"The printed folio on p121 equals the physical page number, so offset_applied 0 is correct.",
DOC-0136477A,sec_0138,121,5.5-filters_discarding,FAIL,Low,"On p121 the first paragraph has 3 inline icons (clinical actions, More, Patient CCO Cable Test) and step 5 has an enter icon. None of them is extracted. Figure 9-2 is extracted as img_0080.","Small inline icons dropped by the size filter (probably BUG-017). Their names are written in the text, so no information is lost."
DOC-0136477A,sec_0138,121,5.5-filters_passing_noise,PASS,,"Only img_0080 (Figure 9-2, the cable test diagram) is kept for sec_0138. It is a real figure, not noise. No logo or rule is kept.",
DOC-0136477A,sec_0138,121,5.5-image_section_mapping,PASS,,Figure 9-2 on p121 sits under 9.1.1 and img_0080 is mapped to sec_0138. The crop shows the three numbered ports and the cable fully.,
DOC-0136477A,sec_0142,123,5.4-hierarchy_level,PASS,,"On p123 the heading '9.2.3 Thermal Signal Conditions' is a bold sans-serif sub-subsection heading in the 9.2 section. The tree has hierarchy_level 3, which fits its numbering depth and its parent.",
DOC-0136477A,sec_0142,123,5.4-parent_child,PASS,,The parent is sec_0139 (9.2 Continuous Cardiac Output). The numbering and the printed heading order match this nesting.,
DOC-0136477A,sec_0142,123,5.4-page_start_end,PASS,,The p123 part of sec_0142 starts at the 9.2.3 heading (#/texts/1795) and ends with the sentence about resuming monitoring (#/texts/1799). The NOTE above it belongs to 9.2.2. The 9.2.4 heading and text below are not in sec_0142.,
DOC-0136477A,sec_0142,123,5.4-hierarchy_path,PASS,,The path ends in '9.2.3 Thermal Signal Conditions' under sec_0139 (9.2 Continuous Cardiac Output). This is the same chain of headings printed in the document.,
DOC-0136477A,sec_0142,123,5.4-gaps_duplicates,PASS,,"The 9.2.3 intro, Table 9-2 caption, table and fault paragraph appear once, in sec_0142. Nothing is repeated in sec_0141 or sec_0143.",
DOC-0136477A,sec_0142,123,5.4-flagged_for_review,PASS,,"sec_0142 has flagged_for_review false. The heading is clear on p123 and its title matches the TOC entry, so no flag is needed.",
DOC-0136477A,sec_0142,123,5.4-structural_source,PASS,,"structural_source is 'toc'. The printed heading '9.2.3 Thermal Signal Conditions' on the render matches the bookmark title, so the TOC source is supported.",
DOC-0136477A,sec_0142,123,5.6-numbering_scheme,PASS,,The printed folio on p123 is an arabic number and the section numbers use dotted arabic digits. The numbering_scheme 'arabic' is correct.,
DOC-0136477A,sec_0142,123,5.6-offset_applied,PASS,,"The printed folio on p123 equals the physical page number, so offset_applied 0 is correct.",
DOC-0136477A,sec_0142,123,5.6-table_content,PASS,,"Table 9-2 (#/tables/64) on p123 has the 4 time values per row under the right columns (3½ / 6 / 15 / 30 minutes and 5 seconds / na / 6 / 20 minutes). The header 'Alert CO' spans two columns, so a blank header cell appears, but values keep their column. Table is not in the changed-table list.",Merged header cells only. Values and order are kept.
DOC-0136477A,sec_0142,123,5.5-filters_discarding,FAIL,Low,On p123 the text 'touching the start monitoring icon' is followed by a green start monitoring icon (#/texts/1799). It is not extracted. There is no figure on this page for sec_0142. images.json lists no image for it.,"Small inline icon dropped by the size filter (probably BUG-017). The name is in the text, so no information is lost."
DOC-0136477A,sec_0142,123,5.5-filters_passing_noise,PASS,,No image is kept for sec_0142. The p123 page has no logo or rule extracted as an image.,
DOC-0136477A,sec_0142,123,5.5-image_section_mapping,PASS,,"There is no figure in 9.2.3 on p123 and images.json lists none for sec_0142. The only visuals are inline icons, graded under filters_discarding.",
DOC-0136477A,sec_0156,131,5.4-hierarchy_level,PASS,,"On p131 the heading '9.4.2 Connecting the ECG Interface Cable' is a bold sans-serif sub-subsection heading at the bottom of p130. The tree has hierarchy_level 3, which fits its numbering depth and its parent.",
DOC-0136477A,sec_0156,131,5.4-parent_child,PASS,,The parent is sec_0154 (9.4 EDV/RVEF Monitoring). The numbering and the printed heading order match this nesting.,
DOC-0136477A,sec_0156,131,5.4-page_start_end,PASS,,"sec_0156 holds the 9.4.2 heading and a sentence on p130 and the cable text with IMPORTANT NOTE, WARNING and NOTE boxes on p131 (#/texts/1942-1959). 9.4.3 starts on p132 in sec_0157. The NOTE heading (#/texts/1958) comes after its body text, but both are in the same section.",
DOC-0136477A,sec_0156,131,5.4-hierarchy_path,PASS,,The path ends in '9.4.2 Connecting the ECG Interface Cable' under sec_0154 (9.4 EDV/RVEF Monitoring). This is the same chain of headings printed in the document.,
DOC-0136477A,sec_0156,131,5.4-gaps_duplicates,PASS,,The p131 boxes appear once in sec_0156. Nothing from 9.4.2 is in sec_0155 or sec_0157.,
DOC-0136477A,sec_0156,131,5.4-flagged_for_review,PASS,,"sec_0156 has flagged_for_review false. The heading is clear on p131 and its title matches the TOC entry, so no flag is needed.",
DOC-0136477A,sec_0156,131,5.4-structural_source,PASS,,"structural_source is 'toc'. The printed heading '9.4.2 Connecting the ECG Interface Cable' on the render matches the bookmark title, so the TOC source is supported.",
DOC-0136477A,sec_0156,131,5.6-numbering_scheme,PASS,,The printed folio on p131 is an arabic number and the section numbers use dotted arabic digits. The numbering_scheme 'arabic' is correct.,
DOC-0136477A,sec_0156,131,5.6-offset_applied,PASS,,"The printed folio on p131 equals the physical page number, so offset_applied 0 is correct.",
DOC-0136477A,sec_0156,131,5.5-filters_discarding,FAIL,Low,The p130 part of sec_0156 ends with a tiny 'ECG' pictogram with an arrow after 'rear panel of the HemoSphere advanced monitor'. It has no image entry in images.json. p131 has no icon.,"Small pictogram dropped by the size filter (probably BUG-017). Not a lost figure, so Low, not Critical. The text already says 'ECG monitor input', so the meaning is kept. Lower confidence because the pictogram is tiny and sits on p130, not the sampled page."
DOC-0136477A,sec_0156,131,5.5-filters_passing_noise,PASS,,No image is mapped to sec_0156. No logo or rule is kept as an image.,
DOC-0136477A,sec_0156,131,5.5-image_section_mapping,PASS,,Figure 9-7 on p130 is printed under 9.4.1 and img_0087 is mapped to sec_0155. That is correct. p131 has no figure.,
DOC-0136477A,sec_0159,133,5.4-hierarchy_level,PASS,,"On p133 the heading '9.4.5 STAT EDV and RVEF' is a bold sans-serif sub-subsection heading in the lower half of p133. The tree has hierarchy_level 3, which fits its numbering depth and its parent.",
DOC-0136477A,sec_0159,133,5.4-parent_child,PASS,,The parent is sec_0154 (9.4 EDV/RVEF Monitoring). The numbering and the printed heading order match this nesting.,
DOC-0136477A,sec_0159,133,5.4-page_start_end,PASS,,sec_0159 holds only the 9.4.5 heading (#/texts/1996) and its paragraph (#/texts/1997) on p133. The 9.4.4 text above and the 9.5 SVR heading below are in other sections.,
DOC-0136477A,sec_0159,133,5.4-hierarchy_path,PASS,,The path ends in '9.4.5 STAT EDV and RVEF' under sec_0154 (9.4 EDV/RVEF Monitoring). This is the same chain of headings printed in the document.,
DOC-0136477A,sec_0159,133,5.4-gaps_duplicates,PASS,,The 9.4.5 paragraph appears once in sec_0159. The section is not empty. Nothing is duplicated in sec_0158 or sec_0160.,
DOC-0136477A,sec_0159,133,5.4-flagged_for_review,PASS,,"sec_0159 has flagged_for_review false. The heading is clear on p133 and its title matches the TOC entry, so no flag is needed.",
DOC-0136477A,sec_0159,133,5.4-structural_source,PASS,,"structural_source is 'toc'. The printed heading '9.4.5 STAT EDV and RVEF' on the render matches the bookmark title, so the TOC source is supported.",
DOC-0136477A,sec_0159,133,5.6-numbering_scheme,PASS,,The printed folio on p133 is an arabic number and the section numbers use dotted arabic digits. The numbering_scheme 'arabic' is correct.,
DOC-0136477A,sec_0159,133,5.6-offset_applied,PASS,,"The printed folio on p133 equals the physical page number, so offset_applied 0 is correct.",
DOC-0136477A,sec_0159,133,5.5-filters_discarding,PASS,,The 9.4.5 text on p133 has no icon or figure. The stop icons above it belong to 9.4.4.,"verify_claims shows a page-level small raster (63x63) signal. It is the stop icon of 9.4.4 (sec_0158), graded there as Low."
DOC-0136477A,sec_0159,133,5.5-filters_passing_noise,PASS,,No image is mapped to sec_0159. No noise is kept on p133.,
DOC-0136477A,sec_0159,133,5.5-image_section_mapping,PASS,,There is no figure in 9.4.5 and no image is mapped to sec_0159.,
DOC-0136477A,sec_0167,140,5.4-hierarchy_level,PASS,,"On p140 the heading '10.3.3 Zero Arterial Pressure' is a bold sans-serif sub-subsection heading on p139. The tree has hierarchy_level 3, which fits its numbering depth and its parent.",
DOC-0136477A,sec_0167,140,5.4-parent_child,PASS,,The parent is sec_0164 (10.3 FloTrac Sensor Monitoring). The numbering and the printed heading order match this nesting.,
DOC-0136477A,sec_0167,140,5.4-page_start_end,PASS,,sec_0167 holds the 10.3.3 heading and steps 1-9 on p139 and the closing paragraph (#/texts/2111) at the top of p140. The 10.3.4 heading below it is in sec_0168. The two lines at the top of p139 (step 5 of 10.3.2) belong to sec_0166.,
DOC-0136477A,sec_0167,140,5.4-hierarchy_path,PASS,,The path ends in '10.3.3 Zero Arterial Pressure' under sec_0164 (10.3 FloTrac Sensor Monitoring). This is the same chain of headings printed in the document.,
DOC-0136477A,sec_0167,140,5.4-gaps_duplicates,PASS,,The steps and the p140 paragraph appear once in sec_0167. Nothing is duplicated in sec_0166 or sec_0168.,
DOC-0136477A,sec_0167,140,5.4-flagged_for_review,PASS,,"sec_0167 has flagged_for_review false. The heading is clear on p140 and its title matches the TOC entry, so no flag is needed.",
DOC-0136477A,sec_0167,140,5.4-structural_source,PASS,,"structural_source is 'toc'. The printed heading '10.3.3 Zero Arterial Pressure' on the render matches the bookmark title, so the TOC source is supported.",
DOC-0136477A,sec_0167,140,5.6-numbering_scheme,PASS,,The printed folio on p140 is an arabic number and the section numbers use dotted arabic digits. The numbering_scheme 'arabic' is correct.,
DOC-0136477A,sec_0167,140,5.6-offset_applied,PASS,,"The printed folio on p140 equals the physical page number, so offset_applied 0 is correct.",
DOC-0136477A,sec_0167,140,5.5-filters_discarding,FAIL,Low,"The p140 part of sec_0167 is one paragraph with no icon. The p139 steps have inline icons: Zero & Waveform icon, two '-0-' zero buttons, a '-0-' screen button and a home icon. None is extracted. images.json lists no image for sec_0167.","Small inline icons dropped by the size filter (probably BUG-017). Their names are written in the steps, so no information is lost."
DOC-0136477A,sec_0167,140,5.5-filters_passing_noise,PASS,,No image is mapped to sec_0167. No noise is kept as an image.,
DOC-0136477A,sec_0167,140,5.5-image_section_mapping,PASS,,"There is no figure in 10.3.3. Only inline icons appear, graded under filters_discarding. No image is mapped to a wrong section.",
DOC-0136477A,sec_0176,144,5.4-hierarchy_level,PASS,,"On p144 the heading '10.6.3 Waveform Confirmation' is printed at the same size and style as the other level-3 headings. The stored hierarchy_level is 3, which matches.",
DOC-0136477A,sec_0176,144,5.4-parent_child,PASS,,"The parent is sec_0173 (10.6 Zero & Waveform Screen, level 2). The page shows the heading under that parent. The section has no child sections, so there is no child to check.",
DOC-0136477A,sec_0176,144,5.4-page_start_end,PASS,,"On p144 the section starts at the heading 10.6.3 (#/texts/2203) and has its two paragraphs, the bold PAP paragraph and the WARNING (#/texts/2204-2207). The old stray line #/texts/2208 (step 4 of 10.6.2) is no longer in sec_0176. The folio #/texts/2209 is boilerplate.",The v1.12 Critical (BUG-023) is fixed in v1.13.
DOC-0136477A,sec_0176,144,5.4-hierarchy_path,PASS,,The path '10.6.3 Waveform Confirmation' under its parent is correct. The order matches the printed headings on p144.,
DOC-0136477A,sec_0176,144,5.4-gaps_duplicates,PASS,,All printed text under 10.6.3 on p144 is in sec_0176 once. Step 4 is no longer duplicated or absorbed here; it is in sec_0175.,Fixed since v1.12 (BUG-023).
DOC-0136477A,sec_0176,144,5.4-flagged_for_review,PASS,,"sec_0176 is not flagged (flagged_for_review false, verification_score 100). The heading is on the expected page, so the unflagged state is correct.",
DOC-0136477A,sec_0176,144,5.4-structural_source,PASS,,"structural_source is 'toc'. The heading '10.6.3 Waveform Confirmation' is found on p144 where the bookmark points, so the provenance is supported.",
DOC-0136477A,sec_0176,144,5.6-numbering_scheme,PASS,,The printed folio on p144 is an arabic number and the section numbers are decimal (e.g. 10.6.3). The scheme 'arabic' is correct.,
DOC-0136477A,sec_0176,144,5.6-offset_applied,PASS,,"offset_applied is 0. The folio printed on p144 equals the physical page number, so offset 0 is right.",
DOC-0136477A,sec_0176,144,5.5-filters_discarding,PASS,,On p144 the blue '-0-' waveform icon at the right of the first paragraph is extracted as img_0090 (64x64) in sec_0176. The pressure signal icon in step 4 belongs to sec_0175 and is graded there.,"The checker lists one small dropped raster (112x77 px) on p144. It is the grey pressure signal icon of step 4, which belongs to sec_0175 and is graded Low there (BUG-017). It is not in 10.6.3."
DOC-0136477A,sec_0176,144,5.5-filters_passing_noise,PASS,,"The only image of sec_0176 is img_0090, a content icon next to the Zero & Waveform text. It is not a rule, logo or footer line. The older noise FAIL is not present.",
DOC-0136477A,sec_0176,144,5.5-image_section_mapping,PASS,,"img_0090 is the blue '-0-' icon printed beside the first paragraph of 10.6.3 on p144. It is mapped to sec_0176, which is correct.",
DOC-0136477A,sec_0179,146,5.4-hierarchy_level,PASS,,"On p146 the heading '11.2 Oximetry Setup' is printed at the same size and style as the other level-2 headings. The stored hierarchy_level is 2, which matches.",
DOC-0136477A,sec_0179,146,5.4-parent_child,PASS,,"The parent is sec_0177 (Oximetry Monitoring, level 1). The page shows the heading under that parent. The section has no child sections, so there is no child to check.",
DOC-0136477A,sec_0179,146,5.4-page_start_end,FAIL,Low,"On p145 the big chapter number '11' (node #/texts/2220) is stored in sec_0179. It belongs to the chapter root sec_0177. Section sec_0179 starts at the 11.2 heading and ends on p147 with the WARNING. Steps 2-4, Figure 11-1, NOTE and CAUTION on p146 are correct.",BUG-022 (chapter number kept in a section that is not the chapter root). Same as v1.12; not a regression. Running headers and folios are boilerplate and not graded. Impact: one stray chapter number. The checker reports no boundary signal because page numbers are right. This FAIL is from node ownership (lead ruling).
DOC-0136477A,sec_0179,146,5.4-hierarchy_path,PASS,,The path '11.2 Oximetry Setup' under its parent is correct. The order matches the printed headings on p146.,
DOC-0136477A,sec_0179,146,5.4-gaps_duplicates,PASS,,On p146 all printed text of '11.2 Oximetry Setup' is in sec_0179. No node is duplicated in a neighbour and no paragraph is missing. The section starts at the 11.,
DOC-0136477A,sec_0179,146,5.4-flagged_for_review,PASS,,"sec_0179 is not flagged (flagged_for_review false, verification_score 100). The heading is on the expected page, so the unflagged state is correct.",
DOC-0136477A,sec_0179,146,5.4-structural_source,PASS,,"structural_source is 'toc'. The heading '11.2 Oximetry Setup' is found on p146 where the bookmark points, so the provenance is supported.",
DOC-0136477A,sec_0179,146,5.6-numbering_scheme,PASS,,The printed folio on p146 is an arabic number and the section numbers are decimal (e.g. 11.2). The scheme 'arabic' is correct.,
DOC-0136477A,sec_0179,146,5.6-offset_applied,PASS,,"offset_applied is 0. The folio printed on p146 equals the physical page number, so offset 0 is right.",
DOC-0136477A,sec_0179,146,5.5-filters_discarding,PASS,,"On p146 Figure 11-1 (catheter, cable and monitor with numbered callouts) is extracted as img_0091 (2188x1063). The callout list is in the text nodes #/texts/2228-2235. Nothing meaningful is dropped.",
DOC-0136477A,sec_0179,146,5.5-filters_passing_noise,PASS,,"The only image in sec_0179 is img_0091, the real Figure 11-1. No rule, logo or footer divider is kept as an image.",
DOC-0136477A,sec_0179,146,5.5-image_section_mapping,PASS,,img_0091 is Figure 11-1 on p146 and is mapped to sec_0179 (11.2 Oximetry Setup). The figure caption is in the same section. Correct.,
DOC-0136477A,sec_0184,150,5.4-hierarchy_level,PASS,,"On p150 the heading '11.6 Recall Oximetry Data' is printed at the same size and style as the other level-2 headings. The stored hierarchy_level is 2, which matches.",
DOC-0136477A,sec_0184,150,5.4-parent_child,PASS,,"The parent is sec_0177 (Oximetry Monitoring, level 1). The page shows the heading under that parent. The section has no child sections, so there is no child to check.",
DOC-0136477A,sec_0184,150,5.4-page_start_end,PASS,,Declared pages p150-151. The section has the 11.6 heading on p150 and ends with the NOTE (#/texts/2339-2342) at the top of p151. Heading 11.7 HGB Update follows on p151 in the next section. No neighbour content is absorbed and nothing of this section is lost.,
DOC-0136477A,sec_0184,150,5.4-hierarchy_path,PASS,,The path '11.6 Recall Oximetry Data' under its parent is correct. The order matches the printed headings on p150.,
DOC-0136477A,sec_0184,150,5.4-gaps_duplicates,PASS,,On p150 all printed text of '11.6 Recall Oximetry Data' is in sec_0184. No node is duplicated in a neighbour and no paragraph is missing. The section has the 11.,
DOC-0136477A,sec_0184,150,5.4-flagged_for_review,PASS,,"sec_0184 is not flagged (flagged_for_review false, verification_score 100). The heading is on the expected page, so the unflagged state is correct.",
DOC-0136477A,sec_0184,150,5.4-structural_source,PASS,,"structural_source is 'toc'. The heading '11.6 Recall Oximetry Data' is found on p150 where the bookmark points, so the provenance is supported.",
DOC-0136477A,sec_0184,150,5.6-numbering_scheme,PASS,,The printed folio on p150 is an arabic number and the section numbers are decimal (e.g. 11.6). The scheme 'arabic' is correct.,
DOC-0136477A,sec_0184,150,5.6-offset_applied,PASS,,"offset_applied is 0. The folio printed on p150 equals the physical page number, so offset 0 is right.",
DOC-0136477A,sec_0184,150,5.5-filters_discarding,FAIL,Low,On p150 the clinical actions icon and the Oximetry Calibration icon (step 4) and the settings icon (below step 7) are visible. None is in images.json. No image is mapped to sec_0184.,"Probably BUG-017 (small inline icons dropped). Their names are in the text next to them, so the meaning is kept. Same as v1.12."
DOC-0136477A,sec_0184,150,5.5-filters_passing_noise,PASS,,"No decorative element (rule, logo, footer line) is kept as an image for sec_0184 on p150. Only content images are listed in images.json.",
DOC-0136477A,sec_0184,150,5.5-image_section_mapping,PASS,,"On p150 no relevant visual is extracted for sec_0184, and none is printed in this section that should be. images.json lists no image for it.",
DOC-0136477A,sec_0190,155,5.4-hierarchy_level,PASS,,"On p155 the heading '12.1.1 Acumen Hypotension Prediction Index (HPI)' is printed at the same size and style as the other level-3 headings. The stored hierarchy_level is 3, which matches.",
DOC-0136477A,sec_0190,155,5.4-parent_child,PASS,,"The parent is sec_0189 (12.1, level 2). The page shows the heading under that parent. The section has no child sections, so there is no child to check.",
DOC-0136477A,sec_0190,155,5.4-page_start_end,PASS,,"Declared pages p155-156. The section starts at the 12.1.1 heading (#/texts/2407) on p155. It has Table 12-2 (#/tables/73 on p155, #/tables/74 on p156) and the NOTE #/texts/2417 on p156. Heading 12.1.2 is in the next section. No neighbour content is absorbed and nothing of this section is lost.",
DOC-0136477A,sec_0190,155,5.4-hierarchy_path,PASS,,The path '12.1.1 Acumen Hypotension Prediction Index (HPI)' under its parent is correct. The order matches the printed headings on p155.,
DOC-0136477A,sec_0190,155,5.4-gaps_duplicates,PASS,,On p155 all printed text of '12.1.1 Acumen Hypotension Prediction Index (HPI)' is in sec_0190. No node is duplicated in a neighbour and no paragraph is missing. The section starts at the 12.,
DOC-0136477A,sec_0190,155,5.4-flagged_for_review,PASS,,"sec_0190 is not flagged (flagged_for_review false, verification_score 100). The heading is on the expected page, so the unflagged state is correct.",
DOC-0136477A,sec_0190,155,5.4-structural_source,PASS,,"structural_source is 'toc'. The heading '12.1.1 Acumen Hypotension Prediction Index (HPI)' is found on p155 where the bookmark points, so the provenance is supported.",
DOC-0136477A,sec_0190,155,5.6-numbering_scheme,PASS,,The printed folio on p155 is an arabic number and the section numbers are decimal (e.g. 12.1.1). The scheme 'arabic' is correct.,
DOC-0136477A,sec_0190,155,5.6-offset_applied,PASS,,"offset_applied is 0. The folio printed on p155 equals the physical page number, so offset 0 is right.",
DOC-0136477A,sec_0190,155,5.6-table_content,PASS,,"Table 12-2 on p155 (#/tables/73) has 5 columns and 3 data rows. Header and all cells match the render: HPI <=85 White None, HPI >85 Red (flashing), and HPI >85 and persists for two continuous readings (40 seconds) with Popup. The 'Popup' line is joined in the cell with 'Red (flashing)'; the values and order are kept.",
DOC-0136477A,sec_0190,155,5.5-filters_discarding,PASS,,No meaningful picture or icon of '12.1.1 Acumen Hypotension Prediction Index (HPI)' is missing on p155. No image is needed or listed for this page.,
DOC-0136477A,sec_0190,155,5.5-filters_passing_noise,PASS,,"No decorative element (rule, logo, footer line) is kept as an image for sec_0190 on p155. Only content images are listed in images.json.",
DOC-0136477A,sec_0190,155,5.5-image_section_mapping,PASS,,"On p155 no relevant visual is extracted for sec_0190, and none is printed in this section that should be. images.json lists no image for it.",
DOC-0136477A,sec_0190,156,5.4-hierarchy_level,PASS,,"On p156 the heading '12.1.1 Acumen Hypotension Prediction Index (HPI)' is printed at the same size and style as the other level-3 headings. The stored hierarchy_level is 3, which matches.",
DOC-0136477A,sec_0190,156,5.4-parent_child,PASS,,"The parent is sec_0189 (12.1, level 2). The page shows the heading under that parent. The section has no child sections, so there is no child to check.",
DOC-0136477A,sec_0190,156,5.4-page_start_end,PASS,,"Declared pages p155-156. The section starts at the 12.1.1 heading (#/texts/2407) on p155. It has Table 12-2 (#/tables/73 on p155, #/tables/74 on p156) and the NOTE #/texts/2417 on p156. Heading 12.1.2 is in the next section. No neighbour content is absorbed and nothing of this section is lost.",
DOC-0136477A,sec_0190,156,5.4-hierarchy_path,PASS,,The path '12.1.1 Acumen Hypotension Prediction Index (HPI)' under its parent is correct. The order matches the printed headings on p156.,
DOC-0136477A,sec_0190,156,5.4-gaps_duplicates,PASS,,On p156 all printed text of '12.1.1 Acumen Hypotension Prediction Index (HPI)' is in sec_0190. No node is duplicated in a neighbour and no paragraph is missing. The section starts at the 12.,
DOC-0136477A,sec_0190,156,5.4-flagged_for_review,PASS,,"sec_0190 is not flagged (flagged_for_review false, verification_score 100). The heading is on the expected page, so the unflagged state is correct.",
DOC-0136477A,sec_0190,156,5.4-structural_source,PASS,,"structural_source is 'toc'. The heading '12.1.1 Acumen Hypotension Prediction Index (HPI)' is found on p156 where the bookmark points, so the provenance is supported.",
DOC-0136477A,sec_0190,156,5.6-numbering_scheme,PASS,,The printed folio on p156 is an arabic number and the section numbers are decimal (e.g. 12.1.1). The scheme 'arabic' is correct.,
DOC-0136477A,sec_0190,156,5.6-offset_applied,PASS,,"offset_applied is 0. The folio printed on p156 equals the physical page number, so offset 0 is right.",
DOC-0136477A,sec_0190,156,5.6-table_content,PASS,,"On p156 the continued Table 12-2 (#/tables/74) has the repeated header and one row 'HPI =100' with Red (flashing) Popup, High priority alarm tone, Patient is hypotensive, and the two action lines. All match the render. Table 12-3 below is in the next section.",
DOC-0136477A,sec_0190,156,5.5-filters_discarding,PASS,,No meaningful picture or icon of '12.1.1 Acumen Hypotension Prediction Index (HPI)' is missing on p156. No image is needed or listed for this page.,
DOC-0136477A,sec_0190,156,5.5-filters_passing_noise,PASS,,"No decorative element (rule, logo, footer line) is kept as an image for sec_0190 on p156. Only content images are listed in images.json.",
DOC-0136477A,sec_0190,156,5.5-image_section_mapping,PASS,,"On p156 no relevant visual is extracted for sec_0190, and none is printed in this section that should be. images.json lists no image for it.",
DOC-0136477A,sec_0197,161,5.4-hierarchy_level,PASS,,"On p161 the heading '12.1.8 Clinical Application' is printed at the same size and style as the other level-3 headings. The stored hierarchy_level is 3, which matches.",
DOC-0136477A,sec_0197,161,5.4-parent_child,PASS,,"The parent is sec_0189 (12.1, level 2). The page shows the heading under that parent. The section has no child sections, so there is no child to check.",
DOC-0136477A,sec_0197,161,5.4-page_start_end,PASS,,Declared pages p161-162. The section starts at the 12.1.8 heading (#/texts/2498) on p161 and ends with the last bullet (#/texts/2514) on p162. Heading 12.1.9 is in sec_0198. The Figure 12-6 above the heading is in sec_0196. No neighbour content is absorbed and nothing of this section is lost.,
DOC-0136477A,sec_0197,161,5.4-hierarchy_path,PASS,,The path '12.1.8 Clinical Application' under its parent is correct. The order matches the printed headings on p161.,
DOC-0136477A,sec_0197,161,5.4-gaps_duplicates,PASS,,On p161 all printed text of '12.1.8 Clinical Application' is in sec_0197. No node is duplicated in a neighbour and no paragraph is missing. The section starts at the 12.,
DOC-0136477A,sec_0197,161,5.4-flagged_for_review,PASS,,"sec_0197 is not flagged (flagged_for_review false, verification_score 100). The heading is on the expected page, so the unflagged state is correct.",
DOC-0136477A,sec_0197,161,5.4-structural_source,PASS,,"structural_source is 'toc'. The heading '12.1.8 Clinical Application' is found on p161 where the bookmark points, so the provenance is supported.",
DOC-0136477A,sec_0197,161,5.6-numbering_scheme,PASS,,The printed folio on p161 is an arabic number and the section numbers are decimal (e.g. 12.1.8). The scheme 'arabic' is correct.,
DOC-0136477A,sec_0197,161,5.6-offset_applied,PASS,,"offset_applied is 0. The folio printed on p161 equals the physical page number, so offset 0 is right.",
DOC-0136477A,sec_0197,161,5.5-filters_discarding,PASS,,"On p161 the 12.1.8 text has no picture or icon of its own. The figure and icons above the heading are extracted in sec_0196 (img_0097, img_0098).","The checker lists small dropped rasters on p161 (64x64 and 173x62 px). They are the inline icons in the bullets above heading 12.1.8, so they belong to sec_0196 and are graded there. None is in 12.1.8."
DOC-0136477A,sec_0197,161,5.5-filters_passing_noise,PASS,,"No decorative element (rule, logo, footer line) is kept as an image for sec_0197 on p161. Only content images are listed in images.json.",
DOC-0136477A,sec_0197,161,5.5-image_section_mapping,PASS,,"On p161 Figure 12-6 and the inline icons are printed above the 12.1.8 heading. Their images (img_0097, img_0098) are in sec_0196, which is correct. No image is mapped to sec_0197 and none is printed inside it.",
DOC-0136477A,sec_0198,162,5.4-hierarchy_level,PASS,,"On p162 the heading '12.1.9 Additional Parameters' is printed at the same size and style as the other level-3 headings. The stored hierarchy_level is 3, which matches.",
DOC-0136477A,sec_0198,162,5.4-parent_child,PASS,,"The parent is sec_0189 (12.1, level 2). The page shows the heading under that parent. The section has no child sections, so there is no child to check.",
DOC-0136477A,sec_0198,162,5.4-page_start_end,PASS,,Declared pages p162-163. The section starts at the 12.1.9 heading (#/texts/2515) on p162 and ends with #/texts/2533 on p163. Heading 12.1.10 Clinical Validation follows in the next section. No neighbour content is absorbed and nothing of this section is lost.,
DOC-0136477A,sec_0198,162,5.4-hierarchy_path,PASS,,The path '12.1.9 Additional Parameters' under its parent is correct. The order matches the printed headings on p162.,
DOC-0136477A,sec_0198,162,5.4-gaps_duplicates,PASS,,On p162 all printed text of '12.1.9 Additional Parameters' is in sec_0198. No node is duplicated in a neighbour and no paragraph is missing. The section starts at the 12.,
DOC-0136477A,sec_0198,162,5.4-flagged_for_review,PASS,,"sec_0198 is not flagged (flagged_for_review false, verification_score 100). The heading is on the expected page, so the unflagged state is correct.",
DOC-0136477A,sec_0198,162,5.4-structural_source,PASS,,"structural_source is 'toc'. The heading '12.1.9 Additional Parameters' is found on p162 where the bookmark points, so the provenance is supported.",
DOC-0136477A,sec_0198,162,5.6-numbering_scheme,PASS,,The printed folio on p162 is an arabic number and the section numbers are decimal (e.g. 12.1.9). The scheme 'arabic' is correct.,
DOC-0136477A,sec_0198,162,5.6-offset_applied,PASS,,"offset_applied is 0. The folio printed on p162 equals the physical page number, so offset 0 is right.",
DOC-0136477A,sec_0198,162,5.5-filters_discarding,PASS,,The three-heart figure on p162 is extracted as img_0099. The labels are also text node #/texts/2521. Nothing meaningful is dropped.,
DOC-0136477A,sec_0198,162,5.5-filters_passing_noise,PASS,,"The only image in sec_0198 is img_0099, the three-heart figure. It is content, not noise. The older noise FAIL is not present.",
DOC-0136477A,sec_0198,162,5.5-image_section_mapping,PASS,,"On p162 the figure with three hearts (Preload, Contractility, Afterload) sits below the 12.1.9 text. It is extracted as img_0099 (521x152) and mapped to sec_0198. Correct.",
DOC-0136477A,sec_0200,166,5.4-hierarchy_level,PASS,,"On p166 the heading '12.1.11 References' is printed at the same size and style as the other level-3 headings. The stored hierarchy_level is 3, which matches.",
DOC-0136477A,sec_0200,166,5.4-parent_child,PASS,,"The parent is sec_0189 (12.1, level 2). The page shows the heading under that parent. The section has no child sections, so there is no child to check.",
DOC-0136477A,sec_0200,166,5.4-page_start_end,PASS,,Declared pages p166. The section has the 12.1.11 heading (#/texts/2560) and the 10 references on p166 only. The next chapter section starts on p167. No neighbour content is absorbed and nothing of this section is lost.,
DOC-0136477A,sec_0200,166,5.4-hierarchy_path,PASS,,The path '12.1.11 References' under its parent is correct. The order matches the printed headings on p166.,
DOC-0136477A,sec_0200,166,5.4-gaps_duplicates,PASS,,On p166 all printed text of '12.1.11 References' is in sec_0200. No node is duplicated in a neighbour and no paragraph is missing. The section has the 12.,
DOC-0136477A,sec_0200,166,5.4-flagged_for_review,PASS,,"sec_0200 is not flagged (flagged_for_review false, verification_score 100). The heading is on the expected page, so the unflagged state is correct.",
DOC-0136477A,sec_0200,166,5.4-structural_source,PASS,,"structural_source is 'toc'. The heading '12.1.11 References' is found on p166 where the bookmark points, so the provenance is supported.",
DOC-0136477A,sec_0200,166,5.6-numbering_scheme,PASS,,The printed folio on p166 is an arabic number and the section numbers are decimal (e.g. 12.1.11). The scheme 'arabic' is correct.,
DOC-0136477A,sec_0200,166,5.6-offset_applied,PASS,,"offset_applied is 0. The folio printed on p166 equals the physical page number, so offset 0 is right.",
DOC-0136477A,sec_0200,166,5.5-filters_discarding,PASS,,No meaningful picture or icon of '12.1.11 References' is missing on p166. No image is needed or listed for this page.,
DOC-0136477A,sec_0200,166,5.5-filters_passing_noise,PASS,,"No decorative element (rule, logo, footer line) is kept as an image for sec_0200 on p166. Only content images are listed in images.json.",
DOC-0136477A,sec_0200,166,5.5-image_section_mapping,PASS,,"On p166 no relevant visual is extracted for sec_0200, and none is printed in this section that should be. images.json lists no image for it.",
DOC-0136477A,sec_0203,167,5.4-hierarchy_level,PASS,,sec_0203 '12.2.1.1 Key Parameter and Target Selection' has hierarchy_level 4. The heading on the p167-p168 render is at the matching size and nesting for this level.,
DOC-0136477A,sec_0203,167,5.4-parent_child,PASS,,"parent_section_id of sec_0203 is sec_0202 12.2.1 GDT Tracking, which is the correct parent in the document. sec_0203 has no child_sections, and the next sibling is a section of the same level.",
DOC-0136477A,sec_0203,167,5.4-page_start_end,PASS,,"The heading 12.2.1.1 (#/texts/2577) is at the top of its text on p167 and steps 1 to 6 with Figures 12-7, 12-8 and 12-9 are all in sec_0203. On p168 the section ends after the Figure 12-9 caption (#/texts/2590). Then '12.2.1.2 Active GDT Tracking' and Table 12-8 start sec_0204. The p168 running header is boilerplate in the section start.",
DOC-0136477A,sec_0203,167,5.4-hierarchy_path,PASS,,The hierarchy_path of sec_0203 ends with '12.2.1.1 Key Parameter and Target Selection' under sec_0202 12.2.1 GDT Tracking. The order of ancestors matches the printed headings.,
DOC-0136477A,sec_0203,167,5.4-gaps_duplicates,PASS,,Each node of sec_0203 is printed once on p167-p168. No node is shared with sec_0202 or sec_0204. Table 12-8 on p168 is in no node of this section.,
DOC-0136477A,sec_0203,167,5.4-flagged_for_review,PASS,,"sec_0203 has flagged_for_review false and verification_score 100. The title '12.2.1.1 Key Parameter and Target Selection' is printed on the page, so no flag is needed.",
DOC-0136477A,sec_0203,167,5.4-structural_source,PASS,,"structural_source of sec_0203 is toc. The heading '12.2.1.1 Key Parameter and Target Selection' is a real bookmark and is printed on the page, so the source is supported.",
DOC-0136477A,sec_0203,167,5.6-numbering_scheme,PASS,,numbering_scheme is arabic for sec_0203. The folio printed on p167 is an arabic number.,
DOC-0136477A,sec_0203,167,5.6-offset_applied,PASS,,"offset_applied is 0 for sec_0203. The printed folio on p167 equals the physical page, so the offset is right.",
DOC-0136477A,sec_0203,167,5.5-filters_discarding,FAIL,Low,"Figures 12-7 and 12-8 (img_0100, img_0101, p167) and Figure 12-9 (img_0102, p168) are all kept and complete. But the inline icons are not: the GDT tracking icon in step 1, the two Parameter/Target icons in steps 2 and 3, and the green enter key in step 3 on p167.","The text names each icon, so the meaning is kept. Probably BUG-017 (small inline icons dropped). Low. Same as v1.12."
DOC-0136477A,sec_0203,167,5.5-filters_passing_noise,PASS,,"img_0100-img_0102 are the 3 figures of 12.2.1.1. No divider, logo or footer rule was kept as an image in sec_0203. The red footer line is not extracted.",
DOC-0136477A,sec_0203,167,5.5-image_section_mapping,PASS,,"img_0100 and img_0101 (p167) and img_0102 (p168) show Figures 12-7, 12-8 and 12-9, all under sec_0203. Each sits under its own caption in this section. No figure of the sibling sec_0204 is mapped here.",
DOC-0136477A,sec_0207,170,5.4-hierarchy_level,PASS,,sec_0207 '12.2.3 GDT Report Download' has hierarchy_level 3. The heading on the p170 render is at the matching size and nesting for this level.,
DOC-0136477A,sec_0207,170,5.4-parent_child,PASS,,"parent_section_id of sec_0207 is sec_0201 12.2 Enhanced Parameter Tracking, which is the correct parent in the document. sec_0207 has no child_sections, and the next sibling is a section of the same level.",
DOC-0136477A,sec_0207,170,5.4-page_start_end,PASS,,On p170 sec_0207 has the heading 12.2.3 (#/texts/2630) and its one paragraph (#/texts/2631) about Data Download. Steps 8 to 10 above it belong to sec_0206. The rest of p170 is blank except the folio. The section starts and ends correctly.,
DOC-0136477A,sec_0207,170,5.4-hierarchy_path,PASS,,The hierarchy_path of sec_0207 ends with '12.2.3 GDT Report Download' under sec_0201 12.2 Enhanced Parameter Tracking. The order of ancestors matches the printed headings.,
DOC-0136477A,sec_0207,170,5.4-gaps_duplicates,PASS,,The heading and the one paragraph of 12.2.3 are in sec_0207 and nowhere else. Nothing is missing or duplicated on p170.,
DOC-0136477A,sec_0207,170,5.4-flagged_for_review,PASS,,"sec_0207 has flagged_for_review false and verification_score 100. The title '12.2.3 GDT Report Download' is printed on the page, so no flag is needed.",
DOC-0136477A,sec_0207,170,5.4-structural_source,PASS,,"structural_source of sec_0207 is toc. The heading '12.2.3 GDT Report Download' is a real bookmark and is printed on the page, so the source is supported.",
DOC-0136477A,sec_0207,170,5.6-numbering_scheme,PASS,,numbering_scheme is arabic for sec_0207. The folio printed on p170 is an arabic number.,
DOC-0136477A,sec_0207,170,5.6-offset_applied,PASS,,"offset_applied is 0 for sec_0207. The printed folio on p170 equals the physical page, so the offset is right.",
DOC-0136477A,sec_0207,170,5.5-filters_discarding,PASS,,"p170 under heading 12.2.3 has one text paragraph and no picture, icon or table. The icons at the top of p170 belong to steps 8 to 10 of sec_0206. Nothing meaningful for sec_0207 was discarded.","verify_claims flags 3 small rasters on p170. They are the target value, edit target and GDT tracking icons of steps 8 to 10, which belong to sec_0206 (graded Low there). Under 12.2.3 itself there is no icon."
DOC-0136477A,sec_0207,170,5.5-filters_passing_noise,PASS,,No image is mapped to sec_0207. The red footer line of p170 is not kept as an image. The 2800x200 divider seen in v1 is gone.,
DOC-0136477A,sec_0207,170,5.5-image_section_mapping,PASS,,No image is mapped to sec_0207 and none is printed under 12.2.3 on p170. Correct.,
DOC-0136477A,sec_0210,172,5.4-hierarchy_level,PASS,,sec_0210 '13.2 Monitor Status Lights' has hierarchy_level 2. The heading on the p172 render is at the matching size and nesting for this level.,
DOC-0136477A,sec_0210,172,5.4-parent_child,PASS,,"parent_section_id of sec_0210 is sec_0208 Troubleshooting (chapter 13), which is the correct parent in the document. sec_0210 has no child_sections, and the next sibling is a section of the same level.",
DOC-0136477A,sec_0210,172,5.4-page_start_end,PASS,,"On p172 the section holds the heading 13.2, the intro, Figure 13-1 caption, the legend, Table 13-1 and Table 13-2 (#/tables/82, #/tables/83). It starts at the top of p172 and ends at the bottom of Table 13-2. Section 13.3 starts on p173. Nothing foreign is absorbed.",
DOC-0136477A,sec_0210,172,5.4-hierarchy_path,PASS,,The hierarchy_path of sec_0210 ends with '13.2 Monitor Status Lights' under sec_0208 Troubleshooting (chapter 13). The order of ancestors matches the printed headings.,
DOC-0136477A,sec_0210,172,5.4-gaps_duplicates,PASS,,"Heading, intro, captions, legend and both tables of 13.2 are in sec_0210 once. Nothing is missing or duplicated on p172.",
DOC-0136477A,sec_0210,172,5.4-flagged_for_review,PASS,,"sec_0210 has flagged_for_review false and verification_score 100. The title '13.2 Monitor Status Lights' is printed on the page, so no flag is needed.",
DOC-0136477A,sec_0210,172,5.4-structural_source,PASS,,"structural_source of sec_0210 is toc. The heading '13.2 Monitor Status Lights' is a real bookmark and is printed on the page, so the source is supported.",
DOC-0136477A,sec_0210,172,5.6-numbering_scheme,PASS,,numbering_scheme is arabic for sec_0210. The folio printed on p172 is an arabic number.,
DOC-0136477A,sec_0210,172,5.6-offset_applied,PASS,,"offset_applied is 0 for sec_0210. The printed folio on p172 equals the physical page, so the offset is right.",
DOC-0136477A,sec_0210,172,5.6-table_content,PASS,,"On p172 #/tables/82 (Table 13-1, 5 alarm rows) and #/tables/83 (Table 13-2, 4 monitor rows) match the render. Color, Light pattern and Suggested action are in their columns. The multi-line cells (for example 'Monitor power OFF / Monitor connected to AC mains / Battery charging') are kept as one cell.",No table text was changed in this version.
DOC-0136477A,sec_0210,172,5.5-filters_discarding,PASS,,"Figure 13-1 (monitor with LED callouts 1 and 2) on p172 is kept as img_0103 (533x437, vector). The crop shows the whole monitor and both callout arrows. The two tables have no pictures. Nothing meaningful was discarded.","verify_claims expects Critical for a 570x522 raster not in images_v1.json. That raster is the monitor photo inside Figure 13-1. It is included in the vector crop img_0103 (533x437), which I checked visually, so the figure is not lost."
DOC-0136477A,sec_0210,172,5.5-filters_passing_noise,PASS,,"The only image is img_0103, the real Figure 13-1. No logo, rule or footer line was kept as image.",
DOC-0136477A,sec_0210,172,5.5-image_section_mapping,PASS,,"img_0103 (Figure 13-1, p172) is mapped to sec_0210 and is printed under the 13.2 heading. Correct. No shared page with another section.",
DOC-0136477A,sec_0213,173,5.4-hierarchy_level,PASS,,sec_0213 '13.4.1 System Faults/Alerts' has hierarchy_level 3. The heading on the p173-p176 render is at the matching size and nesting for this level.,
DOC-0136477A,sec_0213,173,5.4-parent_child,PASS,,"parent_section_id of sec_0213 is sec_0212 13.4 HemoSphere Advanced Monitor Error Messages, which is the correct parent in the document. sec_0213 has no child_sections, and the next sibling is a section of the same level.",
DOC-0136477A,sec_0213,173,5.4-page_start_end,PASS,,"On p173 the section starts at the heading 13.4.1 with Table 13-4 (#/tables/85). The continued table parts are on p174, p175 and p176 (#/tables/86-88). On p176 it ends after the single 'Alert: Pressure-Out Not Zeroed' row, before the heading 13.4.2 (sec_0214). Figure 13-2 and Table 13-3 on p173 belong to 13.3 and are not in sec_0213.",
DOC-0136477A,sec_0213,173,5.4-hierarchy_path,PASS,,The hierarchy_path of sec_0213 ends with '13.4.1 System Faults/Alerts' under sec_0212 13.4 HemoSphere Advanced Monitor Error Messages. The order of ancestors matches the printed headings.,
DOC-0136477A,sec_0213,173,5.4-gaps_duplicates,PASS,,"The four table parts (#/tables/85-88) and their captions are in sec_0213 once each. All rows of Table 13-4 on p173 and p176 match the render. Table 13-5 and 13.4.2 are in sec_0214, not here.",
DOC-0136477A,sec_0213,173,5.4-flagged_for_review,PASS,,"sec_0213 has flagged_for_review false and verification_score 100. The title '13.4.1 System Faults/Alerts' is printed on the page, so no flag is needed.",
DOC-0136477A,sec_0213,173,5.4-structural_source,PASS,,"structural_source of sec_0213 is toc. The heading '13.4.1 System Faults/Alerts' is a real bookmark and is printed on the page, so the source is supported.",
DOC-0136477A,sec_0213,173,5.6-numbering_scheme,PASS,,numbering_scheme is arabic for sec_0213. The folio printed on p173 is an arabic number.,
DOC-0136477A,sec_0213,173,5.6-offset_applied,PASS,,"offset_applied is 0 for sec_0213. The printed folio on p173 equals the physical page, so the offset is right.",
DOC-0136477A,sec_0213,173,5.6-table_content,PASS,,"On p173 #/tables/85 has 3 columns and 3 rows (Module Slot 1, Module Slot 2, Cable Port 1 hardware failure). They match the render, in the right columns. On p176 #/tables/88 has the one Alert row and matches. p174 and p175 were not rendered in this batch, so I only checked their row text against the table.",Out of scope: no deformed-text problems seen on p173 or p176. p174-p175 not visually checked.
DOC-0136477A,sec_0213,173,5.5-filters_discarding,PASS,,On p173 Figure 13-2 (pressure cable) is kept as img_0104 and mapped to sec_0211. The section 13.4.1 area has only table text and no pictures. On p176 there is no picture. Nothing meaningful for sec_0213 was discarded.,
DOC-0136477A,sec_0213,173,5.5-filters_passing_noise,PASS,,No image is mapped to sec_0213. The images on p173 (img_0104) is a real figure for sec_0211. No noise kept.,
DOC-0136477A,sec_0213,173,5.5-image_section_mapping,PASS,,"p173 is shared with 13.3 (sec_0211) and 13.4.1. img_0104 (cable figure) is mapped to sec_0211 and is printed under 13.3, so it is not wrongly given to sec_0213. No image belongs to sec_0213.",
DOC-0136477A,sec_0217,177,5.4-hierarchy_level,PASS,,sec_0217 '13.5.1 CO Faults/Alerts' has hierarchy_level 3. The heading on the p177-p178 render is at the matching size and nesting for this level.,
DOC-0136477A,sec_0217,177,5.4-parent_child,PASS,,"parent_section_id of sec_0217 is sec_0216 13.5 HemoSphere Swan-Ganz Module Error Messages, which is the correct parent in the document. sec_0217 has no child_sections, and the next sibling is a section of the same level.",
DOC-0136477A,sec_0217,177,5.4-page_start_end,PASS,,On p177 the heading 13.5.1 (#/texts/2688) and Table 13-7 (#/tables/91) start the section. On p178 Table 13-7 continues (#/tables/92) and ends with the footnote row. The heading 13.5.2 and Table 13-8 below it are not in sec_0217. Page range p177-p178 is correct.,
DOC-0136477A,sec_0217,177,5.4-hierarchy_path,PASS,,The hierarchy_path of sec_0217 ends with '13.5.1 CO Faults/Alerts' under sec_0216 13.5 HemoSphere Swan-Ganz Module Error Messages. The order of ancestors matches the printed headings.,
DOC-0136477A,sec_0217,177,5.4-gaps_duplicates,PASS,,"Table 13-7 is in #/tables/91 (p177) and #/tables/92 (p178), once each. The footnote row '* These latching faults...' is now in #/tables/92, so no table text is lost.",
DOC-0136477A,sec_0217,177,5.4-flagged_for_review,PASS,,"sec_0217 has flagged_for_review false and verification_score 100. The title '13.5.1 CO Faults/Alerts' is printed on the page, so no flag is needed.",
DOC-0136477A,sec_0217,177,5.4-structural_source,PASS,,"structural_source of sec_0217 is toc. The heading '13.5.1 CO Faults/Alerts' is a real bookmark and is printed on the page, so the source is supported.",
DOC-0136477A,sec_0217,177,5.6-numbering_scheme,PASS,,numbering_scheme is arabic for sec_0217. The folio printed on p177 is an arabic number.,
DOC-0136477A,sec_0217,177,5.6-offset_applied,PASS,,"offset_applied is 0 for sec_0217. The printed folio on p177 equals the physical page, so the offset is right.",
DOC-0136477A,sec_0217,177,5.6-table_content,FAIL,Low,"Line-break hyphen kept in a table cell: 'place- ment' in #/tables/91 on p177 (4 cases in the tables of this row). Exact search for the whole word fails. The 12 CO rows of Table 13-7 on p177 (#/tables/91) and p178 (#/tables/92) match the render, including the * marks. The footnote row '* These latching faults. Touch the silence icon to silence. To clear, restart monitoring.' is now in #/tables/92 as its own row with complete text. In #/tables/91 the last step 'Use Bolus CO mode' of 'Check Thermal Filament Connection' is a new row with empty first and second cells.",Low by the reviewer rule of 2026-10-08 (line-break hyphens in cells). Fix planned in Phase 4 (text normalization).
DOC-0136477A,sec_0217,177,5.5-filters_discarding,PASS,,"The rendered p177 and p178 has only text and tables in this section. No figure, screenshot or meaningful icon is printed, so nothing was discarded. images.json has no image for sec_0217.",
DOC-0136477A,sec_0217,177,5.5-filters_passing_noise,PASS,,No image is mapped to sec_0217. The red footer rule on p177-p178 is not kept as an image.,
DOC-0136477A,sec_0217,177,5.5-image_section_mapping,PASS,,No image is printed in 13.5.1 on p177-p178 and none is mapped to sec_0217. Correct.,
DOC-0136477A,sec_0220,180,5.4-hierarchy_level,PASS,,sec_0220 '13.5.4 SVR Faults/Alerts' has hierarchy_level 3. The heading on the p180 render is at the matching size and nesting for this level.,
DOC-0136477A,sec_0220,180,5.4-parent_child,PASS,,"parent_section_id of sec_0220 is sec_0216 13.5 HemoSphere Swan-Ganz Module Error Messages, which is the correct parent in the document. sec_0220 has no child_sections, and the next sibling is a section of the same level.",
DOC-0136477A,sec_0220,180,5.4-page_start_end,PASS,,"On p180 sec_0220 has the heading 13.5.4 (#/texts/2706), the caption of Table 13-10 and Table 13-10 with its 2 rows (#/tables/97). The Table 13-9 (continued) rows above the heading are in sec_0219, not here. The old Critical from v1 is fixed.",
DOC-0136477A,sec_0220,180,5.4-hierarchy_path,PASS,,The hierarchy_path of sec_0220 ends with '13.5.4 SVR Faults/Alerts' under sec_0216 13.5 HemoSphere Swan-Ganz Module Error Messages. The order of ancestors matches the printed headings.,
DOC-0136477A,sec_0220,180,5.4-gaps_duplicates,PASS,,"Heading, caption and Table 13-10 are in sec_0220 once. The 5 continued rows of Table 13-9 are in sec_0219, so sec_0220 is not missing or doubling content.",
DOC-0136477A,sec_0220,180,5.4-flagged_for_review,PASS,,"sec_0220 has flagged_for_review false and verification_score 100. The title '13.5.4 SVR Faults/Alerts' is printed on the page, so no flag is needed.",
DOC-0136477A,sec_0220,180,5.4-structural_source,PASS,,"structural_source of sec_0220 is toc. The heading '13.5.4 SVR Faults/Alerts' is a real bookmark and is printed on the page, so the source is supported.",
DOC-0136477A,sec_0220,180,5.6-numbering_scheme,PASS,,numbering_scheme is arabic for sec_0220. The folio printed on p180 is an arabic number.,
DOC-0136477A,sec_0220,180,5.6-offset_applied,PASS,,"offset_applied is 0 for sec_0220. The printed folio on p180 equals the physical page, so the offset is right.",
DOC-0136477A,sec_0220,180,5.6-table_content,PASS,,"On p180 #/tables/97 (Table 13-10) has the 2 alert rows. Possible causes and Suggested actions match the render, and no row is lost. The heading and caption are not inside the table.",
DOC-0136477A,sec_0220,180,5.5-filters_discarding,PASS,,"The rendered p180 has only text and tables in this section. No figure, screenshot or meaningful icon is printed, so nothing was discarded. images.json has no image for sec_0220.",
DOC-0136477A,sec_0220,180,5.5-filters_passing_noise,PASS,,No image is mapped to sec_0220. The red footer rule on p180 is not kept as an image.,
DOC-0136477A,sec_0220,180,5.5-image_section_mapping,PASS,,No image is printed in 13.5.4 on p180 and none is mapped to sec_0220. Correct.,
DOC-0136477A,sec_0229,189,5.4-hierarchy_level,PASS,,sec_0229 '13.7.1 Oximetry Faults/Alerts' has hierarchy_level 3. The heading on the p188-p189 render is at the matching size and nesting for this level.,
DOC-0136477A,sec_0229,189,5.4-parent_child,PASS,,"parent_section_id of sec_0229 is sec_0228 13.7 Oximetry Error Messages, which is the correct parent in the document. sec_0229 has no child_sections, and the next sibling is a section of the same level.",
DOC-0136477A,sec_0229,189,5.4-page_start_end,PASS,,On p188 the section starts at the heading 13.7.1 with Table 13-17 (#/tables/108). The Table 13-16 (continued) rows and the 13.7 heading above it are not in sec_0229. On p189 Table 13-17 (continued) (#/tables/109) ends the section before the heading 13.7.2.,
DOC-0136477A,sec_0229,189,5.4-hierarchy_path,PASS,,The hierarchy_path of sec_0229 ends with '13.7.1 Oximetry Faults/Alerts' under sec_0228 13.7 Oximetry Error Messages. The order of ancestors matches the printed headings.,
DOC-0136477A,sec_0229,189,5.4-gaps_duplicates,PASS,,"Table 13-17 is in #/tables/108 (p188) and #/tables/109 (p189), once each. Captions and headings are present once. No gap or duplicate seen.",
DOC-0136477A,sec_0229,189,5.4-flagged_for_review,PASS,,"sec_0229 has flagged_for_review false and verification_score 100. The title '13.7.1 Oximetry Faults/Alerts' is printed on the page, so no flag is needed.",
DOC-0136477A,sec_0229,189,5.4-structural_source,PASS,,"structural_source of sec_0229 is toc. The heading '13.7.1 Oximetry Faults/Alerts' is a real bookmark and is printed on the page, so the source is supported.",
DOC-0136477A,sec_0229,189,5.6-numbering_scheme,PASS,,numbering_scheme is arabic for sec_0229. The folio printed on p189 is an arabic number.,
DOC-0136477A,sec_0229,189,5.6-offset_applied,PASS,,"offset_applied is 0 for sec_0229. The printed folio on p189 equals the physical page, so the offset is right.",
DOC-0136477A,sec_0229,189,5.6-table_content,PASS,,"On p188 #/tables/108 (6 fault rows) and on p189 #/tables/109 (3 rows) have the same rows as the render, in the right columns. The subscripts are split in the text, for example 'ScvO 2 /SvO 2, , HGB'. Values and order are kept.",Deformed text of subscripts is out of scope (planned Phase 4). Not graded as FAIL. Same text as v1.12.
DOC-0136477A,sec_0229,189,5.5-filters_discarding,PASS,,"The rendered p188 and p189 has only text and tables in this section. No figure, screenshot or meaningful icon is printed, so nothing was discarded. images.json has no image for sec_0229.",
DOC-0136477A,sec_0229,189,5.5-filters_passing_noise,PASS,,No image is mapped to sec_0229. The red footer rule on p188-p189 is not kept as an image.,
DOC-0136477A,sec_0229,189,5.5-image_section_mapping,PASS,,No image is printed in 13.7.1 on p188-p189 and none is mapped to sec_0229. Correct.,
DOC-0136477A,sec_0240,198,5.4-hierarchy_level,PASS,,On p198 the heading 'B.1 Accessories List' is printed at the level of a section. hierarchy_level 2 matches the bookmark nesting.,
DOC-0136477A,sec_0240,198,5.4-parent_child,PASS,,sec_0240 has parent sec_0239 (Accessories) and no child sections. This matches the printed structure: no lower-level heading appears inside p198-199.,
DOC-0136477A,sec_0240,198,5.4-page_start_end,FAIL,Low,"sec_0240 covers p198-199 and holds the B.1 heading, the WARNING box, the Table B-1 captions, tables #/tables/131, 132, 133 and the footnotes, which is correct. But it also holds nodes #/texts/2836 'B' and #/texts/2837 'Appendix' from p198. This is the Appendix B tab printed above the next chapter title. It belongs to the chapter root sec_0239, not to sec_0240.","BUG-022: the Appendix tab label is stored in the previous section. Only boilerplate crosses the boundary, so Low. SEVERITY signal justified: verify_claims sees only the tab label nodes (boilerplate), and the lead rule grades boilerplate crossing a boundary as Low; all real content is owned correctly. Same as v1.12; not a regression."
DOC-0136477A,sec_0240,198,5.4-hierarchy_path,PASS,,The path of sec_0240 ends with 'B.1 Accessories List' under its parent sec_0239 (Accessories). This is the order shown in the printed contents list and the headings.,
DOC-0136477A,sec_0240,198,5.4-gaps_duplicates,PASS,,"Section sec_0240 holds the B.1 heading, the WARNING box, the Table B-1 captions, tables #/tables/131, 132, 133 and the footnotes. Nothing is missing from the render of p198 and no node is repeated, except the normal running header and folio nodes. The two 'Table B-1' captions are two printed captions, one per table half. The Appendix tab nodes sit here by mistake (see page_start_end), but no content of sec_0240 is lost or doubled.",
DOC-0136477A,sec_0240,198,5.4-flagged_for_review,PASS,,"sec_0240 has flagged_for_review false and verification_score 100. The heading is found on the render of p198, so no flag is needed.",
DOC-0136477A,sec_0240,198,5.4-structural_source,PASS,,"structural_source is 'toc'. The heading 'B.1 Accessories List' is visible on the page and agrees with the bookmark, so the provenance is supported.",
DOC-0136477A,sec_0240,198,5.6-numbering_scheme,PASS,,"The scheme is arabic. The folio printed on p198 is an arabic number, and section numbers such as 'B.1' follow the same style.",
DOC-0136477A,sec_0240,198,5.6-offset_applied,PASS,,"offset_applied is 0. The printed folio on p198 equals the physical page number 198, so no offset is needed.",
DOC-0136477A,sec_0240,198,5.6-table_content,PASS,,"Tables #/tables/131, 132 and 133 match Table B-1 on p198 and p199: group rows, model numbers (HEM1, HEMBAT10, HEMOXSC100, HEMQG1000) and the *, ** and *** marks are in the right rows.",
DOC-0136477A,sec_0240,198,5.5-filters_discarding,PASS,,"images.json is empty for this batch. On p198 and the other pages of sec_0240 there is no figure or photo to extract; only text, tables and the Edwards logo at the page corner. Nothing meaningful was discarded.",
DOC-0136477A,sec_0240,198,5.5-filters_passing_noise,PASS,,"images.json is empty, so no decorative element (footer rule, logo, tab) was kept as an image for sec_0240 on p198.",
DOC-0136477A,sec_0240,198,5.5-image_section_mapping,PASS,,No image is mapped to sec_0240 and none is needed. The render of p198 shows no figure that belongs to this section.,
DOC-0136477A,sec_0242,200,5.4-hierarchy_level,PASS,,On p200 the heading 'B.2.1 Roll Stand' is printed at the level of a subsection. hierarchy_level 3 matches the bookmark nesting.,
DOC-0136477A,sec_0242,200,5.4-parent_child,PASS,,sec_0242 has parent sec_0241 (B.2 Additional Accessories Description) and no child sections. This matches the printed structure: no lower-level heading appears inside p199.,
DOC-0136477A,sec_0242,200,5.4-page_start_end,FAIL,Low,"sec_0242 covers p199 and holds the B.2.1 heading and one roll stand paragraph, which is correct. But it also holds nodes #/texts/2849 'C' and #/texts/2850 'Appendix' from p200. This is the Appendix C tab printed above the next chapter title. It belongs to the chapter root sec_0243, not to sec_0242.","BUG-022: the Appendix tab label is stored in the previous section. Only boilerplate crosses the boundary, so Low. SEVERITY signal justified: verify_claims sees only the tab label nodes (boilerplate), and the lead rule grades boilerplate crossing a boundary as Low; all real content is owned correctly. Same as v1.12; not a regression."
DOC-0136477A,sec_0242,200,5.4-hierarchy_path,PASS,,The path of sec_0242 ends with 'B.2.1 Roll Stand' under its parent sec_0241 (B.2 Additional Accessories Description). This is the order shown in the printed contents list and the headings.,
DOC-0136477A,sec_0242,200,5.4-gaps_duplicates,PASS,,"Section sec_0242 holds the B.2.1 heading and one roll stand paragraph. Nothing is missing from the render of p200 and no node is repeated, except the normal running header and folio nodes. The Appendix tab nodes sit here by mistake (see page_start_end), but no content of sec_0242 is lost or doubled.",
DOC-0136477A,sec_0242,200,5.4-flagged_for_review,PASS,,"sec_0242 has flagged_for_review false and verification_score 100. The heading is found on the render of p200, so no flag is needed.",
DOC-0136477A,sec_0242,200,5.4-structural_source,PASS,,"structural_source is 'toc'. The heading 'B.2.1 Roll Stand' is visible on the page and agrees with the bookmark, so the provenance is supported.",
DOC-0136477A,sec_0242,200,5.6-numbering_scheme,PASS,,"The scheme is arabic. The folio printed on p200 is an arabic number, and section numbers such as 'B.2.1' follow the same style.",
DOC-0136477A,sec_0242,200,5.6-offset_applied,PASS,,"offset_applied is 0. The printed folio on p200 equals the physical page number 200, so no offset is needed.",
DOC-0136477A,sec_0242,200,5.5-filters_discarding,PASS,,"images.json is empty for this batch. On p200 and the other pages of sec_0242 there is no figure or photo to extract; only text, tables. Nothing meaningful was discarded.",
DOC-0136477A,sec_0242,200,5.5-filters_passing_noise,PASS,,"images.json is empty, so no decorative element (footer rule, logo, tab) was kept as an image for sec_0242 on p200.",
DOC-0136477A,sec_0242,200,5.5-image_section_mapping,PASS,,No image is mapped to sec_0242 and none is needed. The render of p200 shows no figure that belongs to this section.,
DOC-0136477A,sec_0243,202,5.4-hierarchy_level,PASS,,On p202 the heading 'Equations for Calculated Patient Parameters' is printed at the level of a chapter (Appendix title). hierarchy_level 1 matches the bookmark nesting.,
DOC-0136477A,sec_0243,202,5.4-parent_child,PASS,,sec_0243 has parent none (chapter level) and no child sections. This matches the printed structure: no lower-level heading appears inside p200-205.,
DOC-0136477A,sec_0243,202,5.4-page_start_end,FAIL,Low,"Section is p200-205 and the real content (heading, intro, Table C-1 pages) is correct. But nodes #/texts/2879 'D' and #/texts/2880 'Appendix' sit at the end of sec_0243 with page_no 206. They are the chapter label of Appendix D, which starts on p206.","BUG-022: the Appendix tab label is stored in the previous section. Only boilerplate crosses the boundary, so Low. SEVERITY signal justified: verify_claims sees only the tab label nodes (boilerplate), and the lead rule grades boilerplate crossing a boundary as Low; all real content is owned correctly. Same as v1.12; not a regression."
DOC-0136477A,sec_0243,202,5.4-hierarchy_path,PASS,,The path of sec_0243 ends with 'Equations for Calculated Patient Parameters' under its parent none (chapter level). This is the order shown in the printed contents list and the headings.,
DOC-0136477A,sec_0243,202,5.4-gaps_duplicates,PASS,,"Section sec_0243 holds the chapter heading, intro, NOTE and Table C-1 on six pages (#/tables/134 to 139). Nothing is missing from the render of p202 and no node is repeated, except the normal running header and folio nodes. The Appendix tab nodes sit here by mistake (see page_start_end), but no content of sec_0243 is lost or doubled.",
DOC-0136477A,sec_0243,202,5.4-flagged_for_review,PASS,,"sec_0243 has flagged_for_review false and verification_score 100. The heading is found on the render of p202, so no flag is needed.",
DOC-0136477A,sec_0243,202,5.4-structural_source,PASS,,"structural_source is 'toc'. The heading 'Equations for Calculated Patient Parameters' is visible on the page and agrees with the bookmark, so the provenance is supported.",
DOC-0136477A,sec_0243,202,5.6-numbering_scheme,PASS,,"The scheme is arabic. The folio on p202 is arabic, and the chapter is an Appendix with lettered tables (C-1).",
DOC-0136477A,sec_0243,202,5.6-offset_applied,PASS,,"offset_applied is 0. The printed folio on p202 equals the physical page number 202, so no offset is needed.",
DOC-0136477A,sec_0243,202,5.6-table_content,FAIL,Medium,"The p202 table #/tables/136 is correct (7 rows, Ea dyn to O 2 EI match the render). But table #/tables/139 (p205) is still wrong in v1.13. The row 'VO 2 | Ie Estimated Oxygen Consumption Index' puts 'Ie' in the Description column, while the print has 'VO2Ie' as the Parameter. The VQI row has an empty Parameter cell. The VQI formula has a stray '22' and a garbled line '{138 G16113(10 (SO/100)) (00031 O)}'.","BUG-008, same as v1.12 (table text unchanged). A label is in the wrong column and the formula text is garbled, so Medium. Not a regression."
DOC-0136477A,sec_0243,202,5.5-filters_discarding,PASS,,"images.json is empty for this batch. On p202 and the other pages of sec_0243 there is no figure or photo to extract; only text, tables and the Edwards logo at the page corner. Nothing meaningful was discarded.",
DOC-0136477A,sec_0243,202,5.5-filters_passing_noise,PASS,,"images.json is empty, so no decorative element (footer rule, logo, tab) was kept as an image for sec_0243 on p202.",
DOC-0136477A,sec_0243,202,5.5-image_section_mapping,PASS,,No image is mapped to sec_0243 and none is needed. The render of p202 shows no figure that belongs to this section.,
DOC-0136477A,sec_0252,214,5.4-hierarchy_level,PASS,,On p214 the heading 'E.1 Computation Constant Values' is printed at the level of a section. hierarchy_level 2 matches the bookmark nesting.,
DOC-0136477A,sec_0252,214,5.4-parent_child,PASS,,sec_0252 has parent sec_0251 (Computation Constants) and no child sections. This matches the printed structure: no lower-level heading appears inside p212-213.,
DOC-0136477A,sec_0252,214,5.4-page_start_end,FAIL,Low,"sec_0252 covers p212-213 and holds the E.1 heading, intro, NOTE, Table E-1 and Table E-2 (#/tables/148 and #/tables/149) with footnotes, which is correct. But it also holds nodes #/texts/2938 'F' and #/texts/2939 'Appendix' from p214. This is the Appendix F tab printed above the next chapter title. It belongs to the chapter root sec_0253, not to sec_0252.","BUG-022: the Appendix tab label is stored in the previous section. Only boilerplate crosses the boundary, so Low. SEVERITY signal justified: verify_claims sees only the tab label nodes (boilerplate), and the lead rule grades boilerplate crossing a boundary as Low; all real content is owned correctly. Same as v1.12; not a regression."
DOC-0136477A,sec_0252,214,5.4-hierarchy_path,PASS,,The path of sec_0252 ends with 'E.1 Computation Constant Values' under its parent sec_0251 (Computation Constants). This is the order shown in the printed contents list and the headings.,
DOC-0136477A,sec_0252,214,5.4-gaps_duplicates,PASS,,"Section sec_0252 holds the E.1 heading, intro, NOTE, Table E-1 and Table E-2 (#/tables/148 and #/tables/149) with footnotes. Nothing is missing from the render of p214 and no node is repeated, except the normal running header and folio nodes. The Appendix tab nodes sit here by mistake (see page_start_end), but no content of sec_0252 is lost or doubled.",
DOC-0136477A,sec_0252,214,5.4-flagged_for_review,PASS,,"sec_0252 has flagged_for_review false and verification_score 100. The heading is found on the render of p214, so no flag is needed.",
DOC-0136477A,sec_0252,214,5.4-structural_source,PASS,,"structural_source is 'toc'. The heading 'E.1 Computation Constant Values' is visible on the page and agrees with the bookmark, so the provenance is supported.",
DOC-0136477A,sec_0252,214,5.6-numbering_scheme,PASS,,"The scheme is arabic. The folio printed on p214 is an arabic number, and section numbers such as 'E.1' follow the same style.",
DOC-0136477A,sec_0252,214,5.6-offset_applied,PASS,,"offset_applied is 0. The printed folio on p214 equals the physical page number 214, so no offset is needed.",
DOC-0136477A,sec_0252,214,5.6-table_content,FAIL,Medium,"Table E-1 (#/tables/148, p212) matches the render: 4 temperature rows with the volumes 10 5 3 and the constants in order. Table E-2 (#/tables/149, p213) is still scrambled. 'Room temp.' is split from '18-22.5 °C', and the values of the 5-18 and 0-5 rows are spread over extra rows, for example '0.562 |  | 0.257 | 0.568 0.276 | 0.581' and a row '0.537 | 0.533 | 0.549'. Values cannot be tied to row or volume.","BUG-008, same as v1.12 (Table E-2 text is unchanged). Numbers are mostly present but not under their row and volume, so Medium."
DOC-0136477A,sec_0252,214,5.5-filters_discarding,PASS,,"images.json is empty for this batch. On p214 and the other pages of sec_0252 there is no figure or photo to extract; only text, tables and the Edwards logo at the page corner. Nothing meaningful was discarded.",
DOC-0136477A,sec_0252,214,5.5-filters_passing_noise,PASS,,"images.json is empty, so no decorative element (footer rule, logo, tab) was kept as an image for sec_0252 on p214.",
DOC-0136477A,sec_0252,214,5.5-image_section_mapping,PASS,,No image is mapped to sec_0252 and none is needed. The render of p214 shows no figure that belongs to this section.,
DOC-0136477A,sec_0261,218,5.4-hierarchy_level,PASS,,On p218 the heading 'F.5 Edwards Lifesciences Regional Headquarters' is printed at the level of a section. hierarchy_level 2 matches the bookmark nesting.,
DOC-0136477A,sec_0261,218,5.4-parent_child,PASS,,"sec_0261 has parent sec_0253 (System Care, Service and Support) and no child sections. This matches the printed structure: no lower-level heading appears inside p218.",
DOC-0136477A,sec_0261,218,5.4-page_start_end,PASS,,sec_0261 is only p218: the F.5 heading and the address table #/tables/151. F.6 starts on p219 (sec_0262). No node of a neighbour is absorbed.,
DOC-0136477A,sec_0261,218,5.4-hierarchy_path,PASS,,"The path of sec_0261 ends with 'F.5 Edwards Lifesciences Regional Headquarters' under its parent sec_0253 (System Care, Service and Support). This is the order shown in the printed contents list and the headings.",
DOC-0136477A,sec_0261,218,5.4-gaps_duplicates,PASS,,"Section sec_0261 holds the F.5 heading and the address table #/tables/151. Nothing is missing from the render of p218 and no node is repeated, except the normal running header and folio nodes.",
DOC-0136477A,sec_0261,218,5.4-flagged_for_review,PASS,,"sec_0261 has flagged_for_review false and verification_score 100. The heading is found on the render of p218, so no flag is needed.",
DOC-0136477A,sec_0261,218,5.4-structural_source,PASS,,"structural_source is 'toc'. The heading 'F.5 Edwards Lifesciences Regional Headquarters' is visible on the page and agrees with the bookmark, so the provenance is supported.",
DOC-0136477A,sec_0261,218,5.6-numbering_scheme,PASS,,"The scheme is arabic. The folio printed on p218 is an arabic number, and section numbers such as 'F.5' follow the same style.",
DOC-0136477A,sec_0261,218,5.6-offset_applied,PASS,,"offset_applied is 0. The printed folio on p218 equals the physical page number 218, so no offset is needed.",
DOC-0136477A,sec_0261,218,5.6-table_content,FAIL,Medium,"On p218 table #/tables/151 now has the India phone line 'Phone +91.022.66935701 04' (BUG-030 recovery). It is in its own new row, between the India row and the Japan row, but in the third cell. That cell is the label column ('India:'), not the address column where the print has it. The other 6 entries (USA, China, Switzerland, Japan, Australia, Brazil) match the print and nothing is doubled.","BUG-030: the lost line is back (no text lost), but it is probably in the wrong column. Medium by the rule for a recovered line in the wrong column. Unsure: a reviewer may accept a new own row as fixed (PASS). Not a regression of text."
DOC-0136477A,sec_0261,218,5.5-filters_discarding,PASS,,"images.json is empty for this batch. On p218 and the other pages of sec_0261 there is no figure or photo to extract; only text, tables and the Edwards logo at the page corner. Nothing meaningful was discarded.",
DOC-0136477A,sec_0261,218,5.5-filters_passing_noise,PASS,,"images.json is empty, so no decorative element (footer rule, logo, tab) was kept as an image for sec_0261 on p218.",
DOC-0136477A,sec_0261,218,5.5-image_section_mapping,PASS,,No image is mapped to sec_0261 and none is needed. The render of p218 shows no figure that belongs to this section.,
DOC-0136477A,sec_0269,221,5.4-hierarchy_level,PASS,,On p221 the heading 'F.9 Warranty' is printed at the level of a section. hierarchy_level 2 matches the bookmark nesting.,
DOC-0136477A,sec_0269,221,5.4-parent_child,PASS,,"sec_0269 has parent sec_0253 (System Care, Service and Support) and no child sections. This matches the printed structure: no lower-level heading appears inside p220.",
DOC-0136477A,sec_0269,221,5.4-page_start_end,FAIL,Low,"sec_0269 covers p220 and holds the F.9 heading and two warranty paragraphs, which is correct. But it also holds nodes #/texts/3055 'G' and #/texts/3056 'Appendix' from p221. This is the Appendix G tab printed above the next chapter title. It belongs to the chapter root sec_0270, not to sec_0269.","BUG-022: the Appendix tab label is stored in the previous section. Only boilerplate crosses the boundary, so Low. SEVERITY signal justified: verify_claims sees only the tab label nodes (boilerplate), and the lead rule grades boilerplate crossing a boundary as Low; all real content is owned correctly. Same as v1.12; not a regression."
DOC-0136477A,sec_0269,221,5.4-hierarchy_path,PASS,,"The path of sec_0269 ends with 'F.9 Warranty' under its parent sec_0253 (System Care, Service and Support). This is the order shown in the printed contents list and the headings.",
DOC-0136477A,sec_0269,221,5.4-gaps_duplicates,PASS,,"Section sec_0269 holds the F.9 heading and two warranty paragraphs. Nothing is missing from the render of p221 and no node is repeated, except the normal running header and folio nodes. The Appendix tab nodes sit here by mistake (see page_start_end), but no content of sec_0269 is lost or doubled.",
DOC-0136477A,sec_0269,221,5.4-flagged_for_review,PASS,,"sec_0269 has flagged_for_review false and verification_score 100. The heading is found on the render of p221, so no flag is needed.",
DOC-0136477A,sec_0269,221,5.4-structural_source,PASS,,"structural_source is 'toc'. The heading 'F.9 Warranty' is visible on the page and agrees with the bookmark, so the provenance is supported.",
DOC-0136477A,sec_0269,221,5.6-numbering_scheme,PASS,,"The scheme is arabic. The folio printed on p221 is an arabic number, and section numbers such as 'F.9' follow the same style.",
DOC-0136477A,sec_0269,221,5.6-offset_applied,PASS,,"offset_applied is 0. The printed folio on p221 equals the physical page number 221, so no offset is needed.",
DOC-0136477A,sec_0269,221,5.5-filters_discarding,PASS,,"images.json is empty for this batch. On p221 and the other pages of sec_0269 there is no figure or photo to extract; only text, tables and the Edwards logo at the page corner. Nothing meaningful was discarded.",
DOC-0136477A,sec_0269,221,5.5-filters_passing_noise,PASS,,"images.json is empty, so no decorative element (footer rule, logo, tab) was kept as an image for sec_0269 on p221.",
DOC-0136477A,sec_0269,221,5.5-image_section_mapping,PASS,,No image is mapped to sec_0269 and none is needed. The render of p221 shows no figure that belongs to this section.,
DOC-0136477A,sec_0272,225,5.4-hierarchy_level,PASS,,"On p222 the heading 'G.2 Instructions for Use' (#/texts/3065) is a level-2 heading under Appendix G, and hierarchy_level is 2.",
DOC-0136477A,sec_0272,225,5.4-parent_child,PASS,,sec_0272 has parent sec_0270 and no children. G.1 (sec_0271) is before it and G.3 (sec_0273) follows it. This matches the Contents list on p221.,
DOC-0136477A,sec_0272,225,5.4-page_start_end,PASS,,sec_0272 runs p222-p226. It starts at the G.2 heading on p222 and holds Tables G-1 to G-5 and the notes up to the folio '226'. G.3 starts on p227 in sec_0273. No text of G.1 or G.3 is inside it.,
DOC-0136477A,sec_0272,225,5.4-hierarchy_path,PASS,,The path is /Guidance and Manufacturer's Declaration/G.2 Instructions for Use. This matches the heading on p222.,
DOC-0136477A,sec_0272,225,5.4-gaps_duplicates,PASS,,The WARNING and CAUTION paragraphs on p222 and the tables on p223-p226 (#/tables/153-158) are each present once. No node is duplicated. The recovered text in #/tables/156 and #/tables/158 is not printed twice. One table line is incomplete (see table_content).,The changed tables #/tables/156 and #/tables/158 were compared with the p224 and p226 renders. No recovered text is duplicated and no row is in the wrong place.
DOC-0136477A,sec_0272,225,5.4-flagged_for_review,PASS,,"flagged_for_review is false and the verification score is 100. The heading is clear on p222, so the flag is right.",
DOC-0136477A,sec_0272,225,5.4-structural_source,PASS,,structural_source is toc. The heading matches the bookmark title and appears on p222.,
DOC-0136477A,sec_0272,225,5.6-numbering_scheme,PASS,,"Printed folios 222 to 226 equal the physical pages, so the arabic scheme is right.",
DOC-0136477A,sec_0272,225,5.6-offset_applied,PASS,,offset_applied is 0. Printed folios 222-226 match the physical pages.,
DOC-0136477A,sec_0272,225,5.6-table_content,FAIL,Medium,"Table G-5 on p226 (#/tables/158) is still incomplete. The render has three guidance lines: 'd = [1.2] x sqrt(P); 150 kHz to 80 MHz', the same for '80 MHz to 800 MHz', and 'd = [2.3] x sqrt(P); 800 MHz to 2500 MHz'. In v1.13 the third line is recovered only as 'P ; 800 MHz to 2500 MHz' in a new row. The words 'd = [2.3] x' are missing, so the coefficient is not there. Other tables match the renders: #/tables/153, 154 and 157 are complete. #/tables/155 and #/tables/156 on p224 have the recovered text printed once. In #/tables/156 'Separation Distance' is missing before '(meters)' and the square roots are lost ('d = 1.2 P').","Same grade as v1.12 (Medium). BUG-030 recovered the third line only in part: 'P ; 800 MHz to 2500 MHz' is now in its own row, but 'd = [2.3] x' is still lost. The same 2.3 coefficient for 800 to 2500 MHz is in Table G-3 (#/tables/156), so the information survives. Lost square roots and merged cells are probably BUG-008 or planned Phase 4 work. Row page is 225 but the issue is on p226."
DOC-0136477A,sec_0272,225,5.5-filters_discarding,PASS,,On p226 the antenna symbol is kept as img_0106 (68x87 px). It is the 'interference may occur near this symbol' mark. The other pages have no figure. Nothing meaningful is lost.,
DOC-0136477A,sec_0272,225,5.5-filters_passing_noise,PASS,,"Only img_0106 is kept in this section. It is the antenna symbol with its own meaning, not noise. No rule, logo or divider is kept.",
DOC-0136477A,sec_0272,225,5.5-image_section_mapping,PASS,,"img_0106 (p226) is mapped to sec_0272. The symbol is printed inside Table G-5 under G.2, so the mapping is right.",
DOC-0136477A,sec_0274,229,5.4-hierarchy_level,PASS,,"On p229 the heading 'G.3.1 Quality of Service for Wireless Technology' (#/texts/3114) is a level-3 heading under G.3, and hierarchy_level is 3.",
DOC-0136477A,sec_0274,229,5.4-parent_child,PASS,,sec_0274 has parent sec_0273 (G.3) and no children. It follows its parent and precedes G.3.2 (sec_0275).,
DOC-0136477A,sec_0274,229,5.4-page_start_end,PASS,,"sec_0274 is on p229 only. It starts at the G.3.1 heading and has two paragraphs and the folio '229'. Table G-6 above the heading is not in this section, which is right because it belongs to G.3. G.3.2 starts on p230.",
DOC-0136477A,sec_0274,229,5.4-hierarchy_path,PASS,,The path is /Guidance and Manufacturer's Declaration/G.3 Wireless Technology Information/G.3.1 Quality of Service for Wireless Technology. This matches p229.,
DOC-0136477A,sec_0274,229,5.4-gaps_duplicates,PASS,,The heading and two paragraphs on p229 (#/texts/3114-3117) are present once and in order. Nothing is duplicated or missing.,
DOC-0136477A,sec_0274,229,5.4-flagged_for_review,PASS,,"flagged_for_review is false and the verification score is 100. The heading is clear on p229, so the flag is right.",
DOC-0136477A,sec_0274,229,5.4-structural_source,PASS,,structural_source is toc. The heading matches the bookmark title and appears on p229.,
DOC-0136477A,sec_0274,229,5.6-numbering_scheme,PASS,,"Printed folio 229 equals the physical page, so the arabic scheme is right.",
DOC-0136477A,sec_0274,229,5.6-offset_applied,PASS,,offset_applied is 0. Printed folio 229 is physical page 229.,
DOC-0136477A,sec_0274,229,5.5-filters_discarding,FAIL,Low,"On p229 Table G-6 above the heading has a small MIC (Japan) certification mark (R 201-140137) in the cell 'MIC (Japan) (Certification ID: ...)'. It is a raster and it is not in images.json. The same cell text gives the other IDs, so only the small mark is lost. This table is probably owned by the parent G.3 (sec_0273), so a human should check which section owns the mark.","Same as v1.12 (Low). Small icon dropped, and the cell text states the certification ID. The mark sits in the table of the parent G.3, so section ownership is unsure. Probably BUG-017."
DOC-0136477A,sec_0274,229,5.5-filters_passing_noise,PASS,,No decorative image is kept for p229. The footer rule and the running header are not in images.json.,
DOC-0136477A,sec_0274,229,5.5-image_section_mapping,PASS,,"images.json has no image on p229. The only visual is the small MIC mark, which is dropped (see filters_discarding), so there is nothing to map.",
DOC-0136477A,sec_0275,230,5.4-hierarchy_level,PASS,,"On p230 the heading 'G.3.2 Wireless Security Measures' (#/texts/3120) is a level-3 heading under G.3, and hierarchy_level is 3.",
DOC-0136477A,sec_0275,230,5.4-parent_child,PASS,,sec_0275 has parent sec_0273 and no children. G.3.1 is before it and G.3.3 follows it. This matches p229-p230.,
DOC-0136477A,sec_0275,230,5.4-page_start_end,PASS,,"sec_0275 is on p230. It holds the running header, the G.3.2 heading and its one paragraph. G.3.3 and G.3.4 on the same page are in their own sections (sec_0276 and next). No G.3.3 text is absorbed.",
DOC-0136477A,sec_0275,230,5.4-hierarchy_path,PASS,,The path is /Guidance and Manufacturer's Declaration/G.3 Wireless Technology Information/G.3.2 Wireless Security Measures. This matches p230.,
DOC-0136477A,sec_0275,230,5.4-gaps_duplicates,PASS,,The G.3.2 paragraph (#/texts/3121) is present once. The G.3.3 and G.3.4 headings that follow on p230 are not in this section. Nothing is duplicated.,
DOC-0136477A,sec_0275,230,5.4-flagged_for_review,PASS,,"flagged_for_review is false and the verification score is 100. The heading is clear on p230, so the flag is right.",
DOC-0136477A,sec_0275,230,5.4-structural_source,PASS,,structural_source is toc. The heading matches the bookmark title and appears on p230.,
DOC-0136477A,sec_0275,230,5.6-numbering_scheme,PASS,,"Printed folio 230 equals the physical page, so the arabic scheme is right.",
DOC-0136477A,sec_0275,230,5.6-offset_applied,PASS,,offset_applied is 0. Printed folio 230 is physical page 230.,
DOC-0136477A,sec_0275,230,5.5-filters_discarding,PASS,,"p230 has only text, a note box and a numbered list. No figure is lost.",
DOC-0136477A,sec_0275,230,5.5-filters_passing_noise,PASS,,"No image is kept for p230, and none is decorative noise.",
DOC-0136477A,sec_0275,230,5.5-image_section_mapping,PASS,,"images.json has no image on p230, and none is needed.",
DOC-0136477A,sec_0279,240,5.4-hierarchy_level,PASS,,The p240 page is not part of sec_0279. The section heading on p231 is level 3 and hierarchy_level is 3. p240 is the back cover.,
DOC-0136477A,sec_0279,240,5.4-parent_child,PASS,,"sec_0279 has parent sec_0273 and no children. p240 is the unbookmarked back cover, so it has no effect on this relation.",
DOC-0136477A,sec_0279,240,5.4-page_start_end,PASS,,"sec_0279 ends on p232 at the folio '232' (#/texts/3175). The back cover on p240 (legal notice and Edwards logo) is not in any node of sec_0279, so no back matter is absorbed. The section keeps the right boundary.",
DOC-0136477A,sec_0279,240,5.4-hierarchy_path,PASS,,The path is /Guidance and Manufacturer's Declaration/G.3 Wireless Technology Information/G.3.6 European Union R&TTE Statements. This is right.,
DOC-0136477A,sec_0279,240,5.4-gaps_duplicates,PASS,,The nodes of sec_0279 are all on p231-p232 (#/texts/3153-3175). None comes from p240. Nothing is duplicated.,
DOC-0136477A,sec_0279,240,5.4-flagged_for_review,PASS,,flagged_for_review is false and the verification score is 100. This is right for a section with a clear heading.,
DOC-0136477A,sec_0279,240,5.4-structural_source,PASS,,structural_source is toc. The heading matches the bookmark title.,
DOC-0136477A,sec_0279,240,5.6-numbering_scheme,PASS,,"The section uses the arabic scheme (folios 231-232), which is right. p240 has no printed folio.",
DOC-0136477A,sec_0279,240,5.6-offset_applied,PASS,,"offset_applied is 0. Folios 231-232 equal physical pages, so this is right.",
DOC-0136477A,sec_0279,240,5.5-filters_discarding,PASS,,"p240 has only the legal text and the Edwards logo. The logo is kept as img_0107, so nothing meaningful is lost. The legal text on p240 is not in sec_0279.",
DOC-0136477A,sec_0279,240,5.5-filters_passing_noise,FAIL,Low,"img_0107 (176x216 px, origin vector, p240) is the Edwards logo from the back cover. It is a decorative logo and it is still kept in the image output, as in v1.12.","Same as v1.12 (Low). Decorative logo kept as an image, with no section, so the impact is small. Probably the vector-figure rule accepts the logo."
DOC-0136477A,sec_0279,240,5.5-image_section_mapping,PASS,,"img_0107 has section_id null. It is not mapped to sec_0279 or to any section, which is right for a back cover logo.",
