manual_id,section_id,page_sampled,checklist_ref,result,severity,evidence,notes
LOGIQ_e_R9_General_Service_Manual,sec_0001,29,5.4-hierarchy_level,PASS,,"PDF p29: bookmark/heading 'Chapter 1 Introduction' es un titulo de capitulo raiz (portada azul de capitulo, sin indentacion de subseccion). hierarchy_level=1 coincide con el nivel real.",
LOGIQ_e_R9_General_Service_Manual,sec_0001,29,5.4-parent_child,PASS,,"sec_0001 es raiz (parent_section_id=null), consistente: es uno de los 11 capitulos de nivel 1 del manual, no depende de ningun padre.",
LOGIQ_e_R9_General_Service_Manual,sec_0001,29,5.4-page_start_end,PASS,,"PDF p29 = 'Chapter 1 Introduction' (pagina impresa 1-1, portada de capitulo). PDF p68 = 'Phone numbers for Customer Assistance' + 'System manufacturer' + 'Factory Site' (pagina impresa 1-40), ultima pagina antes de 'Chapter 2 Site Preparations' en p69. Limites exactos confirmados leyendo ambas paginas.",
LOGIQ_e_R9_General_Service_Manual,sec_0001,29,5.4-hierarchy_path,PASS,,hierarchy_path='/Introduction' correcto para nodo raiz de nivel 1.,
LOGIQ_e_R9_General_Service_Manual,sec_0001,29,5.4-gaps_duplicates,PASS,,"p68 (fin Introduction) -> p69 (inicio Site Preparations, Chapter 2) es contiguo, sin hueco ni pagina duplicada entre capitulos.",
LOGIQ_e_R9_General_Service_Manual,sec_0001,29,5.4-flagged_for_review,PASS,,flagged_for_review=False confirmado: no se detecto ningun problema de limites/jerarquia al leer el PDF; el flag esta correctamente en False.,
LOGIQ_e_R9_General_Service_Manual,sec_0001,29,5.4-structural_source,PASS,,"structural_source='toc' confirmado: p30 muestra 'Contents in this chapter' listando exactamente los titulos de las subsecciones (Manual Overview, Product icons, Safety considerations, etc.) que coinciden con los bookmarks reales del PDF.",
LOGIQ_e_R9_General_Service_Manual,sec_0001,29,5.6-numbering_scheme,PASS,,"numbering_scheme='arabic' correcto: pie de pagina usa numeracion arabiga tipo '1-1', '1-2'... '1-40'.",
LOGIQ_e_R9_General_Service_Manual,sec_0001,29,5.6-offset_applied,PASS,,offset_applied=0 razonable: page_start=29 (indice absoluto del PDF) ya refleja el contenido real de Chapter 1 (pagina impresa 1-1); no se requiere offset adicional especifico de esta seccion mas alla de la deteccion global de front-matter (28 paginas de portada).,
LOGIQ_e_R9_General_Service_Manual,sec_0001,29,5.5-filters_discarding,PASS,,"sec_0001 (nodo raiz) no tiene imagenes propias (images_in_section_json=[]), correcto: su contenido propio (p29-30) es solo titulo de capitulo + parrafo introductorio + tabla de contenidos, sin fotos ni figuras; las figuras reales del capitulo (Fig.1-1, 1-2, icons) pertenecen correctamente a las subsecciones hijas, no a la raiz.",
LOGIQ_e_R9_General_Service_Manual,sec_0001,29,5.5-filters_passing_noise,PASS,,"No aplica ruido: 0 imagenes mapeadas a la raiz, consistente con que su contenido propio no incluye figuras.",
LOGIQ_e_R9_General_Service_Manual,sec_0001,29,5.5-image_section_mapping,PASS,,"Verificado con _images_index.json: ninguna imagen del rango p29-68 quedo mal asignada a sec_0001; todas las imagenes del capitulo (p37, p42, p45) estan correctamente atribuidas a sus subsecciones (sec_0003, sec_0005).",
LOGIQ_e_R9_General_Service_Manual,sec_0003,36,5.4-hierarchy_level,PASS,,"PDF p31: encabezado 'Manual Overview' es un titulo de seccion (subtitulo azul bajo breadcrumb 'Manual Overview' en la cabecera de pagina), nivel 2 real, subordinado al capitulo 'Introduction'. hierarchy_level=2 correcto.",
LOGIQ_e_R9_General_Service_Manual,sec_0003,36,5.4-parent_child,PASS,,Confirmado con parent_summary: parent_section_id=sec_0001 'Introduction'. PDF p30 'Contents in this chapter' del Capitulo 1 lista explicitamente 'Manual Overview' on page 1-3 como subseccion de Introduction. Pertenece genuinamente a ese capitulo.,
LOGIQ_e_R9_General_Service_Manual,sec_0003,36,5.4-page_start_end,PASS,,"PDF p31 (1-3) = encabezado 'Manual Overview' (inicio real). PDF p37 (1-9) = 'General Caution' con Figure 1-1 (Capacity load of the LOGIQ e Cart), ultima pagina antes de que p38 (1-10) inicie 'Important conventions' (sec_0004, no muestreada). Limites exactos confirmados.",
LOGIQ_e_R9_General_Service_Manual,sec_0003,36,5.4-hierarchy_path,PASS,,hierarchy_path='/Introduction/Manual Overview' refleja correctamente la ruta real capitulo/subseccion observada en el PDF.,
LOGIQ_e_R9_General_Service_Manual,sec_0003,36,5.4-gaps_duplicates,PASS,,"p37 (fin Manual Overview) -> p38 (inicio Important conventions, no muestreada) contiguo sin hueco ni duplicado.",
LOGIQ_e_R9_General_Service_Manual,sec_0003,36,5.4-flagged_for_review,PASS,,flagged_for_review=False confirmado correcto: seccion sin anomalias detectadas en la revision manual.,
LOGIQ_e_R9_General_Service_Manual,sec_0003,36,5.4-structural_source,PASS,,structural_source='toc' confirmado: 'Manual Overview' aparece listado en el TOC del capitulo (p30) con su pagina exacta 1-3.,
LOGIQ_e_R9_General_Service_Manual,sec_0003,36,5.6-numbering_scheme,PASS,,"numbering_scheme='arabic' correcto, pie de pagina '1-3'...'1-9'.",
LOGIQ_e_R9_General_Service_Manual,sec_0003,36,5.6-offset_applied,PASS,,offset_applied=0 consistente con el resto de la seccion raiz; page_start=31 mapea correctamente a la pagina impresa 1-3 sin necesitar offset adicional especifico.,
LOGIQ_e_R9_General_Service_Manual,sec_0003,36,5.6-table_content,PASS,,"5 tablas verificadas contra el PDF, todas con grilla markdown real (no placeholder): p31/p32 Table 1-1 'Contents in this manual' (capitulos 1-11), p33 Table 1-2 'LOGIQ e Model Designations' (H48942CC...), p35 Table 1-3 'Software difference between models', p36 Table 1-4 'Probe difference between models'. Contenido coincide exactamente con el texto real de las tablas del PDF.",
LOGIQ_e_R9_General_Service_Manual,sec_0003,36,5.5-filters_discarding,PASS,,"Solo se mapeo 1 imagen (Figure 1-1, p37), correcto: el resto de la seccion es texto/tablas sin fotos adicionales; no se detecto ruido decorativo colado.",
LOGIQ_e_R9_General_Service_Manual,sec_0003,36,5.5-filters_passing_noise,PASS,,"Imagen mapeada (386x520, ratio 0.74) es una foto de producto real (LOGIQ e Cart con marcas 1/2 de carga), formato vertical normal, muy lejos del patron de franja decorativa ~14:1. No hay indicio de ruido.",
LOGIQ_e_R9_General_Service_Manual,sec_0003,36,5.5-image_section_mapping,PASS,,Imagen en p37 (dentro del rango 31-37 de la seccion) mapeada correctamente a sec_0003; verificado tambien contra _images_index.json.,
LOGIQ_e_R9_General_Service_Manual,sec_0005,42,5.4-hierarchy_level,PASS,,"PDF p42: encabezado 'Product icons' es titulo de seccion nivel 2, subordinado a Introduction (breadcrumb superior 'Introduction' en paginas de continuacion). hierarchy_level=2 correcto.",
LOGIQ_e_R9_General_Service_Manual,sec_0005,42,5.4-parent_child,PASS,,"Confirmado con parent_summary: parent_section_id=sec_0001. TOC del capitulo (p30) lista 'Product icons' on page 1-14 dentro de Introduction. Pertenece genuinamente a ese capitulo, no a otro.",
LOGIQ_e_R9_General_Service_Manual,sec_0005,42,5.4-page_start_end,PASS,,"PDF p42 (1-14) = encabezado 'Product icons' (Label Locations, Figure 1-2). PDF p50 (1-22) = ultima pagina de Table 1-7 'Label Icons (Continued)' (UDI, eIFU, MR Unsafe, CH-REP), justo antes de que p51 (1-23) inicie 'Safety considerations'. Limites exactos confirmados.",
LOGIQ_e_R9_General_Service_Manual,sec_0005,42,5.4-hierarchy_path,PASS,,hierarchy_path='/Introduction/Product icons' correcto y verificado.,
LOGIQ_e_R9_General_Service_Manual,sec_0005,42,5.4-gaps_duplicates,PASS,,p50 -> p51 contiguo sin hueco ni duplicado (fin Product icons / inicio Safety considerations).,
LOGIQ_e_R9_General_Service_Manual,sec_0005,42,5.4-flagged_for_review,PASS,,"flagged_for_review=False confirmado correcto, sin anomalias detectadas.",
LOGIQ_e_R9_General_Service_Manual,sec_0005,42,5.4-structural_source,PASS,,structural_source='toc' confirmado: listado en TOC del capitulo (p30) con pagina exacta 1-14.,
LOGIQ_e_R9_General_Service_Manual,sec_0005,42,5.6-numbering_scheme,PASS,,"numbering_scheme='arabic' correcto, pie de pagina '1-14'...'1-22'.",
LOGIQ_e_R9_General_Service_Manual,sec_0005,42,5.6-offset_applied,PASS,,offset_applied=0 consistente; page_start=42 mapea correctamente a pagina impresa 1-14.,
LOGIQ_e_R9_General_Service_Manual,sec_0005,42,5.6-table_content,PASS,,"8 tablas (Table 1-7 en 8 paginas, p43-50) verificadas: contienen grillas markdown reales con columnas Label/Icon | Purpose/Meaning | Location | Reference y texto real de cada fila (REF, SN, IP Code, CE marking, WEEE, UDI, etc.), no placeholders. Nota menor: la columna 'Label/Icon' queda vacia o mezclada en varias filas porque el icono es una imagen incrustada (no texto) — comportamiento esperado, no indica placeholder ni perdida de contenido textual.",
LOGIQ_e_R9_General_Service_Manual,sec_0005,42,5.5-filters_discarding,PASS,,"Solo 2 imagenes mapeadas (p42 foto de ubicacion de etiquetas, p45 etiqueta amarilla CAUTION/CISPR). Docenas de iconos pequenos individuales dentro de Table 1-7 (REF, SN, WEEE, CE, etc., p43-50) NO se extrajeron como imagenes separadas — correctamente descartados/tratados como parte de celdas de tabla en vez de generar ruido de imagenes sueltas.",
LOGIQ_e_R9_General_Service_Manual,sec_0005,42,5.5-filters_passing_noise,PASS,,"Imagenes verificadas: p42 (1558x789, ratio 1.97, foto real de consola) y p45 (408x181, ratio 2.25, etiqueta amarilla de advertencia con texto). Ninguna cerca del patron de franja decorativa ~14:1; ambas son contenido real informativo.",
LOGIQ_e_R9_General_Service_Manual,sec_0005,42,5.5-image_section_mapping,PASS,,"Ambas imagenes (p42, p45) caen dentro del rango de paginas de la seccion (42-50) y estan correctamente asignadas a sec_0005, verificado contra _images_index.json.",
LOGIQ_e_R9_General_Service_Manual,sec_0006,55,5.4-hierarchy_level,PASS,,PDF p51: encabezado 'Safety considerations' es titulo de seccion nivel 2 dentro de Introduction. hierarchy_level=2 correcto.,
LOGIQ_e_R9_General_Service_Manual,sec_0006,55,5.4-parent_child,PASS,,Confirmado con parent_summary: parent_section_id=sec_0001. TOC del capitulo (p30) lista 'Safety considerations' on page 1-23 dentro de Introduction. Pertenece genuinamente a ese capitulo.,
LOGIQ_e_R9_General_Service_Manual,sec_0006,55,5.4-page_start_end,PASS,,"PDF p51 (1-23) = encabezado 'Safety considerations' (Human Safety). PDF p61 (1-33) = ultima pagina de 'Battery Safety (continued)' con WARNING final sobre reemplazo de baterias, justo antes de que p62 (1-34) inicie 'Dangerous procedure warnings'. Limites exactos confirmados.",
LOGIQ_e_R9_General_Service_Manual,sec_0006,55,5.4-hierarchy_path,PASS,,hierarchy_path='/Introduction/Safety considerations' correcto y verificado.,
LOGIQ_e_R9_General_Service_Manual,sec_0006,55,5.4-gaps_duplicates,PASS,,p61 -> p62 contiguo sin hueco ni duplicado.,
LOGIQ_e_R9_General_Service_Manual,sec_0006,55,5.4-flagged_for_review,PASS,,"flagged_for_review=False confirmado correcto, sin anomalias detectadas en 11 paginas revisadas.",
LOGIQ_e_R9_General_Service_Manual,sec_0006,55,5.4-structural_source,PASS,,structural_source='toc' confirmado: listado en TOC del capitulo (p30) con pagina exacta 1-23.,
LOGIQ_e_R9_General_Service_Manual,sec_0006,55,5.6-numbering_scheme,PASS,,"numbering_scheme='arabic' correcto, pie de pagina '1-23'...'1-33'.",
LOGIQ_e_R9_General_Service_Manual,sec_0006,55,5.6-offset_applied,PASS,,offset_applied=0 consistente; page_start=51 mapea correctamente a pagina impresa 1-23.,
LOGIQ_e_R9_General_Service_Manual,sec_0007,62,5.4-hierarchy_level,PASS,,PDF p62: encabezado 'Dangerous procedure warnings' es titulo de seccion nivel 2 dentro de Introduction (pagina unica). hierarchy_level=2 correcto.,
LOGIQ_e_R9_General_Service_Manual,sec_0007,62,5.4-parent_child,PASS,,Confirmado con parent_summary: parent_section_id=sec_0001. TOC del capitulo (p30) lista 'Dangerous procedure warnings' on page 1-34 dentro de Introduction.,
LOGIQ_e_R9_General_Service_Manual,sec_0007,62,5.4-page_start_end,PASS,,"PDF p62 (1-34) = encabezado 'Dangerous procedure warnings' con ejemplos DANGER/WARNING, seccion de una sola pagina; p63 (1-35) ya inicia 'Lockout/Tagout (LOTO) requirements' (sec_0008, no muestreada). page_start=page_end=62 confirmado exacto.",
LOGIQ_e_R9_General_Service_Manual,sec_0007,62,5.4-hierarchy_path,PASS,,hierarchy_path='/Introduction/Dangerous procedure warnings' correcto y verificado.,
LOGIQ_e_R9_General_Service_Manual,sec_0007,62,5.4-gaps_duplicates,PASS,,"p62 -> p63 contiguo sin hueco ni duplicado, seccion de 1 pagina bien delimitada.",
LOGIQ_e_R9_General_Service_Manual,sec_0007,62,5.4-flagged_for_review,PASS,,flagged_for_review=False confirmado correcto.,
LOGIQ_e_R9_General_Service_Manual,sec_0007,62,5.4-structural_source,PASS,,structural_source='toc' confirmado: listado en TOC del capitulo (p30) con pagina exacta 1-34.,
LOGIQ_e_R9_General_Service_Manual,sec_0007,62,5.6-numbering_scheme,PASS,,"numbering_scheme='arabic' correcto, pie de pagina '1-34'.",
LOGIQ_e_R9_General_Service_Manual,sec_0007,62,5.6-offset_applied,PASS,,offset_applied=0 consistente; page_start=62 mapea correctamente a pagina impresa 1-34.,
LOGIQ_e_R9_General_Service_Manual,sec_0011,68,5.4-hierarchy_level,PASS,,PDF p67: encabezado 'Customer assistance' es titulo de seccion nivel 2 dentro de Introduction (ultima subseccion del capitulo). hierarchy_level=2 correcto.,
LOGIQ_e_R9_General_Service_Manual,sec_0011,68,5.4-parent_child,PASS,,Confirmado con parent_summary: parent_section_id=sec_0001. TOC del capitulo (p30) lista 'Customer assistance' on page 1-39 dentro de Introduction.,
LOGIQ_e_R9_General_Service_Manual,sec_0011,68,5.4-page_start_end,PASS,,"PDF p67 (1-39) = encabezado 'Customer assistance' (Contact information, lista de 8 items). PDF p68 (1-40) = 'Phone numbers for Customer Assistance' (Table 1-8) + 'System manufacturer' + 'Factory Site', ultima pagina del capitulo 1 (p69 inicia Chapter 2). Limites exactos confirmados.",
LOGIQ_e_R9_General_Service_Manual,sec_0011,68,5.4-hierarchy_path,PASS,,hierarchy_path='/Introduction/Customer assistance' correcto y verificado.,
LOGIQ_e_R9_General_Service_Manual,sec_0011,68,5.4-gaps_duplicates,PASS,,p68 (fin de Customer assistance y de todo el capitulo 1) -> p69 (inicio Chapter 2 Site Preparations) contiguo sin hueco ni duplicado.,
LOGIQ_e_R9_General_Service_Manual,sec_0011,68,5.4-flagged_for_review,PASS,,flagged_for_review=False confirmado correcto.,
LOGIQ_e_R9_General_Service_Manual,sec_0011,68,5.4-structural_source,PASS,,structural_source='toc' confirmado: listado en TOC del capitulo (p30) con pagina exacta 1-39.,
LOGIQ_e_R9_General_Service_Manual,sec_0011,68,5.6-numbering_scheme,PASS,,"numbering_scheme='arabic' correcto, pie de pagina '1-39','1-40'.",
LOGIQ_e_R9_General_Service_Manual,sec_0011,68,5.6-offset_applied,PASS,,offset_applied=0 consistente; page_start=67 mapea correctamente a pagina impresa 1-39.,
LOGIQ_e_R9_General_Service_Manual,sec_0011,68,5.6-table_content,PASS,,"1 tabla verificada (Table 1-8 'Phone numbers for Customer Assistance', p68): grilla markdown real con filas USA, Canada, Latin America, Europe, Asia (Singapore), Japan Support Center y numeros de telefono/fax reales — no es placeholder.",
LOGIQ_e_R9_General_Service_Manual,sec_0012,69,5.4-hierarchy_level,PASS,,"PDF p69: bookmark/heading 'Chapter 2 Site Preparations' es titulo de capitulo raiz (portada azul de capitulo, mismo formato que Chapter 1). hierarchy_level=1 correcto.",
LOGIQ_e_R9_General_Service_Manual,sec_0012,69,5.4-parent_child,PASS,,"sec_0012 es raiz (parent_section_id=null), consistente: es uno de los 11 capitulos de nivel 1 del manual.",
LOGIQ_e_R9_General_Service_Manual,sec_0012,69,5.4-page_start_end,PASS,,"PDF p69 (2-1) = 'Chapter 2 Site Preparations' (portada de capitulo). PDF p88 (2-20) = 'Environmental Dangers' con Figure 2-3 (Patient environment), ultima pagina del capitulo antes de que Chapter 3 inicie en p89. Limites exactos confirmados.",
LOGIQ_e_R9_General_Service_Manual,sec_0012,69,5.4-hierarchy_path,PASS,,hierarchy_path='/Site Preparations' correcto para nodo raiz de nivel 1.,
LOGIQ_e_R9_General_Service_Manual,sec_0012,69,5.4-gaps_duplicates,PASS,,"p68 (fin capitulo 1) -> p69 (inicio capitulo 2) contiguo, sin hueco ni duplicado.",
LOGIQ_e_R9_General_Service_Manual,sec_0012,69,5.4-flagged_for_review,PASS,,"flagged_for_review=False confirmado correcto, sin anomalias detectadas.",
LOGIQ_e_R9_General_Service_Manual,sec_0012,69,5.4-structural_source,PASS,,"structural_source='toc' confirmado: p70 muestra 'Contents in this chapter' listando exactamente 'General requirements', 'Facility needs', 'Environmental Dangers' con sus paginas reales, coincidiendo con los bookmarks del PDF.",
LOGIQ_e_R9_General_Service_Manual,sec_0012,69,5.6-numbering_scheme,PASS,,"numbering_scheme='arabic' correcto, pie de pagina '2-1'...'2-20'.",
LOGIQ_e_R9_General_Service_Manual,sec_0012,69,5.6-offset_applied,PASS,,"offset_applied=0 razonable: page_start=69 mapea correctamente a pagina impresa 2-1 (inmediatamente despues del fin del capitulo 1 en p68/1-40), sin necesitar offset adicional especifico de esta seccion.",
LOGIQ_e_R9_General_Service_Manual,sec_0012,69,5.5-filters_discarding,PASS,,"sec_0012 (nodo raiz) no tiene imagenes propias, correcto: su contenido propio (p69-70) es solo titulo de capitulo + parrafo introductorio + TOC del capitulo, sin fotos; las figuras reales (Fig.2-1 room layout, Fig.2-2 DICOM worksheet, Fig.2-3 patient environment) pertenecen a las subsecciones hijas.",
LOGIQ_e_R9_General_Service_Manual,sec_0012,69,5.5-filters_passing_noise,PASS,,"No aplica ruido: 0 imagenes mapeadas a la raiz, consistente con su contenido propio.",
LOGIQ_e_R9_General_Service_Manual,sec_0012,69,5.5-image_section_mapping,PASS,,"Verificado con _images_index.json: ninguna imagen del rango p69-88 quedo mal asignada a sec_0012; las imagenes del capitulo (p87 sec_0015, p88 sec_0016) estan correctamente atribuidas a sus subsecciones respectivas.",
LOGIQ_e_R9_General_Service_Manual,sec_0014,78,5.4-hierarchy_level,PASS,,PDF p71: encabezado 'General requirements' es titulo de seccion nivel 2 dentro de Site Preparations. hierarchy_level=2 correcto.,
LOGIQ_e_R9_General_Service_Manual,sec_0014,78,5.4-parent_child,PASS,,Confirmado con parent_summary: parent_section_id=sec_0012. TOC del capitulo (p70) lista 'General requirements' on page 2-3 dentro de Site Preparations. Pertenece genuinamente a ese capitulo.,
LOGIQ_e_R9_General_Service_Manual,sec_0014,78,5.4-page_start_end,PASS,,"PDF p71 (2-3) = encabezado 'General requirements' (System Acclimation Time Chart). PDF p79 (2-11) = 'Probes environmental requirements' con Table 2-8, justo antes de que p80 (2-12) inicie 'Facility needs' (sec_0015, no muestreada). Limites exactos confirmados.",
LOGIQ_e_R9_General_Service_Manual,sec_0014,78,5.4-hierarchy_path,PASS,,hierarchy_path='/Site Preparations/General requirements' correcto y verificado.,
LOGIQ_e_R9_General_Service_Manual,sec_0014,78,5.4-gaps_duplicates,PASS,,p79 -> p80 contiguo sin hueco ni duplicado.,
LOGIQ_e_R9_General_Service_Manual,sec_0014,78,5.4-flagged_for_review,PASS,,"flagged_for_review=False confirmado correcto, sin anomalias detectadas en 9 paginas revisadas.",
LOGIQ_e_R9_General_Service_Manual,sec_0014,78,5.4-structural_source,PASS,,structural_source='toc' confirmado: listado en TOC del capitulo (p70) con pagina exacta 2-3.,
LOGIQ_e_R9_General_Service_Manual,sec_0014,78,5.6-numbering_scheme,PASS,,"numbering_scheme='arabic' correcto, pie de pagina '2-3'...'2-11'.",
LOGIQ_e_R9_General_Service_Manual,sec_0014,78,5.6-offset_applied,PASS,,offset_applied=0 consistente; page_start=71 mapea correctamente a pagina impresa 2-3.,
LOGIQ_e_R9_General_Service_Manual,sec_0014,78,5.6-table_content,PASS,,"8 tablas verificadas contra el PDF, todas con grilla markdown real (no placeholder): p71 Table 2-1 Acclimation Time Chart, p72 Table 2-2/2-3 Environmental Requirements (2 tablas en la misma pagina, correctamente separadas), p73 Table 2-4, p74 Table 2-5 Adapter, p76 Table 2-6 Cart, p78 Table 2-7 EMI prevention/abatement, p79 Table 2-8 Probes temperatures. Contenido coincide exactamente con el texto real de las tablas del PDF.",
LOGIQ_e_R9_General_Service_Manual,sec_0016,88,5.4-hierarchy_level,PASS,,"PDF p88: encabezado 'Environmental Dangers' es titulo de seccion nivel 2 dentro de Site Preparations (pagina unica, ultima del capitulo). hierarchy_level=2 correcto.",
LOGIQ_e_R9_General_Service_Manual,sec_0016,88,5.4-parent_child,PASS,,Confirmado con parent_summary: parent_section_id=sec_0012. TOC del capitulo (p70) lista 'Environmental Dangers' on page 2-20 dentro de Site Preparations.,
LOGIQ_e_R9_General_Service_Manual,sec_0016,88,5.4-page_start_end,PASS,,"PDF p88 (2-20) = encabezado 'Environmental Dangers' con Figure 2-3 'Patient environment', seccion de una sola pagina, ultima del capitulo (Chapter 3 inicia en p89). page_start=page_end=88 confirmado exacto.",
LOGIQ_e_R9_General_Service_Manual,sec_0016,88,5.4-hierarchy_path,PASS,,hierarchy_path='/Site Preparations/Environmental Dangers' correcto y verificado.,
LOGIQ_e_R9_General_Service_Manual,sec_0016,88,5.4-gaps_duplicates,PASS,,"p79 (fin General requirements) -> p80 (Facility needs, no muestreada) -> ... -> p88 (Environmental Dangers) forman una secuencia contigua sin huecos ni duplicados dentro del capitulo.",
LOGIQ_e_R9_General_Service_Manual,sec_0016,88,5.4-flagged_for_review,PASS,,flagged_for_review=False confirmado correcto.,
LOGIQ_e_R9_General_Service_Manual,sec_0016,88,5.4-structural_source,PASS,,structural_source='toc' confirmado: listado en TOC del capitulo (p70) con pagina exacta 2-20.,
LOGIQ_e_R9_General_Service_Manual,sec_0016,88,5.6-numbering_scheme,PASS,,"numbering_scheme='arabic' correcto, pie de pagina '2-20'.",
LOGIQ_e_R9_General_Service_Manual,sec_0016,88,5.6-offset_applied,PASS,,offset_applied=0 consistente; page_start=88 mapea correctamente a pagina impresa 2-20.,
LOGIQ_e_R9_General_Service_Manual,sec_0016,88,5.5-filters_discarding,PASS,,"Solo se mapeo 1 imagen (Figure 2-3, p88), consistente con el contenido real de la pagina (un solo diagrama compuesto); no se detecto ruido adicional.",
LOGIQ_e_R9_General_Service_Manual,sec_0016,88,5.5-filters_passing_noise,PASS,,"Imagen verificada (1590x397, ratio 4.01) corresponde a Figure 2-3 'Patient environment', que combina dos diagramas lado a lado (cama + vista superior) en una sola imagen ancha — explica el ratio 4:1. Lejos del patron de franja decorativa ~14:1 conocido; es contenido real, no ruido.",
LOGIQ_e_R9_General_Service_Manual,sec_0016,88,5.5-image_section_mapping,PASS,,"Imagen en p88 cae exactamente dentro del rango de la seccion (88-88) y esta correctamente asignada a sec_0016, verificado contra _images_index.json.",
LOGIQ_e_R9_General_Service_Manual,sec_0017,89,5.4-hierarchy_level,PASS,,"hierarchy_level=1 en tree.json. PDF p.89 muestra 'Chapter 3 / System Setup' como pagina de titulo de capitulo raiz, consistente con nivel 1.",
LOGIQ_e_R9_General_Service_Manual,sec_0017,89,5.4-parent_child,PASS,,parent_section_id=null. Correcto: es capitulo raiz sin padre; los 8 child_sections (sec_0018..sec_0025) son subsecciones reales de 'System Setup' segun el indice p.90.,
LOGIQ_e_R9_General_Service_Manual,sec_0017,89,5.4-page_start_end,PASS,,"page_start=89 coincide con 'Chapter 3 System Setup' (folio impreso 3-1). page_end=162 coincide con la ultima pagina del capitulo (Table 3-20 ECG Technical Specifications, folio 3-74); p.163 inicia 'Chapter 4' segun per_page_first_node_sample.",
LOGIQ_e_R9_General_Service_Manual,sec_0017,89,5.4-hierarchy_path,PASS,,hierarchy_path='/System Setup' coincide exactamente con el titulo del capitulo.,
LOGIQ_e_R9_General_Service_Manual,sec_0017,89,5.4-gaps_duplicates,PASS,,"Los rangos de las subsecciones muestreadas (94-99, 102-110, 111-124, 126-162) son contiguos entre si y con las no muestreadas (sec_0021 approx 100-101, sec_0024 approx 125), sin huecos ni solapes visibles dentro del capitulo.",
LOGIQ_e_R9_General_Service_Manual,sec_0017,89,5.4-flagged_for_review,PASS,,"flagged_for_review=false. Inspeccion manual de las 74 paginas no encontro anomalias que ameritaran revision (limites de pagina exactos, jerarquia coherente).",
LOGIQ_e_R9_General_Service_Manual,sec_0017,89,5.4-structural_source,PASS,,structural_source='toc'. La pagina de titulo 'Chapter 3 / System Setup' (p.89) y el listado 'Contents in this chapter' (p.90) son consistentes con origen por bookmarks/TOC del PDF.,
LOGIQ_e_R9_General_Service_Manual,sec_0017,89,5.6-numbering_scheme,PASS,,"numbering_scheme='arabic'. Folios impresos usan formato '3-1','3-2'... (numeros arabigos con prefijo de capitulo), clasificacion correcta.",
LOGIQ_e_R9_General_Service_Manual,sec_0017,89,5.6-offset_applied,PASS,,offset_applied=0. La pagina PDF 89 corresponde directamente al folio impreso '3-1' sin necesidad de offset para la extraccion estructural.,
LOGIQ_e_R9_General_Service_Manual,sec_0017,89,5.5-filters_discarding,PASS,,"images_in_section_json=[] a nivel del capitulo raiz. Las paginas propias del nivel raiz (89-93) solo contienen iconos de advertencia (DANGER/CAUTION triangulos) y un icono de riesgo acustico, correctamente no tratados como imagenes de contenido.",
LOGIQ_e_R9_General_Service_Manual,sec_0017,89,5.5-filters_passing_noise,PASS,,No hay imagenes atribuidas directamente a sec_0017; no se detecto ninguna franja decorativa colandose en este nivel.,
LOGIQ_e_R9_General_Service_Manual,sec_0017,89,5.5-image_section_mapping,PASS,,"Correcto que sec_0017 (nivel capitulo) tenga 0 imagenes propias: las 43 imagenes reales del capitulo estan correctamente re-atribuidas a las subsecciones hijas (sec_0020/0022/0023/0025), sin duplicacion en el padre.",
LOGIQ_e_R9_General_Service_Manual,sec_0020,96,5.4-hierarchy_level,PASS,,"hierarchy_level=2, confirmado: subseccion bajo el capitulo 'System Setup'.",
LOGIQ_e_R9_General_Service_Manual,sec_0020,96,5.4-parent_child,PASS,,"parent_section_id=sec_0017, hierarchy_path='/System Setup/Receiving and unpacking the equipment'. Contenido de p.94-99 (recepcion/desempaque del equipo) pertenece genuinamente al capitulo System Setup.",
LOGIQ_e_R9_General_Service_Manual,sec_0020,96,5.4-page_start_end,PASS,,"page_start=94 coincide con la pagina de titulo 'Receiving and unpacking the equipment' (folio 3-6). page_end=99 coincide con el cierre de la seccion ('Packing the Equipment'/'Unpacking LOGIQ e Cart', folio 3-11); p.100 (folio 3-12) inicia 'Preparing for setup', seccion distinta.",
LOGIQ_e_R9_General_Service_Manual,sec_0020,96,5.4-hierarchy_path,PASS,,hierarchy_path coincide exactamente con el titulo real de la seccion.,
LOGIQ_e_R9_General_Service_Manual,sec_0020,96,5.4-gaps_duplicates,PASS,,Rango 94-99 contiguo con el cierre de sec_0017/sec_0019 antes y el inicio de sec_0021 despues (p.100). Sin huecos ni duplicados.,
LOGIQ_e_R9_General_Service_Manual,sec_0020,96,5.4-flagged_for_review,PASS,,flagged_for_review=false confirmado; no se hallaron anomalias en la inspeccion manual.,
LOGIQ_e_R9_General_Service_Manual,sec_0020,96,5.4-structural_source,PASS,,structural_source='toc'. Titulo de seccion con estilo de encabezado (p.94) consistente con bookmark de TOC.,
LOGIQ_e_R9_General_Service_Manual,sec_0020,96,5.6-numbering_scheme,PASS,,"numbering_scheme='arabic', consistente con folios '3-6'...'3-11'.",
LOGIQ_e_R9_General_Service_Manual,sec_0020,96,5.6-offset_applied,PASS,,"offset_applied=0, consistente con el resto del capitulo.",
LOGIQ_e_R9_General_Service_Manual,sec_0020,96,5.5-filters_discarding,FAIL,Media,"Dos figuras reales referenciadas en el texto no aparecen en el indice de imagenes: Figure 3-1 'Open Top Covers of Paper Carton' (p.95) y Figure 3-2 'Unpacking the equipment' (p.96), ambas diagramas tecnicos de linea con contenido informativo (pasos 1-6 de desempaque). Verificado tambien contra _images_index.json completo (350 imagenes): no hay entradas para page_no 95 ni 96. En cambio, Figure 3-3 (p.97, mismo estilo) si fue capturada correctamente.","El texto de los pasos numerados sigue siendo legible sin las figuras, por lo que no se pierde informacion critica, pero la cobertura de imagenes de la seccion queda incompleta e inconsistente (2 de 5 figuras reales del rango 94-99 ausentes)."
LOGIQ_e_R9_General_Service_Manual,sec_0020,96,5.5-filters_passing_noise,PASS,,"Las 3 imagenes indexadas (p.97 diagrama ar 1.54; p.98 x2 franjas de iconos de etiquetas de empaque ar 4.98/5.31) son contenido real (Figuras 3-3, 3-4, 3-5), no franjas decorativas vacias. Ninguna imagen ronda el aspecto ~14:1 tipico de banners decorativos.",
LOGIQ_e_R9_General_Service_Manual,sec_0020,96,5.5-image_section_mapping,PASS,,"Las 3 imagenes indexadas (p.97, p.98 x2) caen dentro del rango de paginas 94-99 de sec_0020 y corresponden efectivamente a figuras de esta seccion (Figuras 3-3, 3-4, 3-5).",
LOGIQ_e_R9_General_Service_Manual,sec_0022,102,5.4-hierarchy_level,PASS,,hierarchy_level=2 confirmado.,
LOGIQ_e_R9_General_Service_Manual,sec_0022,102,5.4-parent_child,PASS,,"parent_section_id=sec_0017, hierarchy_path='/System Setup/Completing the setup'. Contenido de p.102-110 (especificaciones, power on/off, conexion de probes) pertenece genuinamente al capitulo System Setup.",
LOGIQ_e_R9_General_Service_Manual,sec_0022,102,5.4-page_start_end,PASS,,"page_start=102 coincide con la pagina de titulo 'Completing the setup' (folio 3-14). page_end=110 coincide con el cierre 'Disconnect a probe' (folio 3-22); p.111 (folio 3-23) inicia 'System Configuration', seccion distinta.",
LOGIQ_e_R9_General_Service_Manual,sec_0022,102,5.4-hierarchy_path,PASS,,hierarchy_path coincide exactamente con el titulo real.,
LOGIQ_e_R9_General_Service_Manual,sec_0022,102,5.4-gaps_duplicates,PASS,,Rango 102-110 contiguo con sec_0021 antes (termina en p.101) y sec_0023 despues (inicia en p.111). Sin huecos ni duplicados.,
LOGIQ_e_R9_General_Service_Manual,sec_0022,102,5.4-flagged_for_review,PASS,,flagged_for_review=false confirmado; sin anomalias detectadas.,
LOGIQ_e_R9_General_Service_Manual,sec_0022,102,5.4-structural_source,PASS,,structural_source='toc'. Titulo de seccion con estilo de encabezado (p.102) consistente con bookmark de TOC.,
LOGIQ_e_R9_General_Service_Manual,sec_0022,102,5.6-numbering_scheme,PASS,,"numbering_scheme='arabic', consistente con folios '3-14'...'3-22'.",
LOGIQ_e_R9_General_Service_Manual,sec_0022,102,5.6-offset_applied,PASS,,"offset_applied=0, consistente.",
LOGIQ_e_R9_General_Service_Manual,sec_0022,102,5.5-filters_discarding,PASS,,"Las 7 imagenes indexadas cubren exactamente las 7 figuras reales de la seccion: Fig 3-6 Battery label (p.103), Fig 3-7/3-8 Battery expire (p.104, 2 imgs), Fig 3-9 Connect AC adapter (p.105), Fig 3-10 Power switch (p.106), Fig 3-11 System Exit Window (p.107), Fig 3-12 Probe connectors (p.109). Ninguna figura real quedo fuera del indice.",
LOGIQ_e_R9_General_Service_Manual,sec_0022,102,5.5-filters_passing_noise,PASS,,Todas las imagenes son fotografias o capturas de pantalla de contenido real (aspectos 0.67-2.36); ninguna franja decorativa detectada.,
LOGIQ_e_R9_General_Service_Manual,sec_0022,102,5.5-image_section_mapping,PASS,,"Las 7 imagenes (p.103,104x2,105,106,107,109) caen dentro del rango 102-110 de sec_0022 y corresponden a figuras propias de esta seccion.",
LOGIQ_e_R9_General_Service_Manual,sec_0023,116,5.4-hierarchy_level,PASS,,hierarchy_level=2 confirmado.,
LOGIQ_e_R9_General_Service_Manual,sec_0023,116,5.4-parent_child,PASS,,"parent_section_id=sec_0017, hierarchy_path='/System Setup/System Configuration'. Contenido de p.111-124 (panel de conectores, pin assignment, conexion de perifericos, probes disponibles, connectivity setup, RSVP agent config) pertenece genuinamente al capitulo System Setup.",
LOGIQ_e_R9_General_Service_Manual,sec_0023,116,5.4-page_start_end,PASS,,"page_start=111 coincide con la pagina de titulo 'System Configuration' (folio 3-23). page_end=124 coincide con el cierre de 'RSVP Agent Configuration' (folio 3-36); p.125 (folio 3-37) inicia 'Paperwork after setup', seccion distinta (sec_0024, no muestreada).",
LOGIQ_e_R9_General_Service_Manual,sec_0023,116,5.4-hierarchy_path,PASS,,hierarchy_path coincide con el titulo real de la seccion.,
LOGIQ_e_R9_General_Service_Manual,sec_0023,116,5.4-gaps_duplicates,PASS,,"Rango 111-124 contiguo. Nota: el indice de contenido de p.90 lista 'Connectivity setup' y 'RSVP Agent Configuration' como entradas propias, pero el arbol las agrupa dentro de sec_0023 (System Configuration) en lugar de crear subsecciones adicionales; esto es una decision de granularidad (probablemente por ausencia de bookmark propio), no un hueco ni duplicado de paginas.",
LOGIQ_e_R9_General_Service_Manual,sec_0023,116,5.4-flagged_for_review,PASS,,flagged_for_review=false confirmado; sin anomalias de jerarquia o paginacion.,
LOGIQ_e_R9_General_Service_Manual,sec_0023,116,5.4-structural_source,PASS,,structural_source='toc'. Titulo de seccion con estilo de encabezado (p.111) consistente con bookmark de TOC.,
LOGIQ_e_R9_General_Service_Manual,sec_0023,116,5.6-numbering_scheme,PASS,,"numbering_scheme='arabic', consistente con folios '3-23'...'3-36'.",
LOGIQ_e_R9_General_Service_Manual,sec_0023,116,5.6-offset_applied,PASS,,"offset_applied=0, consistente.",
LOGIQ_e_R9_General_Service_Manual,sec_0023,116,5.6-table_content,PASS,,"Las 13 tablas indexadas contienen grillas markdown reales verificadas contra el PDF: p.ej. tables/38-41 (p.116, pagina muestreada) 'Pin No. Signal...1 +5VDC 3 DATA+...' coincide exactamente con Tables 3-5/3-6/3-7/3-8 (Pin Assignment DC/USB1/USB2/USB3); tables/33-37 (Table 3-1 a 3-4 dimensiones, adaptador, perifericos, cables) y tables/42-45 (HDMI pinout, peripheral connection, lista de probes) tambien verificadas. Ninguna es placeholder vacio.",
LOGIQ_e_R9_General_Service_Manual,sec_0023,116,5.5-filters_discarding,FAIL,Media,"Figure 3-16 'Connectivity Installation Worksheet' (p.123, folio 3-35) -un formulario/diagrama de pagina completa con casillas de Site System Information, TCP/IP Settings y Services- no aparece ni en el indice de imagenes ni como table_node de sec_0023. Verificado tambien que _images_index.json completo no tiene entradas para page_no=123. Contenido ausente por completo de la extraccion estructurada.","Es un formulario en su mayoria vacio (para llenado manual en campo), sin datos sustantivos perdidos, por lo que se califica Media y no Critica. Adicionalmente, un pequeno icono de cable USB dentro de la celda 'Figure' de Table 3-4 (p.114) tampoco aparece como imagen independiente, pero es un grafico decorativo menor dentro de tabla, no una figura con caption propio."
LOGIQ_e_R9_General_Service_Manual,sec_0023,116,5.5-filters_passing_noise,PASS,,"Las 10 imagenes indexadas son contenido real (fotos de conectores, capturas de pantalla, diagrama de dimensiones); ninguna franja decorativa de aspecto ~14:1 detectada.",
LOGIQ_e_R9_General_Service_Manual,sec_0023,116,5.5-image_section_mapping,PASS,,"Las 10 imagenes indexadas (p.112,115,118x3,119x4,124) caen dentro del rango 111-124 de sec_0023 y corresponden a figuras propias verificadas: Fig 3-13 (p.112), Fig 3-14/3-15 compuesta (p.115), Table 3-10 fotos filas 1-3 (p.118) y 4-7 (p.119), Fig 3-17 Proxy Configuration (p.124).",
LOGIQ_e_R9_General_Service_Manual,sec_0025,129,5.4-hierarchy_level,PASS,,hierarchy_level=2 confirmado.,
LOGIQ_e_R9_General_Service_Manual,sec_0025,129,5.4-parent_child,PASS,,"parent_section_id=sec_0017, hierarchy_path='/System Setup/Peripherals Installation'. Contenido de p.126-162 (instalacion de impresora, DVD-RW, WLAN, footswitch, barcode scanner, ECG) pertenece genuinamente al capitulo System Setup.",
LOGIQ_e_R9_General_Service_Manual,sec_0025,129,5.4-page_start_end,PASS,,"page_start=126 coincide con la pagina de titulo 'Peripherals Installation' (folio 3-38). page_end=162 coincide con la ultima pagina del capitulo (Table 3-20 ECG Technical Specifications, folio 3-74); p.163 inicia 'Chapter 4' segun per_page_first_node_sample. Limite exacto en la subseccion mas grande del lote (37 paginas).",
LOGIQ_e_R9_General_Service_Manual,sec_0025,129,5.4-hierarchy_path,PASS,,hierarchy_path coincide con el titulo real de la seccion.,
LOGIQ_e_R9_General_Service_Manual,sec_0025,129,5.4-gaps_duplicates,PASS,,"Rango 126-162 contiguo con sec_0024 antes (termina ~p.125) y con el fin del capitulo despues (p.163 = Chapter 4, fuera del capitulo). Sin huecos ni duplicados.",
LOGIQ_e_R9_General_Service_Manual,sec_0025,129,5.4-flagged_for_review,PASS,,flagged_for_review=false confirmado; sin anomalias en 37 paginas revisadas.,
LOGIQ_e_R9_General_Service_Manual,sec_0025,129,5.4-structural_source,PASS,,structural_source='toc'. Titulo de seccion con estilo de encabezado (p.126) consistente con bookmark de TOC.,
LOGIQ_e_R9_General_Service_Manual,sec_0025,129,5.6-numbering_scheme,PASS,,"numbering_scheme='arabic', consistente con folios '3-38'...'3-74'.",
LOGIQ_e_R9_General_Service_Manual,sec_0025,129,5.6-offset_applied,PASS,,"offset_applied=0, consistente.",
LOGIQ_e_R9_General_Service_Manual,sec_0025,129,5.6-table_content,PASS,,"Las 9 tablas indexadas contienen grillas markdown reales verificadas: en la pagina muestreada p.129 (folio 3-41), tables/50,51,52 'Item|Description|Quantity|Note ... Wireless Adapter/Footswitch/Barcode Scanner' coinciden exactamente con Tables 3-16/3-17/3-18. Tambien verificadas tables/46 (Table 3-12 Peripherals, p.127), 47-49 (materiales printer/DVD, p.128), 53 (Table 3-19 ECG Lead Placement, p.161) y 54 (Table 3-20 ECG Tech Specs, p.162). Ninguna es placeholder vacio.",
LOGIQ_e_R9_General_Service_Manual,sec_0025,129,5.5-filters_discarding,PASS,,"Las 33 imagenes indexadas se contrastaron pagina por pagina (126-162) contra las figuras reales del PDF (fotos de instalacion de printer/DVD-RW/WLAN/footswitch/barcode/ECG, capturas de pantalla de configuracion, codigos de barras incl. QR cuadrado p.157 ar=1.0) y coinciden en cantidad y ubicacion en practicamente todos los casos. Unica duda menor: p.145 muestra 2 figuras en el PDF (Fig 3-37 dropdown pequeno de encriptacion y Fig 3-38 dialogo WLAN) pero solo 1 imagen esta indexada; posible snippet vectorial no rasterizado, de baja materialidad, no se considera falla real.",
LOGIQ_e_R9_General_Service_Manual,sec_0025,129,5.5-filters_passing_noise,PASS,,"Se revisaron los 33 aspect ratios (0.76 a 5.99); ninguno cercano a la franja decorativa ~14:1. El caso mas ancho (p.150, ar 5.99) corresponde a una captura real de la barra de pestanas 'WLAN Diagnostics Tab', contenido legitimo.",
LOGIQ_e_R9_General_Service_Manual,sec_0025,129,5.5-image_section_mapping,PASS,,"Las 33 imagenes caen dentro del rango 126-162 de sec_0025 y fueron verificadas contra figuras reales: instalacion de Color Printer (p.130-134), DVD-RW (p.135-136), WLAN Adapter (p.137-138,142-145,149-152), Footswitch (p.154-155), Barcode Scanner (p.156-158), ECG (p.159-160).",
LOGIQ_e_R9_General_Service_Manual,sec_0026,163,5.4-hierarchy_level,PASS,,"PDF p163 es portada 'Chapter 4 / General Procedures and Functional Checks', sin encabezado superior de nivel mayor -> nivel 1 (raiz) correcto.",Confirma nivel raiz visualmente.
LOGIQ_e_R9_General_Service_Manual,sec_0026,163,5.4-parent_child,PASS,,"parent_section_id=null correcto (raiz). child_sections=[sec_0027..sec_0032] confirmados: TOC de p164 lista Overview/General procedures/Functional checks, mas Image Quality Check(p226), Imaging Insights(p228), Probe Check(p231) vistos en el PDF real.",parent_child es el chequeo real 5.4 solicitado; jerarquia correcta.
LOGIQ_e_R9_General_Service_Manual,sec_0026,163,5.4-page_start_end,PASS,,page_start=163 = portada 'Chapter 4' (impreso 4-1). page_end=238 confirmado: p238 es la ultima pagina de Probe Check antes de portada 'Chapter 5' en p239.,
LOGIQ_e_R9_General_Service_Manual,sec_0026,163,5.4-hierarchy_path,PASS,,hierarchy_path='/General Procedures and Functional Checks' coincide exactamente con el titulo de portada del capitulo.,
LOGIQ_e_R9_General_Service_Manual,sec_0026,163,5.4-gaps_duplicates,PASS,,Paginas de hijos verificadas continuas sin huecos ni duplicados: 163(portada)+164(sec_0027)+165-179(sec_0028)+180-225(sec_0029)+226-227(sec_0030)+228-230(sec_0031)+231-238(sec_0032)=163-238 sin discontinuidad.,Verificado programaticamente contra los 6 JSON de hijos.
LOGIQ_e_R9_General_Service_Manual,sec_0026,163,5.4-flagged_for_review,PASS,,"flagged_for_review=false en JSON, consistente con verification_score=100.0 y confidence=1.0.","Confirmado, ningun flag activo."
LOGIQ_e_R9_General_Service_Manual,sec_0026,163,5.4-structural_source,PASS,,structural_source='toc' verificado: p164 contiene 'Contents in this chapter' con entradas Overview/General procedures/Functional checks que coinciden con los hijos reales.,
LOGIQ_e_R9_General_Service_Manual,sec_0026,163,5.6-numbering_scheme,PASS,,"numbering_scheme='arabic' consistente con numeracion impresa '4-1','4-2'...'4-76' vista en pie de pagina.",
LOGIQ_e_R9_General_Service_Manual,sec_0026,163,5.6-offset_applied,PASS,,"offset_applied=0; el mapeo pagina-PDF a page_start/page_end es exacto en todos los limites verificados (163,238), sin desfase.",
LOGIQ_e_R9_General_Service_Manual,sec_0026,163,5.5-filters_discarding,PASS,,"sec_0026 (nivel capitulo) reporta 0 imagenes propias, correcto: p163(portada) y p164(overview) son solo texto, todas las imagenes reales del capitulo se atribuyen a los hijos (sec_0028/0029/0032).",
LOGIQ_e_R9_General_Service_Manual,sec_0026,163,5.5-filters_passing_noise,PASS,,Sin imagenes de ruido colandose a nivel de capitulo (0 imagenes); revision programatica de todo el rango 163-264 no encontro aspect_ratio>5 (franjas decorativas) en imagenes mapeadas ni en _unmapped_images.,"Franja decorativa ~14:1 tipica de encabezados no aparece en ninguna imagen extraida del lote (162 img revisadas, 0 extremas)."
LOGIQ_e_R9_General_Service_Manual,sec_0026,163,5.5-image_section_mapping,PASS,,N/A directo (0 imagenes propias); no hay imagenes de hijos mal atribuidas al nivel capitulo.,
LOGIQ_e_R9_General_Service_Manual,sec_0028,170,5.4-hierarchy_level,PASS,,"Nivel 2 confirmado, subordinado bajo 'General Procedures and Functional Checks'; p165 encabezado 'General procedures' bajo breadcrumb superior 'General Procedures and Functional Checks'.",
LOGIQ_e_R9_General_Service_Manual,sec_0028,170,5.4-parent_child,PASS,,"parent_section_id=sec_0026 correcto; breadcrumb visible en encabezado de p166,168,170... alterna 'General Procedures and Functional Checks' / 'General procedures' confirmando relacion padre-hijo.",
LOGIQ_e_R9_General_Service_Manual,sec_0028,170,5.4-page_start_end,PASS,,page_start=165 = encabezado 'General procedures' (impreso 4-3). page_end=179 confirmado: p180 es el inicio de la siguiente seccion 'Functional checks'.,
LOGIQ_e_R9_General_Service_Manual,sec_0028,170,5.4-hierarchy_path,PASS,,hierarchy_path='/General Procedures and Functional Checks/General procedures' coincide con breadcrumb visual del PDF.,
LOGIQ_e_R9_General_Service_Manual,sec_0028,170,5.4-gaps_duplicates,PASS,,"Continuo con sec_0027(164) antes y sec_0029(180) despues, sin huecos.",
LOGIQ_e_R9_General_Service_Manual,sec_0028,170,5.4-flagged_for_review,PASS,,flagged_for_review=false confirmado.,
LOGIQ_e_R9_General_Service_Manual,sec_0028,170,5.4-structural_source,PASS,,structural_source='toc'; p164 TOC lista 'General procedures on page 4-3' coincidiendo con inicio real p165.,
LOGIQ_e_R9_General_Service_Manual,sec_0028,170,5.6-numbering_scheme,PASS,,'arabic' consistente con pie de pagina '4-3'..'4-17'.,
LOGIQ_e_R9_General_Service_Manual,sec_0028,170,5.6-offset_applied,PASS,,"offset=0 correcto, sin desfase en limites verificados.",
LOGIQ_e_R9_General_Service_Manual,sec_0028,170,5.5-filters_discarding,PASS,,"7 imagenes listadas (p169,170,171,172,173,175,177) dentro de 165-179; lectura directa del PDF confirma Figuras 4-1 (p169, Connect AC Adapter), 4-2 (p170, Power On/Off button) y 4-3 (p171, warning date/time) presentes y extraidas; paginas sin figura (165-168,174,176,178,179) correctamente sin entrada.",
LOGIQ_e_R9_General_Service_Manual,sec_0028,170,5.5-filters_passing_noise,PASS,,Ninguna imagen con aspect_ratio extremo (>5) en este rango; franjas decorativas de encabezado correctamente excluidas (p165 sin imagen pese a linea azul decorativa bajo titulo).,
LOGIQ_e_R9_General_Service_Manual,sec_0028,170,5.5-image_section_mapping,FAIL,Media,"Verificacion a nivel de pixel: la imagen de p169 (Figura 4-1 'Connect AC Adapter', 1500x1125) extraida desde el export de imagenes esta correctamente asociada a sec_0028/p169, pero se extrae rotada 180 grados (invertida) respecto a como se renderiza en la pagina real del PDF (logo GE Healthcare y flecha amarilla aparecen boca abajo). Contraste: imagenes de p170 y p171 del mismo lote se extraen correctamente orientadas, por lo que es un defecto aislado, no sistemico.",Contenido bien ubicado (seccion/pagina correctas) pero el activo de imagen esta degradado (rotacion 180). Verificado descargando el PNG real del export v1 y comparando visualmente contra el render del PDF.
LOGIQ_e_R9_General_Service_Manual,sec_0029,183,5.4-hierarchy_level,PASS,,Nivel 2 confirmado; p180 encabezado 'Functional checks' bajo breadcrumb 'General Procedures and Functional Checks'.,
LOGIQ_e_R9_General_Service_Manual,sec_0029,183,5.4-parent_child,PASS,,"parent_section_id=sec_0026 correcto, mismo patron de breadcrumb alternante verificado en multiples paginas muestreadas (181-225).",
LOGIQ_e_R9_General_Service_Manual,sec_0029,183,5.4-page_start_end,PASS,,"page_start=180 confirmado (encabezado 'Functional checks', impreso 4-18). page_end=225 confirmado: contenido de Footswitch/USB/Barcode checks termina en p225 y p226 inicia 'Image Quality Check' (siguiente seccion).","Seccion mas grande del lote (46 paginas, 543 nodos) verificada en limites exactos y muestreada en el interior (183-225)."
LOGIQ_e_R9_General_Service_Manual,sec_0029,183,5.4-hierarchy_path,PASS,,hierarchy_path coincide con breadcrumb real.,
LOGIQ_e_R9_General_Service_Manual,sec_0029,183,5.4-gaps_duplicates,PASS,,"Continuo: sec_0028 termina en 179, sec_0029 180-225, sec_0030 inicia en 226. Sin huecos ni solapes.",
LOGIQ_e_R9_General_Service_Manual,sec_0029,183,5.4-flagged_for_review,PASS,,flagged_for_review=false confirmado pese a ser el nodo mas denso del manual (543 nodos); consistente con match_rate=1.00 global.,
LOGIQ_e_R9_General_Service_Manual,sec_0029,183,5.4-structural_source,PASS,,structural_source='toc'; TOC de p180 lista 19 subtemas (B mode Checks...Barcode Scanner Checks) todos verificados presentes en el rango 180-225.,
LOGIQ_e_R9_General_Service_Manual,sec_0029,183,5.6-numbering_scheme,PASS,,'arabic' consistente con pie de pagina 4-19..4-63.,
LOGIQ_e_R9_General_Service_Manual,sec_0029,183,5.6-offset_applied,PASS,,"offset=0 correcto en limites verificados (180, 225).",
LOGIQ_e_R9_General_Service_Manual,sec_0029,183,5.6-table_content,PASS,,"Verificacion textual completa: Tabla 4-1 'B Mode Operator Panel Controls' en PDF p184 coincide palabra por palabra con node #/tables/55 (page_no=184) del tree.json, incluyendo texto largo de celdas (TGC, Focus, Scan Area, etc). Es el nodo tabla mas denso verificado (16 tablas en la seccion); una segunda revisada (p217, tabla GE-specific Date/Location/Printer Keys) tambien coincide con node #/tables/66.","Chequeo critico de la seccion mas densa del manual: extraccion de tabla exacta, sin truncamiento ni mezcla de celdas."
LOGIQ_e_R9_General_Service_Manual,sec_0029,183,5.5-filters_discarding,PASS,,27 imagenes mapeadas en el rango; verificacion visual de p183 (pantalla B-Mode carotid) y p197 (pantalla Color Flow cardiaca) confirma extraccion correcta y completa de capturas de pantalla del equipo.,
LOGIQ_e_R9_General_Service_Manual,sec_0029,183,5.5-filters_passing_noise,PASS,,Sin imagenes de aspect_ratio extremo colandose en las 46 paginas de esta seccion (revision programatica); banners decorativos de encabezado de pagina no generan entradas espurias.,
LOGIQ_e_R9_General_Service_Manual,sec_0029,183,5.5-image_section_mapping,PASS,,Imagenes de p183 y p197 verificadas a nivel de pixel: correctamente mapeadas a sec_0029/paginas correctas y correctamente orientadas (a diferencia del caso aislado en sec_0028/p169).,
LOGIQ_e_R9_General_Service_Manual,sec_0032,231,5.4-hierarchy_level,PASS,,Nivel 2 confirmado; p231 encabezado 'Probe Check' bajo breadcrumb superior implicito del capitulo.,
LOGIQ_e_R9_General_Service_Manual,sec_0032,231,5.4-parent_child,PASS,,"parent_section_id=sec_0026 correcto, ultimo hijo del capitulo 4 antes de la transicion a Chapter 5 en p239.",
LOGIQ_e_R9_General_Service_Manual,sec_0032,231,5.4-page_start_end,PASS,,"page_start=231 confirmado (encabezado 'Probe Check', impreso 4-69). page_end=238 confirmado: p239 es portada 'Chapter 5'.",
LOGIQ_e_R9_General_Service_Manual,sec_0032,231,5.4-hierarchy_path,PASS,,hierarchy_path correcto.,
LOGIQ_e_R9_General_Service_Manual,sec_0032,231,5.4-gaps_duplicates,PASS,,"Continuo con sec_0031 (228-230) antes; ultimo hijo del capitulo, sin huecos hasta 238.",
LOGIQ_e_R9_General_Service_Manual,sec_0032,231,5.4-flagged_for_review,PASS,,flagged_for_review=false confirmado.,
LOGIQ_e_R9_General_Service_Manual,sec_0032,231,5.4-structural_source,PASS,,structural_source='toc' consistente con el resto del capitulo.,
LOGIQ_e_R9_General_Service_Manual,sec_0032,231,5.6-numbering_scheme,PASS,,'arabic' consistente (4-69..4-76).,
LOGIQ_e_R9_General_Service_Manual,sec_0032,231,5.6-offset_applied,PASS,,offset=0 correcto.,
LOGIQ_e_R9_General_Service_Manual,sec_0032,231,5.5-filters_discarding,PASS,,"6 imagenes listadas (233,235,236,237,238x2); verificadas visualmente p233 (preset Probe Check) y p235 (dialogo Probe Test Fail) presentes y completas.",
LOGIQ_e_R9_General_Service_Manual,sec_0032,231,5.5-filters_passing_noise,PASS,,Sin ruido decorativo colandose; capturas de pantalla e imagenes de sonda correctamente filtradas del contenido decorativo.,
LOGIQ_e_R9_General_Service_Manual,sec_0032,231,5.5-image_section_mapping,PASS,,Verificacion a nivel de pixel de p233 y p235: correctamente mapeadas a sec_0032 y correctamente orientadas (right-side up).,
LOGIQ_e_R9_General_Service_Manual,sec_0033,239,5.4-hierarchy_level,PASS,,Nivel 1 (raiz) confirmado: p239 es portada 'Chapter 5 / Components and Functions (Theory)'.,
LOGIQ_e_R9_General_Service_Manual,sec_0033,239,5.4-parent_child,PASS,,"parent_section_id=null correcto (raiz). child_sections=[sec_0034..sec_0037] confirmados: Overview(240), Block Diagram and Theory(241-242), Power Diagram(243-245), Common Service Desktop(246-256) todos verificados en el PDF real.",
LOGIQ_e_R9_General_Service_Manual,sec_0033,239,5.4-page_start_end,PASS,,page_start=239 confirmado (portada Chapter 5). page_end=256 confirmado: p257 es portada 'Chapter 6'.,
LOGIQ_e_R9_General_Service_Manual,sec_0033,239,5.4-hierarchy_path,PASS,,hierarchy_path='/Components and Functions (Theory)' coincide con titulo de portada.,
LOGIQ_e_R9_General_Service_Manual,sec_0033,239,5.4-gaps_duplicates,PASS,,Paginas de hijos continuas: 239(portada)+240(sec_0034)+241-242(sec_0035)+243-245(sec_0036)+246-256(sec_0037)=239-256 sin huecos.,
LOGIQ_e_R9_General_Service_Manual,sec_0033,239,5.4-flagged_for_review,PASS,,flagged_for_review=false confirmado.,
LOGIQ_e_R9_General_Service_Manual,sec_0033,239,5.4-structural_source,PASS,,structural_source='toc'; p240 TOC lista Overview/Block Diagram and Theory/Power Diagram/Common Service Desktop coincidiendo con hijos reales.,
LOGIQ_e_R9_General_Service_Manual,sec_0033,239,5.6-numbering_scheme,PASS,,'arabic' consistente con pie de pagina 5-1..5-18.,
LOGIQ_e_R9_General_Service_Manual,sec_0033,239,5.6-offset_applied,PASS,,"offset=0 correcto en limites verificados (239,256).",
LOGIQ_e_R9_General_Service_Manual,sec_0033,239,5.5-filters_discarding,PASS,,"0 imagenes propias correcto: p239(portada) y p240(overview) son solo texto; imagenes reales (block diagram Fig 5-1, fans Fig 5-3, SSA key Fig 5-4, etc) se atribuyen correctamente a los hijos sec_0035/0036/0037.",
LOGIQ_e_R9_General_Service_Manual,sec_0033,239,5.5-filters_passing_noise,PASS,,Sin imagenes de ruido a nivel de capitulo.,
LOGIQ_e_R9_General_Service_Manual,sec_0033,239,5.5-image_section_mapping,PASS,,N/A directo (0 imagenes propias); ninguna imagen de hijos mal atribuida al nivel capitulo.,
LOGIQ_e_R9_General_Service_Manual,sec_0037,248,5.4-hierarchy_level,PASS,,Nivel 2 confirmado; p246 encabezado 'Common Service Desktop' bajo breadcrumb 'Components and Functions (Theory)'.,
LOGIQ_e_R9_General_Service_Manual,sec_0037,248,5.4-parent_child,PASS,,"parent_section_id=sec_0033 correcto, ultimo hijo del capitulo 5 antes de transicion a Chapter 6 en p257.",
LOGIQ_e_R9_General_Service_Manual,sec_0037,248,5.4-page_start_end,PASS,,"page_start=246 confirmado (encabezado 'Common Service Desktop', impreso 5-8). page_end=256 confirmado: p257 es portada 'Chapter 6'.",
LOGIQ_e_R9_General_Service_Manual,sec_0037,248,5.4-hierarchy_path,PASS,,hierarchy_path correcto.,
LOGIQ_e_R9_General_Service_Manual,sec_0037,248,5.4-gaps_duplicates,PASS,,"Continuo con sec_0036 (243-245) antes, ultimo hijo del capitulo, sin huecos hasta 256.",
LOGIQ_e_R9_General_Service_Manual,sec_0037,248,5.4-flagged_for_review,PASS,,flagged_for_review=false confirmado.,
LOGIQ_e_R9_General_Service_Manual,sec_0037,248,5.4-structural_source,PASS,,structural_source='toc' consistente.,
LOGIQ_e_R9_General_Service_Manual,sec_0037,248,5.6-numbering_scheme,PASS,,'arabic' consistente (5-8..5-18).,
LOGIQ_e_R9_General_Service_Manual,sec_0037,248,5.6-offset_applied,PASS,,offset=0 correcto.,
LOGIQ_e_R9_General_Service_Manual,sec_0037,248,5.6-table_content,PASS,,"Verificacion textual completa: Tabla 5-1 'User Level of the Service Desktop' (PDF p247) coincide con node #/tables/72; Tabla 5-2 (PDF p248-249, continua en 2 paginas con columnas 'Simple/Service Advanced/Service Expert/SSA Key/Remote via InSite') coincide exactamente con nodes #/tables/73 y #/tables/74, incluyendo la correcta division de la tabla partida entre paginas.","Tabla compleja multi-columna con matriz de permisos (X en celdas) extraida sin perdida de estructura, incluso al partirse entre 2 paginas PDF."
LOGIQ_e_R9_General_Service_Manual,sec_0037,248,5.5-filters_discarding,PASS,,"10 imagenes listadas (250,251x2,252,253,254x2,255,256x2); verificacion visual de p250 (SSA Key photo) confirma extraccion correcta y completa.",
LOGIQ_e_R9_General_Service_Manual,sec_0037,248,5.5-filters_passing_noise,PASS,,Sin imagenes de ruido/franjas decorativas en el rango.,
LOGIQ_e_R9_General_Service_Manual,sec_0037,248,5.5-image_section_mapping,PASS,,Imagen de p250 verificada a nivel de pixel: correctamente mapeada a sec_0037/p250 y correctamente orientada.,
LOGIQ_e_R9_General_Service_Manual,sec_0038,257,5.4-hierarchy_level,PASS,,Nivel 1 (raiz) confirmado: p257 es portada 'Chapter 6 / Service Adjustments'.,
LOGIQ_e_R9_General_Service_Manual,sec_0038,257,5.4-parent_child,PASS,,"parent_section_id=null correcto (raiz). child_sections=[sec_0039..sec_0041] confirmados: Overview(258), LCD Monitor adjustments(259), Software Reload(260-264) verificados en el PDF real.",
LOGIQ_e_R9_General_Service_Manual,sec_0038,257,5.4-page_start_end,PASS,,"page_start=257 confirmado (portada Chapter 6). page_end=264 confirmado: p264 contiene Tabla 6-1 'Password Reset Policy' que cierra el capitulo de forma coherente (fuera del lote no se pudo confirmar el inicio de un Chapter 7, pero el contenido interno es completo y consistente).",
LOGIQ_e_R9_General_Service_Manual,sec_0038,257,5.4-hierarchy_path,PASS,,hierarchy_path='/Service Adjustments' coincide con titulo de portada.,
LOGIQ_e_R9_General_Service_Manual,sec_0038,257,5.4-gaps_duplicates,PASS,,Paginas de hijos continuas: 257(portada)+258(sec_0039)+259(sec_0040)+260-264(sec_0041)=257-264 sin huecos.,
LOGIQ_e_R9_General_Service_Manual,sec_0038,257,5.4-flagged_for_review,PASS,,flagged_for_review=false confirmado.,
LOGIQ_e_R9_General_Service_Manual,sec_0038,257,5.4-structural_source,PASS,,structural_source='toc'; p258 TOC lista Overview/LCD Monitor adjustments/Software Reload coincidiendo con hijos reales.,
LOGIQ_e_R9_General_Service_Manual,sec_0038,257,5.6-numbering_scheme,PASS,,'arabic' consistente con pie de pagina 6-1..6-8.,
LOGIQ_e_R9_General_Service_Manual,sec_0038,257,5.6-offset_applied,PASS,,offset=0 correcto en limites verificados (257).,
LOGIQ_e_R9_General_Service_Manual,sec_0038,257,5.5-filters_discarding,PASS,,"0 imagenes propias correcto: p257(portada) y p258(overview) son solo texto; figura de teclado LCD (Fig 6-1, p259) y capturas de Software Reload (p261-264) se atribuyen correctamente a los hijos sec_0040/sec_0041.",
LOGIQ_e_R9_General_Service_Manual,sec_0038,257,5.5-filters_passing_noise,PASS,,Sin imagenes de ruido a nivel de capitulo.,
LOGIQ_e_R9_General_Service_Manual,sec_0038,257,5.5-image_section_mapping,PASS,,N/A directo (0 imagenes propias); ninguna imagen de hijos mal atribuida al nivel capitulo.,
LOGIQ_e_R9_General_Service_Manual,sec_0042,265,5.4-hierarchy_level,PASS,,p265 shows chapter title page 'Chapter 7 / Diagnostics/Troubleshooting' as top-level chapter heading; JSON hierarchy_level=1 correct.,Root of the sampled chapter.
LOGIQ_e_R9_General_Service_Manual,sec_0042,265,5.4-parent_child,PASS,,"parent_section_id=null (correct, chapter root). child_sections=[43,44,45,46,47,48,49,50,51] all verified present in PDF with matching titles/order and each child's parent_section_id=sec_0042.","Confirmed sec_0047 'Common Service Desktop' (this chapter, p283-343) is a distinct entity from the same-titled sec_0037 in the Theory chapter (sec_0033) -- content sampled (service-desktop UI/licensing/diags procedures) is wholly different from a theory description; no content mixing detected."
LOGIQ_e_R9_General_Service_Manual,sec_0042,265,5.4-page_start_end,PASS,,"p265='Chapter 7' title page; p396 is the blank end-of-chapter page (printed '7-132'). Matches page_start=265, page_end=396.",
LOGIQ_e_R9_General_Service_Manual,sec_0042,265,5.4-hierarchy_path,PASS,,hierarchy_path '/Diagnostics/Troubleshooting' matches chapter title exactly.,
LOGIQ_e_R9_General_Service_Manual,sec_0042,265,5.4-gaps_duplicates,PASS,,"Verified child page ranges are contiguous with no gaps/overlaps: 43:266, 44:267-270, 45:271-274, 46:275-282, 47:283-343, 48:344-357, 49:358-360, 50:361-376, 51:377-396.",
LOGIQ_e_R9_General_Service_Manual,sec_0042,265,5.4-flagged_for_review,PASS,,"flagged_for_review=False confirmed appropriate; all sampled content across the 132-page chapter is clean, well-bounded, real descriptive text.",
LOGIQ_e_R9_General_Service_Manual,sec_0042,265,5.4-structural_source,PASS,,structural_source='toc' plausible: chapter has an internal 'Contents in this chapter' list on p266 matching most children.,"Minor curiosity: the local p266 TOC lists only 8 of 9 children (omits 'eDelivery - Software update'), yet sec_0048 is still correctly captured with correct boundaries -- suggests extraction used a master/bookmark TOC rather than only this local page list. Not an extraction defect."
LOGIQ_e_R9_General_Service_Manual,sec_0042,265,5.6-numbering_scheme,PASS,,"Printed page numbers use arabic numerals in 'Chapter-Page' format (e.g. '7-1', '7-7'), matching numbering_scheme='arabic'.",
LOGIQ_e_R9_General_Service_Manual,sec_0042,265,5.6-offset_applied,PASS,,"offset_applied=0 is correct: page_start=265 refers to the absolute PDF page index (verified physically), not the printed '7-1' label (which would require offset -264). Boundaries are defined on absolute PDF pages consistently across the chapter.",
LOGIQ_e_R9_General_Service_Manual,sec_0042,265,5.5-filters_discarding,PASS,,No images attributed to sec_0042 itself (0 in images index); p265-266 are a chapter title page and text-only overview page with no embedded images.,N/A in practice -- content images are correctly attributed to the child sections instead.
LOGIQ_e_R9_General_Service_Manual,sec_0042,265,5.5-filters_passing_noise,PASS,,No images present to assess for decorative noise.,
LOGIQ_e_R9_General_Service_Manual,sec_0042,265,5.5-image_section_mapping,PASS,,0 images correctly reflects that p265-266 (chapter title/overview) contain no figures.,
LOGIQ_e_R9_General_Service_Manual,sec_0045,272,5.4-hierarchy_level,PASS,,p271 heading 'USB Quick Save' is a level-2 subsection under Chapter 7; hierarchy_level=2 correct.,
LOGIQ_e_R9_General_Service_Manual,sec_0045,272,5.4-parent_child,PASS,,parent_section_id=sec_0042 confirmed; title 'USB Quick Save' matches PDF heading on p271 exactly.,
LOGIQ_e_R9_General_Service_Manual,sec_0045,272,5.4-page_start_end,PASS,,"Heading 'USB Quick Save' begins p271 (printed 7-7); next section 'Screen Capture' heading begins p275 (printed 7-11). Matches page_start=271, page_end=274.",
LOGIQ_e_R9_General_Service_Manual,sec_0045,272,5.4-hierarchy_path,PASS,,hierarchy_path '/Diagnostics/Troubleshooting/USB Quick Save' correct.,
LOGIQ_e_R9_General_Service_Manual,sec_0045,272,5.4-gaps_duplicates,PASS,,Contiguous with siblings sec_0044 (ends 270) and sec_0046 (starts 275); no gap/overlap.,
LOGIQ_e_R9_General_Service_Manual,sec_0045,272,5.4-flagged_for_review,PASS,,flagged_for_review=False correct; content is clean real text (USB Quick Save configuration steps).,
LOGIQ_e_R9_General_Service_Manual,sec_0045,272,5.4-structural_source,PASS,,structural_source='toc' consistent with chapter-level TOC entry 'USB Quick Save' on page 7-7.,
LOGIQ_e_R9_General_Service_Manual,sec_0045,272,5.6-numbering_scheme,PASS,,"Printed page 7-7 etc, arabic numerals, matches numbering_scheme='arabic'.",
LOGIQ_e_R9_General_Service_Manual,sec_0045,272,5.6-offset_applied,PASS,,offset_applied=0 consistent with absolute-page boundary convention used chapter-wide.,
LOGIQ_e_R9_General_Service_Manual,sec_0045,272,5.5-filters_discarding,FAIL,Media,p274 (printed 7-10) contains TWO figures in the PDF: 'Figure 7-4. Patient ID with /' and 'Figure 7-5. Directory path for USB Quick Save images'. The images index only contains ONE image for sec_0045/p274 (1654x148). Pixel-level check (rendered check_sec_0045_p274.png) confirms the captured image is Figure 7-4 (the Patient ID form); Figure 7-5 (a small breadcrumb/directory-path screenshot: 'KINGSTON (F:) > test-123_ADM > ...') is entirely absent from the images index.,"Real image discarded by the extraction filter. Text content of the page is intact (the directory path is also described in prose), so nothing critical is lost, but a real illustrative screenshot is missing from the image record."
LOGIQ_e_R9_General_Service_Manual,sec_0045,272,5.5-filters_passing_noise,PASS,,"No decorative/noise images observed passing filters in this section; the widest-aspect image (p274, 1654x148, ratio 11.18) was pixel-verified to be real content (Patient ID form fields), not a decorative banner.",
LOGIQ_e_R9_General_Service_Manual,sec_0045,272,5.5-image_section_mapping,PASS,,"All 3 extracted images (p272, p273, p274) fall correctly within section bounds (271-274) and were verified against the corresponding PDF figures (Figure 7-2, 7-3, 7-4).",
LOGIQ_e_R9_General_Service_Manual,sec_0046,278,5.4-hierarchy_level,PASS,,p275 heading 'Screen Capture' is a level-2 subsection; hierarchy_level=2 correct.,
LOGIQ_e_R9_General_Service_Manual,sec_0046,278,5.4-parent_child,PASS,,parent_section_id=sec_0042 confirmed; title 'Screen Capture' matches PDF heading on p275.,
LOGIQ_e_R9_General_Service_Manual,sec_0046,278,5.4-page_start_end,PASS,,"Heading 'Screen Capture' begins p275 (printed 7-11); next section 'Common Service Desktop' heading begins p283 (printed 7-19). Matches page_start=275, page_end=282.",
LOGIQ_e_R9_General_Service_Manual,sec_0046,278,5.4-hierarchy_path,PASS,,hierarchy_path '/Diagnostics/Troubleshooting/Screen Capture' correct.,
LOGIQ_e_R9_General_Service_Manual,sec_0046,278,5.4-gaps_duplicates,PASS,,Contiguous with siblings sec_0045 (ends 274) and sec_0047 (starts 283); no gap/overlap.,
LOGIQ_e_R9_General_Service_Manual,sec_0046,278,5.4-flagged_for_review,PASS,,flagged_for_review=False correct; content is clean (screen-capture procedure plus Advanced HW Diagnostic error-message catalog).,
LOGIQ_e_R9_General_Service_Manual,sec_0046,278,5.4-structural_source,PASS,,structural_source='toc' consistent with chapter TOC entry 'Screen Capture' on page 7-11.,
LOGIQ_e_R9_General_Service_Manual,sec_0046,278,5.6-numbering_scheme,PASS,,"Printed pages 7-11..7-18, arabic numerals, matches numbering_scheme='arabic'.",
LOGIQ_e_R9_General_Service_Manual,sec_0046,278,5.6-offset_applied,PASS,,offset_applied=0 consistent with chapter-wide absolute-page convention.,
LOGIQ_e_R9_General_Service_Manual,sec_0046,278,5.5-filters_discarding,PASS,,"All 9 figures in this section (Figure 7-6 through 7-14) were located in the PDF and match 1:1 against the 9 images in the index, including exact per-page counts (p278:2, p280:2, p281:2, others:1).",No missing images in this section.
LOGIQ_e_R9_General_Service_Manual,sec_0046,278,5.5-filters_passing_noise,PASS,,No decorative banner-style images observed; all captured images are functional UI screenshots or dialog-box captures (real content).,
LOGIQ_e_R9_General_Service_Manual,sec_0046,278,5.5-image_section_mapping,PASS,,"All 9 images correctly attributed to pages within 275-282; verified per-page figure counts match exactly (e.g. p278 Figures 7-7+7-8, p280 Figures 7-10+7-11, p281 Figures 7-12+7-13).",
LOGIQ_e_R9_General_Service_Manual,sec_0047,285,5.4-hierarchy_level,PASS,,p283 heading 'Common Service Desktop' is a level-2 subsection; hierarchy_level=2 correct.,
LOGIQ_e_R9_General_Service_Manual,sec_0047,285,5.4-parent_child,PASS,,parent_section_id=sec_0042 confirmed; title matches PDF heading on p283.,Confirmed this section's content (service-desktop UI: licenses/Home/Diags/Utilities/Options/Agent Configuration) is entirely distinct from the same-titled sec_0037 in chapter sec_0033 (Theory) -- no content mixing found across the ~15 sampled pages (285-343).
LOGIQ_e_R9_General_Service_Manual,sec_0047,285,5.4-page_start_end,PASS,,"Heading 'Common Service Desktop' begins p283 (printed 7-19, confirmed as last page of prior read batch); 'eDelivery - Software update' heading begins p344 (printed 7-80). Matches page_start=283, page_end=343.",
LOGIQ_e_R9_General_Service_Manual,sec_0047,285,5.4-hierarchy_path,PASS,,hierarchy_path '/Diagnostics/Troubleshooting/Common Service Desktop' correct and distinguishable from the Theory-chapter sibling of the same title.,
LOGIQ_e_R9_General_Service_Manual,sec_0047,285,5.4-gaps_duplicates,PASS,,Contiguous with siblings sec_0046 (ends 282) and sec_0048 (starts 344); no gap/overlap despite this being the largest section sampled (61 pages).,
LOGIQ_e_R9_General_Service_Manual,sec_0047,285,5.4-flagged_for_review,PASS,,"flagged_for_review=False correct; despite being the largest section in the manual (763 nodes, 108 headings, 31 tables), sampled content across ~15 pages remained clean, correctly bounded, and consistent.",
LOGIQ_e_R9_General_Service_Manual,sec_0047,285,5.4-structural_source,PASS,,structural_source='toc' consistent with chapter TOC entry 'Common Service Desktop' on page 7-19.,
LOGIQ_e_R9_General_Service_Manual,sec_0047,285,5.6-numbering_scheme,PASS,,"Printed pages 7-19..7-79, arabic numerals, matches numbering_scheme='arabic'.",
LOGIQ_e_R9_General_Service_Manual,sec_0047,285,5.6-offset_applied,PASS,,offset_applied=0 consistent with chapter-wide absolute-page convention.,
LOGIQ_e_R9_General_Service_Manual,sec_0047,285,5.6-table_content,PASS,,"table_nodes entry for node #/tables/76 (p289, 'CRM Number... Agent Registered... Agent Quarantine... Agent CRM Verified...') was located in the PDF as Table 7-1 'System Information' (p289/printed 7-26); canonical_text content matches the table's Element/DESCRIPTION rows verbatim (including the bulleted Yes/No/Not Available value lists).",
LOGIQ_e_R9_General_Service_Manual,sec_0047,285,5.5-filters_discarding,PASS,,"Sampled ~15 of 61 pages (285-343) in detail; every figure encountered (Figures 7-15 through roughly 7-51, including Table 7-1 through 7-25) was present and correctly captured with no gaps found in the sampled range.","Not exhaustively checked pixel-by-pixel across all 61 pages / 37 images given section size, but no discrepancy pattern found in the sampled portion (unlike sec_0051's flowchart-page pattern)."
LOGIQ_e_R9_General_Service_Manual,sec_0047,285,5.5-filters_passing_noise,PASS,,No decorative banner-style images observed in the sampled pages; all are functional service-desktop UI screenshots or data tables.,
LOGIQ_e_R9_General_Service_Manual,sec_0047,285,5.5-image_section_mapping,PASS,,"Sampled images (pages 287-341 range) fall correctly within section bounds (283-343); spot-checked page attributions (e.g. p289 System Information table, p307/p327 desktop screenshots) all correct.",
LOGIQ_e_R9_General_Service_Manual,sec_0048,344,5.4-hierarchy_level,PASS,,p344 heading 'eDelivery - Software update' is a level-2 subsection; hierarchy_level=2 correct.,
LOGIQ_e_R9_General_Service_Manual,sec_0048,344,5.4-parent_child,PASS,,parent_section_id=sec_0042 confirmed; title matches PDF heading on p344 exactly.,This section is correctly present in the tree with correct boundaries even though it is curiously omitted from the chapter's local 'Contents in this chapter' list on p266 (which lists only 8 of 9 subsections) -- see sec_0042 structural_source note.
LOGIQ_e_R9_General_Service_Manual,sec_0048,344,5.4-page_start_end,PASS,,"Heading 'eDelivery - Software update' begins p344 (printed 7-80); 'Network Configuration' heading begins p358 (printed 7-94). Matches page_start=344, page_end=357.",
LOGIQ_e_R9_General_Service_Manual,sec_0048,344,5.4-hierarchy_path,PASS,,hierarchy_path '/Diagnostics/Troubleshooting/eDelivery - Software update' correct.,
LOGIQ_e_R9_General_Service_Manual,sec_0048,344,5.4-gaps_duplicates,PASS,,Contiguous with siblings sec_0047 (ends 343) and sec_0049 (starts 358); no gap/overlap.,
LOGIQ_e_R9_General_Service_Manual,sec_0048,344,5.4-flagged_for_review,PASS,,flagged_for_review=False correct; content (RSvP and End-User Portal software update procedures) is clean and well-structured.,
LOGIQ_e_R9_General_Service_Manual,sec_0048,344,5.4-structural_source,PASS,,structural_source='toc' plausible; section is a real heading-bearing subsection even though absent from the local p266 bullet list (see note on sec_0042).,
LOGIQ_e_R9_General_Service_Manual,sec_0048,344,5.6-numbering_scheme,PASS,,"Printed pages 7-80..7-93, arabic numerals, matches numbering_scheme='arabic'.",
LOGIQ_e_R9_General_Service_Manual,sec_0048,344,5.6-offset_applied,PASS,,offset_applied=0 consistent with chapter-wide absolute-page convention.,
LOGIQ_e_R9_General_Service_Manual,sec_0048,344,5.5-filters_discarding,PASS,,"Sampled pages 345-357 (full section): all figures encountered (Figure 7-52 through the software-reload/loading figures ending at 'Loading the Software'/'Reload the Software') matched the images index per-page counts exactly (e.g. p346:2, p349:2, p352:2, p356:2).",
LOGIQ_e_R9_General_Service_Manual,sec_0048,344,5.5-filters_passing_noise,PASS,,"No decorative banner-style images observed; all 18 images are functional dialog/screen captures (Access Denied warning, download progress dialogs, install prompts, etc.).",
LOGIQ_e_R9_General_Service_Manual,sec_0048,344,5.5-image_section_mapping,PASS,,All 18 images correctly attributed to pages within 344-357.,
LOGIQ_e_R9_General_Service_Manual,sec_0050,363,5.4-hierarchy_level,PASS,,p361 heading 'RSVP Agent Configuration' is a level-2 subsection; hierarchy_level=2 correct.,
LOGIQ_e_R9_General_Service_Manual,sec_0050,363,5.4-parent_child,PASS,,parent_section_id=sec_0042 confirmed; title matches PDF heading on p361 exactly.,
LOGIQ_e_R9_General_Service_Manual,sec_0050,363,5.4-page_start_end,PASS,,"Heading 'RSVP Agent Configuration' begins p361 (printed 7-97); 'Troubleshooting' heading begins p377 (printed 7-113). Matches page_start=361, page_end=376.",
LOGIQ_e_R9_General_Service_Manual,sec_0050,363,5.4-hierarchy_path,PASS,,hierarchy_path '/Diagnostics/Troubleshooting/RSVP Agent Configuration' correct.,
LOGIQ_e_R9_General_Service_Manual,sec_0050,363,5.4-gaps_duplicates,PASS,,Contiguous with siblings sec_0049 (ends 360) and sec_0051 (starts 377); no gap/overlap.,
LOGIQ_e_R9_General_Service_Manual,sec_0050,363,5.4-flagged_for_review,PASS,,"flagged_for_review=False correct; content (Remote Access, Service Diagnostics, System Health Dashboard) is clean and thoroughly verified across the full 16-page section.",
LOGIQ_e_R9_General_Service_Manual,sec_0050,363,5.4-structural_source,PASS,,structural_source='toc' consistent with chapter TOC entry 'RSVP Agent Configuration' on page 7-97.,
LOGIQ_e_R9_General_Service_Manual,sec_0050,363,5.6-numbering_scheme,PASS,,"Printed pages 7-97..7-112, arabic numerals, matches numbering_scheme='arabic'.",
LOGIQ_e_R9_General_Service_Manual,sec_0050,363,5.6-offset_applied,PASS,,offset_applied=0 consistent with chapter-wide absolute-page convention.,
LOGIQ_e_R9_General_Service_Manual,sec_0050,363,5.5-filters_discarding,PASS,,"Full section read (361-376): all 17 figures (Figure 7-75 through 7-91) matched the images index exactly, page-by-page and per-page count (e.g. p364:2, p365:2, p366:2, p373:2, p374:2).",Most thoroughly verified section in this batch -- zero discrepancies.
LOGIQ_e_R9_General_Service_Manual,sec_0050,363,5.5-filters_passing_noise,PASS,,No decorative banner-style images observed; all images are functional dialog/dashboard screenshots.,
LOGIQ_e_R9_General_Service_Manual,sec_0050,363,5.5-image_section_mapping,PASS,,All 17 images correctly attributed to pages within 361-376; every page-level image count cross-checked against the actual PDF figures present on that page.,
LOGIQ_e_R9_General_Service_Manual,sec_0051,383,5.4-hierarchy_level,PASS,,p377 heading 'Troubleshooting' is a level-2 subsection; hierarchy_level=2 correct.,
LOGIQ_e_R9_General_Service_Manual,sec_0051,383,5.4-parent_child,PASS,,parent_section_id=sec_0042 confirmed; title matches PDF heading on p377 exactly.,
LOGIQ_e_R9_General_Service_Manual,sec_0051,383,5.4-page_start_end,PASS,,"Heading 'Troubleshooting' begins p377 (printed 7-113); section runs to the last page of the chapter, p396 (printed 7-132, blank end-of-chapter page). Matches page_start=377, page_end=396.",
LOGIQ_e_R9_General_Service_Manual,sec_0051,383,5.4-hierarchy_path,PASS,,hierarchy_path '/Diagnostics/Troubleshooting/Troubleshooting' correct (section legitimately shares its name with the parent chapter).,
LOGIQ_e_R9_General_Service_Manual,sec_0051,383,5.4-gaps_duplicates,PASS,,Contiguous with sibling sec_0050 (ends 376); section correctly extends to chapter end at 396.,
LOGIQ_e_R9_General_Service_Manual,sec_0051,383,5.4-flagged_for_review,PASS,,flagged_for_review=False correct; text/table content of the section is clean and complete (only the flowchart images are affected -- see 5.5-filters_discarding).,
LOGIQ_e_R9_General_Service_Manual,sec_0051,383,5.4-structural_source,PASS,,"structural_source='toc' consistent with chapter TOC entry 'Troubleshooting' on page 7-113, which itself has its own sub-TOC listing all 6 sub-topics (Console/Peripheral/Battery/LCD/Network/AN Keyboard Troubleshooting).",
LOGIQ_e_R9_General_Service_Manual,sec_0051,383,5.6-numbering_scheme,PASS,,"Printed pages 7-113..7-132, arabic numerals, matches numbering_scheme='arabic'.",
LOGIQ_e_R9_General_Service_Manual,sec_0051,383,5.6-offset_applied,PASS,,offset_applied=0 consistent with chapter-wide absolute-page convention.,
LOGIQ_e_R9_General_Service_Manual,sec_0051,383,5.6-table_content,PASS,,"table_nodes entry for node #/tables/107 (p393, 'Num Reason / 1 Battery Broken. / 2 Battery is not connect well. / 3 Charger block issue, Change charge board.') matches Table 7-26 'Battery Troubleshooting' on p393 (printed 7-129) verbatim.",
LOGIQ_e_R9_General_Service_Manual,sec_0051,383,5.5-filters_discarding,FAIL,Critica,"Full section read (377-396). Of the 17 troubleshooting flowchart diagrams (Figure 7-92 through 7-108), only 8 are present in the images index (pages 380,382,383,384,385,386,394,395). NINE are missing entirely: p378 (Fig 7-92 'System Doesn't Boot'), p379 (Fig 7-93 cont'd), p381 (Fig 7-95 'B Mode Low Sensitivity'), p387 (Fig 7-101 'Unable to Scan'), p388 (Fig 7-102 cont'd), p389 (Fig 7-103 'Trackball'), p390 (Fig 7-104 'LCD Display'), p391 (Fig 7-105 'Unable Recording by Printer'), p392 (Fig 7-106 'Unable Recording by DVD-RW').","Likely cause: these flowcharts are drawn with native PDF vector graphics (boxes/arrows) on some pages but as embedded raster snapshots on others (inconsistent within the same figure series), and the image extraction only captures raster images -- so the vector-drawn diagrams are invisible to the image pipeline. Decision-box label text may still exist as paragraph/heading nodes, but the visual flow/branching structure of 9 of 17 troubleshooting-tree diagrams cannot be reconstructed from the image record. Content is correctly located in the section (not misplaced) -- this is a support-field (image capture) degradation, not a hierarchy or placement error. [Severidad ajustada en fusion: Media -> Critica -- 9/17 diagramas (53%) son la mayoria de una serie de arboles de diagnostico, mismo patron/impacto que sec_0063 y que el hallazgo equivalente en el manual AUTOMATIC_TRANSMISSION_MECHANISM_AND_FUNCTION_SECTION; verificado visualmente en p378 (Figura 7-92 System Doesn't Boot, diagrama vectorial completo, 0 representacion en el arbol). Ver summary.md.]"
LOGIQ_e_R9_General_Service_Manual,sec_0051,383,5.5-filters_passing_noise,PASS,,"No decorative banner-style images observed; the 8 captured images are all legitimate flowchart diagrams (real content, not noise).",
LOGIQ_e_R9_General_Service_Manual,sec_0051,383,5.5-image_section_mapping,PASS,,"The 8 captured images (p380,382,383,384,385,386,394,395) are all correctly attributed to pages within section bounds (377-396); mapping itself is correct, only the completeness of capture is degraded (see 5.5-filters_discarding).",
LOGIQ_e_R9_General_Service_Manual,sec_0052,397,5.4-hierarchy_level,PASS,,"hierarchy_level en JSON coincide con el nivel real observado en el PDF (chapter=1 raiz, subsection=2).",
LOGIQ_e_R9_General_Service_Manual,sec_0052,397,5.4-parent_child,PASS,,"parent_section_id/parent_summary coinciden con el capitulo padre real visible en el indice ""Contents in this chapter"" del PDF.",
LOGIQ_e_R9_General_Service_Manual,sec_0052,397,5.4-page_start_end,PASS,,"page_start/page_end verificados contra las paginas impresas reales (numeracion tipo ""8-1"",""9-4"",""10-22"") - limite exacto, sin desviacion.",
LOGIQ_e_R9_General_Service_Manual,sec_0052,397,5.4-hierarchy_path,PASS,,hierarchy_path coincide con la ruta real Capitulo/Seccion observada en los titulos del PDF.,
LOGIQ_e_R9_General_Service_Manual,sec_0052,397,5.4-gaps_duplicates,PASS,,"Paginas contiguas entre secciones hermanas/hijas sin huecos ni solapes (ej. sec_0058 termina 8-28/p424, sec_0059 inicia 8-29/p425).",
LOGIQ_e_R9_General_Service_Manual,sec_0052,397,5.4-flagged_for_review,PASS,,flagged_for_review=False confirmado; no se detectaron problemas que ameriten revision.,
LOGIQ_e_R9_General_Service_Manual,sec_0052,397,5.4-structural_source,PASS,,"structural_source=toc consistente: el PDF trae una pagina ""Contents in this chapter/section"" con la lista real de subsecciones que coincide con el arbol.",
LOGIQ_e_R9_General_Service_Manual,sec_0052,397,5.6-numbering_scheme,PASS,,"numbering_scheme=arabic correcto; los numeros de capitulo/pagina en el PDF son arabigos (ej. ""8-1"",""10-22"").",
LOGIQ_e_R9_General_Service_Manual,sec_0052,397,5.6-offset_applied,PASS,,offset_applied=0 correcto; page_start/page_end del JSON mapean exactamente a las paginas PDF reales sin desfase.,
LOGIQ_e_R9_General_Service_Manual,sec_0052,397,5.5-filters_discarding,PASS,,"Paginas propias de sec_0052 (397-401, 418) no contienen imagenes en el PDF; el JSON reporta 0 imagenes, correcto.",
LOGIQ_e_R9_General_Service_Manual,sec_0052,397,5.5-filters_passing_noise,PASS,,No hay imagenes decorativas/ruido en las paginas propias de esta seccion.,
LOGIQ_e_R9_General_Service_Manual,sec_0052,397,5.5-image_section_mapping,PASS,,0 imagenes esperadas y 0 mapeadas; consistente.,
LOGIQ_e_R9_General_Service_Manual,sec_0056,404,5.4-hierarchy_level,PASS,,"hierarchy_level en JSON coincide con el nivel real observado en el PDF (chapter=1 raiz, subsection=2).",
LOGIQ_e_R9_General_Service_Manual,sec_0056,404,5.4-parent_child,PASS,,"parent_section_id/parent_summary coinciden con el capitulo padre real visible en el indice ""Contents in this chapter"" del PDF.",
LOGIQ_e_R9_General_Service_Manual,sec_0056,404,5.4-page_start_end,PASS,,"page_start/page_end verificados contra las paginas impresas reales (numeracion tipo ""8-1"",""9-4"",""10-22"") - limite exacto, sin desviacion.",
LOGIQ_e_R9_General_Service_Manual,sec_0056,404,5.4-hierarchy_path,PASS,,hierarchy_path coincide con la ruta real Capitulo/Seccion observada en los titulos del PDF.,
LOGIQ_e_R9_General_Service_Manual,sec_0056,404,5.4-gaps_duplicates,PASS,,"Paginas contiguas entre secciones hermanas/hijas sin huecos ni solapes (ej. sec_0058 termina 8-28/p424, sec_0059 inicia 8-29/p425).",
LOGIQ_e_R9_General_Service_Manual,sec_0056,404,5.4-flagged_for_review,PASS,,flagged_for_review=False confirmado; no se detectaron problemas que ameriten revision.,
LOGIQ_e_R9_General_Service_Manual,sec_0056,404,5.4-structural_source,PASS,,"structural_source=toc consistente: el PDF trae una pagina ""Contents in this chapter/section"" con la lista real de subsecciones que coincide con el arbol.",
LOGIQ_e_R9_General_Service_Manual,sec_0056,404,5.6-numbering_scheme,PASS,,"numbering_scheme=arabic correcto; los numeros de capitulo/pagina en el PDF son arabigos (ej. ""8-1"",""10-22"").",
LOGIQ_e_R9_General_Service_Manual,sec_0056,404,5.6-offset_applied,PASS,,offset_applied=0 correcto; page_start/page_end del JSON mapean exactamente a las paginas PDF reales sin desfase.,
LOGIQ_e_R9_General_Service_Manual,sec_0056,404,5.5-filters_discarding,FAIL,Media,"Figura 8-14 ""Probe identification"" (p.417/8-21) visible en el PDF (captura de pantalla real con info de sonda) esta AUSENTE de la extraccion: 0 entradas en _images_index.json y 0 en el export crudo de 350 imagenes (ni siquiera aparece en _unmapped_images.json). Se perdio por completo, no solo quedo sin mapear.","Verificado comparando el listado visual de 14 figuras (8-1 a 8-14) contra las 13 imagenes indexadas para sec_0056; falta exactamente la ultima (Fig 8-14, p.417). [Severidad ajustada en fusion: Alta -> Media -- una sola imagen faltante (no un patron mayoritario como sec_0051/sec_0063/sec_0082), consistente con el mismo tipo de hallazgo aislado en sec_0020/sec_0023/sec_0028 (batches B/C), todos scoreados Media. Ver summary.md.]"
LOGIQ_e_R9_General_Service_Manual,sec_0056,404,5.5-filters_passing_noise,PASS,,"La imagen mas angosta de la seccion (800x97, aspect 8.25, Fig 8-3 ""Boot Option #1"") es contenido real (captura de menu BIOS), no una franja decorativa; correctamente conservada.",
LOGIQ_e_R9_General_Service_Manual,sec_0056,404,5.5-image_section_mapping,PASS,,Las 13 imagenes indexadas para sec_0056 tienen section_id=sec_0056 correcto; ninguna aparece en _unmapped_images.json.,
LOGIQ_e_R9_General_Service_Manual,sec_0058,419,5.4-hierarchy_level,PASS,,"hierarchy_level en JSON coincide con el nivel real observado en el PDF (chapter=1 raiz, subsection=2).",
LOGIQ_e_R9_General_Service_Manual,sec_0058,419,5.4-parent_child,PASS,,"parent_section_id/parent_summary coinciden con el capitulo padre real visible en el indice ""Contents in this chapter"" del PDF.",
LOGIQ_e_R9_General_Service_Manual,sec_0058,419,5.4-page_start_end,PASS,,"page_start/page_end verificados contra las paginas impresas reales (numeracion tipo ""8-1"",""9-4"",""10-22"") - limite exacto, sin desviacion.",
LOGIQ_e_R9_General_Service_Manual,sec_0058,419,5.4-hierarchy_path,PASS,,hierarchy_path coincide con la ruta real Capitulo/Seccion observada en los titulos del PDF.,
LOGIQ_e_R9_General_Service_Manual,sec_0058,419,5.4-gaps_duplicates,PASS,,"Paginas contiguas entre secciones hermanas/hijas sin huecos ni solapes (ej. sec_0058 termina 8-28/p424, sec_0059 inicia 8-29/p425).",
LOGIQ_e_R9_General_Service_Manual,sec_0058,419,5.4-flagged_for_review,PASS,,flagged_for_review=False confirmado; no se detectaron problemas que ameriten revision.,
LOGIQ_e_R9_General_Service_Manual,sec_0058,419,5.4-structural_source,PASS,,"structural_source=toc consistente: el PDF trae una pagina ""Contents in this chapter/section"" con la lista real de subsecciones que coincide con el arbol.",
LOGIQ_e_R9_General_Service_Manual,sec_0058,419,5.6-numbering_scheme,PASS,,"numbering_scheme=arabic correcto; los numeros de capitulo/pagina en el PDF son arabigos (ej. ""8-1"",""10-22"").",
LOGIQ_e_R9_General_Service_Manual,sec_0058,419,5.6-offset_applied,PASS,,offset_applied=0 correcto; page_start/page_end del JSON mapean exactamente a las paginas PDF reales sin desfase.,
LOGIQ_e_R9_General_Service_Manual,sec_0058,419,5.6-table_content,PASS,,"Tablas 8-1/8-2 (3PP Replacement), 8-3/8-4 (Big Battery), 8-5 (Battery), 8-6 (Install battery to Big Battery Box) verificadas: el texto de los pasos (canonical_text) coincide exactamente con el contenido visual del PDF, estructura Steps|Corresponding Graphic intacta.",
LOGIQ_e_R9_General_Service_Manual,sec_0058,419,5.5-filters_discarding,PASS,,"Conteo exacto por pagina verificado 1:1 contra las fotos visibles en el PDF: p420=3, p421=3, p422=2, p423=2, p424=2 = 12 imagenes, igual al total indexado para sec_0058.",
LOGIQ_e_R9_General_Service_Manual,sec_0058,419,5.5-filters_passing_noise,PASS,,No se detectaron imagenes decorativas/ruido en esta seccion.,
LOGIQ_e_R9_General_Service_Manual,sec_0058,419,5.5-image_section_mapping,PASS,,Las 12 imagenes indexadas tienen section_id=sec_0058 correcto.,
LOGIQ_e_R9_General_Service_Manual,sec_0059,426,5.4-hierarchy_level,PASS,,"hierarchy_level en JSON coincide con el nivel real observado en el PDF (chapter=1 raiz, subsection=2).",
LOGIQ_e_R9_General_Service_Manual,sec_0059,426,5.4-parent_child,PASS,,"parent_section_id/parent_summary coinciden con el capitulo padre real visible en el indice ""Contents in this chapter"" del PDF.",
LOGIQ_e_R9_General_Service_Manual,sec_0059,426,5.4-page_start_end,PASS,,"page_start/page_end verificados contra las paginas impresas reales (numeracion tipo ""8-1"",""9-4"",""10-22"") - limite exacto, sin desviacion.",
LOGIQ_e_R9_General_Service_Manual,sec_0059,426,5.4-hierarchy_path,PASS,,hierarchy_path coincide con la ruta real Capitulo/Seccion observada en los titulos del PDF.,
LOGIQ_e_R9_General_Service_Manual,sec_0059,426,5.4-gaps_duplicates,PASS,,"Paginas contiguas entre secciones hermanas/hijas sin huecos ni solapes (ej. sec_0058 termina 8-28/p424, sec_0059 inicia 8-29/p425).",
LOGIQ_e_R9_General_Service_Manual,sec_0059,426,5.4-flagged_for_review,PASS,,flagged_for_review=False confirmado; no se detectaron problemas que ameriten revision.,
LOGIQ_e_R9_General_Service_Manual,sec_0059,426,5.4-structural_source,PASS,,"structural_source=toc consistente: el PDF trae una pagina ""Contents in this chapter/section"" con la lista real de subsecciones que coincide con el arbol.",
LOGIQ_e_R9_General_Service_Manual,sec_0059,426,5.6-numbering_scheme,PASS,,"numbering_scheme=arabic correcto; los numeros de capitulo/pagina en el PDF son arabigos (ej. ""8-1"",""10-22"").",
LOGIQ_e_R9_General_Service_Manual,sec_0059,426,5.6-offset_applied,PASS,,offset_applied=0 correcto; page_start/page_end del JSON mapean exactamente a las paginas PDF reales sin desfase.,
LOGIQ_e_R9_General_Service_Manual,sec_0060,427,5.4-hierarchy_level,PASS,,"hierarchy_level en JSON coincide con el nivel real observado en el PDF (chapter=1 raiz, subsection=2).",
LOGIQ_e_R9_General_Service_Manual,sec_0060,427,5.4-parent_child,PASS,,"parent_section_id/parent_summary coinciden con el capitulo padre real visible en el indice ""Contents in this chapter"" del PDF.",
LOGIQ_e_R9_General_Service_Manual,sec_0060,427,5.4-page_start_end,PASS,,"page_start/page_end verificados contra las paginas impresas reales (numeracion tipo ""8-1"",""9-4"",""10-22"") - limite exacto, sin desviacion.",
LOGIQ_e_R9_General_Service_Manual,sec_0060,427,5.4-hierarchy_path,PASS,,hierarchy_path coincide con la ruta real Capitulo/Seccion observada en los titulos del PDF.,
LOGIQ_e_R9_General_Service_Manual,sec_0060,427,5.4-gaps_duplicates,PASS,,"Paginas contiguas entre secciones hermanas/hijas sin huecos ni solapes (ej. sec_0058 termina 8-28/p424, sec_0059 inicia 8-29/p425).",
LOGIQ_e_R9_General_Service_Manual,sec_0060,427,5.4-flagged_for_review,PASS,,flagged_for_review=False confirmado; no se detectaron problemas que ameriten revision.,
LOGIQ_e_R9_General_Service_Manual,sec_0060,427,5.4-structural_source,PASS,,"structural_source=toc consistente: el PDF trae una pagina ""Contents in this chapter/section"" con la lista real de subsecciones que coincide con el arbol.",
LOGIQ_e_R9_General_Service_Manual,sec_0060,427,5.6-numbering_scheme,PASS,,"numbering_scheme=arabic correcto; los numeros de capitulo/pagina en el PDF son arabigos (ej. ""8-1"",""10-22"").",
LOGIQ_e_R9_General_Service_Manual,sec_0060,427,5.6-offset_applied,PASS,,offset_applied=0 correcto; page_start/page_end del JSON mapean exactamente a las paginas PDF reales sin desfase.,
LOGIQ_e_R9_General_Service_Manual,sec_0060,427,5.5-filters_discarding,PASS,,"Paginas propias de sec_0060 (427-429: portada de capitulo, Overview, List of Abbreviations) no contienen imagenes en el PDF; 0 imagenes esperadas y 0 reportadas.",
LOGIQ_e_R9_General_Service_Manual,sec_0060,427,5.5-filters_passing_noise,PASS,,"No aplica, sin imagenes en las paginas propias de la seccion.",
LOGIQ_e_R9_General_Service_Manual,sec_0060,427,5.5-image_section_mapping,PASS,,0 imagenes esperadas y 0 mapeadas; consistente.,
LOGIQ_e_R9_General_Service_Manual,sec_0063,436,5.4-hierarchy_level,PASS,,"hierarchy_level en JSON coincide con el nivel real observado en el PDF (chapter=1 raiz, subsection=2).",
LOGIQ_e_R9_General_Service_Manual,sec_0063,436,5.4-parent_child,PASS,,"parent_section_id/parent_summary coinciden con el capitulo padre real visible en el indice ""Contents in this chapter"" del PDF.",
LOGIQ_e_R9_General_Service_Manual,sec_0063,436,5.4-page_start_end,PASS,,"page_start/page_end verificados contra las paginas impresas reales (numeracion tipo ""8-1"",""9-4"",""10-22"") - limite exacto, sin desviacion.",
LOGIQ_e_R9_General_Service_Manual,sec_0063,436,5.4-hierarchy_path,PASS,,hierarchy_path coincide con la ruta real Capitulo/Seccion observada en los titulos del PDF.,
LOGIQ_e_R9_General_Service_Manual,sec_0063,436,5.4-gaps_duplicates,PASS,,"Paginas contiguas entre secciones hermanas/hijas sin huecos ni solapes (ej. sec_0058 termina 8-28/p424, sec_0059 inicia 8-29/p425).",
LOGIQ_e_R9_General_Service_Manual,sec_0063,436,5.4-flagged_for_review,PASS,,flagged_for_review=False confirmado; no se detectaron problemas que ameriten revision.,
LOGIQ_e_R9_General_Service_Manual,sec_0063,436,5.4-structural_source,PASS,,"structural_source=toc consistente: el PDF trae una pagina ""Contents in this chapter/section"" con la lista real de subsecciones que coincide con el arbol.",
LOGIQ_e_R9_General_Service_Manual,sec_0063,436,5.6-numbering_scheme,PASS,,"numbering_scheme=arabic correcto; los numeros de capitulo/pagina en el PDF son arabigos (ej. ""8-1"",""10-22"").",
LOGIQ_e_R9_General_Service_Manual,sec_0063,436,5.6-offset_applied,PASS,,offset_applied=0 correcto; page_start/page_end del JSON mapean exactamente a las paginas PDF reales sin desfase.,
LOGIQ_e_R9_General_Service_Manual,sec_0063,436,5.6-table_content,PASS,,"Tabla 9-2 ""Power Cable List"" (p.431) y Tabla 9-6 ""Manuals"" (p.444 y alrededores) verificadas: item/part number/description coinciden exactamente con el PDF real (ej. item1 5933812-S ""ACDC Adapter with Clamp Filter""). Contenido textual correcto y completo.",
LOGIQ_e_R9_General_Service_Manual,sec_0063,436,5.5-filters_discarding,FAIL,Critica,"Perdida masiva de imagenes del catalogo visual de partes/sondas de esta seccion, verificada contra el export crudo de 350 imagenes (no solo sin mapear, sino ausentes por completo): p.434 (Tabla 9-3 LOGIQ e Cart, items 6/7/9/10 con foto cada uno) solo 2 de 4 fotos presentes; p.436 (Tabla 9-4 Accessories, items 1/4/5/6 con foto) 0 de 4 fotos presentes; p.439 (Tabla 9-5 Probe, items 1-7 con foto de sonda cada uno) solo 1 de 7 fotos presente; p.440 (Tabla 9-5 continuada, items 8-14) 0 de 7 fotos presentes; p.441 (Tabla 9-5 continuada, items 15-17) 0 de 3 fotos presentes. Total aproximado: 22 de ~31 imagenes reales del catalogo estan ausentes (solo 9 quedaron indexadas para sec_0063).","Esta seccion es precisamente el catalogo visual de partes y sondas para identificacion en campo; la perdida mayoritaria de sus ilustraciones degrada seriamente su utilidad para el tecnico de servicio. Verificado en _images_index.json, _unmapped_images.json y el export crudo de 350 imagenes (mismo conteo en los tres, confirma perdida upstream, no solo fallo de mapeo)."
LOGIQ_e_R9_General_Service_Manual,sec_0063,436,5.5-filters_passing_noise,PASS,,Entre las 9 imagenes que si sobrevivieron no se detecto contenido decorativo/ruido incorrectamente conservado.,
LOGIQ_e_R9_General_Service_Manual,sec_0063,436,5.5-image_section_mapping,PASS,,"Las 9 imagenes que si fueron extraidas tienen section_id=sec_0063 correcto; el problema es de extraccion/descarte previo, no de mapeo a seccion incorrecta.",
LOGIQ_e_R9_General_Service_Manual,sec_0064,445,5.4-hierarchy_level,PASS,,"hierarchy_level en JSON coincide con el nivel real observado en el PDF (chapter=1 raiz, subsection=2).",
LOGIQ_e_R9_General_Service_Manual,sec_0064,445,5.4-parent_child,PASS,,"parent_section_id/parent_summary coinciden con el capitulo padre real visible en el indice ""Contents in this chapter"" del PDF.",
LOGIQ_e_R9_General_Service_Manual,sec_0064,445,5.4-page_start_end,PASS,,"page_start/page_end verificados contra las paginas impresas reales (numeracion tipo ""8-1"",""9-4"",""10-22"") - limite exacto, sin desviacion.",
LOGIQ_e_R9_General_Service_Manual,sec_0064,445,5.4-hierarchy_path,PASS,,hierarchy_path coincide con la ruta real Capitulo/Seccion observada en los titulos del PDF.,
LOGIQ_e_R9_General_Service_Manual,sec_0064,445,5.4-gaps_duplicates,PASS,,"Paginas contiguas entre secciones hermanas/hijas sin huecos ni solapes (ej. sec_0058 termina 8-28/p424, sec_0059 inicia 8-29/p425).",
LOGIQ_e_R9_General_Service_Manual,sec_0064,445,5.4-flagged_for_review,PASS,,flagged_for_review=False confirmado; no se detectaron problemas que ameriten revision.,
LOGIQ_e_R9_General_Service_Manual,sec_0064,445,5.4-structural_source,PASS,,"structural_source=toc consistente: el PDF trae una pagina ""Contents in this chapter/section"" con la lista real de subsecciones que coincide con el arbol.",
LOGIQ_e_R9_General_Service_Manual,sec_0064,445,5.6-numbering_scheme,PASS,,"numbering_scheme=arabic correcto; los numeros de capitulo/pagina en el PDF son arabigos (ej. ""8-1"",""10-22"").",
LOGIQ_e_R9_General_Service_Manual,sec_0064,445,5.6-offset_applied,PASS,,offset_applied=0 correcto; page_start/page_end del JSON mapean exactamente a las paginas PDF reales sin desfase.,
LOGIQ_e_R9_General_Service_Manual,sec_0064,445,5.5-filters_discarding,PASS,,Paginas propias de sec_0064 (445-446: portada de capitulo y Overview) no contienen imagenes en el PDF; 0 imagenes esperadas y 0 reportadas.,
LOGIQ_e_R9_General_Service_Manual,sec_0064,445,5.5-filters_passing_noise,PASS,,"No aplica, sin imagenes en las paginas propias de la seccion.",
LOGIQ_e_R9_General_Service_Manual,sec_0064,445,5.5-image_section_mapping,PASS,,0 imagenes esperadas y 0 mapeadas; consistente.,
LOGIQ_e_R9_General_Service_Manual,sec_0066,452,5.4-hierarchy_level,PASS,,"hierarchy_level en JSON coincide con el nivel real observado en el PDF (chapter=1 raiz, subsection=2).",
LOGIQ_e_R9_General_Service_Manual,sec_0066,452,5.4-parent_child,PASS,,"parent_section_id/parent_summary coinciden con el capitulo padre real visible en el indice ""Contents in this chapter"" del PDF.",
LOGIQ_e_R9_General_Service_Manual,sec_0066,452,5.4-page_start_end,PASS,,"page_start/page_end verificados contra las paginas impresas reales (numeracion tipo ""8-1"",""9-4"",""10-22"") - limite exacto, sin desviacion.",
LOGIQ_e_R9_General_Service_Manual,sec_0066,452,5.4-hierarchy_path,PASS,,hierarchy_path coincide con la ruta real Capitulo/Seccion observada en los titulos del PDF.,
LOGIQ_e_R9_General_Service_Manual,sec_0066,452,5.4-gaps_duplicates,PASS,,"Paginas contiguas entre secciones hermanas/hijas sin huecos ni solapes (ej. sec_0058 termina 8-28/p424, sec_0059 inicia 8-29/p425).",
LOGIQ_e_R9_General_Service_Manual,sec_0066,452,5.4-flagged_for_review,PASS,,flagged_for_review=False confirmado; no se detectaron problemas que ameriten revision.,
LOGIQ_e_R9_General_Service_Manual,sec_0066,452,5.4-structural_source,PASS,,"structural_source=toc consistente: el PDF trae una pagina ""Contents in this chapter/section"" con la lista real de subsecciones que coincide con el arbol.",
LOGIQ_e_R9_General_Service_Manual,sec_0066,452,5.6-numbering_scheme,PASS,,"numbering_scheme=arabic correcto; los numeros de capitulo/pagina en el PDF son arabigos (ej. ""8-1"",""10-22"").",
LOGIQ_e_R9_General_Service_Manual,sec_0066,452,5.6-offset_applied,PASS,,offset_applied=0 correcto; page_start/page_end del JSON mapean exactamente a las paginas PDF reales sin desfase.,
LOGIQ_e_R9_General_Service_Manual,sec_0066,452,5.6-table_content,PASS,,"Tabla 10-1 ""User List"" (p.454) y Tabla 10-2 ""Logon"" (p.456) verificadas: parametros y descripciones coinciden exactamente con el texto visible en el PDF, sin corrupcion de columnas.",
LOGIQ_e_R9_General_Service_Manual,sec_0066,452,5.5-filters_discarding,PASS,,"Conteo exacto verificado 1:1 contra las 11 figuras visibles (10-1 a 10-11) en paginas 447,448,449,450(x2),451(x2),452(x2),454,456; coincide con las 11 imagenes indexadas para sec_0066.",
LOGIQ_e_R9_General_Service_Manual,sec_0066,452,5.5-filters_passing_noise,PASS,,"La imagen angosta repetida (800x97, aspect 8.25) es la misma captura real de menu BIOS ""Boot Option #1"" que aparece tambien en sec_0056 porque el procedimiento ""Software Wiping to Erase Patient Data"" reutiliza legitimamente los mismos pasos de arranque; no es ruido decorativo ni una imagen duplicada por error.",Confirmado visualmente: ambas secciones documentan procedimientos de arranque BIOS genuinamente identicos hasta el paso final donde divergen (carga de disco vs. borrado seguro).
LOGIQ_e_R9_General_Service_Manual,sec_0066,452,5.5-image_section_mapping,PASS,,Las 11 imagenes indexadas tienen section_id=sec_0066 correcto.,
LOGIQ_e_R9_General_Service_Manual,sec_0069,460,5.4-hierarchy_level,PASS,,"hierarchy_level en JSON coincide con el nivel real observado en el PDF (chapter=1 raiz, subsection=2).",
LOGIQ_e_R9_General_Service_Manual,sec_0069,460,5.4-parent_child,PASS,,"parent_section_id/parent_summary coinciden con el capitulo padre real visible en el indice ""Contents in this chapter"" del PDF.",
LOGIQ_e_R9_General_Service_Manual,sec_0069,460,5.4-page_start_end,PASS,,"page_start/page_end verificados contra las paginas impresas reales (numeracion tipo ""8-1"",""9-4"",""10-22"") - limite exacto, sin desviacion.",
LOGIQ_e_R9_General_Service_Manual,sec_0069,460,5.4-hierarchy_path,PASS,,hierarchy_path coincide con la ruta real Capitulo/Seccion observada en los titulos del PDF.,
LOGIQ_e_R9_General_Service_Manual,sec_0069,460,5.4-gaps_duplicates,PASS,,"Paginas contiguas entre secciones hermanas/hijas sin huecos ni solapes (ej. sec_0058 termina 8-28/p424, sec_0059 inicia 8-29/p425).",
LOGIQ_e_R9_General_Service_Manual,sec_0069,460,5.4-flagged_for_review,PASS,,flagged_for_review=False confirmado; no se detectaron problemas que ameriten revision.,
LOGIQ_e_R9_General_Service_Manual,sec_0069,460,5.4-structural_source,PASS,,"structural_source=toc consistente: el PDF trae una pagina ""Contents in this chapter/section"" con la lista real de subsecciones que coincide con el arbol.",
LOGIQ_e_R9_General_Service_Manual,sec_0069,460,5.6-numbering_scheme,PASS,,"numbering_scheme=arabic correcto; los numeros de capitulo/pagina en el PDF son arabigos (ej. ""8-1"",""10-22"").",
LOGIQ_e_R9_General_Service_Manual,sec_0069,460,5.6-offset_applied,PASS,,offset_applied=0 correcto; page_start/page_end del JSON mapean exactamente a las paginas PDF reales sin desfase.,
LOGIQ_e_R9_General_Service_Manual,sec_0069,460,5.6-table_content,FAIL,Media,"Tabla 10-3 ""Customer Care Schedule"" (node #/tables/128, p.460) presenta corrupcion estructural real: el encabezado fusiona ""Service at Indicated Time / Daily / Weekly"" en una sola celda (perdiendo 2 fronteras de columna), y el texto envuelto (wrapped) de la columna Notes se mezcla con la fila incorrecta en 2 de 5 filas: la fila ""Clean Probes"" queda con su etiqueta vacia en la primera celda y todo el contenido (""Clean Probes •* * or before each use"") apilado en la ultima celda (Notes); la fila ""Inspect AC Mains Cable"" tiene su nota multilinea ""Mobile Ultrasound system: Check Weekly"" partida entre la celda de datos y la celda Notes.","canonical_text extraido: "" |  |  | Clean Probes •* * or before each use"" para la fila Clean Probes -- la asociacion columna-valor (Daily/Weekly/Monthly) no es recuperable de forma fiable desde el texto extraido, aunque el contenido en si no se perdio (sigue visible, solo mal atribuido a columna/fila). La tabla continuacion (node #/tables/129, p.461) no presenta este problema. [Severidad ajustada en fusion: Alta -> Media -- degradacion de tabla de agenda de mantenimiento (no datos de seguridad regulados como sec_0072); encaja con la definicion textual de severidad Media (campo de soporte degradado, contenido no perdido). Ver summary.md.]"
LOGIQ_e_R9_General_Service_Manual,sec_0071,467,5.4-hierarchy_level,PASS,,"hierarchy_level en JSON coincide con el nivel real observado en el PDF (chapter=1 raiz, subsection=2).",
LOGIQ_e_R9_General_Service_Manual,sec_0071,467,5.4-parent_child,PASS,,"parent_section_id/parent_summary coinciden con el capitulo padre real visible en el indice ""Contents in this chapter"" del PDF.",
LOGIQ_e_R9_General_Service_Manual,sec_0071,467,5.4-page_start_end,PASS,,"page_start/page_end verificados contra las paginas impresas reales (numeracion tipo ""8-1"",""9-4"",""10-22"") - limite exacto, sin desviacion.",
LOGIQ_e_R9_General_Service_Manual,sec_0071,467,5.4-hierarchy_path,PASS,,hierarchy_path coincide con la ruta real Capitulo/Seccion observada en los titulos del PDF.,
LOGIQ_e_R9_General_Service_Manual,sec_0071,467,5.4-gaps_duplicates,PASS,,"Paginas contiguas entre secciones hermanas/hijas sin huecos ni solapes (ej. sec_0058 termina 8-28/p424, sec_0059 inicia 8-29/p425).",
LOGIQ_e_R9_General_Service_Manual,sec_0071,467,5.4-flagged_for_review,PASS,,flagged_for_review=False confirmado; no se detectaron problemas que ameriten revision.,
LOGIQ_e_R9_General_Service_Manual,sec_0071,467,5.4-structural_source,PASS,,"structural_source=toc consistente: el PDF trae una pagina ""Contents in this chapter/section"" con la lista real de subsecciones que coincide con el arbol.",
LOGIQ_e_R9_General_Service_Manual,sec_0071,467,5.6-numbering_scheme,PASS,,"numbering_scheme=arabic correcto; los numeros de capitulo/pagina en el PDF son arabigos (ej. ""8-1"",""10-22"").",
LOGIQ_e_R9_General_Service_Manual,sec_0071,467,5.6-offset_applied,PASS,,offset_applied=0 correcto; page_start/page_end del JSON mapean exactamente a las paginas PDF reales sin desfase.,
LOGIQ_e_R9_General_Service_Manual,sec_0071,467,5.6-table_content,PASS,,"Tabla 10-7 ""System preliminary checks"" (p.466) y otras verificadas por muestreo: texto de pasos coincide exactamente con el PDF. Los 9 table_nodes cubren correctamente las ~7 tablas distintas de la seccion (preliminary/functional/system checks, peripheral/option checks, mains cable inspection, cleaning, physical checks, probe related checks).",
LOGIQ_e_R9_General_Service_Manual,sec_0071,467,5.5-filters_discarding,PASS,,"Ambas imagenes esperadas (Fig 10-12 ""Air Filters"" p.474, Fig 10-13 ""Brush the air filter"" p.475) presentes y mapeadas correctamente.","El diagrama de flujo Fig 10-14 ""Battery Performance Maintenance"" (p.476) es un dibujo vectorial nativo del PDF (cajas y flechas), no una imagen rasterizada; su ausencia del indice de imagenes es correcta y esperada, no un defecto."
LOGIQ_e_R9_General_Service_Manual,sec_0071,467,5.5-filters_passing_noise,PASS,,No se detecto contenido decorativo/ruido.,
LOGIQ_e_R9_General_Service_Manual,sec_0071,467,5.5-image_section_mapping,PASS,,Las 2 imagenes indexadas tienen section_id=sec_0071 correcto.,
LOGIQ_e_R9_General_Service_Manual,sec_0072,481,5.4-hierarchy_level,PASS,,"hierarchy_level en JSON coincide con el nivel real observado en el PDF (chapter=1 raiz, subsection=2).",
LOGIQ_e_R9_General_Service_Manual,sec_0072,481,5.4-parent_child,PASS,,"parent_section_id/parent_summary coinciden con el capitulo padre real visible en el indice ""Contents in this chapter"" del PDF.",
LOGIQ_e_R9_General_Service_Manual,sec_0072,481,5.4-page_start_end,PASS,,"page_start/page_end verificados contra las paginas impresas reales (numeracion tipo ""8-1"",""9-4"",""10-22"") - limite exacto, sin desviacion.",
LOGIQ_e_R9_General_Service_Manual,sec_0072,481,5.4-hierarchy_path,PASS,,hierarchy_path coincide con la ruta real Capitulo/Seccion observada en los titulos del PDF.,
LOGIQ_e_R9_General_Service_Manual,sec_0072,481,5.4-gaps_duplicates,PASS,,"Paginas contiguas entre secciones hermanas/hijas sin huecos ni solapes (ej. sec_0058 termina 8-28/p424, sec_0059 inicia 8-29/p425).",
LOGIQ_e_R9_General_Service_Manual,sec_0072,481,5.4-flagged_for_review,PASS,,flagged_for_review=False confirmado; no se detectaron problemas que ameriten revision.,
LOGIQ_e_R9_General_Service_Manual,sec_0072,481,5.4-structural_source,PASS,,"structural_source=toc consistente: el PDF trae una pagina ""Contents in this chapter/section"" con la lista real de subsecciones que coincide con el arbol.",
LOGIQ_e_R9_General_Service_Manual,sec_0072,481,5.6-numbering_scheme,PASS,,"numbering_scheme=arabic correcto; los numeros de capitulo/pagina en el PDF son arabigos (ej. ""8-1"",""10-22"").",
LOGIQ_e_R9_General_Service_Manual,sec_0072,481,5.6-offset_applied,PASS,,offset_applied=0 correcto; page_start/page_end del JSON mapean exactamente a las paginas PDF reales sin desfase.,
LOGIQ_e_R9_General_Service_Manual,sec_0072,481,5.6-table_content,FAIL,Alta,"Tabla 10-14 ""Chassis Leakage Current Limits"" (node #/tables/144, p.481) presenta corrupcion real: el encabezado fusiona ""Country"" y ""Open Ground"" en una sola celda ademas de invertir su orden respecto al original (orden real: Country|Normal Condition|Open Ground|Reverse Polarity|Open Neutral), y la fila de datos colapsa los 4 valores numericos de limite (""0.1 mA 0.5 mA 0.5 mA 0.5 mA"") en una unica celda sin separacion por columna, perdiendo la asociacion valor-columna para un dato de seguridad electrica regulado. Las Tablas 10-15/10-16 (nodes 145/146, p.481-482) tienen el encabezado correcto pero igualmente colapsan sus 5 valores numericos en una sola celda.","canonical_text Tabla144: ""Country Open Ground | Normal  Condition | Reverse  Polarity | Open Neutral\nAll (Except USA &  Canada) |  |  | 0.1 mA 0.5 mA 0.5 mA 0.5 mA\n..."". Los valores en si no se perdieron (siguen visibles como texto), pero no son atribuibles de forma fiable a su columna correcta mediante el texto extraido -- riesgo para cualquier consumo automatizado/estructurado de esta tabla de limites de seguridad. Tabla 10-17 (definiciones, node147) y las plantillas en blanco 10-18/10-19 (nodes148/149, sin datos que perder) extraen correctamente."
LOGIQ_e_R9_General_Service_Manual,sec_0072,481,5.5-filters_discarding,PASS,,"Las 3 imagenes esperadas (icono outlet tester p.483, diagrama ground continuity p.484, diagrama chassis leakage setup p.485) estan presentes y mapeadas.",
LOGIQ_e_R9_General_Service_Manual,sec_0072,481,5.5-filters_passing_noise,PASS,,No se detecto contenido decorativo/ruido.,
LOGIQ_e_R9_General_Service_Manual,sec_0072,481,5.5-image_section_mapping,PASS,,Las 3 imagenes indexadas tienen section_id=sec_0072 correcto.,
LOGIQ_e_R9_General_Service_Manual,sec_0075,496,5.4-hierarchy_level,PASS,,"hierarchy_level en JSON coincide con el nivel real observado en el PDF (chapter=1 raiz, subsection=2).",
LOGIQ_e_R9_General_Service_Manual,sec_0075,496,5.4-parent_child,PASS,,"parent_section_id/parent_summary coinciden con el capitulo padre real visible en el indice ""Contents in this chapter"" del PDF.",
LOGIQ_e_R9_General_Service_Manual,sec_0075,496,5.4-page_start_end,PASS,,"page_start/page_end verificados contra las paginas impresas reales (numeracion tipo ""8-1"",""9-4"",""10-22"") - limite exacto, sin desviacion.",
LOGIQ_e_R9_General_Service_Manual,sec_0075,496,5.4-hierarchy_path,PASS,,hierarchy_path coincide con la ruta real Capitulo/Seccion observada en los titulos del PDF.,
LOGIQ_e_R9_General_Service_Manual,sec_0075,496,5.4-gaps_duplicates,PASS,,"Paginas contiguas entre secciones hermanas/hijas sin huecos ni solapes (ej. sec_0058 termina 8-28/p424, sec_0059 inicia 8-29/p425).",
LOGIQ_e_R9_General_Service_Manual,sec_0075,496,5.4-flagged_for_review,PASS,,flagged_for_review=False confirmado; no se detectaron problemas que ameriten revision.,
LOGIQ_e_R9_General_Service_Manual,sec_0075,496,5.4-structural_source,PASS,,"structural_source=toc consistente: el PDF trae una pagina ""Contents in this chapter/section"" con la lista real de subsecciones que coincide con el arbol.",
LOGIQ_e_R9_General_Service_Manual,sec_0075,496,5.6-numbering_scheme,PASS,,"numbering_scheme=arabic correcto; los numeros de capitulo/pagina en el PDF son arabigos (ej. ""8-1"",""10-22"").",
LOGIQ_e_R9_General_Service_Manual,sec_0075,496,5.6-offset_applied,PASS,,offset_applied=0 correcto; page_start/page_end del JSON mapean exactamente a las paginas PDF reales sin desfase.,
LOGIQ_e_R9_General_Service_Manual,sec_0075,496,5.6-table_content,PASS,,"Tabla 10-20 ""Electrical safety tests log"" (p.494-495) y Tabla 10-21 ""Electrical safety tests (probes) log"" (p.495) verificadas: encabezados y etiquetas de fila (Outlet, System ground continuity, Chassis source leakage current - probe/wheel/monitor, etc.) coinciden exactamente con el PDF. Ambas son plantillas en blanco para llenar en campo, por lo que no hay datos numericos que perder; la estructura de columnas con delimitadores ""|"" es correcta y consistente.",
LOGIQ_e_R9_General_Service_Manual,sec_0076,497,5.4-hierarchy_level,PASS,,"P.497 muestra encabezado real 'Chapter 11 / LOGIQ e Cart Setup' como portada de capitulo, nivel raiz (1) confirmado visualmente.",
LOGIQ_e_R9_General_Service_Manual,sec_0076,497,5.4-parent_child,PASS,,"parent_section_id=null correcto (es capitulo raiz). child_sections (sec_0077..sec_0083) coinciden con subtitulos reales vistos en el TOC del capitulo (p.498): Overview, Set Up LOGIQ e Cart, Cart Using, LOGIQ e Cart Functions (Theory), Diagnostics/Troubleshooting, mas Renewal Parts y Care & Maintenance.",
LOGIQ_e_R9_General_Service_Manual,sec_0076,497,5.4-page_start_end,FAIL,Critica,"page_start=497 correcto (portada 'Chapter 11'). page_end=567=total_pages: el contenido real de Chapter 11 termina en p.562 (11-66, cierre de 'Care & Maintenance'/Inspection Paper Work). Las pp.563-567 son el Indice global del manual (numeracion propia 'Index-1'..'Index-4', sin relacion con capitulo 11) y una pagina de contraportada en blanco con solo el logo GE HealthCare (p.567). Mismo patron de absorcion silenciosa de back-matter que en sec_0083 (ver esa fila para evidencia detallada por pagina).","Cascada del mismo bug de sec_0083: al no existir bookmark para el Indice/contraportada, el pipeline usa total_pages como default y el ultimo capitulo del libro se lo traga."
LOGIQ_e_R9_General_Service_Manual,sec_0076,497,5.4-hierarchy_path,PASS,,hierarchy_path='/LOGIQ e Cart Setup' coincide con el titulo real del capitulo.,
LOGIQ_e_R9_General_Service_Manual,sec_0076,497,5.4-gaps_duplicates,PASS,,"Rangos de hijos contiguos y sin solapes: 497(root)->500(sec_0078)->528(sec_0079)->[533 sec_0080]->[534 sec_0081]->536(sec_0082)->546(sec_0083). El unico problema de limites es la absorcion de back-matter al final, ya registrada en 5.4-page_start_end.",
LOGIQ_e_R9_General_Service_Manual,sec_0076,497,5.4-flagged_for_review,PASS,,flagged_for_review=false coincide con el dato reportado por el pipeline para esta fila.,
LOGIQ_e_R9_General_Service_Manual,sec_0076,497,5.4-structural_source,PASS,,structural_source='toc' verificado: 'Chapter 11 LOGIQ e Cart Setup' es un heading real y aparece como bookmark de nivel capitulo.,
LOGIQ_e_R9_General_Service_Manual,sec_0076,497,5.6-numbering_scheme,PASS,,"numbering_scheme='arabic' correcto: pie de pagina usa '11-1','11-2'... numeracion arabiga relativa al capitulo.",
LOGIQ_e_R9_General_Service_Manual,sec_0076,497,5.6-offset_applied,PASS,,"offset_applied=0 consistente: pagina impresa 11-4 (Set Up LOGIQ e Cart) corresponde exactamente a la pagina PDF 500 (497+4-1), sin offset adicional necesario.",
LOGIQ_e_R9_General_Service_Manual,sec_0076,497,5.5-filters_discarding,PASS,,images_in_section_json=[] para sec_0076 (nivel raiz); no hay imagenes propias en la portada del capitulo (p.497) que deban filtrarse.,
LOGIQ_e_R9_General_Service_Manual,sec_0076,497,5.5-filters_passing_noise,PASS,,"No hay imagenes asociadas al nodo raiz sec_0076 mismo; la linea azul decorativa de encabezado es grafico vectorial, no imagen rasterizada, correctamente no capturada.",
LOGIQ_e_R9_General_Service_Manual,sec_0076,497,5.5-image_section_mapping,PASS,,Las 45 imagenes de las paginas 497-567 se atribuyen correctamente a las subsecciones hijas (sec_0078/79/81/82/83) y no se duplican en el nodo padre sec_0076 (images_in_section_json=[] en el padre). Buen comportamiento de no-doble-conteo.,
LOGIQ_e_R9_General_Service_Manual,sec_0078,504,5.4-hierarchy_level,PASS,,"P.500 (11-4) muestra encabezado real 'Set Up LOGIQ e Cart', nivel 2 bajo el capitulo, confirmado.",
LOGIQ_e_R9_General_Service_Manual,sec_0078,504,5.4-parent_child,PASS,,parent_section_id=sec_0076 correcto; 'Set Up LOGIQ e Cart' listado en TOC del capitulo (p.498) como subseccion de Chapter 11.,
LOGIQ_e_R9_General_Service_Manual,sec_0078,504,5.4-page_start_end,PASS,,"page_start=500 (11-4, heading confirmado) y page_end=527 (11-31 'Paperwork'/User Manual, ultimo contenido antes de 'Cart Using' en p.528=11-32) verificados por lectura directa de ambos limites.",
LOGIQ_e_R9_General_Service_Manual,sec_0078,504,5.4-hierarchy_path,PASS,,hierarchy_path='/LOGIQ e Cart Setup/Set Up LOGIQ e Cart' correcto.,
LOGIQ_e_R9_General_Service_Manual,sec_0078,504,5.4-gaps_duplicates,PASS,,"Sin solape ni hueco: termina en 527, sec_0079 (Cart Using) inicia en 528 exactamente.",
LOGIQ_e_R9_General_Service_Manual,sec_0078,504,5.4-flagged_for_review,PASS,,flagged_for_review=false coincide con el dato reportado.,
LOGIQ_e_R9_General_Service_Manual,sec_0078,504,5.4-structural_source,PASS,,"structural_source='toc' verificado, heading real con bookmark propio.",
LOGIQ_e_R9_General_Service_Manual,sec_0078,504,5.6-numbering_scheme,PASS,,"numbering_scheme='arabic', pie de pagina '11-8' en p.504 consistente.",
LOGIQ_e_R9_General_Service_Manual,sec_0078,504,5.6-offset_applied,PASS,,"offset_applied=0 correcto, numeracion 11-4..11-31 mapea 1:1 (con offset base del capitulo) a paginas PDF 500-527.",
LOGIQ_e_R9_General_Service_Manual,sec_0078,504,5.6-table_content,FAIL,Media,"La Tabla 11-3 'Procedure to take out LOGIQ e Cart' (pasos 1-6, con fotos, PDF pp.503-505 / impreso 11-7 a 11-9) es una tabla real con el mismo formato 'No./Step/Corresponding Graphic' que las Tablas 11-7, 11-8, 11-9, 11-16 y 11-17 (paginas 511,512,514,525) -- estas SI aparecen en table_nodes, pero la Tabla 11-3 esta ausente: table_nodes de sec_0078 salta de pagina 501 a 507, sin registrar nada en 503-505. Verificado tambien contra node_type_counts (table:13, coincide con las 13 tablas listadas, ninguna en 503-505).","El contenido no se pierde (esta en el texto de la seccion), pero probablemente quedo tipado como paragraph/heading en vez de table -- degrada el campo de soporte table_content, no la ubicacion de la seccion."
LOGIQ_e_R9_General_Service_Manual,sec_0078,504,5.5-filters_discarding,PASS,,"Imagenes reales de empaque presentes en p.504 (3 imagenes: 988x690, 994x492, 1003x417) correctamente conservadas como contenido de la Tabla 11-3, nada se descarto indebidamente.",
LOGIQ_e_R9_General_Service_Manual,sec_0078,504,5.5-filters_passing_noise,PASS,,"Ninguna imagen de sec_0078 tiene relacion de aspecto extrema tipo franja decorativa (~14:1); rango observado 0.71-4.95, todas plausibles como fotos/diagramas reales de instalacion.",
LOGIQ_e_R9_General_Service_Manual,sec_0078,504,5.5-image_section_mapping,PASS,,"Las 30 imagenes indexadas en paginas 503-526 caen dentro del rango 500-527 de sec_0078, sin fugas a secciones vecinas.",
LOGIQ_e_R9_General_Service_Manual,sec_0079,532,5.4-hierarchy_level,PASS,,"P.528 (11-32) muestra encabezado real 'Cart Using', nivel 2 confirmado.",
LOGIQ_e_R9_General_Service_Manual,sec_0079,532,5.4-parent_child,PASS,,parent_section_id=sec_0076 correcto; 'Cart Using' listado en TOC del capitulo (p.498) como subseccion.,
LOGIQ_e_R9_General_Service_Manual,sec_0079,532,5.4-page_start_end,PASS,,"page_start=528 (11-32, heading confirmado) y page_end=532 (11-36 'System Operation', ultimo contenido antes de 'LOGIQ e Cart Renewal Parts' en p.533=11-37) verificados.",
LOGIQ_e_R9_General_Service_Manual,sec_0079,532,5.4-hierarchy_path,PASS,,hierarchy_path='/LOGIQ e Cart Setup/Cart Using' correcto.,
LOGIQ_e_R9_General_Service_Manual,sec_0079,532,5.4-gaps_duplicates,PASS,,Contiguo sin solape con sec_0078 (termina 527) ni con sec_0080 no muestreada (inicia 533).,
LOGIQ_e_R9_General_Service_Manual,sec_0079,532,5.4-flagged_for_review,PASS,,flagged_for_review=false coincide con el dato reportado.,
LOGIQ_e_R9_General_Service_Manual,sec_0079,532,5.4-structural_source,PASS,,"structural_source='toc' verificado, heading real con bookmark propio.",
LOGIQ_e_R9_General_Service_Manual,sec_0079,532,5.6-numbering_scheme,PASS,,"numbering_scheme='arabic', pie de pagina '11-36' en p.532 consistente.",
LOGIQ_e_R9_General_Service_Manual,sec_0079,532,5.6-offset_applied,PASS,,"offset_applied=0 correcto, numeracion 11-32..11-36 mapea 1:1 a paginas PDF 528-532.",
LOGIQ_e_R9_General_Service_Manual,sec_0079,532,5.5-filters_discarding,PASS,,"Imagenes reales (Fig.11-7 'Mounting System to Cart' p.530, Fig.11-8 'Release the System from Cart' p.531) correctamente conservadas como contenido.",
LOGIQ_e_R9_General_Service_Manual,sec_0079,532,5.5-filters_passing_noise,PASS,,"Relaciones de aspecto 2.47 y 2.45 (diagramas de linea, no fotos), muy lejos del patron de franja decorativa ~14:1; sin ruido detectado.",
LOGIQ_e_R9_General_Service_Manual,sec_0079,532,5.5-image_section_mapping,PASS,,"Las 2 imagenes indexadas (pp.530,531) caen dentro del rango 528-532 de sec_0079 y corresponden exactamente a las figuras 11-7/11-8 vistas en esas paginas.",
LOGIQ_e_R9_General_Service_Manual,sec_0082,539,5.4-hierarchy_level,PASS,,"P.536 (11-40) muestra encabezado real 'Diagnostics/Troubleshooting', nivel 2 confirmado (distinto del capitulo raiz sec_0042 de otro lote, que comparte titulo pero es otra entidad).",
LOGIQ_e_R9_General_Service_Manual,sec_0082,539,5.4-parent_child,PASS,,parent_section_id=sec_0076 correcto; 'Diagnostics/Troubleshooting' listado en TOC del capitulo (p.498) como subseccion de Chapter 11.,
LOGIQ_e_R9_General_Service_Manual,sec_0082,539,5.4-page_start_end,PASS,,"page_start=536 (11-40, heading confirmado) y page_end=545 (11-49, ultimo arbol de troubleshooting 'Extended Life Battery Has No OUTPUT', justo antes de 'Care & Maintenance' en p.546=11-50) verificados.",
LOGIQ_e_R9_General_Service_Manual,sec_0082,539,5.4-hierarchy_path,PASS,,hierarchy_path='/LOGIQ e Cart Setup/Diagnostics/Troubleshooting' correcto.,
LOGIQ_e_R9_General_Service_Manual,sec_0082,539,5.4-gaps_duplicates,PASS,,"Contiguo sin solape: sec_0081 (no muestreada) termina 535, sec_0082 inicia 536; sec_0082 termina 545, sec_0083 inicia 546.",
LOGIQ_e_R9_General_Service_Manual,sec_0082,539,5.4-flagged_for_review,PASS,,flagged_for_review=false coincide con el dato reportado.,
LOGIQ_e_R9_General_Service_Manual,sec_0082,539,5.4-structural_source,PASS,,"structural_source='toc' verificado, heading real con bookmark propio.",
LOGIQ_e_R9_General_Service_Manual,sec_0082,539,5.6-numbering_scheme,PASS,,"numbering_scheme='arabic', pie de pagina '11-43' en p.539 consistente.",
LOGIQ_e_R9_General_Service_Manual,sec_0082,539,5.6-offset_applied,PASS,,"offset_applied=0 correcto, numeracion 11-40..11-49 mapea 1:1 a paginas PDF 536-545.",
LOGIQ_e_R9_General_Service_Manual,sec_0082,539,5.5-filters_discarding,FAIL,Alta,"Las 9 paginas de esta seccion (537-545) contienen cada una un diagrama de flujo de troubleshooting (cajas/rombos/flechas), incluyendo p.539 'Can Not Power on the Peripherals' (Fig.11-13, la pagina muestreada). Sin embargo images_index solo registra imagenes rasterizadas en 537,542,543,544,545 -- las paginas 538,539,540,541 (4 de 9, incluye la muestreada) no tienen ninguna imagen indexada. Confirmado tambien contra el export crudo completo (grep '""page_no"": 538/539/540/541' = 0 coincidencias en el JSON de 114MB, vs 1 coincidencia en 537).","No se pudo confirmar con las herramientas disponibles si 538-541 usan graficos vectoriales nativos del PDF (por lo que no habria imagen rasterizada real que perder) o si es un hueco real de extraccion -- el patron alternado (imagen si/no/no/no/no/si/si/si/si) es sospechoso y amerita revision a nivel de objetos PDF. Severidad moderada porque el contenido del diagrama sigue siendo legible como texto/vector en la pagina, no esta 'perdido' para el lector, solo ausente como asset de imagen indexado. [Severidad ajustada en fusion: Media -> Alta -- perdida sustancial (4/9, ~44%) pero no mayoritaria como sec_0051/sec_0063, y causa (vectorial vs raster) no confirmada por el subagente; se posiciona entre el caso mayoritario (Critica) y una perdida aislada de una sola imagen (Media). Ver summary.md.]"
LOGIQ_e_R9_General_Service_Manual,sec_0082,539,5.5-filters_passing_noise,PASS,,"Relaciones de aspecto de las imagenes capturadas en esta seccion (0.76-1.18) son de paginas completas de diagrama, no franjas decorativas; sin ruido detectado.",
LOGIQ_e_R9_General_Service_Manual,sec_0082,539,5.5-image_section_mapping,PASS,,"Las 5 imagenes indexadas (pp.537,542,543,544,545) caen dentro del rango 536-545 de sec_0082 correctamente.",
LOGIQ_e_R9_General_Service_Manual,sec_0083,546,5.4-hierarchy_level,PASS,,"P.546 (11-50) muestra encabezado real 'Care & Maintenance', nivel 2 confirmado.",
LOGIQ_e_R9_General_Service_Manual,sec_0083,546,5.4-parent_child,PASS,,"parent_section_id=sec_0076 correcto. Nota: 'Care & Maintenance' NO aparece en la lista 'Contents in this chapter' de p.498 (que solo lista Overview/Set Up/Cart Using/Functions Theory/Diagnostics), pero SI existe como heading real con bookmark propio -- inconsistencia del PDF fuente (TOC interno incompleto), no error del pipeline, ya que la jerarquia real (parent/heading) fue capturada correctamente via bookmarks.",
LOGIQ_e_R9_General_Service_Manual,sec_0083,546,5.4-page_start_end,FAIL,Critica,"page_start=546 correcto (heading real 'Care & Maintenance', 11-50). page_end=567 INCORRECTO: el contenido real de Care & Maintenance termina en PDF p.562 (11-66, linea de firma 'Accepted by:____' al cierre de 'Inspection Paper Work'/Ultrasound Inspection Certificate). Las pp.563-566 son el 'Index' alfabetico global del manual -- con numeracion de pagina PROPIA que reinicia como 'Index-1'..'Index-4' (evidencia inequivoca de un corte de seccion sin bookmark), y contienen entradas de indice sin relacion alguna con Care & Maintenance (ej. 'EMI, 1-37 abatement, 2-10...', 'probe leakage current test, 10-43...'). La p.567 es una pagina de contraportada en blanco con solo el logo 'GE HealthCare'. Confirmado tambien en los datos ya extraidos: per_page_first_node_sample de sec_0083 muestra p.563 como node_type=heading texto='A' (letra de indice) y pp.564-565 como paragraph con texto literal de entradas de indice -- es decir, el arbol de nodos de sec_0083 SI incorporo estos nodos de Indice como si fueran contenido de Care & Maintenance.","Patron critico confirmado: 5 paginas (563-567, ~23% de las 22 paginas declaradas de la seccion) de back-matter del libro (Indice + contraportada) fueron absorbidas silenciosamente porque no existe bookmark que las delimite y el pipeline usa total_pages(567) como default de page_end. page_end real deberia ser ~562. Accepted=True y 0/83 flagged_for_review no detectaron esto."
LOGIQ_e_R9_General_Service_Manual,sec_0083,546,5.4-hierarchy_path,PASS,,"hierarchy_path='/LOGIQ e Cart Setup/Care & Maintenance' es la etiqueta correcta para el heading real de p.546, aunque el RANGO de paginas que abarca esa etiqueta esta mal delimitado (ver 5.4-page_start_end).",
LOGIQ_e_R9_General_Service_Manual,sec_0083,546,5.4-gaps_duplicates,FAIL,Critica,No es un hueco de paginacion (no quedan paginas sin asignar) sino algo peor: el back-matter del manual (Indice de 4 paginas + 1 pagina de contraportada) no tiene seccion propia en el arbol -- fue fusionado silenciosamente dentro de sec_0083 sin ningun marcador. Es el mismo hallazgo Critico de 5.4-page_start_end visto desde el angulo de 'segmento sin nodo estructural propio'.,Ver 5.4-page_start_end para evidencia detallada pagina por pagina.
LOGIQ_e_R9_General_Service_Manual,sec_0083,546,5.4-flagged_for_review,FAIL,Alta,"El campo reporta flagged_for_review=false, lo cual coincide con el dato del pipeline, pero es exactamente el problema: un defecto Critico de limite de seccion (absorcion de back-matter, ver 5.4-page_start_end) paso completamente inadvertido por la verificacion automatica (verification_score=100.0, confidence=1.0, accepted=True). El False da una falsa sensacion de seguridad -- este campo no debe usarse como unica senal de correctitud de limites de pagina.",Es la seccion sobre la que el instructivo de esta tarea advertia especificamente revisar de forma manual.
LOGIQ_e_R9_General_Service_Manual,sec_0083,546,5.4-structural_source,PASS,,structural_source='toc' correcto para el origen del heading 'Care & Maintenance' en si (bookmark real en p.546); el problema no es el origen del inicio de seccion sino el limite final sin bookmark (ver 5.4-page_start_end).,
LOGIQ_e_R9_General_Service_Manual,sec_0083,546,5.6-numbering_scheme,FAIL,Alta,"numbering_scheme='arabic' es correcto solo para el rango legitimo 546-562 (pies de pagina '11-50'..'11-66'). Las paginas 563-566 absorbidas usan un esquema de numeracion DISTINTO ('Index-1'..'Index-4', prefijo alfabetico + arabigo), evidencia adicional concreta de que esas paginas pertenecen a una seccion diferente del documento y no deberian describirse bajo el mismo numbering_scheme='arabic' de sec_0083.","Corrobora, desde el angulo de numeracion, el mismo hallazgo critico de 5.4-page_start_end."
LOGIQ_e_R9_General_Service_Manual,sec_0083,546,5.6-offset_applied,FAIL,Media,"offset_applied=0 es correcto para el rango legitimo 546-562 (11-50..11-66 mapea sin offset extra). Para las paginas 563-567 absorbidas, no existe una relacion de offset coherente con el capitulo 11 (la numeracion 'Index-N' reinicia independientemente), por lo que el campo unico offset_applied=0 no describe correctamente todo el rango declarado de la seccion.",
LOGIQ_e_R9_General_Service_Manual,sec_0083,546,5.6-table_content,PASS,,"Las 12 tablas listadas en table_nodes (paginas 550,551,552,553x2,554,556x2,557,559,560,561) coinciden exactamente, tabla por tabla y pagina por pagina, con las tablas reales verificadas en el PDF dentro del rango legitimo de la seccion (Tablas 11-18 a 11-25 y el formulario Ultrasound Inspection Certificate). Extraccion de tablas solida para el contenido que si pertenece a Care & Maintenance.",
LOGIQ_e_R9_General_Service_Manual,sec_0083,546,5.5-filters_discarding,PASS,,"La unica imagen de contenido real dentro del rango legitimo (p.555, diagrama 'Ground continuity test' Fig.11-20, 300x210) esta correctamente conservada y no fue descartada.",
LOGIQ_e_R9_General_Service_Manual,sec_0083,546,5.5-filters_passing_noise,FAIL,Baja,"La imagen de p.567 (390x133, aspect 2.93) es el logo decorativo 'GE HealthCare' de la contraportada en blanco -- un grafico de marca sin valor de contenido tecnico que paso el filtro y quedo indexado como si fuera una imagen de la seccion Care & Maintenance. No es una franja ~14:1 clasica, pero es la misma categoria de ruido decorativo/branding que ese chequeo busca detectar.","Severidad baja/cosmetica en si misma (es solo un logo), pero relacionada con el hallazgo critico de mapeo de imagen (ver 5.5-image_section_mapping)."
LOGIQ_e_R9_General_Service_Manual,sec_0083,546,5.5-image_section_mapping,FAIL,Critica,"La imagen de PDF p.567 (390x133, logo 'GE HealthCare') esta mapeada a sec_0083 ('Care & Maintenance'), pero p.567 es la pagina de contraportada en blanco del manual completo -- back-matter a nivel de libro, sin ninguna relacion tematica con Care & Maintenance (limpieza, mantenimiento, pruebas de seguridad). Es el sintoma concreto a nivel de imagen del mismo defecto critico de limites de seccion (ver 5.4-page_start_end): al absorberse silenciosamente las paginas 563-567 dentro de sec_0083, tambien se le atribuyo incorrectamente esta imagen de portada/logo.",
LOGIQ_e_R9_General_Service_Manual,DOCUMENT-LEVEL,,5.6-sanity_report,PASS,,"run.log: bookmark_sanity completed 0.000s (no out-of-order bookmarks); toc_classification excluded 2/85 bookmarks (index, table_of_contents) cleanly; toc_resolution match_rate=1.00, accepted=True, 0/83 flagged_for_review; all stages ran to completion (fitz -> bookmark_sanity -> docling_extract -> toc_path -> toc_classification -> toc_resolution -> section_matcher -> tree_export -> validation -> image_extraction); validation.status=PASS; no PipelineResult.error populated.",No hard-abort condition triggered. This run is notably cleaner than the AUTOMATIC_TRANSMISSION manual (real TOC titles vs part-number codes gave a clean verification match).
