manual_id,section_id,page_sampled,checklist_ref,result,severity,evidence,notes
Philips-MP20-MP90-Manual,sec_0001,13,5.4-hierarchy_level,PASS,,On p13 'Basic Operation' is the big chapter title with the number 1. sec_0001 has hierarchy_level 1. This matches.,
Philips-MP20-MP90-Manual,sec_0001,13,5.4-parent_child,PASS,,sec_0001 has no parent and is a chapter. Its first child sec_0002 'Introducing the IntelliVue Family' starts on p13 under it. This is coherent.,
Philips-MP20-MP90-Manual,sec_0001,13,5.4-page_start_end,PASS,,"sec_0001 starts on p13 with nodes #/texts/20, #/texts/22 (heading) and the intro paragraphs #/texts/23 to #/texts/30. The 'Introducing the IntelliVue Family' heading on p13 starts sec_0002, and no node of it is in sec_0001. The last child sec_0092 starts on p56, which is also page_end.",
Philips-MP20-MP90-Manual,sec_0001,13,5.4-hierarchy_path,PASS,,hierarchy_path is /Basic Operation. This is the chapter title printed on p13.,
Philips-MP20-MP90-Manual,sec_0001,13,5.4-gaps_duplicates,PASS,,"All text above the 'Introducing the IntelliVue Family' heading on p13 is in sec_0001, including the bullets for warning, caution and Monitor/Display/Screen. Nothing is missing or doubled on p13.",
Philips-MP20-MP90-Manual,sec_0001,13,5.4-flagged_for_review,PASS,,"flagged_for_review is false and verification_score is 100. The title is found on p13, so the flag is correct.",
Philips-MP20-MP90-Manual,sec_0001,13,5.4-structural_source,PASS,,"structural_source is toc. The heading is on p13 where the bookmark points, so the TOC source is supported.",
Philips-MP20-MP90-Manual,sec_0001,13,5.6-numbering_scheme,PASS,,"The chapter uses arabic page numbers (folio 1 on p13, folio 44 on p56). numbering_scheme arabic is correct.",Folios restart in each chapter. The physical page is still used for page_start.
Philips-MP20-MP90-Manual,sec_0001,13,5.6-offset_applied,PASS,,"offset_applied is 0 and the title 'Basic Operation' is on physical p13, the bookmark page. The printed folio is 1, but the tree uses physical pages, so offset 0 is consistent.",
Philips-MP20-MP90-Manual,sec_0001,13,5.5-filters_discarding,PASS,,"p13 shows no figure or screenshot, only text and the blue rule under the chapter number. No meaningful visual was dropped.",
Philips-MP20-MP90-Manual,sec_0001,13,5.5-filters_passing_noise,PASS,,images.json has no image for sec_0001. The decorative blue bar on p13 was not kept as an image.,
Philips-MP20-MP90-Manual,sec_0001,13,5.5-image_section_mapping,PASS,,"p13 has no visual to map, and images.json has no entry for sec_0001. This is correct.",
Philips-MP20-MP90-Manual,sec_0002,13,5.4-hierarchy_level,PASS,,On p13 'Introducing the IntelliVue Family' is a bold sub-heading smaller than the chapter title. hierarchy_level 2 matches.,
Philips-MP20-MP90-Manual,sec_0002,13,5.4-parent_child,PASS,,sec_0002 has parent sec_0001 (the chapter) and 11 children sec_0003 to sec_0013. Its heading is under the chapter on p13. This is coherent.,
Philips-MP20-MP90-Manual,sec_0002,13,5.4-page_start_end,PASS,,"On p13 the heading #/texts/31 and the paragraph #/texts/32 start sec_0002, directly after the chapter intro in sec_0001. The range ends on p21 with the last child sec_0013, whose docking legend (#/texts/204 to #/texts/208) is at the top of p21. p14 to p20 were not rendered, so I checked only p13 and p21.","Running header nodes on p14 (#/texts/34, #/texts/35) are kept as text (BUG-022) but stay inside the section range."
Philips-MP20-MP90-Manual,sec_0002,13,5.4-hierarchy_path,PASS,,"hierarchy_path is /Basic Operation/Introducing the IntelliVue Family. This is chapter title then sub-heading, as seen on p13.",
Philips-MP20-MP90-Manual,sec_0002,13,5.4-gaps_duplicates,PASS,,On p13 the heading and its one paragraph are in sec_0002 once. The folio '1' (#/texts/33) is also here. No missing or doubled text seen on p13.,
Philips-MP20-MP90-Manual,sec_0002,13,5.4-flagged_for_review,PASS,,flagged_for_review is false and verification_score is 100. The heading is found on p13.,
Philips-MP20-MP90-Manual,sec_0002,13,5.4-structural_source,PASS,,"structural_source is toc. The bookmark page 13 has this heading, so the source is supported.",
Philips-MP20-MP90-Manual,sec_0002,13,5.6-numbering_scheme,PASS,,Printed folio on p13 is the arabic number 1. numbering_scheme arabic is correct.,
Philips-MP20-MP90-Manual,sec_0002,13,5.6-offset_applied,PASS,,"offset_applied is 0. The heading is on physical p13, as the bookmark says. Printed folio 1 is a per-chapter number, not the offset.",
Philips-MP20-MP90-Manual,sec_0002,13,5.5-filters_discarding,PASS,,"p13 has no figure under this heading, only text. No visual was dropped.",
Philips-MP20-MP90-Manual,sec_0002,13,5.5-filters_passing_noise,PASS,,No image from sec_0002 is on p13 or p21 in images.json that is noise. The only image on p21 (img_0014) is the real rack photo.,
Philips-MP20-MP90-Manual,sec_0002,13,5.5-image_section_mapping,PASS,,"p13 has no visual for sec_0002. The p21 rack photo (img_0014) is under the heading 'Flexible Module Rack' and is mapped to sec_0015, which is right.",
Philips-MP20-MP90-Manual,sec_0012,20,5.4-hierarchy_level,PASS,,"On p19 'Remote Alarm Device' has the same bold style as 'D80 Intelligent Display' above it, under the larger 'Introducing the IntelliVue Family'. hierarchy_level 3 matches.",
Philips-MP20-MP90-Manual,sec_0012,20,5.4-parent_child,PASS,,Parent is sec_0002 and sec_0012 has no children. The heading sits under that family chapter on p19. This is coherent.,
Philips-MP20-MP90-Manual,sec_0012,20,5.4-page_start_end,PASS,,The heading #/texts/175 and its paragraph #/texts/176 are at the bottom of p19. On p20 the figure callouts (#/texts/180 to #/texts/184) and the legend items 1 to 5 (#/texts/195 to #/texts/199) are in sec_0012. The 'Docking Station' heading starts sec_0013 below them. All nodes are in the right section and page_end 20 is right.,
Philips-MP20-MP90-Manual,sec_0012,20,5.4-hierarchy_path,PASS,,hierarchy_path is /Basic Operation/Introducing the IntelliVue Family/Remote Alarm Device. This matches the nesting seen on p19.,
Philips-MP20-MP90-Manual,sec_0012,20,5.4-gaps_duplicates,PASS,,"The 5 legend lines of the alarm device figure on p20 are all in sec_0012, and none are in sec_0013. The callout digits are in sec_0012 too. No text is missing or doubled.",
Philips-MP20-MP90-Manual,sec_0012,20,5.4-flagged_for_review,PASS,,"flagged_for_review is false, score 100. The heading is on p19 as expected.",
Philips-MP20-MP90-Manual,sec_0012,20,5.4-structural_source,PASS,,structural_source is toc and the bookmark leads to the heading on p19. This is supported.,
Philips-MP20-MP90-Manual,sec_0012,20,5.6-numbering_scheme,PASS,,"Folios are arabic (7 on p19, 8 on p20). numbering_scheme arabic is correct.",
Philips-MP20-MP90-Manual,sec_0012,20,5.6-offset_applied,PASS,,"offset_applied is 0. The heading is on physical p19 as in the bookmark, so no shift is needed.",
Philips-MP20-MP90-Manual,sec_0012,20,5.5-filters_discarding,PASS,,The alarm device drawing on p20 was kept as vector image img_0013 (316x428) with its callouts 1 to 5. Nothing meaningful is lost.,"verify_claims flags a 257x397 px raster on p20 that is not in images_v1.json. I checked img_0013: it is a crop of that same region (photo plus callouts), so the picture is kept. I treat this as a false alarm."
Philips-MP20-MP90-Manual,sec_0012,20,5.5-filters_passing_noise,PASS,,"img_0013 holds only the alarm device figure. No rule, logo or other noise image is kept for sec_0012.",
Philips-MP20-MP90-Manual,sec_0012,20,5.5-image_section_mapping,PASS,,img_0013 (vector) is at the top of p20 above the legend and is mapped to sec_0012. The docking station photo img_0012 is under the 'Docking Station' text and is mapped to sec_0013. Both mappings are right.,
Philips-MP20-MP90-Manual,sec_0022,27,5.4-hierarchy_level,PASS,,On p27 'X2 Left Side' is a small bold heading like its siblings. hierarchy_level 4 matches.,
Philips-MP20-MP90-Manual,sec_0022,27,5.4-parent_child,PASS,,"Parent is sec_0018 and sec_0022 has no children. 'MMS Extensions' below it is sec_0023, a level 3 sibling of sec_0018. This is coherent.",
Philips-MP20-MP90-Manual,sec_0022,27,5.4-page_start_end,PASS,,"On p27 sec_0022 has the heading #/texts/389, callouts #/texts/390 and #/texts/391, legend #/texts/392 and #/texts/393, and the text 'Depending on the monitor model...' (#/texts/394). The heading 'MMS Extensions' and the WARNING below it are not in sec_0022. page_start 27 and page_end 27 are right.",
Philips-MP20-MP90-Manual,sec_0022,27,5.4-hierarchy_path,PASS,,hierarchy_path ends with X2 Multi-Measurement Module (M3002A)/X2 Left Side. This matches the nesting.,
Philips-MP20-MP90-Manual,sec_0022,27,5.4-gaps_duplicates,PASS,,"Both legend lines, both callouts and the paragraph above the second photo are in sec_0022 once. Nothing is missing or doubled.",
Philips-MP20-MP90-Manual,sec_0022,27,5.4-flagged_for_review,PASS,,"flagged_for_review is false, score 100. The heading is on p27.",
Philips-MP20-MP90-Manual,sec_0022,27,5.4-structural_source,PASS,,structural_source is toc and the heading is on the bookmark page.,
Philips-MP20-MP90-Manual,sec_0022,27,5.6-numbering_scheme,PASS,,Folio 15 on p27 is arabic. numbering_scheme arabic is correct.,
Philips-MP20-MP90-Manual,sec_0022,27,5.6-offset_applied,PASS,,"offset_applied is 0. The heading is on physical p27, the bookmark page.",
Philips-MP20-MP90-Manual,sec_0022,27,5.5-filters_discarding,PASS,,"Both photos on p27 were kept: the left side view (img_0028, 315x354) and the monitor with X2 mounted (img_0027, 167x271). Callouts 1 and 2 stay as text nodes. Nothing is lost.",
Philips-MP20-MP90-Manual,sec_0022,27,5.5-filters_passing_noise,PASS,,Only the two real photos are kept for sec_0022. No noise image.,
Philips-MP20-MP90-Manual,sec_0022,27,5.5-image_section_mapping,PASS,,"Both photos are between the 'X2 Left Side' heading and the 'MMS Extensions' heading, and both are mapped to sec_0022. This is right.",
Philips-MP20-MP90-Manual,sec_0036,34,5.4-hierarchy_level,PASS,,The heading 'Permanent Keys' is drawn at the size of a level 4 heading and hierarchy_level is 4.,
Philips-MP20-MP90-Manual,sec_0036,34,5.4-parent_child,PASS,,The parent is Using Keys (sec_0035) and the page shows 'Permanent Keys' as one of its topics. The child_sections list matches the headings on the page.,
Philips-MP20-MP90-Manual,sec_0036,34,5.4-page_start_end,PASS,,"The heading (#/texts/524) is at the bottom of p34 with its intro (#/texts/525). The four key descriptions (#/texts/530-533: Pause Alarms, Silence, Main Screen, Main Setup) are at the top of p35. The SmartKeys heading (#/texts/529) starts sec_0037. Content starts and ends at the right boundaries.",
Philips-MP20-MP90-Manual,sec_0036,34,5.4-hierarchy_path,PASS,,The hierarchy_path ends with 'Permanent Keys' and its ancestors match the page running header and heading sizes.,
Philips-MP20-MP90-Manual,sec_0036,34,5.4-gaps_duplicates,PASS,,'Permanent Keys' appears once. Its nodes are not repeated in a neighbour and no node of its body is missing.,
Philips-MP20-MP90-Manual,sec_0036,34,5.4-flagged_for_review,PASS,,"flagged_for_review is false and verification_score is 100. The heading 'Permanent Keys' is found on the declared page, so no flag is needed.",
Philips-MP20-MP90-Manual,sec_0036,34,5.4-structural_source,PASS,,"structural_source is toc. The heading 'Permanent Keys' is on the bookmarked page, so the TOC source is supported.",
Philips-MP20-MP90-Manual,sec_0036,34,5.6-numbering_scheme,PASS,,numbering_scheme is arabic. The printed folios are arabic numbers (p34 shows 22).,
Philips-MP20-MP90-Manual,sec_0036,34,5.6-offset_applied,PASS,,offset_applied is 0 and the heading 'Permanent Keys' is on the declared physical page. The printed folio differs from the physical page by a constant amount and is not used for page_start.,
Philips-MP20-MP90-Manual,sec_0036,34,5.5-filters_discarding,FAIL,Low,"On p35 four key icons (Pause Alarms, Silence, Main Screen, Main Setup) sit left of #/texts/530-533. None is in images.json. Each icon is described by the text beside it.","Probably BUG-017/BUG-020 (small image filters drop small icons). Meaning stays in the text, so the impact is small."
Philips-MP20-MP90-Manual,sec_0036,34,5.5-filters_passing_noise,PASS,,"No decorative image is kept for 'Permanent Keys'. The page has no rule, logo or footer image in the extracted images.",
Philips-MP20-MP90-Manual,sec_0036,34,5.5-image_section_mapping,PASS,,"No image is mapped to sec_0036. The four permanent key icons on p35 are not extracted at all, which is graded in 5.5-filters_discarding.",
Philips-MP20-MP90-Manual,sec_0047,42,5.4-hierarchy_level,PASS,,The heading 'Connecting Additional Displays to the Monitor' is drawn at the size of a level 2 heading and hierarchy_level is 2.,
Philips-MP20-MP90-Manual,sec_0047,42,5.4-parent_child,PASS,,The parent is Basic Operation (sec_0001) and the page shows 'Connecting Additional Displays to the Monitor' as one of its topics. The child_sections list matches the headings on the page.,
Philips-MP20-MP90-Manual,sec_0047,42,5.4-page_start_end,FAIL,Medium,"On p41 the node #/texts/670 'Change Screen' is in sec_0047. It is the title of the menu figure above the heading 'Connecting Additional Displays to the Monitor' (label at y 708, heading at y 402). The figure img_0040 belongs to the section above (sec_0046). The rest of sec_0047 is correct.","Probably BUG-023 (text printed above a heading but read after it lands in the next section). It is one label of the figure, so Medium and not Critical (lone label exception). The checker expects Critical because the label is printed above the heading. The owner sec_0046 is not in this batch, so I could not check it."
Philips-MP20-MP90-Manual,sec_0047,42,5.4-hierarchy_path,PASS,,The hierarchy_path ends with 'Connecting Additional Displays to the Monitor' and its ancestors match the page running header and heading sizes.,
Philips-MP20-MP90-Manual,sec_0047,42,5.4-gaps_duplicates,PASS,,In sec_0047 no body text of this section is missing and no node is repeated. The misplaced label #/texts/670 is graded in 5.4-page_start_end. Its owner sec_0046 is not in this batch.,The owner sec_0046 should be checked for the gap.
Philips-MP20-MP90-Manual,sec_0047,42,5.4-flagged_for_review,PASS,,"flagged_for_review is false and verification_score is 100. The heading 'Connecting Additional Displays to the Monitor' is found on the declared page, so no flag is needed.",
Philips-MP20-MP90-Manual,sec_0047,42,5.4-structural_source,PASS,,"structural_source is toc. The heading 'Connecting Additional Displays to the Monitor' is on the bookmarked page, so the TOC source is supported.",
Philips-MP20-MP90-Manual,sec_0047,42,5.6-numbering_scheme,PASS,,numbering_scheme is arabic. The printed folios are arabic numbers (p42 shows 29).,
Philips-MP20-MP90-Manual,sec_0047,42,5.6-offset_applied,PASS,,offset_applied is 0 and the heading 'Connecting Additional Displays to the Monitor' is on the declared physical page. The printed folio differs from the physical page by a constant amount and is not used for page_start.,
Philips-MP20-MP90-Manual,sec_0047,42,5.5-filters_discarding,PASS,,No picture below the heading 'Connecting Additional Displays to the Monitor' on p41 or p42 is missing. The menu figure above it is kept as img_0040.,
Philips-MP20-MP90-Manual,sec_0047,42,5.5-filters_passing_noise,PASS,,"No decorative image is kept for 'Connecting Additional Displays to the Monitor'. The page has no rule, logo or footer image in the extracted images.",
Philips-MP20-MP90-Manual,sec_0047,42,5.5-image_section_mapping,PASS,,"The Change Screen menu picture img_0040 (227x293, p41) is mapped to sec_0046, not to sec_0047. It is printed above the sec_0047 heading, so the mapping is right.",
Philips-MP20-MP90-Manual,sec_0073,49,5.4-hierarchy_level,PASS,,"On p49, 'Resolving Label Conflicts' (sec_0073) is printed as a smaller sub-heading on p48 (same style as 'About Label Sets'). hierarchy_level is 3, which matches its bookmark nesting.",
Philips-MP20-MP90-Manual,sec_0073,49,5.4-parent_child,PASS,,"The parent of sec_0073 is Using Labels (sec_0070, level 2). This matches the printed structure on p49. The section has no child sections.",
Philips-MP20-MP90-Manual,sec_0073,49,5.4-page_start_end,PASS,,"sec_0073 has page_start 48 and page_end 50. On p49 all nodes from #/texts/846 to #/texts/894 belong to 'Resolving Label Conflicts': the key caption, bullets and two Measurement Selection screens. The figure labels (for example 'SpO2', 'BIS') stay in sec_0073, next to their figures. The next heading 'Label Compatibility' is on p50, in sec_0074.","Running headers #/texts/846, #/texts/847 and folio #/texts/845 and #/texts/894 stay inside the section (probably BUG-022). They do not cross into a neighbour."
Philips-MP20-MP90-Manual,sec_0073,49,5.4-hierarchy_path,PASS,,The path of sec_0073 is correct and in order. The last part is 'Resolving Label Conflicts'.,
Philips-MP20-MP90-Manual,sec_0073,49,5.4-gaps_duplicates,PASS,,On p49 the text and figure labels printed under 'Resolving Label Conflicts' are all in sec_0073. I see no missing or duplicated paragraph. The label text of the two screenshots is kept in the same section as the screenshots.,
Philips-MP20-MP90-Manual,sec_0073,49,5.4-flagged_for_review,PASS,,"sec_0073 is not flagged for review. The heading 'Resolving Label Conflicts' is clearly visible on the page, so no flag is needed.",
Philips-MP20-MP90-Manual,sec_0073,49,5.4-structural_source,PASS,,"structural_source is 'toc'. The heading 'Resolving Label Conflicts' is printed on the page range 48-50, so the bookmark is supported.",
Philips-MP20-MP90-Manual,sec_0073,49,5.6-numbering_scheme,PASS,,"The page numbers are arabic (folios 37 and 38 on the sampled pages). numbering_scheme is 'arabic', which is correct.",
Philips-MP20-MP90-Manual,sec_0073,49,5.6-offset_applied,PASS,,"On physical p49, the printed folio is 12 lower than the physical page. The bookmark pages are already physical and the heading appears on the stated page, so offset_applied 0 is correct.",
Philips-MP20-MP90-Manual,sec_0073,49,5.5-filters_discarding,FAIL,Low,"On p49, the small key icon with red '???' at the top left is not in images.json. Its caption 'Measurement selection key with question marks indicating a label conflict.' is #/texts/848. The small inline key icon 'marked (icon)' in the paragraph 'All the currently available measurement devices' is also not extracted. The two Measurement Selection screenshots are extracted as img_0043 and img_0042.","Small icons are dropped by the image filters (probably BUG-017 or BUG-020). The caption text states the meaning of the icon, so little information is lost."
Philips-MP20-MP90-Manual,sec_0073,49,5.5-filters_passing_noise,PASS,,"The extracted images img_0043 and img_0042 are both real screenshots (Measurement Selection windows) with clean crops. No rule, logo or header bar was kept as an image.",
Philips-MP20-MP90-Manual,sec_0073,49,5.5-image_section_mapping,PASS,,"On p49, img_0043 (452x198, MP20/30 to MP90 screen) and img_0042 (512x294, X2 connected to host monitor screen) are mapped to sec_0073. Both are printed under 'Resolving Label Conflicts', so the mapping is correct.",
Philips-MP20-MP90-Manual,sec_0091,56,5.4-hierarchy_level,PASS,,"On p56, 'Remote Application Popup Keys' (sec_0091) is printed as a smaller sub-heading under the large 'Using Remote Applications' heading on p55. hierarchy_level is 3, which matches its bookmark nesting.",
Philips-MP20-MP90-Manual,sec_0091,56,5.4-parent_child,PASS,,"The parent of sec_0091 is Using Remote Applications (sec_0090, level 2). This matches the printed structure on p56. The section has no child sections.",
Philips-MP20-MP90-Manual,sec_0091,56,5.4-page_start_end,PASS,,"sec_0091 has page_start 55 and page_end 56. On p56, the first paragraph 'If you change the monitor Screen while a Remote Application is running...' (#/texts/1033) is the end of the 'Remote Application Popup Keys' text, so sec_0091 keeps it. The heading 'Using the X2 or MP5 with a Host Monitor' starts sec_0092. page_end 56 is correct.",The table #/tables/15 is last in node order but is printed above the paragraph #/texts/1029 on p55. It is still in the right section.
Philips-MP20-MP90-Manual,sec_0091,56,5.4-hierarchy_path,PASS,,The path of sec_0091 is correct and in order. The last part is 'Remote Application Popup Keys'.,
Philips-MP20-MP90-Manual,sec_0091,56,5.4-gaps_duplicates,PASS,,"The heading, the table #/tables/15, the paragraph on p55 and the paragraph on p56 are all in sec_0091. Nothing from 'Using the X2 or MP5 with a Host Monitor' is absorbed. No gap and no duplicate.",
Philips-MP20-MP90-Manual,sec_0091,56,5.4-flagged_for_review,PASS,,"sec_0091 is not flagged for review. The heading 'Remote Application Popup Keys' is clearly visible on the page, so no flag is needed.",
Philips-MP20-MP90-Manual,sec_0091,56,5.4-structural_source,PASS,,"structural_source is 'toc'. The heading 'Remote Application Popup Keys' is printed on the page range 55-56, so the bookmark is supported.",
Philips-MP20-MP90-Manual,sec_0091,56,5.6-numbering_scheme,PASS,,"The page numbers are arabic (folio 44 on the sampled pages). numbering_scheme is 'arabic', which is correct.",
Philips-MP20-MP90-Manual,sec_0091,56,5.6-offset_applied,PASS,,"On physical p56, the printed folio is 12 lower than the physical page. The bookmark pages are already physical and the heading appears on the stated page, so offset_applied 0 is correct.",
Philips-MP20-MP90-Manual,sec_0091,56,5.6-table_content,PASS,,"On p55, the Pop-Up Keys table (#/tables/15) has a header row and four rows: Minimize, Keyboard, Refresh and Close. Each key name matches its description text in the extracted table. No cell is merged or shifted.",
Philips-MP20-MP90-Manual,sec_0091,56,5.5-filters_discarding,PASS,,"The sampled p56 of sec_0091 has only one paragraph and no figure. The table on p55 is kept as a table. The SmartKey icon on p55 is printed in the previous section sec_0090, not in sec_0091.",
Philips-MP20-MP90-Manual,sec_0091,56,5.5-filters_passing_noise,PASS,,No image is mapped to sec_0091. No decorative element was kept as an image.,
Philips-MP20-MP90-Manual,sec_0091,56,5.5-image_section_mapping,PASS,,sec_0091 has no visual on p56 and none on p55 (the table is text). images.json lists no image for it.,
Philips-MP20-MP90-Manual,sec_0094,57,5.4-hierarchy_level,PASS,,"On p57, 'What's New in Release G.0?' (sec_0094) is printed as a medium heading below the chapter title 'What's New?' on p57. hierarchy_level is 2, which matches its bookmark nesting.",
Philips-MP20-MP90-Manual,sec_0094,57,5.4-parent_child,PASS,,"The parent of sec_0094 is What's New? (sec_0093, level 1). This matches the printed structure on p57. The section has no child sections.",
Philips-MP20-MP90-Manual,sec_0094,57,5.4-page_start_end,PASS,,sec_0094 has page_start 57 and page_end 58. On p57 it starts at the heading #/texts/1049 and holds all feature headings and paragraphs (#/texts/1050 to #/texts/1060). The chapter intro text 'This section lists the most important new features...' is in the parent sec_0093. On p58 the G.0 list continues (XDS Solution to USB Interface) and it stops before 'What's New in Release F.0?' (sec_0095).,
Philips-MP20-MP90-Manual,sec_0094,57,5.4-hierarchy_path,PASS,,The path of sec_0094 is correct and in order. The last part is 'What's New in Release G.0?'.,
Philips-MP20-MP90-Manual,sec_0094,57,5.4-gaps_duplicates,PASS,,"The Release G.0 items on p57 (Short Range Radio, IntelliBridge, Intravascular Oxygen, Histogram Trend, Car Seat Assessment Record) are all in sec_0094. The G.0 list continues on p58 (XDS Solution to USB Interface, #/texts/1064 to #/texts/1077), also in sec_0094. The F.0 heading and text are in sec_0095. No gap and no duplicate.",
Philips-MP20-MP90-Manual,sec_0094,57,5.4-flagged_for_review,PASS,,"sec_0094 is not flagged for review. The heading 'What's New in Release G.0?' is clearly visible on the page, so no flag is needed.",
Philips-MP20-MP90-Manual,sec_0094,57,5.4-structural_source,PASS,,"structural_source is 'toc'. The heading 'What's New in Release G.0?' is printed on the page range 57-58, so the bookmark is supported.",
Philips-MP20-MP90-Manual,sec_0094,57,5.6-numbering_scheme,PASS,,"The page numbers are arabic (folio 45 on the sampled pages). numbering_scheme is 'arabic', which is correct.",
Philips-MP20-MP90-Manual,sec_0094,57,5.6-offset_applied,PASS,,"On physical p57, the printed folio is 12 lower than the physical page. The bookmark pages are already physical and the heading appears on the stated page, so offset_applied 0 is correct.",
Philips-MP20-MP90-Manual,sec_0094,57,5.5-filters_discarding,PASS,,p57 has no figure or icon below the heading 'What's New in Release G.0?'. The large chapter number '2' and the blue bar are decorative and belong to the chapter title. Nothing meaningful was dropped.,
Philips-MP20-MP90-Manual,sec_0094,57,5.5-filters_passing_noise,PASS,,No image is mapped to sec_0094. The chapter number '2' and the blue bar were not kept as images.,
Philips-MP20-MP90-Manual,sec_0094,57,5.5-image_section_mapping,PASS,,"sec_0094 has no visual on p57, and images.json lists none. Nothing needs mapping.",
Philips-MP20-MP90-Manual,sec_0101,66,5.4-hierarchy_level,PASS,,"On p66, 'What's New in Release A.2?' (sec_0101) is printed as a medium heading at the top of p66. hierarchy_level is 2, which matches its bookmark nesting.",
Philips-MP20-MP90-Manual,sec_0101,66,5.4-parent_child,PASS,,"The parent of sec_0101 is What's New? (sec_0093, level 1). This matches the printed structure on p66. The section has no child sections.",
Philips-MP20-MP90-Manual,sec_0101,66,5.4-page_start_end,PASS,,"sec_0101 has page_start and page_end 66. It holds the heading #/texts/1267 and the 14 feature paragraphs down to 'Second display' (#/texts/1268 to #/texts/1281), plus the folio. The B.0 text is on p65, in sec_0100. The next chapter 'Alarms' starts on p67, in sec_0102.",Running header #/texts/1265 and #/texts/1266 is kept at the top of the section (probably BUG-022). It is boilerplate only.
Philips-MP20-MP90-Manual,sec_0101,66,5.4-hierarchy_path,PASS,,The path of sec_0101 is correct and in order. The last part is 'What's New in Release A.2?'.,
Philips-MP20-MP90-Manual,sec_0101,66,5.4-gaps_duplicates,PASS,,All 14 A.2 feature paragraphs on p66 (from '12-Lead ECG recordings' to 'Second display') are in sec_0101. I see no missing or duplicated paragraph.,
Philips-MP20-MP90-Manual,sec_0101,66,5.4-flagged_for_review,PASS,,"sec_0101 is not flagged for review. The heading 'What's New in Release A.2?' is clearly visible on the page, so no flag is needed.",
Philips-MP20-MP90-Manual,sec_0101,66,5.4-structural_source,PASS,,"structural_source is 'toc'. The heading 'What's New in Release A.2?' is printed on the page range 66-66, so the bookmark is supported.",
Philips-MP20-MP90-Manual,sec_0101,66,5.6-numbering_scheme,PASS,,"The page numbers are arabic (folio 54 on the sampled pages). numbering_scheme is 'arabic', which is correct.",
Philips-MP20-MP90-Manual,sec_0101,66,5.6-offset_applied,PASS,,"On physical p66, the printed folio is 12 lower than the physical page. The bookmark pages are already physical and the heading appears on the stated page, so offset_applied 0 is correct.",
Philips-MP20-MP90-Manual,sec_0101,66,5.5-filters_discarding,PASS,,"p66 has no figure or icon. Only text is printed, so nothing was dropped.",
Philips-MP20-MP90-Manual,sec_0101,66,5.5-filters_passing_noise,PASS,,No image is mapped to sec_0101. No decorative element was kept as an image.,
Philips-MP20-MP90-Manual,sec_0101,66,5.5-image_section_mapping,PASS,,"sec_0101 has no visual on p66, and images.json lists none. Nothing needs mapping.",
Philips-MP20-MP90-Manual,sec_0102,67,5.4-hierarchy_level,PASS,,"On p67, 'Alarms' (sec_0102) is printed as the large chapter title 'Alarms' with a big '3' above it on p67. hierarchy_level is 1, which matches its bookmark nesting.",
Philips-MP20-MP90-Manual,sec_0102,67,5.4-parent_child,PASS,,sec_0102 is a level 1 chapter with no parent. Its children (sec_0103 and later) are the Alarms sub-sections.,
Philips-MP20-MP90-Manual,sec_0102,67,5.4-page_start_end,PASS,,"sec_0102 has page_start 67 and page_end 82. On p67 it starts at the chapter title (#/texts/1284 '3 Alarms') and holds the intro paragraphs, the INOP list and the folio 55 (#/texts/1285 to #/texts/1301). The last three nodes are on p68 (#/texts/1302 to #/texts/1304): the running header and one paragraph about the audible indicator. The p68 image is not in the batch, so I could not see whether that paragraph is above the 'Visual Alarm Indicators' heading.","Lead check of the p68 render: #/texts/1304 'The monitor sounds an audible indicator...' is printed above the heading 'Visual Alarm Indicators', so it is chapter intro text and sec_0102 owns it correctly. Same result as the approved v2.15 row."
Philips-MP20-MP90-Manual,sec_0102,67,5.4-hierarchy_path,PASS,,The path of sec_0102 is correct and in order. The last part is 'Alarms'.,
Philips-MP20-MP90-Manual,sec_0102,67,5.4-gaps_duplicates,PASS,,"The p67 text (intro, Patient Alarms, INOPs, the seven INOP names and the HR HIGH example) is all in sec_0102 and in order. The big chapter number '3' appears twice as text (#/texts/1283 and in the heading #/texts/1284 '3 Alarms'). This is a small duplicate of boilerplate only.",The duplicate chapter number is minor and does not change the content.
Philips-MP20-MP90-Manual,sec_0102,67,5.4-flagged_for_review,PASS,,"sec_0102 is not flagged for review. The heading 'Alarms' is clearly visible on the page, so no flag is needed.",
Philips-MP20-MP90-Manual,sec_0102,67,5.4-structural_source,PASS,,"structural_source is 'toc'. The heading 'Alarms' is printed on the page range 67-82, so the bookmark is supported.",
Philips-MP20-MP90-Manual,sec_0102,67,5.6-numbering_scheme,PASS,,"The page numbers are arabic (folio 55 on the sampled pages). numbering_scheme is 'arabic', which is correct.",
Philips-MP20-MP90-Manual,sec_0102,67,5.6-offset_applied,PASS,,"On physical p67, the printed folio is 12 lower than the physical page. The bookmark pages are already physical and the heading appears on the stated page, so offset_applied 0 is correct.",
Philips-MP20-MP90-Manual,sec_0102,67,5.5-filters_discarding,PASS,,"On p67 the bordered example '** HR HIGH' is a text box, not a picture. Its words are kept in #/texts/1300 in sec_0102. No raster figure is on the page.","Lead change: FAIL Low to PASS, the same result as the approved v2.15 row. The page and its nodes did not change in v2.16."
Philips-MP20-MP90-Manual,sec_0102,67,5.5-filters_passing_noise,PASS,,No image is mapped to sec_0102. The large chapter number '3' and the blue bar were not kept as images.,
Philips-MP20-MP90-Manual,sec_0102,67,5.5-image_section_mapping,PASS,,"The only visual on p67 is the small HR HIGH box, which is not extracted, so no image can be mapped to a wrong section. images.json lists none for sec_0102.",The missing box is graded in 5.5-filters_discarding.
Philips-MP20-MP90-Manual,sec_0137,82,5.4-hierarchy_level,PASS,,On p81 'Alarm Recordings' is a large bold heading like 'Testing Alarms' and 'Alarm Behavior at On/Off'. hierarchy_level 2 under the 'Alarms' chapter is correct.,
Philips-MP20-MP90-Manual,sec_0137,82,5.4-parent_child,PASS,,Parent sec_0102 'Alarms' (p67-82) is the chapter. The section has no children. The next section sec_0138 is chapter 4 on p83. Parent and children are right.,
Philips-MP20-MP90-Manual,sec_0137,82,5.4-page_start_end,PASS,,The section starts at heading #/texts/1607 on p81 and holds the five numbered steps and the 'Recording' reference. Page 82 is a blank chapter page with only the running header and folio '70' (#/texts/1618-1620). Chapter 4 starts on p83 and no p83 node is in this section. page_end 82 is right.,
Philips-MP20-MP90-Manual,sec_0137,82,5.4-hierarchy_path,PASS,,The section starts at heading #/texts/1607 on p81 and holds the five numbered steps and the 'Recording' reference. Page 82 is a blank chapter page with only the running header and folio '70' (#/texts/1618-1620). Chapter 4 starts on p83 and no p83 node is in this section. page_end 82 is right.,
Philips-MP20-MP90-Manual,sec_0137,82,5.4-gaps_duplicates,PASS,,"The intro, steps 1-5, the Red&Yell and Off lines and the final reference sentence are all present once. The two sections above ('Testing Alarms', 'Alarm Behavior at On/Off') are not mixed in.",
Philips-MP20-MP90-Manual,sec_0137,82,5.4-flagged_for_review,PASS,,flagged_for_review is false and verification_score is 100. The heading is found on p81. The flag is right.,
Philips-MP20-MP90-Manual,sec_0137,82,5.4-structural_source,PASS,,structural_source is toc. The heading is on the bookmarked page p81. The source is supported.,
Philips-MP20-MP90-Manual,sec_0137,82,5.6-numbering_scheme,PASS,,Numbering is arabic. The folio is 69 on p81 and 70 on p82. The scheme is correct.,
Philips-MP20-MP90-Manual,sec_0137,82,5.6-offset_applied,PASS,,offset_applied is 0. Bookmark page 81 is the physical page of the heading. The folio 69 is only the printed number. The offset is right.,
Philips-MP20-MP90-Manual,sec_0137,82,5.5-filters_discarding,PASS,,Page 82 is blank except for the header bar and the folio. No figure or icon exists to lose.,
Philips-MP20-MP90-Manual,sec_0137,82,5.5-filters_passing_noise,PASS,,"images.json lists no image for sec_0137, and the header bar is not kept as an image.",
Philips-MP20-MP90-Manual,sec_0137,82,5.5-image_section_mapping,PASS,,"No image is mapped to sec_0137, and none is printed on p81-82. The empty mapping is right.",
Philips-MP20-MP90-Manual,sec_0139,83,5.4-hierarchy_level,PASS,,On p83 'Patient Alarm Messages' (#/texts/1626) is a medium bold heading below the chapter title 'Patient Alarms and INOPs'. hierarchy_level 2 is correct.,
Philips-MP20-MP90-Manual,sec_0139,83,5.4-parent_child,PASS,,Parent sec_0138 'Patient Alarms and INOPs' (p83-112) is the chapter. The section has no children. The next sibling sec_0140 starts on p89. Parent and children are right.,
Philips-MP20-MP90-Manual,sec_0139,83,5.4-page_start_end,PASS,,The section starts at heading #/texts/1626 on p83. The chapter title and the chapter intro are above the heading and are not in this section. The six alarm tables #/tables/22-27 (p83-88) belong here. The heading 'Technical Alarm Messages (INOPs)' starts sec_0140 on p89. Boundaries are right.,
Philips-MP20-MP90-Manual,sec_0139,83,5.4-hierarchy_path,PASS,,The section starts at heading #/texts/1626 on p83. The chapter title and the chapter intro are above the heading and are not in this section. The six alarm tables #/tables/22-27 (p83-88) belong here. The heading 'Technical Alarm Messages (INOPs)' starts sec_0140 on p89. Boundaries are right.,
Philips-MP20-MP90-Manual,sec_0139,83,5.4-gaps_duplicates,PASS,,Intro paragraphs #/texts/1627-1631 and the six message tables are present once each. The running headers and folios on p84-88 are the only other nodes. Nothing is missing or repeated.,
Philips-MP20-MP90-Manual,sec_0139,83,5.4-flagged_for_review,PASS,,flagged_for_review is false and verification_score is 100. The heading is found on p83. The flag is right.,
Philips-MP20-MP90-Manual,sec_0139,83,5.4-structural_source,PASS,,structural_source is toc. The heading is on the bookmarked page p83. The source is supported.,
Philips-MP20-MP90-Manual,sec_0139,83,5.6-numbering_scheme,PASS,,Numbering is arabic. The folios run 71 to 76 in this section. The scheme is correct.,
Philips-MP20-MP90-Manual,sec_0139,83,5.6-offset_applied,PASS,,offset_applied is 0. Bookmark page 83 is the physical page of the heading. The folio 71 is only the printed number. The offset is right.,
Philips-MP20-MP90-Manual,sec_0139,83,5.6-table_content,PASS,,"Table #/tables/22 has the 4 columns and the 5 rows visible on p83 (AFIB, APNEA, ASYSTOLE, awRR HIGH, awRR LOW). The cell text matches the page.",
Philips-MP20-MP90-Manual,sec_0139,83,5.5-filters_discarding,PASS,,"Page 83 has the chapter title bar, text and one table. There is no figure or icon to lose.",
Philips-MP20-MP90-Manual,sec_0139,83,5.5-filters_passing_noise,PASS,,No image is kept for sec_0139. The blue chapter rule on p83 is not kept as an image.,
Philips-MP20-MP90-Manual,sec_0139,83,5.5-image_section_mapping,PASS,,"No image is mapped to sec_0139, and none is printed on p83-88. The empty mapping is right.",
Philips-MP20-MP90-Manual,sec_0140,90,5.4-hierarchy_level,PASS,,"On p89 'Technical Alarm Messages (INOPs)' (#/texts/1650) is a large bold heading, the same size as 'Patient Alarm Messages'. hierarchy_level 2 is correct.",
Philips-MP20-MP90-Manual,sec_0140,90,5.4-parent_child,PASS,,Parent sec_0138 'Patient Alarms and INOPs' (p83-112) is right. The section has no children. The next section sec_0141 'Managing Patients' is chapter 5 on p113.,
Philips-MP20-MP90-Manual,sec_0140,90,5.4-page_start_end,PASS,,The section starts at heading #/texts/1650 on p89. The INOP tables #/tables/28-50 run from p89 to p111. Page 112 is a blank page with only the header bar (#/tables/51). Chapter 5 starts on p113 and nothing from it is here. page_end 112 is right.,
Philips-MP20-MP90-Manual,sec_0140,90,5.4-hierarchy_path,PASS,,The section starts at heading #/texts/1650 on p89. The INOP tables #/tables/28-50 run from p89 to p111. Page 112 is a blank page with only the header bar (#/tables/51). Chapter 5 starts on p113 and nothing from it is here. page_end 112 is right.,
Philips-MP20-MP90-Manual,sec_0140,90,5.4-gaps_duplicates,PASS,,The intro paragraphs #/texts/1651-1652 and one INOP table per page from p89 to p111 are present once. No page of the chapter is skipped or repeated.,
Philips-MP20-MP90-Manual,sec_0140,90,5.4-flagged_for_review,PASS,,flagged_for_review is false and verification_score is 100. The heading is found on p89. The flag is right.,
Philips-MP20-MP90-Manual,sec_0140,90,5.4-structural_source,PASS,,structural_source is toc. The heading is on the bookmarked page p89. The source is supported.,
Philips-MP20-MP90-Manual,sec_0140,90,5.6-numbering_scheme,PASS,,Numbering is arabic. The folios run 77 to 100. The scheme is correct.,
Philips-MP20-MP90-Manual,sec_0140,90,5.6-offset_applied,PASS,,offset_applied is 0. Bookmark page 89 is the physical page of the heading. The folio 77 is only the printed number. The offset is right.,
Philips-MP20-MP90-Manual,sec_0140,90,5.6-table_content,FAIL,Low,"Table #/tables/29 on p90 matches the page: rows 'BATTERIES INCOMP' to 'BIS ENGINE DISCONN', 3 columns. But sec_0140 also has #/tables/51 on the blank p112. Its only text is the running header '4 Patient Alarms and INOPs | Technical Alarm Messages (INOPs)'. It is a false table.","Lead change: PASS to FAIL Low, to keep the approved v2.15 placement (the false table is graded on the p90 row). The table is the same in v2.16. Old problem (BUG-021). Only header text, so Low."
Philips-MP20-MP90-Manual,sec_0140,90,5.5-filters_discarding,PASS,,Page 90 has only an INOP table and the header bar. There is no figure or icon to lose.,
Philips-MP20-MP90-Manual,sec_0140,90,5.5-filters_passing_noise,PASS,,No image is kept for sec_0140. The header bar is not kept as an image.,
Philips-MP20-MP90-Manual,sec_0140,90,5.5-image_section_mapping,PASS,,"No image is mapped to sec_0140, and none is printed on p90. The empty mapping is right.",
Philips-MP20-MP90-Manual,sec_0142,113,5.4-hierarchy_level,PASS,,On p113 'Admitting a Patient' (#/texts/1727) is a medium bold heading below the chapter title 'Managing Patients'. Its children are smaller headings on p115. hierarchy_level 2 is correct.,
Philips-MP20-MP90-Manual,sec_0142,113,5.4-parent_child,PASS,,Parent sec_0141 'Managing Patients' (p113-128) is the chapter. Children sec_0143 and sec_0144 are the two smaller headings on p115. Parent and children are right.,
Philips-MP20-MP90-Manual,sec_0142,113,5.4-page_start_end,PASS,,The section starts at heading #/texts/1727 on p113 and its own text ends on p114 with #/texts/1772 (step 5). page_end 115 covers its child sections on p115. The chapter intro above the heading is not here. The p115 heading 'Patient Category and Paced Status' starts sec_0143.,
Philips-MP20-MP90-Manual,sec_0142,113,5.4-hierarchy_path,PASS,,The section starts at heading #/texts/1727 on p113 and its own text ends on p114 with #/texts/1772 (step 5). page_end 115 covers its child sections on p115. The chapter intro above the heading is not here. The p115 heading 'Patient Category and Paced Status' starts sec_0143.,
Philips-MP20-MP90-Manual,sec_0142,113,5.4-gaps_duplicates,PASS,,"Intro, NOTE, steps 1-5 and the field list (#/texts/1727-1772) are present once. The screenshot field labels #/texts/1736-1753 are in this section. Nothing is shared with sec_0143.",
Philips-MP20-MP90-Manual,sec_0142,113,5.4-flagged_for_review,PASS,,flagged_for_review is false and verification_score is 100. The heading is found on p113. The flag is right.,
Philips-MP20-MP90-Manual,sec_0142,113,5.4-structural_source,PASS,,structural_source is toc. The heading is on the bookmarked page p113. The source is supported.,
Philips-MP20-MP90-Manual,sec_0142,113,5.6-numbering_scheme,PASS,,Numbering is arabic. The folio is 101 on p113 and 102 on p114. The scheme is correct.,
Philips-MP20-MP90-Manual,sec_0142,113,5.6-offset_applied,PASS,,offset_applied is 0. Bookmark page 113 is the physical page of the heading. The folio 101 is only the printed number. The offset is right.,
Philips-MP20-MP90-Manual,sec_0142,113,5.5-filters_discarding,PASS,,"Page 113 has only text, a NOTE label and step 1. There is no figure or icon here. The Patient Demographics screenshot is on p114 and is kept as img_0059.",
Philips-MP20-MP90-Manual,sec_0142,113,5.5-filters_passing_noise,PASS,,img_0059 (p114) is the Patient Demographics window frame and is meaningful. The field names are kept as text nodes #/texts/1736-1753. No decorative image is kept.,
Philips-MP20-MP90-Manual,sec_0142,113,5.5-image_section_mapping,PASS,,"img_0059 (p114) shows the window of step 1 and is mapped to sec_0142, which is right. p113 itself has no image. I did not see a p114 render, so I judged p114 from the crop and the text nodes.",
Philips-MP20-MP90-Manual,sec_0169,128,5.4-hierarchy_level,PASS,,"On p128 the heading 'Care Group Alarms' is large, but the running header says 'Care Groups'. The tree has hierarchy_level 3 under sec_0163, which fits the toc bookmark.","Heading size is the same as a level 2 heading, so I could not confirm the bookmark nesting from the image alone. PASS follows the toc source."
Philips-MP20-MP90-Manual,sec_0169,128,5.4-parent_child,PASS,,"sec_0169 'Care Group Alarms' has parent sec_0163 'Care Groups' and no children. The heading on p128 is a direct subsection of that parent, with no section in between.",
Philips-MP20-MP90-Manual,sec_0169,128,5.4-page_start_end,PASS,,"On p128 the section holds the heading #/texts/2093, the intro paragraph, four bullets, the Auto Window steps 1 and 2 and the closing paragraph (#/texts/2093 to #/texts/2103). The top of p128 has the running header (#/texts/2091, #/texts/2092) and the bottom has folio 116 (#/texts/2104). Page range starts and ends at the right content.",
Philips-MP20-MP90-Manual,sec_0169,128,5.4-hierarchy_path,PASS,,The hierarchy_path of sec_0169 ends with 'Care Group Alarms' and its parent chain is sec_0163 'Care Groups' and above. This order matches the headings seen on p128 and the running header.,
Philips-MP20-MP90-Manual,sec_0169,128,5.4-gaps_duplicates,PASS,,"The nodes of sec_0169 on p128 run in one continuous semantic_order block with no repeats. Every paragraph visible under the heading is present once, and no text of this section sits in a neighbour.",
Philips-MP20-MP90-Manual,sec_0169,128,5.4-flagged_for_review,PASS,,"sec_0169 has flagged_for_review false and verification_score 100. Nothing on p128 shows a doubt, so no flag is needed.",
Philips-MP20-MP90-Manual,sec_0169,128,5.4-structural_source,PASS,,"sec_0169 has structural_source 'toc'. The heading 'Care Group Alarms' is printed on p128 where the bookmark points, so the toc source is supported.",
Philips-MP20-MP90-Manual,sec_0169,128,5.6-numbering_scheme,PASS,,Printed folio 116 on p128 is arabic. The tree says numbering_scheme arabic for sec_0169.,
Philips-MP20-MP90-Manual,sec_0169,128,5.6-offset_applied,PASS,,"Physical page 128 shows printed folio 116. The section page_start is the physical page where the heading is printed, so the mapping is correct. The tree has offset_applied 0.","Folio differs from the physical page by 12, but page_start is already physical. I read offset_applied 0 as no extra shift needed."
Philips-MP20-MP90-Manual,sec_0169,128,5.5-filters_discarding,PASS,,"On p128: no figure, icon or diagram on p128. No meaningful figure or small informative icon was dropped.",
Philips-MP20-MP90-Manual,sec_0169,128,5.5-filters_passing_noise,PASS,,"No image is kept for sec_0169 on p128, so no decorative or noise image was retained. The header bar and rules on the page are not in the image output.",
Philips-MP20-MP90-Manual,sec_0169,128,5.5-image_section_mapping,PASS,,"No figure belongs to sec_0169 on p128, and no image is mapped to it. This is correct.",
Philips-MP20-MP90-Manual,sec_0171,129,5.4-hierarchy_level,PASS,,On p129 the heading 'Skin Preparation for Electrode Placement' is printed at a style that fits level 2. The tree has hierarchy_level 2 for sec_0171.,
Philips-MP20-MP90-Manual,sec_0171,129,5.4-parent_child,PASS,,"sec_0171 'Skin Preparation for Electrode Placement' has parent sec_0170 'ECG, Arrhythmia, ST and QT Monitoring' and no children. The heading on p129 is a direct subsection of that parent, with no section in between.",
Philips-MP20-MP90-Manual,sec_0171,129,5.4-page_start_end,PASS,,"On p129 the section holds the heading #/texts/2109, the intro sentence and steps 1 to 5 (#/texts/2109 to #/texts/2115). The chapter title and its intro text above the heading stay in sec_0170, and 'Connecting ECG Cables' starts in sec_0172. Page range starts and ends at the right content.",
Philips-MP20-MP90-Manual,sec_0171,129,5.4-hierarchy_path,PASS,,"The hierarchy_path of sec_0171 ends with 'Skin Preparation for Electrode Placement' and its parent chain is sec_0170 'ECG, Arrhythmia, ST and QT Monitoring' and above. This order matches the headings seen on p129 and the running header.",
Philips-MP20-MP90-Manual,sec_0171,129,5.4-gaps_duplicates,PASS,,"The nodes of sec_0171 on p129 run in one continuous semantic_order block with no repeats. Every paragraph visible under the heading is present once, and no text of this section sits in a neighbour.",
Philips-MP20-MP90-Manual,sec_0171,129,5.4-flagged_for_review,PASS,,"sec_0171 has flagged_for_review false and verification_score 100. Nothing on p129 shows a doubt, so no flag is needed.",
Philips-MP20-MP90-Manual,sec_0171,129,5.4-structural_source,PASS,,"sec_0171 has structural_source 'toc'. The heading 'Skin Preparation for Electrode Placement' is printed on p129 where the bookmark points, so the toc source is supported.",
Philips-MP20-MP90-Manual,sec_0171,129,5.6-numbering_scheme,PASS,,Printed folio 117 on p129 is arabic. The tree says numbering_scheme arabic for sec_0171.,
Philips-MP20-MP90-Manual,sec_0171,129,5.6-offset_applied,PASS,,"Physical page 129 shows printed folio 117. The section page_start is the physical page where the heading is printed, so the mapping is correct. The tree has offset_applied 0.","Folio differs from the physical page by 12, but page_start is already physical. I read offset_applied 0 as no extra shift needed."
Philips-MP20-MP90-Manual,sec_0171,129,5.5-filters_discarding,PASS,,"On p129: the only figure on p129 is the ECG connector drawing, which belongs to the next section 'Connecting ECG Cables' and is mapped to sec_0172 as img_0066. No meaningful figure or small informative icon was dropped.",
Philips-MP20-MP90-Manual,sec_0171,129,5.5-filters_passing_noise,PASS,,"No image is kept for sec_0171 on p129, so no decorative or noise image was retained. The header bar and rules on the page are not in the image output.",
Philips-MP20-MP90-Manual,sec_0171,129,5.5-image_section_mapping,PASS,,"The only figure on p129 is the ECG connector drawing under 'Connecting ECG Cables'. It is mapped to sec_0172 as img_0066, which is the right section. No figure belongs to sec_0171.",
Philips-MP20-MP90-Manual,sec_0189,136,5.4-hierarchy_level,PASS,,On p136 the heading 'ECG Lead Fallback' is printed at a style that fits level 2. The tree has hierarchy_level 2 for sec_0189.,
Philips-MP20-MP90-Manual,sec_0189,136,5.4-parent_child,PASS,,"sec_0189 'ECG Lead Fallback' has parent sec_0170 'ECG, Arrhythmia, ST and QT Monitoring' and no children. The heading on p136 is a direct subsection of that parent, with no section in between.",
Philips-MP20-MP90-Manual,sec_0189,136,5.4-page_start_end,PASS,,"On p136 the section holds the running header, the heading #/texts/2262 and the two paragraphs #/texts/2263 and #/texts/2264. The 'ECG Lead Placements' heading, intro text and colour table are not in this section. Page range starts and ends at the right content.",
Philips-MP20-MP90-Manual,sec_0189,136,5.4-hierarchy_path,PASS,,"The hierarchy_path of sec_0189 ends with 'ECG Lead Fallback' and its parent chain is sec_0170 'ECG, Arrhythmia, ST and QT Monitoring' and above. This order matches the headings seen on p136 and the running header.",
Philips-MP20-MP90-Manual,sec_0189,136,5.4-gaps_duplicates,PASS,,"The nodes of sec_0189 on p136 run in one continuous semantic_order block with no repeats. Every paragraph visible under the heading is present once, and no text of this section sits in a neighbour.",
Philips-MP20-MP90-Manual,sec_0189,136,5.4-flagged_for_review,PASS,,"sec_0189 has flagged_for_review false and verification_score 100. Nothing on p136 shows a doubt, so no flag is needed.",
Philips-MP20-MP90-Manual,sec_0189,136,5.4-structural_source,PASS,,"sec_0189 has structural_source 'toc'. The heading 'ECG Lead Fallback' is printed on p136 where the bookmark points, so the toc source is supported.",
Philips-MP20-MP90-Manual,sec_0189,136,5.6-numbering_scheme,PASS,,Printed folio 124 on p136 is arabic. The tree says numbering_scheme arabic for sec_0189.,
Philips-MP20-MP90-Manual,sec_0189,136,5.6-offset_applied,PASS,,"Physical page 136 shows printed folio 124. The section page_start is the physical page where the heading is printed, so the mapping is correct. The tree has offset_applied 0.","Folio differs from the physical page by 12, but page_start is already physical. I read offset_applied 0 as no extra shift needed."
Philips-MP20-MP90-Manual,sec_0189,136,5.5-filters_discarding,PASS,,On p136: no figure on p136; the electrode colour table under 'ECG Lead Placements' belongs to sec_0190. No meaningful figure or small informative icon was dropped.,
Philips-MP20-MP90-Manual,sec_0189,136,5.5-filters_passing_noise,PASS,,"No image is kept for sec_0189 on p136, so no decorative or noise image was retained. The header bar and rules on the page are not in the image output.",
Philips-MP20-MP90-Manual,sec_0189,136,5.5-image_section_mapping,PASS,,"No figure belongs to sec_0189 on p136, and no image is mapped to it. This is correct.",
Philips-MP20-MP90-Manual,sec_0203,143,5.4-hierarchy_level,PASS,,On p143 the heading 'Extreme Alarm Limits' is printed at a style that fits level 3. The tree has hierarchy_level 3 for sec_0203.,
Philips-MP20-MP90-Manual,sec_0203,143,5.4-parent_child,PASS,,"sec_0203 'Extreme Alarm Limits' has parent sec_0202 'Using ECG Alarms' and no children. The heading on p143 is a direct subsection of that parent, with no section in between.",
Philips-MP20-MP90-Manual,sec_0203,143,5.4-page_start_end,PASS,,"On p143 the section holds the heading #/texts/2428, the intro paragraph, the figure labels (#/texts/2430 to #/texts/2439), the closing paragraph and the bullet (#/texts/2440, #/texts/2441). 'Using ECG Alarms' intro is above the heading and 'ECG Alarms Off Disabled' is below the bullet; neither is in this section. Page range starts and ends at the right content.",
Philips-MP20-MP90-Manual,sec_0203,143,5.4-hierarchy_path,PASS,,The hierarchy_path of sec_0203 ends with 'Extreme Alarm Limits' and its parent chain is sec_0202 'Using ECG Alarms' and above. This order matches the headings seen on p143 and the running header.,
Philips-MP20-MP90-Manual,sec_0203,143,5.4-gaps_duplicates,PASS,,"The nodes of sec_0203 on p143 run in one continuous semantic_order block with no repeats. Every paragraph visible under the heading is present once, and no text of this section sits in a neighbour.",
Philips-MP20-MP90-Manual,sec_0203,143,5.4-flagged_for_review,PASS,,"sec_0203 has flagged_for_review false and verification_score 100. Nothing on p143 shows a doubt, so no flag is needed.",
Philips-MP20-MP90-Manual,sec_0203,143,5.4-structural_source,PASS,,"sec_0203 has structural_source 'toc'. The heading 'Extreme Alarm Limits' is printed on p143 where the bookmark points, so the toc source is supported.",
Philips-MP20-MP90-Manual,sec_0203,143,5.6-numbering_scheme,PASS,,Printed folio 131 on p143 is arabic. The tree says numbering_scheme arabic for sec_0203.,
Philips-MP20-MP90-Manual,sec_0203,143,5.6-offset_applied,PASS,,"Physical page 143 shows printed folio 131. The section page_start is the physical page where the heading is printed, so the mapping is correct. The tree has offset_applied 0.","Folio differs from the physical page by 12, but page_start is already physical. I read offset_applied 0 as no extra shift needed."
Philips-MP20-MP90-Manual,sec_0203,143,5.5-filters_discarding,PASS,,On p143: the colour bar figure is extracted as img_0077 and is mapped to sec_0203. The crop is complete and no meaningful figure was dropped. The label words of the figure are kept as text nodes in sec_0203.,
Philips-MP20-MP90-Manual,sec_0203,143,5.5-filters_passing_noise,PASS,,img_0077 (1144x266) is the alarm limit colour bar with its brackets and is real content. The crop has no extra text. The labels are outside the crop and are kept as text.,
Philips-MP20-MP90-Manual,sec_0203,143,5.5-image_section_mapping,PASS,,img_0077 is on p143 under 'Extreme Alarm Limits' and is mapped to sec_0203. This is the right section.,
Philips-MP20-MP90-Manual,sec_0221,150,5.4-hierarchy_level,PASS,,On p150 the heading 'Ectopic Status Messages' is printed at a style that fits level 4. The tree has hierarchy_level 4 for sec_0221.,
Philips-MP20-MP90-Manual,sec_0221,150,5.4-parent_child,PASS,,"sec_0221 'Ectopic Status Messages' has parent sec_0219 'Arrhythmia Status Messages' and no children. The heading on p150 is a direct subsection of that parent, with no section in between.",
Philips-MP20-MP90-Manual,sec_0221,150,5.4-page_start_end,PASS,,"On p150 the section holds the running header, the heading #/texts/2594, the intro sentence #/texts/2595 and the table #/tables/61. 'Arrhythmia Relearning' and 'Initiating Arrhythmia Relearning Manually' are below the table and are not in this section. Page range starts and ends at the right content.",
Philips-MP20-MP90-Manual,sec_0221,150,5.4-hierarchy_path,PASS,,The hierarchy_path of sec_0221 ends with 'Ectopic Status Messages' and its parent chain is sec_0219 'Arrhythmia Status Messages' and above. This order matches the headings seen on p150 and the running header.,
Philips-MP20-MP90-Manual,sec_0221,150,5.4-gaps_duplicates,PASS,,"The nodes of sec_0221 on p150 run in one continuous semantic_order block with no repeats. Every paragraph visible under the heading is present once, and no text of this section sits in a neighbour.",
Philips-MP20-MP90-Manual,sec_0221,150,5.4-flagged_for_review,PASS,,"sec_0221 has flagged_for_review false and verification_score 100. Nothing on p150 shows a doubt, so no flag is needed.",
Philips-MP20-MP90-Manual,sec_0221,150,5.4-structural_source,PASS,,"sec_0221 has structural_source 'toc'. The heading 'Ectopic Status Messages' is printed on p150 where the bookmark points, so the toc source is supported.",
Philips-MP20-MP90-Manual,sec_0221,150,5.6-numbering_scheme,PASS,,Printed folio 138 on p150 is arabic. The tree says numbering_scheme arabic for sec_0221.,
Philips-MP20-MP90-Manual,sec_0221,150,5.6-offset_applied,PASS,,"Physical page 150 shows printed folio 138. The section page_start is the physical page where the heading is printed, so the mapping is correct. The tree has offset_applied 0.","Folio differs from the physical page by 12, but page_start is already physical. I read offset_applied 0 as no extra shift needed."
Philips-MP20-MP90-Manual,sec_0221,150,5.6-table_content,PASS,,"On p150 the table #/tables/61 has the header 'Ectopic Status Message | Explanation | B or E' and 11 data rows from '(No message displayed)' to 'PACED BEATS'. The PAUSE multi-line cell and every B, E value match the rendering.",
Philips-MP20-MP90-Manual,sec_0221,150,5.5-filters_discarding,PASS,,On p150: no figure on p150. No meaningful figure or small informative icon was dropped.,
Philips-MP20-MP90-Manual,sec_0221,150,5.5-filters_passing_noise,PASS,,"No image is kept for sec_0221 on p150, so no decorative or noise image was retained. The header bar and rules on the page are not in the image output.",
Philips-MP20-MP90-Manual,sec_0221,150,5.5-image_section_mapping,PASS,,"No figure belongs to sec_0221 on p150, and no image is mapped to it. This is correct.",
Philips-MP20-MP90-Manual,sec_0240,158,5.4-hierarchy_level,PASS,,"On p158: heading #/texts/2779 'Selecting Leads for ST Analysis' on p157 (level 3, parent sec_0239 'Switching ST On and Off'). The heading is a small bold heading under the large 'Switching ST On and Off' heading, so level 3 is right.",
Philips-MP20-MP90-Manual,sec_0240,158,5.4-parent_child,PASS,,On p158: parent sec_0239 'Switching ST On and Off' lists sec_0240 as its only child. This agrees with the rendered headings.,
Philips-MP20-MP90-Manual,sec_0240,158,5.4-page_start_end,PASS,,"On p158: The section ends with #/texts/2798 ('2 Select the Sort Up or Sort Down key') on p158, just above the large heading 'Understanding the ST Display' (sec_0241). No neighbour content is absorbed and no own content is missing.","Running headers and folios are kept as paragraph nodes inside the section (probably BUG-022). They stay on their own pages, so no boundary is crossed."
Philips-MP20-MP90-Manual,sec_0240,158,5.4-hierarchy_path,PASS,,"The path /ECG, Arrhythmia, ST and QT Monitoring/Switching ST On and Off/Selecting Leads for ST Analysis matches the headings on p157. The order of ancestors is correct.",
Philips-MP20-MP90-Manual,sec_0240,158,5.4-gaps_duplicates,PASS,,Checked p158 against the neighbour sections. The nodes of sec_0240 form one run of semantic_order with no gap and no duplicate body text.,
Philips-MP20-MP90-Manual,sec_0240,158,5.4-flagged_for_review,PASS,,"flagged_for_review is false and verification_score is 100. The heading is found on the rendered page, so no flag is needed.",
Philips-MP20-MP90-Manual,sec_0240,158,5.4-structural_source,PASS,,"structural_source is toc. The title matches the heading seen on p158, so the bookmark source is supported.",
Philips-MP20-MP90-Manual,sec_0240,158,5.6-numbering_scheme,PASS,,"Printed folios are arabic (145 on p157, 146 on p158). The scheme arabic is correct.",
Philips-MP20-MP90-Manual,sec_0240,158,5.6-offset_applied,PASS,,"Physical p157 shows folio 145 and the heading is on p157, so page_start 157 is the physical page. offset_applied 0 is consistent.",
Philips-MP20-MP90-Manual,sec_0240,158,5.6-table_content,PASS,,"Table #/tables/63 on p157 has two cells, 'Add' and 'Delete'. The rendered pop-up key box shows the same two labels in the same order.",
Philips-MP20-MP90-Manual,sec_0240,158,5.5-filters_discarding,PASS,,"On p158 the ST display screenshot (about 137x92 pt) is below the heading 'Understanding the ST Display'. It is extracted as vector crop img_0081 (331x243 px) and mapped to sec_0241, its owner. No figure under sec_0240 is missing.","verify_claims flags a raster of 183x122 px only because the crop size (331x243, origin vector) differs from the raster size. The figure is visually extracted (img_0081), so PASS is kept. Probably BUG-010 side effect of the vector crop."
Philips-MP20-MP90-Manual,sec_0240,158,5.5-filters_passing_noise,PASS,,"No figure or icon is on p157-158 for this section except the Add/Delete pop-up key box, which is extracted as #/tables/63. No decorative element was kept as an image.",
Philips-MP20-MP90-Manual,sec_0240,158,5.5-image_section_mapping,PASS,,"No figure or icon is on p157-158 for this section except the Add/Delete pop-up key box, which is extracted as #/tables/63. Each visual is in the section that owns it.",
Philips-MP20-MP90-Manual,sec_0254,165,5.4-hierarchy_level,PASS,,"On p165: heading #/texts/2971 'Switching Between ST Map Views' on p165 (level 4, parent sec_0253). The heading is the smallest bold heading under 'Working in the ST Map Task Window', so level 4 is right.",
Philips-MP20-MP90-Manual,sec_0254,165,5.4-parent_child,PASS,,On p165: parent sec_0253 'Working in the ST Map Task Window' lists sec_0254 as its first child. This agrees with the rendered headings.,
Philips-MP20-MP90-Manual,sec_0254,165,5.4-page_start_end,PASS,,"On p165: The section has the heading, two paragraphs, the bullet and the folio (#/texts/2971 to 2977). It ends at the bottom of p165 and the next section sec_0255 starts on p166. No neighbour content is absorbed and no own content is missing.",
Philips-MP20-MP90-Manual,sec_0254,165,5.4-hierarchy_path,PASS,,"The path /ECG, Arrhythmia, ST and QT Monitoring/Viewing ST Maps/Working in the ST Map Task Window/Switching Between ST Map Views matches the p165 headings. The order of ancestors is correct.",
Philips-MP20-MP90-Manual,sec_0254,165,5.4-gaps_duplicates,PASS,,Checked p165 against the neighbour sections. The nodes of sec_0254 form one run of semantic_order with no gap and no duplicate body text.,
Philips-MP20-MP90-Manual,sec_0254,165,5.4-flagged_for_review,PASS,,"flagged_for_review is false and verification_score is 100. The heading is found on the rendered page, so no flag is needed.",
Philips-MP20-MP90-Manual,sec_0254,165,5.4-structural_source,PASS,,"structural_source is toc. The title matches the heading seen on p165, so the bookmark source is supported.",
Philips-MP20-MP90-Manual,sec_0254,165,5.6-numbering_scheme,PASS,,Printed folio is arabic (153 on p165). The scheme arabic is correct.,
Philips-MP20-MP90-Manual,sec_0254,165,5.6-offset_applied,PASS,,"Physical p165 shows folio 153 and the heading is on p165, so page_start 165 is the physical page. offset_applied 0 is consistent.",
Philips-MP20-MP90-Manual,sec_0254,165,5.5-filters_discarding,PASS,,On p165 the 'ST Map (Trend)' screenshot is extracted as vector crop img_0093 (679x414 px) and the small ST map as img_0092. I compared the crops with the page. No figure is dropped.,"verify_claims flags a raster of 306x173 px only because the crop size (679x414, origin vector) differs from the raster size. The figure is visually extracted (img_0093) and mapped to sec_0251, its owner, so PASS is kept."
Philips-MP20-MP90-Manual,sec_0254,165,5.5-filters_passing_noise,PASS,,"The two ST map figures at the top of p165 (img_0092, img_0093) are mapped to sec_0251, the section that owns them. No figure is under this heading. No decorative element was kept as an image.",
Philips-MP20-MP90-Manual,sec_0254,165,5.5-image_section_mapping,PASS,,"The two ST map figures at the top of p165 (img_0092, img_0093) are mapped to sec_0251, the section that owns them. No figure is under this heading. Each visual is in the section that owns it.",
Philips-MP20-MP90-Manual,sec_0274,172,5.4-hierarchy_level,PASS,,"On p172: heading #/texts/3084 'Switching QT Monitoring On and Off' on p171 (level 2, parent sec_0170). The heading is a large heading like 'QT Alarms', so level 2 is right.",
Philips-MP20-MP90-Manual,sec_0274,172,5.4-parent_child,PASS,,"On p172: parent sec_0170 (chapter 6) lists sec_0274 as its last child, and sec_0274 has no children. This agrees with the rendered headings.",
Philips-MP20-MP90-Manual,sec_0274,172,5.4-page_start_end,PASS,,"On p172: The content is one bullet (#/texts/3121) on p171. Page 172 is blank except the running header (#/texts/3123, 3124) and folio 160 (#/texts/3125). The next section sec_0275 (chapter 7) starts on p173. No neighbour content is absorbed and no own content is missing.","Running headers and folios are kept as paragraph nodes inside the section (probably BUG-022). They stay on their own pages, so no boundary is crossed."
Philips-MP20-MP90-Manual,sec_0274,172,5.4-hierarchy_path,PASS,,"The path /ECG, Arrhythmia, ST and QT Monitoring/Switching QT Monitoring On and Off matches the p171 heading. The order of ancestors is correct.",
Philips-MP20-MP90-Manual,sec_0274,172,5.4-gaps_duplicates,PASS,,Checked p172 against the neighbour sections. The nodes of sec_0274 form one run of semantic_order with no gap and no duplicate body text.,
Philips-MP20-MP90-Manual,sec_0274,172,5.4-flagged_for_review,PASS,,"flagged_for_review is false and verification_score is 100. The heading is found on the rendered page, so no flag is needed.",
Philips-MP20-MP90-Manual,sec_0274,172,5.4-structural_source,PASS,,"structural_source is toc. The title matches the heading seen on p172, so the bookmark source is supported.",
Philips-MP20-MP90-Manual,sec_0274,172,5.6-numbering_scheme,PASS,,"Printed folios are arabic (159 on p171, 160 on p172). The scheme arabic is correct.",
Philips-MP20-MP90-Manual,sec_0274,172,5.6-offset_applied,PASS,,"Physical p172 shows folio 160, so the printed folio is 12 less than the physical page and offset_applied 0 matches the physical bookmarks. offset_applied 0 is consistent.",
Philips-MP20-MP90-Manual,sec_0274,172,5.5-filters_discarding,PASS,,"Page 172 is blank except the running header and folio, and p171 has no figure under this heading. No meaningful figure or icon is missing.",
Philips-MP20-MP90-Manual,sec_0274,172,5.5-filters_passing_noise,PASS,,"Page 172 is blank except the running header and folio, and p171 has no figure under this heading. No decorative element was kept as an image.",
Philips-MP20-MP90-Manual,sec_0274,172,5.5-image_section_mapping,PASS,,"Page 172 is blank except the running header and folio, and p171 has no figure under this heading. Each visual is in the section that owns it.",
Philips-MP20-MP90-Manual,sec_0276,173,5.4-hierarchy_level,PASS,,"On p173: heading #/texts/3094 'Entering the Setup Pulse Menu' on p173 (level 2, parent sec_0275 'Monitoring Pulse Rate'). The heading is a large heading like 'System Pulse Source' under the chapter 7 title, so level 2 is right.",
Philips-MP20-MP90-Manual,sec_0276,173,5.4-parent_child,PASS,,On p173: parent sec_0275 'Monitoring Pulse Rate' lists sec_0276 as its first child. This agrees with the rendered headings.,
Philips-MP20-MP90-Manual,sec_0276,173,5.4-page_start_end,PASS,,"On p173: The section has the heading and one paragraph (#/texts/3094, 3095). The chapter intro paragraph is above the heading and belongs to sec_0275. The next heading 'System Pulse Source' starts sec_0277. No neighbour content is absorbed and no own content is missing.",
Philips-MP20-MP90-Manual,sec_0276,173,5.4-hierarchy_path,PASS,,The path /Monitoring Pulse Rate/Entering the Setup Pulse Menu matches the chapter 7 title and the p173 heading. The order of ancestors is correct.,
Philips-MP20-MP90-Manual,sec_0276,173,5.4-gaps_duplicates,PASS,,Checked p173 against the neighbour sections. The nodes of sec_0276 form one run of semantic_order with no gap and no duplicate body text.,
Philips-MP20-MP90-Manual,sec_0276,173,5.4-flagged_for_review,PASS,,"flagged_for_review is false and verification_score is 100. The heading is found on the rendered page, so no flag is needed.",
Philips-MP20-MP90-Manual,sec_0276,173,5.4-structural_source,PASS,,"structural_source is toc. The title matches the heading seen on p173, so the bookmark source is supported.",
Philips-MP20-MP90-Manual,sec_0276,173,5.6-numbering_scheme,PASS,,Printed folio is arabic (161 on p173). The scheme arabic is correct.,
Philips-MP20-MP90-Manual,sec_0276,173,5.6-offset_applied,PASS,,"Physical p173 shows folio 161 and the heading is on p173, so page_start 173 is the physical page. offset_applied 0 is consistent.",
Philips-MP20-MP90-Manual,sec_0276,173,5.5-filters_discarding,PASS,,No figure or icon is on p173 under this heading. The blue chapter bar is decoration and was not extracted. No meaningful figure or icon is missing.,
Philips-MP20-MP90-Manual,sec_0276,173,5.5-filters_passing_noise,PASS,,No figure or icon is on p173 under this heading. The blue chapter bar is decoration and was not extracted. No decorative element was kept as an image.,
Philips-MP20-MP90-Manual,sec_0276,173,5.5-image_section_mapping,PASS,,No figure or icon is on p173 under this heading. The blue chapter bar is decoration and was not extracted. Each visual is in the section that owns it.,
Philips-MP20-MP90-Manual,sec_0287,177,5.4-hierarchy_level,PASS,,On p177 'Optimizing Lead Placement for Resp' is printed as an H3 under 'Lead Placement for Monitoring Resp'. The tree has level 3 under sec_0286.,
Philips-MP20-MP90-Manual,sec_0287,177,5.4-parent_child,PASS,,Parent sec_0286 'Lead Placement for Monitoring Resp' is the H2 just above on p177. Next section sec_0288 'Cardiac Overlay' is a sibling at the same level.,
Philips-MP20-MP90-Manual,sec_0287,177,5.4-page_start_end,PASS,,sec_0287 has #/texts/3155 (heading) and #/texts/3156 (one paragraph). Both are on p177. The paragraph about repositioning ECG electrodes is the full body. Cardiac Overlay text is not included.,
Philips-MP20-MP90-Manual,sec_0287,177,5.4-hierarchy_path,PASS,,"Path /Monitoring Respiration Rate (Resp)/Lead Placement for Monitoring Resp/Optimizing Lead Placement for Resp matches the printed H1, H2 and H3 headings on p177.",
Philips-MP20-MP90-Manual,sec_0287,177,5.4-gaps_duplicates,PASS,,Heading and the only paragraph are present once. No missing text and no duplicate text on p177.,
Philips-MP20-MP90-Manual,sec_0287,177,5.4-flagged_for_review,PASS,,"Flag is false and the verification score is 100.0 with an empty reason. The rendered heading matches the title, so no flag is needed.",
Philips-MP20-MP90-Manual,sec_0287,177,5.4-structural_source,PASS,,"Source is toc. The heading text in the rendered page matches the section title, so the TOC entry is supported.",
Philips-MP20-MP90-Manual,sec_0287,177,5.6-numbering_scheme,PASS,,"Printed folios are arabic numbers, and numbering_scheme is arabic. This agrees with the page.",
Philips-MP20-MP90-Manual,sec_0287,177,5.6-offset_applied,PASS,,"offset_applied is 0 and page_start is a physical page. folio 165 is printed on physical p177 and the chapter 8 opener is seen on that page; the section start is physical p177. The printed folio differs from the physical page, which is normal for this manual.",
Philips-MP20-MP90-Manual,sec_0287,177,5.5-filters_discarding,PASS,,Page 177 shows text only for this section. No figure or icon is printed in sec_0287 and images.json lists none. No visual was discarded.,
Philips-MP20-MP90-Manual,sec_0287,177,5.5-filters_passing_noise,PASS,,"No decorative rule, logo or footer divider is kept as an image for this section. images.json lists no image for this section.",
Philips-MP20-MP90-Manual,sec_0287,177,5.5-image_section_mapping,PASS,,"No relevant visual is printed in this section, so no image mapping is needed. Page 177 shows text only for this section. No figure or icon is printed in sec_0287 and images.json lists none.",
Philips-MP20-MP90-Manual,sec_0302,183,5.4-hierarchy_level,PASS,,On p183 'SpO2 Sensors' is printed as an H2 under the chapter 9 title 'Monitoring SpO2'. The tree has level 2 under sec_0301.,
Philips-MP20-MP90-Manual,sec_0302,183,5.4-parent_child,PASS,,Parent sec_0301 'Monitoring SpO2' is the chapter. Next section sec_0303 'Applying the Sensor' is a sibling H2 at the bottom of p183.,
Philips-MP20-MP90-Manual,sec_0302,183,5.4-page_start_end,PASS,,"Nodes #/texts/3242 to 3245 are the heading, two paragraphs and the yellow CAUTION box (3232 and 3245). The box is printed under the sensor text and above 'Applying the Sensor'. The chapter intro bullets stay in sec_0301 and the steps stay in sec_0303.",
Philips-MP20-MP90-Manual,sec_0302,183,5.4-hierarchy_path,PASS,,Path /Monitoring SpO2/SpO2 Sensors matches the printed chapter title and H2 on p183.,
Philips-MP20-MP90-Manual,sec_0302,183,5.4-gaps_duplicates,PASS,,"Heading, two paragraphs and the CAUTION heading and text are present once. Node 3232 has an out-of-order id but is placed right after 3244 in reading order. Nothing is missing or repeated.",
Philips-MP20-MP90-Manual,sec_0302,183,5.4-flagged_for_review,PASS,,"Flag is false and the verification score is 100.0 with an empty reason. The rendered heading matches the title, so no flag is needed.",
Philips-MP20-MP90-Manual,sec_0302,183,5.4-structural_source,PASS,,"Source is toc. The heading text in the rendered page matches the section title, so the TOC entry is supported.",
Philips-MP20-MP90-Manual,sec_0302,183,5.6-numbering_scheme,PASS,,"Printed folios are arabic numbers, and numbering_scheme is arabic. This agrees with the page.",
Philips-MP20-MP90-Manual,sec_0302,183,5.6-offset_applied,PASS,,"offset_applied is 0 and page_start is a physical page. folio 171 is printed on physical p183 and the chapter 9 opener is seen there; the section start is physical p183. The printed folio differs from the physical page, which is normal for this manual.",
Philips-MP20-MP90-Manual,sec_0302,183,5.5-filters_discarding,PASS,,Page 183 shows text and a yellow CAUTION box with no picture. No figure is printed in sec_0302 and images.json lists none. No visual was discarded.,
Philips-MP20-MP90-Manual,sec_0302,183,5.5-filters_passing_noise,PASS,,"No decorative rule, logo or footer divider is kept as an image for this section. images.json lists no image for this section.",
Philips-MP20-MP90-Manual,sec_0302,183,5.5-image_section_mapping,PASS,,"No relevant visual is printed in this section, so no image mapping is needed. Page 183 shows text and a yellow CAUTION box with no picture. No figure is printed in sec_0302 and images.json lists none.",
Philips-MP20-MP90-Manual,sec_0321,189,5.4-hierarchy_level,PASS,,On p189 'Introducing the Oscillometric NBP Measurement' is printed as an H2 under the chapter 10 title. The tree has level 2 under sec_0320. Its three children are the smaller H3 headings on p190.,
Philips-MP20-MP90-Manual,sec_0321,189,5.4-parent_child,PASS,,"Parent sec_0320 'Monitoring NBP' is the chapter. Children sec_0322, sec_0323 and sec_0324 are 'Measurement Limitations', 'Measurement Methods' and 'Reference Method', all printed as H3 on p190.",
Philips-MP20-MP90-Manual,sec_0321,189,5.4-page_start_end,PASS,,"Nodes #/texts/3359 to 3371 run from the heading on p189 to the CAUTION box at the top of p190. The WARNING box on p189 (3362 to 3366) holds four items and all four are present. The CAUTION box on p190 comes before the heading 'Measurement Limitations' (sec_0322), so it ends this section correctly. The chapter intro above the heading stays in sec_0320.",
Philips-MP20-MP90-Manual,sec_0321,189,5.4-hierarchy_path,PASS,,Path /Monitoring NBP/Introducing the Oscillometric NBP Measurement matches the printed chapter title and H2.,
Philips-MP20-MP90-Manual,sec_0321,189,5.4-gaps_duplicates,PASS,,All 13 nodes are present once. The WARNING first item is split in two nodes (3362 and 3363) but both are in sec_0321. The p189 folio 177 and p190 running header are page boilerplate.,
Philips-MP20-MP90-Manual,sec_0321,189,5.4-flagged_for_review,PASS,,"Flag is false and the verification score is 100.0 with an empty reason. The rendered heading matches the title, so no flag is needed.",
Philips-MP20-MP90-Manual,sec_0321,189,5.4-structural_source,PASS,,"Source is toc. The heading text in the rendered page matches the section title, so the TOC entry is supported.",
Philips-MP20-MP90-Manual,sec_0321,189,5.6-numbering_scheme,PASS,,"Printed folios are arabic numbers, and numbering_scheme is arabic. This agrees with the page.",
Philips-MP20-MP90-Manual,sec_0321,189,5.6-offset_applied,PASS,,"offset_applied is 0 and page_start is a physical page. folio 177 is printed on physical p189 and the chapter 10 opener is seen there; the section start is physical p189 and it continues to p190. The printed folio differs from the physical page, which is normal for this manual.",
Philips-MP20-MP90-Manual,sec_0321,189,5.5-filters_discarding,PASS,,Pages 189 and 190 of this section show text and two warning boxes. No figure is printed in sec_0321 and images.json lists none. No visual was discarded.,
Philips-MP20-MP90-Manual,sec_0321,189,5.5-filters_passing_noise,PASS,,"No decorative rule, logo or footer divider is kept as an image for this section. images.json lists no image for this section.",
Philips-MP20-MP90-Manual,sec_0321,189,5.5-image_section_mapping,PASS,,"No relevant visual is printed in this section, so no image mapping is needed. Pages 189 and 190 of this section show text and two warning boxes. No figure is printed in sec_0321 and images.json lists none.",
Philips-MP20-MP90-Manual,sec_0341,199,5.4-hierarchy_level,PASS,,"On p199 the heading 'Setting up the Pressure Measurement' is drawn as a section heading at level 2. The tree has hierarchy_level 2, which fits the visual size and the bookmark nesting.",
Philips-MP20-MP90-Manual,sec_0341,199,5.4-parent_child,PASS,,"Parent is sec_0340 (chapter 12 'Monitoring Invasive Pressure', level 1). Children: sec_0342 and sec_0343. This matches the printed structure on p199, and the chapter page range contains the section range.",
Philips-MP20-MP90-Manual,sec_0341,199,5.4-page_start_end,PASS,,"The range is p199-p201. The heading #/texts/3525 and steps 1 to 3 are on p199. The warning and steps 4 to 6 are on p200. The WARNING/CAUTION boxes and intro text printed above the heading on p199 are not in sec_0341, so they stay with chapter sec_0340. p201 is only the end of the child sec_0343 table, which explains page_end 201.",
Philips-MP20-MP90-Manual,sec_0341,199,5.4-hierarchy_path,PASS,,hierarchy_path ends in 'Setting up the Pressure Measurement' and the ancestors agree with the printed chapter and section headings seen on p199.,
Philips-MP20-MP90-Manual,sec_0341,199,5.4-gaps_duplicates,PASS,,"The content of 'Setting up the Pressure Measurement' on p199 appears once, in sec_0341. The previous and next sections start and end at the visible headings, so there is no gap and no overlap.",
Philips-MP20-MP90-Manual,sec_0341,199,5.4-flagged_for_review,PASS,,"sec_0341 has flagged_for_review false and verification_score 100. The heading on p199 is where the section starts, so no flag was needed.",
Philips-MP20-MP90-Manual,sec_0341,199,5.4-structural_source,PASS,,"structural_source is 'toc'. The bookmark title 'Setting up the Pressure Measurement' matches the heading seen on p199, so the TOC origin is supported.",
Philips-MP20-MP90-Manual,sec_0341,199,5.6-numbering_scheme,PASS,,Printed folios are arabic (folio 187 on physical p199) and numbering_scheme is 'arabic'. The scheme is right at this boundary.,
Philips-MP20-MP90-Manual,sec_0341,199,5.6-offset_applied,PASS,,"offset_applied is 0 and the heading 'Setting up the Pressure Measurement' is on physical p199, which is the declared page_start or inside the range. The printed folio is a fixed 12 pages lower, as in the neighbouring sections.",
Philips-MP20-MP90-Manual,sec_0341,199,5.5-filters_discarding,PASS,,"On p199 the three photos under step 1 (X1 MMS, X2 MMS, Module) are all extracted: img_0117 (vector crop with arrows and labels) and img_0116 (module photo). The module photo is also cut at the right edge of img_0117, but img_0116 holds the full photo. No information is lost.","The automatic check lists two raster photos on p199 as not in images_v1.json. Probably they are the X1 and X2 photos inside the vector crop img_0117, and the module photo is img_0116, so the figure is not lost."
Philips-MP20-MP90-Manual,sec_0341,199,5.5-filters_passing_noise,PASS,,"img_0116 is the Module photo and img_0117 is the photo group with its labels 'X1 MMS', 'X2 MMS' and 'Module'. Both are real content. The crop holds only the photo labels. No rule or logo is kept.","Lead change: FAIL Low to PASS, the same result as the approved v2.15 row. The images on p199 did not change in v2.16. The repeated Module photo is harmless."
Philips-MP20-MP90-Manual,sec_0341,199,5.5-image_section_mapping,PASS,,"img_0116 and img_0117 are on p199 under the heading 'Setting up the Pressure Measurement' (#/texts/3525), step 1. Both are mapped to sec_0341, which is the right deepest section. sec_0341 has two children but they start on p200.",
Philips-MP20-MP90-Manual,sec_0365,210,5.4-hierarchy_level,PASS,,"On p210 the heading 'Editing the Wedge' is drawn as a section heading at level 2. The tree has hierarchy_level 2, which fits the visual size and the bookmark nesting.",
Philips-MP20-MP90-Manual,sec_0365,210,5.4-parent_child,PASS,,"Parent is sec_0340 (chapter 12, level 1). Children: none. This matches the printed structure on p210, and the chapter page range contains the section range.",
Philips-MP20-MP90-Manual,sec_0365,210,5.4-page_start_end,PASS,,"The range is p209-p210. The heading #/texts/3728 and steps 1 to 6 are on p209. The paragraph #/texts/3741 at the top of p210 finishes the warning that starts on p209, so it belongs here. The procedure 'To start the Wedge procedure' at the top of p209 is not in sec_0365, which is right.",
Philips-MP20-MP90-Manual,sec_0365,210,5.4-hierarchy_path,PASS,,hierarchy_path ends in 'Editing the Wedge' and the ancestors agree with the printed chapter and section headings seen on p210.,
Philips-MP20-MP90-Manual,sec_0365,210,5.4-gaps_duplicates,PASS,,"The content of 'Editing the Wedge' on p210 appears once, in sec_0365. The previous and next sections start and end at the visible headings, so there is no gap and no overlap.",
Philips-MP20-MP90-Manual,sec_0365,210,5.4-flagged_for_review,PASS,,"sec_0365 has flagged_for_review false and verification_score 100. The heading on p210 is where the section starts, so no flag was needed.",
Philips-MP20-MP90-Manual,sec_0365,210,5.4-structural_source,PASS,,"structural_source is 'toc'. The bookmark title 'Editing the Wedge' matches the heading seen on p210, so the TOC origin is supported.",
Philips-MP20-MP90-Manual,sec_0365,210,5.6-numbering_scheme,PASS,,Printed folios are arabic (folio 197 on physical p209 and 198 on p210) and numbering_scheme is 'arabic'. The scheme is right at this boundary.,
Philips-MP20-MP90-Manual,sec_0365,210,5.6-offset_applied,PASS,,"offset_applied is 0 and the heading 'Editing the Wedge' is on physical p210, which is the declared page_start or inside the range. The printed folio is a fixed 12 pages lower, as in the neighbouring sections.",
Philips-MP20-MP90-Manual,sec_0365,210,5.5-filters_discarding,PASS,,No diagram or screenshot belongs to sec_0365 on p210. Nothing meaningful was dropped.,
Philips-MP20-MP90-Manual,sec_0365,210,5.5-filters_passing_noise,PASS,,"No image is mapped to sec_0365 on p210. No logo, rule or icon was kept as an image.",
Philips-MP20-MP90-Manual,sec_0365,210,5.5-image_section_mapping,PASS,,"On p210 the only figure is the connector drawing img_0120. It sits under the heading of sec_0366 and is mapped to sec_0366, not to sec_0365. This is correct.",
Philips-MP20-MP90-Manual,sec_0367,211,5.4-hierarchy_level,PASS,,"On p211 the heading 'Monitoring Cardiac Output' is drawn as a chapter title at level 1. The tree has hierarchy_level 1, which fits the visual size and the bookmark nesting.",
Philips-MP20-MP90-Manual,sec_0367,211,5.4-parent_child,PASS,,"Parent is none (chapter 13 root, level 1). Children: 12 children from sec_0368 to sec_0395. This matches the printed structure on p211, and the chapter page range contains the section range.",
Philips-MP20-MP90-Manual,sec_0367,211,5.4-page_start_end,PASS,,"The range is p211-p226 and covers the 12 children. On p211 the chapter heading #/texts/3748, the chapter number nodes #/texts/3746 and #/texts/3747 and the intro text #/texts/3749 to #/texts/3759 are in sec_0367. The next section starts on p212. The two '13' nodes are a duplicated chapter number, which is boilerplate inside the same page.",
Philips-MP20-MP90-Manual,sec_0367,211,5.4-hierarchy_path,PASS,,hierarchy_path ends in 'Monitoring Cardiac Output' and the ancestors agree with the printed chapter and section headings seen on p211.,
Philips-MP20-MP90-Manual,sec_0367,211,5.4-gaps_duplicates,PASS,,"The content of 'Monitoring Cardiac Output' on p211 appears once, in sec_0367. The previous and next sections start and end at the visible headings, so there is no gap and no overlap.",
Philips-MP20-MP90-Manual,sec_0367,211,5.4-flagged_for_review,PASS,,"sec_0367 has flagged_for_review false and verification_score 100. The heading on p211 is where the section starts, so no flag was needed.",
Philips-MP20-MP90-Manual,sec_0367,211,5.4-structural_source,PASS,,"structural_source is 'toc'. The bookmark title 'Monitoring Cardiac Output' matches the heading seen on p211, so the TOC origin is supported.",
Philips-MP20-MP90-Manual,sec_0367,211,5.6-numbering_scheme,PASS,,Printed folios are arabic (folio 199 on physical p211) and numbering_scheme is 'arabic'. The scheme is right at this boundary.,
Philips-MP20-MP90-Manual,sec_0367,211,5.6-offset_applied,PASS,,"offset_applied is 0 and the heading 'Monitoring Cardiac Output' is on physical p211, which is the declared page_start or inside the range. The printed folio is a fixed 12 pages lower, as in the neighbouring sections.",
Philips-MP20-MP90-Manual,sec_0367,211,5.5-filters_discarding,PASS,,No diagram or screenshot belongs to sec_0367 on p211. Nothing meaningful was dropped.,
Philips-MP20-MP90-Manual,sec_0367,211,5.5-filters_passing_noise,PASS,,"No image is mapped to sec_0367 on p211. No logo, rule or icon was kept as an image.",
Philips-MP20-MP90-Manual,sec_0367,211,5.5-image_section_mapping,PASS,,"No figure is printed under 'Monitoring Cardiac Output' on p211, and no image is mapped to sec_0367.",
Philips-MP20-MP90-Manual,sec_0395,226,5.4-hierarchy_level,PASS,,"On p226 the heading 'C.O./CCO Safety Information' is drawn as a section heading at level 2. The tree has hierarchy_level 2, which fits the visual size and the bookmark nesting.",
Philips-MP20-MP90-Manual,sec_0395,226,5.4-parent_child,PASS,,"Parent is sec_0367 (chapter 13, level 1). Children: none. This matches the printed structure on p226, and the chapter page range contains the section range.",
Philips-MP20-MP90-Manual,sec_0395,226,5.4-page_start_end,PASS,,p226 is a blank page with only a running header and the folio 214. #/texts/4048 to #/texts/4050 are boilerplate and they are inside the declared range p224-p226. The next chapter starts on p227 in sec_0396. No content crosses the boundary.,
Philips-MP20-MP90-Manual,sec_0395,226,5.4-hierarchy_path,PASS,,hierarchy_path ends in 'C.O./CCO Safety Information' and the ancestors agree with the printed chapter and section headings seen on p226.,
Philips-MP20-MP90-Manual,sec_0395,226,5.4-gaps_duplicates,PASS,,"The content of 'C.O./CCO Safety Information' on p226 appears once, in sec_0395. The previous and next sections start and end at the visible headings, so there is no gap and no overlap.",
Philips-MP20-MP90-Manual,sec_0395,226,5.4-flagged_for_review,PASS,,"sec_0395 has flagged_for_review false and verification_score 100. The heading on p226 is where the section starts, so no flag was needed.",
Philips-MP20-MP90-Manual,sec_0395,226,5.4-structural_source,PASS,,"structural_source is 'toc'. The bookmark title 'C.O./CCO Safety Information' matches the heading seen on p226, so the TOC origin is supported.",
Philips-MP20-MP90-Manual,sec_0395,226,5.6-numbering_scheme,PASS,,"Printed folios are arabic (folio 212 on p224, 213 on p225 and 214 on p226) and numbering_scheme is 'arabic'. The scheme is right at this boundary.",
Philips-MP20-MP90-Manual,sec_0395,226,5.6-offset_applied,PASS,,"offset_applied is 0 and the heading 'C.O./CCO Safety Information' is on physical p226, which is the declared page_start or inside the range. The printed folio is a fixed 12 pages lower, as in the neighbouring sections.",
Philips-MP20-MP90-Manual,sec_0395,226,5.5-filters_discarding,PASS,,No diagram or screenshot belongs to sec_0395 on p226. Nothing meaningful was dropped.,
Philips-MP20-MP90-Manual,sec_0395,226,5.5-filters_passing_noise,PASS,,"No image is mapped to sec_0395 on p226. No logo, rule or icon was kept as an image.",
Philips-MP20-MP90-Manual,sec_0395,226,5.5-image_section_mapping,PASS,,"No figure is printed under 'C.O./CCO Safety Information' on p226, and no image is mapped to sec_0395.",
Philips-MP20-MP90-Manual,sec_0396,227,5.4-hierarchy_level,PASS,,"On p227 the heading 'Monitoring Carbon Dioxide' is drawn as a chapter title at level 1. The tree has hierarchy_level 1, which fits the visual size and the bookmark nesting.",
Philips-MP20-MP90-Manual,sec_0396,227,5.4-parent_child,PASS,,"Parent is none (chapter 14 root, level 1). Children: sec_0397, sec_0402, sec_0407 and sec_0413. This matches the printed structure on p227, and the chapter page range contains the section range.",
Philips-MP20-MP90-Manual,sec_0396,227,5.4-page_start_end,PASS,,"The range is p227-p236. On p227 the chapter heading #/texts/4053, the warning, the intro text and the list (#/texts/4054 to #/texts/4067) are all in sec_0396. On p228 the text above the heading 'Measuring CO2 using M3014A or X2' (#/texts/4074 to #/texts/4080, the Max Hold text and warning) belongs to the chapter and is in sec_0396. The section heading and the content below it go to sec_0397.",
Philips-MP20-MP90-Manual,sec_0396,227,5.4-hierarchy_path,PASS,,hierarchy_path ends in 'Monitoring Carbon Dioxide' and the ancestors agree with the printed chapter and section headings seen on p227.,
Philips-MP20-MP90-Manual,sec_0396,227,5.4-gaps_duplicates,PASS,,"The content of 'Monitoring Carbon Dioxide' on p227 appears once, in sec_0396. The previous and next sections start and end at the visible headings, so there is no gap and no overlap.",
Philips-MP20-MP90-Manual,sec_0396,227,5.4-flagged_for_review,PASS,,"sec_0396 has flagged_for_review false and verification_score 100. The heading on p227 is where the section starts, so no flag was needed.",
Philips-MP20-MP90-Manual,sec_0396,227,5.4-structural_source,PASS,,"structural_source is 'toc'. The bookmark title 'Monitoring Carbon Dioxide' matches the heading seen on p227, so the TOC origin is supported.",
Philips-MP20-MP90-Manual,sec_0396,227,5.6-numbering_scheme,PASS,,Printed folios are arabic (folio 215 on physical p227) and numbering_scheme is 'arabic'. The scheme is right at this boundary.,
Philips-MP20-MP90-Manual,sec_0396,227,5.6-offset_applied,PASS,,"offset_applied is 0 and the heading 'Monitoring Carbon Dioxide' is on physical p227, which is the declared page_start or inside the range. The printed folio is a fixed 12 pages lower, as in the neighbouring sections.",
Philips-MP20-MP90-Manual,sec_0396,227,5.5-filters_discarding,PASS,,No diagram or screenshot belongs to sec_0396 on p227. Nothing meaningful was dropped.,
Philips-MP20-MP90-Manual,sec_0396,227,5.5-filters_passing_noise,PASS,,"No image is mapped to sec_0396 on p227. No logo, rule or icon was kept as an image.",
Philips-MP20-MP90-Manual,sec_0396,227,5.5-image_section_mapping,PASS,,"No figure is printed under 'Monitoring Carbon Dioxide' on p227, and no image is mapped to sec_0396.",
Philips-MP20-MP90-Manual,sec_0416,236,5.4-hierarchy_level,PASS,,"On p235 'Suppressing Sampling (not Mainstream CO2)' has the small heading style of the other level-3 headings, such as 'Adjusting the CO2 Wave Scale'. hierarchy_level 3 is right.",
Philips-MP20-MP90-Manual,sec_0416,236,5.4-parent_child,PASS,,Parent sec_0413 'Setting up all CO2 Measurements' is the level-2 heading at the top of p235 and lists sec_0416 as a child. The section has no children.,
Philips-MP20-MP90-Manual,sec_0416,236,5.4-page_start_end,PASS,,"The heading is at the bottom of p235 and its intro line and bullet are in sec_0416. On p236 the text 'Selecting Pump 15Min Off again...', 'To re-start the pump,' and the bullet 'Pump On' continue the same topic and are in sec_0416. The section stops before 'Changing CO2 Alarms'. The 'Correction' table on p235 stays in sec_0415.",
Philips-MP20-MP90-Manual,sec_0416,236,5.4-hierarchy_path,PASS,,hierarchy_path is /Monitoring Carbon Dioxide/Setting up all CO2 Measurements/Suppressing Sampling (not Mainstream CO2). It matches the heading levels on p235.,
Philips-MP20-MP90-Manual,sec_0416,236,5.4-gaps_duplicates,PASS,,"semantic_order 4271 to 4279 runs without gaps. The p235 folio '223' and the p236 running headers are in this section, but no body text is missing or repeated. The next section sec_0417 starts at 4280.",
Philips-MP20-MP90-Manual,sec_0416,236,5.4-flagged_for_review,PASS,,flagged_for_review is false. The content matches the heading.,
Philips-MP20-MP90-Manual,sec_0416,236,5.4-structural_source,PASS,,structural_source is toc and the heading is visible on p235 at the expected place.,
Philips-MP20-MP90-Manual,sec_0416,236,5.6-numbering_scheme,PASS,,"Printed folios are arabic (223 on p235, 224 on p236). numbering_scheme arabic is right.",
Philips-MP20-MP90-Manual,sec_0416,236,5.6-offset_applied,PASS,,"offset_applied is 0 and page_start 235 is the physical page that shows the heading. Printed folio 223 differs, but bookmarks already give physical pages.",
Philips-MP20-MP90-Manual,sec_0416,236,5.5-filters_discarding,PASS,,"Pages 235 and 236 have no photo or diagram in this section. The only visual items are the 'Correction' table (sec_0415) and the orange WARNING rules on p236, which are decoration. Nothing meaningful was discarded.",
Philips-MP20-MP90-Manual,sec_0416,236,5.5-filters_passing_noise,PASS,,"No image is mapped to sec_0416. No rule line, logo or divider was kept as an image.",
Philips-MP20-MP90-Manual,sec_0416,236,5.5-image_section_mapping,PASS,,"There is no image on p235-p236 inside this section, and none is mapped to it. This agrees with the rendered pages.",
Philips-MP20-MP90-Manual,sec_0421,237,5.4-hierarchy_level,PASS,,"On p237 the large title 'Monitoring Airway Flow, Volume and Pressure' sits under the big chapter number 15. It is a chapter heading, so hierarchy_level 1 is right.",
Philips-MP20-MP90-Manual,sec_0421,237,5.4-parent_child,PASS,,"The section is a root (parent_section_id is null). Its children sec_0422 to sec_0429 are the level-2 headings of chapter 15, such as 'Attaching the Flow Sensor' and 'Setting up Spirometry'.",
Philips-MP20-MP90-Manual,sec_0421,237,5.4-page_start_end,PASS,,"The section starts on p237 with the chapter number, title, intro, both numeric lists, the loops sentence and the WARNING box (nodes #/texts/4245 to #/texts/4270). The full WARNING box 'Electrical Shock Hazard' is kept here. page_end 244 covers the last child section, and the next chapter 'Monitoring tcGas' starts on p245.",
Philips-MP20-MP90-Manual,sec_0421,237,5.4-hierarchy_path,PASS,,"hierarchy_path is /Monitoring Airway Flow, Volume and Pressure. This is right for a root chapter.",
Philips-MP20-MP90-Manual,sec_0421,237,5.4-gaps_duplicates,PASS,,The chapter's own text (semantic_order 4302 to 4327) is complete on p237. The first child sec_0422 starts at 4328. The previous section sec_0420 ends on p236. No gap and no duplicate.,
Philips-MP20-MP90-Manual,sec_0421,237,5.4-flagged_for_review,PASS,,flagged_for_review is false. The content matches the chapter title.,
Philips-MP20-MP90-Manual,sec_0421,237,5.4-structural_source,PASS,,structural_source is toc and the chapter title is visible on p237.,
Philips-MP20-MP90-Manual,sec_0421,237,5.6-numbering_scheme,PASS,,"Printed folios are arabic (225 on p237, 232 on p244). numbering_scheme arabic is right.",
Philips-MP20-MP90-Manual,sec_0421,237,5.6-offset_applied,PASS,,"offset_applied is 0 and page_start 237 is the physical page with the chapter title. Printed folio 225 differs, but bookmarks already give physical pages.",
Philips-MP20-MP90-Manual,sec_0421,237,5.5-filters_discarding,PASS,,Pages 237 and 244 have no photo or diagram. The orange WARNING rules on p237 are decoration. Nothing meaningful was discarded.,
Philips-MP20-MP90-Manual,sec_0421,237,5.5-filters_passing_noise,PASS,,No image is mapped to sec_0421. The blue chapter bar on p237 was not kept as an image.,
Philips-MP20-MP90-Manual,sec_0421,237,5.5-image_section_mapping,PASS,,There is no image on p237 or p244 and none is mapped to sec_0421. This agrees with the rendered pages.,
Philips-MP20-MP90-Manual,sec_0441,245,5.4-hierarchy_level,PASS,,On p245 'Identifying tcGas Module Components' is a level-2 heading under the chapter 16 title. Its size matches other level-2 headings. hierarchy_level 2 is right.,
Philips-MP20-MP90-Manual,sec_0441,245,5.4-parent_child,PASS,,Parent sec_0440 'Monitoring tcGas' is the chapter root and lists sec_0441 as its first child. The section has no children.,
Philips-MP20-MP90-Manual,sec_0441,245,5.4-page_start_end,PASS,,"The section starts at the heading on p245 and holds the 4-item legend, the figure labels and the folio 233 (nodes #/texts/4402 to #/texts/4416). The chapter 16 intro above the heading is in sec_0440, which is right. The section ends before 'Setting the tcGas Sensor Temperature' on p246.",
Philips-MP20-MP90-Manual,sec_0441,245,5.4-hierarchy_path,PASS,,hierarchy_path is /Monitoring tcGas/Identifying tcGas Module Components. It matches p245.,
Philips-MP20-MP90-Manual,sec_0441,245,5.4-gaps_duplicates,PASS,,semantic_order 4463 to 4477 has no gap. The previous nodes 4456 to 4462 are the chapter intro in sec_0440. The next section sec_0442 starts at 4478. No text is repeated across sections.,
Philips-MP20-MP90-Manual,sec_0441,245,5.4-flagged_for_review,PASS,,flagged_for_review is false. The content matches the heading.,
Philips-MP20-MP90-Manual,sec_0441,245,5.4-structural_source,PASS,,structural_source is toc and the heading is visible on p245.,
Philips-MP20-MP90-Manual,sec_0441,245,5.6-numbering_scheme,PASS,,The printed folio is arabic (233). numbering_scheme arabic is right.,
Philips-MP20-MP90-Manual,sec_0441,245,5.6-offset_applied,PASS,,"offset_applied is 0 and page_start 245 is the physical page with the heading. Printed folio 233 differs, but bookmarks already give physical pages.",
Philips-MP20-MP90-Manual,sec_0441,245,5.5-filters_discarding,PASS,,"The vector figure of the tcGas module (img_0140, 351x326) is kept. It shows the module front with the callout lines 1 to 4, the labels 'tcGas', 'M1018A', 'O2/CO2' and 'CAL' and the small module symbol. The crop is complete.",
Philips-MP20-MP90-Manual,sec_0441,245,5.5-filters_passing_noise,PASS,,img_0140 is a real figure. No logo or rule line was kept as an image.,
Philips-MP20-MP90-Manual,sec_0441,245,5.5-image_section_mapping,PASS,,img_0140 (p245) is mapped to sec_0441. The figure sits directly under the heading and goes with the legend of that section.,
Philips-MP20-MP90-Manual,sec_0461,253,5.4-hierarchy_level,PASS,,"On p253 the title 'Monitoring Intravascular Oxygen Saturation' sits under the big chapter number 17. It is a chapter heading, so hierarchy_level 1 is right.",
Philips-MP20-MP90-Manual,sec_0461,253,5.4-parent_child,PASS,,"The section is a root (parent_section_id is null). Children sec_0462, sec_0463, sec_0470 and sec_0477 are the level-2 headings of chapter 17, such as 'Further Information for Both Modules' on p260.",
Philips-MP20-MP90-Manual,sec_0461,253,5.4-page_start_end,PASS,,"On p253 the chapter number, title, side label 'MP60/70/80/90 monitors only', intro, the two module names, the full WARNING text and the footnote are in sec_0461. The WARNING box has no closing rule on p253, so it continues on p254. The p254 lines 'Do not use probes/catheters...', 'Always select the correct label...' and the CAUTION text (#/texts/4532 to #/texts/4534) are above the heading of sec_0462, so they correctly stay here. The sampled p260 is in child sec_0477.","p254 was not rendered in the batch, so the p254 boundary is judged from bounding boxes and the open WARNING box on p253."
Philips-MP20-MP90-Manual,sec_0461,253,5.4-hierarchy_path,PASS,,hierarchy_path is /Monitoring Intravascular Oxygen Saturation. This is right for a root chapter.,
Philips-MP20-MP90-Manual,sec_0461,253,5.4-gaps_duplicates,PASS,,The chapter's own text (semantic_order 4576 to 4595) has no gap. The previous section sec_0460 ends at 4575 and the first child sec_0462 starts at 4596. No text is repeated.,
Philips-MP20-MP90-Manual,sec_0461,253,5.4-flagged_for_review,PASS,,flagged_for_review is false. The content matches the chapter title.,
Philips-MP20-MP90-Manual,sec_0461,253,5.4-structural_source,PASS,,structural_source is toc and the chapter title is visible on p253.,
Philips-MP20-MP90-Manual,sec_0461,253,5.6-numbering_scheme,PASS,,"Printed folios are arabic (241 on p253, 248 on p260). numbering_scheme arabic is right.",
Philips-MP20-MP90-Manual,sec_0461,253,5.6-offset_applied,PASS,,"offset_applied is 0 and page_start 253 is the physical page with the chapter title. Printed folio 241 differs, but bookmarks already give physical pages.",
Philips-MP20-MP90-Manual,sec_0461,253,5.5-filters_discarding,PASS,,The two module photos on p253 (M1011A and M1021A) are kept as img_0148 (128x275) and img_0149 (209x256). Both photos are complete. The captions 'M1011A' and 'M1021A' stay as text nodes. No icon was lost.,
Philips-MP20-MP90-Manual,sec_0461,253,5.5-filters_passing_noise,PASS,,"img_0148 and img_0149 are real photos. No rule line, logo or divider was kept as an image. The blue chapter bar was not kept.",
Philips-MP20-MP90-Manual,sec_0461,253,5.5-image_section_mapping,PASS,,"img_0148 and img_0149 (p253) are mapped to sec_0461. They sit under the chapter intro that describes the two modules, so the mapping is right.",
Philips-MP20-MP90-Manual,sec_0480,261,5.4-hierarchy_level,PASS,,"On p261 'Monitoring EEG' is the chapter title (number 18, large type). hierarchy_level 1 is right.",
Philips-MP20-MP90-Manual,sec_0480,261,5.4-parent_child,PASS,,sec_0480 is a top-level chapter with no parent. Its 7 children (EEG Monitoring Setup ... EEG and Electrical Interference) are the H2 headings on p262-268.,
Philips-MP20-MP90-Manual,sec_0480,261,5.4-page_start_end,PASS,,Section starts at the chapter title on p261 (#/texts/4672). It covers the intro text and the numerics list. The H2 children own pp262-268. page_end 268 is the last page before chapter 19 on p269.,
Philips-MP20-MP90-Manual,sec_0480,261,5.4-hierarchy_path,PASS,,Path is /Monitoring EEG. This matches the chapter title on p261.,
Philips-MP20-MP90-Manual,sec_0480,261,5.4-gaps_duplicates,PASS,,"The intro text and numerics list on p261 (#/texts/4673-4682) are all in sec_0480. The two chapter-number nodes '18' (#/texts/4670, 4671) are one print element, not body text. The text is not repeated in a child.",
Philips-MP20-MP90-Manual,sec_0480,261,5.4-flagged_for_review,PASS,,flagged_for_review is false. Nothing on p261 or p268 suggests a problem.,
Philips-MP20-MP90-Manual,sec_0480,261,5.4-structural_source,PASS,,structural_source toc is plausible. The chapter title is on p261 as page_start says.,
Philips-MP20-MP90-Manual,sec_0480,261,5.6-numbering_scheme,PASS,,numbering_scheme arabic. Folio 249 on p261 and 256 on p268 are digits.,
Philips-MP20-MP90-Manual,sec_0480,261,5.6-offset_applied,PASS,,"Chapter title is on physical p261. offset_applied 0 is consistent with physical page numbering. Printed folio 249 differs from physical 261, and the tree uses physical pages.",
Philips-MP20-MP90-Manual,sec_0480,261,5.5-filters_discarding,PASS,,p261 has no figure. p268 has no figure. No visual is lost.,
Philips-MP20-MP90-Manual,sec_0480,261,5.5-filters_passing_noise,PASS,,No image is kept for sec_0480. No decorative element is retained.,
Philips-MP20-MP90-Manual,sec_0480,261,5.5-image_section_mapping,PASS,,"No image is mapped to sec_0480, and none is printed on p261 or p268. This is correct.",
Philips-MP20-MP90-Manual,sec_0497,269,5.4-hierarchy_level,PASS,,On p269 'Monitoring BIS' is the chapter title (number 19). hierarchy_level 1 is right.,
Philips-MP20-MP90-Manual,sec_0497,269,5.4-parent_child,PASS,,sec_0497 is a top-level chapter with no parent. Its 9 children are the H2 headings on pp270-276.,
Philips-MP20-MP90-Manual,sec_0497,269,5.4-page_start_end,PASS,,Section starts at the chapter title on p269 (#/texts/4796). It holds the intro and the numerics list. The H2 children own pp270-276. page_end 276 is the last page of chapter 19.,
Philips-MP20-MP90-Manual,sec_0497,269,5.4-hierarchy_path,PASS,,Path is /Monitoring BIS. This matches the chapter title on p269.,
Philips-MP20-MP90-Manual,sec_0497,269,5.4-gaps_duplicates,PASS,,"All intro text and numerics on p269 (#/texts/4797-4811) are in sec_0497. The SQI and EMG lists are kept. The two chapter-number nodes '19' (#/texts/4794, 4795) are one print element.",
Philips-MP20-MP90-Manual,sec_0497,269,5.4-flagged_for_review,PASS,,flagged_for_review is false. Nothing on p269 or p276 suggests a problem.,
Philips-MP20-MP90-Manual,sec_0497,269,5.4-structural_source,PASS,,structural_source toc is plausible. The chapter title is on p269 as page_start says.,
Philips-MP20-MP90-Manual,sec_0497,269,5.6-numbering_scheme,PASS,,numbering_scheme arabic. Folios 257 and 264 are digits.,
Philips-MP20-MP90-Manual,sec_0497,269,5.6-offset_applied,PASS,,Chapter title is on physical p269. offset_applied 0 is consistent with physical page numbering. Printed folio 257 differs from physical 269.,
Philips-MP20-MP90-Manual,sec_0497,269,5.5-filters_discarding,PASS,,p269 has no figure. p276 is a blank page with only a header bar and folio 264. No visual is lost.,
Philips-MP20-MP90-Manual,sec_0497,269,5.5-filters_passing_noise,PASS,,No image is kept for sec_0497. p276 shows only the running header bar and folio.,
Philips-MP20-MP90-Manual,sec_0497,269,5.5-image_section_mapping,PASS,,"No image is mapped to sec_0497, and none is printed on p269 or p276. This is correct.",
Philips-MP20-MP90-Manual,sec_0515,277,5.4-hierarchy_level,PASS,,"On p277 'Indirect Connection - Manual Pairing' is an H3, smaller than the H2 'How Can You Combine Devices?'. Same size as 'Direct Connection - Automatic Pairing' on p278. hierarchy_level 3 is right.",
Philips-MP20-MP90-Manual,sec_0515,277,5.4-parent_child,PASS,,"Parent sec_0514 is the H2 'How Can You Combine Devices?'. Child sec_0516 'Telemetry Data Window' is printed in a smaller type (H4) on p278, so it is a child. This is correct.",
Philips-MP20-MP90-Manual,sec_0515,277,5.4-page_start_end,PASS,,"The section starts at its heading on p277 and has the text, steps 1-3 and the folio. On p278 it has the running header and the paragraph 'Pairing at the monitor is only possible...' (#/texts/4984). Then sec_0516 starts. page_end 278 is right.","Lead change: FAIL Medium to PASS, to keep the approved v2.15 placement. The stray 'WARNING' label #/texts/4983 is graded once, on the 5.4-gaps_duplicates row (approved Medium in v2.15). sec_0515 did not change in v2.16."
Philips-MP20-MP90-Manual,sec_0515,277,5.4-hierarchy_path,PASS,,Path is /Assigning Two Devices to One Patient/How Can You Combine Devices?/Indirect Connection - Manual Pairing. This matches the headings on p277.,
Philips-MP20-MP90-Manual,sec_0515,277,5.4-gaps_duplicates,FAIL,Medium,"Node #/texts/4983 is a lone 'WARNING' label in sec_0515 (p278). The real warning box is lower on p278, and its text with the word WARNING is in the next sections. So the label is a duplicate in the wrong section.","Lead change: PASS to FAIL Medium, the same grade and row as the approved v2.15 decision (lone label whose box is kept elsewhere = Medium, decision 6f). Still present in v2.16: BUG-023 did not move this node. Probably BUG-023."
Philips-MP20-MP90-Manual,sec_0515,277,5.4-flagged_for_review,PASS,,flagged_for_review is false. The heading is clear on p277.,
Philips-MP20-MP90-Manual,sec_0515,277,5.4-structural_source,PASS,,structural_source toc is plausible. The heading is printed on p277.,
Philips-MP20-MP90-Manual,sec_0515,277,5.6-numbering_scheme,PASS,,numbering_scheme arabic. Folios 265 and 266 are digits.,
Philips-MP20-MP90-Manual,sec_0515,277,5.6-offset_applied,PASS,,Heading is on physical p277 as page_start says. offset_applied 0 is consistent with physical page numbering.,
Philips-MP20-MP90-Manual,sec_0515,277,5.5-filters_discarding,PASS,,p277 has no figure. The telemetry window screenshot on p278 is extracted as img_0160. No visual is lost.,
Philips-MP20-MP90-Manual,sec_0515,277,5.5-filters_passing_noise,PASS,,"No image is kept for sec_0515 itself. img_0160 is a real screenshot, not decoration.",
Philips-MP20-MP90-Manual,sec_0515,277,5.5-image_section_mapping,PASS,,"The screenshot on p278 (img_0160) is under the heading 'Telemetry Data Window'. It is mapped to sec_0516, which owns it. sec_0515 has no figure. This is correct.",
Philips-MP20-MP90-Manual,sec_0531,283,5.4-hierarchy_level,PASS,,On p283 'Trends Pop-Up Keys' is an H3 under the H2 'Viewing Trends'. hierarchy_level 3 is right.,
Philips-MP20-MP90-Manual,sec_0531,283,5.4-parent_child,PASS,,Parent sec_0530 is 'Viewing Trends'. sec_0531 has no children. This is correct.,
Philips-MP20-MP90-Manual,sec_0531,283,5.4-page_start_end,PASS,,"Section starts at heading #/texts/5112 on p283, at the bottom. It keeps the intro sentence (#/texts/5113). On p284 it keeps table #/tables/98, which is the pop-up keys table. It ends before the H3 'Viewing Graphic Trends'. page_end 284 is right.",
Philips-MP20-MP90-Manual,sec_0531,283,5.4-hierarchy_path,PASS,,Path is /Trends/Viewing Trends/Trends Pop-Up Keys. This matches the headings.,
Philips-MP20-MP90-Manual,sec_0531,283,5.4-gaps_duplicates,PASS,,"The intro, the table and nothing else are in sec_0531. The text above the heading on p283 is in sec_0530. The graphic trends screenshot on p284 is in sec_0532.",
Philips-MP20-MP90-Manual,sec_0531,283,5.4-flagged_for_review,PASS,,flagged_for_review is false. The heading and table are clear.,
Philips-MP20-MP90-Manual,sec_0531,283,5.4-structural_source,PASS,,structural_source toc is plausible. The heading is printed on p283.,
Philips-MP20-MP90-Manual,sec_0531,283,5.6-numbering_scheme,PASS,,numbering_scheme arabic. Folios 271 and 272 are digits.,
Philips-MP20-MP90-Manual,sec_0531,283,5.6-offset_applied,PASS,,Heading is on physical p283 as page_start says. offset_applied 0 is consistent with physical page numbering.,
Philips-MP20-MP90-Manual,sec_0531,283,5.6-table_content,PASS,,"Table #/tables/98 on p284 has 11 rows. All text cells match the render (Select Group, Select Interval, Print/ Record, Print, Vital Signs, Graph Trend and their text). The first column of 4 rows holds button icons, and those cells are empty in the text. The icons are graded under 5.5-filters_discarding.",
Philips-MP20-MP90-Manual,sec_0531,283,5.5-filters_discarding,FAIL,Low,"On p284 four table rows (rows 6-9) have arrow-button icons in the first column. None is extracted. The row text describes the action, so the meaning is kept. Icons on p283 (img_0161-0163) are extracted.","Probably BUG-017/BUG-020 (small image filters). Impact: the key icons are missing, but the text keeps the meaning."
Philips-MP20-MP90-Manual,sec_0531,283,5.5-filters_passing_noise,PASS,,No image is kept for sec_0531. No decorative element is retained.,
Philips-MP20-MP90-Manual,sec_0531,283,5.5-image_section_mapping,PASS,,"The three SmartKey icons on p283 (img_0161-0163) are in the 'Viewing Trends' intro, above this heading. They are mapped to sec_0530, which owns them. sec_0531 has no extracted image. This is correct.",
Philips-MP20-MP90-Manual,sec_0560,294,5.4-hierarchy_level,PASS,,On p294 'Setting the Horizon' (#/texts/5351) is a small bold heading like the next two headings. hierarchy_level 4 fits.,
Philips-MP20-MP90-Manual,sec_0560,294,5.4-parent_child,PASS,,Parent sec_0556 'Changing the Screen Trend View' is correct. The next headings on p294 are siblings at the same level.,
Philips-MP20-MP90-Manual,sec_0560,294,5.4-page_start_end,PASS,,On p294 the heading (#/texts/5351) starts the section. The intro and steps 1-2 with the five dash items (#/texts/5352-5359) are in sec_0560. The next heading 'Setting the Horizon Trend Scale' is in sec_0561. page_start and page_end 294 are right.,The p294 running header nodes #/texts/5349-5350 are boilerplate on the same page.
Philips-MP20-MP90-Manual,sec_0560,294,5.4-hierarchy_path,PASS,,Path /Trends/Screen Trends/Changing the Screen Trend View/Setting the Horizon is consistent with the header 'Screen Trends' and the heading size.,
Philips-MP20-MP90-Manual,sec_0560,294,5.4-gaps_duplicates,PASS,,All text under the heading is in #/texts/5352-5359. Nothing is missing or repeated.,
Philips-MP20-MP90-Manual,sec_0560,294,5.4-flagged_for_review,PASS,,"flagged_for_review is false and verification_score is 100 for sec_0560. The heading is on the expected page 294, so no flag is needed.",
Philips-MP20-MP90-Manual,sec_0560,294,5.4-structural_source,PASS,,"structural_source is 'toc'. The heading is on physical page 294 as the bookmark says, so the source is supported.",
Philips-MP20-MP90-Manual,sec_0560,294,5.6-numbering_scheme,PASS,,The printed folios are arabic numbers and the section says numbering_scheme arabic. This is right.,
Philips-MP20-MP90-Manual,sec_0560,294,5.6-offset_applied,PASS,,offset_applied is 0 and the heading is found on its physical page 294. The page_start is correct.,
Philips-MP20-MP90-Manual,sec_0560,294,5.5-filters_discarding,PASS,,"No figure or icon is visible on p294, so nothing was discarded.",
Philips-MP20-MP90-Manual,sec_0560,294,5.5-filters_passing_noise,PASS,,No image is mapped to sec_0560. No noise is kept.,
Philips-MP20-MP90-Manual,sec_0560,294,5.5-image_section_mapping,PASS,,p294 has no figure or icon. Absence of images is correct.,
Philips-MP20-MP90-Manual,sec_0564,295,5.4-hierarchy_level,PASS,,"On p295 'Viewing Calculations' (#/texts/5379) is a large bold heading, the same size as 'Reviewing Calculations' on p297. hierarchy_level 2 under chapter 22 fits.",
Philips-MP20-MP90-Manual,sec_0564,295,5.4-parent_child,PASS,,Parent sec_0563 'Calculations' is the chapter. Children sec_0565 and sec_0566 are the sub-headings on p296-297. This matches the printed structure.,
Philips-MP20-MP90-Manual,sec_0564,295,5.4-page_start_end,PASS,,"On p295 the heading (#/texts/5379), the two diamond bullets (#/texts/5380-5381) and the folio 283 (#/texts/5382) are in sec_0564. The chapter intro and the chapter table above the heading belong to sec_0563. page_end 297 covers the child sec_0566 pop-up keys table at the top of p297, before 'Reviewing Calculations'. Boundaries are right.",
Philips-MP20-MP90-Manual,sec_0564,295,5.4-hierarchy_path,PASS,,Path /Calculations/Viewing Calculations is correct for p295.,
Philips-MP20-MP90-Manual,sec_0564,295,5.4-gaps_duplicates,PASS,,The heading and both bullets are in sec_0564. The chapter intro text and the table of calculations are not absorbed. Nothing is missing.,
Philips-MP20-MP90-Manual,sec_0564,295,5.4-flagged_for_review,PASS,,"flagged_for_review is false and verification_score is 100 for sec_0564. The heading is on the expected page 295, so no flag is needed.",
Philips-MP20-MP90-Manual,sec_0564,295,5.4-structural_source,PASS,,"structural_source is 'toc'. The heading is on physical page 295 as the bookmark says, so the source is supported.",
Philips-MP20-MP90-Manual,sec_0564,295,5.6-numbering_scheme,PASS,,The printed folios are arabic numbers and the section says numbering_scheme arabic. This is right.,
Philips-MP20-MP90-Manual,sec_0564,295,5.6-offset_applied,PASS,,offset_applied is 0 and the heading is found on its physical page 295. The page_start is correct.,
Philips-MP20-MP90-Manual,sec_0564,295,5.5-filters_discarding,PASS,,The SmartKey icon beside the bullet is kept as img_0172. Nothing meaningful is lost on p295 for this section.,
Philips-MP20-MP90-Manual,sec_0564,295,5.5-filters_passing_noise,PASS,,img_0172 is the real Calculations SmartKey icon shown next to the bullet. It is not decoration.,
Philips-MP20-MP90-Manual,sec_0564,295,5.5-image_section_mapping,PASS,,The grey SmartKey icon next to the bullets on p295 is extracted as img_0172 (77x46) and mapped to sec_0564. This is the right section.,
Philips-MP20-MP90-Manual,sec_0583,303,5.4-hierarchy_level,PASS,,On p303 'Levels of Event Surveillance' (#/texts/5548) is a large bold heading under chapter 24. hierarchy_level 2 fits.,
Philips-MP20-MP90-Manual,sec_0583,303,5.4-parent_child,PASS,,Parent sec_0582 'Event Surveillance' is the chapter. 'Event Groups' (sec_0584) on p304 is a sibling.,
Philips-MP20-MP90-Manual,sec_0583,303,5.4-page_start_end,PASS,,"On p303 the heading (#/texts/5548), the intro, three bullets and folio 291 are in sec_0583. On p304 the table #/tables/103 sits above the heading 'Event Groups'. The intro says 'This table lists the differences', so the table belongs here. page_end 304 is right.",The p304 running header nodes #/texts/5555-5556 are boilerplate inside the page range.
Philips-MP20-MP90-Manual,sec_0583,303,5.4-hierarchy_path,PASS,,Path /Event Surveillance/Levels of Event Surveillance matches the p303 heading and the chapter 24 title.,
Philips-MP20-MP90-Manual,sec_0583,303,5.4-gaps_duplicates,PASS,,"Heading, intro, bullets and the differences table are all in sec_0583. The 'Event Groups' text is in sec_0584. Nothing is missing or repeated.",
Philips-MP20-MP90-Manual,sec_0583,303,5.4-flagged_for_review,PASS,,"flagged_for_review is false and verification_score is 100 for sec_0583. The heading is on the expected page 303, so no flag is needed.",
Philips-MP20-MP90-Manual,sec_0583,303,5.4-structural_source,PASS,,"structural_source is 'toc'. The heading is on physical page 303 as the bookmark says, so the source is supported.",
Philips-MP20-MP90-Manual,sec_0583,303,5.6-numbering_scheme,PASS,,The printed folios are arabic numbers and the section says numbering_scheme arabic. This is right.,
Philips-MP20-MP90-Manual,sec_0583,303,5.6-offset_applied,PASS,,offset_applied is 0 and the heading is found on its physical page 303. The page_start is correct.,
Philips-MP20-MP90-Manual,sec_0583,303,5.6-table_content,FAIL,Medium,On p304 table #/tables/103 has shifted cells. Row labels are in the wrong columns: 'Event groups 6 (one group NER)' and 'Measurements per group 4' are mixed with values. The row 'Measurements per group' should read 3 / 4 / 3 (plus 1 for episode recording). The extract shows '3 | 3 (plus 1 for episode recording) | Measurements per group 4'. The rows 'Event views' and 'Database capability' also mix values from the Advanced and NER columns. A value can no longer be tied to its option.,"Probably BUG-008 (table cells merged or shifted). The words are present, but the column of each value is lost."
Philips-MP20-MP90-Manual,sec_0583,303,5.5-filters_discarding,PASS,,No figure or icon is lost on p303 or p304.,
Philips-MP20-MP90-Manual,sec_0583,303,5.5-filters_passing_noise,PASS,,No image is mapped to sec_0583. No noise is kept.,
Philips-MP20-MP90-Manual,sec_0583,303,5.5-image_section_mapping,PASS,,p303 and p304 have no figure for this section. The differences table is not an image.,
Philips-MP20-MP90-Manual,sec_0599,312,5.4-hierarchy_level,PASS,,"On p312 'Event Summary Window' (#/texts/5715) is a mid-size bold heading, smaller than the big chapter sub-headings. It matches 'Event Episode Window' on p313. hierarchy_level 3 fits.",
Philips-MP20-MP90-Manual,sec_0599,312,5.4-parent_child,PASS,,Parent sec_0595 'Viewing Events' is correct. 'Event Review Window' (sec_0600) below it on p312 is a sibling.,
Philips-MP20-MP90-Manual,sec_0599,312,5.4-page_start_end,PASS,,"On p312 the heading (#/texts/5715), the intro, the symbol table cells, the group names and the two paragraphs (#/texts/5743-5744) are in sec_0599. The heading 'Event Review Window' and its text are in sec_0600. page_start and page_end 312 are right.",The running header nodes #/texts/5713-5714 are boilerplate on the same page.
Philips-MP20-MP90-Manual,sec_0599,312,5.4-hierarchy_path,PASS,,Path /Event Surveillance/Viewing Events/Event Summary Window matches the p312 headers and heading size.,
Philips-MP20-MP90-Manual,sec_0599,312,5.4-gaps_duplicates,PASS,,"All words of the symbol table and the screenshot group names (Standard, Neuro, Hemo, Ventil., Arrhy/ST, NER, Total) are in sec_0599 as text nodes. Nothing is missing or repeated in a neighbour.",
Philips-MP20-MP90-Manual,sec_0599,312,5.4-flagged_for_review,PASS,,"flagged_for_review is false and verification_score is 100 for sec_0599. The heading is on the expected page 312, so no flag is needed.",
Philips-MP20-MP90-Manual,sec_0599,312,5.4-structural_source,PASS,,"structural_source is 'toc'. The heading is on physical page 312 as the bookmark says, so the source is supported.",
Philips-MP20-MP90-Manual,sec_0599,312,5.6-numbering_scheme,PASS,,The printed folios are arabic numbers and the section says numbering_scheme arabic. This is right.,
Philips-MP20-MP90-Manual,sec_0599,312,5.6-offset_applied,PASS,,offset_applied is 0 and the heading is found on its physical page 312. The page_start is correct.,
Philips-MP20-MP90-Manual,sec_0599,312,5.5-filters_discarding,FAIL,Medium,"On p312 the 'symbol / meaning' table has five status symbols (alarm triangles, speaker, arrow). None is extracted as an image. Only the meaning text survives, so the link between each symbol and its meaning is lost. The window screenshot img_0182 is kept.","Lead change: Low to Medium, the same grade as the approved v2.15 row (the symbol column is unique information). The images on p312 did not change in v2.16. Old problem (BUG-017): still present; the Phase 0 filter did not recover these icons."
Philips-MP20-MP90-Manual,sec_0599,312,5.5-filters_passing_noise,PASS,,img_0182 shows only the screenshot content. No decoration is kept as an image.,
Philips-MP20-MP90-Manual,sec_0599,312,5.5-image_section_mapping,PASS,,The Event Summary screenshot is extracted as img_0182 (575x272) and mapped to sec_0599. It is the right section.,
Philips-MP20-MP90-Manual,sec_0612,320,5.4-hierarchy_level,PASS,,"On p319 ""Event Summary Reports"" has the same bold heading style as ""Event Episode Reports"". hierarchy_level 4 is right.",
Philips-MP20-MP90-Manual,sec_0612,320,5.4-parent_child,PASS,,"Parent sec_0609 ""Event Reports"" and sibling sec_0611 ""Event Episode Reports"" are on the same page. sec_0612 has no children.",
Philips-MP20-MP90-Manual,sec_0612,320,5.4-page_start_end,PASS,,"sec_0612 has the heading 5919, one paragraph 5920 and folio 307 on p319. p320 is a blank page that holds only the running header. The next chapter starts on p321 in sec_0613. No neighbour content is absorbed.",
Philips-MP20-MP90-Manual,sec_0612,320,5.4-hierarchy_path,PASS,,"hierarchy_path ""/Event Surveillance/Documenting Events/Event Reports/Event Summary Reports"" lists the chapter and parents in the right order.",
Philips-MP20-MP90-Manual,sec_0612,320,5.4-gaps_duplicates,PASS,,"The text under ""Event Summary Reports"" is all here. The episode report text and image are in sec_0611. No repeat or gap.",
Philips-MP20-MP90-Manual,sec_0612,320,5.4-flagged_for_review,PASS,,flagged_for_review is false and verification_score is 100. Nothing in the page suggests doubt.,
Philips-MP20-MP90-Manual,sec_0612,320,5.4-structural_source,PASS,,"structural_source is ""toc"". The heading is on the page that the bookmark points to.",
Philips-MP20-MP90-Manual,sec_0612,320,5.6-numbering_scheme,PASS,,"Printed folio 307 uses arabic numbers. numbering_scheme ""arabic"" is right.",
Philips-MP20-MP90-Manual,sec_0612,320,5.6-offset_applied,PASS,,"offset_applied is 0. The heading is on physical p319 where the bookmark points, so the mapping is right.",
Philips-MP20-MP90-Manual,sec_0612,320,5.6-table_content,FAIL,Low,"On p320 node 108 is a table with one row: ""24 Event Surveillance | Documenting Events"". This is the blue running header bar. The page has no real table.",Probably BUG-021 (header bar read as table). No text is missing. Only a false table is added.
Philips-MP20-MP90-Manual,sec_0612,320,5.5-filters_discarding,PASS,,img_0188 holds the whole summary report (group bars and event list). The page has no other figure that was dropped.,
Philips-MP20-MP90-Manual,sec_0612,320,5.5-filters_passing_noise,PASS,,img_0188 is a real report picture. No decorative image is kept for sec_0612. p320 has no images.,
Philips-MP20-MP90-Manual,sec_0612,320,5.5-image_section_mapping,PASS,,"img_0188 (p319) is mapped to sec_0612 and is the report under ""Event Summary Reports"". img_0189 is the episode report under the earlier heading and is mapped to sec_0611. Both are right.",
Philips-MP20-MP90-Manual,sec_0614,321,5.4-hierarchy_level,PASS,,"On p321 ""SSC Sepsis Protocol"" is a large heading under the chapter title ""ProtocolWatch"". hierarchy_level 2 is right.",
Philips-MP20-MP90-Manual,sec_0614,321,5.4-parent_child,PASS,,"Parent sec_0613 is the chapter ""ProtocolWatch"". The eight children (sec_0615 to sec_0633) are the sub-headings that follow in the PDF.",
Philips-MP20-MP90-Manual,sec_0614,321,5.4-page_start_end,PASS,,"sec_0614 starts at heading 5931 on p321. Its intro text runs to p322 (nodes 5940-5960) and stops before the heading ""Orientation On The Screen"", which is sec_0615. The numeric page_end 332 comes from the last child. p332 is blank.",
Philips-MP20-MP90-Manual,sec_0614,321,5.4-hierarchy_path,PASS,,"hierarchy_path ""/ProtocolWatch/SSC Sepsis Protocol"" lists the chapter and parents in the right order.",
Philips-MP20-MP90-Manual,sec_0614,321,5.4-gaps_duplicates,PASS,,"The three-phase intro, the WARNING box (5942 and 5945) and the ""ProtocolWatch-SSC Sepsis"" screen text (5948-5960) are all kept in sec_0614. None is in sec_0615.",
Philips-MP20-MP90-Manual,sec_0614,321,5.4-flagged_for_review,PASS,,flagged_for_review is false and verification_score is 100. Nothing in the page suggests doubt.,
Philips-MP20-MP90-Manual,sec_0614,321,5.4-structural_source,PASS,,"structural_source is ""toc"". The heading is on the page that the bookmark points to.",
Philips-MP20-MP90-Manual,sec_0614,321,5.6-numbering_scheme,PASS,,"Printed folio 309 uses arabic numbers. numbering_scheme ""arabic"" is right.",
Philips-MP20-MP90-Manual,sec_0614,321,5.6-offset_applied,PASS,,"offset_applied is 0. The heading is on physical p321 where the bookmark points, so the mapping is right.",
Philips-MP20-MP90-Manual,sec_0614,321,5.5-filters_discarding,PASS,,p321 has no figure. The screenshot on p322 is extracted as img_0190. No visual is lost.,
Philips-MP20-MP90-Manual,sec_0614,321,5.5-filters_passing_noise,PASS,,p321 has no image. The blue bar under the chapter title is not kept as an image.,
Philips-MP20-MP90-Manual,sec_0614,321,5.5-image_section_mapping,PASS,,"p321 has no figure and none is mapped. img_0190 (p322) is the ""ProtocolWatch-SSC Sepsis"" screen and sits in the intro of sec_0614. It is mapped to sec_0614. This is right.",
Philips-MP20-MP90-Manual,sec_0633,332,5.4-hierarchy_level,PASS,,"On p331 ""Always Discharge Patients"" is a large heading like its siblings ""Viewing And Printing The Protocol Log"". hierarchy_level 3 is right.",
Philips-MP20-MP90-Manual,sec_0633,332,5.4-parent_child,PASS,,"Parent sec_0614 ""SSC Sepsis Protocol"" and the previous sibling sec_0632 are correct. sec_0633 is the last child and has no children.",
Philips-MP20-MP90-Manual,sec_0633,332,5.4-page_start_end,PASS,,"sec_0633 has heading 6313, two paragraphs and folio 319 on p331. On p332 only the running header (6317, 6318) and folio 320 remain. p332 is blank. Its text is boilerplate that belongs to the same page range. No neighbour content is absorbed.",
Philips-MP20-MP90-Manual,sec_0633,332,5.4-hierarchy_path,PASS,,"hierarchy_path ""/ProtocolWatch/SSC Sepsis Protocol/Always Discharge Patients"" lists the chapter and parents in the right order.",
Philips-MP20-MP90-Manual,sec_0633,332,5.4-gaps_duplicates,PASS,,"Both paragraphs under ""Always Discharge Patients"" are in sec_0633. The log text above it is in sec_0632. No repeat or gap.",
Philips-MP20-MP90-Manual,sec_0633,332,5.4-flagged_for_review,PASS,,flagged_for_review is false and verification_score is 100. Nothing in the page suggests doubt.,
Philips-MP20-MP90-Manual,sec_0633,332,5.4-structural_source,PASS,,"structural_source is ""toc"". The heading is on the page that the bookmark points to.",
Philips-MP20-MP90-Manual,sec_0633,332,5.6-numbering_scheme,PASS,,"Printed folio 319 uses arabic numbers. numbering_scheme ""arabic"" is right.",
Philips-MP20-MP90-Manual,sec_0633,332,5.6-offset_applied,PASS,,"offset_applied is 0. The heading is on physical p331 where the bookmark points, so the mapping is right.",
Philips-MP20-MP90-Manual,sec_0633,332,5.5-filters_discarding,PASS,,"p332 is blank apart from the header bar. No figure exists, none is lost.",
Philips-MP20-MP90-Manual,sec_0633,332,5.5-filters_passing_noise,PASS,,p332 has no image kept. The header bar is not an image.,
Philips-MP20-MP90-Manual,sec_0633,332,5.5-image_section_mapping,PASS,,No image is mapped to sec_0633 and none is expected on p331 or p332.,
Philips-MP20-MP90-Manual,sec_0634,333,5.4-hierarchy_level,PASS,,"p333 shows a chapter opener: big ""26"" and the title ""Recording"". hierarchy_level 1 is right.",
Philips-MP20-MP90-Manual,sec_0634,333,5.4-parent_child,PASS,,"sec_0634 is a root section (no parent). Its children start with sec_0635 ""Starting and Stopping Recordings"" on p334. This is right.",
Philips-MP20-MP90-Manual,sec_0634,333,5.4-page_start_end,PASS,,"On p333 the heading 6323, the intro 6324, the recorder label text (6325-6333) and folio 321 are in sec_0634. Nodes also continue on p334 (6337-6340, 6350). Page 334 was not rendered, so that part is only checked by the node text. The numeric page_end 342 comes from the last child.",Confidence is lower because p334 was not rendered.
Philips-MP20-MP90-Manual,sec_0634,333,5.4-hierarchy_path,PASS,,"hierarchy_path ""/Recording"" lists the chapter and parents in the right order.",
Philips-MP20-MP90-Manual,sec_0634,333,5.4-gaps_duplicates,PASS,,"The p333 text and callouts are all kept once. The chapter 25 text on p331 is in sec_0633. Two ""26"" nodes (6320, 6322) are both chapter number text. No overlap.",
Philips-MP20-MP90-Manual,sec_0634,333,5.4-flagged_for_review,PASS,,flagged_for_review is false and verification_score is 100. Nothing in the page suggests doubt.,
Philips-MP20-MP90-Manual,sec_0634,333,5.4-structural_source,PASS,,"structural_source is ""toc"". The heading is on the page that the bookmark points to.",
Philips-MP20-MP90-Manual,sec_0634,333,5.6-numbering_scheme,PASS,,"Printed folio 321 uses arabic numbers. numbering_scheme ""arabic"" is right.",
Philips-MP20-MP90-Manual,sec_0634,333,5.6-offset_applied,PASS,,"offset_applied is 0. The heading is on physical p333 where the bookmark points, so the mapping is right.",
Philips-MP20-MP90-Manual,sec_0634,333,5.5-filters_discarding,FAIL,Medium,"The crop img_0212 on p333 cuts the callout text on the right edge. It shows ""Flashes if a continuous reco"" and ""Starts a delayed recording o"". The photo and arrows are complete. The full words are kept in text nodes 6326-6333.","Probably BUG-010 (figure crop too narrow). Graded Medium (figure cut). verify_claims says Critical because the 128x173 px photo is not in images_v1.json as its own raster. The photo is inside the img_0212 crop (726x502), so it is not lost."
Philips-MP20-MP90-Manual,sec_0634,333,5.5-filters_passing_noise,PASS,,img_0212 is the recorder photo with arrows. img_0213 (p334) is the MP20 recorder photo. Both are real content. No rule or logo is kept as an image.,
Philips-MP20-MP90-Manual,sec_0634,333,5.5-image_section_mapping,PASS,,"img_0212 (p333) is the M1116B recorder under the intro of ""Recording"" and is mapped to sec_0634. img_0213 (p334) belongs to the ""MP20/MP30 Integrated Recorder"" caption node 6339 in sec_0634. Mapping is right.",Confidence is lower because p334 was not rendered.
Philips-MP20-MP90-Manual,sec_0650,342,5.4-hierarchy_level,PASS,,"hierarchy_level 2 fits the large heading 'Recorder Status Messages' on p341, below chapter 26 Recording.",
Philips-MP20-MP90-Manual,sec_0650,342,5.4-parent_child,PASS,,sec_0650 is level 2 under sec_0634 (Recording) and has no children. On p341 the heading 'Recorder Status Messages' is a main section heading inside chapter 26 Recording.,
Philips-MP20-MP90-Manual,sec_0650,342,5.4-page_start_end,PASS,,p341 has the heading #/texts/6479 and table #/tables/114. p342 is blank except the running header and folio 330 (#/texts/6481-6483). The next heading is on p343 in sec_0651. Nothing from another section is absorbed.,
Philips-MP20-MP90-Manual,sec_0650,342,5.4-hierarchy_path,PASS,,hierarchy_path /Recording/Recorder Status Messages matches the chapter 26 Recording running header on p341 and the heading.,
Philips-MP20-MP90-Manual,sec_0650,342,5.4-gaps_duplicates,PASS,,The section appears once. Its nodes (orders 6562-6569) join sec_0649 (ends 6561) and sec_0651 (starts 6570) with no gap or overlap. Table #/tables/114 is printed under this heading and is only here.,
Philips-MP20-MP90-Manual,sec_0650,342,5.4-flagged_for_review,PASS,,sec_0650 has flagged_for_review false and the page shows no sign of a doubtful title or boundary.,
Philips-MP20-MP90-Manual,sec_0650,342,5.4-structural_source,PASS,,"sec_0650 has structural_source toc. The title and page match the rendered page, so the bookmark source is supported.",
Philips-MP20-MP90-Manual,sec_0650,342,5.6-numbering_scheme,PASS,,sec_0650 uses the arabic scheme. Printed folio 329 is on physical p341 and 330 on p342. Arabic is correct.,
Philips-MP20-MP90-Manual,sec_0650,342,5.6-offset_applied,PASS,,"sec_0650 has offset_applied 0, the same as its neighbours. page_start is the physical page and Printed folio 329 is on physical p341 and 330 on p342.","Folios differ from physical pages by a constant, and the tree uses physical pages."
Philips-MP20-MP90-Manual,sec_0650,342,5.6-table_content,PASS,,"#/tables/114 has a header row and 6 message rows. Each message and its explanation match the rendered table on p341, including the long 'No <recorder name> alarm recording available' row and the M1116A/M1116B text.",
Philips-MP20-MP90-Manual,sec_0650,342,5.5-filters_discarding,PASS,,"p341 and p342 have no figure, screenshot or icon. Only a table and the blue header bar are drawn. Nothing meaningful was discarded.",
Philips-MP20-MP90-Manual,sec_0650,342,5.5-filters_passing_noise,PASS,,"No image is mapped to sec_0650 in images.json, so no decorative image passed the filter. The blue header bar is not kept as an image.",
Philips-MP20-MP90-Manual,sec_0650,342,5.5-image_section_mapping,PASS,,"No image is mapped to sec_0650. Pages 341-342 show no visual to map, so none is missing.",
Philips-MP20-MP90-Manual,sec_0652,343,5.4-hierarchy_level,PASS,,hierarchy_level 2 fits the heading 'Starting Report Printouts' on p343. It is smaller than the chapter 27 title and larger than a subsection.,
Philips-MP20-MP90-Manual,sec_0652,343,5.4-parent_child,PASS,,sec_0652 is level 2 under sec_0651 (Printing Patient Reports) and has no children. On p343 'Starting Report Printouts' sits below the chapter 27 title.,
Philips-MP20-MP90-Manual,sec_0652,343,5.4-page_start_end,PASS,,"p343 has the heading #/texts/6487 and all body paragraphs and steps down to 'When an X2 or MP5...'. The p344 table #/tables/115 is printed before the heading 'Stopping Reports Printouts', so it belongs here. The 'Stopping' heading is in sec_0653. The chapter title and '27' are in sec_0651.",
Philips-MP20-MP90-Manual,sec_0652,343,5.4-hierarchy_path,PASS,,hierarchy_path /Printing Patient Reports/Starting Report Printouts matches chapter 27 title and the section heading on p343.,
Philips-MP20-MP90-Manual,sec_0652,343,5.4-gaps_duplicates,PASS,,Nodes (orders 6573-6588) follow sec_0651 (ends 6572) and precede sec_0653 (starts 6589). No gap and no overlap. Table #/tables/115 appears once.,
Philips-MP20-MP90-Manual,sec_0652,343,5.4-flagged_for_review,PASS,,sec_0652 has flagged_for_review false and the page shows no sign of a doubtful title or boundary.,
Philips-MP20-MP90-Manual,sec_0652,343,5.4-structural_source,PASS,,"sec_0652 has structural_source toc. The title and page match the rendered page, so the bookmark source is supported.",
Philips-MP20-MP90-Manual,sec_0652,343,5.6-numbering_scheme,PASS,,sec_0652 uses the arabic scheme. Printed folio 331 is on physical p343 and 332 on p344. Arabic is correct.,
Philips-MP20-MP90-Manual,sec_0652,343,5.6-offset_applied,PASS,,"sec_0652 has offset_applied 0, the same as its neighbours. page_start is the physical page and Printed folio 331 is on physical p343 and 332 on p344.","Folios differ from physical pages by a constant, and the tree uses physical pages."
Philips-MP20-MP90-Manual,sec_0652,343,5.6-table_content,FAIL,Low,In #/tables/115 (p344) the 3 columns and the rows are in the right order. Two cells are merged: 'Event Episode with up to 5 episodes' and 'Graphic or tabular Event Review' are one text in the Events Reports row. The 'Graphic Trends Report' contents cell is empty.,"Lead change: PASS to FAIL Low, the same grade as the approved v2.15 row. The table text is identical in v2.16. Old problem (BUG-008). Merged cells only; values and order are kept."
Philips-MP20-MP90-Manual,sec_0652,343,5.5-filters_discarding,PASS,,p343 and p344 show no figure or icon. Only text and one table. Nothing meaningful was discarded.,
Philips-MP20-MP90-Manual,sec_0652,343,5.5-filters_passing_noise,PASS,,No image is mapped to sec_0652. The blue chapter bar on p343 is not kept as an image.,
Philips-MP20-MP90-Manual,sec_0652,343,5.5-image_section_mapping,PASS,,"No image is mapped to sec_0652 and none is visible on p343-p344, so none is missing.",
Philips-MP20-MP90-Manual,sec_0671,354,5.4-hierarchy_level,PASS,,hierarchy_level 3 fits 'ECG Reports' on p354. It has the same size as its sibling 'Other Reports' on the same page.,
Philips-MP20-MP90-Manual,sec_0671,354,5.4-parent_child,PASS,,sec_0671 is level 3 under sec_0667 (Sample Report Printouts) and has no children. It is a sibling of sec_0670 and sec_0672.,
Philips-MP20-MP90-Manual,sec_0671,354,5.4-page_start_end,PASS,,"On p354 the heading #/texts/6661 starts the section. It has the figure labels (#/texts/6662-6665), the paragraph 'Below the header...' (#/texts/6666) and table #/tables/118. The next heading 'Other Reports' is in sec_0672. Nothing from a neighbour is absorbed.",
Philips-MP20-MP90-Manual,sec_0671,354,5.4-hierarchy_path,PASS,,hierarchy_path /Printing Patient Reports/Sample Report Printouts/ECG Reports matches the p354 running header 'Sample Report Printouts' and the heading.,
Philips-MP20-MP90-Manual,sec_0671,354,5.4-gaps_duplicates,PASS,,Nodes (orders 6748-6756) follow sec_0670 (ends 6747) and precede sec_0672 (starts 6757). No gap and no overlap.,
Philips-MP20-MP90-Manual,sec_0671,354,5.4-flagged_for_review,PASS,,sec_0671 has flagged_for_review false and the page shows no sign of a doubtful title or boundary.,
Philips-MP20-MP90-Manual,sec_0671,354,5.4-structural_source,PASS,,"sec_0671 has structural_source toc. The title and page match the rendered page, so the bookmark source is supported.",
Philips-MP20-MP90-Manual,sec_0671,354,5.6-numbering_scheme,PASS,,sec_0671 uses the arabic scheme. Printed folio 342 is on physical p354. Arabic is correct.,
Philips-MP20-MP90-Manual,sec_0671,354,5.6-offset_applied,PASS,,"sec_0671 has offset_applied 0, the same as its neighbours. page_start is the physical page and Printed folio 342 is on physical p354.","Folios differ from physical pages by a constant, and the tree uses physical pages."
Philips-MP20-MP90-Manual,sec_0671,354,5.6-table_content,PASS,,#/tables/118 has 3 columns and 8 data rows from '12-Lead ECG 3X4 landscape' to 'Multi-lead ECG 8X1 landscape'. Formats and paper sizes match the rendered p354 table. Empty first-column cells for merged rows are correct.,
Philips-MP20-MP90-Manual,sec_0671,354,5.5-filters_discarding,PASS,,"The ECG report sample on p354 is extracted as vector image img_0222 (869x456). It shows the full 12-lead printout, the header line and the footer 'Page 1 (last)'. Nothing is cut and nothing meaningful is lost.","verify_claims flags a 909x1400 raster not in images_v1.json. The same figure is kept as vector image img_0222 in images.json, so it is not lost."
Philips-MP20-MP90-Manual,sec_0671,354,5.5-filters_passing_noise,PASS,,"img_0222 holds the figure with its callout labels 'Patient information', 'Numeric block' and 'Wave area'. The labels are part of the figure and are also text nodes. No decorative element is kept as an image.",The labels are in both the crop and #/texts/6662-6665. This is expected for a labelled figure.
Philips-MP20-MP90-Manual,sec_0671,354,5.5-image_section_mapping,PASS,,img_0222 is mapped to sec_0671 and is printed under the heading 'ECG Reports' on p354. Correct section.,
Philips-MP20-MP90-Manual,sec_0674,355,5.4-hierarchy_level,PASS,,hierarchy_level 2 fits the heading 'Accessing the Drug Calculator' on p355. It has the same size as 'Performing Drug Calculations' on p356.,
Philips-MP20-MP90-Manual,sec_0674,355,5.4-parent_child,PASS,,sec_0674 is level 2 under sec_0673 (Using the Drug Calculator) and has no children. On p355 it follows the chapter 28 intro and WARNING box.,
Philips-MP20-MP90-Manual,sec_0674,355,5.4-page_start_end,PASS,,"p355 has the heading #/texts/6678 and the step '(diamond) To access the Drug Calculator...' (#/texts/6679). The chapter title, intro, term table and WARNING box above are in sec_0673. The next section 'Performing Drug Calculations' starts on p356. Nothing is absorbed or lost.",
Philips-MP20-MP90-Manual,sec_0674,355,5.4-hierarchy_path,PASS,,hierarchy_path /Using the Drug Calculator/Accessing the Drug Calculator matches chapter 28 title and the heading on p355.,
Philips-MP20-MP90-Manual,sec_0674,355,5.4-gaps_duplicates,PASS,,Nodes (orders 6769-6771) follow sec_0673 (ends 6768) and precede sec_0675 (starts 6772). No gap and no overlap.,
Philips-MP20-MP90-Manual,sec_0674,355,5.4-flagged_for_review,PASS,,sec_0674 has flagged_for_review false and the page shows no sign of a doubtful title or boundary.,
Philips-MP20-MP90-Manual,sec_0674,355,5.4-structural_source,PASS,,"sec_0674 has structural_source toc. The title and page match the rendered page, so the bookmark source is supported.",
Philips-MP20-MP90-Manual,sec_0674,355,5.6-numbering_scheme,PASS,,sec_0674 uses the arabic scheme. Printed folio 343 is on physical p355. Arabic is correct.,
Philips-MP20-MP90-Manual,sec_0674,355,5.6-offset_applied,PASS,,"sec_0674 has offset_applied 0, the same as its neighbours. page_start is the physical page and Printed folio 343 is on physical p355.","Folios differ from physical pages by a constant, and the tree uses physical pages."
Philips-MP20-MP90-Manual,sec_0674,355,5.5-filters_discarding,FAIL,Low,"On p355 a small calculator icon is printed at the right of the step in 'Accessing the Drug Calculator'. It is not in images.json and not in the tree. The text already says 'Drug Calculator SmartKey', so the meaning is kept.","Small icon not extracted, probably BUG-017/BUG-020 (small image filters). Low impact because the text states the meaning."
Philips-MP20-MP90-Manual,sec_0674,355,5.5-filters_passing_noise,PASS,,"No image is mapped to sec_0674, so no decorative image passed the filter.",
Philips-MP20-MP90-Manual,sec_0674,355,5.5-image_section_mapping,PASS,,"No image is mapped to sec_0674. The calculator icon beside the step has no image, which is logged under 5.5-filters_discarding. There is no wrongly mapped image.",
Philips-MP20-MP90-Manual,sec_0682,359,5.4-hierarchy_level,PASS,,hierarchy_level 1 fits the chapter opening 'IntelliBridge EC10 Module' with number 29 on p359.,
Philips-MP20-MP90-Manual,sec_0682,359,5.4-parent_child,PASS,,"sec_0682 is level 1 with no parent. Its children are sec_0683 to sec_0689, which start on p360. It is chapter 29 on p359.",
Philips-MP20-MP90-Manual,sec_0682,359,5.4-page_start_end,PASS,,"On p359 the chapter number '29', the title #/texts/6820, the intro paragraph, the legend table and 'See the documentation...' are all in sec_0682. The first subsection starts on p360. The page_end 362 covers the children, as p362 shows chapter 29 content. Nothing from sec_0681 on p358 is absorbed.","Two '29' nodes (#/texts/6818, #/texts/6819) are chapter number text. The tiny one is probably an invisible print slug."
Philips-MP20-MP90-Manual,sec_0682,359,5.4-hierarchy_path,PASS,,"hierarchy_path /IntelliBridge EC10 Module is a chapter root, as the chapter number 29 and title on p359 show.",
Philips-MP20-MP90-Manual,sec_0682,359,5.4-gaps_duplicates,PASS,,Nodes (orders 6909-6922) follow sec_0681 (ends 6908) and precede sec_0683 (starts 6923). No gap and no overlap. Table #/tables/120 appears once.,
Philips-MP20-MP90-Manual,sec_0682,359,5.4-flagged_for_review,PASS,,sec_0682 has flagged_for_review false and the page shows no sign of a doubtful title or boundary.,
Philips-MP20-MP90-Manual,sec_0682,359,5.4-structural_source,PASS,,"sec_0682 has structural_source toc. The title and page match the rendered page, so the bookmark source is supported.",
Philips-MP20-MP90-Manual,sec_0682,359,5.6-numbering_scheme,PASS,,sec_0682 uses the arabic scheme. Printed folio 347 is on physical p359. Arabic is correct.,
Philips-MP20-MP90-Manual,sec_0682,359,5.6-offset_applied,PASS,,"sec_0682 has offset_applied 0, the same as its neighbours. page_start is the physical page and Printed folio 347 is on physical p359.","Folios differ from physical pages by a constant, and the tree uses physical pages."
Philips-MP20-MP90-Manual,sec_0682,359,5.6-table_content,FAIL,Low,On p359 the legend table #/tables/120 prints 'a a module name' in row 1. The page shows 'a module name'. Rows b to e are correct and every value stays with its letter.,"Lead change: PASS to FAIL Low, the same grade as the approved v2.15 row. The table text is identical in v2.16. The first letter is repeated, probably a cell-reading artefact (BUG-008 family). Meaning and order are kept."
Philips-MP20-MP90-Manual,sec_0682,359,5.5-filters_discarding,PASS,,"The module drawing on p359 is extracted as vector image img_0227 (292x313). It shows the device, the arrows and the labels a to e. Nothing is cut and nothing meaningful is lost.",
Philips-MP20-MP90-Manual,sec_0682,359,5.5-filters_passing_noise,PASS,,img_0227 holds the drawing with its labels a-e and 'IntelliBridge EC10'. The letters are part of the figure and are also text nodes #/texts/6823-6829. No decorative element is kept as an image.,Labels appear in both the crop and the text nodes. This is expected for a labelled figure.
Philips-MP20-MP90-Manual,sec_0682,359,5.5-image_section_mapping,PASS,,img_0227 is mapped to sec_0682 and is printed on p359 under the chapter 29 intro. Correct section.,
Philips-MP20-MP90-Manual,sec_0690,363,5.4-hierarchy_level,PASS,,Section sec_0690 'VueLink Modules': chapter title '30 VueLink Modules' on p363 is level 1. The hierarchy_level in sections.json agrees with the rendered p363.,
Philips-MP20-MP90-Manual,sec_0690,363,5.4-parent_child,PASS,,Level 1 chapter with no parent. The 7 children sec_0691 to sec_0697 are the sub-topics of chapter 30 on p364 to p366.,
Philips-MP20-MP90-Manual,sec_0690,363,5.4-page_start_end,PASS,,"Heading #/texts/6912, both intro paragraphs, tables /tables/122 and /tables/123, the figure and the closing paragraphs on p363 are in sec_0690. p363 is the chapter start. Page_end 366 covers its children.",
Philips-MP20-MP90-Manual,sec_0690,363,5.4-hierarchy_path,PASS,,/VueLink Modules is correct for a chapter.,
Philips-MP20-MP90-Manual,sec_0690,363,5.4-gaps_duplicates,PASS,,"All text of chapter 30 on p363 is in sec_0690 once. The chapter numbers #/texts/6910 and #/texts/6911 are repeated, but they are page furniture.",
Philips-MP20-MP90-Manual,sec_0690,363,5.4-flagged_for_review,PASS,,"sec_0690 has flagged_for_review false and verification_score 100. The p363 check found no problem, so the flag is right.",
Philips-MP20-MP90-Manual,sec_0690,363,5.4-structural_source,PASS,,"sec_0690 has structural_source toc. The heading 'VueLink Modules' is visible in the PDF at the expected page, so the bookmark source is supported.",
Philips-MP20-MP90-Manual,sec_0690,363,5.6-numbering_scheme,PASS,,The page numbers are arabic. Printed folio 351 on physical p363. The scheme 'arabic' is right.,
Philips-MP20-MP90-Manual,sec_0690,363,5.6-offset_applied,PASS,,"offset_applied is 0 and the bookmark pages are physical pages. Printed folio 351 on physical p363. The heading is on the expected physical page, so no offset is needed.",
Philips-MP20-MP90-Manual,sec_0690,363,5.6-table_content,FAIL,Low,"On p363 the legend table /tables/123 reads 'a a module name' and 'c c selection LED'. The letters a and c are repeated. The other rows (b, d, e, f, g) are correct. Table /tables/122 matches the page.","Probably the bold letter is read twice (BUG-008). All values are kept and in order, so the loss is small."
Philips-MP20-MP90-Manual,sec_0690,363,5.5-filters_discarding,PASS,,img_0230 (vector origin) is mapped to sec_0690 on p363. It is the VueLink module drawing. It is in the right section. No meaningful figure or icon is lost for this section on p363.,
Philips-MP20-MP90-Manual,sec_0690,363,5.5-filters_passing_noise,PASS,,"The VueLink figure text (#/texts/6915 to #/texts/6932, letters a to g and device labels) is also kept as separate text nodes in sec_0690. They are the same section and the crop img_0230 is not decorative.",Probably Docling reads the drawing text. It adds fragments but does not cross a boundary.
Philips-MP20-MP90-Manual,sec_0690,363,5.5-image_section_mapping,PASS,,img_0230 (vector origin) is mapped to sec_0690 on p363. It is the VueLink module drawing. It is in the right section.,
Philips-MP20-MP90-Manual,sec_0700,367,5.4-hierarchy_level,PASS,,"Section sec_0700 'Timer Types': smaller sub-heading on p367, level 3 under 'Viewing Timers'. The hierarchy_level in sections.json agrees with the rendered p367.",
Philips-MP20-MP90-Manual,sec_0700,367,5.4-parent_child,PASS,,Parent sec_0699 'Viewing Timers' is the level 2 heading just above on p367. It has no children.,
Philips-MP20-MP90-Manual,sec_0700,367,5.4-page_start_end,PASS,,"On p367 the heading (#/texts/6996) and the two paragraphs (#/texts/6997, #/texts/6998) are in sec_0700. The text stops before 'Timer Setup Pop-up Keys', which is sec_0701.",
Philips-MP20-MP90-Manual,sec_0700,367,5.4-hierarchy_path,PASS,,"/Using Timers/Viewing Timers/Timer Types matches chapter 31, the level 2 heading and this level 3 heading.",
Philips-MP20-MP90-Manual,sec_0700,367,5.4-gaps_duplicates,PASS,,The 3 nodes are the full body of 'Timer Types' on p367. Nothing is missing or repeated.,
Philips-MP20-MP90-Manual,sec_0700,367,5.4-flagged_for_review,PASS,,"sec_0700 has flagged_for_review false and verification_score 100. The p367 check found no problem, so the flag is right.",
Philips-MP20-MP90-Manual,sec_0700,367,5.4-structural_source,PASS,,"sec_0700 has structural_source toc. The heading 'Timer Types' is visible in the PDF at the expected page, so the bookmark source is supported.",
Philips-MP20-MP90-Manual,sec_0700,367,5.6-numbering_scheme,PASS,,The page numbers are arabic. Printed folio 355 on physical p367. The scheme 'arabic' is right.,
Philips-MP20-MP90-Manual,sec_0700,367,5.6-offset_applied,PASS,,"offset_applied is 0 and the bookmark pages are physical pages. Printed folio 355 on physical p367. The heading is on the expected physical page, so no offset is needed.",
Philips-MP20-MP90-Manual,sec_0700,367,5.5-filters_discarding,FAIL,Low,"On p367 a small round timer icon (36x24 px) is printed beside the 'Select the Timer SmartKey' bullet. It is not in images.json, so it is dropped from the whole tree. The text 'Timer SmartKey' states the meaning.","Lead change: PASS to FAIL Low, the same grade as the approved v2.15 row. The icon is still not extracted in v2.16 (the Phase 0 filter did not recover it). Old problem (BUG-017/BUG-020). It probably belongs to sec_0699, but the approved row grades it here."
Philips-MP20-MP90-Manual,sec_0700,367,5.5-filters_passing_noise,PASS,,"No decorative rule, logo or footer divider is kept as an image in sec_0700 on p367.",
Philips-MP20-MP90-Manual,sec_0700,367,5.5-image_section_mapping,PASS,,"No figure is under 'Timer Types'. The clock icon on p367 is under 'Viewing Timers' (sec_0699), not here.",
Philips-MP20-MP90-Manual,sec_0712,371,5.4-hierarchy_level,PASS,,"Section sec_0712 'Viewing Loops': heading on p371, level 2 under chapter 32 'Respiratory Loops'. The hierarchy_level in sections.json agrees with the rendered p371.",
Philips-MP20-MP90-Manual,sec_0712,371,5.4-parent_child,PASS,,Parent sec_0711 'Respiratory Loops' is the level 1 chapter on p371. Next sibling sec_0713 'Capturing and Deleting Loops' has its own heading on p372. No children.,
Philips-MP20-MP90-Manual,sec_0712,371,5.4-page_start_end,PASS,,"Section starts at heading #/texts/7075 on p371. On p372 the text 'To open the Loops window' and the Loops screenshot come BEFORE the heading 'Capturing and Deleting Loops', so they still belong to 'Viewing Loops'. #/texts/7081 to #/texts/7100 are correct.",
Philips-MP20-MP90-Manual,sec_0712,371,5.4-hierarchy_path,PASS,,/Respiratory Loops/Viewing Loops is correct.,
Philips-MP20-MP90-Manual,sec_0712,371,5.4-gaps_duplicates,PASS,,The 26 nodes cover p371 body and the p372 text and screenshot labels before the next heading. Nothing is missing or repeated.,
Philips-MP20-MP90-Manual,sec_0712,371,5.4-flagged_for_review,PASS,,"sec_0712 has flagged_for_review false and verification_score 100. The p371 check found no problem, so the flag is right.",
Philips-MP20-MP90-Manual,sec_0712,371,5.4-structural_source,PASS,,"sec_0712 has structural_source toc. The heading 'Viewing Loops' is visible in the PDF at the expected page, so the bookmark source is supported.",
Philips-MP20-MP90-Manual,sec_0712,371,5.6-numbering_scheme,PASS,,The page numbers are arabic. Printed folios 359 (p371) and 360 (p372). The scheme 'arabic' is right.,
Philips-MP20-MP90-Manual,sec_0712,371,5.6-offset_applied,PASS,,"offset_applied is 0 and the bookmark pages are physical pages. Printed folios 359 (p371) and 360 (p372). The heading is on the expected physical page, so no offset is needed.",
Philips-MP20-MP90-Manual,sec_0712,371,5.5-filters_discarding,PASS,,img_0234 (softkey bar) and img_0235 (Loops window) are on p372 above 'Capturing and Deleting Loops' and are mapped to sec_0712. This is right. No meaningful figure or icon is lost for this section on p371.,
Philips-MP20-MP90-Manual,sec_0712,371,5.5-filters_passing_noise,PASS,,"The screenshot words ('Loops: Ohmeda 7900', key names) are text nodes in sec_0712, and the crops img_0234 and img_0235 have no text. No decoration is kept as an image.",Words are kept in the correct section.
Philips-MP20-MP90-Manual,sec_0712,371,5.5-image_section_mapping,PASS,,img_0234 (softkey bar) and img_0235 (Loops window) are on p372 above 'Capturing and Deleting Loops' and are mapped to sec_0712. This is right.,
Philips-MP20-MP90-Manual,sec_0723,377,5.4-hierarchy_level,PASS,,"Section sec_0723 'General Points': heading on p377, level 2 under chapter 34 'Care and Cleaning'. The hierarchy_level in sections.json agrees with the rendered p377.",
Philips-MP20-MP90-Manual,sec_0723,377,5.4-parent_child,PASS,,Parent sec_0722 'Care and Cleaning' is the level 1 chapter on p377. Next sibling sec_0724 starts on p378. No children.,
Philips-MP20-MP90-Manual,sec_0723,377,5.4-page_start_end,PASS,,Heading #/texts/7215 and all body text down to the BIS sentence (#/texts/7225) and folio 365 are in sec_0723. The two chapter intro paragraphs above the heading belong to sec_0722.,
Philips-MP20-MP90-Manual,sec_0723,377,5.4-hierarchy_path,PASS,,/Care and Cleaning/General Points is correct.,
Philips-MP20-MP90-Manual,sec_0723,377,5.4-gaps_duplicates,PASS,,The 13 nodes cover the full body on p377 once. The WARNING label (#/texts/7210) and its text (#/texts/7224) are kept together in this section.,
Philips-MP20-MP90-Manual,sec_0723,377,5.4-flagged_for_review,PASS,,"sec_0723 has flagged_for_review false and verification_score 100. The p377 check found no problem, so the flag is right.",
Philips-MP20-MP90-Manual,sec_0723,377,5.4-structural_source,PASS,,"sec_0723 has structural_source toc. The heading 'General Points' is visible in the PDF at the expected page, so the bookmark source is supported.",
Philips-MP20-MP90-Manual,sec_0723,377,5.6-numbering_scheme,PASS,,The page numbers are arabic. Printed folio 365 on physical p377. The scheme 'arabic' is right.,
Philips-MP20-MP90-Manual,sec_0723,377,5.6-offset_applied,PASS,,"offset_applied is 0 and the bookmark pages are physical pages. Printed folio 365 on physical p377. The heading is on the expected physical page, so no offset is needed.",
Philips-MP20-MP90-Manual,sec_0723,377,5.5-filters_discarding,PASS,,No figure or icon is in this section. The orange WARNING box lines are only decoration and no icon is drawn. No meaningful figure or icon is lost for this section on p377.,
Philips-MP20-MP90-Manual,sec_0723,377,5.5-filters_passing_noise,PASS,,"No decorative rule, logo or footer divider is kept as an image in sec_0723 on p377.",
Philips-MP20-MP90-Manual,sec_0723,377,5.5-image_section_mapping,PASS,,No figure or icon is in this section. The orange WARNING box lines are only decoration and no icon is drawn.,
Philips-MP20-MP90-Manual,sec_0731,381,5.4-hierarchy_level,PASS,,Section sec_0731 'Using Batteries': chapter title '35 Using Batteries' on p381 is level 1. The hierarchy_level in sections.json agrees with the rendered p381.,
Philips-MP20-MP90-Manual,sec_0731,381,5.4-parent_child,PASS,,"Level 1 chapter with no parent. Its children sec_0732, sec_0739, sec_0740, sec_0741 and sec_0747 are the sub-topics on p382 to p388.",
Philips-MP20-MP90-Manual,sec_0731,381,5.4-page_start_end,PASS,,"On p381 the chapter heading #/texts/7267, the margin label, the two MP20/MP30 and MP40/MP50 paragraphs and the figure label are in sec_0731. The p382 nodes #/texts/7274 to #/texts/7279 are intro text before the 'Battery Power Indicators' heading. The p382 page image was not given, so this part was not checked visually.","Lead check of the p382 render: #/texts/7274-7279 and the rear-view photo are printed above the heading 'Battery Power Indicators', so sec_0731 owns them."
Philips-MP20-MP90-Manual,sec_0731,381,5.4-hierarchy_path,PASS,,/Using Batteries is correct for a chapter.,
Philips-MP20-MP90-Manual,sec_0731,381,5.4-gaps_duplicates,PASS,,All text of p381 is in sec_0731 once. The p382 intro nodes are counted once. The p388 page shown belongs to the children.,Lead check of the p382 render: nothing of sec_0731 is in sec_0732.
Philips-MP20-MP90-Manual,sec_0731,381,5.4-flagged_for_review,PASS,,"sec_0731 has flagged_for_review false and verification_score 100. The p381 check found no problem, so the flag is right.",
Philips-MP20-MP90-Manual,sec_0731,381,5.4-structural_source,PASS,,"sec_0731 has structural_source toc. The heading 'Using Batteries' is visible in the PDF at the expected page, so the bookmark source is supported.",
Philips-MP20-MP90-Manual,sec_0731,381,5.6-numbering_scheme,PASS,,The page numbers are arabic. Printed folios 369 (p381) and 376 (p388). The scheme 'arabic' is right.,
Philips-MP20-MP90-Manual,sec_0731,381,5.6-offset_applied,PASS,,"offset_applied is 0 and the bookmark pages are physical pages. Printed folios 369 (p381) and 376 (p388). The heading is on the expected physical page, so no offset is needed.",
Philips-MP20-MP90-Manual,sec_0731,381,5.5-filters_discarding,FAIL,Low,On p381 the rear-view figure is kept as img_0239. On the page a black box and a leader line mark the battery compartment. The box and line are not drawn in the crop. The label 'Battery compartment' is kept as text (#/texts/7269).,"Lead change: Medium to Low, the same grade as the approved v2.15 row. The crop did not change in v2.16. The drawn overlay was probably left out of the crop (BUG-010 family). The photo and the label survive."
Philips-MP20-MP90-Manual,sec_0731,381,5.5-filters_passing_noise,PASS,,"No decorative rule, logo or footer divider is kept as an image in sec_0731 on p381.",
Philips-MP20-MP90-Manual,sec_0731,381,5.5-image_section_mapping,PASS,,"img_0239 (p381) and img_0240 (p382) are mapped to sec_0731, which owns the chapter intro.","Lead check of the p382 render: the rear-view photo is above the 'Battery Power Indicators' heading, so sec_0731 is right."
Philips-MP20-MP90-Manual,sec_0749,389,5.4-hierarchy_level,PASS,,"On p389 the heading 'Inspecting the Equipment and Accessories' is shown at the size of a level 2 heading. Tree says hierarchy_level 2, which matches the bookmark nesting.",
Philips-MP20-MP90-Manual,sec_0749,389,5.4-parent_child,PASS,,"sec_0749 has parent_section_id sec_0748 ('Maintenance and Troubleshooting') and no children. The page shows 'Inspecting the Equipment and Accessories' as a sub-part of 'Maintenance and Troubleshooting', so the link is right.",
Philips-MP20-MP90-Manual,sec_0749,389,5.4-page_start_end,PASS,,"On p389 the heading and the intro line are in sec_0749 (nodes #/texts/7441 and 7442). Steps 1 to 4 are #/texts/7443 to 7446. All of them are printed under this heading. The chapter title and the WARNING box above belong to sec_0748, and 'Inspecting the Cables and Cords' belongs to sec_0750. Page range 389 to 389 is right.",
Philips-MP20-MP90-Manual,sec_0749,389,5.4-hierarchy_path,PASS,,hierarchy_path is /Maintenance and Troubleshooting/Inspecting the Equipment and Accessories. This is the same order as the headings printed in the manual.,
Philips-MP20-MP90-Manual,sec_0749,389,5.4-gaps_duplicates,PASS,,"I compared all six nodes of sec_0749 with p389. Each node appears once, in the right order. Nothing from sec_0748 or sec_0750 is inside, and no step is missing.",
Philips-MP20-MP90-Manual,sec_0749,389,5.4-flagged_for_review,PASS,,"sec_0749 has flagged_for_review false and verification_score 100. The heading 'Inspecting the Equipment and Accessories' is on the rendered page, so no flag is needed.",
Philips-MP20-MP90-Manual,sec_0749,389,5.4-structural_source,PASS,,"structural_source is toc. The title 'Inspecting the Equipment and Accessories' is printed on the page where the bookmark points, so the TOC source is supported.",
Philips-MP20-MP90-Manual,sec_0749,389,5.6-numbering_scheme,PASS,,"numbering_scheme is arabic. The printed folios on p389 are plain Arabic numbers, so this is correct.",
Philips-MP20-MP90-Manual,sec_0749,389,5.6-offset_applied,PASS,,"offset_applied is 0 and page_start matches the physical page where 'Inspecting the Equipment and Accessories' is printed. The printed folio differs from the PDF page, but the bookmark already uses PDF pages.",
Philips-MP20-MP90-Manual,sec_0749,389,5.5-filters_discarding,PASS,,"On p389 I see only text, the blue chapter bar and orange WARNING rules (decorative lines). No figure or screenshot of sec_0749 was dropped.",
Philips-MP20-MP90-Manual,sec_0749,389,5.5-filters_passing_noise,PASS,,"No extracted image of sec_0749 exists on p389, so no decorative image was kept as content.",
Philips-MP20-MP90-Manual,sec_0749,389,5.5-image_section_mapping,PASS,,"No relevant figure is printed for sec_0749 on p389, and none is mapped to it. This is right.",
Philips-MP20-MP90-Manual,sec_0758,393,5.4-hierarchy_level,PASS,,"On p393 the heading 'Trunk Cables' is shown at the size of a level 4 heading. Tree says hierarchy_level 4, which matches the bookmark nesting.",
Philips-MP20-MP90-Manual,sec_0758,393,5.4-parent_child,PASS,,"sec_0758 has parent_section_id sec_0757 ('Recommended Cables') and no children. The page shows 'Trunk Cables' as a sub-part of 'Recommended Cables', so the link is right.",
Philips-MP20-MP90-Manual,sec_0758,393,5.4-page_start_end,PASS,,"On p393 sec_0758 has the heading 'Trunk Cables' (#/texts/7497), the folio 381 (#/texts/7498) and the cable table (#/tables/131). The table is printed right under this heading. The chapter text above belongs to sec_0755 and sec_0756. The next section starts on p394. Page range 393 to 393 is right.",
Philips-MP20-MP90-Manual,sec_0758,393,5.4-hierarchy_path,PASS,,hierarchy_path is /Accessories/ECG/Resp Accessories/Recommended Cables/Trunk Cables. This is the same order as the headings printed in the manual.,
Philips-MP20-MP90-Manual,sec_0758,393,5.4-gaps_duplicates,PASS,,"The heading, the folio and the single table each appear once. Nothing from the parent sections is inside sec_0758, and nothing of its own is missing.",
Philips-MP20-MP90-Manual,sec_0758,393,5.4-flagged_for_review,PASS,,"sec_0758 has flagged_for_review false and verification_score 100. The heading 'Trunk Cables' is on the rendered page, so no flag is needed.",
Philips-MP20-MP90-Manual,sec_0758,393,5.4-structural_source,PASS,,"structural_source is toc. The title 'Trunk Cables' is printed on the page where the bookmark points, so the TOC source is supported.",
Philips-MP20-MP90-Manual,sec_0758,393,5.6-numbering_scheme,PASS,,"numbering_scheme is arabic. The printed folios on p393 are plain Arabic numbers, so this is correct.",
Philips-MP20-MP90-Manual,sec_0758,393,5.6-offset_applied,PASS,,"offset_applied is 0 and page_start matches the physical page where 'Trunk Cables' is printed. The printed folio differs from the PDF page, but the bookmark already uses PDF pages.",
Philips-MP20-MP90-Manual,sec_0758,393,5.6-table_content,PASS,,"Table #/tables/131 has 3 rows and 6 columns. They match the printed table: Part No. M1669A, M1668A, M1667A, M1663A, M1665A and Length 2.7m, 2.7m, 2.7m, 2.0m, 2.7m. The header cells are in the right columns, including '10-Electrode Cable set (5+5)' and '(6+4)'.",
Philips-MP20-MP90-Manual,sec_0758,393,5.5-filters_discarding,PASS,,"On p393 the blue chapter bar is decorative. The heart-in-box symbol sits under the 'ECG/Resp Accessories' heading, so it belongs to sec_0756. No figure of sec_0758 was dropped.","The small defibrillator-proof symbol is not extracted, but it is not in sec_0758. It is a Low item for the owner section if it is graded there."
Philips-MP20-MP90-Manual,sec_0758,393,5.5-filters_passing_noise,PASS,,"No extracted image of sec_0758 exists on p393, so no decorative image was kept as content.",
Philips-MP20-MP90-Manual,sec_0758,393,5.5-image_section_mapping,PASS,,"No figure is printed under 'Trunk Cables' on p393, and none is mapped to sec_0758. This is right.",
Philips-MP20-MP90-Manual,sec_0781,402,5.4-hierarchy_level,PASS,,"On p402 the heading 'SpO2 Accessories' is shown at the size of a level 2 heading. Tree says hierarchy_level 2, which matches the bookmark nesting.",
Philips-MP20-MP90-Manual,sec_0781,402,5.4-parent_child,PASS,,"sec_0781 has parent_section_id sec_0755 ('Accessories') and no children. The page shows 'SpO2 Accessories' as a sub-part of 'Accessories', so the link is right.",
Philips-MP20-MP90-Manual,sec_0781,402,5.4-page_start_end,PASS,,"On p402 sec_0781 holds only its own table continuation, the running header and the folio. Its range is 399 to 404. The heading 'SpO2 Accessories' is on p399, and the Masimo text on p404 still belongs to the SpO2 topic. The next section, sec_0782, starts on p405. The range is right.",
Philips-MP20-MP90-Manual,sec_0781,402,5.4-hierarchy_path,PASS,,hierarchy_path is /Accessories/SpO2 Accessories. This is the same order as the headings printed in the manual.,
Philips-MP20-MP90-Manual,sec_0781,402,5.4-gaps_duplicates,PASS,,"Tables #/tables/152 to 159 appear once each, in page order. The Transducer table at the top of p399 is not inside sec_0781, so it stays with sec_0780. I found no node from a neighbour section.",
Philips-MP20-MP90-Manual,sec_0781,402,5.4-flagged_for_review,PASS,,"sec_0781 has flagged_for_review false and verification_score 100. The heading 'SpO2 Accessories' is on the rendered page, so no flag is needed.",
Philips-MP20-MP90-Manual,sec_0781,402,5.4-structural_source,PASS,,"structural_source is toc. The title 'SpO2 Accessories' is printed on the page where the bookmark points, so the TOC source is supported.",
Philips-MP20-MP90-Manual,sec_0781,402,5.6-numbering_scheme,PASS,,"numbering_scheme is arabic. The printed folios on p402 are plain Arabic numbers, so this is correct.",
Philips-MP20-MP90-Manual,sec_0781,402,5.6-offset_applied,PASS,,"offset_applied is 0 and page_start matches the physical page where 'SpO2 Accessories' is printed. The printed folio differs from the PDF page, but the bookmark already uses PDF pages.",
Philips-MP20-MP90-Manual,sec_0781,402,5.6-table_content,FAIL,Medium,"Table #/tables/155 matches the page except two cells. The OxiCliq A comment is cut. The tree ends with 'Option A02 : Must use adapter cables'. The page continues 'M1943NL and OC-3 adapter cable.' and that text is not in the tree. Also 'Dura-Y D-YS Y-sensor' is one cell, and the Description cell is empty. All other rows, yes/no values and Opt. A01/A02 columns are right.","Probably BUG-008 (table cells read with merged or cut text). The part numbers the reader must use with Option A02 are lost, so the value changes meaning."
Philips-MP20-MP90-Manual,sec_0781,402,5.5-filters_discarding,PASS,,"On p402 I see only a long table with a running header and a folio, no figure. No figure or screenshot of sec_0781 was dropped.",
Philips-MP20-MP90-Manual,sec_0781,402,5.5-filters_passing_noise,PASS,,"No extracted image exists on p402, so no decorative image was kept as content.",
Philips-MP20-MP90-Manual,sec_0781,402,5.5-image_section_mapping,PASS,,"No relevant figure is printed for sec_0781 on p402, and none is mapped to it. This is right.",
Philips-MP20-MP90-Manual,sec_0798,412,5.4-hierarchy_level,PASS,,"On p412 the heading 'Battery Accessories' is shown at the size of a level 2 heading. Tree says hierarchy_level 2, which matches the bookmark nesting.",
Philips-MP20-MP90-Manual,sec_0798,412,5.4-parent_child,PASS,,"sec_0798 has parent_section_id sec_0755 ('Accessories') and no children. The page shows 'Battery Accessories' as a sub-part of 'Accessories', so the link is right.",
Philips-MP20-MP90-Manual,sec_0798,412,5.4-page_start_end,PASS,,"sec_0798 has the heading on p411 (#/texts/7629), the table #/tables/177 and the folios. Page 412 is a blank page with only the running header and folio 400. The range 411 to 412 ends at the chapter end, and no content of sec_0799 is inside. The range is right.",
Philips-MP20-MP90-Manual,sec_0798,412,5.4-hierarchy_path,PASS,,hierarchy_path is /Accessories/Battery Accessories. This is the same order as the headings printed in the manual.,
Philips-MP20-MP90-Manual,sec_0798,412,5.4-gaps_duplicates,PASS,,I compared all nodes with p411 and p412. The heading and the table appear once. Only boilerplate is on p412. Nothing from sec_0797 or sec_0799 is inside.,
Philips-MP20-MP90-Manual,sec_0798,412,5.4-flagged_for_review,PASS,,"sec_0798 has flagged_for_review false and verification_score 100. The heading 'Battery Accessories' is on the rendered page, so no flag is needed.",
Philips-MP20-MP90-Manual,sec_0798,412,5.4-structural_source,PASS,,"structural_source is toc. The title 'Battery Accessories' is printed on the page where the bookmark points, so the TOC source is supported.",
Philips-MP20-MP90-Manual,sec_0798,412,5.6-numbering_scheme,PASS,,"numbering_scheme is arabic. The printed folios on p412 are plain Arabic numbers, so this is correct.",
Philips-MP20-MP90-Manual,sec_0798,412,5.6-offset_applied,PASS,,"offset_applied is 0 and page_start matches the physical page where 'Battery Accessories' is printed. The printed folio differs from the PDF page, but the bookmark already uses PDF pages.",
Philips-MP20-MP90-Manual,sec_0798,412,5.6-table_content,PASS,,"Table #/tables/177 is on p411. It has the header and two rows, and they match the page: M8043A with the size-adapter note and 4512 610 17451. Values are in the right columns.",
Philips-MP20-MP90-Manual,sec_0798,412,5.5-filters_discarding,PASS,,On p412 I see a blank page with only the running header and folio. No figure or screenshot of sec_0798 was dropped.,
Philips-MP20-MP90-Manual,sec_0798,412,5.5-filters_passing_noise,PASS,,"No extracted image of sec_0798 exists on p412, so no decorative image was kept as content.",
Philips-MP20-MP90-Manual,sec_0798,412,5.5-image_section_mapping,PASS,,"No relevant figure is printed for sec_0798 on p412, and none is mapped to it. This is right.",
Philips-MP20-MP90-Manual,sec_0800,413,5.4-hierarchy_level,PASS,,"On p413 the heading 'Intended Use' is shown at the size of a level 2 heading. Tree says hierarchy_level 2, which matches the bookmark nesting.",
Philips-MP20-MP90-Manual,sec_0800,413,5.4-parent_child,PASS,,"sec_0800 has parent_section_id sec_0799 ('Installation and Specifications') and no children. The page shows 'Intended Use' as a sub-part of 'Installation and Specifications', so the link is right.",
Philips-MP20-MP90-Manual,sec_0800,413,5.4-page_start_end,PASS,,"On p413 sec_0800 starts at the heading 'Intended Use' (#/texts/7639) and holds the 10 paragraphs below it and the folio 401. On p414 it also holds the last paragraph and the WARNING box (#/texts/7654 to 7655). They are printed before 'Manufacturer's Information', so they belong to Intended Use. The chapter title and two intro lines on p413 stay in sec_0799. Range 413 to 414 is right.",
Philips-MP20-MP90-Manual,sec_0800,413,5.4-hierarchy_path,PASS,,hierarchy_path is /Installation and Specifications/Intended Use. This is the same order as the headings printed in the manual.,
Philips-MP20-MP90-Manual,sec_0800,413,5.4-gaps_duplicates,PASS,,"All 17 nodes are printed once, in reading order. The WARNING label and its text are together in sec_0800. The Manufacturer's Information content is not inside.",
Philips-MP20-MP90-Manual,sec_0800,413,5.4-flagged_for_review,PASS,,"sec_0800 has flagged_for_review false and verification_score 100. The heading 'Intended Use' is on the rendered page, so no flag is needed.",
Philips-MP20-MP90-Manual,sec_0800,413,5.4-structural_source,PASS,,"structural_source is toc. The title 'Intended Use' is printed on the page where the bookmark points, so the TOC source is supported.",
Philips-MP20-MP90-Manual,sec_0800,413,5.6-numbering_scheme,PASS,,"numbering_scheme is arabic. The printed folios on p413 are plain Arabic numbers, so this is correct.",
Philips-MP20-MP90-Manual,sec_0800,413,5.6-offset_applied,PASS,,"offset_applied is 0 and page_start matches the physical page where 'Intended Use' is printed. The printed folio differs from the PDF page, but the bookmark already uses PDF pages.",
Philips-MP20-MP90-Manual,sec_0800,413,5.5-filters_discarding,PASS,,"On p413 I see only text and the blue chapter bar, which is decorative. No figure or screenshot of sec_0800 was dropped.",
Philips-MP20-MP90-Manual,sec_0800,413,5.5-filters_passing_noise,PASS,,"No extracted image of sec_0800 exists on p413, so no decorative image was kept as content.",
Philips-MP20-MP90-Manual,sec_0800,413,5.5-image_section_mapping,PASS,,"No relevant figure is printed for sec_0800 on p413, and none is mapped to it. This is right.",
Philips-MP20-MP90-Manual,sec_0807,420,5.4-hierarchy_level,PASS,,"On p420 the heading 'MP40/MP50' is shown at the size of a level 4 heading. Tree says hierarchy_level 4, which matches the bookmark nesting.",
Philips-MP20-MP90-Manual,sec_0807,420,5.4-parent_child,PASS,,"sec_0807 has parent_section_id sec_0805 ('Connectors') and no children. The page shows 'MP40/MP50' as a sub-part of 'Connectors', so the link is right.",
Philips-MP20-MP90-Manual,sec_0807,420,5.4-page_start_end,PASS,,On p420 sec_0807 starts at the heading 'MP40/MP50' (#/texts/7806) and holds the rear-view labels and the list 1 to 14. On p421 it holds the 'Left side of monitor' list 1 to 3 (#/texts/7985 to 7991). The heading 'MP60/MP70' on p421 starts sec_0808. Range 420 to 421 is right.,
Philips-MP20-MP90-Manual,sec_0807,420,5.4-hierarchy_path,PASS,,hierarchy_path is /Installation and Specifications/Installation Safety Information/Connectors/MP40/MP50. This is the same order as the headings printed in the manual.,
Philips-MP20-MP90-Manual,sec_0807,420,5.4-gaps_duplicates,PASS,,"Figure labels (numbers 1 to 14) and the list items are all in sec_0807, the owner section. None of its text is in a neighbour. I found no duplicates.",
Philips-MP20-MP90-Manual,sec_0807,420,5.4-flagged_for_review,PASS,,"sec_0807 has flagged_for_review false and verification_score 100. The heading 'MP40/MP50' is on the rendered page, so no flag is needed.",
Philips-MP20-MP90-Manual,sec_0807,420,5.4-structural_source,PASS,,"structural_source is toc. The title 'MP40/MP50' is printed on the page where the bookmark points, so the TOC source is supported.",
Philips-MP20-MP90-Manual,sec_0807,420,5.6-numbering_scheme,PASS,,"numbering_scheme is arabic. The printed folios on p420 are plain Arabic numbers, so this is correct.",
Philips-MP20-MP90-Manual,sec_0807,420,5.6-offset_applied,PASS,,"offset_applied is 0 and page_start matches the physical page where 'MP40/MP50' is printed. The printed folio differs from the PDF page, but the bookmark already uses PDF pages.",
Philips-MP20-MP90-Manual,sec_0807,420,5.5-filters_discarding,FAIL,Medium,"p420 has two figures. The top rear view is img_0265 (vector crop) with callouts 1 to 10. The lower adapter is img_0264, a raster crop with no callouts. The crops have no leader lines and no numbers 11 to 14. The numbers are only loose text nodes ('11' to '14'), so the figure is cut.","Probably BUG-010 (vector crop leaves out the line art). The reader cannot tell which part each number 11 to 14 points to. The verifier warns about one raster 472x462 px on p420. That is the rear-view photo, which is present as the vector crop img_0265, so no figure is fully lost. Medium is kept."
Philips-MP20-MP90-Manual,sec_0807,420,5.5-filters_passing_noise,FAIL,Low,The crop img_0265 contains the caption 'MP40/MP50 Rear of monitor'. The same caption is also heading node #/texts/7958. On p421 the crop img_0266 contains 'MP40/MP50 Left side of monitor'. This is extra text inside the crops.,Probably BUG-010 (vector crop box is a little too large). It is small and does not hide any figure content.
Philips-MP20-MP90-Manual,sec_0807,420,5.5-image_section_mapping,PASS,,img_0264 and img_0265 are on p420 and mapped to sec_0807. img_0266 is the left-side figure on p421 and is mapped to sec_0807. img_0267 is the MP60/MP70 right-side figure and is mapped to sec_0808. All four are in the right section.,
Philips-MP20-MP90-Manual,sec_0815,428,5.4-hierarchy_level,PASS,,On p427 the heading 'Physical Specifications' (node #/texts/7959) is smaller than the chapter heading style. Level 3 under 'EMC And Radio Regulatory Compliance' (sec_0814) is right.,
Philips-MP20-MP90-Manual,sec_0815,428,5.4-parent_child,PASS,,Parent is sec_0814 'EMC And Radio Regulatory Compliance'. The section has no children. Sibling sec_0816 'Environmental Specifications' starts on p428 after this section's last table.,
Philips-MP20-MP90-Manual,sec_0815,428,5.4-page_start_end,PASS,,"The section starts on p427 with heading #/texts/7959 and ends on p428 with table #/tables/182 (the continued weight table). On p428 the heading 'Environmental Specifications' (#/texts/7963) and its two paragraphs are in sec_0816, not here. Only the running headers #/texts/7961 and #/texts/7962 and the folio are boilerplate.",
Philips-MP20-MP90-Manual,sec_0815,428,5.4-hierarchy_path,PASS,,"/Installation and Specifications/EMC And Radio Regulatory Compliance/Physical Specifications matches the chapter, the EMC parent and this heading.",
Philips-MP20-MP90-Manual,sec_0815,428,5.4-gaps_duplicates,PASS,,"Both weight tables (#/tables/181 on p427, #/tables/182 on p428) are in sec_0815 once. No content from p428 below the table is lost or duplicated.",
Philips-MP20-MP90-Manual,sec_0815,428,5.4-flagged_for_review,PASS,,"sec_0815 has flagged_for_review false and verification_score 100. The heading is visible on its physical page, so no flag is needed.",
Philips-MP20-MP90-Manual,sec_0815,428,5.4-structural_source,PASS,,"sec_0815 has structural_source 'toc'. The bookmark title matches the printed heading, so the provenance is supported.",
Philips-MP20-MP90-Manual,sec_0815,428,5.6-numbering_scheme,PASS,,"The printed folios are arabic numbers (for example 415 to 463). The tree says numbering_scheme 'arabic', which is right.",
Philips-MP20-MP90-Manual,sec_0815,428,5.6-offset_applied,PASS,,"offset_applied is 0. The bookmark page for sec_0815 is the physical page where the heading is found, so no offset is needed. The printed folio differs from the physical page only by front matter.",
Philips-MP20-MP90-Manual,sec_0815,428,5.6-table_content,FAIL,Medium,"Table #/tables/182 on p428 matches the page. But the first table, #/tables/181 on p427, has shifted cells. Values for M3012A, M3014A, M3015A, M3016A, M8025A, M8026A, M1029A and M1012A sit in the wrong rows. For example '<7.5 x 4 x 1.6 in' for M3012A is in the M3014A row, and '225 g (7.9 oz.)' is on the 'Temperature Module' row instead of M1012A. All words are still present.","Probably BUG-008 (table cells). Values cannot be tied to the right product, but no row text is lost."
Philips-MP20-MP90-Manual,sec_0815,428,5.5-filters_discarding,PASS,,"p428 has no picture, icon or figure. images.json lists no image for this section. Nothing was discarded.",
Philips-MP20-MP90-Manual,sec_0815,428,5.5-filters_passing_noise,PASS,,"No image is kept for this section, so no decorative item passes the filters. The blue header bars are not extracted as images.",
Philips-MP20-MP90-Manual,sec_0815,428,5.5-image_section_mapping,PASS,,No image exists on p427-p428 for sec_0815 or its neighbour. There is nothing to map.,
Philips-MP20-MP90-Manual,sec_0817,435,5.4-hierarchy_level,PASS,,"On p431 the heading 'Monitor Performance Specifications' (#/texts/7977) is H2 size, the same as chapter-level sub-headings. Level 2 under 'Installation and Specifications' is right.",
Philips-MP20-MP90-Manual,sec_0817,435,5.4-parent_child,PASS,,Parent is sec_0799 'Installation and Specifications'. The section has no children. The next section sec_0818 'M4605A Battery Specifications' is a sibling.,
Philips-MP20-MP90-Manual,sec_0817,435,5.4-page_start_end,PASS,,The section starts on p431 with heading #/texts/7977 and ends on p440 with table #/tables/210 'Compatible Devices'. The heading 'M4605A Battery Specifications' on p440 is in sec_0818. On p435 the tables #/tables/198 to #/tables/202 and folio 423 are in this section.,
Philips-MP20-MP90-Manual,sec_0817,435,5.4-hierarchy_path,PASS,,/Installation and Specifications/Monitor Performance Specifications is correct.,
Philips-MP20-MP90-Manual,sec_0817,435,5.4-gaps_duplicates,PASS,,p435 tables are in sec_0817 once. The 46 nodes from p431 to p440 give each table once. The footnote #/texts/7996 on p437 is kept.,
Philips-MP20-MP90-Manual,sec_0817,435,5.4-flagged_for_review,PASS,,"sec_0817 has flagged_for_review false and verification_score 100. The heading is visible on its physical page, so no flag is needed.",
Philips-MP20-MP90-Manual,sec_0817,435,5.4-structural_source,PASS,,"sec_0817 has structural_source 'toc'. The bookmark title matches the printed heading, so the provenance is supported.",
Philips-MP20-MP90-Manual,sec_0817,435,5.6-numbering_scheme,PASS,,"The printed folios are arabic numbers (for example 415 to 463). The tree says numbering_scheme 'arabic', which is right.",
Philips-MP20-MP90-Manual,sec_0817,435,5.6-offset_applied,PASS,,"offset_applied is 0. The bookmark page for sec_0817 is the physical page where the heading is found, so no offset is needed. The printed folio differs from the physical page only by front matter.",
Philips-MP20-MP90-Manual,sec_0817,435,5.6-table_content,FAIL,Medium,On p435 tables #/tables/198 to #/tables/202 match the page. But the X2 table #/tables/197 on p434 has no '4 different alarm sounds' line in the 'Sounds' row. The p434 page prints it. That text is not anywhere in the section.,"Lead change: PASS to FAIL Medium, the same grade as the approved v2.15 row. The table text is identical in v2.16. Old problem (BUG-008): still present."
Philips-MP20-MP90-Manual,sec_0817,435,5.5-filters_discarding,PASS,,"p435 has only tables. No figure or icon is visible, so nothing was discarded.",
Philips-MP20-MP90-Manual,sec_0817,435,5.5-filters_passing_noise,PASS,,No image is kept for sec_0817.,
Philips-MP20-MP90-Manual,sec_0817,435,5.5-image_section_mapping,PASS,,No image on p435. images.json is empty.,
Philips-MP20-MP90-Manual,sec_0820,442,5.4-hierarchy_level,PASS,,On p441 the heading 'ECG/Arrhythmia/ST/QT' (#/texts/8016) is smaller than the H2 'Measurement Specifications' above it. Level 3 is right.,
Philips-MP20-MP90-Manual,sec_0820,442,5.4-parent_child,PASS,,Parent is sec_0819 'Measurement Specifications'. No children. Next sibling sec_0821 'Respiration' starts on p443.,
Philips-MP20-MP90-Manual,sec_0820,442,5.4-page_start_end,PASS,,The section runs p441 to p443. The H2 'Measurement Specifications' and its sentence on p441 are not in this section. The 'Respiration' heading on p443 is in sec_0821. On p442 all tables are ECG tables and belong here.,
Philips-MP20-MP90-Manual,sec_0820,442,5.4-hierarchy_path,PASS,,/Installation and Specifications/Measurement Specifications/ECG/Arrhythmia/ST/QT is correct.,
Philips-MP20-MP90-Manual,sec_0820,442,5.4-gaps_duplicates,PASS,,p442 tables #/tables/213 to #/tables/215 are in sec_0820 once. No content on p442 is lost or duplicated.,
Philips-MP20-MP90-Manual,sec_0820,442,5.4-flagged_for_review,PASS,,"sec_0820 has flagged_for_review false and verification_score 100. The heading is visible on its physical page, so no flag is needed.",
Philips-MP20-MP90-Manual,sec_0820,442,5.4-structural_source,PASS,,"sec_0820 has structural_source 'toc'. The bookmark title matches the printed heading, so the provenance is supported.",
Philips-MP20-MP90-Manual,sec_0820,442,5.6-numbering_scheme,PASS,,"The printed folios are arabic numbers (for example 415 to 463). The tree says numbering_scheme 'arabic', which is right.",
Philips-MP20-MP90-Manual,sec_0820,442,5.6-offset_applied,PASS,,"offset_applied is 0. The bookmark page for sec_0820 is the physical page where the heading is found, so no offset is needed. The printed folio differs from the physical page only by front matter.",
Philips-MP20-MP90-Manual,sec_0820,442,5.6-table_content,FAIL,Low,On p442 table #/tables/213 splits the left note 'when the ECG is transmitted from a telemetry device via short range radio' over two rows. 'via' ends row 1 and 'short range radio' starts row 2. Values in the Bandwidth rows stay correct. Tables #/tables/214 and #/tables/215 match the page.,"Merged cell text is split, but order and values are kept. The impact is small."
Philips-MP20-MP90-Manual,sec_0820,442,5.5-filters_discarding,PASS,,p442 has only tables and no picture or icon. Nothing was discarded.,
Philips-MP20-MP90-Manual,sec_0820,442,5.5-filters_passing_noise,PASS,,No image is kept. The blue header bars are not extracted as images.,
Philips-MP20-MP90-Manual,sec_0820,442,5.5-image_section_mapping,PASS,,No image on p442. images.json is empty.,
Philips-MP20-MP90-Manual,sec_0823,449,5.4-hierarchy_level,PASS,,"On p447 the heading 'NBP' (#/texts/8041) is a level 3 heading, like 'SpO2' above it. Level 3 under 'Measurement Specifications' is right.",
Philips-MP20-MP90-Manual,sec_0823,449,5.4-parent_child,PASS,,Parent is sec_0819. No children. Previous sibling sec_0822 'SpO2' ends on p447. Next sibling sec_0824 starts on p450.,
Philips-MP20-MP90-Manual,sec_0823,449,5.4-page_start_end,PASS,,The section starts on p447 with the heading 'NBP' (#/texts/8041) and ends on p449 with table #/tables/225. The SpO2 tables above the heading on p447 are in sec_0822. 'Invasive Pressure and Pulse' starts on p450 in sec_0824.,
Philips-MP20-MP90-Manual,sec_0823,449,5.4-hierarchy_path,PASS,,/Installation and Specifications/Measurement Specifications/NBP is correct.,
Philips-MP20-MP90-Manual,sec_0823,449,5.4-gaps_duplicates,PASS,,p449 has only the NBP alarm table #/tables/224 and the overpressure table #/tables/225. Both are in sec_0823 once. Nothing is lost.,
Philips-MP20-MP90-Manual,sec_0823,449,5.4-flagged_for_review,PASS,,"sec_0823 has flagged_for_review false and verification_score 100. The heading is visible on its physical page, so no flag is needed.",
Philips-MP20-MP90-Manual,sec_0823,449,5.4-structural_source,PASS,,"sec_0823 has structural_source 'toc'. The bookmark title matches the printed heading, so the provenance is supported.",
Philips-MP20-MP90-Manual,sec_0823,449,5.6-numbering_scheme,PASS,,"The printed folios are arabic numbers (for example 415 to 463). The tree says numbering_scheme 'arabic', which is right.",
Philips-MP20-MP90-Manual,sec_0823,449,5.6-offset_applied,PASS,,"offset_applied is 0. The bookmark page for sec_0823 is the physical page where the heading is found, so no offset is needed. The printed folio differs from the physical page only by front matter.",
Philips-MP20-MP90-Manual,sec_0823,449,5.6-table_content,PASS,,"Tables #/tables/224 and #/tables/225 match p449. Systolic, Diastolic and Mean ranges and the Adult, Pedi and Neo overpressure values are correct. The merged 'not user adjustable' cell is kept.",
Philips-MP20-MP90-Manual,sec_0823,449,5.5-filters_discarding,PASS,,"p449 has only two tables. No figure or icon is visible, so nothing was discarded.",
Philips-MP20-MP90-Manual,sec_0823,449,5.5-filters_passing_noise,PASS,,No image is kept for this section.,
Philips-MP20-MP90-Manual,sec_0823,449,5.5-image_section_mapping,PASS,,No image on p449. images.json is empty.,
Philips-MP20-MP90-Manual,sec_0829,457,5.4-hierarchy_level,PASS,,"On p457 the heading 'Cardiac Output / Continuous Cardiac Output' (#/texts/8096) is level 3, same size as 'tcGas' below. Level 3 is right.",
Philips-MP20-MP90-Manual,sec_0829,457,5.4-parent_child,PASS,,Parent is sec_0819. No children. Previous sibling sec_0828 ends on p456. Next sibling sec_0830 'tcGas' starts lower on p457.,
Philips-MP20-MP90-Manual,sec_0829,457,5.4-page_start_end,PASS,,"Section starts and ends on p457. It has the heading, the C.O./CCO performance table #/tables/241 and the alarm table #/tables/242. The heading 'tcGas' (#/texts/8098) and the following tcGas table are in sec_0830. page_start and page_end are both 457, which is right.",
Philips-MP20-MP90-Manual,sec_0829,457,5.4-hierarchy_path,PASS,,/Installation and Specifications/Measurement Specifications/Cardiac Output / Continuous Cardiac Output is correct.,
Philips-MP20-MP90-Manual,sec_0829,457,5.4-gaps_duplicates,PASS,,Both tables are in sec_0829 once. The two sections on p457 do not share content.,
Philips-MP20-MP90-Manual,sec_0829,457,5.4-flagged_for_review,PASS,,"sec_0829 has flagged_for_review false and verification_score 100. The heading is visible on its physical page, so no flag is needed.",
Philips-MP20-MP90-Manual,sec_0829,457,5.4-structural_source,PASS,,"sec_0829 has structural_source 'toc'. The bookmark title matches the printed heading, so the provenance is supported.",
Philips-MP20-MP90-Manual,sec_0829,457,5.6-numbering_scheme,PASS,,"The printed folios are arabic numbers (for example 415 to 463). The tree says numbering_scheme 'arabic', which is right.",
Philips-MP20-MP90-Manual,sec_0829,457,5.6-offset_applied,PASS,,"offset_applied is 0. The bookmark page for sec_0829 is the physical page where the heading is found, so no offset is needed. The printed folio differs from the physical page only by front matter.",
Philips-MP20-MP90-Manual,sec_0829,457,5.6-table_content,FAIL,Low,"On p457 #/tables/241 and #/tables/242 keep the right rows, columns and numbers. The page shows a plus-minus sign, but #/tables/241 has a plain '+' ('+3% or 0.1 l/min', '+10% or 30 ml').","Lead change: PASS to FAIL Low, the same grade as the approved v2.15 row. The table text is identical in v2.16. Old problem (no BUG id): the sign loses its minus part. Probably a text-layer limit."
Philips-MP20-MP90-Manual,sec_0829,457,5.5-filters_discarding,PASS,,"p457 has only tables and headings. No figure or icon is visible, so nothing was discarded.",
Philips-MP20-MP90-Manual,sec_0829,457,5.5-filters_passing_noise,PASS,,No image is kept for this section.,
Philips-MP20-MP90-Manual,sec_0829,457,5.5-image_section_mapping,PASS,,No image on p457. images.json is empty.,
Philips-MP20-MP90-Manual,sec_0844,464,5.4-hierarchy_level,PASS,,On p463 the heading 'Restart time' (#/texts/8154) has the same style as its sibling headings 'Fast Transients/Bursts' and 'Electrosurgery Interference/Defibrillation/Electrostatic Discharge'. hierarchy_level 4 fits as a child of sec_0841 (level 3). Sampled page p464 is blank except the page header and folio.,
Philips-MP20-MP90-Manual,sec_0844,464,5.4-parent_child,PASS,,"parent_section_id is sec_0841 and child_sections is empty. On p463 the heading 'Restart time' is a leaf section of its parent, with no sub-headings below it. The sampled page p464 is not the heading page.",
Philips-MP20-MP90-Manual,sec_0844,464,5.4-page_start_end,PASS,,"The section starts at the heading 'Restart time' on p463 (#/texts/8154) and its text ends on p463 (#/texts/8155). Page p464 is blank in the render. Its only nodes (#/texts/8157-8159) are the running header and folio 452. No real content or neighbour content is on p464, so page_end 464 only covers the blank page that ends the chapter.",Boilerplate on a blank last page is not a boundary error. Confidence is lower because page_end is one page after the last text.
Philips-MP20-MP90-Manual,sec_0844,464,5.4-hierarchy_path,PASS,,"hierarchy_path is Installation and Specifications / Safety and Performance Tests / Recommended separation distances ... / Restart time. The page header on p463 reads 'Safety and Performance Tests' and '38 Installation and Specifications', which agrees.",
Philips-MP20-MP90-Manual,sec_0844,464,5.4-gaps_duplicates,PASS,,The nodes of this section (#/texts/8154 heading) each appear once. No visible content of this section is missing or placed in a neighbour section on p464.,
Philips-MP20-MP90-Manual,sec_0844,464,5.4-flagged_for_review,PASS,,"flagged_for_review is false and verification_score is 100. The heading 'Restart time' is at the expected place on p463 and the content is correct, so no flag is needed.",
Philips-MP20-MP90-Manual,sec_0844,464,5.4-structural_source,PASS,,"structural_source is toc. The heading 'Restart time' (#/texts/8154) is visible on p463, so the bookmark title and page agree with the render.",
Philips-MP20-MP90-Manual,sec_0844,464,5.6-numbering_scheme,PASS,,Printed folios are arabic numbers (for example 451 on p463). numbering_scheme arabic is correct.,
Philips-MP20-MP90-Manual,sec_0844,464,5.6-offset_applied,PASS,,"page_start 463 is the physical page where the heading 'Restart time' is rendered. The printed folio there is different, but the tree uses physical pages, so offset_applied 0 is consistent.",
Philips-MP20-MP90-Manual,sec_0844,464,5.5-filters_discarding,PASS,,"No figure, photo or icon is visible on the rendered page p464. images.json has no image for this section. Nothing meaningful was discarded.",
Philips-MP20-MP90-Manual,sec_0844,464,5.5-filters_passing_noise,PASS,,images.json has no image for this section. Nothing decorative was kept as an image on p464. The blue page header bar is not extracted as an image.,
Philips-MP20-MP90-Manual,sec_0844,464,5.5-image_section_mapping,PASS,,"No image is mapped to this section and none is visible on p464, so no mapping is wrong.",
Philips-MP20-MP90-Manual,sec_0846,465,5.4-hierarchy_level,PASS,,On p465 the heading 'Country-Specific Default Settings' (#/texts/8165) is a section heading below the chapter title '39 Default Settings Appendix'. hierarchy_level 2 fits as a child of the chapter sec_0845 (level 1).,
Philips-MP20-MP90-Manual,sec_0846,465,5.4-parent_child,PASS,,"parent_section_id is sec_0845 and child_sections is empty. On p465 the heading 'Country-Specific Default Settings' is a leaf section of its parent, with no sub-headings below it.",
Philips-MP20-MP90-Manual,sec_0846,465,5.4-page_start_end,PASS,,The section starts with the heading 'Country-Specific Default Settings' (#/texts/8165) on p465 and its last content is on p470. page_start/page_end 465-470 match the render. The next heading starts in the next section.,
Philips-MP20-MP90-Manual,sec_0846,465,5.4-hierarchy_path,PASS,,"hierarchy_path ends with 'Country-Specific Default Settings'. This matches the heading on p465, and the ancestors match the page header and the chapter title in the render.",
Philips-MP20-MP90-Manual,sec_0846,465,5.4-gaps_duplicates,PASS,,"The nodes of this section (#/texts/8165 heading, #/tables/255-260) each appear once. No visible content of this section is missing or placed in a neighbour section on p465.",
Philips-MP20-MP90-Manual,sec_0846,465,5.4-flagged_for_review,PASS,,"flagged_for_review is false and verification_score is 100. The heading 'Country-Specific Default Settings' is at the expected place on p465 and the content is correct, so no flag is needed.",
Philips-MP20-MP90-Manual,sec_0846,465,5.4-structural_source,PASS,,"structural_source is toc. The heading 'Country-Specific Default Settings' (#/texts/8165) is visible on p465, so the bookmark title and page agree with the render.",
Philips-MP20-MP90-Manual,sec_0846,465,5.6-numbering_scheme,PASS,,Printed folios are arabic numbers (for example 453 on p465). numbering_scheme arabic is correct.,
Philips-MP20-MP90-Manual,sec_0846,465,5.6-offset_applied,PASS,,"page_start 465 is the physical page where the heading 'Country-Specific Default Settings' is rendered. The printed folio there is different, but the tree uses physical pages, so offset_applied 0 is consistent.",
Philips-MP20-MP90-Manual,sec_0846,465,5.6-table_content,PASS,,"The country table is one long table split over p465-470 (#/tables/255-260). The header row repeats only on p465. Sampled page p465: row text, values and order match the render (for example Afghanistan to Belgium on p465, Philippines to Tunisia on p469, Turkey to Zimbabwe on p470).",
Philips-MP20-MP90-Manual,sec_0846,465,5.5-filters_discarding,PASS,,"No figure, photo or icon is visible on the rendered page p465. images.json has no image for this section. Nothing meaningful was discarded.",
Philips-MP20-MP90-Manual,sec_0846,465,5.5-filters_passing_noise,PASS,,images.json has no image for this section. Nothing decorative was kept as an image on p465. The blue page header bar is not extracted as an image.,
Philips-MP20-MP90-Manual,sec_0846,465,5.5-image_section_mapping,PASS,,"No image is mapped to this section and none is visible on p465, so no mapping is wrong.",
Philips-MP20-MP90-Manual,sec_0849,474,5.4-hierarchy_level,PASS,,"On p472 the heading 'ECG, Arrhythmia, ST and QT Default Settings' (#/texts/8191) has the size of the other Default Settings section headings. hierarchy_level 2 fits as a child of the chapter sec_0845 (level 1). The sampled page p474 is not the heading page.",
Philips-MP20-MP90-Manual,sec_0849,474,5.4-parent_child,PASS,,"parent_section_id is sec_0845 and child_sections is empty. On p472 the heading 'ECG, Arrhythmia, ST and QT Default Settings' is a leaf section of its parent, with no sub-headings below it. The sampled page p474 is not the heading page.",
Philips-MP20-MP90-Manual,sec_0849,474,5.4-page_start_end,PASS,,"The section starts with the heading 'ECG, Arrhythmia, ST and QT Default Settings' (#/texts/8191) on p472 and its last content is on p474. page_start/page_end 472-474 match the render. The next heading starts in the next section.",
Philips-MP20-MP90-Manual,sec_0849,474,5.4-hierarchy_path,PASS,,"hierarchy_path ends with 'ECG, Arrhythmia, ST and QT Default Settings'. This matches the heading on p472, and the ancestors match the page header and the chapter title in the render.",
Philips-MP20-MP90-Manual,sec_0849,474,5.4-gaps_duplicates,PASS,,"The nodes of this section (#/texts/8191 heading, #/tables/262-267) each appear once. No visible content of this section is missing or placed in a neighbour section on p474.",
Philips-MP20-MP90-Manual,sec_0849,474,5.4-flagged_for_review,PASS,,"flagged_for_review is false and verification_score is 100. The heading 'ECG, Arrhythmia, ST and QT Default Settings' is at the expected place on p472 and the content is correct, so no flag is needed.",
Philips-MP20-MP90-Manual,sec_0849,474,5.4-structural_source,PASS,,"structural_source is toc. The heading 'ECG, Arrhythmia, ST and QT Default Settings' (#/texts/8191) is visible on p472, so the bookmark title and page agree with the render.",
Philips-MP20-MP90-Manual,sec_0849,474,5.6-numbering_scheme,PASS,,Printed folios are arabic numbers (for example 460 on p472). numbering_scheme arabic is correct.,
Philips-MP20-MP90-Manual,sec_0849,474,5.6-offset_applied,PASS,,"page_start 472 is the physical page where the heading 'ECG, Arrhythmia, ST and QT Default Settings' is rendered. The printed folio there is different, but the tree uses physical pages, so offset_applied 0 is consistent.",
Philips-MP20-MP90-Manual,sec_0849,474,5.6-table_content,PASS,,"The six tables (#/tables/262-267) match the render on p472-474. Merged cells show as blank cells, but each value stays on its row. For example ""Brady Clamp | 40 bpm | | 50 bpm | 40 bpm | 60 bpm | 80 bpm"" matches p472.",
Philips-MP20-MP90-Manual,sec_0849,474,5.5-filters_discarding,PASS,,"No figure, photo or icon is visible on the rendered page p474. images.json has no image for this section. Nothing meaningful was discarded.",
Philips-MP20-MP90-Manual,sec_0849,474,5.5-filters_passing_noise,PASS,,images.json has no image for this section. Nothing decorative was kept as an image on p474. The blue page header bar is not extracted as an image.,
Philips-MP20-MP90-Manual,sec_0849,474,5.5-image_section_mapping,PASS,,"No image is mapped to this section and none is visible on p474, so no mapping is wrong.",
Philips-MP20-MP90-Manual,sec_0864,484,5.4-hierarchy_level,PASS,,On p483 the heading 'BIS Default Settings' (#/texts/8240) has the size of the other Default Settings section headings. hierarchy_level 2 fits as a child of the chapter sec_0845 (level 1). The sampled page p484 is not the heading page.,
Philips-MP20-MP90-Manual,sec_0864,484,5.4-parent_child,PASS,,"parent_section_id is sec_0845 and child_sections is empty. On p483 the heading 'BIS Default Settings' is a leaf section of its parent, with no sub-headings below it. The sampled page p484 is not the heading page.",
Philips-MP20-MP90-Manual,sec_0864,484,5.4-page_start_end,PASS,,The section starts with the heading 'BIS Default Settings' (#/texts/8240) on p483 and its last content is on p484. page_start/page_end 483-484 match the render. The next heading starts in the next section.,
Philips-MP20-MP90-Manual,sec_0864,484,5.4-hierarchy_path,PASS,,"hierarchy_path ends with 'BIS Default Settings'. This matches the heading on p483, and the ancestors match the page header and the chapter title in the render.",
Philips-MP20-MP90-Manual,sec_0864,484,5.4-gaps_duplicates,PASS,,"The nodes of this section (#/texts/8240 heading, #/tables/291 and #/tables/292) each appear once. No visible content of this section is missing or placed in a neighbour section on p484.",
Philips-MP20-MP90-Manual,sec_0864,484,5.4-flagged_for_review,PASS,,"flagged_for_review is false and verification_score is 100. The heading 'BIS Default Settings' is at the expected place on p483 and the content is correct, so no flag is needed.",
Philips-MP20-MP90-Manual,sec_0864,484,5.4-structural_source,PASS,,"structural_source is toc. The heading 'BIS Default Settings' (#/texts/8240) is visible on p483, so the bookmark title and page agree with the render.",
Philips-MP20-MP90-Manual,sec_0864,484,5.6-numbering_scheme,PASS,,Printed folios are arabic numbers (for example 471 on p483). numbering_scheme arabic is correct.,
Philips-MP20-MP90-Manual,sec_0864,484,5.6-offset_applied,PASS,,"page_start 483 is the physical page where the heading 'BIS Default Settings' is rendered. The printed folio there is different, but the tree uses physical pages, so offset_applied 0 is consistent.",
Philips-MP20-MP90-Manual,sec_0864,484,5.6-table_content,PASS,,Tables #/tables/291 (p483) and #/tables/292 (p484) match the render. The BIS table is split over two pages and the header repeats on p484. All rows from SQI to Color are kept.,
Philips-MP20-MP90-Manual,sec_0864,484,5.5-filters_discarding,PASS,,"No figure, photo or icon is visible on the rendered page p484. images.json has no image for this section. Nothing meaningful was discarded.",
Philips-MP20-MP90-Manual,sec_0864,484,5.5-filters_passing_noise,PASS,,images.json has no image for this section. Nothing decorative was kept as an image on p484. The blue page header bar is not extracted as an image.,
Philips-MP20-MP90-Manual,sec_0864,484,5.5-image_section_mapping,PASS,,"No image is mapped to this section and none is visible on p484, so no mapping is wrong.",
Philips-MP20-MP90-Manual,sec_0865,484,5.4-hierarchy_level,PASS,,On p484 the heading 'VueLink Default Settings' (#/texts/8244) has the size of the other Default Settings section headings. hierarchy_level 2 fits as a child of the chapter sec_0845 (level 1).,
Philips-MP20-MP90-Manual,sec_0865,484,5.4-parent_child,PASS,,"parent_section_id is sec_0845 and child_sections is empty. On p484 the heading 'VueLink Default Settings' is a leaf section of its parent, with no sub-headings below it.",
Philips-MP20-MP90-Manual,sec_0865,484,5.4-page_start_end,PASS,,The section starts with the heading 'VueLink Default Settings' (#/texts/8244) on p484 and its last content is on p484. page_start/page_end 484-484 match the render. The next heading starts in the next section.,
Philips-MP20-MP90-Manual,sec_0865,484,5.4-hierarchy_path,PASS,,"hierarchy_path ends with 'VueLink Default Settings'. This matches the heading on p484, and the ancestors match the page header and the chapter title in the render.",
Philips-MP20-MP90-Manual,sec_0865,484,5.4-gaps_duplicates,PASS,,"The nodes of this section (#/texts/8244 heading, #/tables/293) each appear once. No visible content of this section is missing or placed in a neighbour section on p484.",
Philips-MP20-MP90-Manual,sec_0865,484,5.4-flagged_for_review,PASS,,"flagged_for_review is false and verification_score is 100. The heading 'VueLink Default Settings' is at the expected place on p484 and the content is correct, so no flag is needed.",
Philips-MP20-MP90-Manual,sec_0865,484,5.4-structural_source,PASS,,"structural_source is toc. The heading 'VueLink Default Settings' (#/texts/8244) is visible on p484, so the bookmark title and page agree with the render.",
Philips-MP20-MP90-Manual,sec_0865,484,5.6-numbering_scheme,PASS,,Printed folios are arabic numbers (for example 472 on p484). numbering_scheme arabic is correct.,
Philips-MP20-MP90-Manual,sec_0865,484,5.6-offset_applied,PASS,,"page_start 484 is the physical page where the heading 'VueLink Default Settings' is rendered. The printed folio there is different, but the tree uses physical pages, so offset_applied 0 is consistent.",
Philips-MP20-MP90-Manual,sec_0865,484,5.6-table_content,PASS,,"Table #/tables/293 on p484 has two rows: ""Device Alarms | Ignored"" and ""Color | Green"". Both match the render.",
Philips-MP20-MP90-Manual,sec_0865,484,5.5-filters_discarding,PASS,,"No figure, photo or icon is visible on the rendered page p484. images.json has no image for this section. Nothing meaningful was discarded.",
Philips-MP20-MP90-Manual,sec_0865,484,5.5-filters_passing_noise,PASS,,images.json has no image for this section. Nothing decorative was kept as an image on p484. The blue page header bar is not extracted as an image.,
Philips-MP20-MP90-Manual,sec_0865,484,5.5-image_section_mapping,PASS,,"No image is mapped to this section and none is visible on p484, so no mapping is wrong.",
Philips-MP20-MP90-Manual,DOCUMENT-LEVEL,,5.6-sanity_report,PASS,,"run.log shows no hard failure and the run finished. bookmark_sanity made one repair: the cover bookmark 'M8000-9001K_cover_22sep08.pdf' has no destination, so it and its 1 child were dropped as orphan front matter (dropped_orphan_subtree). 868 bookmarks - 2 dropped - 1 excluded (list_of_symbols) = 865 sections, the same as tree.json and validation_report.json. toc_resolution: arabic, global offset 0, 0/865 flagged. Validation PASS. 272 images, the same as images_v1.json.","Checked by the lead in logs/run.log of v2.16 and compared with v2.15: only stage times and the image count change (263 -> 272, Phase 0 image filter for BUG-017/BUG-020). Same result as the approved v2.15 row."
Philips-MP20-MP90-Manual,sec_0013,20,5.4-hierarchy_level,PASS,,On p20 'Docking Station' has the same bold style as 'Remote Alarm Device'. hierarchy_level 3 matches.,
Philips-MP20-MP90-Manual,sec_0013,20,5.4-parent_child,PASS,,Parent is sec_0002 and sec_0013 is its last child with no children. This fits the heading position on p20.,
Philips-MP20-MP90-Manual,sec_0013,20,5.4-page_start_end,PASS,,"On p20 the heading #/texts/185, the intro #/texts/186, the WARNING #/texts/187 and #/texts/188, the transport text #/texts/189 and the callouts #/texts/190 to #/texts/194 are in sec_0013. The alarm device legend above the heading is in sec_0012, not here. The section ends on p21 with the docking legend.",
Philips-MP20-MP90-Manual,sec_0013,20,5.4-hierarchy_path,PASS,,hierarchy_path is /Basic Operation/Introducing the IntelliVue Family/Docking Station. This matches the nesting.,
Philips-MP20-MP90-Manual,sec_0013,20,5.4-gaps_duplicates,PASS,,The WARNING label (#/texts/187) and its full text (#/texts/188) are together in sec_0013. The text and callouts 1 to 5 under the heading are all here once. No text is missing or doubled.,
Philips-MP20-MP90-Manual,sec_0013,20,5.4-flagged_for_review,PASS,,"flagged_for_review is false, score 100. The heading is on p20 as expected.",
Philips-MP20-MP90-Manual,sec_0013,20,5.4-structural_source,PASS,,structural_source is toc and the heading is on the bookmark page. This is supported.,
Philips-MP20-MP90-Manual,sec_0013,20,5.6-numbering_scheme,PASS,,Folio 8 on p20 is arabic. numbering_scheme arabic is correct.,
Philips-MP20-MP90-Manual,sec_0013,20,5.6-offset_applied,PASS,,"offset_applied is 0. The heading is on physical p20, the bookmark page.",
Philips-MP20-MP90-Manual,sec_0013,20,5.5-filters_discarding,PASS,,"The docking station photo on p20 was kept as img_0012 (512x321). The orange rules and the WARNING word are text or thin lines, with no meaningful picture lost. The callouts 1 to 5 stay as text nodes.","verify_claims flags a 257x397 px raster on p20 not in images_v1.json. It is the alarm device photo, kept inside the vector crop img_0013 (sec_0012). It is not lost, so I treat this as a false alarm."
Philips-MP20-MP90-Manual,sec_0013,20,5.5-filters_passing_noise,PASS,,"The only image kept on p20 for this section is img_0012, the real docking station photo. No noise image is kept.",
Philips-MP20-MP90-Manual,sec_0013,20,5.5-image_section_mapping,PASS,,img_0012 is below the docking text on p20 and is mapped to sec_0013. This is right. The alarm device image img_0013 stays in sec_0012.,
Philips-MP20-MP90-Manual,sec_0013,21,5.4-hierarchy_level,PASS,,On p21 the section only continues. The legend (1 Open position to 5 Locked Position) is the end of the docking station figure. hierarchy_level 3 is still correct from p20.,
Philips-MP20-MP90-Manual,sec_0013,21,5.4-parent_child,PASS,,"Parent sec_0002 is right. On p21 the next heading 'Devices for Acquiring Measurements' is the sibling-level sec_0014, which is a child of sec_0001, not of sec_0013.",
Philips-MP20-MP90-Manual,sec_0013,21,5.4-page_start_end,PASS,,On p21 the legend lines #/texts/204 to #/texts/208 are printed above the heading 'Devices for Acquiring Measurements'. They describe the docking station figure and are correctly in sec_0013. The heading and body below belong to sec_0014 and are not in sec_0013. page_end 21 is right.,The p21 running header nodes #/texts/201 and #/texts/202 are boilerplate kept as text (BUG-022). They stay inside the section range.
Philips-MP20-MP90-Manual,sec_0013,21,5.4-hierarchy_path,PASS,,hierarchy_path is /Basic Operation/Introducing the IntelliVue Family/Docking Station. It matches the nesting.,
Philips-MP20-MP90-Manual,sec_0013,21,5.4-gaps_duplicates,PASS,,All 5 legend lines on p21 are in sec_0013 and none are in sec_0014. Nothing from the docking figure is missing.,
Philips-MP20-MP90-Manual,sec_0013,21,5.4-flagged_for_review,PASS,,"flagged_for_review is false, score 100. This is right for p21 too.",
Philips-MP20-MP90-Manual,sec_0013,21,5.4-structural_source,PASS,,structural_source is toc. This is supported by the heading on p20.,
Philips-MP20-MP90-Manual,sec_0013,21,5.6-numbering_scheme,PASS,,Folio 9 on p21 is arabic. numbering_scheme arabic is correct.,
Philips-MP20-MP90-Manual,sec_0013,21,5.6-offset_applied,PASS,,"offset_applied is 0. Physical p21 is the bookmark page for the next heading, and sec_0013 range ends there as expected.",
Philips-MP20-MP90-Manual,sec_0013,21,5.5-filters_discarding,PASS,,"The only picture on p21 is the Flexible Module Rack photo (img_0014, mapped to sec_0015). Nothing in the sec_0013 part of p21 is a picture, so nothing is dropped.",
Philips-MP20-MP90-Manual,sec_0013,21,5.5-filters_passing_noise,PASS,,No noise image from p21 is kept in sec_0013. img_0014 is a real photo.,
Philips-MP20-MP90-Manual,sec_0013,21,5.5-image_section_mapping,PASS,,"The rack photo img_0014 is below the 'Flexible Module Rack (M8048A)' heading and is mapped to sec_0015, which is right. No image on p21 belongs to sec_0013.",
Philips-MP20-MP90-Manual,sec_0016,22,5.4-hierarchy_level,PASS,,On p22 'Measurement Modules' has the same bold style as 'Flexible Module Rack' under 'Devices for Acquiring Measurements'. hierarchy_level 3 matches.,
Philips-MP20-MP90-Manual,sec_0016,22,5.4-parent_child,PASS,,"Parent is sec_0014 'Devices for Acquiring Measurements', which is the chapter section shown in the page header. No children. This is coherent.",
Philips-MP20-MP90-Manual,sec_0016,22,5.4-page_start_end,PASS,,"sec_0016 begins with heading #/texts/228 at the top of p22 and has the intro, the 13 bullets (#/texts/230 to #/texts/242), the three text blocks and the example module legend. It ends at the figure at the bottom of p22. The next section sec_0017 starts on p23. Boundaries are right.",
Philips-MP20-MP90-Manual,sec_0016,22,5.4-hierarchy_path,PASS,,hierarchy_path is /Basic Operation/Devices for Acquiring Measurements/Measurement Modules. This matches the nesting.,
Philips-MP20-MP90-Manual,sec_0016,22,5.4-gaps_duplicates,PASS,,All 13 bullet items on p22 are present once. The legend 1 to 5 (#/texts/247 to #/texts/251) is present. No missing or doubled text.,"A hidden text node '80x80' (#/texts/252) is kept, but it is not visible on the page. It is minor noise inside the section."
Philips-MP20-MP90-Manual,sec_0016,22,5.4-flagged_for_review,PASS,,"flagged_for_review is false, score 100. The heading is at the top of p22 as expected.",
Philips-MP20-MP90-Manual,sec_0016,22,5.4-structural_source,PASS,,structural_source is toc and the heading is on the bookmark page 22.,
Philips-MP20-MP90-Manual,sec_0016,22,5.6-numbering_scheme,PASS,,Folio 10 on p22 is arabic. numbering_scheme arabic is correct.,
Philips-MP20-MP90-Manual,sec_0016,22,5.6-offset_applied,PASS,,"offset_applied is 0. The heading is on physical p22, the bookmark page.",
Philips-MP20-MP90-Manual,sec_0016,22,5.5-filters_discarding,PASS,,The pressure module drawing on p22 was kept as vector image img_0015 (295x306) with the words PRESS and Press and callouts 1 to 5. No visual is lost.,
Philips-MP20-MP90-Manual,sec_0016,22,5.5-filters_passing_noise,PASS,,img_0015 is the real module drawing. No rule or logo image is kept for sec_0016.,
Philips-MP20-MP90-Manual,sec_0016,22,5.5-image_section_mapping,PASS,,img_0015 is at the bottom of p22 under 'Example Module (Pressure)' and is mapped to sec_0016. This is right.,
Philips-MP20-MP90-Manual,sec_0019,25,5.4-hierarchy_level,PASS,,On p25 'X2 Overview' is a small bold heading under the larger 'X2 Multi-Measurement Module (M3002A)'. hierarchy_level 4 matches.,
Philips-MP20-MP90-Manual,sec_0019,25,5.4-parent_child,PASS,,"Parent is sec_0018 'X2 Multi-Measurement Module (M3002A)', which is the heading above it on p25. No children. This is coherent.",
Philips-MP20-MP90-Manual,sec_0019,25,5.4-page_start_end,PASS,,"On p25 the heading #/texts/311, the callout digits #/texts/312 to #/texts/325, the legend 1 to 8 (#/texts/326 to #/texts/333) and the folio are in sec_0019. The intro text of the X2 is above this heading, in sec_0018. Next section sec_0020 starts on p26. Boundaries are right.",
Philips-MP20-MP90-Manual,sec_0019,25,5.4-hierarchy_path,PASS,,hierarchy_path ends with X2 Multi-Measurement Module (M3002A)/X2 Overview. This matches the nesting.,
Philips-MP20-MP90-Manual,sec_0019,25,5.4-gaps_duplicates,PASS,,All 8 legend lines are in sec_0019 once. The 14 callout digits are present. Nothing is missing or doubled.,
Philips-MP20-MP90-Manual,sec_0019,25,5.4-flagged_for_review,PASS,,"flagged_for_review is false, score 100. The heading is on p25.",
Philips-MP20-MP90-Manual,sec_0019,25,5.4-structural_source,PASS,,structural_source is toc and the heading is on the bookmark page.,
Philips-MP20-MP90-Manual,sec_0019,25,5.6-numbering_scheme,PASS,,Folio 13 on p25 is arabic. numbering_scheme arabic is correct.,
Philips-MP20-MP90-Manual,sec_0019,25,5.6-offset_applied,PASS,,"offset_applied is 0. The heading is on physical p25, the bookmark page.",
Philips-MP20-MP90-Manual,sec_0019,25,5.5-filters_discarding,PASS,,The X2 photo on p25 was kept as img_0020 (443x342). No picture was dropped.,
Philips-MP20-MP90-Manual,sec_0019,25,5.5-filters_passing_noise,PASS,,"Only img_0020, the real X2 photo, is kept for p25. No noise image.",
Philips-MP20-MP90-Manual,sec_0019,25,5.5-image_section_mapping,PASS,,img_0020 is under the 'X2 Overview' heading and is mapped to sec_0019. This is right.,
Philips-MP20-MP90-Manual,sec_0020,26,5.4-hierarchy_level,PASS,,On p26 'X2 Controls and Indicators' is a small bold heading like 'X2 Overview'. hierarchy_level 4 matches.,
Philips-MP20-MP90-Manual,sec_0020,26,5.4-parent_child,PASS,,"Parent is sec_0018, the same as its siblings sec_0019 and sec_0021. No children. This is coherent.",
Philips-MP20-MP90-Manual,sec_0020,26,5.4-page_start_end,PASS,,"On p26 sec_0020 has the heading #/texts/337, the figure callouts #/texts/338 to #/texts/348 and the legend 1 to 11 (#/texts/368 to #/texts/378). The heading 'X2 Patient Connectors, Right Side' and its legend start sec_0021 lower on the page, and none of that is in sec_0020. Boundaries are right.",
Philips-MP20-MP90-Manual,sec_0020,26,5.4-hierarchy_path,PASS,,hierarchy_path ends with X2 Multi-Measurement Module (M3002A)/X2 Controls and Indicators. This matches the nesting.,
Philips-MP20-MP90-Manual,sec_0020,26,5.4-gaps_duplicates,PASS,,"All 11 callouts and all 11 legend lines are in sec_0020 once. Nothing is missing, and the legend of the connectors figure is not mixed in.",
Philips-MP20-MP90-Manual,sec_0020,26,5.4-flagged_for_review,PASS,,"flagged_for_review is false, score 100. The heading is on p26.",
Philips-MP20-MP90-Manual,sec_0020,26,5.4-structural_source,PASS,,structural_source is toc and the heading is on the bookmark page.,
Philips-MP20-MP90-Manual,sec_0020,26,5.6-numbering_scheme,PASS,,Folio 14 on p26 is arabic. numbering_scheme arabic is correct.,
Philips-MP20-MP90-Manual,sec_0020,26,5.6-offset_applied,PASS,,"offset_applied is 0. The heading is on physical p26, the bookmark page.",
Philips-MP20-MP90-Manual,sec_0020,26,5.5-filters_discarding,PASS,,"The whole controls figure (monitor, LED close-ups, key panel, power switch, callouts 1 to 11) is in vector image img_0026 (603x675). Small symbols are inside it. No picture is cut or lost.","verify_claims flags small raster pieces on p26 not in images_v1.json. I checked img_0026: it is a vector crop that contains all of them (monitor photo, LED close-ups, key panel, power switch). So nothing is lost. I treat this as a false alarm."
Philips-MP20-MP90-Manual,sec_0020,26,5.5-filters_passing_noise,PASS,,img_0026 holds only the controls figure. No noise or running header text is inside the crop.,
Philips-MP20-MP90-Manual,sec_0020,26,5.5-image_section_mapping,PASS,,"img_0026 is in the top half of p26 and is mapped to sec_0020. The connector photos img_0021 to img_0025 are below the 'X2 Patient Connectors, Right Side' heading and are mapped to sec_0021. This is right.",
Philips-MP20-MP90-Manual,sec_0024,28,5.4-hierarchy_level,PASS,,"On p28 the heading 'M3014A, M3015A and M3016A Capnography MMS Extensions' is small bold, under the larger 'MMS Extensions'. hierarchy_level 4 matches.",
Philips-MP20-MP90-Manual,sec_0024,28,5.4-parent_child,PASS,,"Parent is sec_0023 'MMS Extensions', which starts on p27. No children. This is coherent.",
Philips-MP20-MP90-Manual,sec_0024,28,5.4-page_start_end,PASS,,"On p28 the heading #/texts/404 and the two paragraphs #/texts/405 and #/texts/406 are in sec_0024. On p29 the three device photos, their labels and legend are also here, and sec_0025 starts on p30. All text nodes are right. Only the hand photo at the top of p28 is wrong (see 5.5-image_section_mapping).","The photo has no text, so I grade it only in the image row."
Philips-MP20-MP90-Manual,sec_0024,28,5.4-hierarchy_path,PASS,,"hierarchy_path ends with MMS Extensions/M3014A, M3015A and M3016A Capnography MMS Extensions. This matches the nesting.",
Philips-MP20-MP90-Manual,sec_0024,28,5.4-gaps_duplicates,PASS,,"All text of this heading on p28 and p29 is present once, including all 7 legend entries and the labels M3014A, M3015A and M3016A. No text is missing or doubled.",
Philips-MP20-MP90-Manual,sec_0024,28,5.4-flagged_for_review,PASS,,"flagged_for_review is false, score 100. The heading is on p28.",
Philips-MP20-MP90-Manual,sec_0024,28,5.4-structural_source,PASS,,structural_source is toc and the heading is on the bookmark page 28.,
Philips-MP20-MP90-Manual,sec_0024,28,5.6-numbering_scheme,PASS,,Folios 16 (p28) and 17 (p29) are arabic. numbering_scheme arabic is correct.,
Philips-MP20-MP90-Manual,sec_0024,28,5.6-offset_applied,PASS,,"offset_applied is 0. The heading is on physical p28, the bookmark page.",
Philips-MP20-MP90-Manual,sec_0024,28,5.5-filters_discarding,PASS,,"The hand photo on p28 (img_0029) and the three device photos on p29 (img_0030, img_0031, img_0032) were all kept. Nothing is dropped.",
Philips-MP20-MP90-Manual,sec_0024,28,5.5-filters_passing_noise,PASS,,All four kept images are real photos. No noise image.,
Philips-MP20-MP90-Manual,sec_0024,28,5.5-image_section_mapping,FAIL,Medium,"On p28 the hand photo img_0029 (230x182, arrows showing how to separate an extension) is printed at the top of the page, above the heading #/texts/404. It follows the text 'To separate an extension from the MMS...' from p27, so it belongs to sec_0023 'MMS Extensions'. It is mapped to sec_0024. The three p29 photos are mapped correctly.","Probably BUG-023 style: the image is placed by page, not by position above the heading. The photo is not lost, but sec_0023 has no image for its own text. Medium because the image has no text and is only in the wrong sibling."
Philips-MP20-MP90-Manual,sec_0025,30,5.4-hierarchy_level,PASS,,The heading 'M3012A Hemodynamic MMS Extension' is drawn at the size of a level 4 heading and hierarchy_level is 4.,
Philips-MP20-MP90-Manual,sec_0025,30,5.4-parent_child,PASS,,The parent is MMS Extensions (sec_0023) and the page shows 'M3012A Hemodynamic MMS Extension' as one of its topics. The child_sections list matches the headings on the page.,
Philips-MP20-MP90-Manual,sec_0025,30,5.4-page_start_end,PASS,,"On p30 the heading (#/texts/436), photo callouts 1-4, legend items and two body paragraphs (#/texts/445, #/texts/446) are in sec_0025. The next heading 'Operating and Navigating' is on p31 and is not in it. Running header and folio 18 stay in their own page.",
Philips-MP20-MP90-Manual,sec_0025,30,5.4-hierarchy_path,PASS,,The hierarchy_path ends with 'M3012A Hemodynamic MMS Extension' and its ancestors match the page running header and heading sizes.,
Philips-MP20-MP90-Manual,sec_0025,30,5.4-gaps_duplicates,PASS,,'M3012A Hemodynamic MMS Extension' appears once. Its nodes are not repeated in a neighbour and no node of its body is missing.,
Philips-MP20-MP90-Manual,sec_0025,30,5.4-flagged_for_review,PASS,,"flagged_for_review is false and verification_score is 100. The heading 'M3012A Hemodynamic MMS Extension' is found on the declared page, so no flag is needed.",
Philips-MP20-MP90-Manual,sec_0025,30,5.4-structural_source,PASS,,"structural_source is toc. The heading 'M3012A Hemodynamic MMS Extension' is on the bookmarked page, so the TOC source is supported.",
Philips-MP20-MP90-Manual,sec_0025,30,5.6-numbering_scheme,PASS,,numbering_scheme is arabic. The printed folios are arabic numbers (p30 shows 18).,
Philips-MP20-MP90-Manual,sec_0025,30,5.6-offset_applied,PASS,,offset_applied is 0 and the heading 'M3012A Hemodynamic MMS Extension' is on the declared physical page. The printed folio differs from the physical page by a constant amount and is not used for page_start.,
Philips-MP20-MP90-Manual,sec_0025,30,5.5-filters_discarding,PASS,,The only picture on p30 is the M3012A photo and img_0033 holds it. Callout numbers 1-4 are kept as text in sec_0025.,
Philips-MP20-MP90-Manual,sec_0025,30,5.5-filters_passing_noise,PASS,,"No decorative image is kept for 'M3012A Hemodynamic MMS Extension'. The page has no rule, logo or footer image in the extracted images.",
Philips-MP20-MP90-Manual,sec_0025,30,5.5-image_section_mapping,PASS,,"img_0033 (472x437) on p30 is the M3012A photo. It is mapped to sec_0025, which owns the heading above it.",
Philips-MP20-MP90-Manual,sec_0026,31,5.4-hierarchy_level,PASS,,The heading 'Operating and Navigating' is drawn at the size of a level 2 heading and hierarchy_level is 2.,
Philips-MP20-MP90-Manual,sec_0026,31,5.4-parent_child,PASS,,The parent is Basic Operation (sec_0001) and the page shows 'Operating and Navigating' as one of its topics. The child_sections list matches the headings on the page.,
Philips-MP20-MP90-Manual,sec_0026,31,5.4-page_start_end,PASS,,"On p31 the heading (#/texts/450), two intro paragraphs, the screen figure callout numbers 1-18 and tables/12 are all in sec_0026. Page 38 ends with the calculator section, so page_end 38 is right for this parent. Content starts and ends at the right boundaries.",
Philips-MP20-MP90-Manual,sec_0026,31,5.4-hierarchy_path,PASS,,The hierarchy_path ends with 'Operating and Navigating' and its ancestors match the page running header and heading sizes.,
Philips-MP20-MP90-Manual,sec_0026,31,5.4-gaps_duplicates,PASS,,'Operating and Navigating' appears once. Its nodes are not repeated in a neighbour and no node of its body is missing.,
Philips-MP20-MP90-Manual,sec_0026,31,5.4-flagged_for_review,PASS,,"flagged_for_review is false and verification_score is 100. The heading 'Operating and Navigating' is found on the declared page, so no flag is needed.",
Philips-MP20-MP90-Manual,sec_0026,31,5.4-structural_source,PASS,,"structural_source is toc. The heading 'Operating and Navigating' is on the bookmarked page, so the TOC source is supported.",
Philips-MP20-MP90-Manual,sec_0026,31,5.6-numbering_scheme,PASS,,numbering_scheme is arabic. The printed folios are arabic numbers (p31 shows 19).,
Philips-MP20-MP90-Manual,sec_0026,31,5.6-offset_applied,PASS,,offset_applied is 0 and the heading 'Operating and Navigating' is on the declared physical page. The printed folio differs from the physical page by a constant amount and is not used for page_start.,
Philips-MP20-MP90-Manual,sec_0026,31,5.6-table_content,PASS,,"On p31 tables/12 has 18 numbered entries in two column pairs. Items 1-9 and 10-18 match the printed table, including the long text of items 1, 17 and 18.",
Philips-MP20-MP90-Manual,sec_0026,31,5.5-filters_discarding,FAIL,Medium,On p31 img_0034 is only the monitor screenshot (1024x800). The callout numbers 1-18 and their leader lines drawn on top of it are not in the image. The numbers are only loose text nodes in sec_0026.,"Lead change: PASS to FAIL Medium, the same grade as the approved v2.15 row. The image on p31 did not change in v2.16. Probably BUG-010 (vector callouts not in the raster crop). Unique information lost: which screen element has which number."
Philips-MP20-MP90-Manual,sec_0026,31,5.5-filters_passing_noise,PASS,,"No decorative image is kept for 'Operating and Navigating'. The page has no rule, logo or footer image in the extracted images.",
Philips-MP20-MP90-Manual,sec_0026,31,5.5-image_section_mapping,PASS,,"img_0034 (1024x800) on p31 is the monitor screen figure. It is mapped to sec_0026, which owns the heading above it.",
Philips-MP20-MP90-Manual,sec_0031,33,5.4-hierarchy_level,PASS,,The heading 'Using the SpeedPoint' is drawn at the size of a level 3 heading and hierarchy_level is 3.,
Philips-MP20-MP90-Manual,sec_0031,33,5.4-parent_child,PASS,,The parent is Operating and Navigating (sec_0026) and the page shows 'Using the SpeedPoint' as one of its topics. The child_sections list matches the headings on the page.,
Philips-MP20-MP90-Manual,sec_0031,33,5.4-page_start_end,PASS,,"On p33 the heading (#/texts/487), callout numbers 1-7, the caption (#/texts/495), tables/14 and the two closing paragraphs are all in sec_0031. Content starts and ends at the right boundaries.",
Philips-MP20-MP90-Manual,sec_0031,33,5.4-hierarchy_path,PASS,,The hierarchy_path ends with 'Using the SpeedPoint' and its ancestors match the page running header and heading sizes.,
Philips-MP20-MP90-Manual,sec_0031,33,5.4-gaps_duplicates,PASS,,'Using the SpeedPoint' appears once. Its nodes are not repeated in a neighbour and no node of its body is missing.,
Philips-MP20-MP90-Manual,sec_0031,33,5.4-flagged_for_review,PASS,,"flagged_for_review is false and verification_score is 100. The heading 'Using the SpeedPoint' is found on the declared page, so no flag is needed.",
Philips-MP20-MP90-Manual,sec_0031,33,5.4-structural_source,PASS,,"structural_source is toc. The heading 'Using the SpeedPoint' is on the bookmarked page, so the TOC source is supported.",
Philips-MP20-MP90-Manual,sec_0031,33,5.6-numbering_scheme,PASS,,numbering_scheme is arabic. The printed folios are arabic numbers (p33 shows 21).,
Philips-MP20-MP90-Manual,sec_0031,33,5.6-offset_applied,PASS,,offset_applied is 0 and the heading 'Using the SpeedPoint' is on the declared physical page. The printed folio differs from the physical page by a constant amount and is not used for page_start.,
Philips-MP20-MP90-Manual,sec_0031,33,5.6-table_content,PASS,,On p33 tables/14 has 7 numbered rows (Silence to On/standby key). Number and text of each row match the printed table.,
Philips-MP20-MP90-Manual,sec_0031,33,5.5-filters_discarding,PASS,,On p33 two figures are kept: img_0036 (vector crop of the key photo with numbers 1-7) and img_0035 (remote SpeedPoint photo). The dashed lines from 6 and 7 to the remote are not in the crops. Rows 6 and 7 of the legend name those keys.,"Lead change: FAIL Medium to PASS, the same result as the approved v2.15 row. The images on p33 did not change in v2.16. verify_claims flags a 113x222 px raster as missing; it is the left key photo, which is inside the vector crop img_0036, so the figure is not lost. Human reviewer may grade the lost dashed lines Low."
Philips-MP20-MP90-Manual,sec_0031,33,5.5-filters_passing_noise,PASS,,"No decorative image is kept for 'Using the SpeedPoint'. The page has no rule, logo or footer image in the extracted images.",
Philips-MP20-MP90-Manual,sec_0031,33,5.5-image_section_mapping,PASS,,"On p33 img_0035 (128x128, remote SpeedPoint photo) and img_0036 (353x348, vector crop of the integrated SpeedPoint) are both mapped to sec_0031, which owns the heading above them.",
Philips-MP20-MP90-Manual,sec_0037,36,5.4-hierarchy_level,PASS,,The heading 'SmartKeys' is drawn at the size of a level 4 heading and hierarchy_level is 4.,
Philips-MP20-MP90-Manual,sec_0037,36,5.4-parent_child,PASS,,The parent is Using Keys (sec_0035) and the page shows 'SmartKeys' as one of its topics. The child_sections list matches the headings on the page.,
Philips-MP20-MP90-Manual,sec_0037,36,5.4-page_start_end,PASS,,The heading (#/texts/529) is on p35. The key descriptions continue on p36 and p37 and end with 'open unit conversion window' (#/texts/591) on p37. The Hardkeys heading below it is not in this section. Content starts and ends at the right boundaries.,
Philips-MP20-MP90-Manual,sec_0037,36,5.4-hierarchy_path,PASS,,The hierarchy_path ends with 'SmartKeys' and its ancestors match the page running header and heading sizes.,
Philips-MP20-MP90-Manual,sec_0037,36,5.4-gaps_duplicates,PASS,,'SmartKeys' appears once. Its nodes are not repeated in a neighbour and no node of its body is missing.,
Philips-MP20-MP90-Manual,sec_0037,36,5.4-flagged_for_review,PASS,,"flagged_for_review is false and verification_score is 100. The heading 'SmartKeys' is found on the declared page, so no flag is needed.",
Philips-MP20-MP90-Manual,sec_0037,36,5.4-structural_source,PASS,,"structural_source is toc. The heading 'SmartKeys' is on the bookmarked page, so the TOC source is supported.",
Philips-MP20-MP90-Manual,sec_0037,36,5.6-numbering_scheme,PASS,,numbering_scheme is arabic. The printed folios are arabic numbers (p36 shows 24).,
Philips-MP20-MP90-Manual,sec_0037,36,5.6-offset_applied,PASS,,offset_applied is 0 and the heading 'SmartKeys' is on the declared physical page. The printed folio differs from the physical page by a constant amount and is not used for page_start.,
Philips-MP20-MP90-Manual,sec_0037,36,5.5-filters_discarding,FAIL,Low,"On p35, p36 and p37 about 70 SmartKey icons are drawn left of each description. None is in images.json. Every icon has a text label (for example #/texts/535, #/texts/553, #/texts/583).","Probably BUG-017/BUG-020 (small image filters drop small icons). The text label keeps the meaning, so the impact is small."
Philips-MP20-MP90-Manual,sec_0037,36,5.5-filters_passing_noise,PASS,,"No decorative image is kept for 'SmartKeys'. The page has no rule, logo or footer image in the extracted images.",
Philips-MP20-MP90-Manual,sec_0037,36,5.5-image_section_mapping,PASS,,"No image is mapped to sec_0037. The SmartKey icons on p35-37 are not extracted at all, which is graded in 5.5-filters_discarding.",
Philips-MP20-MP90-Manual,sec_0043,39,5.4-hierarchy_level,PASS,,The heading 'Standby Mode' is drawn at the size of a level 3 heading and hierarchy_level is 3.,
Philips-MP20-MP90-Manual,sec_0043,39,5.4-parent_child,PASS,,The parent is Operating Modes (sec_0042) and the page shows 'Standby Mode' as one of its topics. The child_sections list matches the headings on the page.,
Philips-MP20-MP90-Manual,sec_0043,39,5.4-page_start_end,PASS,,The heading (#/texts/622) is on p39 under the Operating Modes text. The section continues on p40 with the last bullet (#/texts/633) and the X2/MP5 paragraph (#/texts/634). The Understanding Screens heading on p40 is not in it. Content starts and ends at the right boundaries.,
Philips-MP20-MP90-Manual,sec_0043,39,5.4-hierarchy_path,PASS,,The hierarchy_path ends with 'Standby Mode' and its ancestors match the page running header and heading sizes.,
Philips-MP20-MP90-Manual,sec_0043,39,5.4-gaps_duplicates,PASS,,'Standby Mode' appears once. Its nodes are not repeated in a neighbour and no node of its body is missing.,
Philips-MP20-MP90-Manual,sec_0043,39,5.4-flagged_for_review,PASS,,"flagged_for_review is false and verification_score is 100. The heading 'Standby Mode' is found on the declared page, so no flag is needed.",
Philips-MP20-MP90-Manual,sec_0043,39,5.4-structural_source,PASS,,"structural_source is toc. The heading 'Standby Mode' is on the bookmarked page, so the TOC source is supported.",
Philips-MP20-MP90-Manual,sec_0043,39,5.6-numbering_scheme,PASS,,numbering_scheme is arabic. The printed folios are arabic numbers (p39 shows 27).,
Philips-MP20-MP90-Manual,sec_0043,39,5.6-offset_applied,PASS,,offset_applied is 0 and the heading 'Standby Mode' is on the declared physical page. The printed folio differs from the physical page by a constant amount and is not used for page_start.,
Philips-MP20-MP90-Manual,sec_0043,39,5.5-filters_discarding,PASS,,Standby Mode on p39 and p40 has no picture of its own. The Config box above it is kept as img_0039 in sec_0042. The small Change Screen icon on p40 belongs to a later section.,
Philips-MP20-MP90-Manual,sec_0043,39,5.5-filters_passing_noise,PASS,,"No decorative image is kept for 'Standby Mode'. The page has no rule, logo or footer image in the extracted images.",
Philips-MP20-MP90-Manual,sec_0043,39,5.5-image_section_mapping,PASS,,"The grey 'Config' box on p39 is img_0039 (111x28). It is mapped to sec_0042 Operating Modes, which is right because it is printed above the Standby Mode heading.",
Philips-MP20-MP90-Manual,sec_0048,42,5.4-hierarchy_level,PASS,,The heading 'Using the XDS Remote Display' is drawn at the size of a level 2 heading and hierarchy_level is 2.,
Philips-MP20-MP90-Manual,sec_0048,42,5.4-parent_child,PASS,,The parent is Basic Operation (sec_0001) and the page shows 'Using the XDS Remote Display' as one of its topics. The child_sections list matches the headings on the page.,
Philips-MP20-MP90-Manual,sec_0048,42,5.4-page_start_end,PASS,,On p42 the heading (#/texts/685) and three paragraphs (#/texts/686-688) are in sec_0048. The Visitor Screen heading below is not in it. Content starts and ends at the right boundaries.,
Philips-MP20-MP90-Manual,sec_0048,42,5.4-hierarchy_path,PASS,,The hierarchy_path ends with 'Using the XDS Remote Display' and its ancestors match the page running header and heading sizes.,
Philips-MP20-MP90-Manual,sec_0048,42,5.4-gaps_duplicates,PASS,,'Using the XDS Remote Display' appears once. Its nodes are not repeated in a neighbour and no node of its body is missing.,
Philips-MP20-MP90-Manual,sec_0048,42,5.4-flagged_for_review,PASS,,"flagged_for_review is false and verification_score is 100. The heading 'Using the XDS Remote Display' is found on the declared page, so no flag is needed.",
Philips-MP20-MP90-Manual,sec_0048,42,5.4-structural_source,PASS,,"structural_source is toc. The heading 'Using the XDS Remote Display' is on the bookmarked page, so the TOC source is supported.",
Philips-MP20-MP90-Manual,sec_0048,42,5.6-numbering_scheme,PASS,,numbering_scheme is arabic. The printed folios are arabic numbers.,
Philips-MP20-MP90-Manual,sec_0048,42,5.6-offset_applied,PASS,,offset_applied is 0 and the heading 'Using the XDS Remote Display' is on the declared physical page. The printed folio differs from the physical page by a constant amount and is not used for page_start.,
Philips-MP20-MP90-Manual,sec_0048,42,5.5-filters_discarding,PASS,,No meaningful picture is missing on p42. Nothing is dropped that is not already in the text.,
Philips-MP20-MP90-Manual,sec_0048,42,5.5-filters_passing_noise,PASS,,"No decorative image is kept for 'Using the XDS Remote Display'. The page has no rule, logo or footer image in the extracted images.",
Philips-MP20-MP90-Manual,sec_0048,42,5.5-image_section_mapping,PASS,,No image is mapped to 'Using the XDS Remote Display' and none is needed here.,
Philips-MP20-MP90-Manual,sec_0056,45,5.4-hierarchy_level,PASS,,The heading 'Changing Measurement Settings' is drawn at the size of a level 3 heading and hierarchy_level is 3.,
Philips-MP20-MP90-Manual,sec_0056,45,5.4-parent_child,PASS,,The parent is Understanding Settings (sec_0055) and the page shows 'Changing Measurement Settings' as one of its topics. The child_sections list matches the headings on the page.,
Philips-MP20-MP90-Manual,sec_0056,45,5.4-page_start_end,PASS,,"On p45 the heading (#/texts/750), the intro (#/texts/751) and the four bullets plus closing paragraph (#/texts/752-756) are in sec_0056. The next heading 'Switching a Measurement On and Off' is not in it. Content starts and ends at the right boundaries.",
Philips-MP20-MP90-Manual,sec_0056,45,5.4-hierarchy_path,PASS,,The hierarchy_path ends with 'Changing Measurement Settings' and its ancestors match the page running header and heading sizes.,
Philips-MP20-MP90-Manual,sec_0056,45,5.4-gaps_duplicates,PASS,,'Changing Measurement Settings' appears once. Its nodes are not repeated in a neighbour and no node of its body is missing.,
Philips-MP20-MP90-Manual,sec_0056,45,5.4-flagged_for_review,PASS,,"flagged_for_review is false and verification_score is 100. The heading 'Changing Measurement Settings' is found on the declared page, so no flag is needed.",
Philips-MP20-MP90-Manual,sec_0056,45,5.4-structural_source,PASS,,"structural_source is toc. The heading 'Changing Measurement Settings' is on the bookmarked page, so the TOC source is supported.",
Philips-MP20-MP90-Manual,sec_0056,45,5.6-numbering_scheme,PASS,,numbering_scheme is arabic. The printed folios are arabic numbers.,
Philips-MP20-MP90-Manual,sec_0056,45,5.6-offset_applied,PASS,,offset_applied is 0 and the heading 'Changing Measurement Settings' is on the declared physical page. The printed folio differs from the physical page by a constant amount and is not used for page_start.,
Philips-MP20-MP90-Manual,sec_0056,45,5.5-filters_discarding,PASS,,No meaningful picture is missing on p45. Nothing is dropped that is not already in the text.,
Philips-MP20-MP90-Manual,sec_0056,45,5.5-filters_passing_noise,PASS,,"No decorative image is kept for 'Changing Measurement Settings'. The page has no rule, logo or footer image in the extracted images.",
Philips-MP20-MP90-Manual,sec_0056,45,5.5-image_section_mapping,PASS,,No image is mapped to 'Changing Measurement Settings' and none is needed here.,
Philips-MP20-MP90-Manual,sec_0065,47,5.4-hierarchy_level,PASS,,The heading 'Freezing All Waves' is drawn at the size of a level 3 heading and hierarchy_level is 3.,
Philips-MP20-MP90-Manual,sec_0065,47,5.4-parent_child,PASS,,The parent is Freezing Waves (sec_0063) and the page shows 'Freezing All Waves' as one of its topics. The child_sections list matches the headings on the page.,
Philips-MP20-MP90-Manual,sec_0065,47,5.4-page_start_end,PASS,,"The heading (#/texts/794) and 'To freeze all waves on the screen,' (#/texts/795) are at the bottom of p46. Step 1 and the result sentence (#/texts/799, #/texts/800) are at the top of p47. The Measuring Frozen Waves heading is not in it. Content starts and ends at the right boundaries.",
Philips-MP20-MP90-Manual,sec_0065,47,5.4-hierarchy_path,PASS,,The hierarchy_path ends with 'Freezing All Waves' and its ancestors match the page running header and heading sizes.,
Philips-MP20-MP90-Manual,sec_0065,47,5.4-gaps_duplicates,PASS,,'Freezing All Waves' appears once. Its nodes are not repeated in a neighbour and no node of its body is missing.,
Philips-MP20-MP90-Manual,sec_0065,47,5.4-flagged_for_review,PASS,,"flagged_for_review is false and verification_score is 100. The heading 'Freezing All Waves' is found on the declared page, so no flag is needed.",
Philips-MP20-MP90-Manual,sec_0065,47,5.4-structural_source,PASS,,"structural_source is toc. The heading 'Freezing All Waves' is on the bookmarked page, so the TOC source is supported.",
Philips-MP20-MP90-Manual,sec_0065,47,5.6-numbering_scheme,PASS,,numbering_scheme is arabic. The printed folios are arabic numbers (p47 shows 34).,
Philips-MP20-MP90-Manual,sec_0065,47,5.6-offset_applied,PASS,,offset_applied is 0 and the heading 'Freezing All Waves' is on the declared physical page. The printed folio differs from the physical page by a constant amount and is not used for page_start.,
Philips-MP20-MP90-Manual,sec_0065,47,5.5-filters_discarding,FAIL,Low,On p47 the grey Freeze Waves SmartKey icon sits at the top right of step 1 (#/texts/799). It is not in images.json. The step text names the Freeze Waves SmartKey.,"Probably BUG-017/BUG-020 (small image filters drop small icons). The text names the key, so the impact is small."
Philips-MP20-MP90-Manual,sec_0065,47,5.5-filters_passing_noise,PASS,,"No decorative image is kept for 'Freezing All Waves'. The page has no rule, logo or footer image in the extracted images.",
Philips-MP20-MP90-Manual,sec_0065,47,5.5-image_section_mapping,PASS,,"No image is mapped to sec_0065. The one icon on p47 is not extracted, which is graded in 5.5-filters_discarding.",
Philips-MP20-MP90-Manual,sec_0071,48,5.4-hierarchy_level,PASS,,"On p48, 'About Label Sets' (sec_0071) is printed as a smaller sub-heading under the large 'Using Labels' heading. hierarchy_level is 3, which matches its bookmark nesting.",
Philips-MP20-MP90-Manual,sec_0071,48,5.4-parent_child,PASS,,"The parent of sec_0071 is Using Labels (sec_0070, level 2). This matches the printed structure on p48. The section has no child sections.",
Philips-MP20-MP90-Manual,sec_0071,48,5.4-page_start_end,PASS,,"On p48, sec_0071 has the heading '#/texts/830' and three paragraphs (#/texts/831 to #/texts/833). They all sit between 'About Label Sets' and 'Changing Measurement Labels' on the page. page_start and page_end are both 48 and no neighbour content is absorbed.",
Philips-MP20-MP90-Manual,sec_0071,48,5.4-hierarchy_path,PASS,,The path of sec_0071 is correct and in order. The last part is 'About Label Sets'.,
Philips-MP20-MP90-Manual,sec_0071,48,5.4-gaps_duplicates,PASS,,The four nodes of sec_0071 (#/texts/830 to #/texts/833) match the heading and three paragraphs printed on p48. Nothing is missing and nothing is duplicated. The 'Changing Measurement Labels' text is in sec_0072.,
Philips-MP20-MP90-Manual,sec_0071,48,5.4-flagged_for_review,PASS,,"sec_0071 is not flagged for review. The heading 'About Label Sets' is clearly visible on the page, so no flag is needed.",
Philips-MP20-MP90-Manual,sec_0071,48,5.4-structural_source,PASS,,"structural_source is 'toc'. The heading 'About Label Sets' is printed on the page range 48-48, so the bookmark is supported.",
Philips-MP20-MP90-Manual,sec_0071,48,5.6-numbering_scheme,PASS,,"The page numbers are arabic (folio 36 on the sampled pages). numbering_scheme is 'arabic', which is correct.",
Philips-MP20-MP90-Manual,sec_0071,48,5.6-offset_applied,PASS,,"On physical p48, the printed folio is 12 lower than the physical page. The bookmark pages are already physical and the heading appears on the stated page, so offset_applied 0 is correct.",
Philips-MP20-MP90-Manual,sec_0071,48,5.5-filters_discarding,PASS,,"p48 has no figure, icon or screenshot in the area of sec_0071. Only text is printed there, so nothing was dropped.",
Philips-MP20-MP90-Manual,sec_0071,48,5.5-filters_passing_noise,PASS,,"No image is mapped to sec_0071 in images.json, so no decorative element was kept as an image.",
Philips-MP20-MP90-Manual,sec_0071,48,5.5-image_section_mapping,PASS,,"p48 has no visual in sec_0071, and images.json lists none for it. Nothing needs mapping.",
Philips-MP20-MP90-Manual,sec_0073,50,5.4-hierarchy_level,PASS,,"On p50, 'Resolving Label Conflicts' (sec_0073) is printed as a smaller sub-heading on p48 (same style as 'About Label Sets'). hierarchy_level is 3, which matches its bookmark nesting.",
Philips-MP20-MP90-Manual,sec_0073,50,5.4-parent_child,PASS,,"The parent of sec_0073 is Using Labels (sec_0070, level 2). This matches the printed structure on p50. The section has no child sections.",
Philips-MP20-MP90-Manual,sec_0073,50,5.4-page_start_end,PASS,,"On p50, sec_0073 holds the MP5 figure text (#/texts/899 to #/texts/907), the WARNING (#/texts/897 and #/texts/908) and the steps '1 Select the measurement selection key' to 'Modify Driver' (#/texts/909 to #/texts/916). The heading 'Label Compatibility' and its text are after that, in sec_0074. page_end 50 is correct.","Reading order of #/texts/897 and #/texts/898 is out of place in the node list, but all nodes stay in the right section."
Philips-MP20-MP90-Manual,sec_0073,50,5.4-hierarchy_path,PASS,,The path of sec_0073 is correct and in order. The last part is 'Resolving Label Conflicts'.,
Philips-MP20-MP90-Manual,sec_0073,50,5.4-gaps_duplicates,PASS,,"On p50 the steps list, the WARNING box text and the MP5 figure labels are all in sec_0073. The 'WARNING' label (#/texts/897) is kept with its paragraph #/texts/908. Nothing is missing or duplicated.",
Philips-MP20-MP90-Manual,sec_0073,50,5.4-flagged_for_review,PASS,,"sec_0073 is not flagged for review. The heading 'Resolving Label Conflicts' is clearly visible on the page, so no flag is needed.",
Philips-MP20-MP90-Manual,sec_0073,50,5.4-structural_source,PASS,,"structural_source is 'toc'. The heading 'Resolving Label Conflicts' is printed on the page range 48-50, so the bookmark is supported.",
Philips-MP20-MP90-Manual,sec_0073,50,5.6-numbering_scheme,PASS,,"The page numbers are arabic (folios 37 and 38 on the sampled pages). numbering_scheme is 'arabic', which is correct.",
Philips-MP20-MP90-Manual,sec_0073,50,5.6-offset_applied,PASS,,"On physical p50, the printed folio is 12 lower than the physical page. The bookmark pages are already physical and the heading appears on the stated page, so offset_applied 0 is correct.",
Philips-MP20-MP90-Manual,sec_0073,50,5.5-filters_discarding,PASS,,"On p50, the MP5 connected to host monitor screenshot is extracted as img_0044. The right edge of the screenshot is cut in the PDF itself and the crop matches the page. The orange WARNING rules are not kept. No meaningful visual is missing.",
Philips-MP20-MP90-Manual,sec_0073,50,5.5-filters_passing_noise,PASS,,"img_0044 is a real screenshot. No decorative element (orange WARNING rules, header bar) is kept as an image.",
Philips-MP20-MP90-Manual,sec_0073,50,5.5-image_section_mapping,PASS,,"On p50, img_0044 (300x339, 'MP5 connected to host monitor') is mapped to sec_0073. It is printed under 'Resolving Label Conflicts' and before 'Label Compatibility', so the mapping is correct.",
Philips-MP20-MP90-Manual,sec_0078,52,5.4-hierarchy_level,PASS,,"On p52, 'Adjusting the Screen Brightness' (sec_0078) is printed as a smaller sub-heading at the top of p52. hierarchy_level is 3, which matches its bookmark nesting.",
Philips-MP20-MP90-Manual,sec_0078,52,5.4-parent_child,PASS,,"The parent of sec_0078 is Changing Monitor Settings (sec_0077, level 2). This matches the printed structure on p52. The section has no child sections.",
Philips-MP20-MP90-Manual,sec_0078,52,5.4-page_start_end,PASS,,"sec_0078 has page_start and page_end 52. It holds the heading #/texts/948 and the steps and two paragraphs #/texts/949 to #/texts/952. The next heading 'Setting the Date and Time' is in sec_0079. The running header #/texts/946, #/texts/947 is at the top of the page.",The running header is kept inside the section (probably BUG-022). It is boilerplate and does not change the section content.
Philips-MP20-MP90-Manual,sec_0078,52,5.4-hierarchy_path,PASS,,The path of sec_0078 is correct and in order. The last part is 'Adjusting the Screen Brightness'.,
Philips-MP20-MP90-Manual,sec_0078,52,5.4-gaps_duplicates,PASS,,The text under 'Adjusting the Screen Brightness' on p52 (two steps and two paragraphs) is all in sec_0078. The date and time WARNING and steps are in sec_0079. Nothing is missing or duplicated.,
Philips-MP20-MP90-Manual,sec_0078,52,5.4-flagged_for_review,PASS,,"sec_0078 is not flagged for review. The heading 'Adjusting the Screen Brightness' is clearly visible on the page, so no flag is needed.",
Philips-MP20-MP90-Manual,sec_0078,52,5.4-structural_source,PASS,,"structural_source is 'toc'. The heading 'Adjusting the Screen Brightness' is printed on the page range 52-52, so the bookmark is supported.",
Philips-MP20-MP90-Manual,sec_0078,52,5.6-numbering_scheme,PASS,,"The page numbers are arabic (folio 40 on the sampled pages). numbering_scheme is 'arabic', which is correct.",
Philips-MP20-MP90-Manual,sec_0078,52,5.6-offset_applied,PASS,,"On physical p52, the printed folio is 12 lower than the physical page. The bookmark pages are already physical and the heading appears on the stated page, so offset_applied 0 is correct.",
Philips-MP20-MP90-Manual,sec_0078,52,5.5-filters_discarding,FAIL,Low,"On p52, a small Brightness SmartKey icon (sun above a slope) is printed at the right of step 1. It is not in images.json for sec_0078. The text 'Select the Brightness SmartKey' states the key name.","Small icons are dropped by the image filters (probably BUG-017 or BUG-020). The meaning is in the text, so the loss is small."
Philips-MP20-MP90-Manual,sec_0078,52,5.5-filters_passing_noise,PASS,,No image is mapped to sec_0078. No decorative element was kept as an image.,
Philips-MP20-MP90-Manual,sec_0078,52,5.5-image_section_mapping,PASS,,"The only visual in sec_0078 on p52 is the small SmartKey icon, which is not extracted, so no mapping can be wrong. No image is mapped to a neighbour section.",The missing icon is graded in 5.5-filters_discarding.
Philips-MP20-MP90-Manual,sec_0092,56,5.4-hierarchy_level,PASS,,"On p56, 'Using the X2 or MP5 with a Host Monitor' (sec_0092) is printed as a large heading on p56, same size as 'Using Remote Applications'. hierarchy_level is 2, which matches its bookmark nesting.",
Philips-MP20-MP90-Manual,sec_0092,56,5.4-parent_child,PASS,,"The parent of sec_0092 is Basic Operation (sec_0001, level 1). This matches the printed structure on p56. The section has no child sections.",
Philips-MP20-MP90-Manual,sec_0092,56,5.4-page_start_end,PASS,,"sec_0092 has page_start and page_end 56. It starts at the heading #/texts/1034 and holds the intro paragraph, six bullets and the folio (#/texts/1035 to #/texts/1044). The paragraph above the heading (#/texts/1033) is in sec_0091, which is correct. The last bullet is 'The date and time...', and nothing follows on the page.",
Philips-MP20-MP90-Manual,sec_0092,56,5.4-hierarchy_path,PASS,,The path of sec_0092 is correct and in order. The last part is 'Using the X2 or MP5 with a Host Monitor'.,
Philips-MP20-MP90-Manual,sec_0092,56,5.4-gaps_duplicates,PASS,,All text under the heading 'Using the X2 or MP5 with a Host Monitor' on p56 is in sec_0092. The six bullets are all present. No gap and no duplicate.,
Philips-MP20-MP90-Manual,sec_0092,56,5.4-flagged_for_review,PASS,,"sec_0092 is not flagged for review. The heading 'Using the X2 or MP5 with a Host Monitor' is clearly visible on the page, so no flag is needed.",
Philips-MP20-MP90-Manual,sec_0092,56,5.4-structural_source,PASS,,"structural_source is 'toc'. The heading 'Using the X2 or MP5 with a Host Monitor' is printed on the page range 56-56, so the bookmark is supported.",
Philips-MP20-MP90-Manual,sec_0092,56,5.6-numbering_scheme,PASS,,"The page numbers are arabic (folio 44 on the sampled pages). numbering_scheme is 'arabic', which is correct.",
Philips-MP20-MP90-Manual,sec_0092,56,5.6-offset_applied,PASS,,"On physical p56, the printed folio is 12 lower than the physical page. The bookmark pages are already physical and the heading appears on the stated page, so offset_applied 0 is correct.",
Philips-MP20-MP90-Manual,sec_0092,56,5.5-filters_discarding,PASS,,"p56 has no figure, icon or screenshot. Only text is printed, so nothing was dropped.",
Philips-MP20-MP90-Manual,sec_0092,56,5.5-filters_passing_noise,PASS,,No image is mapped to sec_0092. No decorative element was kept as an image.,
Philips-MP20-MP90-Manual,sec_0092,56,5.5-image_section_mapping,PASS,,"sec_0092 has no visual on p56, and images.json lists none. Nothing needs mapping.",
Philips-MP20-MP90-Manual,sec_0096,61,5.4-hierarchy_level,PASS,,"On p61, 'What's New in Release E.0?' (sec_0096) is printed as a medium heading at the bottom of p60. hierarchy_level is 2, which matches its bookmark nesting.",
Philips-MP20-MP90-Manual,sec_0096,61,5.4-parent_child,PASS,,"The parent of sec_0096 is What's New? (sec_0093, level 1). This matches the printed structure on p61. The section has no child sections.",
Philips-MP20-MP90-Manual,sec_0096,61,5.4-page_start_end,PASS,,"sec_0096 has page_start 60 and page_end 62. On p61, all items from 'Pulse From Noninvasive Blood Pressure' to 'PiCCO Enhancements' (#/texts/1128 to #/texts/1150) are Release E.0 text, so they belong to sec_0096. The Release D.0 heading is on p62, in sec_0097.",
Philips-MP20-MP90-Manual,sec_0096,61,5.4-hierarchy_path,PASS,,The path of sec_0096 is correct and in order. The last part is 'What's New in Release E.0?'.,
Philips-MP20-MP90-Manual,sec_0096,61,5.4-gaps_duplicates,PASS,,"On p61 all headings, bullets and paragraphs from the E.0 list are in sec_0096. I see no missing or duplicated paragraph. The page is text only.",
Philips-MP20-MP90-Manual,sec_0096,61,5.4-flagged_for_review,PASS,,"sec_0096 is not flagged for review. The heading 'What's New in Release E.0?' is clearly visible on the page, so no flag is needed.",
Philips-MP20-MP90-Manual,sec_0096,61,5.4-structural_source,PASS,,"structural_source is 'toc'. The heading 'What's New in Release E.0?' is printed on the page range 60-62, so the bookmark is supported.",
Philips-MP20-MP90-Manual,sec_0096,61,5.6-numbering_scheme,PASS,,"The page numbers are arabic (folios 48 to 50 on the sampled pages). numbering_scheme is 'arabic', which is correct.",
Philips-MP20-MP90-Manual,sec_0096,61,5.6-offset_applied,PASS,,"On physical p61, the printed folio is 12 lower than the physical page. The bookmark pages are already physical and the heading appears on the stated page, so offset_applied 0 is correct.",
Philips-MP20-MP90-Manual,sec_0096,61,5.5-filters_discarding,PASS,,"p61 has no figure or icon. Only text is printed, so nothing was dropped.",
Philips-MP20-MP90-Manual,sec_0096,61,5.5-filters_passing_noise,PASS,,No image is mapped to sec_0096. No decorative element was kept as an image.,
Philips-MP20-MP90-Manual,sec_0096,61,5.5-image_section_mapping,PASS,,"sec_0096 has no visual on p61, and images.json lists none. Nothing needs mapping.",
Philips-MP20-MP90-Manual,sec_0096,62,5.4-hierarchy_level,PASS,,"On p62, 'What's New in Release E.0?' (sec_0096) is printed as a medium heading at the bottom of p60. hierarchy_level is 2, which matches its bookmark nesting.",
Philips-MP20-MP90-Manual,sec_0096,62,5.4-parent_child,PASS,,"The parent of sec_0096 is What's New? (sec_0093, level 1). This matches the printed structure on p62. The section has no child sections.",
Philips-MP20-MP90-Manual,sec_0096,62,5.4-page_start_end,PASS,,"On p62, the bullets 'New continuous measurement: PPV' to 'SVV, PPV and dPmax' and the 'New SmartKeys' text (#/texts/1154 to #/texts/1159) continue Release E.0, so they belong to sec_0096. They sit above the heading 'What's New in Release D.0?', which starts sec_0097. page_end 62 is correct.","Running header #/texts/1152 and #/texts/1153 on p62 names Release D.0, but it is boilerplate (probably BUG-022)."
Philips-MP20-MP90-Manual,sec_0096,62,5.4-hierarchy_path,PASS,,The path of sec_0096 is correct and in order. The last part is 'What's New in Release E.0?'.,
Philips-MP20-MP90-Manual,sec_0096,62,5.4-gaps_duplicates,PASS,,The six E.0 nodes at the top of p62 (#/texts/1154 to #/texts/1159) are in sec_0096 and not in sec_0097. The D.0 and C.0 text is in later sections. No gap and no duplicate.,
Philips-MP20-MP90-Manual,sec_0096,62,5.4-flagged_for_review,PASS,,"sec_0096 is not flagged for review. The heading 'What's New in Release E.0?' is clearly visible on the page, so no flag is needed.",
Philips-MP20-MP90-Manual,sec_0096,62,5.4-structural_source,PASS,,"structural_source is 'toc'. The heading 'What's New in Release E.0?' is printed on the page range 60-62, so the bookmark is supported.",
Philips-MP20-MP90-Manual,sec_0096,62,5.6-numbering_scheme,PASS,,"The page numbers are arabic (folios 48 to 50 on the sampled pages). numbering_scheme is 'arabic', which is correct.",
Philips-MP20-MP90-Manual,sec_0096,62,5.6-offset_applied,PASS,,"On physical p62, the printed folio is 12 lower than the physical page. The bookmark pages are already physical and the heading appears on the stated page, so offset_applied 0 is correct.",
Philips-MP20-MP90-Manual,sec_0096,62,5.5-filters_discarding,PASS,,p62 has no figure or icon in the part owned by sec_0096. Only text is printed.,
Philips-MP20-MP90-Manual,sec_0096,62,5.5-filters_passing_noise,PASS,,No image is mapped to sec_0096. No decorative element was kept as an image.,
Philips-MP20-MP90-Manual,sec_0096,62,5.5-image_section_mapping,PASS,,"sec_0096 has no visual on p62, and images.json lists none. Nothing needs mapping.",
Philips-MP20-MP90-Manual,sec_0098,64,5.4-hierarchy_level,PASS,,"On p64, 'What's New in Release C.0?' (sec_0098) is printed as a medium heading at the bottom of p62. hierarchy_level is 2, which matches its bookmark nesting.",
Philips-MP20-MP90-Manual,sec_0098,64,5.4-parent_child,PASS,,"The parent of sec_0098 is What's New? (sec_0093, level 1). This matches the printed structure on p64. The section has no child sections.",
Philips-MP20-MP90-Manual,sec_0098,64,5.4-page_start_end,PASS,,"sec_0098 has page_start 62 and page_end 64. On p64, the bullets from 'In graphical and horizon Screen Trends a cursor is available' to 'Freeze and measure waves on the Main Screen' (#/texts/1209 to #/texts/1221) continue the Release C.0 list (after the 'Trends' heading on p63), so they belong to sec_0098. The heading 'What's New in Release B.1?' is below them and starts sec_0099.",
Philips-MP20-MP90-Manual,sec_0098,64,5.4-hierarchy_path,PASS,,The path of sec_0098 is correct and in order. The last part is 'What's New in Release C.0?'.,
Philips-MP20-MP90-Manual,sec_0098,64,5.4-gaps_duplicates,PASS,,"On p64 the C.0 items (Events, Measurements, Applications) are all in sec_0098. The B.1 heading and text are not absorbed. No gap and no duplicate.",
Philips-MP20-MP90-Manual,sec_0098,64,5.4-flagged_for_review,PASS,,"sec_0098 is not flagged for review. The heading 'What's New in Release C.0?' is clearly visible on the page, so no flag is needed.",
Philips-MP20-MP90-Manual,sec_0098,64,5.4-structural_source,PASS,,"structural_source is 'toc'. The heading 'What's New in Release C.0?' is printed on the page range 62-64, so the bookmark is supported.",
Philips-MP20-MP90-Manual,sec_0098,64,5.6-numbering_scheme,PASS,,"The page numbers are arabic (folios 50 to 52 on the sampled pages). numbering_scheme is 'arabic', which is correct.",
Philips-MP20-MP90-Manual,sec_0098,64,5.6-offset_applied,PASS,,"On physical p64, the printed folio is 12 lower than the physical page. The bookmark pages are already physical and the heading appears on the stated page, so offset_applied 0 is correct.",
Philips-MP20-MP90-Manual,sec_0098,64,5.5-filters_discarding,PASS,,"p64 has no figure or icon. Only text is printed, so nothing was dropped.",
Philips-MP20-MP90-Manual,sec_0098,64,5.5-filters_passing_noise,PASS,,No image is mapped to sec_0098. No decorative element was kept as an image.,
Philips-MP20-MP90-Manual,sec_0098,64,5.5-image_section_mapping,PASS,,"sec_0098 has no visual on p64, and images.json lists none. Nothing needs mapping.",
Philips-MP20-MP90-Manual,sec_0103,68,5.4-hierarchy_level,PASS,,On p68 the heading 'Visual Alarm Indicators' (#/texts/1305) is a large bold heading like the other Alarms sub-sections. hierarchy_level 2 is correct.,
Philips-MP20-MP90-Manual,sec_0103,68,5.4-parent_child,PASS,,"Parent sec_0102 'Alarms' (p67-82) is the chapter. The section has no children, and p68-69 show no sub-heading inside it. Parent and children are right.",
Philips-MP20-MP90-Manual,sec_0103,68,5.4-page_start_end,PASS,,"The section starts at heading #/texts/1305 on p68. It ends on p69 with #/texts/1320 and #/texts/1321, which continue the 'Alarm lamp' text. The p69 heading 'Audible Alarm Indicators' starts sec_0104. The INOP lamp table #/tables/17 is printed here. Boundaries are right. The header and folio nodes #/texts/1317-1319 are boilerplate inside the range.","The running header and folio nodes (BUG-022) are boilerplate inside the section range, so this is not graded as a boundary defect."
Philips-MP20-MP90-Manual,sec_0103,68,5.4-hierarchy_path,PASS,,"The section starts at heading #/texts/1305 on p68. It ends on p69 with #/texts/1320 and #/texts/1321, which continue the 'Alarm lamp' text. The p69 heading 'Audible Alarm Indicators' starts sec_0104. The INOP lamp table #/tables/17 is printed here. Boundaries are right. The header and folio nodes #/texts/1317-1319 are boilerplate inside the range.",
Philips-MP20-MP90-Manual,sec_0103,68,5.4-gaps_duplicates,PASS,,"Every block between the heading and the next heading appears once: WARNING box, alarm bullets, Companion Mode strip, five term paragraphs, p69 continuation and the table. Nothing is missing or repeated.",
Philips-MP20-MP90-Manual,sec_0103,68,5.4-flagged_for_review,PASS,,flagged_for_review is false and verification_score is 100. The title is found at the start of p68. The flag is right.,
Philips-MP20-MP90-Manual,sec_0103,68,5.4-structural_source,PASS,,structural_source is toc. The heading is at the bookmarked page p68. The source is supported.,
Philips-MP20-MP90-Manual,sec_0103,68,5.6-numbering_scheme,PASS,,Numbering is arabic. The printed folio on this page is 56 and the bookmark uses physical page 68. The scheme is identified correctly.,
Philips-MP20-MP90-Manual,sec_0103,68,5.6-offset_applied,PASS,,offset_applied is 0. The bookmark page 68 already is the physical page where the heading is printed. The folio 56 is only the printed number. The offset is right.,
Philips-MP20-MP90-Manual,sec_0103,68,5.6-table_content,FAIL,Low,"Table #/tables/17 on p68 keeps all values (Yellow 1.0 / 1.0 s, Red 0.25 / 0.25 s). The two-row header is split: 'INOP Lamp Color' becomes 'INOP Lamp' in row 1 and 'Color' in row 2.","Lead change: PASS to FAIL Low, the same grade as the approved v2.15 row. The table is the same in v2.16. Cosmetic header split, probably BUG-008 family. Values and order are kept."
Philips-MP20-MP90-Manual,sec_0103,68,5.5-filters_discarding,PASS,,"On p68 the only visual items are the WARNING box, the blue 'Companion Mode / No Alarm Display' strip and the INOP lamp table. The strip text is kept as #/texts/1309 and the table as #/tables/17. No figure or icon is lost.",
Philips-MP20-MP90-Manual,sec_0103,68,5.5-filters_passing_noise,PASS,,images.json lists no image for sec_0103. None is needed on p68 or p69.,
Philips-MP20-MP90-Manual,sec_0103,68,5.5-image_section_mapping,PASS,,"No image is mapped to sec_0103, and none is printed in its range (p68-69). The empty mapping is right.",
Philips-MP20-MP90-Manual,sec_0125,75,5.4-hierarchy_level,PASS,,On p74 the heading 'Viewing All Alarm Limits' (#/texts/1449) is a medium bold sub-heading. It is the same size as 'Viewing Individual Alarm Limits' above it. hierarchy_level 3 is correct.,
Philips-MP20-MP90-Manual,sec_0125,75,5.4-parent_child,PASS,,Parent sec_0123 'Alarm Limits' (p73-78) is the section that holds both 'Viewing' headings and 'Changing Alarm Limits'. The section has no children. Parent and children are right.,
Philips-MP20-MP90-Manual,sec_0125,75,5.4-page_start_end,PASS,,"The section starts at heading #/texts/1449 on p74. On p75 it keeps the window labels, the legend (#/texts/1471-1473) and the bullets up to #/texts/1479. The heading 'Changing Alarm Limits' (sec_0126) begins lower on p75 and its first node is #/texts/1480. No neighbour content is absorbed or lost.",
Philips-MP20-MP90-Manual,sec_0125,75,5.4-hierarchy_path,PASS,,"The section starts at heading #/texts/1449 on p74. On p75 it keeps the window labels, the legend (#/texts/1471-1473) and the bullets up to #/texts/1479. The heading 'Changing Alarm Limits' (sec_0126) begins lower on p75 and its first node is #/texts/1480. No neighbour content is absorbed or lost.",
Philips-MP20-MP90-Manual,sec_0125,75,5.4-gaps_duplicates,PASS,,"The two paragraphs on p74, the window figure labels, the legend and the closing bullets on p75 are all present once. The WARNING box at the top of p74 and 'Viewing Individual Alarm Limits' belong to the previous sections and are not here.",
Philips-MP20-MP90-Manual,sec_0125,75,5.4-flagged_for_review,PASS,,flagged_for_review is false and verification_score is 100. The heading is found on p74. The flag is right.,
Philips-MP20-MP90-Manual,sec_0125,75,5.4-structural_source,PASS,,structural_source is toc. The heading is on the bookmarked page p74. The source is supported.,
Philips-MP20-MP90-Manual,sec_0125,75,5.6-numbering_scheme,PASS,,Numbering is arabic. The folios 62 (p74) and 63 (p75) are arabic. The scheme is correct.,
Philips-MP20-MP90-Manual,sec_0125,75,5.6-offset_applied,PASS,,offset_applied is 0. Bookmark page 74 is the physical page of the heading. The folio 62 is only the printed number. The offset is right.,
Philips-MP20-MP90-Manual,sec_0125,75,5.5-filters_discarding,FAIL,Low,On p74 a small icon (the Alarm Limits SmartKey symbol) is printed right of 'To open the Alarm Limits window'. It is missing from images.json. Its meaning is stated in the text (#/texts/1451). The window figure on p75 is kept as img_0054.,"Probably BUG-017 or BUG-020 (small image filters). Only a small icon is dropped, and the text names the key. The tool flags a 389x410 px raster on p75 as dropped. That is a size mismatch only. The same window is kept as the vector crop img_0054 (651x673 px, about 2.2x scale of the 292x308 pt raster). So no Critical."
Philips-MP20-MP90-Manual,sec_0125,75,5.5-filters_passing_noise,PASS,,"img_0054 (p75, vector) is the Alarm Limits window with callouts 1-3. It is meaningful. The crop has no extra text. No decorative image is kept.",
Philips-MP20-MP90-Manual,sec_0125,75,5.5-image_section_mapping,PASS,,"img_0054 (p75, vector) is mapped to sec_0125. It sits under the paragraph that introduces the window and above the legend #/texts/1471-1473, so the mapping is right. The next figure, img_0055 on p76, is mapped to sec_0126, which is right.",
Philips-MP20-MP90-Manual,sec_0126,77,5.4-hierarchy_level,PASS,,On p75 the heading 'Changing Alarm Limits' (#/texts/1480) is a medium bold sub-heading like 'Viewing All Alarm Limits'. hierarchy_level 3 is correct.,
Philips-MP20-MP90-Manual,sec_0126,77,5.4-parent_child,PASS,,Parent sec_0123 'Alarm Limits' (p73-78) is right. This section has no children. The next sibling sec_0127 starts on p77.,
Philips-MP20-MP90-Manual,sec_0126,77,5.4-page_start_end,PASS,,"The section starts at heading #/texts/1480 at the bottom of p75. It runs over p76 (steps, legend, figure labels) and ends on p77 with #/texts/1523 (the ST pop-up keys paragraph). The heading 'About Automatic Alarm Limits' (sec_0127) follows on p77 and is not in this section. Boundaries are right.",
Philips-MP20-MP90-Manual,sec_0126,77,5.4-hierarchy_path,PASS,,"The section starts at heading #/texts/1480 at the bottom of p75. It runs over p76 (steps, legend, figure labels) and ends on p77 with #/texts/1523 (the ST pop-up keys paragraph). The heading 'About Automatic Alarm Limits' (sec_0127) follows on p77 and is not in this section. Boundaries are right.",
Philips-MP20-MP90-Manual,sec_0126,77,5.4-gaps_duplicates,PASS,,"On p77 the nodes #/texts/1520-1523 (step 2, SpeedPoint paragraph, red limit sentence, ST keys) are all here once. Nothing from the next heading or its diagram is absorbed.",
Philips-MP20-MP90-Manual,sec_0126,77,5.4-flagged_for_review,PASS,,flagged_for_review is false and verification_score is 100. The heading is found on p75. The flag is right.,
Philips-MP20-MP90-Manual,sec_0126,77,5.4-structural_source,PASS,,structural_source is toc. The heading is on the bookmarked page p75. The source is supported.,
Philips-MP20-MP90-Manual,sec_0126,77,5.6-numbering_scheme,PASS,,Numbering is arabic. The folios 63 to 65 are arabic. The scheme is correct.,
Philips-MP20-MP90-Manual,sec_0126,77,5.6-offset_applied,PASS,,offset_applied is 0. Bookmark page 75 is the physical page of the heading. The folios are only printed numbers. The offset is right.,
Philips-MP20-MP90-Manual,sec_0126,77,5.5-filters_discarding,PASS,,"On p77 the only figure is the AutoLimits diagram under 'About Automatic Alarm Limits' (sec_0127). It is kept as img_0056, not lost. The Change Limits window figure on p76 is kept as img_0055. I did not see a p76 render, so I judged p76 from the crop.","The tool flags a 395x302 px raster on p77 as dropped. That raster is the AutoLimits diagram. It is kept as img_0056 (422x283 px, vector crop of the same region) and mapped to sec_0127. The size differs, so the tool does not match it. It does not belong to sec_0126."
Philips-MP20-MP90-Manual,sec_0126,77,5.5-filters_passing_noise,PASS,,"img_0055 (p76, vector) is the HR Change Limits window with callouts 1-11. It is meaningful content, not noise. No decorative image is kept for sec_0126.",
Philips-MP20-MP90-Manual,sec_0126,77,5.5-image_section_mapping,PASS,,"img_0055 (p76) shows the Change Limits window that the steps of 'Changing Alarm Limits' describe, and it is mapped to sec_0126. The AutoLimits diagram on p77 is img_0056, mapped to sec_0127, which is right.",
Philips-MP20-MP90-Manual,sec_0137,83,5.4-hierarchy_level,PASS,,On p81 'Alarm Recordings' is a large bold heading like 'Testing Alarms' and 'Alarm Behavior at On/Off'. hierarchy_level 2 under the 'Alarms' chapter is correct.,
Philips-MP20-MP90-Manual,sec_0137,83,5.4-parent_child,PASS,,Parent sec_0102 'Alarms' (p67-82) is the chapter. The section has no children. The next section sec_0138 is chapter 4 on p83. Parent and children are right.,
Philips-MP20-MP90-Manual,sec_0137,83,5.4-page_start_end,PASS,,"Page 83 is the chapter 4 title page and the start of sec_0139. sec_0137 has no node on p83. It ends on p82, a blank page with only the header and folio '70' (#/texts/1618-1620). page_end 82 is right.",
Philips-MP20-MP90-Manual,sec_0137,83,5.4-hierarchy_path,PASS,,"Page 83 is the chapter 4 title page and the start of sec_0139. sec_0137 has no node on p83. It ends on p82, a blank page with only the header and folio '70' (#/texts/1618-1620). page_end 82 is right.",
Philips-MP20-MP90-Manual,sec_0137,83,5.4-gaps_duplicates,PASS,,"The intro, steps 1-5, the Red&Yell and Off lines and the final reference sentence are all present once. The two sections above ('Testing Alarms', 'Alarm Behavior at On/Off') are not mixed in.",
Philips-MP20-MP90-Manual,sec_0137,83,5.4-flagged_for_review,PASS,,flagged_for_review is false and verification_score is 100. The heading is found on p81. The flag is right.,
Philips-MP20-MP90-Manual,sec_0137,83,5.4-structural_source,PASS,,structural_source is toc. The heading is on the bookmarked page p81. The source is supported.,
Philips-MP20-MP90-Manual,sec_0137,83,5.6-numbering_scheme,PASS,,Numbering is arabic. The folio is 69 on p81 and 70 on p82. The scheme is correct.,
Philips-MP20-MP90-Manual,sec_0137,83,5.6-offset_applied,PASS,,offset_applied is 0. Bookmark page 81 is the physical page of the heading. The folio 69 is only the printed number. The offset is right.,
Philips-MP20-MP90-Manual,sec_0137,83,5.5-filters_discarding,PASS,,Page 83 is the chapter 4 title page. It has no figure or icon. No image of sec_0137 exists on this page.,
Philips-MP20-MP90-Manual,sec_0137,83,5.5-filters_passing_noise,PASS,,No decorative image is kept for sec_0137. The blue rule on the chapter title page is not kept as an image.,
Philips-MP20-MP90-Manual,sec_0137,83,5.5-image_section_mapping,PASS,,"No image is mapped to sec_0137, and p83 holds only text and a table of sec_0139. The empty mapping is right.",
Philips-MP20-MP90-Manual,sec_0139,87,5.4-hierarchy_level,PASS,,On p83 'Patient Alarm Messages' (#/texts/1626) is a medium bold heading below the chapter title 'Patient Alarms and INOPs'. hierarchy_level 2 is correct.,
Philips-MP20-MP90-Manual,sec_0139,87,5.4-parent_child,PASS,,Parent sec_0138 'Patient Alarms and INOPs' (p83-112) is the chapter. The section has no children. The next sibling sec_0140 starts on p89. Parent and children are right.,
Philips-MP20-MP90-Manual,sec_0139,87,5.4-page_start_end,PASS,,The section starts at heading #/texts/1626 on p83. The chapter title and the chapter intro are above the heading and are not in this section. The six alarm tables #/tables/22-27 (p83-88) belong here. The heading 'Technical Alarm Messages (INOPs)' starts sec_0140 on p89. Boundaries are right.,
Philips-MP20-MP90-Manual,sec_0139,87,5.4-hierarchy_path,PASS,,The section starts at heading #/texts/1626 on p83. The chapter title and the chapter intro are above the heading and are not in this section. The six alarm tables #/tables/22-27 (p83-88) belong here. The heading 'Technical Alarm Messages (INOPs)' starts sec_0140 on p89. Boundaries are right.,
Philips-MP20-MP90-Manual,sec_0139,87,5.4-gaps_duplicates,PASS,,Intro paragraphs #/texts/1627-1631 and the six message tables are present once each. The running headers and folios on p84-88 are the only other nodes. Nothing is missing or repeated.,
Philips-MP20-MP90-Manual,sec_0139,87,5.4-flagged_for_review,PASS,,flagged_for_review is false and verification_score is 100. The heading is found on p83. The flag is right.,
Philips-MP20-MP90-Manual,sec_0139,87,5.4-structural_source,PASS,,structural_source is toc. The heading is on the bookmarked page p83. The source is supported.,
Philips-MP20-MP90-Manual,sec_0139,87,5.6-numbering_scheme,PASS,,Numbering is arabic. The folios run 71 to 76 in this section. The scheme is correct.,
Philips-MP20-MP90-Manual,sec_0139,87,5.6-offset_applied,PASS,,offset_applied is 0. Bookmark page 83 is the physical page of the heading. The folio 71 is only the printed number. The offset is right.,
Philips-MP20-MP90-Manual,sec_0139,87,5.6-table_content,PASS,,"Table #/tables/26 has 16 rows on p87, from '**RR LOW' to '**tcpO 2 LOW/ **tcpCO 2 LOW'. The four columns and the cell text match the page.",
Philips-MP20-MP90-Manual,sec_0139,87,5.5-filters_discarding,PASS,,Page 87 has only a table and the header bar. There is no figure or icon to lose.,
Philips-MP20-MP90-Manual,sec_0139,87,5.5-filters_passing_noise,PASS,,No image is kept for sec_0139. The header bar is not kept as an image.,
Philips-MP20-MP90-Manual,sec_0139,87,5.5-image_section_mapping,PASS,,"No image is mapped to sec_0139, and none is printed on p87. The empty mapping is right.",
Philips-MP20-MP90-Manual,sec_0140,94,5.4-hierarchy_level,PASS,,"On p89 'Technical Alarm Messages (INOPs)' (#/texts/1650) is a large bold heading, the same size as 'Patient Alarm Messages'. hierarchy_level 2 is correct.",
Philips-MP20-MP90-Manual,sec_0140,94,5.4-parent_child,PASS,,Parent sec_0138 'Patient Alarms and INOPs' (p83-112) is right. The section has no children. The next section sec_0141 'Managing Patients' is chapter 5 on p113.,
Philips-MP20-MP90-Manual,sec_0140,94,5.4-page_start_end,PASS,,The section starts at heading #/texts/1650 on p89. The INOP tables #/tables/28-50 run from p89 to p111. Page 112 is a blank page with only the header bar (#/tables/51). Chapter 5 starts on p113 and nothing from it is here. page_end 112 is right.,
Philips-MP20-MP90-Manual,sec_0140,94,5.4-hierarchy_path,PASS,,The section starts at heading #/texts/1650 on p89. The INOP tables #/tables/28-50 run from p89 to p111. Page 112 is a blank page with only the header bar (#/tables/51). Chapter 5 starts on p113 and nothing from it is here. page_end 112 is right.,
Philips-MP20-MP90-Manual,sec_0140,94,5.4-gaps_duplicates,PASS,,The intro paragraphs #/texts/1651-1652 and one INOP table per page from p89 to p111 are present once. No page of the chapter is skipped or repeated.,
Philips-MP20-MP90-Manual,sec_0140,94,5.4-flagged_for_review,PASS,,flagged_for_review is false and verification_score is 100. The heading is found on p89. The flag is right.,
Philips-MP20-MP90-Manual,sec_0140,94,5.4-structural_source,PASS,,structural_source is toc. The heading is on the bookmarked page p89. The source is supported.,
Philips-MP20-MP90-Manual,sec_0140,94,5.6-numbering_scheme,PASS,,Numbering is arabic. The folios run 77 to 100. The scheme is correct.,
Philips-MP20-MP90-Manual,sec_0140,94,5.6-offset_applied,PASS,,offset_applied is 0. Bookmark page 89 is the physical page of the heading. The folio 77 is only the printed number. The offset is right.,
Philips-MP20-MP90-Manual,sec_0140,94,5.6-table_content,PASS,,"Table #/tables/33 has the 16 rows of p94, from 'CENTRAL:TELE ONLY' to 'Check MSL Voltage'. The three columns and the cell text match the page.",
Philips-MP20-MP90-Manual,sec_0140,94,5.5-filters_discarding,PASS,,Page 94 has only an INOP table and the header bar. There is no figure or icon to lose.,
Philips-MP20-MP90-Manual,sec_0140,94,5.5-filters_passing_noise,PASS,,No image is kept for sec_0140. The header bar is not kept as an image.,
Philips-MP20-MP90-Manual,sec_0140,94,5.5-image_section_mapping,PASS,,"No image is mapped to sec_0140, and none is printed on p94. The empty mapping is right.",
Philips-MP20-MP90-Manual,sec_0140,96,5.4-hierarchy_level,PASS,,"On p89 'Technical Alarm Messages (INOPs)' (#/texts/1650) is a large bold heading, the same size as 'Patient Alarm Messages'. hierarchy_level 2 is correct.",
Philips-MP20-MP90-Manual,sec_0140,96,5.4-parent_child,PASS,,Parent sec_0138 'Patient Alarms and INOPs' (p83-112) is right. The section has no children. The next section sec_0141 'Managing Patients' is chapter 5 on p113.,
Philips-MP20-MP90-Manual,sec_0140,96,5.4-page_start_end,PASS,,The section starts at heading #/texts/1650 on p89. The INOP tables #/tables/28-50 run from p89 to p111. Page 112 is a blank page with only the header bar (#/tables/51). Chapter 5 starts on p113 and nothing from it is here. page_end 112 is right.,
Philips-MP20-MP90-Manual,sec_0140,96,5.4-hierarchy_path,PASS,,The section starts at heading #/texts/1650 on p89. The INOP tables #/tables/28-50 run from p89 to p111. Page 112 is a blank page with only the header bar (#/tables/51). Chapter 5 starts on p113 and nothing from it is here. page_end 112 is right.,
Philips-MP20-MP90-Manual,sec_0140,96,5.4-gaps_duplicates,PASS,,The intro paragraphs #/texts/1651-1652 and one INOP table per page from p89 to p111 are present once. No page of the chapter is skipped or repeated.,
Philips-MP20-MP90-Manual,sec_0140,96,5.4-flagged_for_review,PASS,,flagged_for_review is false and verification_score is 100. The heading is found on p89. The flag is right.,
Philips-MP20-MP90-Manual,sec_0140,96,5.4-structural_source,PASS,,structural_source is toc. The heading is on the bookmarked page p89. The source is supported.,
Philips-MP20-MP90-Manual,sec_0140,96,5.6-numbering_scheme,PASS,,Numbering is arabic. The folios run 77 to 100. The scheme is correct.,
Philips-MP20-MP90-Manual,sec_0140,96,5.6-offset_applied,PASS,,offset_applied is 0. Bookmark page 89 is the physical page of the heading. The folio 77 is only the printed number. The offset is right.,
Philips-MP20-MP90-Manual,sec_0140,96,5.6-table_content,PASS,,"Table #/tables/35 has the 14 rows of p96, from 'CO 2 CHANGE SCALE' to 'CO 2 PUMP OFF'. The three columns and the cell text match the page.",
Philips-MP20-MP90-Manual,sec_0140,96,5.5-filters_discarding,PASS,,Page 96 has only an INOP table and the header bar. There is no figure or icon to lose.,
Philips-MP20-MP90-Manual,sec_0140,96,5.5-filters_passing_noise,PASS,,No image is kept for sec_0140. The header bar is not kept as an image.,
Philips-MP20-MP90-Manual,sec_0140,96,5.5-image_section_mapping,PASS,,"No image is mapped to sec_0140, and none is printed on p96. The empty mapping is right.",
Philips-MP20-MP90-Manual,sec_0140,111,5.4-hierarchy_level,PASS,,"On p89 'Technical Alarm Messages (INOPs)' (#/texts/1650) is a large bold heading, the same size as 'Patient Alarm Messages'. hierarchy_level 2 is correct.",
Philips-MP20-MP90-Manual,sec_0140,111,5.4-parent_child,PASS,,Parent sec_0138 'Patient Alarms and INOPs' (p83-112) is right. The section has no children. The next section sec_0141 'Managing Patients' is chapter 5 on p113.,
Philips-MP20-MP90-Manual,sec_0140,111,5.4-page_start_end,PASS,,The section starts at heading #/texts/1650 on p89. The INOP tables #/tables/28-50 run from p89 to p111. Page 112 is a blank page with only the header bar (#/tables/51). Chapter 5 starts on p113 and nothing from it is here. page_end 112 is right.,
Philips-MP20-MP90-Manual,sec_0140,111,5.4-hierarchy_path,PASS,,The section starts at heading #/texts/1650 on p89. The INOP tables #/tables/28-50 run from p89 to p111. Page 112 is a blank page with only the header bar (#/tables/51). Chapter 5 starts on p113 and nothing from it is here. page_end 112 is right.,
Philips-MP20-MP90-Manual,sec_0140,111,5.4-gaps_duplicates,PASS,,The intro paragraphs #/texts/1651-1652 and one INOP table per page from p89 to p111 are present once. No page of the chapter is skipped or repeated.,
Philips-MP20-MP90-Manual,sec_0140,111,5.4-flagged_for_review,PASS,,flagged_for_review is false and verification_score is 100. The heading is found on p89. The flag is right.,
Philips-MP20-MP90-Manual,sec_0140,111,5.4-structural_source,PASS,,structural_source is toc. The heading is on the bookmarked page p89. The source is supported.,
Philips-MP20-MP90-Manual,sec_0140,111,5.6-numbering_scheme,PASS,,Numbering is arabic. The folios run 77 to 100. The scheme is correct.,
Philips-MP20-MP90-Manual,sec_0140,111,5.6-offset_applied,PASS,,offset_applied is 0. Bookmark page 89 is the physical page of the heading. The folio 77 is only the printed number. The offset is right.,
Philips-MP20-MP90-Manual,sec_0140,111,5.6-table_content,PASS,,On p111 table #/tables/50 has 4 rows ('<VueLink option> CHECK SETUP' to 'VueLnk UNPLUGGED') in 3 columns. They match the page.,"Lead change: FAIL Low to PASS, the same result as the approved v2.15 row. The false header table #/tables/51 on p112 is graded once, on the p90 row (BUG-021)."
Philips-MP20-MP90-Manual,sec_0140,111,5.5-filters_discarding,PASS,,Page 111 has only the last INOP table. Page 112 is blank except for the header bar. There is no figure or icon to lose.,
Philips-MP20-MP90-Manual,sec_0140,111,5.5-filters_passing_noise,PASS,,"No image is kept for sec_0140. The header bar on p112 is read as a table, not as an image (see 5.6-table_content).",
Philips-MP20-MP90-Manual,sec_0140,111,5.5-image_section_mapping,PASS,,"No image is mapped to sec_0140, and none is printed on p111-112. The empty mapping is right.",
Philips-MP20-MP90-Manual,sec_0143,115,5.4-hierarchy_level,PASS,,"On p115 'Patient Category and Paced Status' (#/texts/1776) is a medium bold heading, smaller than 'Quick Admitting a Patient'. hierarchy_level 3 under 'Admitting a Patient' is correct.",
Philips-MP20-MP90-Manual,sec_0143,115,5.4-parent_child,PASS,,Parent sec_0142 'Admitting a Patient' is right. The section has no children. The sibling sec_0144 'Admitting a Centrally-Monitored Patient' follows on p115.,
Philips-MP20-MP90-Manual,sec_0143,115,5.4-page_start_end,PASS,,The section starts at heading #/texts/1776 at the top of p115 and holds two paragraphs and the WARNING box (#/texts/1777-1781). The next heading 'Admitting a Centrally-Monitored Patient' (sec_0144) is not here. The running header #/texts/1774-1775 sits above the heading and is boilerplate. Boundaries are right.,
Philips-MP20-MP90-Manual,sec_0143,115,5.4-hierarchy_path,PASS,,The section starts at heading #/texts/1776 at the top of p115 and holds two paragraphs and the WARNING box (#/texts/1777-1781). The next heading 'Admitting a Centrally-Monitored Patient' (sec_0144) is not here. The running header #/texts/1774-1775 sits above the heading and is boilerplate. Boundaries are right.,
Philips-MP20-MP90-Manual,sec_0143,115,5.4-gaps_duplicates,PASS,,"Both intro paragraphs, the WARNING paragraph and the 'Patient category' and 'Paced status' paragraphs are present once. Nothing from sec_0144 is absorbed.",
Philips-MP20-MP90-Manual,sec_0143,115,5.4-flagged_for_review,PASS,,flagged_for_review is false and verification_score is 100. The heading is found at the top of p115. The flag is right.,
Philips-MP20-MP90-Manual,sec_0143,115,5.4-structural_source,PASS,,structural_source is toc. The heading is on the bookmarked page p115. The source is supported.,
Philips-MP20-MP90-Manual,sec_0143,115,5.6-numbering_scheme,PASS,,Numbering is arabic. The folio on p115 is 103. The scheme is correct.,
Philips-MP20-MP90-Manual,sec_0143,115,5.6-offset_applied,PASS,,offset_applied is 0. Bookmark page 115 is the physical page of the heading. The folio 103 is only the printed number. The offset is right.,
Philips-MP20-MP90-Manual,sec_0143,115,5.5-filters_discarding,PASS,,Page 115 has only text and the WARNING box. The word WARNING is kept in #/texts/1779 and no triangle icon is printed. No figure is lost.,
Philips-MP20-MP90-Manual,sec_0143,115,5.5-filters_passing_noise,PASS,,images.json lists no image for sec_0143. No decorative image is kept.,
Philips-MP20-MP90-Manual,sec_0143,115,5.5-image_section_mapping,PASS,,"No image is mapped to sec_0143, and none is printed in its part of p115. The empty mapping is right.",
Philips-MP20-MP90-Manual,sec_0164,125,5.4-hierarchy_level,PASS,,On p123 'Understanding the Care Group Overview Bar' (#/texts/1957) is a medium bold heading below the large 'Care Groups' heading. hierarchy_level 3 is correct.,
Philips-MP20-MP90-Manual,sec_0164,125,5.4-parent_child,PASS,,Parent sec_0163 'Care Groups' (p123-128) is right. The section has no children. The next sibling sec_0165 starts on p125.,
Philips-MP20-MP90-Manual,sec_0164,125,5.4-page_start_end,PASS,,"The section starts at heading #/texts/1957 at the bottom of p123 and runs over p124 (bar, symbol column and legend) to the Care Group Symbols table #/tables/55 on p125. The heading 'Viewing the My Care Group Window' (sec_0165) starts below that table and is not here. Boundaries are right.",
Philips-MP20-MP90-Manual,sec_0164,125,5.4-hierarchy_path,PASS,,"The section starts at heading #/texts/1957 at the bottom of p123 and runs over p124 (bar, symbol column and legend) to the Care Group Symbols table #/tables/55 on p125. The heading 'Viewing the My Care Group Window' (sec_0165) starts below that table and is not here. Boundaries are right.",
Philips-MP20-MP90-Manual,sec_0164,125,5.4-gaps_duplicates,PASS,,"The intro, the bar figure labels (#/texts/1963-1971), the symbol legend (#/texts/1974-1987) and table #/tables/55 are present once. The p123 table and the 'Care Groups' intro belong to earlier sections and are not here.",
Philips-MP20-MP90-Manual,sec_0164,125,5.4-flagged_for_review,PASS,,flagged_for_review is false and verification_score is 100. The heading is found on p123. The flag is right.,
Philips-MP20-MP90-Manual,sec_0164,125,5.4-structural_source,PASS,,structural_source is toc. The heading is on the bookmarked page p123. The source is supported.,
Philips-MP20-MP90-Manual,sec_0164,125,5.6-numbering_scheme,PASS,,Numbering is arabic. The folios run 111 to 113. The scheme is correct.,
Philips-MP20-MP90-Manual,sec_0164,125,5.6-offset_applied,PASS,,offset_applied is 0. Bookmark page 123 is the physical page of the heading. The folio 111 is only the printed number. The offset is right.,
Philips-MP20-MP90-Manual,sec_0164,125,5.6-table_content,PASS,,"Table #/tables/55 has the header and the four description rows (telemetry bed, wireless network, wired network, paired bed). The text matches p125. The symbol cells are empty because the four icons were not extracted (see 5.5-filters_discarding).",
Philips-MP20-MP90-Manual,sec_0164,125,5.5-filters_discarding,FAIL,Low,"Table #/tables/55 on p125 has four small symbol icons in its left column (telemetry bed, wireless network, wired network, paired bed). None is extracted, so the cells are empty in the text. The meaning of each row stays in the text on the right. Figures img_0061 and img_0062 (p124) are kept.",Probably BUG-017 or BUG-020 (small image filters). Only the small icons are lost.
Philips-MP20-MP90-Manual,sec_0164,125,5.5-filters_passing_noise,PASS,,img_0061 (p124) is the Care Group overview bar strip and img_0062 (p124) is the symbol columns. Both are meaningful content. No decorative image is kept for sec_0164.,
Philips-MP20-MP90-Manual,sec_0164,125,5.5-image_section_mapping,PASS,,"img_0061 and img_0062 (p124) are the overview bar and its symbols. They are described by the section text, and both are mapped to sec_0164, which is right. img_0063 (p125) is the My Care Group window and is mapped to sec_0165, which is right because it is under that heading. I did not see a p124 render, so I judged p124 from the crops and the text nodes.",
Philips-MP20-MP90-Manual,sec_0167,127,5.4-hierarchy_level,PASS,,"On p127 'Other Bed Pop-Up Keys' (#/texts/2076) is a small bold heading, the same size as 'Visual Alarm Status Information in the Other Bed Window'. hierarchy_level 4 under 'Viewing the Other Bed Window' is correct.",
Philips-MP20-MP90-Manual,sec_0167,127,5.4-parent_child,PASS,,Parent sec_0166 'Viewing the Other Bed Window' (p126-127) is right. The section has no children. The next sibling sec_0168 follows on p127.,
Philips-MP20-MP90-Manual,sec_0167,127,5.4-page_start_end,PASS,,"The section starts at heading #/texts/2076 and holds the intro, six pop-up key items and the WARNING box (#/texts/2070, #/texts/2084, #/texts/2085). The bullet text and screen picture above the heading belong to sec_0166. The next heading is sec_0168. The WARNING label #/texts/2070 is kept in this section. Boundaries are right.",
Philips-MP20-MP90-Manual,sec_0167,127,5.4-hierarchy_path,PASS,,"The section starts at heading #/texts/2076 and holds the intro, six pop-up key items and the WARNING box (#/texts/2070, #/texts/2084, #/texts/2085). The bullet text and screen picture above the heading belong to sec_0166. The next heading is sec_0168. The WARNING label #/texts/2070 is kept in this section. Boundaries are right.",
Philips-MP20-MP90-Manual,sec_0167,127,5.4-gaps_duplicates,PASS,,"All six key items, the WARNING label and its two paragraphs are present once. Nothing is lost and nothing from sec_0166 or sec_0168 is absorbed.",
Philips-MP20-MP90-Manual,sec_0167,127,5.4-flagged_for_review,PASS,,flagged_for_review is false and verification_score is 100. The heading is found on p127. The flag is right.,
Philips-MP20-MP90-Manual,sec_0167,127,5.4-structural_source,PASS,,structural_source is toc. The heading is on the bookmarked page p127. The source is supported.,
Philips-MP20-MP90-Manual,sec_0167,127,5.6-numbering_scheme,PASS,,Numbering is arabic. The folio on p127 is 115. The scheme is correct.,
Philips-MP20-MP90-Manual,sec_0167,127,5.6-offset_applied,PASS,,offset_applied is 0. Bookmark page 127 is the physical page of the heading. The folio 115 is only the printed number. The offset is right.,
Philips-MP20-MP90-Manual,sec_0167,127,5.5-filters_discarding,PASS,,On p127 the only figure is the embedded Other Bed screen above the heading. It belongs to sec_0166. The WARNING box here has only the word WARNING (#/texts/2070) and no icon. No figure of sec_0167 is lost.,
Philips-MP20-MP90-Manual,sec_0167,127,5.5-filters_passing_noise,PASS,,images.json lists no image for sec_0167. The orange rules around the WARNING box are not kept as images.,
Philips-MP20-MP90-Manual,sec_0167,127,5.5-image_section_mapping,PASS,,"img_0065 (p127, the embedded Other Bed screen) is mapped to sec_0166. It is printed above the heading 'Other Bed Pop-Up Keys', so this is right. No image belongs to sec_0167.",
Philips-MP20-MP90-Manual,sec_0187,135,5.4-hierarchy_level,PASS,,On p135 the heading 'ECG Leads Monitored' is printed at a style that fits level 3. The tree has hierarchy_level 3 for sec_0187.,
Philips-MP20-MP90-Manual,sec_0187,135,5.4-parent_child,PASS,,"sec_0187 'ECG Leads Monitored' has parent sec_0186 'About ECG Leads' and no children. The heading on p135 is a direct subsection of that parent, with no section in between.",
Philips-MP20-MP90-Manual,sec_0187,135,5.4-page_start_end,PASS,,On p135 the section holds the heading #/texts/2254 and the lead table #/tables/56. The text of 'About ECG Leads' is above the heading and 'Changing Lead Sets' is below the table. Page range starts and ends at the right content.,
Philips-MP20-MP90-Manual,sec_0187,135,5.4-hierarchy_path,PASS,,The hierarchy_path of sec_0187 ends with 'ECG Leads Monitored' and its parent chain is sec_0186 'About ECG Leads' and above. This order matches the headings seen on p135 and the running header.,
Philips-MP20-MP90-Manual,sec_0187,135,5.4-gaps_duplicates,PASS,,"The nodes of sec_0187 on p135 run in one continuous semantic_order block with no repeats. Every paragraph visible under the heading is present once, and no text of this section sits in a neighbour.",
Philips-MP20-MP90-Manual,sec_0187,135,5.4-flagged_for_review,PASS,,"sec_0187 has flagged_for_review false and verification_score 100. Nothing on p135 shows a doubt, so no flag is needed.",
Philips-MP20-MP90-Manual,sec_0187,135,5.4-structural_source,PASS,,"sec_0187 has structural_source 'toc'. The heading 'ECG Leads Monitored' is printed on p135 where the bookmark points, so the toc source is supported.",
Philips-MP20-MP90-Manual,sec_0187,135,5.6-numbering_scheme,PASS,,Printed folio 123 on p135 is arabic. The tree says numbering_scheme arabic for sec_0187.,
Philips-MP20-MP90-Manual,sec_0187,135,5.6-offset_applied,PASS,,"Physical page 135 shows printed folio 123. The section page_start is the physical page where the heading is printed, so the mapping is correct. The tree has offset_applied 0.","Folio differs from the physical page by 12, but page_start is already physical. I read offset_applied 0 as no extra shift needed."
Philips-MP20-MP90-Manual,sec_0187,135,5.6-table_content,PASS,,"On p135 the table #/tables/56 has 3 columns and 5 data rows (3-, 5-, 6-, 10-electrode set and EASI 5-electrode set). Each lead list and Resp column value matches the rendered table, with no merged or shifted cells.",
Philips-MP20-MP90-Manual,sec_0187,135,5.5-filters_discarding,PASS,,On p135: no figure on p135. No meaningful figure or small informative icon was dropped.,
Philips-MP20-MP90-Manual,sec_0187,135,5.5-filters_passing_noise,PASS,,"No image is kept for sec_0187 on p135, so no decorative or noise image was retained. The header bar and rules on the page are not in the image output.",
Philips-MP20-MP90-Manual,sec_0187,135,5.5-image_section_mapping,PASS,,"No figure belongs to sec_0187 on p135, and no image is mapped to it. This is correct.",
Philips-MP20-MP90-Manual,sec_0197,140,5.4-hierarchy_level,PASS,,On p140 the heading 'Modified 12-Lead ECG' is printed at a style that fits level 4. The tree has hierarchy_level 4 for sec_0197.,
Philips-MP20-MP90-Manual,sec_0197,140,5.4-parent_child,PASS,,"sec_0197 'Modified 12-Lead ECG' has parent sec_0196 'Conventional 12-Lead ECG' and no children. The heading on p140 is a direct subsection of that parent, with no section in between.",
Philips-MP20-MP90-Manual,sec_0197,140,5.4-page_start_end,PASS,,"On p140 the section holds the heading #/texts/2374, the legend text '1 - LA' to '6 - Angle of Lewis', the two paragraphs in the box, and the six figure number labels (#/texts/2374 to #/texts/2388). 'Choosing Standard or Modified Electrode Placement', the WARNING box and 'Capture 12-Lead' are below and are not in this section. Page range starts and ends at the right content.",
Philips-MP20-MP90-Manual,sec_0197,140,5.4-hierarchy_path,PASS,,The hierarchy_path of sec_0197 ends with 'Modified 12-Lead ECG' and its parent chain is sec_0196 'Conventional 12-Lead ECG' and above. This order matches the headings seen on p140 and the running header.,
Philips-MP20-MP90-Manual,sec_0197,140,5.4-gaps_duplicates,PASS,,"The nodes of sec_0197 on p140 run in one continuous semantic_order block with no repeats. Every paragraph visible under the heading is present once, and no text of this section sits in a neighbour.",
Philips-MP20-MP90-Manual,sec_0197,140,5.4-flagged_for_review,PASS,,"sec_0197 has flagged_for_review false and verification_score 100. Nothing on p140 shows a doubt, so no flag is needed.",
Philips-MP20-MP90-Manual,sec_0197,140,5.4-structural_source,PASS,,"sec_0197 has structural_source 'toc'. The heading 'Modified 12-Lead ECG' is printed on p140 where the bookmark points, so the toc source is supported.",
Philips-MP20-MP90-Manual,sec_0197,140,5.6-numbering_scheme,PASS,,Printed folio 128 on p140 is arabic. The tree says numbering_scheme arabic for sec_0197.,
Philips-MP20-MP90-Manual,sec_0197,140,5.6-offset_applied,PASS,,"Physical page 140 shows printed folio 128. The section page_start is the physical page where the heading is printed, so the mapping is correct. The tree has offset_applied 0.","Folio differs from the physical page by 12, but page_start is already physical. I read offset_applied 0 as no extra shift needed."
Philips-MP20-MP90-Manual,sec_0197,140,5.5-filters_discarding,PASS,,On p140: the electrode drawing is extracted as img_0075 and is mapped to sec_0197. The crop is complete and no meaningful figure was dropped. The label words of the figure are kept as text nodes in sec_0197.,
Philips-MP20-MP90-Manual,sec_0197,140,5.5-filters_passing_noise,PASS,,img_0075 (498x472) is the electrode placement drawing and is real content. It has no extra text or decoration inside the crop.,
Philips-MP20-MP90-Manual,sec_0197,140,5.5-image_section_mapping,PASS,,img_0075 is on p140 under the heading 'Modified 12-Lead ECG' and is mapped to sec_0197. This is the right section.,
Philips-MP20-MP90-Manual,sec_0207,144,5.4-hierarchy_level,PASS,,On p144 the heading 'ECG Safety Information' is printed at a style that fits level 2. The tree has hierarchy_level 2 for sec_0207.,
Philips-MP20-MP90-Manual,sec_0207,144,5.4-parent_child,PASS,,"sec_0207 'ECG Safety Information' has parent sec_0170 'ECG, Arrhythmia, ST and QT Monitoring' and no children. The heading on p144 is a direct subsection of that parent, with no section in between.",
Philips-MP20-MP90-Manual,sec_0207,144,5.4-page_start_end,PASS,,"On p144 the section holds the heading #/texts/2455, the CAUTION and WARNING boxes, the paragraphs up to folio 132, and on p145 the three paragraphs 'External pacing electrodes', 'Fusion beat pacemakers' and 'Rate adaptive pacemakers' (#/texts/2473 to #/texts/2475). On p145 the WARNING box ends with these three paragraphs, so they belong to this section. 'About Arrhythmia Monitoring' starts in sec_0208. Page range starts and ends at the right content.",
Philips-MP20-MP90-Manual,sec_0207,144,5.4-hierarchy_path,PASS,,"The hierarchy_path of sec_0207 ends with 'ECG Safety Information' and its parent chain is sec_0170 'ECG, Arrhythmia, ST and QT Monitoring' and above. This order matches the headings seen on p144 and the running header.",
Philips-MP20-MP90-Manual,sec_0207,144,5.4-gaps_duplicates,PASS,,"The nodes of sec_0207 on p144 run in one continuous semantic_order block with no repeats. Every paragraph visible under the heading is present once, and no text of this section sits in a neighbour.",
Philips-MP20-MP90-Manual,sec_0207,144,5.4-flagged_for_review,PASS,,"sec_0207 has flagged_for_review false and verification_score 100. Nothing on p144 shows a doubt, so no flag is needed.",
Philips-MP20-MP90-Manual,sec_0207,144,5.4-structural_source,PASS,,"sec_0207 has structural_source 'toc'. The heading 'ECG Safety Information' is printed on p144 where the bookmark points, so the toc source is supported.",
Philips-MP20-MP90-Manual,sec_0207,144,5.6-numbering_scheme,PASS,,Printed folio 132 on p144 is arabic. The tree says numbering_scheme arabic for sec_0207.,
Philips-MP20-MP90-Manual,sec_0207,144,5.6-offset_applied,PASS,,"Physical page 144 shows printed folio 132. The section page_start is the physical page where the heading is printed, so the mapping is correct. The tree has offset_applied 0.","Folio differs from the physical page by 12, but page_start is already physical. I read offset_applied 0 as no extra shift needed."
Philips-MP20-MP90-Manual,sec_0207,144,5.5-filters_discarding,PASS,,On p144: no figure on p144 or p145; the CAUTION and WARNING bars are coloured rules only. No meaningful figure or small informative icon was dropped. The CAUTION and WARNING coloured bars are decoration only.,
Philips-MP20-MP90-Manual,sec_0207,144,5.5-filters_passing_noise,PASS,,"No image is kept for sec_0207 on p144, so no decorative or noise image was retained. The header bar and rules on the page are not in the image output.",
Philips-MP20-MP90-Manual,sec_0207,144,5.5-image_section_mapping,PASS,,"No figure belongs to sec_0207 on p144, and no image is mapped to it. This is correct.",
Philips-MP20-MP90-Manual,sec_0213,146,5.4-hierarchy_level,PASS,,On p146 the heading 'Aberrantly-Conducted Beats' is printed at a style that fits level 3. The tree has hierarchy_level 3 for sec_0213.,
Philips-MP20-MP90-Manual,sec_0213,146,5.4-parent_child,PASS,,"sec_0213 'Aberrantly-Conducted Beats' has parent sec_0212 'Choosing an ECG Lead for Arrhythmia Monitoring' and no children. The heading on p146 is a direct subsection of that parent, with no section in between.",
Philips-MP20-MP90-Manual,sec_0213,146,5.4-page_start_end,PASS,,On p146 the section holds the heading #/texts/2509 and one paragraph #/texts/2510. 'Atrial Fibrillation Alarm' starts below this paragraph and is in sec_0214. Page range starts and ends at the right content.,
Philips-MP20-MP90-Manual,sec_0213,146,5.4-hierarchy_path,PASS,,The hierarchy_path of sec_0213 ends with 'Aberrantly-Conducted Beats' and its parent chain is sec_0212 'Choosing an ECG Lead for Arrhythmia Monitoring' and above. This order matches the headings seen on p146 and the running header.,
Philips-MP20-MP90-Manual,sec_0213,146,5.4-gaps_duplicates,PASS,,"The nodes of sec_0213 on p146 run in one continuous semantic_order block with no repeats. Every paragraph visible under the heading is present once, and no text of this section sits in a neighbour.",
Philips-MP20-MP90-Manual,sec_0213,146,5.4-flagged_for_review,PASS,,"sec_0213 has flagged_for_review false and verification_score 100. Nothing on p146 shows a doubt, so no flag is needed.",
Philips-MP20-MP90-Manual,sec_0213,146,5.4-structural_source,PASS,,"sec_0213 has structural_source 'toc'. The heading 'Aberrantly-Conducted Beats' is printed on p146 where the bookmark points, so the toc source is supported.",
Philips-MP20-MP90-Manual,sec_0213,146,5.6-numbering_scheme,PASS,,Printed folio 134 on p146 is arabic. The tree says numbering_scheme arabic for sec_0213.,
Philips-MP20-MP90-Manual,sec_0213,146,5.6-offset_applied,PASS,,"Physical page 146 shows printed folio 134. The section page_start is the physical page where the heading is printed, so the mapping is correct. The tree has offset_applied 0.","Folio differs from the physical page by 12, but page_start is already physical. I read offset_applied 0 as no extra shift needed."
Philips-MP20-MP90-Manual,sec_0213,146,5.5-filters_discarding,PASS,,On p146: no figure on p146. No meaningful figure or small informative icon was dropped.,
Philips-MP20-MP90-Manual,sec_0213,146,5.5-filters_passing_noise,PASS,,"No image is kept for sec_0213 on p146, so no decorative or noise image was retained. The header bar and rules on the page are not in the image output.",
Philips-MP20-MP90-Manual,sec_0213,146,5.5-image_section_mapping,PASS,,"No figure belongs to sec_0213 on p146, and no image is mapped to it. This is correct.",
Philips-MP20-MP90-Manual,sec_0225,151,5.4-hierarchy_level,PASS,,On p151 the heading 'Arrhythmia Relearn and Lead Fallback' is printed at a style that fits level 4. The tree has hierarchy_level 4 for sec_0225.,
Philips-MP20-MP90-Manual,sec_0225,151,5.4-parent_child,PASS,,"sec_0225 'Arrhythmia Relearn and Lead Fallback' has parent sec_0224 'Automatic Arrhythmia Relearn' and no children. The heading on p151 is a direct subsection of that parent, with no section in between.",
Philips-MP20-MP90-Manual,sec_0225,151,5.4-page_start_end,PASS,,"On p151 the section holds the heading #/texts/2616, the sentence #/texts/2617, the WARNING label #/texts/2629 and the WARNING text with its five-item list (#/texts/2618 to #/texts/2624). 'Arrhythmia Alarms' is below the WARNING box and is in sec_0226. Page range starts and ends at the right content.",
Philips-MP20-MP90-Manual,sec_0225,151,5.4-hierarchy_path,PASS,,The hierarchy_path of sec_0225 ends with 'Arrhythmia Relearn and Lead Fallback' and its parent chain is sec_0224 'Automatic Arrhythmia Relearn' and above. This order matches the headings seen on p151 and the running header.,
Philips-MP20-MP90-Manual,sec_0225,151,5.4-gaps_duplicates,PASS,,"The nodes of sec_0225 on p151 run in one continuous semantic_order block with no repeats. Every paragraph visible under the heading is present once, and no text of this section sits in a neighbour.",
Philips-MP20-MP90-Manual,sec_0225,151,5.4-flagged_for_review,PASS,,"sec_0225 has flagged_for_review false and verification_score 100. Nothing on p151 shows a doubt, so no flag is needed.",
Philips-MP20-MP90-Manual,sec_0225,151,5.4-structural_source,PASS,,"sec_0225 has structural_source 'toc'. The heading 'Arrhythmia Relearn and Lead Fallback' is printed on p151 where the bookmark points, so the toc source is supported.",
Philips-MP20-MP90-Manual,sec_0225,151,5.6-numbering_scheme,PASS,,Printed folio 139 on p151 is arabic. The tree says numbering_scheme arabic for sec_0225.,
Philips-MP20-MP90-Manual,sec_0225,151,5.6-offset_applied,PASS,,"Physical page 151 shows printed folio 139. The section page_start is the physical page where the heading is printed, so the mapping is correct. The tree has offset_applied 0.","Folio differs from the physical page by 12, but page_start is already physical. I read offset_applied 0 as no extra shift needed."
Philips-MP20-MP90-Manual,sec_0225,151,5.5-filters_discarding,PASS,,On p151: no figure on p151; the orange rules of the WARNING box are decorative. No meaningful figure or small informative icon was dropped.,
Philips-MP20-MP90-Manual,sec_0225,151,5.5-filters_passing_noise,PASS,,"No image is kept for sec_0225 on p151, so no decorative or noise image was retained. The header bar and rules on the page are not in the image output.",
Philips-MP20-MP90-Manual,sec_0225,151,5.5-image_section_mapping,PASS,,"No figure belongs to sec_0225 on p151, and no image is mapped to it. This is correct.",
Philips-MP20-MP90-Manual,sec_0241,158,5.4-hierarchy_level,PASS,,"On p158: heading #/texts/2799 'Understanding the ST Display' on p158 (level 2, parent sec_0170). The heading is a large heading like 'Switching ST On and Off', so level 2 is right.",
Philips-MP20-MP90-Manual,sec_0241,158,5.4-parent_child,PASS,,"On p158: parent sec_0170 (chapter 6) lists sec_0241 as a child, and sec_0241 has no children. This agrees with the rendered headings.",
Philips-MP20-MP90-Manual,sec_0241,158,5.4-page_start_end,PASS,,On p158: The section runs from p158 to the end of the callout list (#/texts/2842 on p159). The next heading 'Updating ST Baseline Snippets' is at the bottom of p159 and belongs to sec_0242. No neighbour content is absorbed and no own content is missing.,"Running headers and folios are kept as paragraph nodes inside the section (probably BUG-022). They stay on their own pages, so no boundary is crossed."
Philips-MP20-MP90-Manual,sec_0241,158,5.4-hierarchy_path,PASS,,"The path /ECG, Arrhythmia, ST and QT Monitoring/Understanding the ST Display matches the p158 heading. The order of ancestors is correct.",
Philips-MP20-MP90-Manual,sec_0241,158,5.4-gaps_duplicates,PASS,,Checked p158 against the neighbour sections. The nodes of sec_0241 form one run of semantic_order with no gap and no duplicate body text.,
Philips-MP20-MP90-Manual,sec_0241,158,5.4-flagged_for_review,PASS,,"flagged_for_review is false and verification_score is 100. The heading is found on the rendered page, so no flag is needed.",
Philips-MP20-MP90-Manual,sec_0241,158,5.4-structural_source,PASS,,"structural_source is toc. The title matches the heading seen on p158, so the bookmark source is supported.",
Philips-MP20-MP90-Manual,sec_0241,158,5.6-numbering_scheme,PASS,,"Printed folios are arabic (146 on p158, 147 on p159). The scheme arabic is correct.",
Philips-MP20-MP90-Manual,sec_0241,158,5.6-offset_applied,PASS,,"Physical p158 shows folio 146 and the heading is on p158, so page_start 158 is the physical page. offset_applied 0 is consistent.",
Philips-MP20-MP90-Manual,sec_0241,158,5.5-filters_discarding,PASS,,"On p158 the ST display screenshot (with callouts 1, 2, 3) is extracted as img_0081 (331x243 px, origin vector) and mapped to sec_0241. I compared the crop with the page. The screenshot, the three arrows and the numbers are all in the crop.","verify_claims flags a raster of 183x122 px only because the crop size differs from the raster size. The figure is visually extracted (img_0081), so PASS is kept."
Philips-MP20-MP90-Manual,sec_0241,158,5.5-filters_passing_noise,PASS,,"Two figures are extracted and mapped to sec_0241: img_0081 (ST display, p158) and img_0082 (ST Baseline window, p159). No decorative element was kept as an image.",
Philips-MP20-MP90-Manual,sec_0241,158,5.5-image_section_mapping,PASS,,"Two figures are extracted and mapped to sec_0241: img_0081 (ST display, p158) and img_0082 (ST Baseline window, p159). Each visual is in the section that owns it.",
Philips-MP20-MP90-Manual,sec_0245,161,5.4-hierarchy_level,PASS,,"On p161: heading #/texts/2868 'Adjusting ST Measurement Points' at the bottom of p160 (level 3, parent sec_0244). The heading is a small bold heading under the large 'About the ST Measurement Points' heading, so level 3 is right.",
Philips-MP20-MP90-Manual,sec_0245,161,5.4-parent_child,PASS,,On p161: parent sec_0244 'About the ST Measurement Points' lists sec_0245 as its only child. This agrees with the rendered headings.,
Philips-MP20-MP90-Manual,sec_0245,161,5.4-page_start_end,PASS,,On p161: The section runs from p160 to #/texts/2948 on p162 ('5 To update the ST snippet...'). The next heading 'ST Alarms' is below it on p162 and starts sec_0246. No neighbour content is absorbed and no own content is missing.,"Running headers and folios are kept as paragraph nodes inside the section (probably BUG-022). They stay on their own pages, so no boundary is crossed."
Philips-MP20-MP90-Manual,sec_0245,161,5.4-hierarchy_path,PASS,,"The path /ECG, Arrhythmia, ST and QT Monitoring/About the ST Measurement Points/Adjusting ST Measurement Points matches the headings on p160. The order of ancestors is correct.",
Philips-MP20-MP90-Manual,sec_0245,161,5.4-gaps_duplicates,PASS,,Checked p161 against the neighbour sections. The nodes of sec_0245 form one run of semantic_order with no gap and no duplicate body text.,
Philips-MP20-MP90-Manual,sec_0245,161,5.4-flagged_for_review,PASS,,"flagged_for_review is false and verification_score is 100. The heading is found on the rendered page, so no flag is needed.",
Philips-MP20-MP90-Manual,sec_0245,161,5.4-structural_source,PASS,,"structural_source is toc. The title matches the heading seen on p161, so the bookmark source is supported.",
Philips-MP20-MP90-Manual,sec_0245,161,5.6-numbering_scheme,PASS,,"Printed folios are arabic (148 on p160, 149 on p161, 150 on p162). The scheme arabic is correct.",
Philips-MP20-MP90-Manual,sec_0245,161,5.6-offset_applied,PASS,,"Physical p160 shows folio 148 and the heading is on p160, so page_start 160 is the physical page. offset_applied 0 is consistent.",
Philips-MP20-MP90-Manual,sec_0245,161,5.5-filters_discarding,FAIL,Medium,On p161 the vector crop img_0085 (848x437) shows the Adjust ST Points screen with its callouts. The crop is cut at the top left. The first callout line 'ST label and the ST' and the start of its arrow are missing. The cut words are still text nodes in sec_0245.,"Lead change: PASS to FAIL Medium, the same grade as the approved v2.15 row (figure cut = Medium). The crop did not change in v2.16. Probably BUG-010 (vector crop box). verify_claims expects Critical only because the crop size differs from the raster size; the figure is not lost."
Philips-MP20-MP90-Manual,sec_0245,161,5.5-filters_passing_noise,PASS,,"p161 has the ISO icon img_0084 and the vector screenshot img_0085, both real content. No divider, logo or decoration is kept. The callout words inside img_0085 are part of the figure.","Lead change: FAIL Low to PASS, the same result as the approved v2.15 row. The cut callout is graded once, in 5.5-filters_discarding."
Philips-MP20-MP90-Manual,sec_0245,161,5.5-image_section_mapping,PASS,,"The 'Adjust ST Points' screenshot img_0085 (p161, vector) and the three ECG diagrams img_0084 (p161), img_0086 and img_0087 (p162) are mapped to sec_0245. The large diagram at the top of p160 (img_0083) belongs to sec_0244 and is mapped there. Each visual is in the section that owns it.",
Philips-MP20-MP90-Manual,sec_0245,162,5.4-hierarchy_level,PASS,,"On p162: heading #/texts/2868 'Adjusting ST Measurement Points' at the bottom of p160 (level 3, parent sec_0244). The heading is a small bold heading under the large 'About the ST Measurement Points' heading, so level 3 is right.",
Philips-MP20-MP90-Manual,sec_0245,162,5.4-parent_child,PASS,,On p162: parent sec_0244 'About the ST Measurement Points' lists sec_0245 as its only child. This agrees with the rendered headings.,
Philips-MP20-MP90-Manual,sec_0245,162,5.4-page_start_end,PASS,,On p162: The section runs from p160 to #/texts/2948 on p162 ('5 To update the ST snippet...'). The next heading 'ST Alarms' is below it on p162 and starts sec_0246. No neighbour content is absorbed and no own content is missing.,"Running headers and folios are kept as paragraph nodes inside the section (probably BUG-022). They stay on their own pages, so no boundary is crossed."
Philips-MP20-MP90-Manual,sec_0245,162,5.4-hierarchy_path,PASS,,"The path /ECG, Arrhythmia, ST and QT Monitoring/About the ST Measurement Points/Adjusting ST Measurement Points matches the headings on p160. The order of ancestors is correct.",
Philips-MP20-MP90-Manual,sec_0245,162,5.4-gaps_duplicates,PASS,,Checked p162 against the neighbour sections. The nodes of sec_0245 form one run of semantic_order with no gap and no duplicate body text.,
Philips-MP20-MP90-Manual,sec_0245,162,5.4-flagged_for_review,PASS,,"flagged_for_review is false and verification_score is 100. The heading is found on the rendered page, so no flag is needed.",
Philips-MP20-MP90-Manual,sec_0245,162,5.4-structural_source,PASS,,"structural_source is toc. The title matches the heading seen on p162, so the bookmark source is supported.",
Philips-MP20-MP90-Manual,sec_0245,162,5.6-numbering_scheme,PASS,,"Printed folios are arabic (148 on p160, 149 on p161, 150 on p162). The scheme arabic is correct.",
Philips-MP20-MP90-Manual,sec_0245,162,5.6-offset_applied,PASS,,"Physical p160 shows folio 148 and the heading is on p160, so page_start 160 is the physical page. offset_applied 0 is consistent.",
Philips-MP20-MP90-Manual,sec_0245,162,5.5-filters_discarding,PASS,,"The 'Adjust ST Points' screenshot img_0085 (p161, vector) and the three ECG diagrams img_0084 (p161), img_0086 and img_0087 (p162) are mapped to sec_0245. The large diagram at the top of p160 (img_0083) belongs to sec_0244 and is mapped there. No meaningful figure or icon is missing.",
Philips-MP20-MP90-Manual,sec_0245,162,5.5-filters_passing_noise,PASS,,"The 'Adjust ST Points' screenshot img_0085 (p161, vector) and the three ECG diagrams img_0084 (p161), img_0086 and img_0087 (p162) are mapped to sec_0245. The large diagram at the top of p160 (img_0083) belongs to sec_0244 and is mapped there. No decorative element was kept as an image.",
Philips-MP20-MP90-Manual,sec_0245,162,5.5-image_section_mapping,PASS,,"The 'Adjust ST Points' screenshot img_0085 (p161, vector) and the three ECG diagrams img_0084 (p161), img_0086 and img_0087 (p162) are mapped to sec_0245. The large diagram at the top of p160 (img_0083) belongs to sec_0244 and is mapped there. Each visual is in the section that owns it.",
Philips-MP20-MP90-Manual,sec_0247,162,5.4-hierarchy_level,PASS,,"On p162: heading #/texts/2917 'Single- or Multi-lead ST Alarming' on p162 (level 3, parent sec_0246). The heading is a small bold heading under the large 'ST Alarms' heading, so level 3 is right.",
Philips-MP20-MP90-Manual,sec_0247,162,5.4-parent_child,PASS,,On p162: parent sec_0246 'ST Alarms' lists sec_0247 and sec_0248 as children. This agrees with the rendered headings.,
Philips-MP20-MP90-Manual,sec_0247,162,5.4-page_start_end,PASS,,On p162: The section has the heading and three paragraphs (#/texts/2918 to 2920). It ends above the heading 'Changing ST Alarm Limits' (sec_0248) on p162. No neighbour content is absorbed and no own content is missing.,
Philips-MP20-MP90-Manual,sec_0247,162,5.4-hierarchy_path,PASS,,"The path /ECG, Arrhythmia, ST and QT Monitoring/ST Alarms/Single- or Multi-lead ST Alarming matches the p162 headings. The order of ancestors is correct.",
Philips-MP20-MP90-Manual,sec_0247,162,5.4-gaps_duplicates,PASS,,Checked p162 against the neighbour sections. The nodes of sec_0247 form one run of semantic_order with no gap and no duplicate body text.,
Philips-MP20-MP90-Manual,sec_0247,162,5.4-flagged_for_review,PASS,,"flagged_for_review is false and verification_score is 100. The heading is found on the rendered page, so no flag is needed.",
Philips-MP20-MP90-Manual,sec_0247,162,5.4-structural_source,PASS,,"structural_source is toc. The title matches the heading seen on p162, so the bookmark source is supported.",
Philips-MP20-MP90-Manual,sec_0247,162,5.6-numbering_scheme,PASS,,Printed folio is arabic (150 on p162). The scheme arabic is correct.,
Philips-MP20-MP90-Manual,sec_0247,162,5.6-offset_applied,PASS,,"Physical p162 shows folio 150 and the heading is on p162, so page_start 162 is the physical page. offset_applied 0 is consistent.",
Philips-MP20-MP90-Manual,sec_0247,162,5.5-filters_discarding,PASS,,No figure or icon is under this heading on p162. The two ECG diagrams at the top of the page belong to sec_0245. No meaningful figure or icon is missing.,
Philips-MP20-MP90-Manual,sec_0247,162,5.5-filters_passing_noise,PASS,,No figure or icon is under this heading on p162. The two ECG diagrams at the top of the page belong to sec_0245. No decorative element was kept as an image.,
Philips-MP20-MP90-Manual,sec_0247,162,5.5-image_section_mapping,PASS,,No figure or icon is under this heading on p162. The two ECG diagrams at the top of the page belong to sec_0245. Each visual is in the section that owns it.,
Philips-MP20-MP90-Manual,sec_0263,168,5.4-hierarchy_level,PASS,,"On p168: heading #/texts/3019 'Indications For Use Of QT Interval Monitoring' at the top of p168 (level 3, parent sec_0260). The heading has the same bold size as 'Limitations For Use...' under the large 'About QT/QTc Interval Monitoring', so level 3 is right.",
Philips-MP20-MP90-Manual,sec_0263,168,5.4-parent_child,PASS,,On p168: parent sec_0260 lists sec_0263 as a child and sec_0263 has no children. This agrees with the rendered headings.,
Philips-MP20-MP90-Manual,sec_0263,168,5.4-page_start_end,PASS,,On p168: The section has the heading and one paragraph (#/texts/3020). It ends above the heading 'Limitations For Use Of QT Interval Monitoring' (sec_0264) on p168. No neighbour content is absorbed and no own content is missing.,"Running headers and folios are kept as paragraph nodes inside the section (probably BUG-022). They stay on their own pages, so no boundary is crossed."
Philips-MP20-MP90-Manual,sec_0263,168,5.4-hierarchy_path,PASS,,"The path /ECG, Arrhythmia, ST and QT Monitoring/About QT/QTc Interval Monitoring/Indications For Use Of QT Interval Monitoring matches the p168 headings. The order of ancestors is correct.",
Philips-MP20-MP90-Manual,sec_0263,168,5.4-gaps_duplicates,PASS,,Checked p168 against the neighbour sections. The nodes of sec_0263 form one run of semantic_order with no gap and no duplicate body text.,
Philips-MP20-MP90-Manual,sec_0263,168,5.4-flagged_for_review,PASS,,"flagged_for_review is false and verification_score is 100. The heading is found on the rendered page, so no flag is needed.",
Philips-MP20-MP90-Manual,sec_0263,168,5.4-structural_source,PASS,,"structural_source is toc. The title matches the heading seen on p168, so the bookmark source is supported.",
Philips-MP20-MP90-Manual,sec_0263,168,5.6-numbering_scheme,PASS,,Printed folio is arabic (156 on p168). The scheme arabic is correct.,
Philips-MP20-MP90-Manual,sec_0263,168,5.6-offset_applied,PASS,,"Physical p168 shows folio 156 and the heading is on p168, so page_start 168 is the physical page. offset_applied 0 is consistent.",
Philips-MP20-MP90-Manual,sec_0263,168,5.5-filters_discarding,PASS,,No figure or icon is on p168 under this heading. No meaningful figure or icon is missing.,
Philips-MP20-MP90-Manual,sec_0263,168,5.5-filters_passing_noise,PASS,,No figure or icon is on p168 under this heading. No decorative element was kept as an image.,
Philips-MP20-MP90-Manual,sec_0263,168,5.5-image_section_mapping,PASS,,No figure or icon is on p168 under this heading. Each visual is in the section that owns it.,
Philips-MP20-MP90-Manual,sec_0268,170,5.4-hierarchy_level,PASS,,"On p170: heading #/texts/3055 'Setting The QT Baseline' on p169 (level 4, parent sec_0266 'QT View'). The heading is a small bold heading under the medium 'QT View' heading, so level 4 is right.",
Philips-MP20-MP90-Manual,sec_0268,170,5.4-parent_child,PASS,,On p170: parent sec_0266 'QT View' lists sec_0268 as a child and sec_0268 has no children. This agrees with the rendered headings.,
Philips-MP20-MP90-Manual,sec_0268,170,5.4-page_start_end,PASS,,"On p170: The section runs from p169 to #/texts/3062 on p170 (the paragraph 'If no baseline has been set...'), which continues the same topic. The next heading 'Printing The QT Waves' (sec_0269) starts below it on p170. No neighbour content is absorbed and no own content is missing.","Running headers and folios are kept as paragraph nodes inside the section (probably BUG-022). They stay on their own pages, so no boundary is crossed."
Philips-MP20-MP90-Manual,sec_0268,170,5.4-hierarchy_path,PASS,,"The path /ECG, Arrhythmia, ST and QT Monitoring/About QT/QTc Interval Monitoring/QT View/Setting The QT Baseline matches the p169 headings. The order of ancestors is correct.",
Philips-MP20-MP90-Manual,sec_0268,170,5.4-gaps_duplicates,PASS,,Checked p170 against the neighbour sections. The nodes of sec_0268 form one run of semantic_order with no gap and no duplicate body text.,
Philips-MP20-MP90-Manual,sec_0268,170,5.4-flagged_for_review,PASS,,"flagged_for_review is false and verification_score is 100. The heading is found on the rendered page, so no flag is needed.",
Philips-MP20-MP90-Manual,sec_0268,170,5.4-structural_source,PASS,,"structural_source is toc. The title matches the heading seen on p170, so the bookmark source is supported.",
Philips-MP20-MP90-Manual,sec_0268,170,5.6-numbering_scheme,PASS,,"Printed folios are arabic (157 on p169, 158 on p170). The scheme arabic is correct.",
Philips-MP20-MP90-Manual,sec_0268,170,5.6-offset_applied,PASS,,"Physical p169 shows folio 157 and the heading is on p169, so page_start 169 is the physical page. offset_applied 0 is consistent.",
Philips-MP20-MP90-Manual,sec_0268,170,5.5-filters_discarding,PASS,,"No figure or icon is on p170. The QT View screenshot on p169 (img_0095) is mapped to sec_0266, its owner. No meaningful figure or icon is missing.",
Philips-MP20-MP90-Manual,sec_0268,170,5.5-filters_passing_noise,PASS,,"No figure or icon is on p170. The QT View screenshot on p169 (img_0095) is mapped to sec_0266, its owner. No decorative element was kept as an image.",
Philips-MP20-MP90-Manual,sec_0268,170,5.5-image_section_mapping,PASS,,"No figure or icon is on p170. The QT View screenshot on p169 (img_0095) is mapped to sec_0266, its owner. Each visual is in the section that owns it.",
Philips-MP20-MP90-Manual,sec_0272,171,5.4-hierarchy_level,PASS,,"On p171: heading #/texts/3075 'Switching Individual QTc Alarms On and Off' at the top of p171 (level 3, parent sec_0271). The heading is a small bold heading under the large 'QT Alarms' heading, so level 3 is right.",
Philips-MP20-MP90-Manual,sec_0272,171,5.4-parent_child,PASS,,On p171: parent sec_0271 'QT Alarms' lists sec_0272 and sec_0273 as children. This agrees with the rendered headings.,
Philips-MP20-MP90-Manual,sec_0272,171,5.4-page_start_end,PASS,,"On p171: The section has the heading, one paragraph and one bullet (#/texts/3075 to 3077). It ends above the heading 'Changing QTc Alarm Limits' (sec_0273) on p171. No neighbour content is absorbed and no own content is missing.","Running headers and folios are kept as paragraph nodes inside the section (probably BUG-022). They stay on their own pages, so no boundary is crossed."
Philips-MP20-MP90-Manual,sec_0272,171,5.4-hierarchy_path,PASS,,"The path /ECG, Arrhythmia, ST and QT Monitoring/QT Alarms/Switching Individual QTc Alarms On and Off matches the p171 headings. The order of ancestors is correct.",
Philips-MP20-MP90-Manual,sec_0272,171,5.4-gaps_duplicates,PASS,,Checked p171 against the neighbour sections. The nodes of sec_0272 form one run of semantic_order with no gap and no duplicate body text.,
Philips-MP20-MP90-Manual,sec_0272,171,5.4-flagged_for_review,PASS,,"flagged_for_review is false and verification_score is 100. The heading is found on the rendered page, so no flag is needed.",
Philips-MP20-MP90-Manual,sec_0272,171,5.4-structural_source,PASS,,"structural_source is toc. The title matches the heading seen on p171, so the bookmark source is supported.",
Philips-MP20-MP90-Manual,sec_0272,171,5.6-numbering_scheme,PASS,,Printed folio is arabic (159 on p171). The scheme arabic is correct.,
Philips-MP20-MP90-Manual,sec_0272,171,5.6-offset_applied,PASS,,"Physical p171 shows folio 159 and the heading is on p171, so page_start 171 is the physical page. offset_applied 0 is consistent.",
Philips-MP20-MP90-Manual,sec_0272,171,5.5-filters_discarding,PASS,,No figure or icon is on p171. No meaningful figure or icon is missing.,
Philips-MP20-MP90-Manual,sec_0272,171,5.5-filters_passing_noise,PASS,,No figure or icon is on p171. No decorative element was kept as an image.,
Philips-MP20-MP90-Manual,sec_0272,171,5.5-image_section_mapping,PASS,,No figure or icon is on p171. Each visual is in the section that owns it.,
Philips-MP20-MP90-Manual,sec_0280,175,5.4-hierarchy_level,PASS,,On p174 the heading 'Selecting the Active Alarm Source: ECG or Pulse?' is a sub-heading under 'Using Pulse Alarms'. The tree has level 3 under sec_0279.,
Philips-MP20-MP90-Manual,sec_0280,175,5.4-parent_child,PASS,,"Parent sec_0279 'Using Pulse Alarms' is the right H2 above it on p174. No children, and none are printed.",
Philips-MP20-MP90-Manual,sec_0280,175,5.4-page_start_end,PASS,,"Nodes #/texts/3115 to 3130 run from the heading on p174 to the WARNING box on p175. The WARNING box (3128, 3129, 3130) is the last item before 'Alarm Source Selection Disabled' (sec_0281). Nothing of sec_0281 is taken, and nothing is missing.",
Philips-MP20-MP90-Manual,sec_0280,175,5.4-hierarchy_path,PASS,,"Path /Monitoring Pulse Rate/Using Pulse Alarms/Selecting the Active Alarm Source: ECG or Pulse? matches the printed H1, H2 and H3 headings.",
Philips-MP20-MP90-Manual,sec_0280,175,5.4-gaps_duplicates,PASS,,"The 16 nodes are in reading order with no repeated text. The body, the three bullets and the Note on p174 and the WARNING box on p175 are all present. The folio 162 and the p175 running header are page boilerplate inside the span.",
Philips-MP20-MP90-Manual,sec_0280,175,5.4-flagged_for_review,PASS,,"Flag is false and the verification score is 100.0 with an empty reason. The rendered heading matches the title, so no flag is needed.",
Philips-MP20-MP90-Manual,sec_0280,175,5.4-structural_source,PASS,,"Source is toc. The heading text in the rendered page matches the section title, so the TOC entry is supported.",
Philips-MP20-MP90-Manual,sec_0280,175,5.6-numbering_scheme,PASS,,"Printed folios are arabic numbers, and numbering_scheme is arabic. This agrees with the page.",
Philips-MP20-MP90-Manual,sec_0280,175,5.6-offset_applied,PASS,,"offset_applied is 0 and page_start is a physical page. folio 162 is printed on physical p174 and the heading is seen on p174; the section start is physical p174. The printed folio differs from the physical page, which is normal for this manual.",
Philips-MP20-MP90-Manual,sec_0280,175,5.5-filters_discarding,PASS,,Pages 174 and 175 of this section show only text and two orange warning boxes. No figure is printed in this section and images.json lists none. No visual was discarded.,
Philips-MP20-MP90-Manual,sec_0280,175,5.5-filters_passing_noise,PASS,,"No decorative rule, logo or footer divider is kept as an image for this section. images.json lists no image for this section.",
Philips-MP20-MP90-Manual,sec_0280,175,5.5-image_section_mapping,PASS,,"No relevant visual is printed in this section, so no image mapping is needed. Pages 174 and 175 of this section show only text and two orange warning boxes. No figure is printed in this section and images.json lists none.",
Philips-MP20-MP90-Manual,sec_0300,182,5.4-hierarchy_level,PASS,,On p180 'Resp Safety Information' is printed as an H2 at the bottom of the page. The tree has level 2 under sec_0285 (chapter 8).,
Philips-MP20-MP90-Manual,sec_0300,182,5.4-parent_child,PASS,,Parent sec_0285 'Monitoring Respiration Rate (Resp)' is the chapter. Previous section sec_0299 'Changing the Apnea Alarm Delay' is a sibling H2 right above it on p180.,
Philips-MP20-MP90-Manual,sec_0300,182,5.4-page_start_end,PASS,,"Nodes #/texts/3217 to 3231 run from the heading on p180 through p181 to p182. On p180 the WARNING text (3218 to 3223) is the full orange-box content. Page 182 is a blank page with only the running header and folio 170. These two nodes (3229, 3230, 3231) are boilerplate inside the span. The next section, sec_0301, starts on p183.","Running headers and folios are kept as paragraphs, probably BUG-022. They are inside the section span, so no boundary is crossed."
Philips-MP20-MP90-Manual,sec_0300,182,5.4-hierarchy_path,PASS,,Path /Monitoring Respiration Rate (Resp)/Resp Safety Information matches the printed chapter title and H2 on p180.,
Philips-MP20-MP90-Manual,sec_0300,182,5.4-gaps_duplicates,PASS,,"No missing text and no repeated text was seen on p180. The paragraphs Respiration detection level, Apnea, Interference and Resp Accessories are each present once. Running headers and folios on p181 and p182 are kept as paragraphs.",
Philips-MP20-MP90-Manual,sec_0300,182,5.4-flagged_for_review,PASS,,"Flag is false and the verification score is 100.0 with an empty reason. The rendered heading matches the title, so no flag is needed.",
Philips-MP20-MP90-Manual,sec_0300,182,5.4-structural_source,PASS,,"Source is toc. The heading text in the rendered page matches the section title, so the TOC entry is supported.",
Philips-MP20-MP90-Manual,sec_0300,182,5.6-numbering_scheme,PASS,,"Printed folios are arabic numbers, and numbering_scheme is arabic. This agrees with the page.",
Philips-MP20-MP90-Manual,sec_0300,182,5.6-offset_applied,PASS,,"offset_applied is 0 and page_start is a physical page. folio 168 is printed on physical p180 and the section heading is seen on p180; the section start is physical p180. The printed folio differs from the physical page, which is normal for this manual.",
Philips-MP20-MP90-Manual,sec_0300,182,5.5-filters_discarding,PASS,,Page 180 shows text and an orange WARNING box. Page 182 is blank except the header and folio. No figure is printed and images.json lists none. No visual was discarded.,
Philips-MP20-MP90-Manual,sec_0300,182,5.5-filters_passing_noise,PASS,,"No decorative rule, logo or footer divider is kept as an image for this section. images.json lists no image for this section.",
Philips-MP20-MP90-Manual,sec_0300,182,5.5-image_section_mapping,PASS,,"No relevant visual is printed in this section, so no image mapping is needed. Page 180 shows text and an orange WARNING box. Page 182 is blank except the header and folio. No figure is printed and images.json lists none.",
Philips-MP20-MP90-Manual,sec_0316,188,5.4-hierarchy_level,PASS,,On p188 'Setting SpO2/Pleth as Pulse Source' is printed as an H2 at the top of the page. The tree has level 2 under sec_0301.,
Philips-MP20-MP90-Manual,sec_0316,188,5.4-parent_child,PASS,,Parent sec_0301 'Monitoring SpO2' is the chapter. Previous sec_0315 ends on p187 and next sec_0317 'Setting Up Tone Modulation' is the next H2 on p188.,
Philips-MP20-MP90-Manual,sec_0316,188,5.4-page_start_end,PASS,,"Nodes #/texts/3333 to 3337 are the page header, the heading and numbered steps 1 and 2 on p188. The two steps are the whole body printed above 'Setting Up Tone Modulation' (sec_0317). The page header at the top of p188 is boilerplate, and it is on the first section of that page.","Page header nodes kept as paragraphs, probably BUG-022. They sit on the first section of the page, so no boundary is crossed."
Philips-MP20-MP90-Manual,sec_0316,188,5.4-hierarchy_path,PASS,,Path /Monitoring SpO2/Setting SpO2/Pleth as Pulse Source matches the printed chapter title and H2 on p188.,
Philips-MP20-MP90-Manual,sec_0316,188,5.4-gaps_duplicates,PASS,,Heading and steps 1 and 2 are present once. The two header nodes 3333 and 3334 are page boilerplate kept as paragraphs before the heading. No body text is missing or repeated.,
Philips-MP20-MP90-Manual,sec_0316,188,5.4-flagged_for_review,PASS,,"Flag is false and the verification score is 100.0 with an empty reason. The rendered heading matches the title, so no flag is needed.",
Philips-MP20-MP90-Manual,sec_0316,188,5.4-structural_source,PASS,,"Source is toc. The heading text in the rendered page matches the section title, so the TOC entry is supported.",
Philips-MP20-MP90-Manual,sec_0316,188,5.6-numbering_scheme,PASS,,"Printed folios are arabic numbers, and numbering_scheme is arabic. This agrees with the page.",
Philips-MP20-MP90-Manual,sec_0316,188,5.6-offset_applied,PASS,,"offset_applied is 0 and page_start is a physical page. folio 176 is printed on physical p188 and the heading is seen on p188; the section start is physical p188. The printed folio differs from the physical page, which is normal for this manual.",
Philips-MP20-MP90-Manual,sec_0316,188,5.5-filters_discarding,PASS,,Page 188 shows text only for this section. No figure or icon is printed in sec_0316 and images.json lists none. No visual was discarded.,
Philips-MP20-MP90-Manual,sec_0316,188,5.5-filters_passing_noise,PASS,,"No decorative rule, logo or footer divider is kept as an image for this section. images.json lists no image for this section.",
Philips-MP20-MP90-Manual,sec_0316,188,5.5-image_section_mapping,PASS,,"No relevant visual is printed in this section, so no image mapping is needed. Page 188 shows text only for this section. No figure or icon is printed in sec_0316 and images.json lists none.",
Philips-MP20-MP90-Manual,sec_0319,189,5.4-hierarchy_level,PASS,,On p188 'Calculating SpO2 Difference' is printed as an H2 at the bottom of the page. The tree has level 2 under sec_0301.,
Philips-MP20-MP90-Manual,sec_0319,189,5.4-parent_child,PASS,,Parent sec_0301 'Monitoring SpO2' is the chapter. Previous sec_0318 'Setting the QRS Volume' is the sibling H2 just above it on p188.,
Philips-MP20-MP90-Manual,sec_0319,189,5.4-page_start_end,PASS,,"Nodes #/texts/3344 to 3351 are the heading, the intro paragraph, steps 1 to 5 and folio 176, all on p188. The sampled p189 holds only the chapter 10 opener and the NBP intro. None of it is in sec_0319, and sec_0320 starts there.","Sampled page 189 is the next chapter opener, so the row only confirms nothing leaked."
Philips-MP20-MP90-Manual,sec_0319,189,5.4-hierarchy_path,PASS,,Path /Monitoring SpO2/Calculating SpO2 Difference matches the printed chapter title and H2 on p188.,
Philips-MP20-MP90-Manual,sec_0319,189,5.4-gaps_duplicates,PASS,,"Heading, intro and five numbered steps are present once. Nothing from p189 was absorbed and no step is missing.",
Philips-MP20-MP90-Manual,sec_0319,189,5.4-flagged_for_review,PASS,,"Flag is false and the verification score is 100.0 with an empty reason. The rendered heading matches the title, so no flag is needed.",
Philips-MP20-MP90-Manual,sec_0319,189,5.4-structural_source,PASS,,"Source is toc. The heading text in the rendered page matches the section title, so the TOC entry is supported.",
Philips-MP20-MP90-Manual,sec_0319,189,5.6-numbering_scheme,PASS,,"Printed folios are arabic numbers, and numbering_scheme is arabic. This agrees with the page.",
Philips-MP20-MP90-Manual,sec_0319,189,5.6-offset_applied,PASS,,"offset_applied is 0 and page_start is a physical page. folio 176 is printed on physical p188 and the heading is seen on p188; the section starts and ends on physical p188 and p189 is the next chapter. The printed folio differs from the physical page, which is normal for this manual.",
Philips-MP20-MP90-Manual,sec_0319,189,5.5-filters_discarding,PASS,,Pages 188 and 189 show no figure in this section. Page 189 only shows the NBP chapter opener and a WARNING box for other sections. images.json lists no image for sec_0319. No visual was discarded.,
Philips-MP20-MP90-Manual,sec_0319,189,5.5-filters_passing_noise,PASS,,"No decorative rule, logo or footer divider is kept as an image for this section. images.json lists no image for this section.",
Philips-MP20-MP90-Manual,sec_0319,189,5.5-image_section_mapping,PASS,,"No relevant visual is printed in this section, so no image mapping is needed. Pages 188 and 189 show no figure in this section. Page 189 only shows the NBP chapter opener and a WARNING box for other sections. images.json lists no image for sec_0319.",
Philips-MP20-MP90-Manual,sec_0327,192,5.4-hierarchy_level,PASS,,On p191 'Understanding the NBP Numerics' is printed as an H3 under 'Preparing to Measure NBP'. The tree has level 3 under sec_0325.,
Philips-MP20-MP90-Manual,sec_0327,192,5.4-parent_child,PASS,,Parent sec_0325 'Preparing to Measure NBP' is the H2 on p190. Previous sec_0326 'Correcting the Measurement if Limb is not at Heart Level' is a sibling H3 on p191. Next sec_0328 is an H2 on p192.,
Philips-MP20-MP90-Manual,sec_0327,192,5.4-page_start_end,PASS,,"Nodes #/texts/3405 to 3424 run from the heading on p191 to the text above 'Starting and Stopping Measurements' on p192. The callout labels (3406 to 3415), the two paragraphs on p191 and the NBP Timestamp, Meas Time, Next Meas and During measurements text on p192 are all printed in this section. The Starting and Stopping heading and table belong to sec_0328 and are not here. The p192 header (3419, 3420) is boilerplate.",
Philips-MP20-MP90-Manual,sec_0327,192,5.4-hierarchy_path,PASS,,"Path /Monitoring NBP/Preparing to Measure NBP/Understanding the NBP Numerics matches the printed H1, H2 and H3 headings.",
Philips-MP20-MP90-Manual,sec_0327,192,5.4-gaps_duplicates,PASS,,"Callout labels, paragraphs and bullet text are present once. The screen labels Sys. and Auto are kept as text nodes 3406 and 3407. No text is missing or repeated.",
Philips-MP20-MP90-Manual,sec_0327,192,5.4-flagged_for_review,PASS,,"Flag is false and the verification score is 100.0 with an empty reason. The rendered heading matches the title, so no flag is needed.",
Philips-MP20-MP90-Manual,sec_0327,192,5.4-structural_source,PASS,,"Source is toc. The heading text in the rendered page matches the section title, so the TOC entry is supported.",
Philips-MP20-MP90-Manual,sec_0327,192,5.6-numbering_scheme,PASS,,"Printed folios are arabic numbers, and numbering_scheme is arabic. This agrees with the page.",
Philips-MP20-MP90-Manual,sec_0327,192,5.6-offset_applied,PASS,,"offset_applied is 0 and page_start is a physical page. folio 179 is printed on physical p191 and the heading is seen on p191; the section starts on physical p191 and ends on p192. The printed folio differs from the physical page, which is normal for this manual.",
Philips-MP20-MP90-Manual,sec_0327,192,5.5-filters_discarding,PASS,,Page 191 has the NBP numeric screen with callouts and page 192 has the 8:51 timer bar. Both are kept as images for sec_0327. No visual was discarded.,
Philips-MP20-MP90-Manual,sec_0327,192,5.5-filters_passing_noise,PASS,,"No decorative rule, logo or footer divider is kept as an image for this section. The kept crops img_0102 and img_0105 show only the numeric screen and the 8:51 bar.",
Philips-MP20-MP90-Manual,sec_0327,192,5.5-image_section_mapping,PASS,,img_0102 (p191) and img_0105 (p192) are under this heading and are mapped to sec_0327. The NBP connector vector figure img_0103 is above 'Correcting the Measurement' and is correctly mapped to sec_0325. The icon images on p192 are under the next heading and belong to sec_0328.,
Philips-MP20-MP90-Manual,sec_0334,196,5.4-hierarchy_level,PASS,,On p195 'Calibrating NBP' is printed as an H2 under the chapter 10 title. The tree has level 2 under sec_0320.,
Philips-MP20-MP90-Manual,sec_0334,196,5.4-parent_child,PASS,,Parent sec_0320 'Monitoring NBP' is the chapter. Previous sec_0333 'Assisting Venous Puncture' is a sibling H2 above it on p195.,
Philips-MP20-MP90-Manual,sec_0334,196,5.4-page_start_end,PASS,,"Nodes #/texts/3476 to 3481 are the heading and one paragraph on p195, then the running header and folio 184 of p196. Page 196 is blank except for the header and folio. These nodes are boilerplate inside the span. The Assisting Venous Puncture text and figure above stay in sec_0333.","Running headers and folios are kept as paragraphs, probably BUG-022. They are inside the section span, so no boundary is crossed."
Philips-MP20-MP90-Manual,sec_0334,196,5.4-hierarchy_path,PASS,,Path /Monitoring NBP/Calibrating NBP matches the printed chapter title and H2 on p195.,
Philips-MP20-MP90-Manual,sec_0334,196,5.4-gaps_duplicates,PASS,,"Heading and the one paragraph about NBP not being user-calibrated are present once. Nothing is missing or repeated. Header and folio nodes on p196 (3479, 3480, 3481) are the only content on that page.",
Philips-MP20-MP90-Manual,sec_0334,196,5.4-flagged_for_review,PASS,,"Flag is false and the verification score is 100.0 with an empty reason. The rendered heading matches the title, so no flag is needed.",
Philips-MP20-MP90-Manual,sec_0334,196,5.4-structural_source,PASS,,"Source is toc. The heading text in the rendered page matches the section title, so the TOC entry is supported.",
Philips-MP20-MP90-Manual,sec_0334,196,5.6-numbering_scheme,PASS,,"Printed folios are arabic numbers, and numbering_scheme is arabic. This agrees with the page.",
Philips-MP20-MP90-Manual,sec_0334,196,5.6-offset_applied,PASS,,"offset_applied is 0 and page_start is a physical page. folio 183 is printed on physical p195 and the heading is seen on p195; the section start is physical p195 and p196 is a blank page of the section. The printed folio differs from the physical page, which is normal for this manual.",
Philips-MP20-MP90-Manual,sec_0334,196,5.5-filters_discarding,PASS,,Page 195 above the heading has a venous puncture figure that images.json maps to sec_0333 (img_0114). No figure is printed under 'Calibrating NBP' and page 196 is blank. No visual was discarded.,
Philips-MP20-MP90-Manual,sec_0334,196,5.5-filters_passing_noise,PASS,,"No decorative rule, logo or footer divider is kept as an image for this section. images.json lists no image for this section.",
Philips-MP20-MP90-Manual,sec_0334,196,5.5-image_section_mapping,PASS,,"No relevant visual is printed in this section, so no image mapping is needed. Page 195 above the heading has a venous puncture figure that images.json maps to sec_0333 (img_0114). No figure is printed under 'Calibrating NBP' and page 196 is blank.",
Philips-MP20-MP90-Manual,sec_0339,199,5.4-hierarchy_level,PASS,,On p198 'Calculating Temp Difference' is printed as an H2 under the chapter 11 title. The tree has level 2 under sec_0335.,
Philips-MP20-MP90-Manual,sec_0339,199,5.4-parent_child,PASS,,Parent sec_0335 'Monitoring Temperature' is the chapter. Previous sec_0338 'Extended Temperature Label Set' is the H3 above it on p198.,
Philips-MP20-MP90-Manual,sec_0339,199,5.4-page_start_end,PASS,,"Nodes #/texts/3509 to 3516 are the heading, the intro paragraph, steps 1 to 5 and folio 186, all on p198. The two label tables above the heading belong to sec_0337 and sec_0338 and are not here. The sampled p199 has the chapter 12 opener and nothing of sec_0339.","Sampled p199 is the next chapter opener, so the row only confirms nothing leaked."
Philips-MP20-MP90-Manual,sec_0339,199,5.4-hierarchy_path,PASS,,Path /Monitoring Temperature/Calculating Temp Difference matches the printed chapter title and H2 on p198.,
Philips-MP20-MP90-Manual,sec_0339,199,5.4-gaps_duplicates,PASS,,"Heading, intro and five steps are present once. No step is missing and no text from the tables or from p199 was absorbed.",
Philips-MP20-MP90-Manual,sec_0339,199,5.4-flagged_for_review,PASS,,"Flag is false and the verification score is 100.0 with an empty reason. The rendered heading matches the title, so no flag is needed.",
Philips-MP20-MP90-Manual,sec_0339,199,5.4-structural_source,PASS,,"Source is toc. The heading text in the rendered page matches the section title, so the TOC entry is supported.",
Philips-MP20-MP90-Manual,sec_0339,199,5.6-numbering_scheme,PASS,,"Printed folios are arabic numbers, and numbering_scheme is arabic. This agrees with the page.",
Philips-MP20-MP90-Manual,sec_0339,199,5.6-offset_applied,PASS,,"offset_applied is 0 and page_start is a physical page. folio 186 is printed on physical p198 and the heading is seen on p198; the section starts and ends on physical p198. The printed folio differs from the physical page, which is normal for this manual.",
Philips-MP20-MP90-Manual,sec_0339,199,5.5-filters_discarding,PASS,,"Page 198 has no figure in sec_0339. On sampled p199 the three MMS photos (X1, X2, Module) are extracted as img_0116 and img_0117 and mapped to sec_0341. Those photos are the content of 'Setting up the Pressure Measurement', not of sec_0339.","verify_claims reports raster figures on p199 as missing. This is probably a size match problem: img_0117 (vector crop) and img_0116 cover all three photos. They belong to sec_0341, so they do not count against sec_0339."
Philips-MP20-MP90-Manual,sec_0339,199,5.5-filters_passing_noise,PASS,,"No decorative rule, logo or footer divider is kept as an image for this section. images.json lists no image for this section.",
Philips-MP20-MP90-Manual,sec_0339,199,5.5-image_section_mapping,PASS,,"No relevant visual is printed in this section, so no image mapping is needed. Page 198 shows text and two label tables for other sections. No figure is printed in sec_0339. The images on p199 are mapped to sec_0341.",
Philips-MP20-MP90-Manual,sec_0363,208,5.4-hierarchy_level,PASS,,"On p208 the heading 'Calculating Pulse Pressure Variation' is drawn as a section heading at level 2. The tree has hierarchy_level 2, which fits the visual size and the bookmark nesting.",
Philips-MP20-MP90-Manual,sec_0363,208,5.4-parent_child,PASS,,"Parent is sec_0340 (chapter 12, level 1). Children: none. This matches the printed structure on p208, and the chapter page range contains the section range.",
Philips-MP20-MP90-Manual,sec_0363,208,5.4-page_start_end,PASS,,"The range is p207-p208. The heading #/texts/3687, the Note and the PPV paragraph on p207 are in sec_0363. On p208 the PPV warning, the caution and the steps (#/texts/3693 to #/texts/3704) continue the same topic and stay in sec_0363. The heading 'Measuring Pulmonary Artery Wedge Pressure' and its text start sec_0364. The running header #/texts/3692 is the page header only.",
Philips-MP20-MP90-Manual,sec_0363,208,5.4-hierarchy_path,PASS,,hierarchy_path ends in 'Calculating Pulse Pressure Variation' and the ancestors agree with the printed chapter and section headings seen on p208.,
Philips-MP20-MP90-Manual,sec_0363,208,5.4-gaps_duplicates,PASS,,"The content of 'Calculating Pulse Pressure Variation' on p208 appears once, in sec_0363. The previous and next sections start and end at the visible headings, so there is no gap and no overlap.",
Philips-MP20-MP90-Manual,sec_0363,208,5.4-flagged_for_review,PASS,,"sec_0363 has flagged_for_review false and verification_score 100. The heading on p208 is where the section starts, so no flag was needed.",
Philips-MP20-MP90-Manual,sec_0363,208,5.4-structural_source,PASS,,"structural_source is 'toc'. The bookmark title 'Calculating Pulse Pressure Variation' matches the heading seen on p208, so the TOC origin is supported.",
Philips-MP20-MP90-Manual,sec_0363,208,5.6-numbering_scheme,PASS,,Printed folios are arabic (folio 195 on physical p207) and numbering_scheme is 'arabic'. The scheme is right at this boundary.,
Philips-MP20-MP90-Manual,sec_0363,208,5.6-offset_applied,PASS,,"offset_applied is 0 and the heading 'Calculating Pulse Pressure Variation' is on physical p208, which is the declared page_start or inside the range. The printed folio is a fixed 12 pages lower, as in the neighbouring sections.",
Philips-MP20-MP90-Manual,sec_0363,208,5.5-filters_discarding,PASS,,No diagram or screenshot belongs to sec_0363 on p208. Nothing meaningful was dropped.,
Philips-MP20-MP90-Manual,sec_0363,208,5.5-filters_passing_noise,PASS,,"No image is mapped to sec_0363 on p208. No logo, rule or icon was kept as an image.",
Philips-MP20-MP90-Manual,sec_0363,208,5.5-image_section_mapping,PASS,,"No figure is printed under 'Calculating Pulse Pressure Variation' on p208, and no image is mapped to sec_0363.",
Philips-MP20-MP90-Manual,sec_0366,210,5.4-hierarchy_level,PASS,,"On p210 the heading 'Identifying the Pressure Analog Output Connector' is drawn as a section heading at level 2. The tree has hierarchy_level 2, which fits the visual size and the bookmark nesting.",
Philips-MP20-MP90-Manual,sec_0366,210,5.4-parent_child,PASS,,"Parent is sec_0340 (chapter 12, level 1). Children: none. This matches the printed structure on p210, and the chapter page range contains the section range.",
Philips-MP20-MP90-Manual,sec_0366,210,5.4-page_start_end,PASS,,"The range is p210 only. sec_0366 owns the heading #/texts/3742 and the caption #/texts/3743 and #/texts/3744. The text at the top of p210 ('If the PAWP (mean) is greater...') is the end of the warning of sec_0365, and it is in sec_0365 (#/texts/3741).",
Philips-MP20-MP90-Manual,sec_0366,210,5.4-hierarchy_path,PASS,,hierarchy_path ends in 'Identifying the Pressure Analog Output Connector' and the ancestors agree with the printed chapter and section headings seen on p210.,
Philips-MP20-MP90-Manual,sec_0366,210,5.4-gaps_duplicates,PASS,,"The content of 'Identifying the Pressure Analog Output Connector' on p210 appears once, in sec_0366. The previous and next sections start and end at the visible headings, so there is no gap and no overlap.",
Philips-MP20-MP90-Manual,sec_0366,210,5.4-flagged_for_review,PASS,,"sec_0366 has flagged_for_review false and verification_score 100. The heading on p210 is where the section starts, so no flag was needed.",
Philips-MP20-MP90-Manual,sec_0366,210,5.4-structural_source,PASS,,"structural_source is 'toc'. The bookmark title 'Identifying the Pressure Analog Output Connector' matches the heading seen on p210, so the TOC origin is supported.",
Philips-MP20-MP90-Manual,sec_0366,210,5.6-numbering_scheme,PASS,,Printed folios are arabic (folio 198 on physical p210) and numbering_scheme is 'arabic'. The scheme is right at this boundary.,
Philips-MP20-MP90-Manual,sec_0366,210,5.6-offset_applied,PASS,,"offset_applied is 0 and the heading 'Identifying the Pressure Analog Output Connector' is on physical p210, which is the declared page_start or inside the range. The printed folio is a fixed 12 pages lower, as in the neighbouring sections.",
Philips-MP20-MP90-Manual,sec_0366,210,5.5-filters_discarding,PASS,,"The pressure module drawing on p210 is kept as img_0120 (187x384, raster) and mapped to sec_0366. It shows the full module front. The caption 'analog output...' and its leader line are page text and drawing, not part of the raster; the caption words are text nodes in sec_0366.","Lead change: FAIL Medium to PASS, the same result as the approved v2.15 row. The image did not change in v2.16. The reviewer saw the leader line as lost (possible Medium, BUG-010); the human reviewer may decide."
Philips-MP20-MP90-Manual,sec_0366,210,5.5-filters_passing_noise,PASS,,"img_0120 on p210 shows only the module front panel with its printed symbols. It has no logo, rule or caption text. The symbols are part of the drawing.",
Philips-MP20-MP90-Manual,sec_0366,210,5.5-image_section_mapping,PASS,,"The drawing on p210 is under the heading 'Identifying the Pressure Analog Output Connector' (#/texts/3742). img_0120 is mapped to sec_0366, which is correct.",
Philips-MP20-MP90-Manual,sec_0375,215,5.4-hierarchy_level,PASS,,"On p215 the heading 'Measuring Pulse Pressure Variation' is drawn as a section heading at level 3. The tree has hierarchy_level 3, which fits the visual size and the bookmark nesting.",
Philips-MP20-MP90-Manual,sec_0375,215,5.4-parent_child,PASS,,"Parent is sec_0372 'Measuring C. O. Using the PiCCO Method' (level 2) under sec_0367. Children: none. This matches the printed structure on p215, and the chapter page range contains the section range.",
Philips-MP20-MP90-Manual,sec_0375,215,5.4-page_start_end,PASS,,"The range is p215 only. The heading #/texts/3859, the note, the PPV paragraph and the warning are all on p215 in sec_0375. The label #/texts/3869 'WARNING' is kept with its box. Nothing from sec_0374 or sec_0376 is included.",
Philips-MP20-MP90-Manual,sec_0375,215,5.4-hierarchy_path,PASS,,hierarchy_path ends in 'Measuring Pulse Pressure Variation' and the ancestors agree with the printed chapter and section headings seen on p215.,
Philips-MP20-MP90-Manual,sec_0375,215,5.4-gaps_duplicates,PASS,,"The content of 'Measuring Pulse Pressure Variation' on p215 appears once, in sec_0375. The previous and next sections start and end at the visible headings, so there is no gap and no overlap.",
Philips-MP20-MP90-Manual,sec_0375,215,5.4-flagged_for_review,PASS,,"sec_0375 has flagged_for_review false and verification_score 100. The heading on p215 is where the section starts, so no flag was needed.",
Philips-MP20-MP90-Manual,sec_0375,215,5.4-structural_source,PASS,,"structural_source is 'toc'. The bookmark title 'Measuring Pulse Pressure Variation' matches the heading seen on p215, so the TOC origin is supported.",
Philips-MP20-MP90-Manual,sec_0375,215,5.6-numbering_scheme,PASS,,Printed folios are arabic (folio 203 on physical p215) and numbering_scheme is 'arabic'. The scheme is right at this boundary.,
Philips-MP20-MP90-Manual,sec_0375,215,5.6-offset_applied,PASS,,"offset_applied is 0 and the heading 'Measuring Pulse Pressure Variation' is on physical p215, which is the declared page_start or inside the range. The printed folio is a fixed 12 pages lower, as in the neighbouring sections.",
Philips-MP20-MP90-Manual,sec_0375,215,5.5-filters_discarding,PASS,,No diagram or screenshot belongs to sec_0375 on p215. Nothing meaningful was dropped.,
Philips-MP20-MP90-Manual,sec_0375,215,5.5-filters_passing_noise,PASS,,"No image is mapped to sec_0375 on p215. No logo, rule or icon was kept as an image.",
Philips-MP20-MP90-Manual,sec_0375,215,5.5-image_section_mapping,PASS,,"No figure is printed under 'Measuring Pulse Pressure Variation' on p215, and no image is mapped to sec_0375.",
Philips-MP20-MP90-Manual,sec_0392,222,5.4-hierarchy_level,PASS,,"On p222 the heading 'C.O./CCO Curve Alert Messages' is drawn as a section heading at level 2. The tree has hierarchy_level 2, which fits the visual size and the bookmark nesting.",
Philips-MP20-MP90-Manual,sec_0392,222,5.4-parent_child,PASS,,"Parent is sec_0367 (chapter 13, level 1). Children: none. This matches the printed structure on p222, and the chapter page range contains the section range.",
Philips-MP20-MP90-Manual,sec_0392,222,5.4-page_start_end,PASS,,"The range starts on p222 with the heading #/texts/4021, which is the section start. The intro paragraph #/texts/4022 and table #/tables/81 are below it and belong to this section. Content from sec_0391 above the heading is not absorbed.",
Philips-MP20-MP90-Manual,sec_0392,222,5.4-hierarchy_path,PASS,,hierarchy_path ends in 'C.O./CCO Curve Alert Messages' and the ancestors agree with the printed chapter and section headings seen on p222.,
Philips-MP20-MP90-Manual,sec_0392,222,5.4-gaps_duplicates,PASS,,"The content of 'C.O./CCO Curve Alert Messages' on p222 appears once, in sec_0392. The previous and next sections start and end at the visible headings, so there is no gap and no overlap.",
Philips-MP20-MP90-Manual,sec_0392,222,5.4-flagged_for_review,PASS,,"sec_0392 has flagged_for_review false and verification_score 100. The heading on p222 is where the section starts, so no flag was needed.",
Philips-MP20-MP90-Manual,sec_0392,222,5.4-structural_source,PASS,,"structural_source is 'toc'. The bookmark title 'C.O./CCO Curve Alert Messages' matches the heading seen on p222, so the TOC origin is supported.",
Philips-MP20-MP90-Manual,sec_0392,222,5.6-numbering_scheme,PASS,,Printed folios are arabic (folio 210 on physical p222 and 211 on p223) and numbering_scheme is 'arabic'. The scheme is right at this boundary.,
Philips-MP20-MP90-Manual,sec_0392,222,5.6-offset_applied,PASS,,"offset_applied is 0 and the heading 'C.O./CCO Curve Alert Messages' is on physical p222, which is the declared page_start or inside the range. The printed folio is a fixed 12 pages lower, as in the neighbouring sections.",
Philips-MP20-MP90-Manual,sec_0392,222,5.6-table_content,FAIL,Medium,"On p222 table #/tables/81 has all 8 rows. The last bullet of the 'Noisy baseline' cell ends with 'Do not rinse the catheter during measurement, to avoid'. The page shows '...to avoid temperature fluctuations.' The words 'temperature fluctuations.' are missing, and no node of this section has them. The other rows match.",BUG-008 probably: long cell text is cut at the cell end. Impact: one sentence of the table is incomplete.
Philips-MP20-MP90-Manual,sec_0392,222,5.5-filters_discarding,PASS,,No diagram or screenshot belongs to sec_0392 on p222. Nothing meaningful was dropped.,
Philips-MP20-MP90-Manual,sec_0392,222,5.5-filters_passing_noise,PASS,,"No image is mapped to sec_0392 on p222. No logo, rule or icon was kept as an image.",
Philips-MP20-MP90-Manual,sec_0392,222,5.5-image_section_mapping,PASS,,"No figure is printed under 'C.O./CCO Curve Alert Messages' on p222, and no image is mapped to sec_0392.",
Philips-MP20-MP90-Manual,sec_0392,223,5.4-hierarchy_level,PASS,,"On p223 the heading 'C.O./CCO Curve Alert Messages' is drawn as a section heading at level 2. The tree has hierarchy_level 2, which fits the visual size and the bookmark nesting.",
Philips-MP20-MP90-Manual,sec_0392,223,5.4-parent_child,PASS,,"Parent is sec_0367 (chapter 13, level 1). Children: none. This matches the printed structure on p223, and the chapter page range contains the section range.",
Philips-MP20-MP90-Manual,sec_0392,223,5.4-page_start_end,PASS,,"On p223 the range ends here. sec_0392 owns table #/tables/82 and the closing paragraph #/texts/4026 ('If you have followed all of these guidelines...'), which is above the next heading. The heading 'C.O./CCO Prompt Messages' and its table belong to sec_0393 and are not in this section.",
Philips-MP20-MP90-Manual,sec_0392,223,5.4-hierarchy_path,PASS,,hierarchy_path ends in 'C.O./CCO Curve Alert Messages' and the ancestors agree with the printed chapter and section headings seen on p223.,
Philips-MP20-MP90-Manual,sec_0392,223,5.4-gaps_duplicates,PASS,,"The content of 'C.O./CCO Curve Alert Messages' on p223 appears once, in sec_0392. The previous and next sections start and end at the visible headings, so there is no gap and no overlap.",
Philips-MP20-MP90-Manual,sec_0392,223,5.4-flagged_for_review,PASS,,"sec_0392 has flagged_for_review false and verification_score 100. The heading on p223 is where the section starts, so no flag was needed.",
Philips-MP20-MP90-Manual,sec_0392,223,5.4-structural_source,PASS,,"structural_source is 'toc'. The bookmark title 'C.O./CCO Curve Alert Messages' matches the heading seen on p223, so the TOC origin is supported.",
Philips-MP20-MP90-Manual,sec_0392,223,5.6-numbering_scheme,PASS,,Printed folios are arabic (folio 210 on physical p222 and 211 on p223) and numbering_scheme is 'arabic'. The scheme is right at this boundary.,
Philips-MP20-MP90-Manual,sec_0392,223,5.6-offset_applied,PASS,,"offset_applied is 0 and the heading 'C.O./CCO Curve Alert Messages' is on physical p223, which is the declared page_start or inside the range. The printed folio is a fixed 12 pages lower, as in the neighbouring sections.",
Philips-MP20-MP90-Manual,sec_0392,223,5.6-table_content,PASS,,"On p223 table #/tables/82 repeats the header and has all 8 rows, from 'Check Injectate Temperature Probe Type' to 'Delayed injection'. Each message is matched with its cause text. The 'C.O./CCO Prompt Messages' table below belongs to sec_0393 and is not here.",
Philips-MP20-MP90-Manual,sec_0392,223,5.5-filters_discarding,PASS,,No diagram or screenshot belongs to sec_0392 on p223. Nothing meaningful was dropped.,
Philips-MP20-MP90-Manual,sec_0392,223,5.5-filters_passing_noise,PASS,,"No image is mapped to sec_0392 on p223. No logo, rule or icon was kept as an image.",
Philips-MP20-MP90-Manual,sec_0392,223,5.5-image_section_mapping,PASS,,"No figure is printed under 'C.O./CCO Curve Alert Messages' on p223, and no image is mapped to sec_0392.",
Philips-MP20-MP90-Manual,sec_0395,225,5.4-hierarchy_level,PASS,,"On p225 the heading 'C.O./CCO Safety Information' is drawn as a section heading at level 2. The tree has hierarchy_level 2, which fits the visual size and the bookmark nesting.",
Philips-MP20-MP90-Manual,sec_0395,225,5.4-parent_child,PASS,,"Parent is sec_0367 (chapter 13, level 1). Children: none. This matches the printed structure on p225, and the chapter page range contains the section range.",
Philips-MP20-MP90-Manual,sec_0395,225,5.4-page_start_end,PASS,,"On p225 the only content is the CAUTION box (#/texts/4045 and #/texts/4046). It continues the safety text of sec_0395 that starts on p224, so it is owned correctly. The range p224-p226 is right.",
Philips-MP20-MP90-Manual,sec_0395,225,5.4-hierarchy_path,PASS,,hierarchy_path ends in 'C.O./CCO Safety Information' and the ancestors agree with the printed chapter and section headings seen on p225.,
Philips-MP20-MP90-Manual,sec_0395,225,5.4-gaps_duplicates,PASS,,"The content of 'C.O./CCO Safety Information' on p225 appears once, in sec_0395. The previous and next sections start and end at the visible headings, so there is no gap and no overlap.",
Philips-MP20-MP90-Manual,sec_0395,225,5.4-flagged_for_review,PASS,,"sec_0395 has flagged_for_review false and verification_score 100. The heading on p225 is where the section starts, so no flag was needed.",
Philips-MP20-MP90-Manual,sec_0395,225,5.4-structural_source,PASS,,"structural_source is 'toc'. The bookmark title 'C.O./CCO Safety Information' matches the heading seen on p225, so the TOC origin is supported.",
Philips-MP20-MP90-Manual,sec_0395,225,5.6-numbering_scheme,PASS,,"Printed folios are arabic (folio 212 on p224, 213 on p225 and 214 on p226) and numbering_scheme is 'arabic'. The scheme is right at this boundary.",
Philips-MP20-MP90-Manual,sec_0395,225,5.6-offset_applied,PASS,,"offset_applied is 0 and the heading 'C.O./CCO Safety Information' is on physical p225, which is the declared page_start or inside the range. The printed folio is a fixed 12 pages lower, as in the neighbouring sections.",
Philips-MP20-MP90-Manual,sec_0395,225,5.5-filters_discarding,PASS,,No diagram or screenshot belongs to sec_0395 on p225. Nothing meaningful was dropped.,
Philips-MP20-MP90-Manual,sec_0395,225,5.5-filters_passing_noise,PASS,,"No image is mapped to sec_0395 on p225. No logo, rule or icon was kept as an image.",
Philips-MP20-MP90-Manual,sec_0395,225,5.5-image_section_mapping,PASS,,"No figure is printed under 'C.O./CCO Safety Information' on p225, and no image is mapped to sec_0395.",
Philips-MP20-MP90-Manual,sec_0397,228,5.4-hierarchy_level,PASS,,"On p228 the heading 'Measuring CO2 using M3014A or X2' is drawn as a section heading at level 2. The tree has hierarchy_level 2, which fits the visual size and the bookmark nesting.",
Philips-MP20-MP90-Manual,sec_0397,228,5.4-parent_child,PASS,,"Parent is sec_0396 (chapter 14, level 1). Children: sec_0398 and sec_0399. This matches the printed structure on p228, and the chapter page range contains the section range.",
Philips-MP20-MP90-Manual,sec_0397,228,5.4-page_start_end,PASS,,"The range is p228-p231. sec_0397 owns the heading #/texts/4081 and the text and boxes below it on p228 (#/texts/4082 to #/texts/4086). The Max Hold text and the Correlation warning printed above the heading are in sec_0396, which is right. The labels #/texts/4072 and #/texts/4073 are the WARNING and CAUTION words of boxes below the heading, so they are in the right section. Pages p229 to p231 belong to the children.",
Philips-MP20-MP90-Manual,sec_0397,228,5.4-hierarchy_path,PASS,,hierarchy_path ends in 'Measuring CO2 using M3014A or X2' and the ancestors agree with the printed chapter and section headings seen on p228.,
Philips-MP20-MP90-Manual,sec_0397,228,5.4-gaps_duplicates,PASS,,"The content of 'Measuring CO2 using M3014A or X2' on p228 appears once, in sec_0397. The warning text above the heading is once in sec_0396. The children sec_0398 and sec_0399 take the later pages. No gap and no overlap.",
Philips-MP20-MP90-Manual,sec_0397,228,5.4-flagged_for_review,PASS,,"sec_0397 has flagged_for_review false and verification_score 100. The heading on p228 is where the section starts, so no flag was needed.",
Philips-MP20-MP90-Manual,sec_0397,228,5.4-structural_source,PASS,,"structural_source is 'toc'. The bookmark title 'Measuring CO2 using M3014A or X2' matches the heading seen on p228, so the TOC origin is supported.",
Philips-MP20-MP90-Manual,sec_0397,228,5.6-numbering_scheme,PASS,,Printed folios are arabic (folio 216 on physical p228) and numbering_scheme is 'arabic'. The scheme is right at this boundary.,
Philips-MP20-MP90-Manual,sec_0397,228,5.6-offset_applied,PASS,,"offset_applied is 0 and the heading 'Measuring CO2 using M3014A or X2' is on physical p228, which is the declared page_start or inside the range. The printed folio is a fixed 12 pages lower, as in the neighbouring sections.",
Philips-MP20-MP90-Manual,sec_0397,228,5.5-filters_discarding,PASS,,No diagram or screenshot belongs to sec_0397 on p228. Nothing meaningful was dropped.,
Philips-MP20-MP90-Manual,sec_0397,228,5.5-filters_passing_noise,PASS,,"No image is mapped to sec_0397 on p228. No logo, rule or icon was kept as an image.",
Philips-MP20-MP90-Manual,sec_0397,228,5.5-image_section_mapping,PASS,,"No figure is printed on p228. The sampled section has no image mapped. The sensor drawing on p231 (img_0131) is mapped to sec_0400, a different section, and it is not part of sec_0397's own nodes.",
Philips-MP20-MP90-Manual,sec_0406,233,5.4-hierarchy_level,PASS,,"On p232 the heading 'Attaching and Removing the CO2 Transducer' has the same size as the other level-3 headings, such as 'Calibrating the Transducer'. hierarchy_level 3 is right.",
Philips-MP20-MP90-Manual,sec_0406,233,5.4-parent_child,PASS,,"Parent sec_0402 'Measuring Mainstream CO2 using M3016A' is a level-2 chapter part and lists sec_0406 as a child. The section has no children, which is right for the last step block.",
Philips-MP20-MP90-Manual,sec_0406,233,5.4-page_start_end,PASS,,"The heading is on p232. Step 1, the figure labels, step 2 and the WARNING box (nodes #/texts/4160 to #/texts/4170) all belong to this heading. The section ends on p233 before the heading 'Measuring Microstream CO2 using M3015A'. The p233 header text in #/texts/4167 and #/texts/4168 is only the running header, and the page still belongs to this section's first content.","Running headers are owned by the section with the first content on the page, which is this section (BUG-022 pattern, no harm here)."
Philips-MP20-MP90-Manual,sec_0406,233,5.4-hierarchy_path,PASS,,"hierarchy_path is /Monitoring Carbon Dioxide/Measuring Mainstream CO2 using M3016A/Attaching and Removing the CO2 Transducer. This matches the chapter 14 heading, the level-2 heading and this heading.",
Philips-MP20-MP90-Manual,sec_0406,233,5.4-gaps_duplicates,PASS,,Nodes #/texts/4160 to #/texts/4170 run without gaps in semantic_order 4216 to 4226. The previous section sec_0405 ends on p232 before this heading. The next section sec_0407 starts after the WARNING box on p233. No text appears in two sections.,
Philips-MP20-MP90-Manual,sec_0406,233,5.4-flagged_for_review,PASS,,"flagged_for_review is false. The content matches the heading, so the flag is right.",
Philips-MP20-MP90-Manual,sec_0406,233,5.4-structural_source,PASS,,structural_source is toc and the PDF has a matching bookmark. Heading text and position on p232 agree with it.,
Philips-MP20-MP90-Manual,sec_0406,233,5.6-numbering_scheme,PASS,,The printed folios are arabic numbers (220 on p232 and 221 on p233). numbering_scheme arabic is right.,
Philips-MP20-MP90-Manual,sec_0406,233,5.6-offset_applied,PASS,,"offset_applied is 0 and page_start is 232, which is the physical page that shows the heading. The printed folio is 220, but the bookmark gives physical pages, so no offset is needed.",
Philips-MP20-MP90-Manual,sec_0406,233,5.5-filters_discarding,PASS,,"On p232 the photo of the airway adapter, transducer and tubing is kept as img_0132 (vector, 426x449) with its labels 'Airway Adapter' and 'CO2 Transducer'. On p233 the photo of cable and tubing is kept as img_0133 (213x202). Both crops show the full photo. No small icon was lost.",
Philips-MP20-MP90-Manual,sec_0406,233,5.5-filters_passing_noise,PASS,,"img_0132 and img_0133 are real photos. No rule line, logo or footer divider was kept as an image.",The labels in img_0132 are part of the figure and are also kept as text nodes #/texts/4162 to #/texts/4165 in the same section.
Philips-MP20-MP90-Manual,sec_0406,233,5.5-image_section_mapping,PASS,,img_0132 (p232) and img_0133 (p233) are mapped to sec_0406. Both photos sit under the heading and next to steps 1 and 2 of this section.,
Philips-MP20-MP90-Manual,sec_0420,237,5.4-hierarchy_level,PASS,,"On p236 'Changing awRR Alarm Limits' has the same style as the other level-3 headings, such as 'Deriving Alarms From awRR'. hierarchy_level 3 is right.",
Philips-MP20-MP90-Manual,sec_0420,237,5.4-parent_child,PASS,,Parent sec_0413 'Setting up all CO2 Measurements' lists sec_0420 as its last child. The section has no children.,
Philips-MP20-MP90-Manual,sec_0420,237,5.4-page_start_end,PASS,,"The sampled page 237 is the chapter 15 opening page and is outside this section. The section ends on p236 with step 3 'Select the appropriate setting.' and the folio 224. The chapter 15 opening text on p237 is in sec_0421, which is right. No chapter 15 text was taken.",
Philips-MP20-MP90-Manual,sec_0420,237,5.4-hierarchy_path,PASS,,hierarchy_path is /Monitoring Carbon Dioxide/Setting up all CO2 Measurements/Changing awRR Alarm Limits. It matches p236.,
Philips-MP20-MP90-Manual,sec_0420,237,5.4-gaps_duplicates,PASS,,"semantic_order 4297 to 4301 holds the heading, steps 1 to 3 and the folio from p236. The next section sec_0421 starts at 4302 with the chapter 15 opening. No gap and no duplicate.",
Philips-MP20-MP90-Manual,sec_0420,237,5.4-flagged_for_review,PASS,,flagged_for_review is false. The content matches the heading.,
Philips-MP20-MP90-Manual,sec_0420,237,5.4-structural_source,PASS,,structural_source is toc and the heading is visible on p236.,
Philips-MP20-MP90-Manual,sec_0420,237,5.6-numbering_scheme,PASS,,"Printed folios are arabic (224 on p236, 225 on p237). numbering_scheme arabic is right.",
Philips-MP20-MP90-Manual,sec_0420,237,5.6-offset_applied,PASS,,"offset_applied is 0 and page_start 236 is the physical page with the heading. Printed folio 224 differs, but bookmarks already give physical pages.",
Philips-MP20-MP90-Manual,sec_0420,237,5.5-filters_discarding,PASS,,Pages 236 and 237 have no photo or diagram that belongs to this section. The orange rules around the WARNING boxes are decoration. Nothing meaningful was discarded.,
Philips-MP20-MP90-Manual,sec_0420,237,5.5-filters_passing_noise,PASS,,No image is mapped to sec_0420. No decorative element was kept as an image.,
Philips-MP20-MP90-Manual,sec_0420,237,5.5-image_section_mapping,PASS,,No image is mapped to sec_0420 and none is visible in its content on p236. The sampled p237 has only text.,
Philips-MP20-MP90-Manual,sec_0439,245,5.4-hierarchy_level,PASS,,On p244 'Changing the Temperature of the Inspired Gas' has the same style as other level-3 headings. hierarchy_level 3 is right.,
Philips-MP20-MP90-Manual,sec_0439,245,5.4-parent_child,PASS,,Parent sec_0429 'Setting up Spirometry' is level 2 and lists sec_0439 as its last child. The section has no children.,
Philips-MP20-MP90-Manual,sec_0439,245,5.4-page_start_end,PASS,,"The section covers p244 only. It has the heading, the intro, steps 1 to 3, the full NOTE and the folio 232 (nodes #/texts/4388 to #/texts/4394). The line '3 Select the appropriate setting.' at the top of p244 belongs to the previous section. The sampled p245 is the next chapter opening and is outside this section.",
Philips-MP20-MP90-Manual,sec_0439,245,5.4-hierarchy_path,PASS,,"hierarchy_path is /Monitoring Airway Flow, Volume and Pressure/Setting up Spirometry/Changing the Temperature of the Inspired Gas. It matches the headings on p244.",
Philips-MP20-MP90-Manual,sec_0439,245,5.4-gaps_duplicates,PASS,,semantic_order 4449 to 4455 has no gap. The next section sec_0440 starts at 4456 with the chapter 16 opening on p245. No text is repeated.,
Philips-MP20-MP90-Manual,sec_0439,245,5.4-flagged_for_review,PASS,,flagged_for_review is false. The content matches the heading.,
Philips-MP20-MP90-Manual,sec_0439,245,5.4-structural_source,PASS,,structural_source is toc and the heading is visible on p244.,
Philips-MP20-MP90-Manual,sec_0439,245,5.6-numbering_scheme,PASS,,"Printed folios are arabic (232 on p244, 233 on p245). numbering_scheme arabic is right.",
Philips-MP20-MP90-Manual,sec_0439,245,5.6-offset_applied,PASS,,"offset_applied is 0 and page_start 244 is the physical page with the heading. Printed folio 232 differs, but bookmarks already give physical pages.",
Philips-MP20-MP90-Manual,sec_0439,245,5.5-filters_discarding,PASS,,Page 244 has no photo or diagram. The 'NOTE' label is plain text and there is no note icon. The figure on p245 belongs to sec_0441. Nothing meaningful was discarded.,
Philips-MP20-MP90-Manual,sec_0439,245,5.5-filters_passing_noise,PASS,,No image is mapped to sec_0439. No decorative element was kept as an image.,
Philips-MP20-MP90-Manual,sec_0439,245,5.5-image_section_mapping,PASS,,"No image is in the content of sec_0439. The only figure on the sampled p245 is img_0140, which is mapped to sec_0441 and sits under its heading.",
Philips-MP20-MP90-Manual,sec_0444,246,5.4-hierarchy_level,PASS,,On p246 'Setting the tcGas Site Timer' has a smaller heading style than 'Using the tcGas Site Timer' above it. hierarchy_level 3 is right.,
Philips-MP20-MP90-Manual,sec_0444,246,5.4-parent_child,PASS,,Parent sec_0443 'Using the tcGas Site Timer' is level 2 and lists sec_0444 as a child. The section has no children.,
Philips-MP20-MP90-Manual,sec_0444,246,5.4-page_start_end,PASS,,"The section starts at the heading on p246 and holds the intro, steps 1 and 2, the site timer paragraph, the stabilizing paragraph and the folio 234 (nodes #/texts/4427 to #/texts/4433). The WARNING box above the heading is in sec_0443, which is right. The next section sec_0445 starts on p247.",
Philips-MP20-MP90-Manual,sec_0444,246,5.4-hierarchy_path,PASS,,hierarchy_path is /Monitoring tcGas/Using the tcGas Site Timer/Setting the tcGas Site Timer. It matches the heading levels on p246.,
Philips-MP20-MP90-Manual,sec_0444,246,5.4-gaps_duplicates,PASS,,semantic_order 4488 to 4494 has no gap. The parent sec_0443 holds its own intro and WARNING at 4484 to 4487. The next section sec_0445 starts at 4495. No text is repeated.,
Philips-MP20-MP90-Manual,sec_0444,246,5.4-flagged_for_review,PASS,,flagged_for_review is false. The content matches the heading.,
Philips-MP20-MP90-Manual,sec_0444,246,5.4-structural_source,PASS,,structural_source is toc and the heading is visible on p246.,
Philips-MP20-MP90-Manual,sec_0444,246,5.6-numbering_scheme,PASS,,The printed folio is arabic (234). numbering_scheme arabic is right.,
Philips-MP20-MP90-Manual,sec_0444,246,5.6-offset_applied,PASS,,"offset_applied is 0 and page_start 246 is the physical page with the heading. Printed folio 234 differs, but bookmarks already give physical pages.",
Philips-MP20-MP90-Manual,sec_0444,246,5.5-filters_discarding,PASS,,Page 246 has no photo or diagram. The WARNING box shows the word 'WARNING' as text and has no triangle icon. Nothing meaningful was discarded.,
Philips-MP20-MP90-Manual,sec_0444,246,5.5-filters_passing_noise,PASS,,No image is mapped to sec_0444. The orange WARNING rules were not kept as images.,
Philips-MP20-MP90-Manual,sec_0444,246,5.5-image_section_mapping,PASS,,There is no image on p246 and none is mapped to sec_0444. This agrees with the rendered page.,
Philips-MP20-MP90-Manual,sec_0452,248,5.4-hierarchy_level,PASS,,On p248 'Calibration Failure' has the same style as other level-3 headings. hierarchy_level 3 is right.,
Philips-MP20-MP90-Manual,sec_0452,248,5.4-parent_child,PASS,,Parent sec_0451 'Calibrating the tcGas Transducer' is level 2 and lists sec_0452 as a child. The section has no children.,
Philips-MP20-MP90-Manual,sec_0452,248,5.4-page_start_end,PASS,,"The heading is at the bottom of p248. The section holds the heading, the paragraph about 'tcGas transducer or cal. unit malfunction' and the folio 236 (nodes #/texts/4469 to #/texts/4471). The bullets, steps 1 to 4 and the four figures above the heading stay in sec_0451, which is right. The next section sec_0453 starts on p249.",
Philips-MP20-MP90-Manual,sec_0452,248,5.4-hierarchy_path,PASS,,hierarchy_path is /Monitoring tcGas/Calibrating the tcGas Transducer/Calibration Failure. It matches p248.,
Philips-MP20-MP90-Manual,sec_0452,248,5.4-gaps_duplicates,PASS,,semantic_order 4530 to 4532 has no gap. The parent sec_0451 ends at 4529 and the next section sec_0453 starts at 4533. No text is repeated.,
Philips-MP20-MP90-Manual,sec_0452,248,5.4-flagged_for_review,PASS,,flagged_for_review is false. The content matches the heading.,
Philips-MP20-MP90-Manual,sec_0452,248,5.4-structural_source,PASS,,structural_source is toc and the heading is visible on p248.,
Philips-MP20-MP90-Manual,sec_0452,248,5.6-numbering_scheme,PASS,,The printed folio is arabic (236). numbering_scheme arabic is right.,
Philips-MP20-MP90-Manual,sec_0452,248,5.6-offset_applied,PASS,,"offset_applied is 0 and page_start 248 is the physical page with the heading. Printed folio 236 differs, but bookmarks already give physical pages.",
Philips-MP20-MP90-Manual,sec_0452,248,5.5-filters_discarding,FAIL,Low,"On p248 the four line drawings are kept as img_0141 to img_0144 and mapped to sec_0451. They are complete, but the PNGs are inverted: white lines on black, while the page shows black lines on white. The drawings are still readable.","Lead change: Medium to Low. Nothing is lost and the figure is readable, so it is cosmetic. Not a regression: the image bytes are the same as in v2.15, where this row was approved PASS. New observation, probably an image-mask polarity problem in raster extraction (no BUG id yet). The figures belong to sec_0451; the human reviewer decides whether to keep this row PASS as in v2.15."
Philips-MP20-MP90-Manual,sec_0452,248,5.5-filters_passing_noise,PASS,,"The four images on p248 are real figures. No rule line, logo or divider was kept as an image.",
Philips-MP20-MP90-Manual,sec_0452,248,5.5-image_section_mapping,PASS,,"img_0141 to img_0144 are mapped to sec_0451. They sit in the steps above the 'Calibration Failure' heading, so sec_0451 is the right owner. sec_0452 has no figure of its own.",
Philips-MP20-MP90-Manual,sec_0464,255,5.4-hierarchy_level,PASS,,"On p255 the heading 'Carrying out a Pre-insertion Calibration' is a mid-size heading, smaller than the H2 'Preparing to Monitor with the M1021A Wide Module'. hierarchy_level 3 is right.",
Philips-MP20-MP90-Manual,sec_0464,255,5.4-parent_child,PASS,,"Parent sec_0463 is the H2 'Preparing to Monitor...' on p255. sec_0464 has no children. The next H3 on p256, 'Inserting the Catheter', is not a child.",
Philips-MP20-MP90-Manual,sec_0464,255,5.4-page_start_end,PASS,,"Section starts at heading #/texts/4561 on p255. It ends with step 5 (#/texts/4572) on p256, before the heading 'Inserting the Catheter'. The warning and steps 1-5 are all inside. page_end 256 is right.",
Philips-MP20-MP90-Manual,sec_0464,255,5.4-hierarchy_path,PASS,,The path Monitoring Intravascular Oxygen Saturation / Preparing to Monitor with the M1021A Wide Module / Carrying out a Pre-insertion Calibration matches the printed headings.,
Philips-MP20-MP90-Manual,sec_0464,255,5.4-gaps_duplicates,PASS,,Steps 1-2 are on p255 (#/texts/4565-4566) and steps 3-5 on p256 (#/texts/4570-4572). No step is missing or repeated. The intro text and figure on p255 are in sec_0463.,
Philips-MP20-MP90-Manual,sec_0464,255,5.4-flagged_for_review,PASS,,flagged_for_review is false. The heading is clear on p255 and the content is correct.,
Philips-MP20-MP90-Manual,sec_0464,255,5.4-structural_source,PASS,,structural_source toc is plausible. The heading is printed on p255 as page_start says.,
Philips-MP20-MP90-Manual,sec_0464,255,5.6-numbering_scheme,PASS,,numbering_scheme arabic. Printed folios are 243 and 244 (digits).,
Philips-MP20-MP90-Manual,sec_0464,255,5.6-offset_applied,PASS,,"Heading is on physical p255 as page_start says. offset_applied 0 is consistent with physical page numbering. Printed folio 243 differs, but the tree uses physical pages.",
Philips-MP20-MP90-Manual,sec_0464,255,5.5-filters_discarding,PASS,,"On p255 the vector figure (img_0150, optical module) is extracted. On p256 the ScvO2 display (img_0151) is extracted. No visual is lost.","The claims tool reports a raster figure on p255 as missing. But the same figure is in img_0150 (origin vector, 862x502, includes the legend), mapped to sec_0463. Nothing is lost."
Philips-MP20-MP90-Manual,sec_0464,255,5.5-filters_passing_noise,PASS,,No decorative image is kept for sec_0464. The extracted images are real figures.,
Philips-MP20-MP90-Manual,sec_0464,255,5.5-image_section_mapping,PASS,,"The p255 figure img_0150 is mapped to sec_0463, which owns it (it sits above the sec_0464 heading). The p256 display img_0151 is mapped to sec_0466, which owns it. sec_0464 has no figure of its own.",
Philips-MP20-MP90-Manual,sec_0481,262,5.4-hierarchy_level,PASS,,On p262 'EEG Monitoring Setup' is a large H2 under chapter 18. hierarchy_level 2 is right.,
Philips-MP20-MP90-Manual,sec_0481,262,5.4-parent_child,PASS,,Parent sec_0480 is the chapter 'Monitoring EEG'. sec_0481 has no children. This is correct.,
Philips-MP20-MP90-Manual,sec_0481,262,5.4-page_start_end,PASS,,"Section starts at heading #/texts/4686 on p262. It ends at step 8 (#/texts/4697), just before the H2 'Using the EEG Impedance/Montage Window'. page_start and page_end are both 262. This is right.",
Philips-MP20-MP90-Manual,sec_0481,262,5.4-hierarchy_path,PASS,,Path is /Monitoring EEG/EEG Monitoring Setup. This matches the chapter and heading on p262.,
Philips-MP20-MP90-Manual,sec_0481,262,5.4-gaps_duplicates,PASS,,Steps 1-8 and their sub-bullets (#/texts/4687-4697) are all in sec_0481. None is lost or duplicated. The next H2 and its figure are in sec_0482.,
Philips-MP20-MP90-Manual,sec_0481,262,5.4-flagged_for_review,PASS,,flagged_for_review is false. The heading and steps are clear on p262.,
Philips-MP20-MP90-Manual,sec_0481,262,5.4-structural_source,PASS,,structural_source toc is plausible. The heading is printed at the top of p262.,
Philips-MP20-MP90-Manual,sec_0481,262,5.6-numbering_scheme,PASS,,numbering_scheme arabic. The folio on p262 is 250.,
Philips-MP20-MP90-Manual,sec_0481,262,5.6-offset_applied,PASS,,Heading is on physical p262 as page_start says. offset_applied 0 is consistent with physical page numbering.,
Philips-MP20-MP90-Manual,sec_0481,262,5.5-filters_discarding,PASS,,"On p262 the EEG Impedance/Montage screenshot is extracted as img_0153 (vector). No visual of sec_0481 is lost, because sec_0481 has none.","The claims tool reports a raster figure on p262 as missing. But the same screenshot is in img_0153 (710x477, origin vector), mapped to sec_0482. Nothing is lost."
Philips-MP20-MP90-Manual,sec_0481,262,5.5-filters_passing_noise,PASS,,No image is mapped to sec_0481. The extracted image img_0153 is a real screenshot.,
Philips-MP20-MP90-Manual,sec_0481,262,5.5-image_section_mapping,PASS,,"The only figure on p262 is the EEG Impedance/Montage screenshot, below the heading 'Using the EEG Impedance/Montage Window'. img_0153 is mapped to sec_0482, which owns it. sec_0481 has no figure. This is correct.",img_0153 crop also holds two caption lines (extra text). This is sec_0482's row to grade.
Philips-MP20-MP90-Manual,sec_0512,275,5.4-hierarchy_level,PASS,,On p275 'BIS Safety Information' is a large H2 under chapter 19. hierarchy_level 2 is right.,
Philips-MP20-MP90-Manual,sec_0512,275,5.4-parent_child,PASS,,Parent sec_0497 is the chapter 'Monitoring BIS'. sec_0512 has no children. This is correct.,
Philips-MP20-MP90-Manual,sec_0512,275,5.4-page_start_end,PASS,,"Section starts at heading #/texts/4945 on p275 and holds the safety text and both boxes. Printed content ends on p275. p276 is a blank page, with only the running header bar and folio 264, so page_end 276 is acceptable. No neighbour text is absorbed.",
Philips-MP20-MP90-Manual,sec_0512,275,5.4-hierarchy_path,PASS,,Path is /Monitoring BIS/BIS Safety Information. This matches the chapter and heading on p275.,
Philips-MP20-MP90-Manual,sec_0512,275,5.4-gaps_duplicates,PASS,,"Intro, Considerations for Use, the WARNING box (4 items) and the CAUTION box (4 items) on p275 are all in sec_0512 (#/texts/4946-4957). The WARNING and CAUTION labels are kept as headings #/texts/4956 and #/texts/4957. No text is missing or repeated.",
Philips-MP20-MP90-Manual,sec_0512,275,5.4-flagged_for_review,PASS,,flagged_for_review is false. The heading and boxes are clear on p275.,
Philips-MP20-MP90-Manual,sec_0512,275,5.4-structural_source,PASS,,structural_source toc is plausible. The heading is printed at the top of p275.,
Philips-MP20-MP90-Manual,sec_0512,275,5.6-numbering_scheme,PASS,,numbering_scheme arabic. Folios 263 and 264 are digits.,
Philips-MP20-MP90-Manual,sec_0512,275,5.6-offset_applied,PASS,,Heading is on physical p275 as page_start says. offset_applied 0 is consistent with physical page numbering.,
Philips-MP20-MP90-Manual,sec_0512,275,5.6-table_content,FAIL,Low,"Table #/tables/96 on p276 has the text '19 Monitoring BIS | BIS Safety Information'. This is the blue running header bar of the page, read as a table. No other table is printed on p275 or p276. All page text is still correct.","Probably BUG-021 (header bar read as table). Low per contract (header rows misdetected as tables). The claims tool suggested Medium, but no table value is affected. Impact: one extra table node, and nothing is lost."
Philips-MP20-MP90-Manual,sec_0512,275,5.5-filters_discarding,PASS,,p275 has no figure. p276 is blank except for the header bar and folio. No visual is lost.,
Philips-MP20-MP90-Manual,sec_0512,275,5.5-filters_passing_noise,PASS,,"No image is kept for sec_0512. The header bar on p276 is kept as a table (see 5.6-table_content), not as an image.",
Philips-MP20-MP90-Manual,sec_0512,275,5.5-image_section_mapping,PASS,,"No image is mapped to sec_0512, and none is printed on p275 or p276. This is correct.",
Philips-MP20-MP90-Manual,sec_0527,282,5.4-hierarchy_level,PASS,,"On p281 'Synchronized Settings' is an H3, same size as 'ECG Source Tracking at the Information Center'. hierarchy_level 3 is right.",
Philips-MP20-MP90-Manual,sec_0527,282,5.4-parent_child,PASS,,Parent sec_0525 is 'General Telemetry-related Functions' (running header on p281). sec_0527 has no children. This is correct.,
Philips-MP20-MP90-Manual,sec_0527,282,5.4-page_start_end,PASS,,"Section starts at heading #/texts/5066 on p281. It holds the intro, the table, two footnotes and the WARNING box. On p282 it keeps the two closing paragraphs (#/texts/5076, 5077). It ends before the H3 'Use Models With Telemetry'. page_end 282 is right.",
Philips-MP20-MP90-Manual,sec_0527,282,5.4-hierarchy_path,PASS,,Path is /Assigning Two Devices to One Patient/General Telemetry-related Functions/Synchronized Settings. This matches the headings.,
Philips-MP20-MP90-Manual,sec_0527,282,5.4-gaps_duplicates,PASS,,"Intro, table #/tables/97, footnotes #/texts/5068-5069, the WARNING box and the p282 paragraphs are all in sec_0527 once. The text of 'ECG Source Tracking' (above) is in sec_0526.",
Philips-MP20-MP90-Manual,sec_0527,282,5.4-flagged_for_review,PASS,,flagged_for_review is false. The heading and table are clear on p281.,
Philips-MP20-MP90-Manual,sec_0527,282,5.4-structural_source,PASS,,structural_source toc is plausible. The heading is printed on p281.,
Philips-MP20-MP90-Manual,sec_0527,282,5.6-numbering_scheme,PASS,,numbering_scheme arabic. Folios 269 and 270 are digits.,
Philips-MP20-MP90-Manual,sec_0527,282,5.6-offset_applied,PASS,,Heading is on physical p281 as page_start says. offset_applied 0 is consistent with physical page numbering.,
Philips-MP20-MP90-Manual,sec_0527,282,5.6-table_content,FAIL,Low,"Table #/tables/97 on p281 has 6 rows (Heart Rate, ECG, Arrhythmia, ST, QT, SpO2 T) and every setting is present. Footnote marks show as plain '1' and '2'. In the last row two lines are joined: 'SpO 2 Alarm limits NBP Alarm Suppression On/Off'. Values and order are kept.","Lead change: PASS to FAIL Low, the same grade as the approved v2.15 row. The table text is identical in v2.16. Old problem (BUG-008 family). Cosmetic only."
Philips-MP20-MP90-Manual,sec_0527,282,5.5-filters_discarding,PASS,,p281 and p282 have no figure. No visual is lost.,
Philips-MP20-MP90-Manual,sec_0527,282,5.5-filters_passing_noise,PASS,,No image is kept for sec_0527. No decorative element is retained.,
Philips-MP20-MP90-Manual,sec_0527,282,5.5-image_section_mapping,PASS,,"No image is mapped to sec_0527, and none is printed on p281 or p282. This is correct.",
Philips-MP20-MP90-Manual,sec_0534,286,5.4-hierarchy_level,PASS,,"On p286 'Viewing Histogram Trends' is an H3, same size as 'Viewing Graphic Trends'. 'Setting Up Trends' below is larger. hierarchy_level 3 is right.",
Philips-MP20-MP90-Manual,sec_0534,286,5.4-parent_child,PASS,,Parent sec_0530 is 'Viewing Trends'. sec_0534 has no children. This is correct.,
Philips-MP20-MP90-Manual,sec_0534,286,5.4-page_start_end,PASS,,"Section starts at heading #/texts/5155 at the top of p286. It keeps the histogram title, 'rpm' and six paragraphs, up to #/texts/5164. It ends before the H2 'Setting Up Trends'. page_start and page_end are both 286. This is right.",
Philips-MP20-MP90-Manual,sec_0534,286,5.4-hierarchy_path,PASS,,Path is /Trends/Viewing Trends/Viewing Histogram Trends. This matches the headings.,
Philips-MP20-MP90-Manual,sec_0534,286,5.4-gaps_duplicates,PASS,,The histogram label text (#/texts/5156 and 5157) and all six paragraphs are in sec_0534 once. 'Setting Up Trends' text is in sec_0535.,
Philips-MP20-MP90-Manual,sec_0534,286,5.4-flagged_for_review,PASS,,flagged_for_review is false. The heading and text are clear.,
Philips-MP20-MP90-Manual,sec_0534,286,5.4-structural_source,PASS,,structural_source toc is plausible. The heading is printed at the top of p286.,
Philips-MP20-MP90-Manual,sec_0534,286,5.6-numbering_scheme,PASS,,numbering_scheme arabic. The folio on p286 is 274.,
Philips-MP20-MP90-Manual,sec_0534,286,5.6-offset_applied,PASS,,Heading is on physical p286 as page_start says. offset_applied 0 is consistent with physical page numbering.,
Philips-MP20-MP90-Manual,sec_0534,286,5.5-filters_discarding,PASS,,The histogram screenshot is extracted as img_0166. The crop is complete but its title bar and the 'rpm' label are blank. That text is kept as nodes #/texts/5156 and 5157 in sec_0534. No information is lost.,
Philips-MP20-MP90-Manual,sec_0534,286,5.5-filters_passing_noise,PASS,,"img_0166 is a real figure, not decoration. No noise image is kept.",
Philips-MP20-MP90-Manual,sec_0534,286,5.5-image_section_mapping,PASS,,The histogram on p286 sits under 'Viewing Histogram Trends'. img_0166 is mapped to sec_0534. This is correct.,
Philips-MP20-MP90-Manual,sec_0537,287,5.4-hierarchy_level,PASS,,On p287 'Expanded View' is an H4 under the H3 'Making Segment Settings'. It is the smallest heading size on the page. hierarchy_level 4 is right.,
Philips-MP20-MP90-Manual,sec_0537,287,5.4-parent_child,PASS,,Parent sec_0536 is 'Making Segment Settings'. sec_0537 has no children. This is correct.,
Philips-MP20-MP90-Manual,sec_0537,287,5.4-page_start_end,PASS,,Section starts at heading #/texts/5175 on p287 and keeps all 6 body nodes up to #/texts/5181. It ends before the H4 'Trend Scales for Segment Measurements'. page_start and page_end are both 287. This is right.,
Philips-MP20-MP90-Manual,sec_0537,287,5.4-hierarchy_path,PASS,,Path is /Trends/Setting Up Trends/Making Segment Settings/Expanded View. This matches the heading levels on pp286-287.,
Philips-MP20-MP90-Manual,sec_0537,287,5.4-gaps_duplicates,PASS,,The Expand and Highlight steps are all present once (#/texts/5176-5181). The text above the heading ('To enter the segment menu') is in sec_0536.,
Philips-MP20-MP90-Manual,sec_0537,287,5.4-flagged_for_review,PASS,,flagged_for_review is false. The heading and text are clear.,
Philips-MP20-MP90-Manual,sec_0537,287,5.4-structural_source,PASS,,structural_source toc is plausible. The heading is printed on p287.,
Philips-MP20-MP90-Manual,sec_0537,287,5.6-numbering_scheme,PASS,,numbering_scheme arabic. The folio on p287 is 275.,
Philips-MP20-MP90-Manual,sec_0537,287,5.6-offset_applied,PASS,,Heading is on physical p287 as page_start says. offset_applied 0 is consistent with physical page numbering.,
Philips-MP20-MP90-Manual,sec_0537,287,5.5-filters_discarding,PASS,,p287 has no figure. No visual is lost.,
Philips-MP20-MP90-Manual,sec_0537,287,5.5-filters_passing_noise,PASS,,No image is kept for sec_0537. No decorative element is retained.,
Philips-MP20-MP90-Manual,sec_0537,287,5.5-image_section_mapping,PASS,,"No image is mapped to sec_0537, and none is printed on p287. This is correct.",
Philips-MP20-MP90-Manual,sec_0545,289,5.4-hierarchy_level,PASS,,On p288 the heading 'Trend Parameter Scales' (#/texts/5222) has the same size as 'Trend Groups' and 'Trend Priority'. hierarchy_level 3 fits.,
Philips-MP20-MP90-Manual,sec_0545,289,5.4-parent_child,PASS,,Parent sec_0535 'Setting Up Trends' is correct. The section has no children and the sibling headings on p288 are at the same level.,
Philips-MP20-MP90-Manual,sec_0545,289,5.4-page_start_end,PASS,,"On p288 the heading starts the section. Steps 1-2 are #/texts/5226-5227 and the folio 276 is #/texts/5228. On p289 steps 3-5 (#/texts/5231-5233) continue the list, and the section ends before the heading 'Graphical Trend Presentation' (sec_0546). page_start 288 and page_end 289 are right. No text from a neighbour is absorbed.",The p289 running header nodes #/texts/5229-5230 are boilerplate inside the page range. They do not cross a boundary.
Philips-MP20-MP90-Manual,sec_0545,289,5.4-hierarchy_path,PASS,,"Path /Trends/Setting Up Trends/Trend Parameter Scales matches the chapter header '21 Trends', the 'Setting Up Trends' header and the heading on p288.",
Philips-MP20-MP90-Manual,sec_0545,289,5.4-gaps_duplicates,PASS,,All text of the section on p288 and p289 is in sec_0545 (#/texts/5222-5233). No step is missing or repeated in sec_0544 or sec_0546.,
Philips-MP20-MP90-Manual,sec_0545,289,5.4-flagged_for_review,PASS,,"flagged_for_review is false and verification_score is 100 for sec_0545. The heading is on the expected page 288, so no flag is needed.",
Philips-MP20-MP90-Manual,sec_0545,289,5.4-structural_source,PASS,,"structural_source is 'toc'. The heading is on physical page 288 as the bookmark says, so the source is supported.",
Philips-MP20-MP90-Manual,sec_0545,289,5.6-numbering_scheme,PASS,,The printed folios are arabic numbers and the section says numbering_scheme arabic. This is right.,
Philips-MP20-MP90-Manual,sec_0545,289,5.6-offset_applied,PASS,,offset_applied is 0 and the heading is found on its physical page 288. The page_start is correct.,
Philips-MP20-MP90-Manual,sec_0545,289,5.5-filters_discarding,PASS,,"No figure or icon is lost in this section. The only picture on p289 is the ABP sample, which belongs to sec_0546 and was extracted as img_0167.",
Philips-MP20-MP90-Manual,sec_0545,289,5.5-filters_passing_noise,PASS,,No image is mapped to sec_0545. No decorative element is kept as an image.,
Philips-MP20-MP90-Manual,sec_0545,289,5.5-image_section_mapping,PASS,,Pages 288 and 289 have no figure that belongs to this section. The ABP trend sample on p289 is under 'Graphical Trend Presentation' and is in sec_0546 (img_0167). Nothing is missing for sec_0545.,
Philips-MP20-MP90-Manual,sec_0551,291,5.4-hierarchy_level,PASS,,"On p291 'Trending Multiple-Value Measurements' (#/texts/5287) is a small bold heading, smaller than the 'Screen Trends' heading below it. hierarchy_level 3 fits.",
Philips-MP20-MP90-Manual,sec_0551,291,5.4-parent_child,PASS,,Parent sec_0549 'Trends Databases' is correct. 'Screen Trends' (sec_0552) is a larger heading and is a different branch.,
Philips-MP20-MP90-Manual,sec_0551,291,5.4-page_start_end,PASS,,On p291 the heading (#/texts/5287) and its one paragraph (#/texts/5288) are in sec_0551. The large heading 'Screen Trends' and its text and figure are in sec_0552. page_start 291 and page_end 291 are right.,The running header nodes #/texts/5285-5286 are boilerplate on the same page.
Philips-MP20-MP90-Manual,sec_0551,291,5.4-hierarchy_path,PASS,,Path /Trends/Trends Databases/Trending Multiple-Value Measurements matches the p291 headings and the header '21 Trends'.,
Philips-MP20-MP90-Manual,sec_0551,291,5.4-gaps_duplicates,PASS,,"The paragraph about systolic, diastolic and mean values is in #/texts/5288. Nothing is missing and nothing is repeated in a neighbour.",
Philips-MP20-MP90-Manual,sec_0551,291,5.4-flagged_for_review,PASS,,"flagged_for_review is false and verification_score is 100 for sec_0551. The heading is on the expected page 291, so no flag is needed.",
Philips-MP20-MP90-Manual,sec_0551,291,5.4-structural_source,PASS,,"structural_source is 'toc'. The heading is on physical page 291 as the bookmark says, so the source is supported.",
Philips-MP20-MP90-Manual,sec_0551,291,5.6-numbering_scheme,PASS,,The printed folios are arabic numbers and the section says numbering_scheme arabic. This is right.,
Philips-MP20-MP90-Manual,sec_0551,291,5.6-offset_applied,PASS,,offset_applied is 0 and the heading is found on its physical page 291. The page_start is correct.,
Philips-MP20-MP90-Manual,sec_0551,291,5.5-filters_discarding,PASS,,"No figure is lost for this section. The p291 figure belongs to sec_0552 and was extracted as img_0169 (vector, 748x794).","verify_claims flags a raster on p291. It is the monitor screenshot inside vector figure img_0169, which is mapped to sec_0552 (its own heading 'Screen Trends'). Not part of sec_0551. See img_0169."
Philips-MP20-MP90-Manual,sec_0551,291,5.5-filters_passing_noise,PASS,,No image is mapped to sec_0551. No noise is kept.,
Philips-MP20-MP90-Manual,sec_0551,291,5.5-image_section_mapping,PASS,,"p291 has a large screen figure with callouts and an ABP trend. It is under the 'Screen Trends' heading and is mapped to sec_0552 (img_0169). It is not part of sec_0551, so no image mapping is needed here.",
Philips-MP20-MP90-Manual,sec_0562,295,5.4-hierarchy_level,PASS,,On p294 'Setting the Time Period for the Trend Indicator Arrow' (#/texts/5367) is the same small bold size as the other headings on the page. hierarchy_level 4 fits.,
Philips-MP20-MP90-Manual,sec_0562,295,5.4-parent_child,PASS,,Parent sec_0556 is correct. The section is a sibling of 'Setting the Horizon' and 'Setting the Horizon Trend Scale'.,
Philips-MP20-MP90-Manual,sec_0562,295,5.4-page_start_end,PASS,,"The section is on p294 only: heading #/texts/5367, one paragraph, three steps and the folio 282 (#/texts/5372). It ends on p294. The sampled p295 starts chapter 22 'Calculations', which is not in this section. page_end 294 is right and nothing from p295 is absorbed.",The folio 282 is boilerplate and stays on its own page.
Philips-MP20-MP90-Manual,sec_0562,295,5.4-hierarchy_path,PASS,,Path /Trends/Screen Trends/Changing the Screen Trend View/Setting the Time Period for the Trend Indicator Arrow matches p294.,
Philips-MP20-MP90-Manual,sec_0562,295,5.4-gaps_duplicates,PASS,,Text #/texts/5368-5371 covers the full paragraph and the three steps. Nothing is missing or repeated. The chapter 22 text on p295 is in other sections.,
Philips-MP20-MP90-Manual,sec_0562,295,5.4-flagged_for_review,PASS,,"flagged_for_review is false and verification_score is 100 for sec_0562. The heading is on the expected page 294, so no flag is needed.",
Philips-MP20-MP90-Manual,sec_0562,295,5.4-structural_source,PASS,,"structural_source is 'toc'. The heading is on physical page 294 as the bookmark says, so the source is supported.",
Philips-MP20-MP90-Manual,sec_0562,295,5.6-numbering_scheme,PASS,,The printed folios are arabic numbers and the section says numbering_scheme arabic. This is right.,
Philips-MP20-MP90-Manual,sec_0562,295,5.6-offset_applied,PASS,,offset_applied is 0 and the heading is found on its physical page 294. The page_start is correct.,
Philips-MP20-MP90-Manual,sec_0562,295,5.5-filters_discarding,PASS,,No figure of this section is lost. The p295 SmartKey icon is outside this section and is extracted as img_0172.,
Philips-MP20-MP90-Manual,sec_0562,295,5.5-filters_passing_noise,PASS,,No image is mapped to sec_0562. No noise is kept.,
Philips-MP20-MP90-Manual,sec_0562,295,5.5-image_section_mapping,PASS,,Neither p294 nor p295 has a figure that belongs to this section. The icon on p295 is under 'Viewing Calculations' and is mapped to sec_0564.,
Philips-MP20-MP90-Manual,sec_0581,303,5.4-hierarchy_level,PASS,,"On p302 'Hi-Res Trend Wave Recordings' (#/texts/5531) is a large bold heading, the same size as 'Printing Hi-Res Trend Wave Reports' above it. hierarchy_level 2 fits.",
Philips-MP20-MP90-Manual,sec_0581,303,5.4-parent_child,PASS,,Parent sec_0576 'High Resolution Trend Waves' is correct. The section is a sibling of 'Printing Hi-Res Trend Wave Reports' (sec_0580).,
Philips-MP20-MP90-Manual,sec_0581,303,5.4-page_start_end,PASS,,"On p302 the heading (#/texts/5531), the intro, the lead-in sentence, steps 1-2 and the folio 290 (#/texts/5532-5536) are in sec_0581. The sampled p303 starts chapter 24 'Event Surveillance' and is not in this section. page_end 302 is right.",
Philips-MP20-MP90-Manual,sec_0581,303,5.4-hierarchy_path,PASS,,Path /High Resolution Trend Waves/Hi-Res Trend Wave Recordings matches the header '23 High Resolution Trend Waves' on p302.,
Philips-MP20-MP90-Manual,sec_0581,303,5.4-gaps_duplicates,PASS,,All text under the heading is in #/texts/5532-5535. Nothing is missing. No text from chapter 24 on p303 is absorbed.,
Philips-MP20-MP90-Manual,sec_0581,303,5.4-flagged_for_review,PASS,,"flagged_for_review is false and verification_score is 100 for sec_0581. The heading is on the expected page 302, so no flag is needed.",
Philips-MP20-MP90-Manual,sec_0581,303,5.4-structural_source,PASS,,"structural_source is 'toc'. The heading is on physical page 302 as the bookmark says, so the source is supported.",
Philips-MP20-MP90-Manual,sec_0581,303,5.6-numbering_scheme,PASS,,The printed folios are arabic numbers and the section says numbering_scheme arabic. This is right.,
Philips-MP20-MP90-Manual,sec_0581,303,5.6-offset_applied,PASS,,offset_applied is 0 and the heading is found on its physical page 302. The page_start is correct.,
Philips-MP20-MP90-Manual,sec_0581,303,5.5-filters_discarding,PASS,,No figure of this section is lost. The p302 screenshot is extracted as img_0176 in a neighbour section.,
Philips-MP20-MP90-Manual,sec_0581,303,5.5-filters_passing_noise,PASS,,No image is mapped to sec_0581. No noise is kept.,
Philips-MP20-MP90-Manual,sec_0581,303,5.5-image_section_mapping,PASS,,"This section has no figure. The screenshot at the top of p302 is above the heading 'Printing Hi-Res Trend Wave Reports' and is mapped to sec_0580 (img_0176), not to sec_0581. For sec_0581 nothing is missing. The mapping of img_0176 is outside this row.",
Philips-MP20-MP90-Manual,sec_0585,305,5.4-hierarchy_level,PASS,,"On p305 'Event Episodes' (#/texts/5566) is a large bold heading, the same size as 'Events Pop-Up Keys' below it. hierarchy_level 2 fits.",
Philips-MP20-MP90-Manual,sec_0585,305,5.4-parent_child,PASS,,Parent sec_0582 'Event Surveillance' is the chapter. Siblings sec_0584 and sec_0586 are at the same level.,
Philips-MP20-MP90-Manual,sec_0585,305,5.4-page_start_end,PASS,,"On p305 the heading (#/texts/5566), the two paragraphs, the diagram labels (#/texts/5569-5571), the episode type paragraph and #/tables/104 are in sec_0585. The heading 'Events Pop-Up Keys' and its intro are in sec_0586. page_start and page_end 305 are right.",The running header nodes #/texts/5564-5565 are boilerplate on the same page.
Philips-MP20-MP90-Manual,sec_0585,305,5.4-hierarchy_path,PASS,,Path /Event Surveillance/Event Episodes matches the p305 header '24 Event Surveillance' and the heading.,
Philips-MP20-MP90-Manual,sec_0585,305,5.4-gaps_duplicates,PASS,,"Paragraphs #/texts/5567-5568 and #/texts/5572, the diagram labels and the table are all in sec_0585. Nothing is missing or repeated.",
Philips-MP20-MP90-Manual,sec_0585,305,5.4-flagged_for_review,PASS,,"flagged_for_review is false and verification_score is 100 for sec_0585. The heading is on the expected page 305, so no flag is needed.",
Philips-MP20-MP90-Manual,sec_0585,305,5.4-structural_source,PASS,,"structural_source is 'toc'. The heading is on physical page 305 as the bookmark says, so the source is supported.",
Philips-MP20-MP90-Manual,sec_0585,305,5.6-numbering_scheme,PASS,,The printed folios are arabic numbers and the section says numbering_scheme arabic. This is right.,
Philips-MP20-MP90-Manual,sec_0585,305,5.6-offset_applied,PASS,,offset_applied is 0 and the heading is found on its physical page 305. The page_start is correct.,
Philips-MP20-MP90-Manual,sec_0585,305,5.6-table_content,FAIL,Low,"On p305 table #/tables/104 keeps all pre-time and post-time values in the right rows. The first-column text is split: 'Four minutes, four samples per second. Neonatal Event Review (NER) is a type of' is in the 2 minutes row and 'HiResTrnd' ends in the 3 minutes row. The label 'HiResTrnd' appears before and after this sentence, and the cell for the realtime row shows '15 seconds' as a row of its own.","Probably BUG-008. Values and reading order are kept, so only the first-column description is shifted. Impact is small."
Philips-MP20-MP90-Manual,sec_0585,305,5.5-filters_discarding,PASS,,img_0177 shows the full diagram with its arrows and labels. No meaningful figure is lost on p305.,
Philips-MP20-MP90-Manual,sec_0585,305,5.5-filters_passing_noise,PASS,,"The only image is the real diagram img_0177. The label text in it is part of the figure, not extra text.",
Philips-MP20-MP90-Manual,sec_0585,305,5.5-image_section_mapping,PASS,,"The event trigger / pre-time / post-time diagram on p305 is extracted as img_0177 (vector, 436x238) and mapped to sec_0585. The crop shows the full diagram with all labels and arrows.",
Philips-MP20-MP90-Manual,sec_0601,314,5.4-hierarchy_level,PASS,,"On p313 'Event Episode Window' (#/texts/5768) is a mid-size bold heading, the same size as 'Event Summary Window' in sec_0599. hierarchy_level 3 fits.",
Philips-MP20-MP90-Manual,sec_0601,314,5.4-parent_child,PASS,,Parent sec_0595 'Viewing Events' is correct. The previous sibling is sec_0600 'Event Review Window' and the next is sec_0602 'Annotating Events'.,
Philips-MP20-MP90-Manual,sec_0601,314,5.4-page_start_end,PASS,,"On p313 the heading (#/texts/5768), the bullet and the paragraph (#/texts/5769-5770) and the folio 301 are in sec_0601. On p314 the screenshot labels and the paragraph 'The event values to the left...' (#/texts/5774-5792) come before the heading 'Annotating Events', so they belong here. page_start 313 and page_end 314 are right.",The p314 running header nodes #/texts/5772-5773 are boilerplate inside the page range.
Philips-MP20-MP90-Manual,sec_0601,314,5.4-hierarchy_path,PASS,,Path /Event Surveillance/Viewing Events/Event Episode Window matches the p313 heading and the header 'Viewing Events'.,
Philips-MP20-MP90-Manual,sec_0601,314,5.4-gaps_duplicates,PASS,,The heading text and the p314 callout labels and explanation are in sec_0601. Nothing is missing. The Event Review text on p313 above the heading is not absorbed.,
Philips-MP20-MP90-Manual,sec_0601,314,5.4-flagged_for_review,PASS,,"flagged_for_review is false and verification_score is 100 for sec_0601. The heading is on the expected page 313, so no flag is needed.",
Philips-MP20-MP90-Manual,sec_0601,314,5.4-structural_source,PASS,,"structural_source is 'toc'. The heading is on physical page 313 as the bookmark says, so the source is supported.",
Philips-MP20-MP90-Manual,sec_0601,314,5.6-numbering_scheme,PASS,,The printed folios are arabic numbers and the section says numbering_scheme arabic. This is right.,
Philips-MP20-MP90-Manual,sec_0601,314,5.6-offset_applied,PASS,,offset_applied is 0 and the heading is found on its physical page 313. The page_start is correct.,
Philips-MP20-MP90-Manual,sec_0601,314,5.5-filters_discarding,PASS,,img_0184 shows the full Event Episode window with all callouts. No figure is lost on p313 or p314 for this section.,"verify_claims flags a raster on p314. It is the Event Episode screenshot, included inside vector figure img_0184 (852x525) in this section. Nothing is lost."
Philips-MP20-MP90-Manual,sec_0601,314,5.5-filters_passing_noise,PASS,,img_0184 is the real figure. The callout words in it are part of the figure.,
Philips-MP20-MP90-Manual,sec_0601,314,5.5-image_section_mapping,PASS,,"The Event Episode screenshot with callouts on p314 is extracted as img_0184 (vector, 852x525) and mapped to sec_0601. The Event Review screenshot on p313 is above the heading and is mapped to sec_0600 (img_0183). Both are right.",
Philips-MP20-MP90-Manual,sec_0607,315,5.4-hierarchy_level,PASS,,"On p315 ""Event Review Recordings"" is a small bold heading below the larger ""Event Recordings"". hierarchy_level 4 matches.",
Philips-MP20-MP90-Manual,sec_0607,315,5.4-parent_child,PASS,,"Parent sec_0606 ""Event Recordings"" is the larger heading above it on p315. sec_0607 has no children and the next heading ""Event Episode Recordings"" (sec_0608) is its sibling.",
Philips-MP20-MP90-Manual,sec_0607,315,5.4-page_start_end,PASS,,"Nodes start at the heading #/texts/5810 on p315. They end with the tabular text on p316 (5860-5862 and table 106). ""Event Episode Recordings"" and its text on p316 are in sec_0608, not here.",
Philips-MP20-MP90-Manual,sec_0607,315,5.4-hierarchy_path,PASS,,"hierarchy_path ""/Event Surveillance/Documenting Events/Event Recordings/Event Review Recordings"" lists the chapter and parents in the right order.",
Philips-MP20-MP90-Manual,sec_0607,315,5.4-gaps_duplicates,PASS,,"The summary screen text (5823-5848), the timeline labels (5851-5856) and the table 106 are all in sec_0607. Nothing is repeated in sec_0608.",
Philips-MP20-MP90-Manual,sec_0607,315,5.4-flagged_for_review,PASS,,flagged_for_review is false and verification_score is 100. Nothing in the page suggests doubt.,
Philips-MP20-MP90-Manual,sec_0607,315,5.4-structural_source,PASS,,"structural_source is ""toc"". The heading is on the page that the bookmark points to.",
Philips-MP20-MP90-Manual,sec_0607,315,5.6-numbering_scheme,PASS,,"Printed folio 303 uses arabic numbers. numbering_scheme ""arabic"" is right.",
Philips-MP20-MP90-Manual,sec_0607,315,5.6-offset_applied,PASS,,"offset_applied is 0. The heading is on physical p315 where the bookmark points, so the mapping is right.",
Philips-MP20-MP90-Manual,sec_0607,315,5.6-table_content,PASS,,"Table node 106 on p316 has the header row and rows 1 to 5. Time, Group and Parameter values match the render. The ""..."" row is not kept but it is only a continuation mark.","Minor: ""SpO 2"" is split and ""Stand ard"" is as printed in the PDF."
Philips-MP20-MP90-Manual,sec_0607,315,5.5-filters_discarding,PASS,,The strip img_0185 is kept. The recording-summary box on p315 is kept as text nodes #/texts/5823-5848 in sec_0607. Only the box lines and callout arrows are lost; all label and value text is kept.,"Lead change: FAIL Medium to PASS, the same result as the approved v2.15 row. The page and its images did not change in v2.16. The reviewer proposed Medium (vector form, rule 6h, probably BUG-010); the human reviewer may decide."
Philips-MP20-MP90-Manual,sec_0607,315,5.5-filters_passing_noise,PASS,,"img_0185 is the timeline strip with grid and bars. It is real content. No logo, rule or icon is kept as an image.",
Philips-MP20-MP90-Manual,sec_0607,315,5.5-image_section_mapping,PASS,,"img_0185 (p315) is mapped to sec_0607 and sits under its heading. img_0186 (p316, ECG strip) is mapped to sec_0608 and sits under ""Event Episode Recordings"". Both are right.",
Philips-MP20-MP90-Manual,sec_0615,322,5.4-hierarchy_level,PASS,,"On p322 ""Orientation On The Screen"" is a medium bold heading below the large ""SSC Sepsis Protocol"". hierarchy_level 3 is right.",
Philips-MP20-MP90-Manual,sec_0615,322,5.4-parent_child,PASS,,"Parent sec_0614 is right. The next sibling sec_0616 ""Transferring Patients..."" starts on p323. sec_0615 has no children.",
Philips-MP20-MP90-Manual,sec_0615,322,5.4-page_start_end,PASS,,"sec_0615 starts at heading 5961 on p322. It includes the orientation line labels (5962-5966) and the p323 text 5973 plus the SSC labels. It stops before the heading ""Transferring Patients And Moving Manually Between Phases"" (sec_0616). No neighbour text is absorbed.",
Philips-MP20-MP90-Manual,sec_0615,322,5.4-hierarchy_path,PASS,,"hierarchy_path ""/ProtocolWatch/SSC Sepsis Protocol/Orientation On The Screen"" lists the chapter and parents in the right order.",
Philips-MP20-MP90-Manual,sec_0615,322,5.4-gaps_duplicates,PASS,,"The orientation text, the strip labels (5963-5966) and the two SSC SmartKey labels (5971-5975) are in sec_0615. The WARNING box and the earlier screen are in sec_0614. No repeat.",
Philips-MP20-MP90-Manual,sec_0615,322,5.4-flagged_for_review,PASS,,flagged_for_review is false and verification_score is 100. Nothing in the page suggests doubt.,
Philips-MP20-MP90-Manual,sec_0615,322,5.4-structural_source,PASS,,"structural_source is ""toc"". The heading is on the page that the bookmark points to.",
Philips-MP20-MP90-Manual,sec_0615,322,5.6-numbering_scheme,PASS,,"Printed folio 310 uses arabic numbers. numbering_scheme ""arabic"" is right.",
Philips-MP20-MP90-Manual,sec_0615,322,5.6-offset_applied,PASS,,"offset_applied is 0. The heading is on physical p322 where the bookmark points, so the mapping is right.",
Philips-MP20-MP90-Manual,sec_0615,322,5.5-filters_discarding,PASS,,"img_0191 (orientation bar on p322) and img_0192, img_0193 (the two SSC SmartKey pictures on p323) are all extracted. Their words are kept as text nodes.",
Philips-MP20-MP90-Manual,sec_0615,322,5.5-filters_passing_noise,PASS,,"The three images are real screen pictures. No rule, logo or header bar is kept as an image.",
Philips-MP20-MP90-Manual,sec_0615,322,5.5-image_section_mapping,PASS,,"img_0191 is under the heading ""Orientation On The Screen"" and img_0192 and img_0193 are before the next heading, all in sec_0615. The ""ProtocolWatch-SSC Sepsis"" screen (img_0190) is above the heading and is in sec_0614. Mapping is right.",
Philips-MP20-MP90-Manual,sec_0623,327,5.4-hierarchy_level,PASS,,"On p327 ""Authorized Clinician Review"" is a small bold heading under the large ""Severe Sepsis Screening"". hierarchy_level 4 is right.",
Philips-MP20-MP90-Manual,sec_0623,327,5.4-parent_child,PASS,,"Parent sec_0618 ""Severe Sepsis Screening"" is right. sec_0623 is its last child. The next section sec_0624 ""Sepsis Resuscitation Bundle"" is a sibling of sec_0618.",
Philips-MP20-MP90-Manual,sec_0623,327,5.4-page_start_end,PASS,,"sec_0623 holds the heading 6129, the screen texts (6130-6142) and the two paragraphs 6143, 6144, all on p327. It stops before ""Sepsis Resuscitation Bundle"" (sec_0624). The running header 6127, 6128 is also here and is only boilerplate.",
Philips-MP20-MP90-Manual,sec_0623,327,5.4-hierarchy_path,PASS,,"hierarchy_path ""/ProtocolWatch/SSC Sepsis Protocol/Severe Sepsis Screening/Authorized Clinician Review"" lists the chapter and parents in the right order.",
Philips-MP20-MP90-Manual,sec_0623,327,5.4-gaps_duplicates,PASS,,All text of the two ProtocolWatch screens and the two paragraphs is in sec_0623. The big monitor screen below is not here. No repeat or gap.,
Philips-MP20-MP90-Manual,sec_0623,327,5.4-flagged_for_review,PASS,,flagged_for_review is false and verification_score is 100. Nothing in the page suggests doubt.,
Philips-MP20-MP90-Manual,sec_0623,327,5.4-structural_source,PASS,,"structural_source is ""toc"". The heading is on the page that the bookmark points to.",
Philips-MP20-MP90-Manual,sec_0623,327,5.6-numbering_scheme,PASS,,"Printed folio 315 uses arabic numbers. numbering_scheme ""arabic"" is right.",
Philips-MP20-MP90-Manual,sec_0623,327,5.6-offset_applied,PASS,,"offset_applied is 0. The heading is on physical p327 where the bookmark points, so the mapping is right.",
Philips-MP20-MP90-Manual,sec_0623,327,5.5-filters_discarding,PASS,,img_0203 and img_0205 hold the two screens under the heading. Their words are kept as text. The monitor screen below is img_0204 and is in sec_0624.,
Philips-MP20-MP90-Manual,sec_0623,327,5.5-filters_passing_noise,FAIL,Low,img_0203 (770x65) and img_0205 (643x107) show only blue and grey bars with no words. The dialog words are already text nodes #/texts/6130-6142. These two empty strips add no information.,"Lead change: PASS to FAIL Low, the same grade as the approved v2.15 row. The images are the same in v2.16. Probably the dialog background, split from its text by the extractor."
Philips-MP20-MP90-Manual,sec_0623,327,5.5-image_section_mapping,PASS,,"img_0203 and img_0205 are above ""Sepsis Resuscitation Bundle"" and are mapped to sec_0623. The large monitor screen img_0204 is below that heading and is mapped to sec_0624. This is right.",
Philips-MP20-MP90-Manual,sec_0626,329,5.4-hierarchy_level,PASS,,"On p329 ""Checking The Sepsis Resuscitation Bundle Window"" is a small bold heading like its siblings. hierarchy_level 4 is right.",
Philips-MP20-MP90-Manual,sec_0626,329,5.4-parent_child,PASS,,"Parent sec_0624 is right. The previous sibling sec_0625 ends with ""Select Confirm..."" at the top of p329. The next sibling sec_0627 ""Previewing..."" follows.",
Philips-MP20-MP90-Manual,sec_0626,329,5.4-page_start_end,PASS,,"sec_0626 has the heading 6230 and the four paragraphs 6231-6234 on p329. The line ""Select Confirm..."" above the heading is in sec_0625 and ""Previewing the Sepsis Management Bundle"" is in sec_0627. No neighbour text is absorbed.",
Philips-MP20-MP90-Manual,sec_0626,329,5.4-hierarchy_path,PASS,,"hierarchy_path ""/ProtocolWatch/SSC Sepsis Protocol/Sepsis Resuscitation Bundle/Checking The Sepsis Resuscitation Bundle Window"" lists the chapter and parents in the right order.",
Philips-MP20-MP90-Manual,sec_0626,329,5.4-gaps_duplicates,PASS,,The intro and three bullets are all in sec_0626. No repeat or gap.,
Philips-MP20-MP90-Manual,sec_0626,329,5.4-flagged_for_review,PASS,,flagged_for_review is false and verification_score is 100. Nothing in the page suggests doubt.,
Philips-MP20-MP90-Manual,sec_0626,329,5.4-structural_source,PASS,,"structural_source is ""toc"". The heading is on the page that the bookmark points to.",
Philips-MP20-MP90-Manual,sec_0626,329,5.6-numbering_scheme,PASS,,"Printed folio 317 uses arabic numbers. numbering_scheme ""arabic"" is right.",
Philips-MP20-MP90-Manual,sec_0626,329,5.6-offset_applied,PASS,,"offset_applied is 0. The heading is on physical p329 where the bookmark points, so the mapping is right.",
Philips-MP20-MP90-Manual,sec_0626,329,5.5-filters_discarding,PASS,,The section has no figure on p329. No picture is lost.,
Philips-MP20-MP90-Manual,sec_0626,329,5.5-filters_passing_noise,PASS,,No image is mapped to sec_0626 and no noise is kept.,
Philips-MP20-MP90-Manual,sec_0626,329,5.5-image_section_mapping,PASS,,"The only figure on p329 is the ""All recommendations have been fulfilled"" screen under ""Ending The Sepsis Resuscitation Bundle"". It is mapped to sec_0628 (img_0208, img_0209). It is right to have no image in sec_0626.","verify_claims flags img_0209 as under sec_0629. This is probably a false alarm: node #/texts text ""Sepsis Management Bundle?"" (y=355, inside the figure text of sec_0628) looks like a title match for sec_0629. In the render both images are above the heading ""Sepsis Management Bundle""."
Philips-MP20-MP90-Manual,sec_0633,333,5.4-hierarchy_level,PASS,,"On p331 ""Always Discharge Patients"" is a large heading like its siblings ""Viewing And Printing The Protocol Log"". hierarchy_level 3 is right.",
Philips-MP20-MP90-Manual,sec_0633,333,5.4-parent_child,PASS,,"Parent sec_0614 ""SSC Sepsis Protocol"" and the previous sibling sec_0632 are correct. sec_0633 is the last child and has no children.",
Philips-MP20-MP90-Manual,sec_0633,333,5.4-page_start_end,PASS,,"sec_0633 ends on p332. p333 is the start of chapter 26 ""Recording"" and all its text (6320-6334) is in sec_0634. No node of p333 is in sec_0633.",
Philips-MP20-MP90-Manual,sec_0633,333,5.4-hierarchy_path,PASS,,"hierarchy_path ""/ProtocolWatch/SSC Sepsis Protocol/Always Discharge Patients"" lists the chapter and parents in the right order.",
Philips-MP20-MP90-Manual,sec_0633,333,5.4-gaps_duplicates,PASS,,"Both paragraphs under ""Always Discharge Patients"" are in sec_0633. The log text above it is in sec_0632. No repeat or gap.",
Philips-MP20-MP90-Manual,sec_0633,333,5.4-flagged_for_review,PASS,,flagged_for_review is false and verification_score is 100. Nothing in the page suggests doubt.,
Philips-MP20-MP90-Manual,sec_0633,333,5.4-structural_source,PASS,,"structural_source is ""toc"". The heading is on the page that the bookmark points to.",
Philips-MP20-MP90-Manual,sec_0633,333,5.6-numbering_scheme,PASS,,"Printed folio 319 uses arabic numbers. numbering_scheme ""arabic"" is right.",
Philips-MP20-MP90-Manual,sec_0633,333,5.6-offset_applied,PASS,,"offset_applied is 0. The heading is on physical p331 where the bookmark points, so the mapping is right.",
Philips-MP20-MP90-Manual,sec_0633,333,5.5-filters_discarding,PASS,,"p333 has the recorder photo, but it belongs to sec_0634 (img_0212). Nothing of sec_0633 is lost.","verify_claims flags the 128x173 px photo on p333 as dropped. It is not sec_0633 content. The photo is inside the img_0212 crop of sec_0634, so it is kept."
Philips-MP20-MP90-Manual,sec_0633,333,5.5-filters_passing_noise,PASS,,No image of sec_0633 exists on p333. No noise is kept.,
Philips-MP20-MP90-Manual,sec_0633,333,5.5-image_section_mapping,PASS,,"The recorder photo on p333 is mapped to sec_0634, not to sec_0633. This is right.",
Philips-MP20-MP90-Manual,sec_0646,339,5.4-hierarchy_level,PASS,,"On p338 ""Recording Strip Code"" is a medium bold heading under the larger ""Sample Recording Strip"". hierarchy_level 3 is right.",
Philips-MP20-MP90-Manual,sec_0646,339,5.4-parent_child,PASS,,"Parent sec_0645 ""Sample Recording Strip"" is right. sec_0646 has no children. The next sibling sec_0647 ""Recorded Waveforms"" is on p339.",
Philips-MP20-MP90-Manual,sec_0646,339,5.4-page_start_end,PASS,,"sec_0646 has the heading 6447, one paragraph and folio 326 on p338, then the code table 113 on p339. The table is printed under this heading. It stops before ""Recorded Waveforms"" (sec_0647).",
Philips-MP20-MP90-Manual,sec_0646,339,5.4-hierarchy_path,PASS,,"hierarchy_path ""/Recording/Sample Recording Strip/Recording Strip Code"" lists the chapter and parents in the right order.",
Philips-MP20-MP90-Manual,sec_0646,339,5.4-gaps_duplicates,PASS,,The paragraph and the code table are only in sec_0646. The strip picture above the heading is in sec_0645. No repeat or gap.,
Philips-MP20-MP90-Manual,sec_0646,339,5.4-flagged_for_review,PASS,,flagged_for_review is false and verification_score is 100. Nothing in the page suggests doubt.,
Philips-MP20-MP90-Manual,sec_0646,339,5.4-structural_source,PASS,,"structural_source is ""toc"". The heading is on the page that the bookmark points to.",
Philips-MP20-MP90-Manual,sec_0646,339,5.6-numbering_scheme,PASS,,"Printed folio 327 uses arabic numbers. numbering_scheme ""arabic"" is right.",
Philips-MP20-MP90-Manual,sec_0646,339,5.6-offset_applied,PASS,,"offset_applied is 0. The heading is on physical p339 where the bookmark points, so the mapping is right.",
Philips-MP20-MP90-Manual,sec_0646,339,5.6-table_content,FAIL,Low,"Node 113 on p339 has all four groups and all values. But each group is merged into one cell. For example Code is ""90 8A 0B 91"" and Meaning is ""Realtime Delayed Alarm Context (Procedures)"". Order is kept, so each code still pairs with its meaning.","Probably BUG-008 (table cells merged). Values and order are preserved, so the impact is small."
Philips-MP20-MP90-Manual,sec_0646,339,5.5-filters_discarding,PASS,,p339 has no figure. The strip picture on p338 is extracted as vector crop img_0214 and belongs to sec_0645.,The img_0214 crop looks cut at the top (the top labels are partly hidden). This is a sec_0645 matter and is not graded here.
Philips-MP20-MP90-Manual,sec_0646,339,5.5-filters_passing_noise,PASS,,No image is mapped to sec_0646. No noise is kept.,
Philips-MP20-MP90-Manual,sec_0646,339,5.5-image_section_mapping,PASS,,"img_0214 (p338) is the sample strip above the heading ""Recording Strip Code"". It is mapped to sec_0645. The table is not an image. No image belongs to sec_0646.",
Philips-MP20-MP90-Manual,sec_0649,340,5.4-hierarchy_level,PASS,,"On p340 ""Reloading Paper"" is a large heading like other level 2 headings in chapter 26. hierarchy_level 2 is right.",
Philips-MP20-MP90-Manual,sec_0649,340,5.4-parent_child,PASS,,"Parent sec_0634 ""Recording"" is the chapter. The previous sibling sec_0648 is on p339 and the next sibling sec_0650 ""Recorder Status Messages"" starts on p341.",
Philips-MP20-MP90-Manual,sec_0649,340,5.4-page_start_end,PASS,,"sec_0649 has the heading 6459, both step lists, the CAUTION box (6462, 6475) and folio 328, all on p340. The full CAUTION box is kept. Nothing from p339 or p341 is absorbed.",
Philips-MP20-MP90-Manual,sec_0649,340,5.4-hierarchy_path,PASS,,"hierarchy_path ""/Recording/Reloading Paper"" lists the chapter and parents in the right order.",
Philips-MP20-MP90-Manual,sec_0649,340,5.4-gaps_duplicates,PASS,,The M1116B and MP20/MP30 steps and the CAUTION text are all in sec_0649 once. No gap or repeat.,
Philips-MP20-MP90-Manual,sec_0649,340,5.4-flagged_for_review,PASS,,flagged_for_review is false and verification_score is 100. Nothing in the page suggests doubt.,
Philips-MP20-MP90-Manual,sec_0649,340,5.4-structural_source,PASS,,"structural_source is ""toc"". The heading is on the page that the bookmark points to.",
Philips-MP20-MP90-Manual,sec_0649,340,5.6-numbering_scheme,PASS,,"Printed folio 328 uses arabic numbers. numbering_scheme ""arabic"" is right.",
Philips-MP20-MP90-Manual,sec_0649,340,5.6-offset_applied,PASS,,"offset_applied is 0. The heading is on physical p340 where the bookmark points, so the mapping is right.",
Philips-MP20-MP90-Manual,sec_0649,340,5.5-filters_discarding,PASS,,"All three photos on p340 are extracted: img_0215, img_0216, img_0217. No picture is lost.",
Philips-MP20-MP90-Manual,sec_0649,340,5.5-filters_passing_noise,PASS,,"The three images are real photos of the recorder. No icon, rule or logo is kept as an image.",
Philips-MP20-MP90-Manual,sec_0649,340,5.5-image_section_mapping,PASS,,The three photos are beside the steps and are all mapped to sec_0649. This is right.,
Philips-MP20-MP90-Manual,sec_0665,349,5.4-hierarchy_level,PASS,,hierarchy_level 3 fits the small bold heading 'Printing Manually' on p349. It is smaller than the level 2 heading 'Printer Status Messages' below it.,
Philips-MP20-MP90-Manual,sec_0665,349,5.4-parent_child,PASS,,"sec_0665 is level 3 under sec_0664 (Checking Report Status and Printing Manually), which lists it as its only child. On p349 'Printing Manually' is a small sub-heading under that section.",
Philips-MP20-MP90-Manual,sec_0665,349,5.4-page_start_end,PASS,,"On p349 the heading #/texts/6612 starts the section. The text, steps 1-2 and 'Selecting Print All Reps.' (#/texts/6613-6616) are all its content. The 'Printer Status Messages' heading and table follow and are in sec_0666. The CAUTION box above belongs to sec_0664.",
Philips-MP20-MP90-Manual,sec_0665,349,5.4-hierarchy_path,PASS,,hierarchy_path /Printing Patient Reports/Checking Report Status and Printing Manually/Printing Manually matches the nesting on p349 and chapter 27.,
Philips-MP20-MP90-Manual,sec_0665,349,5.4-gaps_duplicates,PASS,,Nodes (orders 6699-6703) follow sec_0664 (ends 6698) and precede sec_0666 (starts 6704). No gap and no overlap.,
Philips-MP20-MP90-Manual,sec_0665,349,5.4-flagged_for_review,PASS,,sec_0665 has flagged_for_review false and the page shows no sign of a doubtful title or boundary.,
Philips-MP20-MP90-Manual,sec_0665,349,5.4-structural_source,PASS,,"sec_0665 has structural_source toc. The title and page match the rendered page, so the bookmark source is supported.",
Philips-MP20-MP90-Manual,sec_0665,349,5.6-numbering_scheme,PASS,,sec_0665 uses the arabic scheme. Printed folio 337 is on physical p349. Arabic is correct.,
Philips-MP20-MP90-Manual,sec_0665,349,5.6-offset_applied,PASS,,"sec_0665 has offset_applied 0, the same as its neighbours. page_start is the physical page and Printed folio 337 is on physical p349.","Folios differ from physical pages by a constant, and the tree uses physical pages."
Philips-MP20-MP90-Manual,sec_0665,349,5.5-filters_discarding,PASS,,p349 shows no figure or icon in this section. The diamond bullet is a text glyph. The CAUTION box is a text box in sec_0664. Nothing was discarded.,
Philips-MP20-MP90-Manual,sec_0665,349,5.5-filters_passing_noise,PASS,,"No image is mapped to sec_0665, so no decorative image passed the filter.",
Philips-MP20-MP90-Manual,sec_0665,349,5.5-image_section_mapping,PASS,,"No image is mapped to sec_0665. No visual sits under the 'Printing Manually' heading on p349, so none is missing.",
Philips-MP20-MP90-Manual,sec_0668,351,5.4-hierarchy_level,PASS,,"hierarchy_level 3 fits the sample report heading 'Alarm Limits Report' on p351. It is the same size as 'ECG Reports' on p354, a sibling.",
Philips-MP20-MP90-Manual,sec_0668,351,5.4-parent_child,PASS,,sec_0668 is level 3 under sec_0667 (Sample Report Printouts). It is one of its sibling sample reports (sec_0668 to sec_0672) and has no children.,
Philips-MP20-MP90-Manual,sec_0668,351,5.4-page_start_end,PASS,,p351 has only 'Alarm Limits Report' and its sample printout. Heading is #/texts/6627. The figure callout texts (#/texts/6628-6634) are in this section. The next report 'Realtime Report' starts on p352 in sec_0669. Reading order inside the section is odd: 'Patient Name' (#/texts/6634) comes after the callouts. They stay in the same section.,Order is odd but ownership is right.
Philips-MP20-MP90-Manual,sec_0668,351,5.4-hierarchy_path,PASS,,hierarchy_path /Printing Patient Reports/Sample Report Printouts/Alarm Limits Report matches the p351 running header 'Sample Report Printouts' and the heading.,
Philips-MP20-MP90-Manual,sec_0668,351,5.4-gaps_duplicates,PASS,,Nodes (orders 6714-6724) follow sec_0667 (ends 6713) and precede sec_0669 (starts 6725). No gap and no overlap.,
Philips-MP20-MP90-Manual,sec_0668,351,5.4-flagged_for_review,PASS,,sec_0668 has flagged_for_review false and the page shows no sign of a doubtful title or boundary.,
Philips-MP20-MP90-Manual,sec_0668,351,5.4-structural_source,PASS,,"sec_0668 has structural_source toc. The title and page match the rendered page, so the bookmark source is supported.",
Philips-MP20-MP90-Manual,sec_0668,351,5.6-numbering_scheme,PASS,,sec_0668 uses the arabic scheme. Printed folio 339 is on physical p351. Arabic is correct.,
Philips-MP20-MP90-Manual,sec_0668,351,5.6-offset_applied,PASS,,"sec_0668 has offset_applied 0, the same as its neighbours. page_start is the physical page and Printed folio 339 is on physical p351.","Folios differ from physical pages by a constant, and the tree uses physical pages."
Philips-MP20-MP90-Manual,sec_0668,351,5.5-filters_discarding,FAIL,Medium,The alarm limits printout on p351 is kept as vector crop img_0219 (733x1052). The crop cuts the callouts: the arrow tails run off the left and bottom edges and the label boxes are outside the crop. The callout words are text nodes #/texts/6628-6633.,"Lead change: PASS to FAIL Medium, the same grade as the approved v2.15 row (figure cut = Medium). The crop did not change in v2.16. Probably BUG-010 (vector crop area). verify_claims expects Critical only because it does not match the raster to the vector crop."
Philips-MP20-MP90-Manual,sec_0668,351,5.5-filters_passing_noise,PASS,,"img_0219 holds the printout only and the arrow heads. No decorative bar, logo or running header is kept as an image. Callout labels are outside the crop.",
Philips-MP20-MP90-Manual,sec_0668,351,5.5-image_section_mapping,PASS,,img_0219 is mapped to sec_0668 and sits on p351 under the heading 'Alarm Limits Report'. This is the only visual on the page and it is mapped to the right section.,
Philips-MP20-MP90-Manual,sec_0672,355,5.4-hierarchy_level,PASS,,hierarchy_level 3 fits 'Other Reports' on p354. It has the same size as its sibling 'ECG Reports'.,
Philips-MP20-MP90-Manual,sec_0672,355,5.4-parent_child,PASS,,"sec_0672 is level 3 under sec_0667 (Sample Report Printouts) and has no children. It is the last child of sec_0667, after sec_0671.",
Philips-MP20-MP90-Manual,sec_0672,355,5.4-page_start_end,PASS,,"The section is on p354 only. The heading #/texts/6667 and the sentence 'See the sections on Trends and Calculations...' (#/texts/6668) are its content. p355, the sampled page, starts chapter 28 in sec_0673. Nothing from p355 is absorbed. The folio 342 (#/texts/6669) is only boilerplate.",
Philips-MP20-MP90-Manual,sec_0672,355,5.4-hierarchy_path,PASS,,hierarchy_path /Printing Patient Reports/Sample Report Printouts/Other Reports matches the running header 'Sample Report Printouts' on p354 and the heading.,
Philips-MP20-MP90-Manual,sec_0672,355,5.4-gaps_duplicates,PASS,,Nodes (orders 6757-6759) follow sec_0671 (ends 6756) and precede sec_0673 (starts 6760). No gap and no overlap.,
Philips-MP20-MP90-Manual,sec_0672,355,5.4-flagged_for_review,PASS,,sec_0672 has flagged_for_review false and the page shows no sign of a doubtful title or boundary.,
Philips-MP20-MP90-Manual,sec_0672,355,5.4-structural_source,PASS,,"sec_0672 has structural_source toc. The title and page match the rendered page, so the bookmark source is supported.",
Philips-MP20-MP90-Manual,sec_0672,355,5.6-numbering_scheme,PASS,,sec_0672 uses the arabic scheme. Printed folio 342 is on physical p354. Arabic is correct.,
Philips-MP20-MP90-Manual,sec_0672,355,5.6-offset_applied,PASS,,"sec_0672 has offset_applied 0, the same as its neighbours. page_start is the physical page and Printed folio 342 is on physical p354.","Folios differ from physical pages by a constant, and the tree uses physical pages."
Philips-MP20-MP90-Manual,sec_0672,355,5.5-filters_discarding,PASS,,The sampled page p355 and p354 show no figure in this section. The 'Other Reports' text is only one sentence. Nothing was discarded. The calculator icon on p355 is in sec_0674.,"verify_claims flags a 36x24 icon on p355. It sits in the sec_0674 step, not in sec_0672, so it is graded on sec_0674."
Philips-MP20-MP90-Manual,sec_0672,355,5.5-filters_passing_noise,PASS,,"No image is mapped to sec_0672, so no decorative image passed the filter.",
Philips-MP20-MP90-Manual,sec_0672,355,5.5-image_section_mapping,PASS,,"No image is mapped to sec_0672. The only figure on p354 (img_0222, ECG sample) is above and belongs to sec_0671.",
Philips-MP20-MP90-Manual,sec_0676,356,5.4-hierarchy_level,PASS,,hierarchy_level 3 fits the small bold heading 'About the Rule of Six' on p356. It is smaller than 'Performing Drug Calculations' above it.,
Philips-MP20-MP90-Manual,sec_0676,356,5.4-parent_child,PASS,,sec_0676 is level 3 under sec_0675 (Performing Drug Calculations). It is the first of three children (sec_0676 to sec_0678) and has no children.,
Philips-MP20-MP90-Manual,sec_0676,356,5.4-page_start_end,PASS,,"On p356 the heading #/texts/6687 starts the section. It has the paragraph, the CAUTION box (#/texts/6689-6690), the formula sentence and 2 bullets (#/texts/6691-6693). The next heading 'Performing Calculations for a Non-Specific Drug' is in sec_0677. The CAUTION label and its text are both kept in this section.",
Philips-MP20-MP90-Manual,sec_0676,356,5.4-hierarchy_path,PASS,,hierarchy_path /Using the Drug Calculator/Performing Drug Calculations/About the Rule of Six matches p356 running header and the nesting of the headings.,
Philips-MP20-MP90-Manual,sec_0676,356,5.4-gaps_duplicates,PASS,,Nodes (orders 6778-6784) follow sec_0675 (ends 6777) and precede sec_0677 (starts 6785). No gap and no overlap.,
Philips-MP20-MP90-Manual,sec_0676,356,5.4-flagged_for_review,PASS,,sec_0676 has flagged_for_review false and the page shows no sign of a doubtful title or boundary.,
Philips-MP20-MP90-Manual,sec_0676,356,5.4-structural_source,PASS,,"sec_0676 has structural_source toc. The title and page match the rendered page, so the bookmark source is supported.",
Philips-MP20-MP90-Manual,sec_0676,356,5.6-numbering_scheme,PASS,,sec_0676 uses the arabic scheme. Printed folio 344 is on physical p356. Arabic is correct.,
Philips-MP20-MP90-Manual,sec_0676,356,5.6-offset_applied,PASS,,"sec_0676 has offset_applied 0, the same as its neighbours. page_start is the physical page and Printed folio 344 is on physical p356.","Folios differ from physical pages by a constant, and the tree uses physical pages."
Philips-MP20-MP90-Manual,sec_0676,356,5.5-filters_discarding,PASS,,"p356 has no figure under 'About the Rule of Six'. The CAUTION box is text with a coloured frame. The Drug Calculator screenshot is lower on the page under the next heading, in sec_0677. Nothing was discarded here.",
Philips-MP20-MP90-Manual,sec_0676,356,5.5-filters_passing_noise,PASS,,"No image is mapped to sec_0676, so no decorative image passed the filter. The yellow CAUTION frame is not kept as an image.",
Philips-MP20-MP90-Manual,sec_0676,356,5.5-image_section_mapping,PASS,,No image is mapped to sec_0676. The screenshot img_0223 sits beside the text of 'Performing Calculations for a Non-Specific Drug' and is mapped to sec_0677. This is correct.,
Philips-MP20-MP90-Manual,sec_0681,359,5.4-hierarchy_level,PASS,,hierarchy_level 2 fits the large heading 'Documenting Drug Calculations' on p358. It has the same size as 'Using the Titration Table' above.,
Philips-MP20-MP90-Manual,sec_0681,359,5.4-parent_child,PASS,,sec_0681 is level 2 under sec_0673 (Using the Drug Calculator) and has no children. It is the last child of sec_0673 on p358.,
Philips-MP20-MP90-Manual,sec_0681,359,5.4-page_start_end,PASS,,"The section is on p358 only. The heading #/texts/6786 and 3 bullets (Record DrugCalc, Print Titr. Tbl, Print Drip Tbl; #/texts/6787-6789) are its content, plus folio 346. The sampled p359 starts chapter 29 in sec_0682. Nothing from p359 is absorbed. The two screenshots above are in sec_0679 and sec_0680.",
Philips-MP20-MP90-Manual,sec_0681,359,5.4-hierarchy_path,PASS,,hierarchy_path /Using the Drug Calculator/Documenting Drug Calculations matches chapter 28 and the heading on p358.,
Philips-MP20-MP90-Manual,sec_0681,359,5.4-gaps_duplicates,PASS,,Nodes (orders 6904-6908) follow sec_0680 (ends 6903) and precede sec_0682 (starts 6909). No gap and no overlap.,
Philips-MP20-MP90-Manual,sec_0681,359,5.4-flagged_for_review,PASS,,sec_0681 has flagged_for_review false and the page shows no sign of a doubtful title or boundary.,
Philips-MP20-MP90-Manual,sec_0681,359,5.4-structural_source,PASS,,"sec_0681 has structural_source toc. The title and page match the rendered page, so the bookmark source is supported.",
Philips-MP20-MP90-Manual,sec_0681,359,5.6-numbering_scheme,PASS,,sec_0681 uses the arabic scheme. Printed folio 346 is on physical p358. Arabic is correct.,
Philips-MP20-MP90-Manual,sec_0681,359,5.6-offset_applied,PASS,,"sec_0681 has offset_applied 0, the same as its neighbours. page_start is the physical page and Printed folio 346 is on physical p358.","Folios differ from physical pages by a constant, and the tree uses physical pages."
Philips-MP20-MP90-Manual,sec_0681,359,5.5-filters_discarding,PASS,,In sec_0681 on p358 there is no figure. Only three bullets. The Drip Table and Titration Table screenshots are above the heading and are mapped to sec_0679 and sec_0680. Nothing is discarded here.,
Philips-MP20-MP90-Manual,sec_0681,359,5.5-filters_passing_noise,PASS,,"No image is mapped to sec_0681, so no decorative image passed the filter.",
Philips-MP20-MP90-Manual,sec_0681,359,5.5-image_section_mapping,PASS,,No image is mapped to sec_0681 and none is printed under its heading on p358. The images img_0225 and img_0226 belong to the two sections above. No image from p359 enters this section.,
Philips-MP20-MP90-Manual,sec_0689,363,5.4-hierarchy_level,PASS,,"Section sec_0689 'Language Conflict with External Device Drivers': large heading on p362, level 2 under sec_0682 (IntelliBridge EC10 Module). The hierarchy_level in sections.json agrees with the rendered p363.",
Philips-MP20-MP90-Manual,sec_0689,363,5.4-parent_child,PASS,,"sec_0682 'IntelliBridge EC10 Module' is the chapter 29 bookmark, so the parent is right. It has no children.",
Philips-MP20-MP90-Manual,sec_0689,363,5.4-page_start_end,PASS,,"On p362 the heading (#/texts/6905), intro (#/texts/6906), two bullets (#/texts/6907, #/texts/6908) and folio 350 (#/texts/6909) are all in sec_0689. The INOPS table above the heading is in sec_0688. Chapter 30 starts on p363 in sec_0690.",
Philips-MP20-MP90-Manual,sec_0689,363,5.4-hierarchy_path,PASS,,/IntelliBridge EC10 Module/Language Conflict with External Device Drivers matches chapter 29 and the heading.,
Philips-MP20-MP90-Manual,sec_0689,363,5.4-gaps_duplicates,PASS,,The 5 nodes cover the whole text of the section on p362 once. Nothing is missing or repeated in sec_0688 or sec_0690.,
Philips-MP20-MP90-Manual,sec_0689,363,5.4-flagged_for_review,PASS,,"sec_0689 has flagged_for_review false and verification_score 100. The p363 check found no problem, so the flag is right.",
Philips-MP20-MP90-Manual,sec_0689,363,5.4-structural_source,PASS,,"sec_0689 has structural_source toc. The heading 'Language Conflict with External Device Drivers' is visible in the PDF at the expected page, so the bookmark source is supported.",
Philips-MP20-MP90-Manual,sec_0689,363,5.6-numbering_scheme,PASS,,The page numbers are arabic. Printed folio 350 on physical p362. The scheme 'arabic' is right.,
Philips-MP20-MP90-Manual,sec_0689,363,5.6-offset_applied,PASS,,"offset_applied is 0 and the bookmark pages are physical pages. Printed folio 350 on physical p362. The heading is on the expected physical page, so no offset is needed.",
Philips-MP20-MP90-Manual,sec_0689,363,5.5-filters_discarding,PASS,,"No figure, icon or screenshot is in this section on p362. The p363 figure belongs to sec_0690. No meaningful figure or icon is lost for this section on p363.",
Philips-MP20-MP90-Manual,sec_0689,363,5.5-filters_passing_noise,PASS,,"No decorative rule, logo or footer divider is kept as an image in sec_0689 on p363.",
Philips-MP20-MP90-Manual,sec_0689,363,5.5-image_section_mapping,PASS,,"No figure, icon or screenshot is in this section on p362. The p363 figure belongs to sec_0690.",
Philips-MP20-MP90-Manual,sec_0706,369,5.4-hierarchy_level,PASS,,"Section sec_0706 'Notification': sub-heading on p369, level 3 under 'Setting Up Timers'. The hierarchy_level in sections.json agrees with the rendered p369.",
Philips-MP20-MP90-Manual,sec_0706,369,5.4-parent_child,PASS,,Parent sec_0702 'Setting Up Timers' (p368-369) is the level 2 heading. The sibling 'Timer Volume' is sec_0707. No children.,
Philips-MP20-MP90-Manual,sec_0706,369,5.4-page_start_end,FAIL,Low,"On p369 the first two nodes of sec_0706 are the running header '#/texts/7028 Displaying a Timer On The Main Screen' and '#/texts/7029 31 Using Timers', printed above the heading. They are page boilerplate, not part of 'Notification'. The body nodes #/texts/7030 to #/texts/7039 are correct.","Lead change: PASS to FAIL Low, the same grade as the approved v2.15 row. The nodes are the same in v2.16. Probably BUG-022 (running headers kept as section nodes). Only boilerplate is wrong."
Philips-MP20-MP90-Manual,sec_0706,369,5.4-hierarchy_path,PASS,,/Using Timers/Setting Up Timers/Notification is correct.,
Philips-MP20-MP90-Manual,sec_0706,369,5.4-gaps_duplicates,PASS,,"All 12 nodes on p369 are in sec_0706 once. The list lines (Alarm, Sound, No Sound) and the two numbered steps are kept.",
Philips-MP20-MP90-Manual,sec_0706,369,5.4-flagged_for_review,PASS,,"sec_0706 has flagged_for_review false and verification_score 100. The p369 check found no problem, so the flag is right.",
Philips-MP20-MP90-Manual,sec_0706,369,5.4-structural_source,PASS,,"sec_0706 has structural_source toc. The heading 'Notification' is visible in the PDF at the expected page, so the bookmark source is supported.",
Philips-MP20-MP90-Manual,sec_0706,369,5.6-numbering_scheme,PASS,,The page numbers are arabic. Printed folio 357 on physical p369. The scheme 'arabic' is right.,
Philips-MP20-MP90-Manual,sec_0706,369,5.6-offset_applied,PASS,,"offset_applied is 0 and the bookmark pages are physical pages. Printed folio 357 on physical p369. The heading is on the expected physical page, so no offset is needed.",
Philips-MP20-MP90-Manual,sec_0706,369,5.5-filters_discarding,PASS,,No figure in this section. The TimerA screenshot (img_0233) is under 'Displaying a Timer On The Main Screen' and is mapped to sec_0708. No meaningful figure or icon is lost for this section on p369.,
Philips-MP20-MP90-Manual,sec_0706,369,5.5-filters_passing_noise,PASS,,"No decorative rule, logo or footer divider is kept as an image in sec_0706 on p369.",
Philips-MP20-MP90-Manual,sec_0706,369,5.5-image_section_mapping,PASS,,No figure in this section. The TimerA screenshot (img_0233) is under 'Displaying a Timer On The Main Screen' and is mapped to sec_0708.,
Philips-MP20-MP90-Manual,sec_0710,371,5.4-hierarchy_level,PASS,,"Section sec_0710 'Displaying A Clock On The Main Screen': large heading on p370, level 2 under 'Using Timers'. The hierarchy_level in sections.json agrees with the rendered p371.",
Philips-MP20-MP90-Manual,sec_0710,371,5.4-parent_child,PASS,,"Parent sec_0698 'Using Timers' (level 1, chapter 31) is right. The previous sibling sec_0709 is the small heading above on p370. No children.",
Philips-MP20-MP90-Manual,sec_0710,371,5.4-page_start_end,PASS,,"On p370 heading #/texts/7058, the intro, the three steps, the closing sentence and folio 358 are all in sec_0710. p371 is the next chapter and is not in this section.",
Philips-MP20-MP90-Manual,sec_0710,371,5.4-hierarchy_path,PASS,,/Using Timers/Displaying A Clock On The Main Screen is correct.,
Philips-MP20-MP90-Manual,sec_0710,371,5.4-gaps_duplicates,PASS,,The 8 nodes are the full body of this section on p370. The pop-up keys table above the heading is in sec_0709.,
Philips-MP20-MP90-Manual,sec_0710,371,5.4-flagged_for_review,PASS,,"sec_0710 has flagged_for_review false and verification_score 100. The p371 check found no problem, so the flag is right.",
Philips-MP20-MP90-Manual,sec_0710,371,5.4-structural_source,PASS,,"sec_0710 has structural_source toc. The heading 'Displaying A Clock On The Main Screen' is visible in the PDF at the expected page, so the bookmark source is supported.",
Philips-MP20-MP90-Manual,sec_0710,371,5.6-numbering_scheme,PASS,,The page numbers are arabic. Printed folio 358 on physical p370. The p371 sample shows folio 359 for the next chapter. The scheme 'arabic' is right.,
Philips-MP20-MP90-Manual,sec_0710,371,5.6-offset_applied,PASS,,"offset_applied is 0 and the bookmark pages are physical pages. Printed folio 358 on physical p370. The p371 sample shows folio 359 for the next chapter. The heading is on the expected physical page, so no offset is needed.",
Philips-MP20-MP90-Manual,sec_0710,371,5.5-filters_discarding,PASS,,"No figure, icon or screenshot is in this section on p370. The p371 page has none that belongs here. No meaningful figure or icon is lost for this section on p371.",
Philips-MP20-MP90-Manual,sec_0710,371,5.5-filters_passing_noise,PASS,,"No decorative rule, logo or footer divider is kept as an image in sec_0710 on p371.",
Philips-MP20-MP90-Manual,sec_0710,371,5.5-image_section_mapping,PASS,,"No figure, icon or screenshot is in this section on p370. The p371 page has none that belongs here.",
Philips-MP20-MP90-Manual,sec_0721,376,5.4-hierarchy_level,PASS,,"Section sec_0721 'Viewing Received Data': large heading on p375, level 2 under chapter 33 'Laboratory Data'. The hierarchy_level in sections.json agrees with the rendered p376.",
Philips-MP20-MP90-Manual,sec_0721,376,5.4-parent_child,PASS,,Parent sec_0720 'Laboratory Data' is the level 1 chapter on p375. No children.,
Philips-MP20-MP90-Manual,sec_0721,376,5.4-page_start_end,PASS,,Heading #/texts/7172 is on p375. The section ends on p376 with the note about the * mark (#/texts/7207) and folio 364. Chapter 34 starts on p377 and is not part of it.,
Philips-MP20-MP90-Manual,sec_0721,376,5.4-hierarchy_path,PASS,,/Laboratory Data/Viewing Received Data is correct.,
Philips-MP20-MP90-Manual,sec_0721,376,5.4-gaps_duplicates,PASS,,"The 37 nodes cover the body on p375 and p376 once. Bullets split across the page break (Enzymes/Markers, Coagulation, Urine Diagnostics) are kept in order.",
Philips-MP20-MP90-Manual,sec_0721,376,5.4-flagged_for_review,PASS,,"sec_0721 has flagged_for_review false and verification_score 100. The p376 check found no problem, so the flag is right.",
Philips-MP20-MP90-Manual,sec_0721,376,5.4-structural_source,PASS,,"sec_0721 has structural_source toc. The heading 'Viewing Received Data' is visible in the PDF at the expected page, so the bookmark source is supported.",
Philips-MP20-MP90-Manual,sec_0721,376,5.6-numbering_scheme,PASS,,The page numbers are arabic. Printed folios 363 (p375) and 364 (p376). The scheme 'arabic' is right.,
Philips-MP20-MP90-Manual,sec_0721,376,5.6-offset_applied,PASS,,"offset_applied is 0 and the bookmark pages are physical pages. Printed folios 363 (p375) and 364 (p376). The heading is on the expected physical page, so no offset is needed.",
Philips-MP20-MP90-Manual,sec_0721,376,5.5-filters_discarding,PASS,,"img_0237 is the Lab Results window on p375, mapped to sec_0721. It is right. No meaningful figure or icon is lost for this section on p376.",
Philips-MP20-MP90-Manual,sec_0721,376,5.5-filters_passing_noise,PASS,,"The screenshot labels (PCO2, PO2, units) are text nodes in sec_0721. The crop img_0237 holds the values, ranges and timestamps. No decoration is kept as an image.",Both parts are in the right section.
Philips-MP20-MP90-Manual,sec_0721,376,5.5-image_section_mapping,PASS,,"img_0237 is the Lab Results window on p375, mapped to sec_0721. It is right.",
Philips-MP20-MP90-Manual,sec_0721,377,5.4-hierarchy_level,PASS,,"Section sec_0721 'Viewing Received Data': large heading on p375, level 2 under chapter 33 'Laboratory Data'. The hierarchy_level in sections.json agrees with the rendered p377.",
Philips-MP20-MP90-Manual,sec_0721,377,5.4-parent_child,PASS,,Parent sec_0720 'Laboratory Data' is the level 1 chapter on p375. No children.,
Philips-MP20-MP90-Manual,sec_0721,377,5.4-page_start_end,PASS,,Heading #/texts/7172 is on p375. The section ends on p376 with the note about the * mark (#/texts/7207) and folio 364. Chapter 34 starts on p377 and is not part of it.,
Philips-MP20-MP90-Manual,sec_0721,377,5.4-hierarchy_path,PASS,,/Laboratory Data/Viewing Received Data is correct.,
Philips-MP20-MP90-Manual,sec_0721,377,5.4-gaps_duplicates,PASS,,"The 37 nodes cover the body on p375 and p376 once. Bullets split across the page break (Enzymes/Markers, Coagulation, Urine Diagnostics) are kept in order.",
Philips-MP20-MP90-Manual,sec_0721,377,5.4-flagged_for_review,PASS,,"sec_0721 has flagged_for_review false and verification_score 100. The p377 check found no problem, so the flag is right.",
Philips-MP20-MP90-Manual,sec_0721,377,5.4-structural_source,PASS,,"sec_0721 has structural_source toc. The heading 'Viewing Received Data' is visible in the PDF at the expected page, so the bookmark source is supported.",
Philips-MP20-MP90-Manual,sec_0721,377,5.6-numbering_scheme,PASS,,The page numbers are arabic. Printed folios 363 (p375) and 364 (p376). The scheme 'arabic' is right.,
Philips-MP20-MP90-Manual,sec_0721,377,5.6-offset_applied,PASS,,"offset_applied is 0 and the bookmark pages are physical pages. Printed folios 363 (p375) and 364 (p376). The heading is on the expected physical page, so no offset is needed.",
Philips-MP20-MP90-Manual,sec_0721,377,5.5-filters_discarding,PASS,,"img_0237 is the Lab Results window on p375, mapped to sec_0721. It is right. No meaningful figure or icon is lost for this section on p377.",
Philips-MP20-MP90-Manual,sec_0721,377,5.5-filters_passing_noise,PASS,,"The screenshot labels (PCO2, PO2, units) are text nodes in sec_0721. The crop img_0237 holds the values, ranges and timestamps. No decoration is kept as an image.",Both parts are in the right section.
Philips-MP20-MP90-Manual,sec_0721,377,5.5-image_section_mapping,PASS,,"img_0237 is the Lab Results window on p375, mapped to sec_0721. It is right.",
Philips-MP20-MP90-Manual,sec_0730,380,5.4-hierarchy_level,PASS,,"Section sec_0730 'Cleaning Batteries and the Battery Compartment': large heading on p380, level 2 under chapter 34 'Care and Cleaning'. The hierarchy_level in sections.json agrees with the rendered p380.",
Philips-MP20-MP90-Manual,sec_0730,380,5.4-parent_child,PASS,,Parent sec_0722 'Care and Cleaning' is right. The previous sibling sec_0729 is on p379. No children.,
Philips-MP20-MP90-Manual,sec_0730,380,5.4-page_start_end,PASS,,"Heading #/texts/7261, the single paragraph #/texts/7262 and folio 368 are all of p380. Chapter 35 starts on p381 in sec_0731.",
Philips-MP20-MP90-Manual,sec_0730,380,5.4-hierarchy_path,PASS,,/Care and Cleaning/Cleaning Batteries and the Battery Compartment is correct.,
Philips-MP20-MP90-Manual,sec_0730,380,5.4-gaps_duplicates,PASS,,The 5 nodes are the full content of p380 once. The margin label 'MP20/MP30 MP40/MP50 Only' is joined with the paragraph text.,
Philips-MP20-MP90-Manual,sec_0730,380,5.4-flagged_for_review,PASS,,"sec_0730 has flagged_for_review false and verification_score 100. The p380 check found no problem, so the flag is right.",
Philips-MP20-MP90-Manual,sec_0730,380,5.4-structural_source,PASS,,"sec_0730 has structural_source toc. The heading 'Cleaning Batteries and the Battery Compartment' is visible in the PDF at the expected page, so the bookmark source is supported.",
Philips-MP20-MP90-Manual,sec_0730,380,5.6-numbering_scheme,PASS,,The page numbers are arabic. Printed folio 368 on physical p380. The scheme 'arabic' is right.,
Philips-MP20-MP90-Manual,sec_0730,380,5.6-offset_applied,PASS,,"offset_applied is 0 and the bookmark pages are physical pages. Printed folio 368 on physical p380. The heading is on the expected physical page, so no offset is needed.",
Philips-MP20-MP90-Manual,sec_0730,380,5.5-filters_discarding,PASS,,"No figure, icon or screenshot is on p380. No meaningful figure or icon is lost for this section on p380.",
Philips-MP20-MP90-Manual,sec_0730,380,5.5-filters_passing_noise,PASS,,"No decorative rule, logo or footer divider is kept as an image in sec_0730 on p380.",
Philips-MP20-MP90-Manual,sec_0730,380,5.5-image_section_mapping,PASS,,"No figure, icon or screenshot is on p380.",
Philips-MP20-MP90-Manual,sec_0733,382,5.4-hierarchy_level,PASS,,"On p382 the heading 'Battery LED' is shown at the size of a level 3 heading. Tree says hierarchy_level 3, which matches the bookmark nesting.",
Philips-MP20-MP90-Manual,sec_0733,382,5.4-parent_child,PASS,,"sec_0733 has parent_section_id sec_0732 ('Battery Power Indicators') and no children. The page shows 'Battery LED' as a sub-part of 'Battery Power Indicators', so the link is right.",
Philips-MP20-MP90-Manual,sec_0733,382,5.4-page_start_end,PASS,,"sec_0733 starts at the heading 'Battery LED' at the bottom of p382 with one sentence (#/texts/7284 and 7285). It continues on p383 with the LED figure, the colour table and the MP40/50 note, up to the heading 'Battery Status on the Main Screen' (sec_0734). The folio 370 and the running headers are inside, but they are boilerplate on its own pages. The earlier text on p382 belongs to sec_0731 and sec_0732. Range 382 to 383 is right.",
Philips-MP20-MP90-Manual,sec_0733,382,5.4-hierarchy_path,PASS,,hierarchy_path is /Using Batteries/Battery Power Indicators/Battery LED. This is the same order as the headings printed in the manual.,
Philips-MP20-MP90-Manual,sec_0733,382,5.4-gaps_duplicates,PASS,,"Nodes #/texts/7284 to 7291 and #/tables/129 appear once, in reading order. The 'MP20/30/ 40/50 only' label, the figure label 'Battery LED' and the table are all in the owner section. No neighbour text is inside, and nothing of this section is missing.",
Philips-MP20-MP90-Manual,sec_0733,382,5.4-flagged_for_review,PASS,,"sec_0733 has flagged_for_review false and verification_score 100. The heading 'Battery LED' is on the rendered page, so no flag is needed.",
Philips-MP20-MP90-Manual,sec_0733,382,5.4-structural_source,PASS,,"structural_source is toc. The title 'Battery LED' is printed on the page where the bookmark points, so the TOC source is supported.",
Philips-MP20-MP90-Manual,sec_0733,382,5.6-numbering_scheme,PASS,,"numbering_scheme is arabic. The printed folios on p382 are plain Arabic numbers, so this is correct.",
Philips-MP20-MP90-Manual,sec_0733,382,5.6-offset_applied,PASS,,"offset_applied is 0 and page_start matches the physical page where 'Battery LED' is printed. The printed folio differs from the PDF page, but the bookmark already uses PDF pages.",
Philips-MP20-MP90-Manual,sec_0733,382,5.6-table_content,PASS,,"The only table of sec_0733, #/tables/129, is printed on p383. It matches the page: 3 columns, and the rows Green, Yellow, Red flashing and Red flashes intermittently. The values are in the right columns, including the empty cells and 'battery malfunction' twice.",
Philips-MP20-MP90-Manual,sec_0733,382,5.5-filters_discarding,PASS,,"On p382 the only figure is the rear view with 'Battery compartment'. It is extracted as img_0240 and is in sec_0731. No figure of sec_0733 is on this page, so nothing of sec_0733 was dropped.",
Philips-MP20-MP90-Manual,sec_0733,382,5.5-filters_passing_noise,PASS,,"img_0240 on p382 is a real product figure, not decoration. No decorative image was kept as content.",
Philips-MP20-MP90-Manual,sec_0733,382,5.5-image_section_mapping,PASS,,"img_0240 is the rear-view figure on p382. It is mapped to sec_0731, which is right because it is printed before the sec_0732 heading. No figure is printed under 'Battery LED' on p382.",
Philips-MP20-MP90-Manual,sec_0733,383,5.4-hierarchy_level,PASS,,"On p383 the heading 'Battery LED' is shown at the size of a level 3 heading. Tree says hierarchy_level 3, which matches the bookmark nesting.",
Philips-MP20-MP90-Manual,sec_0733,383,5.4-parent_child,PASS,,"sec_0733 has parent_section_id sec_0732 ('Battery Power Indicators') and no children. The page shows 'Battery LED' as a sub-part of 'Battery Power Indicators', so the link is right.",
Philips-MP20-MP90-Manual,sec_0733,383,5.4-page_start_end,PASS,,"sec_0733 starts at the heading 'Battery LED' at the bottom of p382 with one sentence (#/texts/7284 and 7285). It continues on p383 with the LED figure, the colour table and the MP40/50 note, up to the heading 'Battery Status on the Main Screen' (sec_0734). The folio 370 and the running headers are inside, but they are boilerplate on its own pages. The earlier text on p382 belongs to sec_0731 and sec_0732. Range 382 to 383 is right.",
Philips-MP20-MP90-Manual,sec_0733,383,5.4-hierarchy_path,PASS,,hierarchy_path is /Using Batteries/Battery Power Indicators/Battery LED. This is the same order as the headings printed in the manual.,
Philips-MP20-MP90-Manual,sec_0733,383,5.4-gaps_duplicates,PASS,,"Nodes #/texts/7284 to 7291 and #/tables/129 appear once, in reading order. The 'MP20/30/ 40/50 only' label, the figure label 'Battery LED' and the table are all in the owner section. No neighbour text is inside, and nothing of this section is missing.",
Philips-MP20-MP90-Manual,sec_0733,383,5.4-flagged_for_review,PASS,,"sec_0733 has flagged_for_review false and verification_score 100. The heading 'Battery LED' is on the rendered page, so no flag is needed.",
Philips-MP20-MP90-Manual,sec_0733,383,5.4-structural_source,PASS,,"structural_source is toc. The title 'Battery LED' is printed on the page where the bookmark points, so the TOC source is supported.",
Philips-MP20-MP90-Manual,sec_0733,383,5.6-numbering_scheme,PASS,,"numbering_scheme is arabic. The printed folios on p383 are plain Arabic numbers, so this is correct.",
Philips-MP20-MP90-Manual,sec_0733,383,5.6-offset_applied,PASS,,"offset_applied is 0 and page_start matches the physical page where 'Battery LED' is printed. The printed folio differs from the PDF page, but the bookmark already uses PDF pages.",
Philips-MP20-MP90-Manual,sec_0733,383,5.6-table_content,PASS,,"Table #/tables/129 matches p383. Header: Battery LED Colors, mains power, battery power. The rows Green (>90%), Yellow (<90%), 'Red, flashing' (less than 10 minutes) and 'Red, flashes intermittently' (battery malfunction in both columns) are in the right columns.",
Philips-MP20-MP90-Manual,sec_0733,383,5.5-filters_discarding,FAIL,Low,On p383 the front-of-monitor figure is kept as img_0241. On the page an arrow points to the battery LED. The arrow is not drawn in the crop. The label 'Battery LED' is kept as text (#/texts/7390).,"Lead change: Medium to Low, the same grade as the approved v2.15 row. The crop did not change in v2.16. The drawn arrow (overlay) was probably left out of the crop (BUG-010 family). The photo and the label survive."
Philips-MP20-MP90-Manual,sec_0733,383,5.5-filters_passing_noise,PASS,,img_0241 is a real figure of the monitor front with the LEDs. It is not a logo or divider. The PHILIPS name is part of the picture. No decorative image was kept as content.,
Philips-MP20-MP90-Manual,sec_0733,383,5.5-image_section_mapping,PASS,,"img_0241 is under the 'Battery LED' heading on p383 and is mapped to sec_0733, which is right. img_0242 is the battery gauge under 'Battery Status on the Main Screen' and is mapped to sec_0734, which is also right.",
Philips-MP20-MP90-Manual,sec_0736,385,5.4-hierarchy_level,PASS,,"On p385 the heading 'Viewing Individual Battery Status' is shown at the size of a level 4 heading. Tree says hierarchy_level 4, which matches the bookmark nesting.",
Philips-MP20-MP90-Manual,sec_0736,385,5.4-parent_child,PASS,,"sec_0736 has parent_section_id sec_0735 ('Battery Status Window') and no children. The page shows 'Viewing Individual Battery Status' as a sub-part of 'Battery Status Window', so the link is right.",
Philips-MP20-MP90-Manual,sec_0736,385,5.4-page_start_end,PASS,,On p385 sec_0736 has the heading (#/texts/7363) and the one bullet line (#/texts/7364) with the label 'MP20/30/ 40/50 only'. The text above it is the end of sec_0735. 'Recording Battery Status' below belongs to sec_0737. Range 385 to 385 is right.,
Philips-MP20-MP90-Manual,sec_0736,385,5.4-hierarchy_path,PASS,,hierarchy_path is /Using Batteries/Battery Power Indicators/Battery Status Window/Viewing Individual Battery Status. This is the same order as the headings printed in the manual.,
Philips-MP20-MP90-Manual,sec_0736,385,5.4-gaps_duplicates,PASS,,Both nodes appear once. The side label 'MP20/30/ 40/50 only' is joined with the bullet text in the right section. No neighbour text is inside.,
Philips-MP20-MP90-Manual,sec_0736,385,5.4-flagged_for_review,PASS,,"sec_0736 has flagged_for_review false and verification_score 100. The heading 'Viewing Individual Battery Status' is on the rendered page, so no flag is needed.",
Philips-MP20-MP90-Manual,sec_0736,385,5.4-structural_source,PASS,,"structural_source is toc. The title 'Viewing Individual Battery Status' is printed on the page where the bookmark points, so the TOC source is supported.",
Philips-MP20-MP90-Manual,sec_0736,385,5.6-numbering_scheme,PASS,,"numbering_scheme is arabic. The printed folios on p385 are plain Arabic numbers, so this is correct.",
Philips-MP20-MP90-Manual,sec_0736,385,5.6-offset_applied,PASS,,"offset_applied is 0 and page_start matches the physical page where 'Viewing Individual Battery Status' is printed. The printed folio differs from the PDF page, but the bookmark already uses PDF pages.",
Philips-MP20-MP90-Manual,sec_0736,385,5.5-filters_discarding,PASS,,"On p385 I see only text and one bullet, no figure. No figure or screenshot of sec_0736 was dropped.",
Philips-MP20-MP90-Manual,sec_0736,385,5.5-filters_passing_noise,PASS,,"No extracted image of sec_0736 exists on p385, so no decorative image was kept as content.",
Philips-MP20-MP90-Manual,sec_0736,385,5.5-image_section_mapping,PASS,,"No relevant figure is printed for sec_0736 on p385, and none is mapped to it. This is right.",
Philips-MP20-MP90-Manual,sec_0769,396,5.4-hierarchy_level,PASS,,"On p396 the heading '3-Electrode Cable Sets' is shown at the size of a level 4 heading. Tree says hierarchy_level 4, which matches the bookmark nesting.",
Philips-MP20-MP90-Manual,sec_0769,396,5.4-parent_child,PASS,,"sec_0769 has parent_section_id sec_0767 ('Supported Cables') and no children. The page shows '3-Electrode Cable Sets' as a sub-part of 'Supported Cables', so the link is right.",
Philips-MP20-MP90-Manual,sec_0769,396,5.4-page_start_end,PASS,,"On p396 sec_0769 has the running header (#/texts/7517 and 7518), the heading '3-Electrode Cable Sets' (#/texts/7519) and its table (#/tables/140). The 5-Electrode and later tables belong to sec_0770 and the next sections. Range 396 to 396 is right.",
Philips-MP20-MP90-Manual,sec_0769,396,5.4-hierarchy_path,PASS,,hierarchy_path is /Accessories/ECG/Resp Accessories/Supported Cables/3-Electrode Cable Sets. This is the same order as the headings printed in the manual.,
Philips-MP20-MP90-Manual,sec_0769,396,5.4-gaps_duplicates,PASS,,"The header, the heading and the table each appear once. Only the first table under the heading is inside. No neighbour content is in sec_0769, and nothing is missing.",
Philips-MP20-MP90-Manual,sec_0769,396,5.4-flagged_for_review,PASS,,"sec_0769 has flagged_for_review false and verification_score 100. The heading '3-Electrode Cable Sets' is on the rendered page, so no flag is needed.",
Philips-MP20-MP90-Manual,sec_0769,396,5.4-structural_source,PASS,,"structural_source is toc. The title '3-Electrode Cable Sets' is printed on the page where the bookmark points, so the TOC source is supported.",
Philips-MP20-MP90-Manual,sec_0769,396,5.6-numbering_scheme,PASS,,"numbering_scheme is arabic. The printed folios on p396 are plain Arabic numbers, so this is correct.",
Philips-MP20-MP90-Manual,sec_0769,396,5.6-offset_applied,PASS,,"offset_applied is 0 and page_start matches the physical page where '3-Electrode Cable Sets' is printed. The printed folio differs from the PDF page, but the bookmark already uses PDF pages.",
Philips-MP20-MP90-Manual,sec_0769,396,5.6-table_content,PASS,,"Table #/tables/140 has 4 columns and 5 rows. They match the page: OR 1.0m M1601A M1611A, ICU Grabber shielded, ICU snap shielded, and ICU Clip non-shielded at 0.45m and 0.7m. The values are in the right columns.",
Philips-MP20-MP90-Manual,sec_0769,396,5.5-filters_discarding,PASS,,"On p396 I see four tables, a running header and no figure. No figure or screenshot of sec_0769 was dropped.",
Philips-MP20-MP90-Manual,sec_0769,396,5.5-filters_passing_noise,PASS,,"No extracted image of sec_0769 exists on p396, so no decorative image was kept as content.",
Philips-MP20-MP90-Manual,sec_0769,396,5.5-image_section_mapping,PASS,,"No relevant figure is printed for sec_0769 on p396, and none is mapped to it. This is right.",
Philips-MP20-MP90-Manual,sec_0781,403,5.4-hierarchy_level,PASS,,"On p403 the heading 'SpO2 Accessories' is shown at the size of a level 2 heading. Tree says hierarchy_level 2, which matches the bookmark nesting.",
Philips-MP20-MP90-Manual,sec_0781,403,5.4-parent_child,PASS,,"sec_0781 has parent_section_id sec_0755 ('Accessories') and no children. The page shows 'SpO2 Accessories' as a sub-part of 'Accessories', so the link is right.",
Philips-MP20-MP90-Manual,sec_0781,403,5.4-page_start_end,PASS,,"On p403 sec_0781 holds only its own table continuation, the running header and the folio. Its range is 399 to 404. The heading 'SpO2 Accessories' is on p399, and the Masimo text on p404 still belongs to the SpO2 topic. The next section, sec_0782, starts on p405. The range is right.",
Philips-MP20-MP90-Manual,sec_0781,403,5.4-hierarchy_path,PASS,,hierarchy_path is /Accessories/SpO2 Accessories. This is the same order as the headings printed in the manual.,
Philips-MP20-MP90-Manual,sec_0781,403,5.4-gaps_duplicates,PASS,,"Tables #/tables/152 to 159 appear once each, in page order. The Transducer table at the top of p399 is not inside sec_0781, so it stays with sec_0780. I found no node from a neighbour section.",
Philips-MP20-MP90-Manual,sec_0781,403,5.4-flagged_for_review,PASS,,"sec_0781 has flagged_for_review false and verification_score 100. The heading 'SpO2 Accessories' is on the rendered page, so no flag is needed.",
Philips-MP20-MP90-Manual,sec_0781,403,5.4-structural_source,PASS,,"structural_source is toc. The title 'SpO2 Accessories' is printed on the page where the bookmark points, so the TOC source is supported.",
Philips-MP20-MP90-Manual,sec_0781,403,5.6-numbering_scheme,PASS,,"numbering_scheme is arabic. The printed folios on p403 are plain Arabic numbers, so this is correct.",
Philips-MP20-MP90-Manual,sec_0781,403,5.6-offset_applied,PASS,,"offset_applied is 0 and page_start matches the physical page where 'SpO2 Accessories' is printed. The printed folio differs from the PDF page, but the bookmark already uses PDF pages.",
Philips-MP20-MP90-Manual,sec_0781,403,5.6-table_content,PASS,,"Tables #/tables/156 and #/tables/157 match p403. M1943NL and OC-3 keep their yes/no values and comments. The Masimo LNOP and LNCS groups have the right part numbers, including the 'n/a' cells for LNOP YI, Adtx and Pdtx.",
Philips-MP20-MP90-Manual,sec_0781,403,5.5-filters_discarding,PASS,,On p403 I see two tables and no figure. No figure or screenshot of sec_0781 was dropped.,
Philips-MP20-MP90-Manual,sec_0781,403,5.5-filters_passing_noise,PASS,,"No extracted image exists on p403. The only image in the range, img_0247 on p404, is the Masimo NR&LP Certified logo next to text about Masimo certification, so it is content.",
Philips-MP20-MP90-Manual,sec_0781,403,5.5-image_section_mapping,PASS,,"No figure is printed on p403. The Masimo NR&LP logo is on p404 and img_0247 is mapped to sec_0781, which is right.",
Philips-MP20-MP90-Manual,sec_0784,406,5.4-hierarchy_level,PASS,,"On p406 the heading 'Mainstream CO2 Accessories' is shown at the size of a level 2 heading. Tree says hierarchy_level 2, which matches the bookmark nesting.",
Philips-MP20-MP90-Manual,sec_0784,406,5.4-parent_child,PASS,,"sec_0784 has parent_section_id sec_0755 ('Accessories') and no children. The page shows 'Mainstream CO2 Accessories' as a sub-part of 'Accessories', so the link is right.",
Philips-MP20-MP90-Manual,sec_0784,406,5.4-page_start_end,PASS,,"On p406 sec_0784 has the heading (#/texts/7580) and its table (#/tables/163). The Transpulmonary table above is sec_0783, and 'Sidestream CO2 Accessories' below is sec_0785. Range 406 to 406 is right.",
Philips-MP20-MP90-Manual,sec_0784,406,5.4-hierarchy_path,PASS,,hierarchy_path is /Accessories/Mainstream CO2 Accessories. This is the same order as the headings printed in the manual.,
Philips-MP20-MP90-Manual,sec_0784,406,5.4-gaps_duplicates,PASS,,The heading and the table appear once. The Transpulmonary table and the Sidestream table are not inside sec_0784. Nothing is missing.,
Philips-MP20-MP90-Manual,sec_0784,406,5.4-flagged_for_review,PASS,,"sec_0784 has flagged_for_review false and verification_score 100. The heading 'Mainstream CO2 Accessories' is on the rendered page, so no flag is needed.",
Philips-MP20-MP90-Manual,sec_0784,406,5.4-structural_source,PASS,,"structural_source is toc. The title 'Mainstream CO2 Accessories' is printed on the page where the bookmark points, so the TOC source is supported.",
Philips-MP20-MP90-Manual,sec_0784,406,5.6-numbering_scheme,PASS,,"numbering_scheme is arabic. The printed folios on p406 are plain Arabic numbers, so this is correct.",
Philips-MP20-MP90-Manual,sec_0784,406,5.6-offset_applied,PASS,,"offset_applied is 0 and page_start matches the physical page where 'Mainstream CO2 Accessories' is printed. The printed folio differs from the PDF page, but the bookmark already uses PDF pages.",
Philips-MP20-MP90-Manual,sec_0784,406,5.6-table_content,PASS,,"Table #/tables/163 has the header and 5 rows. The rows match the page: CO2 Sensor M2501A, the two reusable adapters M2513A and M2516A, and the two single-patient adapters M2533A and M2536A. The columns are right.",
Philips-MP20-MP90-Manual,sec_0784,406,5.5-filters_discarding,PASS,,On p406 I see three tables and no figure. No figure or screenshot of sec_0784 was dropped.,
Philips-MP20-MP90-Manual,sec_0784,406,5.5-filters_passing_noise,PASS,,"No extracted image of sec_0784 exists on p406, so no decorative image was kept as content.",
Philips-MP20-MP90-Manual,sec_0784,406,5.5-image_section_mapping,PASS,,"No relevant figure is printed for sec_0784 on p406, and none is mapped to it. This is right.",
Philips-MP20-MP90-Manual,sec_0798,413,5.4-hierarchy_level,PASS,,"On p413 the heading 'Battery Accessories' is shown at the size of a level 2 heading. Tree says hierarchy_level 2, which matches the bookmark nesting.",
Philips-MP20-MP90-Manual,sec_0798,413,5.4-parent_child,PASS,,"sec_0798 has parent_section_id sec_0755 ('Accessories') and no children. The page shows 'Battery Accessories' as a sub-part of 'Accessories', so the link is right.",
Philips-MP20-MP90-Manual,sec_0798,413,5.4-page_start_end,PASS,,"p413 is the chapter 38 opening page, after the sec_0798 range of 411 to 412. It shows the chapter title, two intro lines and 'Intended Use', and none of that is in sec_0798. The end at p412 is right.",
Philips-MP20-MP90-Manual,sec_0798,413,5.4-hierarchy_path,PASS,,hierarchy_path is /Accessories/Battery Accessories. This is the same order as the headings printed in the manual.,
Philips-MP20-MP90-Manual,sec_0798,413,5.4-gaps_duplicates,PASS,,"None of the sec_0798 nodes is from p413, and no p413 content is inside sec_0798. No duplicates.",
Philips-MP20-MP90-Manual,sec_0798,413,5.4-flagged_for_review,PASS,,"sec_0798 has flagged_for_review false and verification_score 100. The heading 'Battery Accessories' is on the rendered page, so no flag is needed.",
Philips-MP20-MP90-Manual,sec_0798,413,5.4-structural_source,PASS,,"structural_source is toc. The title 'Battery Accessories' is printed on the page where the bookmark points, so the TOC source is supported.",
Philips-MP20-MP90-Manual,sec_0798,413,5.6-numbering_scheme,PASS,,"numbering_scheme is arabic. The printed folios on p413 are plain Arabic numbers, so this is correct.",
Philips-MP20-MP90-Manual,sec_0798,413,5.6-offset_applied,PASS,,"offset_applied is 0 and page_start matches the physical page where 'Battery Accessories' is printed. The printed folio differs from the PDF page, but the bookmark already uses PDF pages.",
Philips-MP20-MP90-Manual,sec_0798,413,5.6-table_content,PASS,,"The only table of sec_0798, #/tables/177 on p411, matches the page (M8043A and 4512 610 17451). p413 itself has no table.",
Philips-MP20-MP90-Manual,sec_0798,413,5.5-filters_discarding,PASS,,"On p413 I see only text and the blue chapter bar, which is decorative. No figure or screenshot of sec_0798 was dropped.",
Philips-MP20-MP90-Manual,sec_0798,413,5.5-filters_passing_noise,PASS,,"No extracted image of sec_0798 exists on p413, so no decorative image was kept as content.",
Philips-MP20-MP90-Manual,sec_0798,413,5.5-image_section_mapping,PASS,,"No relevant figure is printed for sec_0798 on p413, and none is mapped to it. This is right.",
Philips-MP20-MP90-Manual,sec_0816,428,5.4-hierarchy_level,PASS,,"On p428 the heading 'Environmental Specifications' (#/texts/7963) is a sub-heading, smaller than the H2 'Monitor Performance Specifications'. Level 3 under sec_0814 is right.",
Philips-MP20-MP90-Manual,sec_0816,428,5.4-parent_child,PASS,,"Parent is sec_0814 'EMC And Radio Regulatory Compliance', same as sibling sec_0815. There are no children. Next section sec_0817 is a level 2 sibling of the chapter.",
Philips-MP20-MP90-Manual,sec_0816,428,5.4-page_start_end,PASS,,On p428 the heading #/texts/7963 and the two intro paragraphs #/texts/7964 and #/texts/7965 are in sec_0816. The table above the heading (#/tables/182) is in sec_0815. The section starts and ends at the correct places.,
Philips-MP20-MP90-Manual,sec_0816,428,5.4-hierarchy_path,PASS,,/Installation and Specifications/EMC And Radio Regulatory Compliance/Environmental Specifications is the correct chain.,
Philips-MP20-MP90-Manual,sec_0816,428,5.4-gaps_duplicates,PASS,,"The heading and both paragraphs on p428 appear once, in sec_0816. Nothing is missing or duplicated.",
Philips-MP20-MP90-Manual,sec_0816,428,5.4-flagged_for_review,PASS,,"sec_0816 has flagged_for_review false and verification_score 100. The heading is visible on its physical page, so no flag is needed.",
Philips-MP20-MP90-Manual,sec_0816,428,5.4-structural_source,PASS,,"sec_0816 has structural_source 'toc'. The bookmark title matches the printed heading, so the provenance is supported.",
Philips-MP20-MP90-Manual,sec_0816,428,5.6-numbering_scheme,PASS,,"The printed folios are arabic numbers (for example 415 to 463). The tree says numbering_scheme 'arabic', which is right.",
Philips-MP20-MP90-Manual,sec_0816,428,5.6-offset_applied,PASS,,"offset_applied is 0. The bookmark page for sec_0816 is the physical page where the heading is found, so no offset is needed. The printed folio differs from the physical page only by front matter.",
Philips-MP20-MP90-Manual,sec_0816,428,5.6-table_content,PASS,,p428 has no table that belongs to sec_0816. The weight table on p428 is #/tables/182 and belongs to sec_0815. The environmental tables on p429-p431 are checked on their own pages.,
Philips-MP20-MP90-Manual,sec_0816,428,5.5-filters_discarding,PASS,,"p428 shows only text and a table. No picture or icon is visible, so nothing was discarded.",
Philips-MP20-MP90-Manual,sec_0816,428,5.5-filters_passing_noise,PASS,,No image is kept for sec_0816. No decorative item passes the filters.,
Philips-MP20-MP90-Manual,sec_0816,428,5.5-image_section_mapping,PASS,,"No image is on p428 for this section. images.json is empty, so no mapping is needed.",
Philips-MP20-MP90-Manual,sec_0816,429,5.4-hierarchy_level,PASS,,The section heading is on p428. On p429 there is no new heading. Level 3 is still correct for 'Environmental Specifications'.,
Philips-MP20-MP90-Manual,sec_0816,429,5.4-parent_child,PASS,,"Parent sec_0814 is correct. The tables on p429 belong to this section, not to a child.",
Philips-MP20-MP90-Manual,sec_0816,429,5.4-page_start_end,PASS,,"p429 holds four environmental tables (#/tables/183 to #/tables/186), the footnote '1.Sufficient for flight altitudes...' (#/texts/7969) and the folio 417. All of them belong to 'Environmental Specifications'. The running headers #/texts/7967 and #/texts/7968 are boilerplate.",
Philips-MP20-MP90-Manual,sec_0816,429,5.4-hierarchy_path,PASS,,Path /Installation and Specifications/EMC And Radio Regulatory Compliance/Environmental Specifications is correct.,
Philips-MP20-MP90-Manual,sec_0816,429,5.4-gaps_duplicates,PASS,,All four tables on p429 are in sec_0816 once. The footnote is present. No content is lost or duplicated.,
Philips-MP20-MP90-Manual,sec_0816,429,5.4-flagged_for_review,PASS,,"sec_0816 has flagged_for_review false and verification_score 100. The heading is visible on its physical page, so no flag is needed.",
Philips-MP20-MP90-Manual,sec_0816,429,5.4-structural_source,PASS,,"sec_0816 has structural_source 'toc'. The bookmark title matches the printed heading, so the provenance is supported.",
Philips-MP20-MP90-Manual,sec_0816,429,5.6-numbering_scheme,PASS,,"The printed folios are arabic numbers (for example 415 to 463). The tree says numbering_scheme 'arabic', which is right.",
Philips-MP20-MP90-Manual,sec_0816,429,5.6-offset_applied,PASS,,"offset_applied is 0. The bookmark page for sec_0816 is the physical page where the heading is found, so no offset is needed. The printed folio differs from the physical page only by front matter.",
Philips-MP20-MP90-Manual,sec_0816,429,5.6-table_content,PASS,,"The four tables on p429 match the page. Temperature, humidity, altitude and 'Ingress Protection IP32' rows are in the correct columns in #/tables/183 to #/tables/186. The footnote marker '1' is kept in '4600m 1'.",
Philips-MP20-MP90-Manual,sec_0816,429,5.5-filters_discarding,PASS,,"p429 has only tables and a footnote. No figure or icon is visible, so nothing was discarded.",
Philips-MP20-MP90-Manual,sec_0816,429,5.5-filters_passing_noise,PASS,,No image is kept for this section. No noise passes the filters.,
Philips-MP20-MP90-Manual,sec_0816,429,5.5-image_section_mapping,PASS,,"No image on p429, and images.json is empty. Nothing to map.",
Philips-MP20-MP90-Manual,sec_0816,430,5.4-hierarchy_level,PASS,,No new heading on p430. Section level 3 stays correct.,
Philips-MP20-MP90-Manual,sec_0816,430,5.4-parent_child,PASS,,Parent sec_0814 is correct. The p430 tables are content of this section.,
Philips-MP20-MP90-Manual,sec_0816,430,5.4-page_start_end,PASS,,"p430 has tables #/tables/187 to #/tables/190, the title #/texts/7973 and folio 418. All belong to 'Environmental Specifications'. The next heading is on p431 and is in sec_0817.",
Philips-MP20-MP90-Manual,sec_0816,430,5.4-hierarchy_path,PASS,,Path under EMC And Radio Regulatory Compliance is correct.,
Philips-MP20-MP90-Manual,sec_0816,430,5.4-gaps_duplicates,PASS,,All four tables on p430 are in sec_0816 once. The table title text is kept in #/texts/7973. Nothing is lost.,
Philips-MP20-MP90-Manual,sec_0816,430,5.4-flagged_for_review,PASS,,"sec_0816 has flagged_for_review false and verification_score 100. The heading is visible on its physical page, so no flag is needed.",
Philips-MP20-MP90-Manual,sec_0816,430,5.4-structural_source,PASS,,"sec_0816 has structural_source 'toc'. The bookmark title matches the printed heading, so the provenance is supported.",
Philips-MP20-MP90-Manual,sec_0816,430,5.6-numbering_scheme,PASS,,"The printed folios are arabic numbers (for example 415 to 463). The tree says numbering_scheme 'arabic', which is right.",
Philips-MP20-MP90-Manual,sec_0816,430,5.6-offset_applied,PASS,,"offset_applied is 0. The bookmark page for sec_0816 is the physical page where the heading is found, so no offset is needed. The printed folio differs from the physical page only by front matter.",
Philips-MP20-MP90-Manual,sec_0816,430,5.6-table_content,FAIL,Low,"The first p430 table has a blue title bar 'Multi-measurement Module M3001A, MMS Extensions ... Flexible Module Rack M8048A'. It is read as a heading node #/texts/7973. Table #/tables/187 starts at 'Item | Condition | Range' with no title. The rows and values are correct. The other tables #/tables/188 to #/tables/190 keep their titles.","Probably BUG-021 (header bar read as the wrong element). The title text is kept in the same section, so retrieval is not blocked."
Philips-MP20-MP90-Manual,sec_0816,430,5.5-filters_discarding,PASS,,"p430 has only tables. No figure or icon is visible, so nothing was discarded.",
Philips-MP20-MP90-Manual,sec_0816,430,5.5-filters_passing_noise,PASS,,No image is kept. The blue title bars are not extracted as images.,
Philips-MP20-MP90-Manual,sec_0816,430,5.5-image_section_mapping,PASS,,No image on p430. images.json is empty.,
Philips-MP20-MP90-Manual,sec_0816,431,5.4-hierarchy_level,PASS,,On p431 the H2 'Monitor Performance Specifications' (#/texts/7977) is in sec_0817 at level 2. This section keeps level 3 and is correct.,
Philips-MP20-MP90-Manual,sec_0816,431,5.4-parent_child,PASS,,"Parent sec_0814 is correct. The next section sec_0817 is a sibling of the chapter, not a child of sec_0814.",
Philips-MP20-MP90-Manual,sec_0816,431,5.4-page_start_end,PASS,,"p431 begins with tables #/tables/191 to #/tables/193 (Thermal Array Recorder, Remote SpeedPoint, Remote Alarm Device). They belong to 'Environmental Specifications' and are in sec_0816. The heading 'Monitor Performance Specifications' (#/texts/7977) and the power table #/tables/194 start sec_0817. page_end 431 is right.",
Philips-MP20-MP90-Manual,sec_0816,431,5.4-hierarchy_path,PASS,,Path under EMC And Radio Regulatory Compliance is correct.,
Philips-MP20-MP90-Manual,sec_0816,431,5.4-gaps_duplicates,PASS,,The three tables above the heading are in sec_0816. The tables below the heading are in sec_0817. No overlap or loss.,
Philips-MP20-MP90-Manual,sec_0816,431,5.4-flagged_for_review,PASS,,"sec_0816 has flagged_for_review false and verification_score 100. The heading is visible on its physical page, so no flag is needed.",
Philips-MP20-MP90-Manual,sec_0816,431,5.4-structural_source,PASS,,"sec_0816 has structural_source 'toc'. The bookmark title matches the printed heading, so the provenance is supported.",
Philips-MP20-MP90-Manual,sec_0816,431,5.6-numbering_scheme,PASS,,"The printed folios are arabic numbers (for example 415 to 463). The tree says numbering_scheme 'arabic', which is right.",
Philips-MP20-MP90-Manual,sec_0816,431,5.6-offset_applied,PASS,,"offset_applied is 0. The bookmark page for sec_0816 is the physical page where the heading is found, so no offset is needed. The printed folio differs from the physical page only by front matter.",
Philips-MP20-MP90-Manual,sec_0816,431,5.6-table_content,PASS,,"Tables #/tables/191 to #/tables/193 match p431. Humidity, altitude and storage rows for M1116B, M8026A and M8025A have the right values in the right columns.",
Philips-MP20-MP90-Manual,sec_0816,431,5.5-filters_discarding,PASS,,"p431 has only tables. No figure or icon is visible, so nothing was discarded.",
Philips-MP20-MP90-Manual,sec_0816,431,5.5-filters_passing_noise,PASS,,No image is kept for this section.,
Philips-MP20-MP90-Manual,sec_0816,431,5.5-image_section_mapping,PASS,,No image on p431. images.json is empty.,
Philips-MP20-MP90-Manual,sec_0817,436,5.4-hierarchy_level,PASS,,Heading level 2 for 'Monitor Performance Specifications' is correct. p436 has no new heading.,
Philips-MP20-MP90-Manual,sec_0817,436,5.4-parent_child,PASS,,Parent sec_0799 is correct. The p436 table is content of this section.,
Philips-MP20-MP90-Manual,sec_0817,436,5.4-page_start_end,PASS,,"p436 holds one long table #/tables/203 'Monitor Interface Specifications' (continued), the running header #/texts/7991 and #/texts/7992, and folio 424. All belong to sec_0817. No other section starts on this page.",
Philips-MP20-MP90-Manual,sec_0817,436,5.4-hierarchy_path,PASS,,Path /Installation and Specifications/Monitor Performance Specifications is correct.,
Philips-MP20-MP90-Manual,sec_0817,436,5.4-gaps_duplicates,PASS,,"Table #/tables/203 appears once, in sec_0817. Nothing is missing or duplicated on p436.",
Philips-MP20-MP90-Manual,sec_0817,436,5.4-flagged_for_review,PASS,,"sec_0817 has flagged_for_review false and verification_score 100. The heading is visible on its physical page, so no flag is needed.",
Philips-MP20-MP90-Manual,sec_0817,436,5.4-structural_source,PASS,,"sec_0817 has structural_source 'toc'. The bookmark title matches the printed heading, so the provenance is supported.",
Philips-MP20-MP90-Manual,sec_0817,436,5.6-numbering_scheme,PASS,,"The printed folios are arabic numbers (for example 415 to 463). The tree says numbering_scheme 'arabic', which is right.",
Philips-MP20-MP90-Manual,sec_0817,436,5.6-offset_applied,PASS,,"offset_applied is 0. The bookmark page for sec_0817 is the physical page where the heading is found, so no offset is needed. The printed folio differs from the physical page only by front matter.",
Philips-MP20-MP90-Manual,sec_0817,436,5.6-table_content,PASS,,"Table #/tables/203 matches p436. Rows for MIB/RS232, USB, ECG Output, Marker Input and both Nurse Call Relays are present with correct values. The rows are in the right columns.",
Philips-MP20-MP90-Manual,sec_0817,436,5.5-filters_discarding,PASS,,"p436 has only one table. No figure or icon is visible, so nothing was discarded.",
Philips-MP20-MP90-Manual,sec_0817,436,5.5-filters_passing_noise,PASS,,No image is kept for this section.,
Philips-MP20-MP90-Manual,sec_0817,436,5.5-image_section_mapping,PASS,,No image on p436. images.json is empty.,
Philips-MP20-MP90-Manual,sec_0820,443,5.4-hierarchy_level,PASS,,Level 3 for 'ECG/Arrhythmia/ST/QT' stays correct. The heading is on p441. The heading on p443 is 'Respiration' and belongs to sec_0821.,
Philips-MP20-MP90-Manual,sec_0820,443,5.4-parent_child,PASS,,"Parent sec_0819 is correct. 'Respiration' is a sibling, not a child.",
Philips-MP20-MP90-Manual,sec_0820,443,5.4-page_start_end,PASS,,p443 starts with the running headers #/texts/8022 and #/texts/8023 and the ECG supplemental table #/tables/216. The heading 'Respiration' and its table are below that table and are in sec_0821. page_end 443 is right.,
Philips-MP20-MP90-Manual,sec_0820,443,5.4-hierarchy_path,PASS,,Path under Measurement Specifications is correct.,
Philips-MP20-MP90-Manual,sec_0820,443,5.4-gaps_duplicates,PASS,,"Table #/tables/216 is in sec_0820 and the Respiration table is not here. But one table row from p443 is lost, see 5.6-table_content.",
Philips-MP20-MP90-Manual,sec_0820,443,5.4-flagged_for_review,PASS,,"sec_0820 has flagged_for_review false and verification_score 100. The heading is visible on its physical page, so no flag is needed.",
Philips-MP20-MP90-Manual,sec_0820,443,5.4-structural_source,PASS,,"sec_0820 has structural_source 'toc'. The bookmark title matches the printed heading, so the provenance is supported.",
Philips-MP20-MP90-Manual,sec_0820,443,5.6-numbering_scheme,PASS,,"The printed folios are arabic numbers (for example 415 to 463). The tree says numbering_scheme 'arabic', which is right.",
Philips-MP20-MP90-Manual,sec_0820,443,5.6-offset_applied,PASS,,"offset_applied is 0. The bookmark page for sec_0820 is the physical page where the heading is found, so no offset is needed. The printed folio differs from the physical page only by front matter.",
Philips-MP20-MP90-Manual,sec_0820,443,5.6-table_content,FAIL,Critical,"On p443 the table 'Time to Alarm for Tachycardia' has six gain rows. #/tables/216 has only five. The last row of the second block, 'Gain 2.0, Range 5.3 to 6.1 seconds, Average 5.7 seconds' under 'Vent Tachycardia 2 mVpp, 195 bpm', is missing. This text is not found in any node of this batch. Also '1 mVp Vpp' repeats the subscript.","Probably a Docling table-cell loss (BUG-008 area). Severity is Critical by the reviewer rule for a lost table row whose text is nowhere else in the tree. The tool expects Medium because it saw the check as a value-shift, but this is a missing row, not a shifted cell."
Philips-MP20-MP90-Manual,sec_0820,443,5.5-filters_discarding,PASS,,"p443 has a table and the start of Respiration. No picture or icon is visible, so nothing was discarded.",
Philips-MP20-MP90-Manual,sec_0820,443,5.5-filters_passing_noise,PASS,,No image is kept. No decorative item passes the filters.,
Philips-MP20-MP90-Manual,sec_0820,443,5.5-image_section_mapping,PASS,,No image on p443. images.json is empty.,
Philips-MP20-MP90-Manual,sec_0824,450,5.4-hierarchy_level,PASS,,On p450 the heading 'Invasive Pressure and Pulse' (#/texts/8054) is level 3 and matches 'NBP' and 'Temp'. Level 3 is right.,
Philips-MP20-MP90-Manual,sec_0824,450,5.4-parent_child,PASS,,Parent is sec_0819. No children. Previous sibling sec_0823 ends on p449. Next sibling sec_0825 'Temp' starts on p451.,
Philips-MP20-MP90-Manual,sec_0824,450,5.4-page_start_end,PASS,,"p450 begins with the running headers #/texts/8052 and #/texts/8053, then the heading, the sentence 'Complies with IEC 60601-2-34' and two tables. They are all in sec_0824. The section ends on p451 with table #/tables/228, above the 'Temp' heading.",
Philips-MP20-MP90-Manual,sec_0824,450,5.4-hierarchy_path,PASS,,/Installation and Specifications/Measurement Specifications/Invasive Pressure and Pulse is correct.,
Philips-MP20-MP90-Manual,sec_0824,450,5.4-gaps_duplicates,PASS,,The tables #/tables/226 and #/tables/227 on p450 are in sec_0824 once. No lost or duplicate content.,
Philips-MP20-MP90-Manual,sec_0824,450,5.4-flagged_for_review,PASS,,"sec_0824 has flagged_for_review false and verification_score 100. The heading is visible on its physical page, so no flag is needed.",
Philips-MP20-MP90-Manual,sec_0824,450,5.4-structural_source,PASS,,"sec_0824 has structural_source 'toc'. The bookmark title matches the printed heading, so the provenance is supported.",
Philips-MP20-MP90-Manual,sec_0824,450,5.6-numbering_scheme,PASS,,"The printed folios are arabic numbers (for example 415 to 463). The tree says numbering_scheme 'arabic', which is right.",
Philips-MP20-MP90-Manual,sec_0824,450,5.6-offset_applied,PASS,,"offset_applied is 0. The bookmark page for sec_0824 is the physical page where the heading is found, so no offset is needed. The printed folio differs from the physical page only by front matter.",
Philips-MP20-MP90-Manual,sec_0824,450,5.6-table_content,PASS,,"Tables #/tables/226 and #/tables/227 match p450. Pulse Rate, Zero Adjustment, Gain Accuracy, Analog Output and the alarm rows are in the right columns. Merged cells like 'max. 12 seconds' are kept.",
Philips-MP20-MP90-Manual,sec_0824,450,5.5-filters_discarding,PASS,,"p450 has only text and tables. No figure or icon is visible, so nothing was discarded.",
Philips-MP20-MP90-Manual,sec_0824,450,5.5-filters_passing_noise,PASS,,No image is kept for this section.,
Philips-MP20-MP90-Manual,sec_0824,450,5.5-image_section_mapping,PASS,,No image on p450. images.json is empty.,
Philips-MP20-MP90-Manual,sec_0828,456,5.4-hierarchy_level,PASS,,"On p455 the heading 'Spirometry' (#/texts/8088) is level 3, same as 'NBP' and 'tcGas'. Level 3 is right.",
Philips-MP20-MP90-Manual,sec_0828,456,5.4-parent_child,PASS,,"Parent is sec_0819. No children. The CO2 table rows at the top of p455 (Ethanol, Acetone, ...) belong to sec_0827. Next sibling sec_0829 starts on p457.",
Philips-MP20-MP90-Manual,sec_0828,456,5.4-page_start_end,PASS,,The section starts on p455 with heading #/texts/8088 and ends on p456 with table #/tables/240 and folio 444. The CO2 interference rows at the top of p455 are not in this section. p456 has no content from another section.,
Philips-MP20-MP90-Manual,sec_0828,456,5.4-hierarchy_path,PASS,,/Installation and Specifications/Measurement Specifications/Spirometry is correct.,
Philips-MP20-MP90-Manual,sec_0828,456,5.4-gaps_duplicates,PASS,,p456 has one table #/tables/240 and the running header. Both are in sec_0828 once. The table does not repeat.,
Philips-MP20-MP90-Manual,sec_0828,456,5.4-flagged_for_review,PASS,,"sec_0828 has flagged_for_review false and verification_score 100. The heading is visible on its physical page, so no flag is needed.",
Philips-MP20-MP90-Manual,sec_0828,456,5.4-structural_source,PASS,,"sec_0828 has structural_source 'toc'. The bookmark title matches the printed heading, so the provenance is supported.",
Philips-MP20-MP90-Manual,sec_0828,456,5.6-numbering_scheme,PASS,,"The printed folios are arabic numbers (for example 415 to 463). The tree says numbering_scheme 'arabic', which is right.",
Philips-MP20-MP90-Manual,sec_0828,456,5.6-offset_applied,PASS,,"offset_applied is 0. The bookmark page for sec_0828 is the physical page where the heading is found, so no offset is needed. The printed folio differs from the physical page only by front matter.",
Philips-MP20-MP90-Manual,sec_0828,456,5.6-table_content,PASS,,"Table #/tables/240 matches p456. All rows from 'Expired Minute Volume' to 'Inspiration to Expiration ratio' are present with the right ranges and resolutions. Subscript in cmH2O is split with spaces ('cmH 2 O'), which does not change the meaning.",
Philips-MP20-MP90-Manual,sec_0828,456,5.5-filters_discarding,PASS,,"p456 has only a table. No figure or icon is visible, so nothing was discarded.",
Philips-MP20-MP90-Manual,sec_0828,456,5.5-filters_passing_noise,PASS,,No image is kept for sec_0828.,
Philips-MP20-MP90-Manual,sec_0828,456,5.5-image_section_mapping,PASS,,No image on p456. images.json is empty.,
Philips-MP20-MP90-Manual,sec_0830,458,5.4-hierarchy_level,PASS,,"On p457 the heading 'tcGas' (#/texts/8098) is level 3, same as 'Cardiac Output'. Level 3 is right.",
Philips-MP20-MP90-Manual,sec_0830,458,5.4-parent_child,PASS,,Parent is sec_0819. No children. Previous sibling sec_0829 is on p457 only. Next sibling sec_0831 'Intravascular Oxygen Saturation' starts on p458.,
Philips-MP20-MP90-Manual,sec_0830,458,5.4-page_start_end,PASS,,The section starts on p457 with heading #/texts/8098 and the sentence 'Complies with IEC 60601-2-23'. On p458 it holds the running headers and tables #/tables/244 and #/tables/245. The heading 'Intravascular Oxygen Saturation' below is in sec_0831. page_end 458 is right.,
Philips-MP20-MP90-Manual,sec_0830,458,5.4-hierarchy_path,PASS,,/Installation and Specifications/Measurement Specifications/tcGas is correct.,
Philips-MP20-MP90-Manual,sec_0830,458,5.4-gaps_duplicates,PASS,,"Tables #/tables/243 (p457), #/tables/244 and #/tables/245 (p458) are in sec_0830 once. Nothing is lost.",
Philips-MP20-MP90-Manual,sec_0830,458,5.4-flagged_for_review,PASS,,"sec_0830 has flagged_for_review false and verification_score 100. The heading is visible on its physical page, so no flag is needed.",
Philips-MP20-MP90-Manual,sec_0830,458,5.4-structural_source,PASS,,"sec_0830 has structural_source 'toc'. The bookmark title matches the printed heading, so the provenance is supported.",
Philips-MP20-MP90-Manual,sec_0830,458,5.6-numbering_scheme,PASS,,"The printed folios are arabic numbers (for example 415 to 463). The tree says numbering_scheme 'arabic', which is right.",
Philips-MP20-MP90-Manual,sec_0830,458,5.6-offset_applied,PASS,,"offset_applied is 0. The bookmark page for sec_0830 is the physical page where the heading is found, so no offset is needed. The printed folio differs from the physical page only by front matter.",
Philips-MP20-MP90-Manual,sec_0830,458,5.6-table_content,FAIL,Low,On p458 #/tables/244 and #/tables/245 keep order and values. In #/tables/244 the plus-minus sign shows as '+' ('better than +5 mmHg'). In #/tables/245 the shared Alarm Delay cell is only on the tcpO2 row; the tcpCO2 delay is empty.,"Lead change: PASS to FAIL Low, the same grade as the approved v2.15 row. The table text is identical in v2.16. Old problem (no BUG id): sign simplified and merged cell not repeated. Probably a text-layer limit."
Philips-MP20-MP90-Manual,sec_0830,458,5.5-filters_discarding,PASS,,"p458 has only tables and headings. No figure or icon is visible, so nothing was discarded.",
Philips-MP20-MP90-Manual,sec_0830,458,5.5-filters_passing_noise,PASS,,No image is kept for this section.,
Philips-MP20-MP90-Manual,sec_0830,458,5.5-image_section_mapping,PASS,,No image on p458. images.json is empty.,
Philips-MP20-MP90-Manual,sec_0842,463,5.4-hierarchy_level,PASS,,On p463 the heading 'Electrosurgery Interference/Defibrillation/Electrostatic Discharge' (#/texts/8150) is smaller than level 3 headings and has the same style as 'Fast Transients/Bursts'. Level 4 looks right. I did not see the parent heading page.,
Philips-MP20-MP90-Manual,sec_0842,463,5.4-parent_child,PASS,,"Parent is sec_0841 'Recommended separation distances...'. No children. The separation table at the top of p463 belongs to sec_0841. The next sibling sec_0843 'Fast Transients/Bursts' follows. The parent heading is not on a provided page, so this is not fully checked.",
Philips-MP20-MP90-Manual,sec_0842,463,5.4-page_start_end,PASS,,The section has the heading #/texts/8150 and one paragraph #/texts/8151 on p463. The table above it is in sec_0841. 'Fast Transients/Bursts' and 'Restart time' below are in later sections. The start and end are right.,
Philips-MP20-MP90-Manual,sec_0842,463,5.4-hierarchy_path,PASS,,"Path /Installation and Specifications/Safety and Performance Tests/Recommended separation distances.../Electrosurgery... follows the parent chain. I could not see the bookmark tree, so I trust the path from the parent section.",
Philips-MP20-MP90-Manual,sec_0842,463,5.4-gaps_duplicates,PASS,,The full paragraph (ending '...strong magnetic fields (MRI)') is in sec_0842 once. The separation table is not duplicated here.,
Philips-MP20-MP90-Manual,sec_0842,463,5.4-flagged_for_review,PASS,,"sec_0842 has flagged_for_review false and verification_score 100. The heading is visible on its physical page, so no flag is needed.",
Philips-MP20-MP90-Manual,sec_0842,463,5.4-structural_source,PASS,,"sec_0842 has structural_source 'toc'. The bookmark title matches the printed heading, so the provenance is supported.",
Philips-MP20-MP90-Manual,sec_0842,463,5.6-numbering_scheme,PASS,,"The printed folios are arabic numbers (for example 415 to 463). The tree says numbering_scheme 'arabic', which is right.",
Philips-MP20-MP90-Manual,sec_0842,463,5.6-offset_applied,PASS,,"offset_applied is 0. The bookmark page for sec_0842 is the physical page where the heading is found, so no offset is needed. The printed folio differs from the physical page only by front matter.",
Philips-MP20-MP90-Manual,sec_0842,463,5.5-filters_discarding,PASS,,"p463 has a table with square-root equations (in sec_0841) and text. No picture or icon is visible in this section, so nothing was discarded.",
Philips-MP20-MP90-Manual,sec_0842,463,5.5-filters_passing_noise,PASS,,No image is kept for sec_0842.,
Philips-MP20-MP90-Manual,sec_0842,463,5.5-image_section_mapping,PASS,,"No image belongs to sec_0842 on p463, and images.json is empty. The equation cells are part of the table in sec_0841.",
Philips-MP20-MP90-Manual,sec_0846,469,5.4-hierarchy_level,PASS,,On p465 the heading 'Country-Specific Default Settings' (#/texts/8165) is a section heading below the chapter title '39 Default Settings Appendix'. hierarchy_level 2 fits as a child of the chapter sec_0845 (level 1). The sampled page p469 is not the heading page.,
Philips-MP20-MP90-Manual,sec_0846,469,5.4-parent_child,PASS,,"parent_section_id is sec_0845 and child_sections is empty. On p465 the heading 'Country-Specific Default Settings' is a leaf section of its parent, with no sub-headings below it. The sampled page p469 is not the heading page.",
Philips-MP20-MP90-Manual,sec_0846,469,5.4-page_start_end,PASS,,The section starts with the heading 'Country-Specific Default Settings' (#/texts/8165) on p465 and its last content is on p470. page_start/page_end 465-470 match the render. The next heading starts in the next section.,
Philips-MP20-MP90-Manual,sec_0846,469,5.4-hierarchy_path,PASS,,"hierarchy_path ends with 'Country-Specific Default Settings'. This matches the heading on p465, and the ancestors match the page header and the chapter title in the render.",
Philips-MP20-MP90-Manual,sec_0846,469,5.4-gaps_duplicates,PASS,,"The nodes of this section (#/texts/8165 heading, #/tables/255-260) each appear once. No visible content of this section is missing or placed in a neighbour section on p469.",
Philips-MP20-MP90-Manual,sec_0846,469,5.4-flagged_for_review,PASS,,"flagged_for_review is false and verification_score is 100. The heading 'Country-Specific Default Settings' is at the expected place on p465 and the content is correct, so no flag is needed.",
Philips-MP20-MP90-Manual,sec_0846,469,5.4-structural_source,PASS,,"structural_source is toc. The heading 'Country-Specific Default Settings' (#/texts/8165) is visible on p465, so the bookmark title and page agree with the render.",
Philips-MP20-MP90-Manual,sec_0846,469,5.6-numbering_scheme,PASS,,Printed folios are arabic numbers (for example 453 on p465). numbering_scheme arabic is correct.,
Philips-MP20-MP90-Manual,sec_0846,469,5.6-offset_applied,PASS,,"page_start 465 is the physical page where the heading 'Country-Specific Default Settings' is rendered. The printed folio there is different, but the tree uses physical pages, so offset_applied 0 is consistent.",
Philips-MP20-MP90-Manual,sec_0846,469,5.6-table_content,FAIL,Low,"On p469 #/tables/259 has the right values and order. 'South Georgia and the South Sandwich Islands' wraps to two lines on the page, and the tree makes two rows: 'South Georgia and the South Sandwich | 60 | lb | in | AAMI' and 'Islands | | | |'.","Lead change: PASS to FAIL Low, the same grade as the approved v2.15 row. The table is the same in v2.16. Old problem (BUG-008 family). One wrapped cell became two rows; values stay in their columns."
Philips-MP20-MP90-Manual,sec_0846,469,5.5-filters_discarding,PASS,,"No figure, photo or icon is visible on the rendered page p469. images.json has no image for this section. Nothing meaningful was discarded.",
Philips-MP20-MP90-Manual,sec_0846,469,5.5-filters_passing_noise,PASS,,images.json has no image for this section. Nothing decorative was kept as an image on p469. The blue page header bar is not extracted as an image.,
Philips-MP20-MP90-Manual,sec_0846,469,5.5-image_section_mapping,PASS,,"No image is mapped to this section and none is visible on p469, so no mapping is wrong.",
Philips-MP20-MP90-Manual,sec_0846,470,5.4-hierarchy_level,PASS,,On p465 the heading 'Country-Specific Default Settings' (#/texts/8165) is a section heading below the chapter title '39 Default Settings Appendix'. hierarchy_level 2 fits as a child of the chapter sec_0845 (level 1). The sampled page p470 is not the heading page.,
Philips-MP20-MP90-Manual,sec_0846,470,5.4-parent_child,PASS,,"parent_section_id is sec_0845 and child_sections is empty. On p465 the heading 'Country-Specific Default Settings' is a leaf section of its parent, with no sub-headings below it. The sampled page p470 is not the heading page.",
Philips-MP20-MP90-Manual,sec_0846,470,5.4-page_start_end,PASS,,The section starts with the heading 'Country-Specific Default Settings' (#/texts/8165) on p465 and its last content is on p470. page_start/page_end 465-470 match the render. The next heading starts in the next section.,
Philips-MP20-MP90-Manual,sec_0846,470,5.4-hierarchy_path,PASS,,"hierarchy_path ends with 'Country-Specific Default Settings'. This matches the heading on p465, and the ancestors match the page header and the chapter title in the render.",
Philips-MP20-MP90-Manual,sec_0846,470,5.4-gaps_duplicates,PASS,,"The nodes of this section (#/texts/8165 heading, #/tables/255-260) each appear once. No visible content of this section is missing or placed in a neighbour section on p470.",
Philips-MP20-MP90-Manual,sec_0846,470,5.4-flagged_for_review,PASS,,"flagged_for_review is false and verification_score is 100. The heading 'Country-Specific Default Settings' is at the expected place on p465 and the content is correct, so no flag is needed.",
Philips-MP20-MP90-Manual,sec_0846,470,5.4-structural_source,PASS,,"structural_source is toc. The heading 'Country-Specific Default Settings' (#/texts/8165) is visible on p465, so the bookmark title and page agree with the render.",
Philips-MP20-MP90-Manual,sec_0846,470,5.6-numbering_scheme,PASS,,Printed folios are arabic numbers (for example 453 on p465). numbering_scheme arabic is correct.,
Philips-MP20-MP90-Manual,sec_0846,470,5.6-offset_applied,PASS,,"page_start 465 is the physical page where the heading 'Country-Specific Default Settings' is rendered. The printed folio there is different, but the tree uses physical pages, so offset_applied 0 is consistent.",
Philips-MP20-MP90-Manual,sec_0846,470,5.6-table_content,PASS,,"The country table is one long table split over p465-470 (#/tables/255-260). The header row repeats only on p465. Sampled page p470: row text, values and order match the render (for example Afghanistan to Belgium on p465, Philippines to Tunisia on p469, Turkey to Zimbabwe on p470).",
Philips-MP20-MP90-Manual,sec_0846,470,5.5-filters_discarding,PASS,,"No figure, photo or icon is visible on the rendered page p470. images.json has no image for this section. Nothing meaningful was discarded.",
Philips-MP20-MP90-Manual,sec_0846,470,5.5-filters_passing_noise,PASS,,images.json has no image for this section. Nothing decorative was kept as an image on p470. The blue page header bar is not extracted as an image.,
Philips-MP20-MP90-Manual,sec_0846,470,5.5-image_section_mapping,PASS,,"No image is mapped to this section and none is visible on p470, so no mapping is wrong.",
Philips-MP20-MP90-Manual,sec_0849,473,5.4-hierarchy_level,PASS,,"On p472 the heading 'ECG, Arrhythmia, ST and QT Default Settings' (#/texts/8191) has the size of the other Default Settings section headings. hierarchy_level 2 fits as a child of the chapter sec_0845 (level 1). The sampled page p473 is not the heading page.",
Philips-MP20-MP90-Manual,sec_0849,473,5.4-parent_child,PASS,,"parent_section_id is sec_0845 and child_sections is empty. On p472 the heading 'ECG, Arrhythmia, ST and QT Default Settings' is a leaf section of its parent, with no sub-headings below it. The sampled page p473 is not the heading page.",
Philips-MP20-MP90-Manual,sec_0849,473,5.4-page_start_end,PASS,,"The section starts with the heading 'ECG, Arrhythmia, ST and QT Default Settings' (#/texts/8191) on p472 and its last content is on p474. page_start/page_end 472-474 match the render. The next heading starts in the next section.",
Philips-MP20-MP90-Manual,sec_0849,473,5.4-hierarchy_path,PASS,,"hierarchy_path ends with 'ECG, Arrhythmia, ST and QT Default Settings'. This matches the heading on p472, and the ancestors match the page header and the chapter title in the render.",
Philips-MP20-MP90-Manual,sec_0849,473,5.4-gaps_duplicates,PASS,,"The nodes of this section (#/texts/8191 heading, #/tables/262-267) each appear once. No visible content of this section is missing or placed in a neighbour section on p473.",
Philips-MP20-MP90-Manual,sec_0849,473,5.4-flagged_for_review,PASS,,"flagged_for_review is false and verification_score is 100. The heading 'ECG, Arrhythmia, ST and QT Default Settings' is at the expected place on p472 and the content is correct, so no flag is needed.",
Philips-MP20-MP90-Manual,sec_0849,473,5.4-structural_source,PASS,,"structural_source is toc. The heading 'ECG, Arrhythmia, ST and QT Default Settings' (#/texts/8191) is visible on p472, so the bookmark title and page agree with the render.",
Philips-MP20-MP90-Manual,sec_0849,473,5.6-numbering_scheme,PASS,,Printed folios are arabic numbers (for example 460 on p472). numbering_scheme arabic is correct.,
Philips-MP20-MP90-Manual,sec_0849,473,5.6-offset_applied,PASS,,"page_start 472 is the physical page where the heading 'ECG, Arrhythmia, ST and QT Default Settings' is rendered. The printed folio there is different, but the tree uses physical pages, so offset_applied 0 is consistent.",
Philips-MP20-MP90-Manual,sec_0849,473,5.6-table_content,PASS,,"The six tables (#/tables/262-267) match the render on p472-474. Merged cells show as blank cells, but each value stays on its row. For example ""Brady Clamp | 40 bpm | | 50 bpm | 40 bpm | 60 bpm | 80 bpm"" matches p472.",
Philips-MP20-MP90-Manual,sec_0849,473,5.5-filters_discarding,PASS,,"No figure, photo or icon is visible on the rendered page p473. images.json has no image for this section. Nothing meaningful was discarded.",
Philips-MP20-MP90-Manual,sec_0849,473,5.5-filters_passing_noise,PASS,,images.json has no image for this section. Nothing decorative was kept as an image on p473. The blue page header bar is not extracted as an image.,
Philips-MP20-MP90-Manual,sec_0849,473,5.5-image_section_mapping,PASS,,"No image is mapped to this section and none is visible on p473, so no mapping is wrong.",
Philips-MP20-MP90-Manual,sec_0850,475,5.4-hierarchy_level,PASS,,On p475 the heading 'Pulse Default Settings' (#/texts/8201) has the size of the other Default Settings section headings. hierarchy_level 2 fits as a child of the chapter sec_0845 (level 1).,
Philips-MP20-MP90-Manual,sec_0850,475,5.4-parent_child,PASS,,"parent_section_id is sec_0845 and child_sections is empty. On p475 the heading 'Pulse Default Settings' is a leaf section of its parent, with no sub-headings below it.",
Philips-MP20-MP90-Manual,sec_0850,475,5.4-page_start_end,PASS,,The section starts with the heading 'Pulse Default Settings' (#/texts/8201) on p475 and its last content is on p475. page_start/page_end 475-475 match the render. The next heading starts in the next section.,
Philips-MP20-MP90-Manual,sec_0850,475,5.4-hierarchy_path,PASS,,"hierarchy_path ends with 'Pulse Default Settings'. This matches the heading on p475, and the ancestors match the page header and the chapter title in the render.",
Philips-MP20-MP90-Manual,sec_0850,475,5.4-gaps_duplicates,PASS,,"The nodes of this section (#/texts/8201 heading, #/tables/268 and #/tables/269) each appear once. No visible content of this section is missing or placed in a neighbour section on p475.",
Philips-MP20-MP90-Manual,sec_0850,475,5.4-flagged_for_review,PASS,,"flagged_for_review is false and verification_score is 100. The heading 'Pulse Default Settings' is at the expected place on p475 and the content is correct, so no flag is needed.",
Philips-MP20-MP90-Manual,sec_0850,475,5.4-structural_source,PASS,,"structural_source is toc. The heading 'Pulse Default Settings' (#/texts/8201) is visible on p475, so the bookmark title and page agree with the render.",
Philips-MP20-MP90-Manual,sec_0850,475,5.6-numbering_scheme,PASS,,Printed folios are arabic numbers (for example 463 on p475). numbering_scheme arabic is correct.,
Philips-MP20-MP90-Manual,sec_0850,475,5.6-offset_applied,PASS,,"page_start 475 is the physical page where the heading 'Pulse Default Settings' is rendered. The printed folio there is different, but the tree uses physical pages, so offset_applied 0 is consistent.",
Philips-MP20-MP90-Manual,sec_0850,475,5.6-table_content,PASS,,"Tables #/tables/268 and #/tables/269 match the render on p475 row by row, for example ""Brady Clamp | 40 bpm | 40 bpm | 50 bpm | 40 | 60 | 80"". Merged cells are blank but values stay on the right row.",
Philips-MP20-MP90-Manual,sec_0850,475,5.5-filters_discarding,PASS,,"No figure, photo or icon is visible on the rendered page p475. images.json has no image for this section. Nothing meaningful was discarded.",
Philips-MP20-MP90-Manual,sec_0850,475,5.5-filters_passing_noise,PASS,,images.json has no image for this section. Nothing decorative was kept as an image on p475. The blue page header bar is not extracted as an image.,
Philips-MP20-MP90-Manual,sec_0850,475,5.5-image_section_mapping,PASS,,"No image is mapped to this section and none is visible on p475, so no mapping is wrong.",
Philips-MP20-MP90-Manual,sec_0852,476,5.4-hierarchy_level,PASS,,On p476 the heading 'SpO2 Default Settings' (#/texts/8207) has the size of the other Default Settings section headings. hierarchy_level 2 fits as a child of the chapter sec_0845 (level 1).,
Philips-MP20-MP90-Manual,sec_0852,476,5.4-parent_child,PASS,,"parent_section_id is sec_0845 and child_sections is empty. On p476 the heading 'SpO2 Default Settings' is a leaf section of its parent, with no sub-headings below it.",
Philips-MP20-MP90-Manual,sec_0852,476,5.4-page_start_end,PASS,,The section starts with the heading 'SpO2 Default Settings' (#/texts/8207) on p476 and its last content is on p476. page_start/page_end 476-476 match the render. The next heading starts in the next section.,
Philips-MP20-MP90-Manual,sec_0852,476,5.4-hierarchy_path,PASS,,"hierarchy_path ends with 'SpO2 Default Settings'. This matches the heading on p476, and the ancestors match the page header and the chapter title in the render.",
Philips-MP20-MP90-Manual,sec_0852,476,5.4-gaps_duplicates,PASS,,"The nodes of this section (#/texts/8207 heading, #/tables/271 and #/tables/272) each appear once. No visible content of this section is missing or placed in a neighbour section on p476.",
Philips-MP20-MP90-Manual,sec_0852,476,5.4-flagged_for_review,PASS,,"flagged_for_review is false and verification_score is 100. The heading 'SpO2 Default Settings' is at the expected place on p476 and the content is correct, so no flag is needed.",
Philips-MP20-MP90-Manual,sec_0852,476,5.4-structural_source,PASS,,"structural_source is toc. The heading 'SpO2 Default Settings' (#/texts/8207) is visible on p476, so the bookmark title and page agree with the render.",
Philips-MP20-MP90-Manual,sec_0852,476,5.6-numbering_scheme,PASS,,Printed folios are arabic numbers (for example 464 on p476). numbering_scheme arabic is correct.,
Philips-MP20-MP90-Manual,sec_0852,476,5.6-offset_applied,PASS,,"page_start 476 is the physical page where the heading 'SpO2 Default Settings' is rendered. The printed folio there is different, but the tree uses physical pages, so offset_applied 0 is consistent.",
Philips-MP20-MP90-Manual,sec_0852,476,5.6-table_content,PASS,,"Tables #/tables/271 and #/tables/272 match the render on p476. All rows and values are kept, including ""Desat Limit | 80 | 80 | 80"" and the Pulse Settings group.",
Philips-MP20-MP90-Manual,sec_0852,476,5.5-filters_discarding,PASS,,"No figure, photo or icon is visible on the rendered page p476. images.json has no image for this section. Nothing meaningful was discarded.",
Philips-MP20-MP90-Manual,sec_0852,476,5.5-filters_passing_noise,PASS,,images.json has no image for this section. Nothing decorative was kept as an image on p476. The blue page header bar is not extracted as an image.,
Philips-MP20-MP90-Manual,sec_0852,476,5.5-image_section_mapping,PASS,,"No image is mapped to this section and none is visible on p476, so no mapping is wrong.",
Philips-MP20-MP90-Manual,sec_0855,479,5.4-hierarchy_level,PASS,,On p477 the heading 'Invasive Pressure Default Settings' (#/texts/8213) has the size of the other Default Settings section headings. hierarchy_level 2 fits as a child of the chapter sec_0845 (level 1). The sampled page p479 is not the heading page.,
Philips-MP20-MP90-Manual,sec_0855,479,5.4-parent_child,PASS,,"parent_section_id is sec_0845 and child_sections is empty. On p477 the heading 'Invasive Pressure Default Settings' is a leaf section of its parent, with no sub-headings below it. The sampled page p479 is not the heading page.",
Philips-MP20-MP90-Manual,sec_0855,479,5.4-page_start_end,PASS,,The section starts with the heading 'Invasive Pressure Default Settings' (#/texts/8213) on p477 and its last content is on p479. page_start/page_end 477-479 match the render. The next heading starts in the next section.,
Philips-MP20-MP90-Manual,sec_0855,479,5.4-hierarchy_path,PASS,,"hierarchy_path ends with 'Invasive Pressure Default Settings'. This matches the heading on p477, and the ancestors match the page header and the chapter title in the render.",
Philips-MP20-MP90-Manual,sec_0855,479,5.4-gaps_duplicates,PASS,,"The nodes of this section (#/texts/8213 heading, #/tables/275-279) each appear once. No visible content of this section is missing or placed in a neighbour section on p479.",
Philips-MP20-MP90-Manual,sec_0855,479,5.4-flagged_for_review,PASS,,"flagged_for_review is false and verification_score is 100. The heading 'Invasive Pressure Default Settings' is at the expected place on p477 and the content is correct, so no flag is needed.",
Philips-MP20-MP90-Manual,sec_0855,479,5.4-structural_source,PASS,,"structural_source is toc. The heading 'Invasive Pressure Default Settings' (#/texts/8213) is visible on p477, so the bookmark title and page agree with the render.",
Philips-MP20-MP90-Manual,sec_0855,479,5.6-numbering_scheme,PASS,,Printed folios are arabic numbers (for example 467 on p477). numbering_scheme arabic is correct.,
Philips-MP20-MP90-Manual,sec_0855,479,5.6-offset_applied,PASS,,"page_start 477 is the physical page where the heading 'Invasive Pressure Default Settings' is rendered. The printed folio there is different, but the tree uses physical pages, so offset_applied 0 is consistent.",
Philips-MP20-MP90-Manual,sec_0855,479,5.6-table_content,PASS,,"On p479 the tables #/tables/278 (PAP) and #/tables/279 (ICP, IC1, IC2) match the render row by row, for example ""High Clamp | 45/20 (25) | 65/5 (35) | 65/5 (35)"". Merged cells are blank but values stay on the right row.",
Philips-MP20-MP90-Manual,sec_0855,479,5.5-filters_discarding,PASS,,"No figure, photo or icon is visible on the rendered page p479. images.json has no image for this section. Nothing meaningful was discarded.",
Philips-MP20-MP90-Manual,sec_0855,479,5.5-filters_passing_noise,PASS,,images.json has no image for this section. Nothing decorative was kept as an image on p479. The blue page header bar is not extracted as an image.,
Philips-MP20-MP90-Manual,sec_0855,479,5.5-image_section_mapping,PASS,,"No image is mapped to this section and none is visible on p479, so no mapping is wrong.",
Philips-MP20-MP90-Manual,sec_0856,480,5.4-hierarchy_level,PASS,,On p480 the heading 'Cardiac Output Default Settings' (#/texts/8223) has the size of the other Default Settings section headings. hierarchy_level 2 fits as a child of the chapter sec_0845 (level 1).,
Philips-MP20-MP90-Manual,sec_0856,480,5.4-parent_child,PASS,,"parent_section_id is sec_0845 and child_sections is empty. On p480 the heading 'Cardiac Output Default Settings' is a leaf section of its parent, with no sub-headings below it.",
Philips-MP20-MP90-Manual,sec_0856,480,5.4-page_start_end,PASS,,The section starts with the heading 'Cardiac Output Default Settings' (#/texts/8223) on p480 and its last content is on p480. page_start/page_end 480-480 match the render. The next heading starts in the next section.,
Philips-MP20-MP90-Manual,sec_0856,480,5.4-hierarchy_path,PASS,,"hierarchy_path ends with 'Cardiac Output Default Settings'. This matches the heading on p480, and the ancestors match the page header and the chapter title in the render.",
Philips-MP20-MP90-Manual,sec_0856,480,5.4-gaps_duplicates,PASS,,"The nodes of this section (#/texts/8223 heading, #/tables/280 and #/tables/281) each appear once. No visible content of this section is missing or placed in a neighbour section on p480.",
Philips-MP20-MP90-Manual,sec_0856,480,5.4-flagged_for_review,PASS,,"flagged_for_review is false and verification_score is 100. The heading 'Cardiac Output Default Settings' is at the expected place on p480 and the content is correct, so no flag is needed.",
Philips-MP20-MP90-Manual,sec_0856,480,5.4-structural_source,PASS,,"structural_source is toc. The heading 'Cardiac Output Default Settings' (#/texts/8223) is visible on p480, so the bookmark title and page agree with the render.",
Philips-MP20-MP90-Manual,sec_0856,480,5.6-numbering_scheme,PASS,,Printed folios are arabic numbers (for example 468 on p480). numbering_scheme arabic is correct.,
Philips-MP20-MP90-Manual,sec_0856,480,5.6-offset_applied,PASS,,"page_start 480 is the physical page where the heading 'Cardiac Output Default Settings' is rendered. The printed folio there is different, but the tree uses physical pages, so offset_applied 0 is consistent.",
Philips-MP20-MP90-Manual,sec_0856,480,5.6-table_content,PASS,,"Tables #/tables/280 and #/tables/281 match the render on p480. Values such as ""CCO High Limit | 8.5 l/min | 3.7 l/min | 1.3 l/min"" and the CCO and CCI group rows are kept.",
Philips-MP20-MP90-Manual,sec_0856,480,5.5-filters_discarding,PASS,,"No figure, photo or icon is visible on the rendered page p480. images.json has no image for this section. Nothing meaningful was discarded.",
Philips-MP20-MP90-Manual,sec_0856,480,5.5-filters_passing_noise,PASS,,images.json has no image for this section. Nothing decorative was kept as an image on p480. The blue page header bar is not extracted as an image.,
Philips-MP20-MP90-Manual,sec_0856,480,5.5-image_section_mapping,PASS,,"No image is mapped to this section and none is visible on p480, so no mapping is wrong.",
Philips-MP20-MP90-Manual,sec_0860,482,5.4-hierarchy_level,PASS,,On p482 the heading 'SO2 Default Settings' (#/texts/8233) has the size of the other Default Settings section headings. hierarchy_level 2 fits as a child of the chapter sec_0845 (level 1).,
Philips-MP20-MP90-Manual,sec_0860,482,5.4-parent_child,PASS,,"parent_section_id is sec_0845 and child_sections is empty. On p482 the heading 'SO2 Default Settings' is a leaf section of its parent, with no sub-headings below it.",
Philips-MP20-MP90-Manual,sec_0860,482,5.4-page_start_end,PASS,,The section starts with the heading 'SO2 Default Settings' (#/texts/8233) on p482 and its last content is on p482. page_start/page_end 482-482 match the render. The next heading starts in the next section.,
Philips-MP20-MP90-Manual,sec_0860,482,5.4-hierarchy_path,PASS,,"hierarchy_path ends with 'SO2 Default Settings'. This matches the heading on p482, and the ancestors match the page header and the chapter title in the render.",
Philips-MP20-MP90-Manual,sec_0860,482,5.4-gaps_duplicates,PASS,,"The nodes of this section (#/texts/8233 heading, #/tables/287) each appear once. No visible content of this section is missing or placed in a neighbour section on p482.",
Philips-MP20-MP90-Manual,sec_0860,482,5.4-flagged_for_review,PASS,,"flagged_for_review is false and verification_score is 100. The heading 'SO2 Default Settings' is at the expected place on p482 and the content is correct, so no flag is needed.",
Philips-MP20-MP90-Manual,sec_0860,482,5.4-structural_source,PASS,,"structural_source is toc. The heading 'SO2 Default Settings' (#/texts/8233) is visible on p482, so the bookmark title and page agree with the render.",
Philips-MP20-MP90-Manual,sec_0860,482,5.6-numbering_scheme,PASS,,Printed folios are arabic numbers (for example 470 on p482). numbering_scheme arabic is correct.,
Philips-MP20-MP90-Manual,sec_0860,482,5.6-offset_applied,PASS,,"page_start 482 is the physical page where the heading 'SO2 Default Settings' is rendered. The printed folio there is different, but the tree uses physical pages, so offset_applied 0 is consistent.",
Philips-MP20-MP90-Manual,sec_0860,482,5.6-table_content,PASS,,"Table #/tables/287 matches the render on p482: Low Limit 70%, High Limit 80%, Alarms On, Light Intensity On, Color Yellow, Hb/Hct Entry, Factor Entry.",
Philips-MP20-MP90-Manual,sec_0860,482,5.5-filters_discarding,PASS,,"No figure, photo or icon is visible on the rendered page p482. images.json has no image for this section. Nothing meaningful was discarded.",
Philips-MP20-MP90-Manual,sec_0860,482,5.5-filters_passing_noise,PASS,,images.json has no image for this section. Nothing decorative was kept as an image on p482. The blue page header bar is not extracted as an image.,
Philips-MP20-MP90-Manual,sec_0860,482,5.5-image_section_mapping,PASS,,"No image is mapped to this section and none is visible on p482, so no mapping is wrong.",
Philips-MP20-MP90-Manual,sec_0865,488,5.4-hierarchy_level,PASS,,"On p484 the heading 'VueLink Default Settings' (#/texts/8244) has the size of the other Default Settings section headings. hierarchy_level 2 fits as a child of the chapter sec_0845 (level 1). Sampled p488 is outside the section (index page), so this check uses the heading on p484.",
Philips-MP20-MP90-Manual,sec_0865,488,5.4-parent_child,PASS,,"parent_section_id is sec_0845 and child_sections is empty. On p484 the heading 'VueLink Default Settings' is a leaf section of its parent, with no sub-headings below it. Sampled p488 is outside the section (index page), so this check uses the heading on p484.",
Philips-MP20-MP90-Manual,sec_0865,488,5.4-page_start_end,PASS,,"Page p488 is an index page (running folio 'iv', entries from 'display' to 'event snapshots'). It is outside this section: page_end is 484 and the VueLink heading, #/tables/293 and folio 472 are all on p484. The VueLink boundary itself is correct; this page is not absorbed.",Pages after p484 are not in this section. See 5.4-gaps_duplicates for the missing index.
Philips-MP20-MP90-Manual,sec_0865,488,5.4-hierarchy_path,PASS,,"hierarchy_path ends with 'VueLink Default Settings'. This matches the heading on p484, and the ancestors match the page header and the chapter title in the render. Sampled p488 is outside the section (index page), so this check uses the heading on p484.",
Philips-MP20-MP90-Manual,sec_0865,488,5.4-gaps_duplicates,PASS,,"The index pages p485 to p496 are in no section. They have no bookmark and are back matter, so this is the intended exclusion (run.log: 'unbookmarked index from page 485'). No node is duplicated. sec_0865 holds only the VueLink nodes.","Lead change: FAIL Critical to PASS, the same result as the approved v2.15 row. The index is left out of the tree on purpose (BUG-002 fix); open design decision 3 recommends PASS for these rows."
Philips-MP20-MP90-Manual,sec_0865,488,5.4-flagged_for_review,PASS,,"flagged_for_review is false and verification_score is 100. The heading 'VueLink Default Settings' is at the expected place on p484 and the content is correct, so no flag is needed. Sampled p488 is outside the section (index page), so this check uses the heading on p484.",
Philips-MP20-MP90-Manual,sec_0865,488,5.4-structural_source,PASS,,"structural_source is toc. The heading 'VueLink Default Settings' (#/texts/8244) is visible on p484, so the bookmark title and page agree with the render. Sampled p488 is outside the section (index page), so this check uses the heading on p484.",
Philips-MP20-MP90-Manual,sec_0865,488,5.6-numbering_scheme,PASS,,"The section pages (p484) use arabic folio 472, so arabic is correct for the section. The sampled p488 is outside the section and shows roman folio 'iv'. Index folios are not represented in the tree because no section covers them.","Roman folio scheme of the index is part of the missing back matter, see the gaps_duplicates row."
Philips-MP20-MP90-Manual,sec_0865,488,5.6-offset_applied,PASS,,"offset_applied 0 is correct for the section (physical p484, folio 472). Sampled p488 is outside the section, so no offset can be judged there. Its folio 'iv' is roman.",
Philips-MP20-MP90-Manual,sec_0865,488,5.6-table_content,PASS,,"Page p488 has no table, only index text. The section's own table #/tables/293 on p484 matches the render: Device Alarms Ignored, Color Green.",
Philips-MP20-MP90-Manual,sec_0865,488,5.5-filters_discarding,PASS,,"Page p488 shows only index text and the blue header bar. No figure or icon is visible. images.json has no image for this section, so there is nothing lost, kept as noise or mis-mapped.",
Philips-MP20-MP90-Manual,sec_0865,488,5.5-filters_passing_noise,PASS,,"Page p488 shows only index text and the blue header bar. No figure or icon is visible. images.json has no image for this section, so there is nothing lost, kept as noise or mis-mapped.",
Philips-MP20-MP90-Manual,sec_0865,488,5.5-image_section_mapping,PASS,,"Page p488 shows only index text and the blue header bar. No figure or icon is visible. images.json has no image for this section, so there is nothing lost, kept as noise or mis-mapped.",
