manual_id,section_id,page_sampled,checklist_ref,result,severity,evidence,notes
Philips-MP20-MP90-Manual,sec_0001,13,5.4-hierarchy_level,PASS,,On p13 'Basic Operation' is the big chapter title with the number 1. It matches hierarchy_level 1.,
Philips-MP20-MP90-Manual,sec_0001,13,5.4-parent_child,PASS,,sec_0001 is a root (parent null). Its first child sec_0002 starts on the same p13 under 'Introducing the IntelliVue Family'. This is coherent.,
Philips-MP20-MP90-Manual,sec_0001,13,5.4-page_start_end,PASS,,"sec_0001 starts on p13 with the chapter title (#/texts/22). Its 11 nodes #/texts/20-30 are the title and intro text above 'Introducing the IntelliVue Family'. The last child sec_0092 ends on p56, and p56 is a half-empty last page, so page_end 56 is right.",
Philips-MP20-MP90-Manual,sec_0001,13,5.4-hierarchy_path,PASS,,hierarchy_path '/Basic Operation' is correct for a chapter at the root.,
Philips-MP20-MP90-Manual,sec_0001,13,5.4-gaps_duplicates,PASS,,The intro text on p13 appears once in sec_0001. The heading 'Introducing the IntelliVue Family' and its paragraph are in sec_0002. No gap or duplicate seen.,
Philips-MP20-MP90-Manual,sec_0001,13,5.4-flagged_for_review,PASS,,sec_0001 is not flagged and verification_score is 100.0. The chapter title is on p13 as expected.,
Philips-MP20-MP90-Manual,sec_0001,13,5.4-structural_source,PASS,,structural_source is 'toc'. The chapter title is on the bookmark page p13.,
Philips-MP20-MP90-Manual,sec_0001,13,5.6-numbering_scheme,PASS,,"numbering_scheme is 'arabic'. The folio on p13 is the arabic '1', and p56 shows '44'. This is correct.",
Philips-MP20-MP90-Manual,sec_0001,13,5.6-offset_applied,PASS,,"offset_applied is 0. The chapter title is on the bookmark page p13, so this is plausible.",
Philips-MP20-MP90-Manual,sec_0001,13,5.5-filters_discarding,PASS,,"p13 has no photo or diagram, only text and a blue rule. No image was extracted and none is missing. p56 also has no figure.",
Philips-MP20-MP90-Manual,sec_0001,13,5.5-filters_passing_noise,PASS,,No image is mapped to sec_0001. The blue rule under the chapter number was not kept as an image.,
Philips-MP20-MP90-Manual,sec_0001,13,5.5-image_section_mapping,PASS,,"No image belongs to sec_0001 on p13. The pages have no figures, so there is nothing to map.",
Philips-MP20-MP90-Manual,sec_0002,13,5.4-hierarchy_level,PASS,,On p13 'Introducing the IntelliVue Family' is a section heading below the chapter title. It matches hierarchy_level 2.,
Philips-MP20-MP90-Manual,sec_0002,13,5.4-parent_child,PASS,,Parent sec_0001 is the chapter 'Basic Operation'. Its 11 children sec_0003-sec_0013 are the monitor topics that follow. This is coherent.,
Philips-MP20-MP90-Manual,sec_0002,13,5.4-page_start_end,PASS,,"sec_0002 starts on p13 at the heading (#/texts/31) and its paragraph (#/texts/32). The last child sec_0013 ends on p21 with the docking legend list 1-5. The next heading 'Devices for Acquiring Measurements' starts on p21, so page_end 21 is right.","Old problem (BUG-023, v2.4, seen on sec_0013): now fixed. The p20 and p21 content is in the right children now. See sec_0013 rows."
Philips-MP20-MP90-Manual,sec_0002,13,5.4-hierarchy_path,PASS,,hierarchy_path '/Basic Operation/Introducing the IntelliVue Family' is correct.,
Philips-MP20-MP90-Manual,sec_0002,13,5.4-gaps_duplicates,PASS,,"The p13 text is in sec_0002 once. The page folio '1' (#/texts/33) is in sec_0002, which is boilerplate on its own page. The children sec_0003-sec_0013 follow in order without gaps.",
Philips-MP20-MP90-Manual,sec_0002,13,5.4-flagged_for_review,PASS,,sec_0002 is not flagged and verification_score is 100.0. The heading is on p13 as expected.,
Philips-MP20-MP90-Manual,sec_0002,13,5.4-structural_source,PASS,,structural_source is 'toc'. The heading is on the bookmark page p13.,
Philips-MP20-MP90-Manual,sec_0002,13,5.6-numbering_scheme,PASS,,"numbering_scheme is 'arabic'. The printed folio on this page is a plain arabic number, so this is correct.",
Philips-MP20-MP90-Manual,sec_0002,13,5.6-offset_applied,PASS,,"offset_applied is 0, the same as sec_0001. The heading is on the bookmark page p13, so this is plausible.",
Philips-MP20-MP90-Manual,sec_0002,13,5.5-filters_discarding,PASS,,p13 has no figure under this heading. The photos in the children (for example p19 and p20) are extracted and mapped to the children.,
Philips-MP20-MP90-Manual,sec_0002,13,5.5-filters_passing_noise,PASS,,No image is mapped directly to sec_0002. No logo or rule was kept as an image.,
Philips-MP20-MP90-Manual,sec_0002,13,5.5-image_section_mapping,PASS,,"No image on p13 belongs to sec_0002. The p21 FMS photo (img_0014) is in sec_0015, which is the correct deepest section.",
Philips-MP20-MP90-Manual,sec_0012,20,5.4-hierarchy_level,PASS,,On p20 the heading 'Remote Alarm Device' is styled as a level 3 heading. It matches hierarchy_level 3.,
Philips-MP20-MP90-Manual,sec_0012,20,5.4-parent_child,PASS,,sec_0012 has parent sec_0002 ('Introducing the IntelliVue Family') and no children. This matches the heading nesting on the page.,
Philips-MP20-MP90-Manual,sec_0012,20,5.4-page_start_end,PASS,,The heading is at the bottom of p19 and the photo with legend 1-5 is at the top of p20. sec_0012 holds #/texts/195-199 (legend) and the callout digits #/texts/180-184. The 'Docking Station' heading on p20 starts sec_0013. page_start 19 and page_end 20 are right.,"Old problem (BUG-023, v2.4, seen on sec_0013): now fixed. The Remote Alarm Device legend is in sec_0012."
Philips-MP20-MP90-Manual,sec_0012,20,5.4-hierarchy_path,PASS,,hierarchy_path '/Basic Operation/Introducing the IntelliVue Family/Remote Alarm Device' follows the real heading order.,
Philips-MP20-MP90-Manual,sec_0012,20,5.4-gaps_duplicates,PASS,,"The legend lines 1 to 5 (#/texts/195-199) appear once, in sec_0012. They are not repeated in sec_0013. No gap or duplicate seen.","Old problem (BUG-023, v2.4, seen on sec_0013): now fixed. The legend moved from sec_0013 to sec_0012."
Philips-MP20-MP90-Manual,sec_0012,20,5.4-flagged_for_review,PASS,,"sec_0012 is not flagged (verification_score 100.0). The heading is on the expected page, so no flag is needed.",
Philips-MP20-MP90-Manual,sec_0012,20,5.4-structural_source,PASS,,structural_source is 'toc'. The heading 'Remote Alarm Device' is on the page of its bookmark.,
Philips-MP20-MP90-Manual,sec_0012,20,5.6-numbering_scheme,PASS,,"numbering_scheme is 'arabic'. The printed folio on this page is a plain arabic number, so this is correct.",
Philips-MP20-MP90-Manual,sec_0012,20,5.6-offset_applied,PASS,,"offset_applied is 0, the same as the neighbours. The heading 'Remote Alarm Device' is on the bookmark page, so the offset is plausible.",
Philips-MP20-MP90-Manual,sec_0012,20,5.5-filters_discarding,PASS,,"The Remote Alarm Device picture with callouts 1-5 on p20 is extracted as img_0013 (origin vector, 316x428). The figure is complete.",verify_claims flags a raster photo (257x397 px) on p20 as not in images_v1.json. I checked img_0013: it is a render of that page region and shows the whole photo with callouts 1-5. So the figure is not lost; the signal is a false alarm.
Philips-MP20-MP90-Manual,sec_0012,20,5.5-filters_passing_noise,PASS,,Only img_0013 (the alarm device picture) is mapped here. No logo or rule is kept. The PHILIPS text on the device is part of the picture.,
Philips-MP20-MP90-Manual,sec_0012,20,5.5-image_section_mapping,PASS,,img_0013 is the picture under the 'Remote Alarm Device' heading and it is mapped to sec_0012. This is correct. The docking photo img_0012 is in sec_0013.,
Philips-MP20-MP90-Manual,sec_0022,27,5.4-hierarchy_level,PASS,,On p27 the heading 'X2 Left Side' is styled as a level 4 heading. It matches hierarchy_level 4.,
Philips-MP20-MP90-Manual,sec_0022,27,5.4-parent_child,PASS,,sec_0022 has parent sec_0018 ('X2 Multi-Measurement Module (M3002A)') and no children. This matches the heading nesting on the page.,
Philips-MP20-MP90-Manual,sec_0022,27,5.4-page_start_end,PASS,,"On p27 'X2 Left Side' (#/texts/389) is at the top. sec_0022 holds the digits, legend 1-2 and the paragraph 'Depending on the monitor model...' (#/texts/390-394). The heading 'MMS Extensions' below starts sec_0023. page_start 27 and page_end 27 are right.",
Philips-MP20-MP90-Manual,sec_0022,27,5.4-hierarchy_path,PASS,,hierarchy_path '/Basic Operation/Devices for Acquiring Measurements/X2 Multi-Measurement Module (M3002A)/X2 Left Side' follows the real heading order.,
Philips-MP20-MP90-Manual,sec_0022,27,5.4-gaps_duplicates,PASS,,The legend lines 1 and 2 and the paragraph appear once in sec_0022. The MMS Extensions text is in sec_0023. No gap or duplicate seen.,
Philips-MP20-MP90-Manual,sec_0022,27,5.4-flagged_for_review,PASS,,"sec_0022 is not flagged (verification_score 100.0). The heading is on the expected page, so no flag is needed.",
Philips-MP20-MP90-Manual,sec_0022,27,5.4-structural_source,PASS,,structural_source is 'toc'. The heading 'X2 Left Side' is on the page of its bookmark.,
Philips-MP20-MP90-Manual,sec_0022,27,5.6-numbering_scheme,PASS,,"numbering_scheme is 'arabic'. The printed folio on this page is a plain arabic number, so this is correct.",
Philips-MP20-MP90-Manual,sec_0022,27,5.6-offset_applied,PASS,,"offset_applied is 0, the same as the neighbours. The heading 'X2 Left Side' is on the bookmark page, so the offset is plausible.",
Philips-MP20-MP90-Manual,sec_0022,27,5.5-filters_discarding,PASS,,"Both photos on p27 are extracted: the X2 left side (img_0028, 315x354) and the monitor with the mounted module (img_0027, 167x271). Nothing is missing.",
Philips-MP20-MP90-Manual,sec_0022,27,5.5-filters_passing_noise,PASS,,Only the two photos are kept for sec_0022. No logo or rule was kept.,
Philips-MP20-MP90-Manual,sec_0022,27,5.5-image_section_mapping,PASS,,img_0027 and img_0028 are above the 'MMS Extensions' heading and are mapped to sec_0022. This is correct.,
Philips-MP20-MP90-Manual,sec_0036,34,5.4-hierarchy_level,PASS,,"On p34 'Permanent Keys' is a small bold heading under 'Using Keys', which is under 'Operating and Navigating'. Level 4 fits. hierarchy_level 4 matches.",
Philips-MP20-MP90-Manual,sec_0036,34,5.4-parent_child,PASS,,"parent_section_id is sec_0035 'Using Keys', which is the heading above it in the document. It has no children. Its sibling sec_0037 'SmartKeys' is also level 4 on p35.",
Philips-MP20-MP90-Manual,sec_0036,34,5.4-page_start_end,PASS,,"p34: heading #/texts/524 and intro #/texts/525 are present. p35: the four key items #/texts/530 to #/texts/533 (Pause Alarms, Silence, Main Screen, Main Setup) are now in this section. 'SmartKeys' heading #/texts/529 starts sec_0037. The p35 running header #/texts/527-528 is inside the page range.","Old problem (BUG-023, v2): now fixed."
Philips-MP20-MP90-Manual,sec_0036,34,5.4-hierarchy_path,PASS,,hierarchy_path ends with 'Permanent Keys' and lists the same ancestors as the headings seen in the PDF.,
Philips-MP20-MP90-Manual,sec_0036,34,5.4-gaps_duplicates,PASS,,"'Permanent Keys' appears once in the tree (page_start 34, page_end 35). The heading is printed once on its page. No overlap with the neighbours was seen.",
Philips-MP20-MP90-Manual,sec_0036,34,5.4-flagged_for_review,PASS,,"flagged_for_review is false and verification_score is 100. The heading 'Permanent Keys' is visible on the rendered page, so no flag is needed.",
Philips-MP20-MP90-Manual,sec_0036,34,5.4-structural_source,PASS,,structural_source is 'toc'. The PDF has bookmarks and the heading is at the bookmarked page.,
Philips-MP20-MP90-Manual,sec_0036,34,5.6-numbering_scheme,PASS,,"numbering_scheme is 'arabic'. The printed folios are arabic numbers, so this is correct.",
Philips-MP20-MP90-Manual,sec_0036,34,5.6-offset_applied,PASS,,offset_applied is 0. The bookmark page equals the physical page (34) where the heading is seen.,
Philips-MP20-MP90-Manual,sec_0036,34,5.5-filters_discarding,FAIL,Low,"On p35 four small key icons (about 55 px wide) are printed left of Pause Alarms, Silence, Main Screen and Main Setup. None of them is in images.json. The text of each key is in sec_0036.",Probably the small-image filter (BUG-017 / BUG-020). Not confirmed. Graded Low by the agreed rule for small icons. No old FAIL for this row.
Philips-MP20-MP90-Manual,sec_0036,34,5.5-filters_passing_noise,PASS,,No image is mapped to sec_0036. The only image on p34 (img_0037) is a product photo and belongs to sec_0032.,
Philips-MP20-MP90-Manual,sec_0036,34,5.5-image_section_mapping,PASS,,"On p34 the navigation point photo img_0037 is now mapped to sec_0032 'Using the Navigation Point', whose legend surrounds it. No image is mapped to sec_0036.","Old problem (BUG-003, v2): now fixed. Outside this section: img_0037 has no callout numbers 1 to 5; that belongs to sec_0032."
Philips-MP20-MP90-Manual,sec_0047,42,5.4-hierarchy_level,PASS,,"On p41 this is a large heading, same size as 'Using the XDS Remote Display' on p42. Level 2 under 'Basic Operation' fits. hierarchy_level 2 matches.",
Philips-MP20-MP90-Manual,sec_0047,42,5.4-parent_child,PASS,,"parent_section_id is sec_0001 'Basic Operation', which is the heading above it in the document. It has no children and no sub-heading is printed in it.",
Philips-MP20-MP90-Manual,sec_0047,42,5.4-page_start_end,FAIL,Critical,"On p41, nodes #/texts/670 to #/texts/676 ('Change Screen', '6 Waves A', 'Split Screen A', 'Loops', 'Cardiac Output', 'Vital Signs A', 'Vital Signs A*') are the labels inside the Change Screen dialog screenshot. That figure is printed above the heading 'Connecting Additional Displays to the Monitor'. These labels belong to the previous section, not to sec_0047. The rest of the section (heading #/texts/660 to the p42 text before 'Using the XDS Remote Display') is correct.","Lead check: on p41 the Change Screen dialog is printed beside the sec_0046 text, above the sec_0047 heading. Its labels #/texts/670-676 come after the heading in reading order and land in sec_0047. Cause: BUG-023. Critical by the Sprint table (nodes in the wrong section). The labels are figure text only, so the human may weigh this lower."
Philips-MP20-MP90-Manual,sec_0047,42,5.4-hierarchy_path,PASS,,hierarchy_path ends with 'Connecting Additional Displays to the Monitor' and lists the same ancestors as the headings seen in the PDF.,
Philips-MP20-MP90-Manual,sec_0047,42,5.4-gaps_duplicates,FAIL,Critical,"On p41 the labels of the Change Screen dialog (#/texts/670-676) are stored in sec_0047. The dialog is printed with the sec_0046 text, above the sec_0047 heading. sec_0046 has none of these labels, so its coverage has a gap.","Lead change: PASS to FAIL Critical. Same defect as the 5.4-page_start_end row (BUG-023). The contract grades both rows for nodes in the wrong section, as in b01, b06 and b13."
Philips-MP20-MP90-Manual,sec_0047,42,5.4-flagged_for_review,PASS,,"flagged_for_review is false and verification_score is 100. The heading 'Connecting Additional Displays to the Monitor' is visible on the rendered page, so no flag is needed.",
Philips-MP20-MP90-Manual,sec_0047,42,5.4-structural_source,PASS,,structural_source is 'toc'. The PDF has bookmarks and the heading is at the bookmarked page.,
Philips-MP20-MP90-Manual,sec_0047,42,5.6-numbering_scheme,PASS,,"numbering_scheme is 'arabic'. The printed folios are arabic numbers, so this is correct.",
Philips-MP20-MP90-Manual,sec_0047,42,5.6-offset_applied,PASS,,offset_applied is 0. The bookmark page equals the physical page (41) where the heading is seen.,
Philips-MP20-MP90-Manual,sec_0047,42,5.5-filters_discarding,PASS,,The Change Screen dialog image img_0039 is on p41 above the heading. It belongs to the previous section. sec_0047 has no figure of its own on p41 or p42.,
Philips-MP20-MP90-Manual,sec_0047,42,5.5-filters_passing_noise,PASS,,No image is mapped to sec_0047. No decoration was kept.,
Philips-MP20-MP90-Manual,sec_0047,42,5.5-image_section_mapping,PASS,,"img_0039 is on p41 and is mapped to sec_0046, the section whose text describes the Change Screen menu. It is not mapped to sec_0047. This is correct.",The matching dialog labels are in sec_0047 (see the page_start_end row).
Philips-MP20-MP90-Manual,sec_0073,49,5.4-hierarchy_level,PASS,,"On p49, 'Resolving Label Conflicts' is a bold sub-heading, the same style as 'About Label Sets' under chapter heading 'Using Labels' on p48. hierarchy_level=3 agrees with this.",
Philips-MP20-MP90-Manual,sec_0073,49,5.4-parent_child,PASS,,"Parent sec_0070 'Using Labels' (p48-50) is the bigger heading above it. sec_0073 has no children, and none are visible. This matches parent_section_id=sec_0070.",
Philips-MP20-MP90-Manual,sec_0073,49,5.4-page_start_end,PASS,,"The section starts at the heading on p48 and ends on p50. Page 49 is the middle page. All p49 nodes (#/texts/846 to #/texts/894: caption, bullets, screenshot labels, folio 37) belong to it.",
Philips-MP20-MP90-Manual,sec_0073,49,5.4-hierarchy_path,PASS,,"hierarchy_path '/Basic Operation/Using Labels/Resolving Label Conflicts' lists the real ancestors in order, as seen in the headings around p49.",
Philips-MP20-MP90-Manual,sec_0073,49,5.4-gaps_duplicates,PASS,,"No node is missing or repeated. Figure labels (e.g. #/texts/859 to #/texts/892) are extra short paragraphs, not duplicates of page text.",
Philips-MP20-MP90-Manual,sec_0073,49,5.4-flagged_for_review,PASS,,"flagged_for_review=false and verification_score=100. Page 49 shows the heading in the expected place, so no flag is needed.",
Philips-MP20-MP90-Manual,sec_0073,49,5.4-structural_source,PASS,,"structural_source='toc'. The heading of this section is visible in the page layout where the bookmark points, so the provenance is supported.",
Philips-MP20-MP90-Manual,sec_0073,49,5.6-numbering_scheme,PASS,,"numbering_scheme='arabic'. The printed folio on p49 is 37, an arabic number.",
Philips-MP20-MP90-Manual,sec_0073,49,5.6-offset_applied,PASS,,"offset_applied=0. The section heading and content are on the physical page given by page_start=48/page_end=50. Printed folio 37 is on physical p49, which is the page the viewer shows.",
Philips-MP20-MP90-Manual,sec_0073,49,5.5-filters_discarding,FAIL,Low,At the top of p49 there is a small key icon (question marks) and an inline icon after '(marked'. Neither is in images.json. Only img_0041 and img_0042 are listed for p49. The caption #/texts/848 and the text state their meaning.,"Old problem (BUG-020, v2.4): still present. The two big screenshots are extracted."
Philips-MP20-MP90-Manual,sec_0073,49,5.5-filters_passing_noise,PASS,,"img_0041 and img_0042 are the two Measurement Selection screens, with real content. Neither is a rule, logo or divider.",
Philips-MP20-MP90-Manual,sec_0073,49,5.5-image_section_mapping,PASS,,"img_0041 and img_0042 are mapped to sec_0073. They sit under the 'Resolving Label Conflicts' text on p49, and no other section is on this page.",
Philips-MP20-MP90-Manual,sec_0091,56,5.4-hierarchy_level,PASS,,"On p56, 'Remote Application Popup Keys' is a bold sub-heading on p55, below the bigger heading 'Using Remote Applications'. hierarchy_level=3 agrees with this.",
Philips-MP20-MP90-Manual,sec_0091,56,5.4-parent_child,PASS,,"Parent sec_0090 is 'Using Remote Applications'. sec_0091 has no children, and none are visible. This matches parent_section_id=sec_0090.",
Philips-MP20-MP90-Manual,sec_0091,56,5.4-page_start_end,PASS,,"The section starts on p55 with the heading, table (#/tables/15) and paragraph #/texts/1029. Its last node on p56 is #/texts/1033, the paragraph at the top of p56 before the heading 'Using the X2 or MP5 with a Host Monitor'. Boundary is correct.",
Philips-MP20-MP90-Manual,sec_0091,56,5.4-hierarchy_path,PASS,,"hierarchy_path '/Basic Operation/Using Remote Applications/Remote Application Popup Keys' lists the real ancestors in order, as seen in the headings around p56.",
Philips-MP20-MP90-Manual,sec_0091,56,5.4-gaps_duplicates,PASS,,"Heading, table and 2 paragraphs are in page order. Nothing is missing or repeated. Folios 43 and 44 are in the right pages.",
Philips-MP20-MP90-Manual,sec_0091,56,5.4-flagged_for_review,PASS,,"flagged_for_review=false and verification_score=100. Page 56 shows the heading in the expected place, so no flag is needed.",
Philips-MP20-MP90-Manual,sec_0091,56,5.4-structural_source,PASS,,"structural_source='toc'. The heading of this section is visible in the page layout where the bookmark points, so the provenance is supported.",
Philips-MP20-MP90-Manual,sec_0091,56,5.6-numbering_scheme,PASS,,"numbering_scheme='arabic'. The printed folio on p56 is 44, an arabic number.",
Philips-MP20-MP90-Manual,sec_0091,56,5.6-offset_applied,PASS,,"offset_applied=0. The section heading and content are on the physical page given by page_start=55/page_end=56. Printed folio 44 is on physical p56, which is the page the viewer shows.",
Philips-MP20-MP90-Manual,sec_0091,56,5.6-table_content,PASS,,"Table #/tables/15 on p55 has the header 'Pop-Up Keys | Selecting this pop-up key lets you....' and 4 rows (Minimize, Keyboard, Refresh, Close). Each key name and its text match the rendered table. No row or column is lost.",
Philips-MP20-MP90-Manual,sec_0091,56,5.5-filters_discarding,PASS,,p56 has no figure or icon. Nothing was discarded. The Remote Application icon is on p55 and belongs to the previous section.,
Philips-MP20-MP90-Manual,sec_0091,56,5.5-filters_passing_noise,PASS,,"No image is kept for this section on p56. No rule, divider or logo is kept as an image.",
Philips-MP20-MP90-Manual,sec_0091,56,5.5-image_section_mapping,PASS,,"No image is mapped to sec_0091 and none is on p56 that belongs to it, so there is nothing to map.",
Philips-MP20-MP90-Manual,sec_0094,57,5.4-hierarchy_level,PASS,,"On p57, 'What's New in Release G.0?' is a large bold heading on p57, below the chapter title 'What's New?'. hierarchy_level=2 agrees with this.",
Philips-MP20-MP90-Manual,sec_0094,57,5.4-parent_child,PASS,,"Parent sec_0093 is the chapter 'What's New?'. sec_0094 has no children, and none are visible. This matches parent_section_id=sec_0093.",
Philips-MP20-MP90-Manual,sec_0094,57,5.4-page_start_end,PASS,,"The section starts at the heading on p57 and ends on p58 with 'USB Interface' (#/texts/1076, #/texts/1077), before the heading 'What's New in Release F.0?'. page_end=58 matches the content. The chapter number '2' on p57 is not in the section.","Old problem (BUG-014, v2): now fixed."
Philips-MP20-MP90-Manual,sec_0094,57,5.4-hierarchy_path,PASS,,"hierarchy_path '/What’s New?/What’s New in Release G.0?' lists the real ancestors in order, as seen in the headings around p57.",
Philips-MP20-MP90-Manual,sec_0094,57,5.4-gaps_duplicates,PASS,,"Items from p57 continue in order on p58 (XDS, Admission Form, SpO2, ECG, USB). Nothing is missing or repeated.",
Philips-MP20-MP90-Manual,sec_0094,57,5.4-flagged_for_review,PASS,,"flagged_for_review=false and verification_score=96. Page 57 shows the heading in the expected place, so no flag is needed.",
Philips-MP20-MP90-Manual,sec_0094,57,5.4-structural_source,PASS,,"structural_source='toc'. The heading of this section is visible in the page layout where the bookmark points, so the provenance is supported.",
Philips-MP20-MP90-Manual,sec_0094,57,5.6-numbering_scheme,PASS,,"numbering_scheme='arabic'. The printed folio on p57 is 45, an arabic number.",
Philips-MP20-MP90-Manual,sec_0094,57,5.6-offset_applied,PASS,,"offset_applied=0. The section heading and content are on the physical page given by page_start=57/page_end=58. Printed folio 45 is on physical p57, which is the page the viewer shows.",
Philips-MP20-MP90-Manual,sec_0094,57,5.5-filters_discarding,PASS,,"p57 has only text and headings. No figure or icon is on the page, so nothing was discarded.",
Philips-MP20-MP90-Manual,sec_0094,57,5.5-filters_passing_noise,PASS,,"No image is kept for this section on p57. No rule, divider or logo is kept as an image.",
Philips-MP20-MP90-Manual,sec_0094,57,5.5-image_section_mapping,PASS,,"No image is mapped to sec_0094 and none is on p57 that belongs to it, so there is nothing to map.",
Philips-MP20-MP90-Manual,sec_0101,66,5.4-hierarchy_level,PASS,,"On p66, 'What's New in Release A.2?' is a large bold heading at the top of p66, the same style as the other release headings. hierarchy_level=2 agrees with this.",
Philips-MP20-MP90-Manual,sec_0101,66,5.4-parent_child,PASS,,"Parent sec_0093 is the chapter 'What's New?'. sec_0101 has no children, and none are visible. This matches parent_section_id=sec_0093.",
Philips-MP20-MP90-Manual,sec_0101,66,5.4-page_start_end,PASS,,The section holds the heading and all 14 items on p66 (#/texts/1267 to #/texts/1281) and the folio '54' (#/texts/1282). It has no node from p67. The chapter number '3' of 'Alarms' is not in it. page_start=page_end=66 is correct.,"Old problem (BUG-022, v2): now fixed."
Philips-MP20-MP90-Manual,sec_0101,66,5.4-hierarchy_path,PASS,,"hierarchy_path '/What’s New?/What’s New in Release A.2?' lists the real ancestors in order, as seen in the headings around p66.",
Philips-MP20-MP90-Manual,sec_0101,66,5.4-gaps_duplicates,PASS,,"All 14 feature items are present once, in page order. Running headers #/texts/1265 and #/texts/1266 are boilerplate.",
Philips-MP20-MP90-Manual,sec_0101,66,5.4-flagged_for_review,PASS,,"flagged_for_review=false and verification_score=96. Page 66 shows the heading in the expected place, so no flag is needed.",
Philips-MP20-MP90-Manual,sec_0101,66,5.4-structural_source,PASS,,"structural_source='toc'. The heading of this section is visible in the page layout where the bookmark points, so the provenance is supported.",
Philips-MP20-MP90-Manual,sec_0101,66,5.6-numbering_scheme,PASS,,"numbering_scheme='arabic'. The printed folio on p66 is 54, an arabic number.",
Philips-MP20-MP90-Manual,sec_0101,66,5.6-offset_applied,PASS,,"offset_applied=0. The section heading and content are on the physical page given by page_start=66/page_end=66. Printed folio 54 is on physical p66, which is the page the viewer shows.",
Philips-MP20-MP90-Manual,sec_0101,66,5.5-filters_discarding,PASS,,"p66 has only text and headings. No figure or icon is on the page, so nothing was discarded.",
Philips-MP20-MP90-Manual,sec_0101,66,5.5-filters_passing_noise,PASS,,"No image is kept for this section on p66. No rule, divider or logo is kept as an image.",
Philips-MP20-MP90-Manual,sec_0101,66,5.5-image_section_mapping,PASS,,"No image is mapped to sec_0101 and none is on p66 that belongs to it, so there is nothing to map.",
Philips-MP20-MP90-Manual,sec_0102,67,5.4-hierarchy_level,PASS,,"On p67, 'Alarms' is the chapter title on p67 with the big number '3' above it, so level 1 is right. hierarchy_level=1 agrees with this.",
Philips-MP20-MP90-Manual,sec_0102,67,5.4-parent_child,PASS,,"It is a top-level chapter, so parent_section_id is empty. The 10 child ids start with sec_0103 'Visual Alarm Indicators', which is the first sub-heading on p68. This matches parent_section_id=None.",
Philips-MP20-MP90-Manual,sec_0102,67,5.4-page_start_end,PASS,,"The chapter starts on p67 with '3' and 'Alarms'. Its intro nodes continue on p68 (#/texts/1302 to #/texts/1304) above the first sub-heading 'Visual Alarm Indicators', so that intro text is owned correctly. page_start=67 is correct. page_end=82 was not checked on this page.",
Philips-MP20-MP90-Manual,sec_0102,67,5.4-hierarchy_path,PASS,,"hierarchy_path '/Alarms' lists the real ancestors in order, as seen in the headings around p67.",
Philips-MP20-MP90-Manual,sec_0102,67,5.4-gaps_duplicates,PASS,,"All p67 nodes (#/texts/1283 to #/texts/1301) are present once, in page order. The bullet list of INOPs and the 'HR HIGH' box text are included.",
Philips-MP20-MP90-Manual,sec_0102,67,5.4-flagged_for_review,PASS,,"flagged_for_review=false and verification_score=100. Page 67 shows the heading in the expected place, so no flag is needed.",
Philips-MP20-MP90-Manual,sec_0102,67,5.4-structural_source,PASS,,"structural_source='toc'. The heading of this section is visible in the page layout where the bookmark points, so the provenance is supported.",
Philips-MP20-MP90-Manual,sec_0102,67,5.6-numbering_scheme,PASS,,"numbering_scheme='arabic'. The printed folio on p67 is 55, an arabic number.",
Philips-MP20-MP90-Manual,sec_0102,67,5.6-offset_applied,PASS,,"offset_applied=0. The section heading and content are on the physical page given by page_start=67/page_end=82. Printed folio 55 is on physical p67, which is the page the viewer shows.",
Philips-MP20-MP90-Manual,sec_0102,67,5.5-filters_discarding,PASS,,p67 has the boxed example '^ ** HR HIGH'. Its text is kept in #/texts/1300. No raster figure is on the page.,
Philips-MP20-MP90-Manual,sec_0102,67,5.5-filters_passing_noise,PASS,,"No image is kept for this section on p67. No rule, divider or logo is kept as an image.",
Philips-MP20-MP90-Manual,sec_0102,67,5.5-image_section_mapping,PASS,,"No image is mapped to sec_0102 and none is on p67 that belongs to it, so there is nothing to map.",
Philips-MP20-MP90-Manual,sec_0137,82,5.4-hierarchy_level,PASS,,'Alarm Recordings' is a large heading on p81 at the same size as 'Testing Alarms' and 'Alarm Behavior at On/Off'. hierarchy_level 2 fits this size and its place under sec_0102 'Alarms'.,
Philips-MP20-MP90-Manual,sec_0137,82,5.4-parent_child,PASS,,"parent_section_id points to sec_0102 'Alarms', which is the heading above it. It has no children, and none are needed. The sibling order follows the printed order.",
Philips-MP20-MP90-Manual,sec_0137,82,5.4-page_start_end,PASS,,"sec_0137 starts at 'Alarm Recordings' on p81 and ends with the p82 header ('3 Alarms', 'Alarm Recordings') and folio '70' (#/texts/1620). Page 82 is blank except for these. The chapter number '4' of p83 is no longer in the section.","Old problem (BUG-022, v2): now fixed. The last node is folio 70, not the next chapter number."
Philips-MP20-MP90-Manual,sec_0137,82,5.4-hierarchy_path,PASS,,"hierarchy_path is '/Alarms/Alarm Recordings'. Each name is a real printed heading, in the right order, and the last name is the section's own heading.",
Philips-MP20-MP90-Manual,sec_0137,82,5.4-gaps_duplicates,PASS,,"The heading, intro, steps 1 to 5 and the Refer note on p81 are in sec_0137. The blank p82 adds only its header and folio 70. Nothing is repeated.",
Philips-MP20-MP90-Manual,sec_0137,82,5.4-flagged_for_review,PASS,,"sec_0137 has flagged_for_review false and confidence 1.0. The p82 render shows a normal heading with no sign of doubt, so no flag is needed.",
Philips-MP20-MP90-Manual,sec_0137,82,5.4-structural_source,PASS,,"structural_source is toc. The heading 'Alarm Recordings' is printed on p81, so the bookmark source is supported.",
Philips-MP20-MP90-Manual,sec_0137,82,5.6-numbering_scheme,PASS,,"Page p82 shows the printed folio 70, in plain Arabic numbers. numbering_scheme arabic is correct.",
Philips-MP20-MP90-Manual,sec_0137,82,5.6-offset_applied,PASS,,"Physical p82 shows printed folio 70. The bookmark page is used as physical page (offset_applied 0). The heading 'Alarm Recordings' is on physical p81, as stored.",
Philips-MP20-MP90-Manual,sec_0137,82,5.5-filters_discarding,PASS,,Page 82 is blank apart from the running header and folio 70. Page 81 has no figures. Nothing meaningful was dropped.,
Philips-MP20-MP90-Manual,sec_0137,82,5.5-filters_passing_noise,PASS,,"No image is mapped to sec_0137. Page 82 has no logo, rule or footer line kept as an image.",
Philips-MP20-MP90-Manual,sec_0137,82,5.5-image_section_mapping,PASS,,"Pages 81 and 82 show no figure, and images.json has no image for sec_0137. This agrees with the render.",
Philips-MP20-MP90-Manual,sec_0139,83,5.4-hierarchy_level,PASS,,'Patient Alarm Messages' is a large heading on p83 under the chapter title 'Patient Alarms and INOPs'. hierarchy_level 2 fits this size and its place under sec_0138 'Patient Alarms and INOPs'.,
Philips-MP20-MP90-Manual,sec_0139,83,5.4-parent_child,PASS,,"parent_section_id points to sec_0138 'Patient Alarms and INOPs', which is the heading above it. It has no children, and none are needed. The sibling order follows the printed order.",
Philips-MP20-MP90-Manual,sec_0139,83,5.4-page_start_end,PASS,,sec_0139 starts at its heading on p83 under the chapter title and ends on p88 with table #/tables/27 and folio '76' (#/texts/1647). It does not include the p89 header or heading 'Technical Alarm Messages (INOPs)'.,"Old problem (BUG-022, v2): now fixed. The p89 running header is no longer in sec_0139."
Philips-MP20-MP90-Manual,sec_0139,83,5.4-hierarchy_path,PASS,,"hierarchy_path is '/Patient Alarms and INOPs/Patient Alarm Messages'. Each name is a real printed heading, in the right order, and the last name is the section's own heading.",
Philips-MP20-MP90-Manual,sec_0139,83,5.4-gaps_duplicates,PASS,,"The heading, notes and the six tables (#/tables/22 to 27) on p83 to p88 are all in sec_0139. No row is repeated. p88 ends with the last table and folio 76.",
Philips-MP20-MP90-Manual,sec_0139,83,5.4-flagged_for_review,PASS,,"sec_0139 has flagged_for_review false and confidence 1.0. The p83 render shows a normal heading with no sign of doubt, so no flag is needed.",
Philips-MP20-MP90-Manual,sec_0139,83,5.4-structural_source,PASS,,"structural_source is toc. The heading 'Patient Alarm Messages' is printed on p83, so the bookmark source is supported.",
Philips-MP20-MP90-Manual,sec_0139,83,5.6-numbering_scheme,PASS,,"Page p83 shows the printed folio 71, in plain Arabic numbers. numbering_scheme arabic is correct.",
Philips-MP20-MP90-Manual,sec_0139,83,5.6-offset_applied,PASS,,"Physical p83 shows printed folio 71. The bookmark page is used as physical page (offset_applied 0). The heading 'Patient Alarm Messages' is on physical p83, as stored.",
Philips-MP20-MP90-Manual,sec_0139,83,5.6-table_content,PASS,,On p83 the table #/tables/22 has the header row and 5 rows ('*/**AFIB' to '**awRR LOW'). All 4 columns match the render. Cell text is in the right column.,
Philips-MP20-MP90-Manual,sec_0139,83,5.5-filters_discarding,PASS,,"Page 83 has only the text and the table, with no figure or icon. images.json lists no image for sec_0139, which agrees.",
Philips-MP20-MP90-Manual,sec_0139,83,5.5-filters_passing_noise,PASS,,No image is kept for sec_0139. Page 83 has no logo or rule kept as an image.,
Philips-MP20-MP90-Manual,sec_0139,83,5.5-image_section_mapping,PASS,,Page 83 shows no figure. images.json has none for sec_0139. This agrees.,
Philips-MP20-MP90-Manual,sec_0140,90,5.4-hierarchy_level,PASS,,"'Technical Alarm Messages (INOPs)' is a large heading on p89, the same size as 'Patient Alarm Messages' (sec_0139). hierarchy_level 2 fits this size and its place under sec_0138 'Patient Alarms and INOPs'.",
Philips-MP20-MP90-Manual,sec_0140,90,5.4-parent_child,PASS,,"parent_section_id points to sec_0138 'Patient Alarms and INOPs', which is the heading above it. It has no children, and none are needed. The sibling order follows the printed order.",
Philips-MP20-MP90-Manual,sec_0140,90,5.4-page_start_end,PASS,,sec_0140 starts at its heading on p89 and ends on blank p112 with folio '100' (#/texts/1720) and a header table. The chapter number '5' of p113 is not in the section.,"Old problem (BUG-022, v2): now fixed. The p113 chapter number is no longer in sec_0140."
Philips-MP20-MP90-Manual,sec_0140,90,5.4-hierarchy_path,PASS,,"hierarchy_path is '/Patient Alarms and INOPs/Technical Alarm Messages (INOPs)'. Each name is a real printed heading, in the right order, and the last name is the section's own heading.",
Philips-MP20-MP90-Manual,sec_0140,90,5.4-gaps_duplicates,PASS,,"Intro on p89 and tables #/tables/28 to 50 on p89 to p111 are in sec_0140. Each page has one table. Nothing is repeated. The only extra table is the p112 header (#/tables/51), noted under 5.6-table_content.",
Philips-MP20-MP90-Manual,sec_0140,90,5.4-flagged_for_review,PASS,,"sec_0140 has flagged_for_review false and confidence 1.0. The p90 render shows a normal heading with no sign of doubt, so no flag is needed.",
Philips-MP20-MP90-Manual,sec_0140,90,5.4-structural_source,PASS,,"structural_source is toc. The heading 'Technical Alarm Messages (INOPs)' is printed on p89, so the bookmark source is supported.",
Philips-MP20-MP90-Manual,sec_0140,90,5.6-numbering_scheme,PASS,,"Page p90 shows the printed folio 78, in plain Arabic numbers. numbering_scheme arabic is correct.",
Philips-MP20-MP90-Manual,sec_0140,90,5.6-offset_applied,PASS,,"Physical p90 shows printed folio 78. The bookmark page is used as physical page (offset_applied 0). The heading 'Technical Alarm Messages (INOPs)' is on physical p89, as stored.",
Philips-MP20-MP90-Manual,sec_0140,90,5.6-table_content,FAIL,Low,"Table #/tables/29 on p90 matches the render: 13 rows from 'BATTERIES INCOMP' to 'BIS ENGINE DISCONN', 3 columns, text in the right cells. But sec_0140 also has #/tables/51 on p112. Its only text is the running header '4 Patient Alarms and INOPs | Technical Alarm Messages (INOPs)'. The p112 render is blank except for that header bar, so this is a false table.","Old problem (BUG-021, v2.13): still present. The false table holds only header text, so Low. Table #/tables/29 itself is correct."
Philips-MP20-MP90-Manual,sec_0140,90,5.5-filters_discarding,PASS,,"Page 90 has only an INOP table, with no figure or icon. images.json lists no image for sec_0140, which agrees.",
Philips-MP20-MP90-Manual,sec_0140,90,5.5-filters_passing_noise,PASS,,No image is kept for sec_0140. Page 90 has no logo or rule kept as an image.,
Philips-MP20-MP90-Manual,sec_0140,90,5.5-image_section_mapping,PASS,,"Page 90 shows no figure, and images.json has none for sec_0140. This agrees.",
Philips-MP20-MP90-Manual,sec_0142,113,5.4-hierarchy_level,PASS,,'Admitting a Patient' is a large heading on p113 under the chapter title 'Managing Patients'. hierarchy_level 2 fits this size and its place under sec_0141 'Managing Patients'.,
Philips-MP20-MP90-Manual,sec_0142,113,5.4-parent_child,PASS,,"parent_section_id points to sec_0141 'Managing Patients', which is the heading above it. Its children sec_0143 and sec_0144 start on p115 under their own sub-headings. The sibling order follows the printed order.",
Philips-MP20-MP90-Manual,sec_0142,113,5.4-page_start_end,PASS,,"sec_0142 starts at 'Admitting a Patient' on p113, below the chapter intro. Its last node is step 5 and folio '102' on p114 (#/texts/1773). The p115 header 'Quick Admitting a Patient' is not in it. page_end 115 is there because the child sec_0143 starts on p115.","Old problem (BUG-022, v2): now fixed. The p115 running header is no longer in sec_0142."
Philips-MP20-MP90-Manual,sec_0142,113,5.4-hierarchy_path,PASS,,"hierarchy_path is '/Managing Patients/Admitting a Patient'. Each name is a real printed heading, in the right order, and the last name is the section's own heading.",
Philips-MP20-MP90-Manual,sec_0142,113,5.4-gaps_duplicates,PASS,,"The intro, NOTE, step 1 on p113 and steps 2 to 5 with the field list on p114 are all in sec_0142. The p113 chapter intro stays in sec_0141. Nothing is repeated.",
Philips-MP20-MP90-Manual,sec_0142,113,5.4-flagged_for_review,PASS,,"sec_0142 has flagged_for_review false and confidence 1.0. The p113 render shows a normal heading with no sign of doubt, so no flag is needed.",
Philips-MP20-MP90-Manual,sec_0142,113,5.4-structural_source,PASS,,"structural_source is toc. The heading 'Admitting a Patient' is printed on p113, so the bookmark source is supported.",
Philips-MP20-MP90-Manual,sec_0142,113,5.6-numbering_scheme,PASS,,"Page p113 shows the printed folio 101, in plain Arabic numbers. numbering_scheme arabic is correct.",
Philips-MP20-MP90-Manual,sec_0142,113,5.6-offset_applied,PASS,,"Physical p113 shows printed folio 101. The bookmark page is used as physical page (offset_applied 0). The heading 'Admitting a Patient' is on physical p113, as stored.",
Philips-MP20-MP90-Manual,sec_0142,113,5.5-filters_discarding,PASS,,"Page 113 has no figure. On p114 the Patient Demographics window is kept as img_0053, but only as an empty window frame. Its field labels are in text nodes #/texts/1736 to #/texts/1753, so no information is lost.","Lead check of p114: img_0053 is the Patient Demographics dialog frame without text. In the PDF the field names are a text layer, not part of the raster. They are kept as text nodes #/texts/1736-1753. Nothing is lost, so PASS."
Philips-MP20-MP90-Manual,sec_0142,113,5.5-filters_passing_noise,PASS,,"img_0053 is the Patient Demographics window, not a rule, logo or footer line. No decorative image is kept.",
Philips-MP20-MP90-Manual,sec_0142,113,5.5-image_section_mapping,PASS,,"img_0053 (p114) is mapped to sec_0142. It is the window for step 1 'select the patient name field... Patient Demographics window', so it belongs to this section.","Lead check of p114: the dialog is printed in the Admitting a Patient steps, so sec_0142 is the right owner of img_0053."
Philips-MP20-MP90-Manual,sec_0169,128,5.4-hierarchy_level,PASS,,"'Care Group Alarms' is a sub-heading at the top of p128, the same size as 'Understanding the Care Group Overview Bar' (sec_0164). hierarchy_level 3 fits this size and its place under sec_0163 'Care Groups'.",
Philips-MP20-MP90-Manual,sec_0169,128,5.4-parent_child,PASS,,"parent_section_id points to sec_0163 'Care Groups', which is the heading above it. It has no children, and none are needed. The sibling order follows the printed order.",
Philips-MP20-MP90-Manual,sec_0169,128,5.4-page_start_end,PASS,,"sec_0169 starts with the p128 header and its heading, and ends with 'This setting resets to the default...' and folio '116' (#/texts/2104). The big chapter number '6' of p129 is not in the section.","Old problem (BUG-022, v2): now fixed. The p129 chapter number is no longer in sec_0169."
Philips-MP20-MP90-Manual,sec_0169,128,5.4-hierarchy_path,PASS,,"hierarchy_path is '/Managing Patients/Care Groups/Care Group Alarms'. Each name is a real printed heading, in the right order, and the last name is the section's own heading.",
Philips-MP20-MP90-Manual,sec_0169,128,5.4-gaps_duplicates,PASS,,"The heading, intro, four bullets, the Automatic alarm notification text and steps 1 and 2 are in sec_0169 (#/texts/2091 to #/texts/2104). Nothing is repeated.",
Philips-MP20-MP90-Manual,sec_0169,128,5.4-flagged_for_review,PASS,,"sec_0169 has flagged_for_review false and confidence 1.0. The p128 render shows a normal heading with no sign of doubt, so no flag is needed.",
Philips-MP20-MP90-Manual,sec_0169,128,5.4-structural_source,PASS,,"structural_source is toc. The heading 'Care Group Alarms' is printed on p128, so the bookmark source is supported.",
Philips-MP20-MP90-Manual,sec_0169,128,5.6-numbering_scheme,PASS,,"Page p128 shows the printed folio 116, in plain Arabic numbers. numbering_scheme arabic is correct.",
Philips-MP20-MP90-Manual,sec_0169,128,5.6-offset_applied,PASS,,"Physical p128 shows printed folio 116. The bookmark page is used as physical page (offset_applied 0). The heading 'Care Group Alarms' is on physical p128, as stored.",
Philips-MP20-MP90-Manual,sec_0169,128,5.5-filters_discarding,PASS,,"Page 128 has only text, with no figure or icon. images.json lists no image for sec_0169.",
Philips-MP20-MP90-Manual,sec_0169,128,5.5-filters_passing_noise,PASS,,"No image is kept for sec_0169. No logo, rule or footer line is kept as an image.",
Philips-MP20-MP90-Manual,sec_0169,128,5.5-image_section_mapping,PASS,,"Page 128 shows no figure, and images.json has none for sec_0169. This agrees.",
Philips-MP20-MP90-Manual,sec_0171,129,5.4-hierarchy_level,PASS,,"On p129 the heading 'Skin Preparation for Electrode Placement' is a section heading below the chapter title. hierarchy_level is 2 under chapter 6 (sec_0170, level 1). They match.",
Philips-MP20-MP90-Manual,sec_0171,129,5.4-parent_child,PASS,,"The parent is sec_0170 (chapter 6, level 1). This matches the printed heading nesting on p129. The section has no children, and none are expected.",
Philips-MP20-MP90-Manual,sec_0171,129,5.4-page_start_end,PASS,,sec_0171 covers p129. It owns the heading and the 5 skin steps (#/texts/2109-2115). The chapter title and intro on p129 belong to sec_0170. sec_0172 starts below it on p129.,
Philips-MP20-MP90-Manual,sec_0171,129,5.4-hierarchy_path,PASS,,"The path ends with 'Skin Preparation for Electrode Placement' and goes through sec_0170 (chapter 6, level 1). The order matches the headings on p129.",
Philips-MP20-MP90-Manual,sec_0171,129,5.4-gaps_duplicates,PASS,,No gap or overlap on p129. Sec_0172 Connecting ECG Cables starts below it on p129. Each visible text block sits in exactly one section.,
Philips-MP20-MP90-Manual,sec_0171,129,5.4-flagged_for_review,PASS,,"flagged_for_review is false, with verification_score 100. The heading is found on p129, so no flag is needed.",
Philips-MP20-MP90-Manual,sec_0171,129,5.4-structural_source,PASS,,"structural_source is toc. The heading 'Skin Preparation for Electrode Placement' is printed on p129, so the bookmark is supported.",
Philips-MP20-MP90-Manual,sec_0171,129,5.6-numbering_scheme,PASS,,The printed folios are arabic numbers on the page footer (for example the folio next to p129). numbering_scheme is arabic.,
Philips-MP20-MP90-Manual,sec_0171,129,5.6-offset_applied,PASS,,"offset_applied is 0. Physical p129 shows printed folio 117, so the printed number is 12 lower. page_start/page_end 129 match the physical page.",
Philips-MP20-MP90-Manual,sec_0171,129,5.5-filters_discarding,PASS,,"On p129 the ECG connector drawing (1 - ECG Connector) is under 'Connecting ECG Cables'. It is extracted as img_0060 (vector, 212x167), mapped to sec_0172. The crop shows the full connector and the label 1.","Old problem (BUG-010, v2): now fixed. The vector figure is extracted as img_0060."
Philips-MP20-MP90-Manual,sec_0171,129,5.5-filters_passing_noise,PASS,,"No decorative image is kept as content on p129. images.json has no logo, rule or divider for this section.",
Philips-MP20-MP90-Manual,sec_0171,129,5.5-image_section_mapping,PASS,,"On p129 the only figure (ECG connector) sits under the heading 'Connecting ECG Cables'. img_0060 is mapped to sec_0172, the correct owner. None is mapped to sec_0171.",
Philips-MP20-MP90-Manual,sec_0189,136,5.4-hierarchy_level,PASS,,"On the page, 'ECG Lead Fallback' is drawn as a level 2 heading style, below its parent. The node shows hierarchy_level 2. They match.",
Philips-MP20-MP90-Manual,sec_0189,136,5.4-parent_child,PASS,,"The parent is sec_0170 (chapter 6, level 1). This matches the printed heading nesting on p136. The section has no children, and none are expected.",
Philips-MP20-MP90-Manual,sec_0189,136,5.4-page_start_end,PASS,,"sec_0189 covers p136. It owns the heading and two paragraphs (#/texts/2262-2264), plus the running header (#/texts/2260-2261). The electrode labels table is not in this section. It is in sec_0190, under 'ECG Lead Placements' (#/tables/57 in tree.json).","Old problem (BUG-003, v2): now fixed. The table is no longer in sec_0189."
Philips-MP20-MP90-Manual,sec_0189,136,5.4-hierarchy_path,PASS,,"The path ends with 'ECG Lead Fallback' and goes through sec_0170 (chapter 6, level 1). The order matches the headings on p136.",
Philips-MP20-MP90-Manual,sec_0189,136,5.4-gaps_duplicates,PASS,,"No gap or overlap on p136. The labels/colors table appears once, in sec_0190 (#/tables/57). sec_0189 has only its own text.","Old problem (BUG-003, v2): now fixed. The table is not duplicated in sec_0189."
Philips-MP20-MP90-Manual,sec_0189,136,5.4-flagged_for_review,PASS,,"flagged_for_review is false, with verification_score 100. The heading is found on p136, so no flag is needed.",
Philips-MP20-MP90-Manual,sec_0189,136,5.4-structural_source,PASS,,"structural_source is toc. The heading 'ECG Lead Fallback' is printed on p136, so the bookmark is supported.",
Philips-MP20-MP90-Manual,sec_0189,136,5.6-numbering_scheme,PASS,,The printed folios are arabic numbers on the page footer (for example the folio next to p136). numbering_scheme is arabic.,
Philips-MP20-MP90-Manual,sec_0189,136,5.6-offset_applied,PASS,,"offset_applied is 0. Physical p136 shows printed folio 124, so the printed number is 12 lower. page_start/page_end 136 match the physical page.",
Philips-MP20-MP90-Manual,sec_0189,136,5.5-filters_discarding,PASS,,No meaningful figure is lost on p136. Visible figures are extracted or are text.,
Philips-MP20-MP90-Manual,sec_0189,136,5.5-filters_passing_noise,PASS,,"No decorative image is kept as content on p136. images.json has no logo, rule or divider for this section.",
Philips-MP20-MP90-Manual,sec_0189,136,5.5-image_section_mapping,PASS,,"No figure belongs to this section on p136, and none is mapped to it.",
Philips-MP20-MP90-Manual,sec_0203,143,5.4-hierarchy_level,PASS,,"On the page, 'Extreme Alarm Limits' is drawn as a level 3 heading style, below its parent. The node shows hierarchy_level 3. They match.",
Philips-MP20-MP90-Manual,sec_0203,143,5.4-parent_child,PASS,,"The parent is sec_0202 Using ECG Alarms (level 2). This matches the printed heading nesting on p143. The section has no children, and none are expected.",
Philips-MP20-MP90-Manual,sec_0203,143,5.4-page_start_end,PASS,,"Extreme Alarm Limits covers p143. It owns the heading, the intro paragraph, the figure labels and the closing text (#/texts/2428-2441). Sec_0204 ECG Alarms Off Disabled follows on p143. No node of a neighbour section is inside it.",
Philips-MP20-MP90-Manual,sec_0203,143,5.4-hierarchy_path,PASS,,The path ends with 'Extreme Alarm Limits' and goes through sec_0202 Using ECG Alarms (level 2). The order matches the headings on p143.,
Philips-MP20-MP90-Manual,sec_0203,143,5.4-gaps_duplicates,PASS,,No gap or overlap on p143. Sec_0204 ECG Alarms Off Disabled follows on p143. Each visible text block sits in exactly one section.,
Philips-MP20-MP90-Manual,sec_0203,143,5.4-flagged_for_review,PASS,,"flagged_for_review is false, with verification_score 100. The heading is found on p143, so no flag is needed.",
Philips-MP20-MP90-Manual,sec_0203,143,5.4-structural_source,PASS,,"structural_source is toc. The heading 'Extreme Alarm Limits' is printed on p143, so the bookmark is supported.",
Philips-MP20-MP90-Manual,sec_0203,143,5.6-numbering_scheme,PASS,,The printed folios are arabic numbers on the page footer (for example the folio next to p143). numbering_scheme is arabic.,
Philips-MP20-MP90-Manual,sec_0203,143,5.6-offset_applied,PASS,,"offset_applied is 0. Physical p143 shows printed folio 131, so the printed number is 12 lower. page_start/page_end 143 match the physical page.",
Philips-MP20-MP90-Manual,sec_0203,143,5.5-filters_discarding,PASS,,"On p143 the alarm limits bar is extracted as img_0071 (1144x266, raster). The crop shows the full red/yellow/green bar and the braces. Its labels are separate text nodes (#/texts/2430-2439).",
Philips-MP20-MP90-Manual,sec_0203,143,5.5-filters_passing_noise,PASS,,img_0071 is a real figure with meaning (alarm zones). No decorative image is kept for sec_0203 on p143.,
Philips-MP20-MP90-Manual,sec_0203,143,5.5-image_section_mapping,PASS,,"On p143 the bar figure sits under 'Extreme Alarm Limits'. img_0071 is mapped to sec_0203, the correct owner.",
Philips-MP20-MP90-Manual,sec_0221,150,5.4-hierarchy_level,PASS,,"On the page, 'Ectopic Status Messages' is drawn as a level 4 heading style, below its parent. The node shows hierarchy_level 4. They match.",
Philips-MP20-MP90-Manual,sec_0221,150,5.4-parent_child,PASS,,"The parent is sec_0219 Arrhythmia Status Messages (level 3). This matches the printed heading nesting on p150. The section has no children, and none are expected.",
Philips-MP20-MP90-Manual,sec_0221,150,5.4-page_start_end,PASS,,"sec_0221 covers p150. It owns the heading, the intro line and the ectopic table (#/texts/2594-2595, #/tables/61). The 'Arrhythmia Relearning' heading and text below the table are in sec_0222.",
Philips-MP20-MP90-Manual,sec_0221,150,5.4-hierarchy_path,PASS,,The path ends with 'Ectopic Status Messages' and goes through sec_0219 Arrhythmia Status Messages (level 3). The order matches the headings on p150.,
Philips-MP20-MP90-Manual,sec_0221,150,5.4-gaps_duplicates,PASS,,No gap or overlap on p150. Sec_0222 Arrhythmia Relearning starts below the table on p150. Each visible text block sits in exactly one section.,
Philips-MP20-MP90-Manual,sec_0221,150,5.4-flagged_for_review,PASS,,"flagged_for_review is false, with verification_score 100. The heading is found on p150, so no flag is needed.",
Philips-MP20-MP90-Manual,sec_0221,150,5.4-structural_source,PASS,,"structural_source is toc. The heading 'Ectopic Status Messages' is printed on p150, so the bookmark is supported.",
Philips-MP20-MP90-Manual,sec_0221,150,5.6-numbering_scheme,PASS,,The printed folios are arabic numbers on the page footer (for example the folio next to p150). numbering_scheme is arabic.,
Philips-MP20-MP90-Manual,sec_0221,150,5.6-offset_applied,PASS,,"offset_applied is 0. Physical p150 shows printed folio 138, so the printed number is 12 lower. page_start/page_end 150 match the physical page.",
Philips-MP20-MP90-Manual,sec_0221,150,5.6-table_content,PASS,,On p150 the ectopic status table has 12 rows and 3 columns. #/tables/61 has the same 12 rows. Cell text and the B or E column match.,
Philips-MP20-MP90-Manual,sec_0221,150,5.5-filters_discarding,PASS,,No meaningful figure is lost on p150. Visible figures are extracted or are text.,
Philips-MP20-MP90-Manual,sec_0221,150,5.5-filters_passing_noise,PASS,,"No decorative image is kept as content on p150. images.json has no logo, rule or divider for this section.",
Philips-MP20-MP90-Manual,sec_0221,150,5.5-image_section_mapping,PASS,,"No figure belongs to this section on p150, and none is mapped to it.",
Philips-MP20-MP90-Manual,sec_0240,158,5.4-hierarchy_level,PASS,,"On the page, 'Selecting Leads for ST Analysis' is drawn as a level 3 heading style, below its parent. The node shows hierarchy_level 3. They match.",
Philips-MP20-MP90-Manual,sec_0240,158,5.4-parent_child,PASS,,"The parent is sec_0239 Switching ST On and Off (level 2). This matches the printed heading nesting on p157-158. The section has no children, and none are expected.",
Philips-MP20-MP90-Manual,sec_0240,158,5.4-page_start_end,PASS,,"sec_0240 covers p157-158. It owns the steps on p157 and the steps at the top of p158 up to the Sort Up/Down step (#/texts/2779-2798, #/tables/63). The heading 'Understanding the ST Display' on p158 starts sec_0241.",
Philips-MP20-MP90-Manual,sec_0240,158,5.4-hierarchy_path,PASS,,The path ends with 'Selecting Leads for ST Analysis' and goes through sec_0239 Switching ST On and Off (level 2). The order matches the headings on p157-158.,
Philips-MP20-MP90-Manual,sec_0240,158,5.4-gaps_duplicates,PASS,,No gap or overlap on p157-158. Sec_0241 Understanding the ST Display starts mid-page on p158. Each visible text block sits in exactly one section.,
Philips-MP20-MP90-Manual,sec_0240,158,5.4-flagged_for_review,PASS,,"flagged_for_review is false, with verification_score 100. The heading is found on p157-158, so no flag is needed.",
Philips-MP20-MP90-Manual,sec_0240,158,5.4-structural_source,PASS,,"structural_source is toc. The heading 'Selecting Leads for ST Analysis' is printed on p157-158, so the bookmark is supported.",
Philips-MP20-MP90-Manual,sec_0240,158,5.6-numbering_scheme,PASS,,The printed folios are arabic numbers on the page footer (for example the folio next to p157-158). numbering_scheme is arabic.,
Philips-MP20-MP90-Manual,sec_0240,158,5.6-offset_applied,PASS,,"offset_applied is 0. Physical p158 shows printed folio 146, so the printed number is 12 lower. page_start 157 and page_end 158 match the physical pages.",
Philips-MP20-MP90-Manual,sec_0240,158,5.6-table_content,PASS,,"The Add and Delete pop-up keys box is printed on p157, not on sampled p158. #/tables/63 has 'Add | Delete', the same two cells. Nothing is lost.",
Philips-MP20-MP90-Manual,sec_0240,158,5.5-filters_discarding,PASS,,"On p158 the sampled area has only text. The Add/Delete keys on p157 are a table (#/tables/63), not a lost figure.","The raster 183x122 px on p158 is the black ST screen (about 137x92 pt). It is inside the vector crop img_0075 (331x243), so it is not lost. Check says it is not in images_v1.json because it was merged into img_0075."
Philips-MP20-MP90-Manual,sec_0240,158,5.5-filters_passing_noise,PASS,,"No decorative image is kept as content on p157-158. images.json has no logo, rule or divider for this section.",
Philips-MP20-MP90-Manual,sec_0240,158,5.5-image_section_mapping,PASS,,On p158 the figure below the 'Understanding the ST Display' heading belongs to sec_0241 (img_0075). No figure belongs to sec_0240.,
Philips-MP20-MP90-Manual,sec_0254,165,5.4-hierarchy_level,PASS,,"On p165, sec_0254 ""Switching Between ST Map Views"" is printed as the level-4 heading at the lower part of p165, below ""Working in the ST Map Task Window"". Its hierarchy_level is 4, which fits the heading size and style.",
Philips-MP20-MP90-Manual,sec_0254,165,5.4-parent_child,PASS,,"The parent of sec_0254 is sec_0253 (Working in the ST Map Task Window). This is the heading above it on the page and in the document. It has no children, and none is expected.",
Philips-MP20-MP90-Manual,sec_0254,165,5.4-page_start_end,FAIL,Critical,"Numeric bounds p165-p165 are right, and the old p166 running header is no longer in this section. But nodes #/texts/2975 (""current ST values"") and #/texts/2976 (""In this diagram, V4 was either temporarily switched off..."") are in sec_0254. On p165 they are printed above the heading ""Viewing an ST Map"", as the caption of the two ST map figures. They belong to sec_0251 (Trend View, p164-p165), which has the figure labels and ""trending interval"" (#/texts/2960-2965).","Old problem (BUG-022, v2): trailing p166 running header is now fixed. Old problem (BUG-023, v2): body nodes in the wrong section are still present. Cause is probably the reading order around the heading on the same page. The caption of the figures in sec_0251 is stuck to sec_0254."
Philips-MP20-MP90-Manual,sec_0254,165,5.4-hierarchy_path,PASS,,"The path of sec_0254 is built from its ancestors in order and ends with ""Switching Between ST Map Views"". It matches the headings above it on the printed pages.",
Philips-MP20-MP90-Manual,sec_0254,165,5.4-gaps_duplicates,FAIL,Critical,"Numeric bounds p165-p165 are right, and the old p166 running header is no longer in this section. But nodes #/texts/2975 (""current ST values"") and #/texts/2976 (""In this diagram, V4 was either temporarily switched off..."") are in sec_0254. On p165 they are printed above the heading ""Viewing an ST Map"", as the caption of the two ST map figures. They belong to sec_0251 (Trend View, p164-p165), which has the figure labels and ""trending interval"" (#/texts/2960-2965). So sec_0251 misses these two nodes and sec_0254 has extra ones.","Same defect as in 5.4-page_start_end for this section. Old problem (BUG-023, v2): still present. Probably the same cause."
Philips-MP20-MP90-Manual,sec_0254,165,5.4-flagged_for_review,PASS,,"sec_0254 has flagged_for_review False, but two nodes in it belong to sec_0251. The flag state alone is not a failure, so this row is PASS.",
Philips-MP20-MP90-Manual,sec_0254,165,5.4-structural_source,PASS,,"sec_0254 has structural_source toc. Its heading ""Switching Between ST Map Views"" is a real printed heading on the rendered page, so the provenance is supported.",
Philips-MP20-MP90-Manual,sec_0254,165,5.6-numbering_scheme,PASS,,The numbering scheme is arabic. The folios printed on the sampled pages are plain arabic numbers (for example 148-165 in chapters 6-8).,
Philips-MP20-MP90-Manual,sec_0254,165,5.6-offset_applied,PASS,,"offset_applied is 0 and page_start of sec_0254 matches the physical page where the heading is printed. The printed folio differs from the physical page, but the section pages are physical and correct.",
Philips-MP20-MP90-Manual,sec_0254,165,5.5-filters_discarding,PASS,,Both p165 figures are in the image list: img_0086 (214x215) and img_0087 vector (679x414). img_0087 shows the full ST Map (Trend) screen with its callouts. Nothing is cut or lost.,"Old problem (BUG-003, v2): both figures were mapped to sec_0254; now they are kept. See the mapping row. verify_claims says the raster 306x173 px is missing, but it is inside the vector crop img_0087 (visible in the image file), so the figure is not lost."
Philips-MP20-MP90-Manual,sec_0254,165,5.5-filters_passing_noise,PASS,,"All images listed for this page are real content (screens, ECG icons or ST maps), not decoration. Both p165 figures (img_0086 chest-lead map, img_0087 vector ""ST Map (Trend)"" screenshot) are in the image list. They are mapped to sec_0251, not to sec_0254.",
Philips-MP20-MP90-Manual,sec_0254,165,5.5-image_section_mapping,PASS,,"The two p165 figures (img_0086, img_0087) are in sec_0251 (Trend View), which owns the figure labels and the caption. sec_0254 has no figure, and its text only has 'To switch between views'. So the mapping is correct.","Old problem (BUG-003, v2): now fixed. The figures moved from sec_0254 to sec_0251."
Philips-MP20-MP90-Manual,sec_0274,172,5.4-hierarchy_level,PASS,,"On p172, sec_0274 ""Switching QT Monitoring On and Off"" is printed as the large level-2 heading on p171, after ""Changing QTc Alarm Limits"". Its hierarchy_level is 2, which fits the heading size and style.",
Philips-MP20-MP90-Manual,sec_0274,172,5.4-parent_child,PASS,,"The parent of sec_0274 is sec_0170 (ECG, Arrhythmia, ST and QT Monitoring). This is the heading above it on the page and in the document. It has no children, and none is expected.",
Philips-MP20-MP90-Manual,sec_0274,172,5.4-page_start_end,PASS,,"p171 holds the heading and one bullet (#/texts/3084, 3085). p172 is a blank page with only running header and folio 160 (#/texts/3087-3089), so page_end 172 is right. The chapter number ""7"" from p173 is no longer in this section; its last node is the folio ""160"".","Old problem (BUG-022, v2): now fixed. The chapter number '7' is not in this section any more."
Philips-MP20-MP90-Manual,sec_0274,172,5.4-hierarchy_path,PASS,,"The path of sec_0274 is built from its ancestors in order and ends with ""Switching QT Monitoring On and Off"". It matches the headings above it on the printed pages.",
Philips-MP20-MP90-Manual,sec_0274,172,5.4-gaps_duplicates,PASS,,"No node is duplicated and no node is missing on the sampled page. p171 holds the heading and one bullet (#/texts/3084, 3085). p172 is a blank page with only running header and folio 160 (#/texts/3087-3089), so page_end 172 is right. The chapter number ""7"" from p173 is no longer in this section; its last node is the folio ""160"".",
Philips-MP20-MP90-Manual,sec_0274,172,5.4-flagged_for_review,PASS,,"sec_0274 has flagged_for_review False. Its boundaries on the rendered page are correct, so no flag is needed.",
Philips-MP20-MP90-Manual,sec_0274,172,5.4-structural_source,PASS,,"sec_0274 has structural_source toc. Its heading ""Switching QT Monitoring On and Off"" is a real printed heading on the rendered page, so the provenance is supported.",
Philips-MP20-MP90-Manual,sec_0274,172,5.6-numbering_scheme,PASS,,The numbering scheme is arabic. The folios printed on the sampled pages are plain arabic numbers (for example 148-165 in chapters 6-8).,
Philips-MP20-MP90-Manual,sec_0274,172,5.6-offset_applied,PASS,,"offset_applied is 0 and page_start of sec_0274 matches the physical page where the heading is printed. The printed folio differs from the physical page, but the section pages are physical and correct.",
Philips-MP20-MP90-Manual,sec_0274,172,5.5-filters_discarding,PASS,,No figure on p171 or p172 and none is mapped to sec_0274. No visible figure on the sampled page is missing.,
Philips-MP20-MP90-Manual,sec_0274,172,5.5-filters_passing_noise,PASS,,"No decorative item, rule or logo is kept as an image for this section on the sampled page. No figure on p171 or p172 and none is mapped to sec_0274.",
Philips-MP20-MP90-Manual,sec_0274,172,5.5-image_section_mapping,PASS,,No figure on p171 or p172 and none is mapped to sec_0274. Nothing to map wrongly.,
Philips-MP20-MP90-Manual,sec_0276,173,5.4-hierarchy_level,PASS,,"On p173, sec_0276 ""Entering the Setup Pulse Menu"" is printed as the level-2 heading in the middle of p173, under the chapter 7 intro text. Its hierarchy_level is 2, which fits the heading size and style.",
Philips-MP20-MP90-Manual,sec_0276,173,5.4-parent_child,PASS,,"The parent of sec_0276 is sec_0275 (Monitoring Pulse Rate). This is the heading above it on the page and in the document. It has no children, and none is expected.",
Philips-MP20-MP90-Manual,sec_0276,173,5.4-page_start_end,PASS,,"sec_0276 has the heading and its one paragraph (#/texts/3094, 3095), both only on p173. The chapter 7 intro text is in sec_0275 (#/texts/3093), as it should be. The next heading ""System Pulse Source"" is in sec_0277.",
Philips-MP20-MP90-Manual,sec_0276,173,5.4-hierarchy_path,PASS,,"The path of sec_0276 is built from its ancestors in order and ends with ""Entering the Setup Pulse Menu"". It matches the headings above it on the printed pages.",
Philips-MP20-MP90-Manual,sec_0276,173,5.4-gaps_duplicates,PASS,,"No node is duplicated and no node is missing on the sampled page. sec_0276 has the heading and its one paragraph (#/texts/3094, 3095), both only on p173. The chapter 7 intro text is in sec_0275 (#/texts/3093), as it should be. The next heading ""System Pulse Source"" is in sec_0277.",
Philips-MP20-MP90-Manual,sec_0276,173,5.4-flagged_for_review,PASS,,"sec_0276 has flagged_for_review False. Its boundaries on the rendered page are correct, so no flag is needed.",
Philips-MP20-MP90-Manual,sec_0276,173,5.4-structural_source,PASS,,"sec_0276 has structural_source toc. Its heading ""Entering the Setup Pulse Menu"" is a real printed heading on the rendered page, so the provenance is supported.",
Philips-MP20-MP90-Manual,sec_0276,173,5.6-numbering_scheme,PASS,,The numbering scheme is arabic. The folios printed on the sampled pages are plain arabic numbers (for example 148-165 in chapters 6-8).,
Philips-MP20-MP90-Manual,sec_0276,173,5.6-offset_applied,PASS,,"offset_applied is 0 and page_start of sec_0276 matches the physical page where the heading is printed. The printed folio differs from the physical page, but the section pages are physical and correct.",
Philips-MP20-MP90-Manual,sec_0276,173,5.5-filters_discarding,PASS,,No figure on p173 and none is mapped to sec_0276. No visible figure on the sampled page is missing.,
Philips-MP20-MP90-Manual,sec_0276,173,5.5-filters_passing_noise,PASS,,"No decorative item, rule or logo is kept as an image for this section on the sampled page. No figure on p173 and none is mapped to sec_0276.",
Philips-MP20-MP90-Manual,sec_0276,173,5.5-image_section_mapping,PASS,,No figure on p173 and none is mapped to sec_0276. Nothing to map wrongly.,
Philips-MP20-MP90-Manual,sec_0287,177,5.4-hierarchy_level,PASS,,"On p177, sec_0287 ""Optimizing Lead Placement for Resp"" is printed as the level-3 bold heading on p177, under ""Lead Placement for Monitoring Resp"". Its hierarchy_level is 3, which fits the heading size and style.",
Philips-MP20-MP90-Manual,sec_0287,177,5.4-parent_child,PASS,,"The parent of sec_0287 is sec_0286 (Lead Placement for Monitoring Resp). This is the heading above it on the page and in the document. It has no children, and none is expected.",
Philips-MP20-MP90-Manual,sec_0287,177,5.4-page_start_end,PASS,,"sec_0287 has the heading and its one paragraph (#/texts/3155, 3156), both on p177. The next heading ""Cardiac Overlay"" starts sec_0288. The earlier text is in sec_0286.",
Philips-MP20-MP90-Manual,sec_0287,177,5.4-hierarchy_path,PASS,,"The path of sec_0287 is built from its ancestors in order and ends with ""Optimizing Lead Placement for Resp"". It matches the headings above it on the printed pages.",
Philips-MP20-MP90-Manual,sec_0287,177,5.4-gaps_duplicates,PASS,,"No node is duplicated and no node is missing on the sampled page. sec_0287 has the heading and its one paragraph (#/texts/3155, 3156), both on p177. The next heading ""Cardiac Overlay"" starts sec_0288. The earlier text is in sec_0286.",
Philips-MP20-MP90-Manual,sec_0287,177,5.4-flagged_for_review,PASS,,"sec_0287 has flagged_for_review False. Its boundaries on the rendered page are correct, so no flag is needed.",
Philips-MP20-MP90-Manual,sec_0287,177,5.4-structural_source,PASS,,"sec_0287 has structural_source toc. Its heading ""Optimizing Lead Placement for Resp"" is a real printed heading on the rendered page, so the provenance is supported.",
Philips-MP20-MP90-Manual,sec_0287,177,5.6-numbering_scheme,PASS,,The numbering scheme is arabic. The folios printed on the sampled pages are plain arabic numbers (for example 148-165 in chapters 6-8).,
Philips-MP20-MP90-Manual,sec_0287,177,5.6-offset_applied,PASS,,"offset_applied is 0 and page_start of sec_0287 matches the physical page where the heading is printed. The printed folio differs from the physical page, but the section pages are physical and correct.",
Philips-MP20-MP90-Manual,sec_0287,177,5.5-filters_discarding,PASS,,No figure on p177 and none is mapped to sec_0287. No visible figure on the sampled page is missing.,
Philips-MP20-MP90-Manual,sec_0287,177,5.5-filters_passing_noise,PASS,,"No decorative item, rule or logo is kept as an image for this section on the sampled page. No figure on p177 and none is mapped to sec_0287.",
Philips-MP20-MP90-Manual,sec_0287,177,5.5-image_section_mapping,PASS,,No figure on p177 and none is mapped to sec_0287. Nothing to map wrongly.,
Philips-MP20-MP90-Manual,sec_0302,183,5.4-hierarchy_level,PASS,,"On p183 'SpO2 Sensors' is a section heading, smaller than the chapter title 'Monitoring SpO2'. hierarchy_level=2 matches.",
Philips-MP20-MP90-Manual,sec_0302,183,5.4-parent_child,PASS,,Parent sec_0301 is the chapter 'Monitoring SpO2'. The heading sits below the chapter intro on p183. No children.,
Philips-MP20-MP90-Manual,sec_0302,183,5.4-page_start_end,PASS,,"page_start=page_end=183. The section has the heading (3242), two paragraphs (3243, 3244) and the CAUTION about OxiCliq (3232, 3245). The next heading 'Applying the Sensor' is lower on p183 and belongs to the next section. The chapter intro above belongs to sec_0301.",
Philips-MP20-MP90-Manual,sec_0302,183,5.4-hierarchy_path,PASS,,Path '/Monitoring SpO2/SpO2 Sensors' matches the chapter title and the heading on p183.,
Philips-MP20-MP90-Manual,sec_0302,183,5.4-gaps_duplicates,PASS,,Nodes 3242-3245 and 3232 cover all text from 'SpO2 Sensors' to the end of the CAUTION box. No gap and no duplicate.,
Philips-MP20-MP90-Manual,sec_0302,183,5.4-flagged_for_review,PASS,,"sec_0302 has flagged_for_review=false and verification_score=100. The heading is visible on the rendered page, so no flag is needed.",
Philips-MP20-MP90-Manual,sec_0302,183,5.4-structural_source,PASS,,structural_source='toc'. The heading text for sec_0302 is visible on the physical page and agrees with the bookmark title.,
Philips-MP20-MP90-Manual,sec_0302,183,5.6-numbering_scheme,PASS,,"numbering_scheme='arabic'. The printed folios are arabic numbers (for example 168 on physical p180), so this is correct.",
Philips-MP20-MP90-Manual,sec_0302,183,5.6-offset_applied,PASS,,"offset_applied=0 and page_start matches the physical page where the heading is rendered. The printed folio differs from the physical number, but the tree uses physical pages.",
Philips-MP20-MP90-Manual,sec_0302,183,5.5-filters_discarding,PASS,,"p183 has no figure. Only text, a CAUTION box and headings are visible.",
Philips-MP20-MP90-Manual,sec_0302,183,5.5-filters_passing_noise,PASS,,"No image of this section is a rule, divider or logo. Running headers and folios appear only as small text nodes.",
Philips-MP20-MP90-Manual,sec_0302,183,5.5-image_section_mapping,PASS,,"No figure is assigned to this section on the sampled page, and none is missing there.",
Philips-MP20-MP90-Manual,sec_0321,189,5.4-hierarchy_level,PASS,,On p189 'Introducing the Oscillometric NBP Measurement' is a section heading under the chapter title 'Monitoring NBP'. hierarchy_level=2 matches.,
Philips-MP20-MP90-Manual,sec_0321,189,5.4-parent_child,PASS,,"Parent sec_0320 is the chapter 'Monitoring NBP'. Children sec_0322, sec_0323 and sec_0324 are Measurement Limitations, Measurement Methods and Reference Method, which are the next headings on p190.",
Philips-MP20-MP90-Manual,sec_0321,189,5.4-page_start_end,PASS,,"page_start=189, page_end=190. P189 has the heading, two paragraphs and the WARNING block (3359-3366). P190 starts with the CAUTION about spilled liquid (3370, 3371), which still belongs here. 'Measurement Limitations' starts below it. The page range now covers the continued content.","Old problem (BUG-014, v2): now fixed. page_end is now 190 and the p190 CAUTION is in sec_0321."
Philips-MP20-MP90-Manual,sec_0321,189,5.4-hierarchy_path,PASS,,Path '/Monitoring NBP/Introducing the Oscillometric NBP Measurement' is correct.,
Philips-MP20-MP90-Manual,sec_0321,189,5.4-gaps_duplicates,PASS,,"All WARNING items (Patient Category, Intravenous infusion, Skin Damage, Unattended measurement) are present once. The p190 CAUTION is in this section too.",
Philips-MP20-MP90-Manual,sec_0321,189,5.4-flagged_for_review,PASS,,"sec_0321 has flagged_for_review=false and verification_score=100. The heading is visible on the rendered page, so no flag is needed.",
Philips-MP20-MP90-Manual,sec_0321,189,5.4-structural_source,PASS,,structural_source='toc'. The heading text for sec_0321 is visible on the physical page and agrees with the bookmark title.,
Philips-MP20-MP90-Manual,sec_0321,189,5.6-numbering_scheme,PASS,,"numbering_scheme='arabic'. The printed folios are arabic numbers (for example 168 on physical p180), so this is correct.",
Philips-MP20-MP90-Manual,sec_0321,189,5.6-offset_applied,PASS,,"offset_applied=0 and page_start matches the physical page where the heading is rendered. The printed folio differs from the physical number, but the tree uses physical pages.",
Philips-MP20-MP90-Manual,sec_0321,189,5.5-filters_discarding,PASS,,"p189 and p190 have no figure. Only text, a WARNING box and a CAUTION box.",
Philips-MP20-MP90-Manual,sec_0321,189,5.5-filters_passing_noise,PASS,,"No image of this section is a rule, divider or logo. Running headers and folios appear only as small text nodes.",
Philips-MP20-MP90-Manual,sec_0321,189,5.5-image_section_mapping,PASS,,"No figure is assigned to this section on the sampled page, and none is missing there.",
Philips-MP20-MP90-Manual,sec_0341,199,5.4-hierarchy_level,PASS,,On p199 'Setting up the Pressure Measurement' is a section heading under the chapter title. hierarchy_level=2 matches. The sub-headings on p200 are level 3.,
Philips-MP20-MP90-Manual,sec_0341,199,5.4-parent_child,PASS,,Parent sec_0340 is the chapter 'Monitoring Invasive Pressure'. Children sec_0342 and sec_0343 are the two label sections on p200-201.,
Philips-MP20-MP90-Manual,sec_0341,199,5.4-page_start_end,PASS,,"page_start=199, page_end=201. On p199 the section starts at the heading and has steps 1-3 and the photo labels (3525-3532). The chapter WARNING, CAUTION and intro above it belong to sec_0340. P200 holds steps 4-6 and the WARNINGs (3533-3541). P201 is covered by child sec_0343.",
Philips-MP20-MP90-Manual,sec_0341,199,5.4-hierarchy_path,PASS,,Path '/Monitoring Invasive Pressure/Setting up the Pressure Measurement' is correct.,
Philips-MP20-MP90-Manual,sec_0341,199,5.4-gaps_duplicates,PASS,,"Steps 1-6 and both WARNINGs are present once. The photo labels X1 MMS, X2 MMS and Module are in nodes 3529-3531.",
Philips-MP20-MP90-Manual,sec_0341,199,5.4-flagged_for_review,PASS,,"sec_0341 has flagged_for_review=false and verification_score=100. The heading is visible on the rendered page, so no flag is needed.",
Philips-MP20-MP90-Manual,sec_0341,199,5.4-structural_source,PASS,,structural_source='toc'. The heading text for sec_0341 is visible on the physical page and agrees with the bookmark title.,
Philips-MP20-MP90-Manual,sec_0341,199,5.6-numbering_scheme,PASS,,"numbering_scheme='arabic'. The printed folios are arabic numbers (for example 168 on physical p180), so this is correct.",
Philips-MP20-MP90-Manual,sec_0341,199,5.6-offset_applied,PASS,,"offset_applied=0 and page_start matches the physical page where the heading is rendered. The printed folio differs from the physical number, but the tree uses physical pages.",
Philips-MP20-MP90-Manual,sec_0341,199,5.5-filters_discarding,PASS,,"On p199 step 1 has three photos: X1 MMS, X2 MMS and Module. img_0110 (vector crop, 651x296 px) holds all three photos with their labels. img_0109 holds the full Module photo. No photo is lost now.","Old problem (BUG-020, v2): now fixed. The X2 MMS and Module photos are now kept. The right edge of the img_0110 crop cuts the Module photo, but img_0109 has the full photo. verify_claims flags the X1 (294x194 px) and X2 (128x294 px) rasters as missing standalone. Both are visible inside img_0110, so this flag is probably a false alarm."
Philips-MP20-MP90-Manual,sec_0341,199,5.5-filters_passing_noise,PASS,,img_0109 is the Module photo and img_0110 is the photo group with its labels. Both carry real content. The crop includes only the text labels of the photos. No rule or logo is kept.,img_0109 duplicates the Module photo that is also in img_0110. This is harmless.
Philips-MP20-MP90-Manual,sec_0341,199,5.5-image_section_mapping,PASS,,Both img_0109 and img_0110 are on p199 under the heading 'Setting up the Pressure Measurement' and mapped to sec_0341. This is correct.,
Philips-MP20-MP90-Manual,sec_0365,210,5.4-hierarchy_level,PASS,,"The heading 'Editing the Wedge' is drawn in the style of a level-2 heading (large bold heading at the same size as its siblings). hierarchy_level is 2, which matches.",
Philips-MP20-MP90-Manual,sec_0365,210,5.4-parent_child,PASS,,parent_section_id is sec_0340 (Monitoring Invasive Pressure) and the section has no children. This matches the heading nesting seen in the PDF pages 209-210.,
Philips-MP20-MP90-Manual,sec_0365,210,5.4-page_start_end,PASS,,"Heading 'Editing the Wedge' (#/texts/3728) is on p209 and steps 1-6 and the WARNING follow. On p210 the section owns the page header (#/texts/3739, #/texts/3740) and the paragraph 'If the PAWP (mean) is greater than the PAP' (#/texts/3741). That paragraph continues the WARNING box from p209, so it belongs here. The next heading on p210 starts sec_0366.",Boundary at p210 is correct. The header nodes belong to the page that continues this section.
Philips-MP20-MP90-Manual,sec_0365,210,5.4-hierarchy_path,PASS,,"hierarchy_path is '/Monitoring Invasive Pressure/Editing the Wedge'. Each level is a real heading in the PDF, in the right order, and the running header on p210 names the same chapter.",
Philips-MP20-MP90-Manual,sec_0365,210,5.4-gaps_duplicates,PASS,,p209 to p210 has no gap. The 14 nodes (#/texts/3728 to #/texts/3741) run in reading order. The p210 heading 'Identifying the Pressure Analog Output Connector' starts sec_0366 (#/texts/3742). No node is duplicated in sec_0366.,
Philips-MP20-MP90-Manual,sec_0365,210,5.4-flagged_for_review,PASS,,"flagged_for_review is false and verification_score is 100. The heading 'Editing the Wedge' is visible where the section starts, so the flag state is right.",
Philips-MP20-MP90-Manual,sec_0365,210,5.4-structural_source,PASS,,"structural_source is 'toc'. The title 'Editing the Wedge' matches a real heading in the PDF (pages 209-210), so the bookmark source is supported.",
Philips-MP20-MP90-Manual,sec_0365,210,5.6-numbering_scheme,PASS,,"The physical page p210 shows the printed folio 198 in arabic digits. numbering_scheme is 'arabic', which matches.",
Philips-MP20-MP90-Manual,sec_0365,210,5.6-offset_applied,PASS,,"offset_applied is 0 and the heading of this section is on the physical page given by page_start (209). The printed folio on p210 is 198, which is the usual front-matter shift of 12 pages, so the mapping is right.",
Philips-MP20-MP90-Manual,sec_0365,210,5.5-filters_discarding,PASS,,"The sampled p210 shows one figure, the pressure module drawing under the heading 'Identifying the Pressure Analog Output Connector'. It was extracted as img_0113 and belongs to sec_0366. This section has no figure of its own on p209 or p210.",
Philips-MP20-MP90-Manual,sec_0365,210,5.5-filters_passing_noise,PASS,,No image is mapped to sec_0365. The orange rule and the blue header bar on p210 were not kept as images.,
Philips-MP20-MP90-Manual,sec_0365,210,5.5-image_section_mapping,PASS,,The only image on p210 is img_0113. It sits below the heading of sec_0366 and is mapped to sec_0366. sec_0365 correctly has no image.,
Philips-MP20-MP90-Manual,sec_0367,211,5.4-hierarchy_level,PASS,,"The heading 'Monitoring Cardiac Output' is drawn in the style of a level-1 heading (chapter title with a large chapter number). hierarchy_level is 1, which matches.",
Philips-MP20-MP90-Manual,sec_0367,211,5.4-parent_child,PASS,,"parent_section_id is none (chapter 13, top level) and the section has 12 children (sec_0368 ... sec_0395). This matches the heading nesting seen in the PDF pages 211-226.",
Philips-MP20-MP90-Manual,sec_0367,211,5.4-page_start_end,PASS,,"p211 is the chapter opener. The big '13' (#/texts/3746) and a second '13' (#/texts/3747), the heading 'Monitoring Cardiac Output' (#/texts/3748) and the intro text (#/texts/3749 to #/texts/3759) are all here. The page header of p212 ('13 Monitoring Cardiac Output', 'Hemodynamic Parameters') is no longer in this section. The last node is folio '199' (#/texts/3760). The render shows only one '13', so #/texts/3747 is probably a hidden duplicate of the same chapter number.","Old problem (BUG-022, v2): now fixed. The p212 running header is not in sec_0367, and its own chapter number '13' is now here. The extra '13' is the same number, so it is cosmetic."
Philips-MP20-MP90-Manual,sec_0367,211,5.4-hierarchy_path,PASS,,"hierarchy_path is '/Monitoring Cardiac Output'. Each level is a real heading in the PDF, in the right order, and the running header on p211 names the same chapter.",
Philips-MP20-MP90-Manual,sec_0367,211,5.4-gaps_duplicates,PASS,,"No gap: the 15 nodes cover p211 from the chapter number to the folio. The first child, sec_0368 'Hemodynamic Parameters', starts on p212. The chapter number '13' appears twice (#/texts/3746, #/texts/3747) but both are in this same section and only one is visible, so no content is duplicated across sections.",The extra hidden '13' is a small noise node; it was not graded as a defect.
Philips-MP20-MP90-Manual,sec_0367,211,5.4-flagged_for_review,PASS,,"flagged_for_review is false and verification_score is 100. The heading 'Monitoring Cardiac Output' is visible where the section starts, so the flag state is right.",
Philips-MP20-MP90-Manual,sec_0367,211,5.4-structural_source,PASS,,"structural_source is 'toc'. The title 'Monitoring Cardiac Output' matches a real heading in the PDF (pages 211-226), so the bookmark source is supported.",
Philips-MP20-MP90-Manual,sec_0367,211,5.6-numbering_scheme,PASS,,"The physical page p211 shows the printed folio 199 in arabic digits. numbering_scheme is 'arabic', which matches.",
Philips-MP20-MP90-Manual,sec_0367,211,5.6-offset_applied,PASS,,"offset_applied is 0 and the heading of this section is on the physical page given by page_start (211). The printed folio on p211 is 199, which is the usual front-matter shift of 12 pages, so the mapping is right.",
Philips-MP20-MP90-Manual,sec_0367,211,5.5-filters_discarding,PASS,,"p211 has only text, bullet lists and a blue rule. No diagram or screenshot is on the page, and none was extracted.",
Philips-MP20-MP90-Manual,sec_0367,211,5.5-filters_passing_noise,PASS,,No image is mapped to sec_0367. The blue rule under the chapter number was not kept as an image.,
Philips-MP20-MP90-Manual,sec_0367,211,5.5-image_section_mapping,PASS,,No image is visible on p211 and none is mapped to sec_0367. The images.json list has no entry for p211.,
Philips-MP20-MP90-Manual,sec_0395,226,5.4-hierarchy_level,PASS,,"The heading 'C.O./CCO Safety Information' is drawn in the style of a level-2 heading (large bold heading at the same size as its siblings). hierarchy_level is 2, which matches.",
Philips-MP20-MP90-Manual,sec_0395,226,5.4-parent_child,PASS,,parent_section_id is sec_0367 (Monitoring Cardiac Output) and the section has no children. This matches the heading nesting seen in the PDF pages 224-226.,
Philips-MP20-MP90-Manual,sec_0395,226,5.4-page_start_end,PASS,,"p226 is a blank page with only the page header and folio '214'. Its three nodes (#/texts/4048 to #/texts/4050) are header, header and folio. The chapter number '14' from p227 is no longer in this section; sec_0396 has it. page_end 226 is right.","Old problem (BUG-022, v2): now fixed. The trailing '14' nodes are not in sec_0395 any more."
Philips-MP20-MP90-Manual,sec_0395,226,5.4-hierarchy_path,PASS,,"hierarchy_path is '/Monitoring Cardiac Output/C.O./CCO Safety Information'. Each level is a real heading in the PDF, in the right order, and the running header on p226 names the same chapter.",
Philips-MP20-MP90-Manual,sec_0395,226,5.4-gaps_duplicates,PASS,,"17 nodes run from the heading (#/texts/4034, p224) to the folio on p226 (#/texts/4050), in order. The previous section sec_0394 ends with the Warning Messages table on p224. The next section sec_0396 starts on p227. No gap and no duplicate.",
Philips-MP20-MP90-Manual,sec_0395,226,5.4-flagged_for_review,PASS,,"flagged_for_review is false and verification_score is 100. The heading 'C.O./CCO Safety Information' is visible where the section starts, so the flag state is right.",
Philips-MP20-MP90-Manual,sec_0395,226,5.4-structural_source,PASS,,"structural_source is 'toc'. The title 'C.O./CCO Safety Information' matches a real heading in the PDF (pages 224-226), so the bookmark source is supported.",
Philips-MP20-MP90-Manual,sec_0395,226,5.6-numbering_scheme,PASS,,"The physical page p226 shows the printed folio 214 in arabic digits. numbering_scheme is 'arabic', which matches.",
Philips-MP20-MP90-Manual,sec_0395,226,5.6-offset_applied,PASS,,"offset_applied is 0 and the heading of this section is on the physical page given by page_start (224). The printed folio on p226 is 214, which is the usual front-matter shift of 12 pages, so the mapping is right.",
Philips-MP20-MP90-Manual,sec_0395,226,5.5-filters_discarding,PASS,,"p226 has no content except the header and folio. No diagram or screenshot is on the page, and none was extracted.",
Philips-MP20-MP90-Manual,sec_0395,226,5.5-filters_passing_noise,PASS,,No image is mapped to sec_0395. The yellow rules and blue header bar on p226 were not kept as images.,
Philips-MP20-MP90-Manual,sec_0395,226,5.5-image_section_mapping,PASS,,No image is on p226 and none is mapped to sec_0395.,
Philips-MP20-MP90-Manual,sec_0396,227,5.4-hierarchy_level,PASS,,"The heading 'Monitoring Carbon Dioxide' is drawn in the style of a level-1 heading (chapter title with a large chapter number). hierarchy_level is 1, which matches.",
Philips-MP20-MP90-Manual,sec_0396,227,5.4-parent_child,PASS,,"parent_section_id is none (chapter 14, top level) and the section has 4 children (sec_0397, sec_0402, sec_0407, sec_0413). This matches the heading nesting seen in the PDF pages 227-236.",
Philips-MP20-MP90-Manual,sec_0396,227,5.4-page_start_end,PASS,,"p227 is the chapter 14 opener: the big '14' (#/texts/4051, #/texts/4052), the heading 'Monitoring Carbon Dioxide' (#/texts/4053), the WARNING box and the intro text down to folio '215' (#/texts/4068). The chapter intro continues on p228 above the heading 'Measuring CO2 using M3014A or X2' (#/texts/4069 to #/texts/4080), so those nodes belong here. sec_0397 starts at its heading on p228.",
Philips-MP20-MP90-Manual,sec_0396,227,5.4-hierarchy_path,PASS,,"hierarchy_path is '/Monitoring Carbon Dioxide'. Each level is a real heading in the PDF, in the right order, and the running header on p227 names the same chapter.",
Philips-MP20-MP90-Manual,sec_0396,227,5.4-gaps_duplicates,PASS,,"28 nodes, p227 to p228, in order. The chapter number '14' appears twice (#/texts/4051, #/texts/4052) in this same section and only one is visible, so it is a harmless duplicate. The p228 paragraphs above the sec_0397 heading are the chapter intro and are correctly owned here.",The extra hidden '14' is a small noise node; it was not graded as a defect.
Philips-MP20-MP90-Manual,sec_0396,227,5.4-flagged_for_review,PASS,,"flagged_for_review is false and verification_score is 100. The heading 'Monitoring Carbon Dioxide' is visible where the section starts, so the flag state is right.",
Philips-MP20-MP90-Manual,sec_0396,227,5.4-structural_source,PASS,,"structural_source is 'toc'. The title 'Monitoring Carbon Dioxide' matches a real heading in the PDF (pages 227-236), so the bookmark source is supported.",
Philips-MP20-MP90-Manual,sec_0396,227,5.6-numbering_scheme,PASS,,"The physical page p227 shows the printed folio 215 in arabic digits. numbering_scheme is 'arabic', which matches.",
Philips-MP20-MP90-Manual,sec_0396,227,5.6-offset_applied,PASS,,"offset_applied is 0 and the heading of this section is on the physical page given by page_start (227). The printed folio on p227 is 215, which is the usual front-matter shift of 12 pages, so the mapping is right.",
Philips-MP20-MP90-Manual,sec_0396,227,5.5-filters_discarding,PASS,,"p227 has only text, bullets and a WARNING box. No diagram or screenshot is on the page, and none was extracted.",
Philips-MP20-MP90-Manual,sec_0396,227,5.5-filters_passing_noise,PASS,,No image is mapped to sec_0396. The blue rule under the chapter number and the orange WARNING rules were not kept as images.,
Philips-MP20-MP90-Manual,sec_0396,227,5.5-image_section_mapping,PASS,,No image is on p227 and none is mapped to sec_0396.,
Philips-MP20-MP90-Manual,sec_0416,236,5.4-hierarchy_level,PASS,,"The heading 'Suppressing Sampling (not Mainstream CO2)' is drawn in the style of a level-3 heading (smaller bold heading below a level-2 heading). hierarchy_level is 3, which matches.",
Philips-MP20-MP90-Manual,sec_0416,236,5.4-parent_child,PASS,,parent_section_id is sec_0413 (Setting up all CO2 Measurements) and the section has no children. This matches the heading nesting seen in the PDF pages 235-236.,
Philips-MP20-MP90-Manual,sec_0416,236,5.4-page_start_end,PASS,,"The heading 'Suppressing Sampling (not Mainstream CO2)' (#/texts/4214) is at the bottom of p235 with 'To temporarily stop sampling' and one step. On p236 the section continues with the page header (#/texts/4218, #/texts/4219), 'Selecting Pump 15Min Off again' (#/texts/4221), 'To re-start the pump,' (#/texts/4222) and 'Pump On' (#/texts/4223). The heading 'Changing CO2 Alarms' starts sec_0417, and the WARNING #/texts/4220 is in sec_0418.",
Philips-MP20-MP90-Manual,sec_0416,236,5.4-hierarchy_path,PASS,,"hierarchy_path is '/Monitoring Carbon Dioxide/Setting up all CO2 Measurements/Suppressing Sampling (not Mainstream CO2)'. Each level is a real heading in the PDF, in the right order, and the running header on p236 names the same chapter.",
Philips-MP20-MP90-Manual,sec_0416,236,5.4-gaps_duplicates,PASS,,"9 nodes from p235 to p236 with no gap. The 'Correction' table on p235 is in sec_0415, not here. The p236 text above 'Changing CO2 Alarms' is all in this section. No node is duplicated.",
Philips-MP20-MP90-Manual,sec_0416,236,5.4-flagged_for_review,PASS,,"flagged_for_review is false and verification_score is 100. The heading 'Suppressing Sampling (not Mainstream CO2)' is visible where the section starts, so the flag state is right.",
Philips-MP20-MP90-Manual,sec_0416,236,5.4-structural_source,PASS,,"structural_source is 'toc'. The title 'Suppressing Sampling (not Mainstream CO2)' matches a real heading in the PDF (pages 235-236), so the bookmark source is supported.",
Philips-MP20-MP90-Manual,sec_0416,236,5.6-numbering_scheme,PASS,,"The physical page p236 shows the printed folio 224 in arabic digits. numbering_scheme is 'arabic', which matches.",
Philips-MP20-MP90-Manual,sec_0416,236,5.6-offset_applied,PASS,,"offset_applied is 0 and the heading of this section is on the physical page given by page_start (235). The printed folio on p236 is 224, which is the usual front-matter shift of 12 pages, so the mapping is right.",
Philips-MP20-MP90-Manual,sec_0416,236,5.5-filters_discarding,PASS,,"p235 and p236 have only text and one table. No diagram or screenshot is on these pages, and none was extracted.",
Philips-MP20-MP90-Manual,sec_0416,236,5.5-filters_passing_noise,PASS,,No image is mapped to sec_0416. The orange WARNING rules on p236 were not kept as images.,
Philips-MP20-MP90-Manual,sec_0416,236,5.5-image_section_mapping,PASS,,No image is on p236 and none is mapped to sec_0416.,
Philips-MP20-MP90-Manual,sec_0421,237,5.4-hierarchy_level,PASS,,"sec_0421 is the chapter-opening page of chapter 15 on p237, with the large number '15' and a large title. Level 1 is correct.",
Philips-MP20-MP90-Manual,sec_0421,237,5.4-parent_child,PASS,,"sec_0421 is a root section (parent None). Its children are sec_0422, sec_0423, sec_0424, sec_0427, sec_0428 and sec_0429, all level 2. They start on p238 to p242, after this intro page.",sec_0425 and sec_0426 are not direct children. They are probably level 3 under sec_0424.
Philips-MP20-MP90-Manual,sec_0421,237,5.4-page_start_end,PASS,,"On p237 the section owns the chapter title, the intro paragraphs, the bullet lists, the WARNING box and the folio '225' (#/texts/4245 to 4270). The first child heading starts on p238. page_end 244 is the end of the last child sec_0429, so it is right.",
Philips-MP20-MP90-Manual,sec_0421,237,5.4-hierarchy_path,PASS,,"hierarchy_path is /Monitoring Airway Flow, Volume and Pressure. It is a root section and matches the chapter title on p237.",
Philips-MP20-MP90-Manual,sec_0421,237,5.4-gaps_duplicates,PASS,,All 26 nodes are on p237 and each text block on the page appears once. The two '15' nodes are the printed chapter number. The previous section sec_0420 ends on p236 and does not take p237 text.,
Philips-MP20-MP90-Manual,sec_0421,237,5.4-flagged_for_review,PASS,,"flagged_for_review is false and verification_score is 100. The chapter title is on p237, so the flag is right.",
Philips-MP20-MP90-Manual,sec_0421,237,5.4-structural_source,PASS,,structural_source is 'toc'. The bookmark title and p237 match the rendered chapter opening.,
Philips-MP20-MP90-Manual,sec_0421,237,5.6-numbering_scheme,PASS,,numbering_scheme is 'arabic'. The folio on p237 is '225'.,
Philips-MP20-MP90-Manual,sec_0421,237,5.6-offset_applied,PASS,,offset_applied is 0. The chapter heading is on physical p237 as the bookmark says.,
Philips-MP20-MP90-Manual,sec_0421,237,5.5-filters_discarding,PASS,,p237 has only text and one WARNING box. There is no figure or icon. Nothing meaningful was discarded.,
Philips-MP20-MP90-Manual,sec_0421,237,5.5-filters_passing_noise,PASS,,No image is mapped to sec_0421 and none is visible on p237.,
Philips-MP20-MP90-Manual,sec_0421,237,5.5-image_section_mapping,PASS,,No image on p237 and none in images.json for sec_0421. Both agree.,
Philips-MP20-MP90-Manual,sec_0441,245,5.4-hierarchy_level,PASS,,On p245 'Identifying tcGas Module Components' is a level-2 heading below the chapter title 'Monitoring tcGas'. It uses the same large font as other level-2 headings.,
Philips-MP20-MP90-Manual,sec_0441,245,5.4-parent_child,PASS,,"Parent is sec_0440 'Monitoring tcGas', the chapter 16 root. The heading follows the chapter intro text on p245. sec_0441 has no children and none are needed.",
Philips-MP20-MP90-Manual,sec_0441,245,5.4-page_start_end,PASS,,"sec_0441 spans p245. It owns the heading, the key list '1 press to enter Setup tcGas menu' to '4 transducer connector', the figure labels and the folio '233'. The four intro paragraphs above the heading are in sec_0440 (#/texts/4398 to 4401), which is right. Next section sec_0442 starts on p246.",
Philips-MP20-MP90-Manual,sec_0441,245,5.4-hierarchy_path,PASS,,hierarchy_path is /Monitoring tcGas/Identifying tcGas Module Components. It matches the chapter title and the heading on p245.,
Philips-MP20-MP90-Manual,sec_0441,245,5.4-gaps_duplicates,PASS,,"Key list, figure labels and folio are in sec_0441 once each. The intro text is in sec_0440 once. The figure labels (M1018A, tcGas, O2/CO2, CAL, 1 to 4) are also text nodes #/texts/4407 to 4415.",The labels are part of the module picture. They repeat the text inside img_0133 but cause no loss. '80 x 70' is not visible on p245; it is probably hidden text.
Philips-MP20-MP90-Manual,sec_0441,245,5.4-flagged_for_review,PASS,,"flagged_for_review is false and verification_score is 100. The heading is on p245, so the flag is right.",
Philips-MP20-MP90-Manual,sec_0441,245,5.4-structural_source,PASS,,structural_source is 'toc'. The title and p245 match the rendered page.,
Philips-MP20-MP90-Manual,sec_0441,245,5.6-numbering_scheme,PASS,,numbering_scheme is 'arabic'. The folio on p245 is '233'.,
Philips-MP20-MP90-Manual,sec_0441,245,5.6-offset_applied,PASS,,offset_applied is 0. The heading is on physical p245 as the bookmark says.,
Philips-MP20-MP90-Manual,sec_0441,245,5.5-filters_discarding,PASS,,"p245 has one figure: the tcGas module with callouts 1 to 4. It is kept as img_0133 (351x326, origin vector). Nothing meaningful was discarded.",
Philips-MP20-MP90-Manual,sec_0441,245,5.5-filters_passing_noise,PASS,,"img_0133 shows only the module and its callout lines and numbers. No logo, rule or other decoration is in the crop.",
Philips-MP20-MP90-Manual,sec_0441,245,5.5-image_section_mapping,PASS,,"img_0133 on p245 is mapped to sec_0441. The figure sits under the heading 'Identifying tcGas Module Components' and next to its key list, so the mapping is right.",
Philips-MP20-MP90-Manual,sec_0461,253,5.4-hierarchy_level,PASS,,"sec_0461 is the chapter-opening page of chapter 17 on p253, with the large number '17' and a large title. Level 1 is correct.",
Philips-MP20-MP90-Manual,sec_0461,253,5.4-parent_child,PASS,,"sec_0461 is a root section. Its level-2 children are sec_0462, sec_0463, sec_0470 and sec_0477, in page order from p254 to p260.",
Philips-MP20-MP90-Manual,sec_0461,253,5.4-page_start_end,PASS,,"On p253 the section owns the title, intro, the two module labels, the WARNING box and the footnote (#/texts/4515 to 4528). On p254 it also owns the CAUTION box, which is printed before the heading 'Selecting a Measurement Label', so the owner is right. Its page_end 260 is the end of the last child sec_0477.","On p254 the running header nodes #/texts/4529 and 4530 are also in sec_0461. They come before the CAUTION box, so this is only page furniture (BUG-022 family) with no impact."
Philips-MP20-MP90-Manual,sec_0461,253,5.4-hierarchy_path,PASS,,hierarchy_path is /Monitoring Intravascular Oxygen Saturation. It is a root section and matches the chapter title on p253.,
Philips-MP20-MP90-Manual,sec_0461,253,5.4-gaps_duplicates,PASS,,Each text block on p253 appears once. The sidenote 'MP60/70/80/90 monitors only' and the footnote are kept. The chapter-17 nodes are not repeated in sec_0462.,
Philips-MP20-MP90-Manual,sec_0461,253,5.4-flagged_for_review,PASS,,"flagged_for_review is false and verification_score is 100. The chapter title is on p253, so the flag is right.",
Philips-MP20-MP90-Manual,sec_0461,253,5.4-structural_source,PASS,,structural_source is 'toc'. The bookmark title and p253 match the rendered chapter opening.,
Philips-MP20-MP90-Manual,sec_0461,253,5.6-numbering_scheme,PASS,,numbering_scheme is 'arabic'. The folio on p253 is '241'.,
Philips-MP20-MP90-Manual,sec_0461,253,5.6-offset_applied,PASS,,offset_applied is 0. The chapter heading is on physical p253 as the bookmark says.,
Philips-MP20-MP90-Manual,sec_0461,253,5.5-filters_discarding,PASS,,p253 shows two module photos: M1011A (narrow) and M1021A (wide). Both are in images.json as img_0141 (128x275) and img_0142 (209x256). I checked both crops. Each is whole and none is cut.,"Old problem (BUG-017, v2): now fixed. The small M1011A photo was dropped before; now it is kept."
Philips-MP20-MP90-Manual,sec_0461,253,5.5-filters_passing_noise,PASS,,"img_0141 and img_0142 are real product photos. No logo, rule or decoration is kept for sec_0461.",
Philips-MP20-MP90-Manual,sec_0461,253,5.5-image_section_mapping,PASS,,"Both photos on p253 are mapped to sec_0461. They sit under the chapter intro and above the WARNING box, so the mapping is right.",
Philips-MP20-MP90-Manual,sec_0480,261,5.4-hierarchy_level,PASS,,"sec_0480 is the chapter-opening page of chapter 18 on p261, with the large number '18' and a large title. Level 1 is correct.",
Philips-MP20-MP90-Manual,sec_0480,261,5.4-parent_child,PASS,,"sec_0480 is a root section. Its level-2 children are sec_0481, sec_0482, sec_0487, sec_0489, sec_0494, sec_0495 and sec_0496, from p262 to p268.",
Philips-MP20-MP90-Manual,sec_0480,261,5.4-page_start_end,PASS,,"sec_0480 owns only p261 nodes (#/texts/4670 to 4683): number, title, intro, definitions and folio '249'. The p262 running header 'EEG Monitoring Setup' is now the first node of sec_0481, not of sec_0480. page_end 268 is the end of the last child sec_0496 (p268).","Old problem (BUG-022, v2): now fixed. The p262 running header is no longer in sec_0480."
Philips-MP20-MP90-Manual,sec_0480,261,5.4-hierarchy_path,PASS,,hierarchy_path is /Monitoring EEG. It is a root section and matches the chapter title on p261.,
Philips-MP20-MP90-Manual,sec_0480,261,5.4-gaps_duplicates,PASS,,"Intro, SEF, MDF, PPF, TP and the four band lines on p261 each appear once in sec_0480. No p261 text is in sec_0481. The p262 header is not repeated in two sections.",
Philips-MP20-MP90-Manual,sec_0480,261,5.4-flagged_for_review,PASS,,"flagged_for_review is false and verification_score is 100. The chapter title is on p261, so the flag is right.",
Philips-MP20-MP90-Manual,sec_0480,261,5.4-structural_source,PASS,,structural_source is 'toc'. The bookmark title and p261 match the rendered chapter opening.,
Philips-MP20-MP90-Manual,sec_0480,261,5.6-numbering_scheme,PASS,,numbering_scheme is 'arabic'. The folio on p261 is '249'.,
Philips-MP20-MP90-Manual,sec_0480,261,5.6-offset_applied,PASS,,offset_applied is 0. The chapter heading is on physical p261 as the bookmark says.,
Philips-MP20-MP90-Manual,sec_0480,261,5.5-filters_discarding,PASS,,p261 has only text. The sampled end page p268 has only text and warning boxes. There is no figure or icon to discard.,
Philips-MP20-MP90-Manual,sec_0480,261,5.5-filters_passing_noise,PASS,,No image is mapped to sec_0480. None is visible on p261.,
Philips-MP20-MP90-Manual,sec_0480,261,5.5-image_section_mapping,PASS,,"No image on p261 and none mapped to sec_0480. The p262 screen picture (img_0146) is mapped to sec_0482, which is right.",
Philips-MP20-MP90-Manual,sec_0497,269,5.4-hierarchy_level,PASS,,"On p269 ""Monitoring BIS"" is the big chapter title with the number 19. The tree has level 1. This matches the bookmark.",
Philips-MP20-MP90-Manual,sec_0497,269,5.4-parent_child,PASS,,"sec_0497 has parent_section_id null and is a chapter. Its first child sec_0498 ""BIS Monitoring Setup"" starts on p270. The child list is coherent.",
Philips-MP20-MP90-Manual,sec_0497,269,5.4-page_start_end,PASS,,"On p269 the section nodes run from the chapter number and title to the last ""Bursts"" paragraph and the folio 257. No node from p270 is in sec_0497. Its first child sec_0498 starts with the p270 running header (#/texts/4813).","Old problem (BUG-022, v2): now fixed. The p270 running header is no longer in sec_0497. The page_end 276 matches the last child sec_0512."
Philips-MP20-MP90-Manual,sec_0497,269,5.4-hierarchy_path,PASS,,"The path ""/Monitoring BIS"" is correct for a top-level chapter on p269.",
Philips-MP20-MP90-Manual,sec_0497,269,5.4-gaps_duplicates,PASS,,"All 19 nodes (#/texts/4794 to 4812) are the p269 intro, the numeric definitions and the folio. Nothing is missing and nothing is repeated in sec_0498.",
Philips-MP20-MP90-Manual,sec_0497,269,5.4-flagged_for_review,PASS,,"flagged_for_review is false and verification_score is 100. The title is on the rendered p269, so no flag is needed.",
Philips-MP20-MP90-Manual,sec_0497,269,5.4-structural_source,PASS,,"structural_source is ""toc"". The title ""Monitoring BIS"" is on p269 and matches the bookmark.",
Philips-MP20-MP90-Manual,sec_0497,269,5.6-numbering_scheme,PASS,,"The numbering scheme is ""arabic"". The printed folio on p269 is 257, an arabic number.",
Philips-MP20-MP90-Manual,sec_0497,269,5.6-offset_applied,PASS,,offset_applied is 0. The chapter title is on physical p269 and the bookmark points to p269. This matches the neighbour sections.,
Philips-MP20-MP90-Manual,sec_0497,269,5.5-filters_discarding,PASS,,"p269 has only text and the blue rule. No figure or screenshot is visible, and images.json lists none for this page.",
Philips-MP20-MP90-Manual,sec_0497,269,5.5-filters_passing_noise,PASS,,No image is mapped to sec_0497. The blue rule under the chapter number is not kept as an image.,
Philips-MP20-MP90-Manual,sec_0497,269,5.5-image_section_mapping,PASS,,"No image is mapped to sec_0497, and p269 shows no figure. Nothing needs mapping.",
Philips-MP20-MP90-Manual,sec_0515,277,5.4-hierarchy_level,PASS,,"On p277 ""Indirect Connection - Manual Pairing"" is a small bold heading under the larger ""How Can You Combine Devices?"". The tree has level 3, and the bookmark has level 3.",
Philips-MP20-MP90-Manual,sec_0515,277,5.4-parent_child,PASS,,"Parent is sec_0514 ""How Can You Combine Devices?"". The only child is sec_0516 ""Telemetry Data Window"". The bookmark list has the same nesting (level 4 after level 3).",
Philips-MP20-MP90-Manual,sec_0515,277,5.4-page_start_end,PASS,,"The section starts at the heading on p277 and has text, steps 1-3 and the folio 265. On p278 it has the running header and the paragraph ""Pairing at the monitor is only possible..."". Then sec_0516 starts. page_end is 278.","Old problem (BUG-014, v2): now fixed. page_end is 278, so the p278 paragraph is inside the range."
Philips-MP20-MP90-Manual,sec_0515,277,5.4-hierarchy_path,PASS,,"The path ""/Assigning Two Devices to One Patient/How Can You Combine Devices?/Indirect Connection - Manual Pairing"" matches the bookmarks and the page.",
Philips-MP20-MP90-Manual,sec_0515,277,5.4-gaps_duplicates,FAIL,Medium,"Node #/texts/4983 is a lone ""WARNING"" label in sec_0515. The real warning box is lower on p278 under the telemetry image. Its text, with the word WARNING, is in sec_0516 (#/texts/5009). So the label is a duplicate in the wrong section.","Lead change: Low to Critical. An approved row in v2.4 (sec_0013 p21, #/texts/203) graded the same pattern Critical: one WARNING box label stored in another section. The label probably belongs to a WARNING box lower on p278 (sec_0516 or sec_0517). Probably BUG-023. The human may lower it, because only one word moved."
Philips-MP20-MP90-Manual,sec_0515,277,5.4-flagged_for_review,PASS,,flagged_for_review is false and the heading is clearly visible on p277. No flag is needed.,
Philips-MP20-MP90-Manual,sec_0515,277,5.4-structural_source,PASS,,"structural_source is ""toc"". The heading is on p277 and matches the bookmark.",
Philips-MP20-MP90-Manual,sec_0515,277,5.6-numbering_scheme,PASS,,"The numbering scheme is ""arabic"". The folio on p277 is 265.",
Philips-MP20-MP90-Manual,sec_0515,277,5.6-offset_applied,PASS,,"offset_applied is 0. The heading is on physical p277, as in the bookmark. Neighbour sections also use offset 0.",
Philips-MP20-MP90-Manual,sec_0515,277,5.5-filters_discarding,PASS,,"p277 has no figure. On p278 the telemetry screenshot is extracted as img_0153. It is mapped to sec_0516, the section of its heading.",
Philips-MP20-MP90-Manual,sec_0515,277,5.5-filters_passing_noise,PASS,,"No image is mapped to sec_0515. The only image on p278, img_0153, is a real screenshot and not noise.",
Philips-MP20-MP90-Manual,sec_0515,277,5.5-image_section_mapping,PASS,,"sec_0515 has no image. img_0153 on p278 sits below the heading ""Telemetry Data Window"", so sec_0516 is the right owner.",
Philips-MP20-MP90-Manual,sec_0531,283,5.4-hierarchy_level,PASS,,"""Trends Pop-Up Keys"" on p283 is a small bold heading under ""Viewing Trends"". The tree has level 3. This matches the bookmark.",
Philips-MP20-MP90-Manual,sec_0531,283,5.4-parent_child,PASS,,"Parent is sec_0530 ""Viewing Trends"". Next sibling is sec_0532 ""Viewing Graphic Trends"". sec_0531 has no children, which is right.",
Philips-MP20-MP90-Manual,sec_0531,283,5.4-page_start_end,PASS,,"The heading and one intro paragraph are at the bottom of p283, then the folio 271. On p284 the section has the running header and the pop-up keys table #/tables/98. The next heading ""Viewing Graphic Trends"" is below the table and belongs to sec_0532.","Old problem (BUG-019, v2): now fixed. The Viewing Trends intro is in sec_0530 and this section has its own body."
Philips-MP20-MP90-Manual,sec_0531,283,5.4-hierarchy_path,PASS,,"The path ""/Trends/Viewing Trends/Trends Pop-Up Keys"" is correct.",
Philips-MP20-MP90-Manual,sec_0531,283,5.4-gaps_duplicates,PASS,,"Nodes #/texts/5112 to 5116 and #/tables/98 cover the p283 text and the p284 table. The sec_0530 body (SmartKey bullets) is in sec_0530, not here. No node is repeated.","Old problem (BUG-019, v2): now fixed."
Philips-MP20-MP90-Manual,sec_0531,283,5.4-flagged_for_review,PASS,,flagged_for_review is false and the heading is clear on p283. No flag is needed.,
Philips-MP20-MP90-Manual,sec_0531,283,5.4-structural_source,PASS,,"structural_source is ""toc"". The heading is on p283 and matches the bookmark.",
Philips-MP20-MP90-Manual,sec_0531,283,5.6-numbering_scheme,PASS,,"The numbering scheme is ""arabic"". The folio on p283 is 271 and on p284 is 272.",
Philips-MP20-MP90-Manual,sec_0531,283,5.6-offset_applied,PASS,,"offset_applied is 0. The heading is on physical p283, as in the bookmark. Neighbour sections also use offset 0.",
Philips-MP20-MP90-Manual,sec_0531,283,5.6-table_content,PASS,,The table #/tables/98 on p284 has a header and 11 rows. All row names and descriptions match the render. In rows 5 to 8 the first cell is empty because it holds an arrow icon. The icon text is not in the table.,The meaning of each row is kept in the description. The missing icons are graded in 5.5-filters_discarding. No extra table FAIL.
Philips-MP20-MP90-Manual,sec_0531,283,5.5-filters_discarding,FAIL,Low,"p284 has four arrow-key icons in the first column of the table. They are not in images.json. Only img_0157 (the graph screenshot, mapped to sec_0532) is listed for p284. The text still says what each key does. The three SmartKey icons on p283 are now extracted as img_0154 to img_0156.","Old problem (BUG-020, v2.4): partly fixed. The 3 SmartKey icons on p283 are now extracted. The 4 table icons are still dropped. They are small and their meaning is in the text, so Low."
Philips-MP20-MP90-Manual,sec_0531,283,5.5-filters_passing_noise,PASS,,"The kept images on these pages are img_0154 to img_0156 (SmartKey icons) and img_0157 (screenshot). They are real content, not noise.",
Philips-MP20-MP90-Manual,sec_0531,283,5.5-image_section_mapping,PASS,,"img_0154 to img_0156 sit beside the bullets of sec_0530 and are mapped to sec_0530. img_0157 is below the heading ""Viewing Graphic Trends"" and is mapped to sec_0532. sec_0531 has no own image extracted.",
Philips-MP20-MP90-Manual,sec_0560,294,5.4-hierarchy_level,PASS,,"""Setting the Horizon"" on p294 is a small bold heading. The tree has level 4 and the bookmark list agrees.",
Philips-MP20-MP90-Manual,sec_0560,294,5.4-parent_child,PASS,,"Parent is sec_0556 ""Changing the Screen Trend View"". Siblings sec_0559 before and sec_0561 after. It has no children, which is right.",
Philips-MP20-MP90-Manual,sec_0560,294,5.4-page_start_end,PASS,,"On p294 the section has its heading, the definition, steps 1 and 2 and the five options (Set High Horizon, Set Low Horizon, Auto Horizon, Auto All, Set Horizon). The next heading ""Setting the Horizon Trend Scale"" starts sec_0561, which keeps its own text.","Old problem (BUG-019, v2): now fixed. The body is in sec_0560 and no longer in sec_0561."
Philips-MP20-MP90-Manual,sec_0560,294,5.4-hierarchy_path,PASS,,"The path ""/Trends/Screen Trends/Changing the Screen Trend View/Setting the Horizon"" is correct.",
Philips-MP20-MP90-Manual,sec_0560,294,5.4-gaps_duplicates,PASS,,sec_0560 has 11 nodes (#/texts/5349 to 5359). sec_0561 starts at #/texts/5360 with its own heading. No gap and no repeat.,"Old problem (BUG-019, v2): now fixed. The section is no longer empty."
Philips-MP20-MP90-Manual,sec_0560,294,5.4-flagged_for_review,PASS,,flagged_for_review is false and the heading is clear on p294. No flag is needed.,
Philips-MP20-MP90-Manual,sec_0560,294,5.4-structural_source,PASS,,"structural_source is ""toc"". The heading is on p294 and matches the bookmark.",
Philips-MP20-MP90-Manual,sec_0560,294,5.6-numbering_scheme,PASS,,"The numbering scheme is ""arabic"". The folio on p294 is 282.",
Philips-MP20-MP90-Manual,sec_0560,294,5.6-offset_applied,PASS,,"offset_applied is 0. The heading is on physical p294, as in the bookmark. Neighbour sections also use offset 0.",
Philips-MP20-MP90-Manual,sec_0560,294,5.5-filters_discarding,PASS,,"p294 has no figure or icon. Only text is visible, and images.json lists no image for p294.",
Philips-MP20-MP90-Manual,sec_0560,294,5.5-filters_passing_noise,PASS,,No image is mapped to sec_0560 on p294.,
Philips-MP20-MP90-Manual,sec_0560,294,5.5-image_section_mapping,PASS,,sec_0560 has no image and p294 shows no figure. Nothing needs mapping.,
Philips-MP20-MP90-Manual,sec_0564,295,5.4-hierarchy_level,PASS,,'Viewing Calculations' is level 2 (a heading under chapter 22 Calculations). The stored hierarchy_level matches the heading style on the page.,
Philips-MP20-MP90-Manual,sec_0564,295,5.4-parent_child,PASS,,"sec_0564 sits under sec_0563 Calculations, which is the correct chapter or section. Its child list matches the headings printed below it.",
Philips-MP20-MP90-Manual,sec_0564,295,5.4-page_start_end,PASS,,"On p295 the heading and two bullets of 'Viewing Calculations' are in sec_0564 (#/texts/5379-5382). The chapter intro and the list of calculations are above the heading, in sec_0563. page_end 297 holds the Pop-Up Keys table of child sec_0566. The page-296 running header nodes are no longer in sec_0564.","Old problem (BUG-014, v2.4): now fixed. Running-header nodes #/texts/5383-5384 are no longer in this section."
Philips-MP20-MP90-Manual,sec_0564,295,5.4-hierarchy_path,PASS,,"hierarchy_path of sec_0564 is correct and ordered: chapter, then parent, then 'Viewing Calculations'.",
Philips-MP20-MP90-Manual,sec_0564,295,5.4-gaps_duplicates,PASS,,"Nodes of sec_0564 (#/texts/5379-5382 (heading, two bullets, folio 283)) are in reading order. Nothing is missing, repeated or shared with a neighbour.",
Philips-MP20-MP90-Manual,sec_0564,295,5.4-flagged_for_review,PASS,,"sec_0564 has flagged_for_review = false. The section is correct, so no flag is needed.",
Philips-MP20-MP90-Manual,sec_0564,295,5.4-structural_source,PASS,,structural_source of sec_0564 is 'toc'. The heading is printed on the page where the bookmark points (p295).,
Philips-MP20-MP90-Manual,sec_0564,295,5.6-numbering_scheme,PASS,,Printed folios are arabic (for example 283). The scheme 'arabic' is correct.,
Philips-MP20-MP90-Manual,sec_0564,295,5.6-offset_applied,PASS,,"offset_applied is 0. The TOC pages are physical pages and the heading is on the expected page. The printed folio 283 differs from the physical page because of front matter, which is normal.",
Philips-MP20-MP90-Manual,sec_0564,295,5.5-filters_discarding,FAIL,Low,"On p295 the Calculations SmartKey icon (grey box with a small grid) is printed at the right of the first bullet. images.json has no image for p295-297, so the icon was not extracted. The bullet #/texts/5380 already says ""Select the Calculations SmartKey"".","Old problem (BUG-017, v2.4): still present. Small icon only, and its meaning is in the text, so Low."
Philips-MP20-MP90-Manual,sec_0564,295,5.5-filters_passing_noise,PASS,,"No decorative image is kept for sec_0564. No rule, logo or divider appears in images.json for this section.",
Philips-MP20-MP90-Manual,sec_0564,295,5.5-image_section_mapping,PASS,,"The only visual under this heading is the small SmartKey icon, which was not extracted (see filters_discarding). There is no extracted image to map. Nothing is mapped to a wrong section.",
Philips-MP20-MP90-Manual,sec_0583,303,5.4-hierarchy_level,PASS,,'Levels of Event Surveillance' is level 2 (a heading under chapter 24). The stored hierarchy_level matches the heading style on the page.,
Philips-MP20-MP90-Manual,sec_0583,303,5.4-parent_child,PASS,,"sec_0583 sits under sec_0582 Event Surveillance, which is the correct chapter or section. Its child list matches the headings printed below it.",
Philips-MP20-MP90-Manual,sec_0583,303,5.4-page_start_end,PASS,,"p303 holds the heading, intro and three bullets of the section (#/texts/5548-5553, folio 291). p304 holds the table #/tables/103 that the intro refers to. The nodes #/texts/5555-5556 on p304 are the running header ('24 Event Surveillance', 'Event Groups'). Heading 'Event Groups' belongs to sec_0584.",
Philips-MP20-MP90-Manual,sec_0583,303,5.4-hierarchy_path,PASS,,"hierarchy_path of sec_0583 is correct and ordered: chapter, then parent, then 'Levels of Event Surveillance'.",
Philips-MP20-MP90-Manual,sec_0583,303,5.4-gaps_duplicates,PASS,,"Nodes of sec_0583 (#/texts/5548-5556 and #/tables/103) are in reading order. Nothing is missing, repeated or shared with a neighbour.",
Philips-MP20-MP90-Manual,sec_0583,303,5.4-flagged_for_review,PASS,,"sec_0583 has flagged_for_review = false. The section is correct, so no flag is needed.",
Philips-MP20-MP90-Manual,sec_0583,303,5.4-structural_source,PASS,,structural_source of sec_0583 is 'toc'. The heading is printed on the page where the bookmark points (p303).,
Philips-MP20-MP90-Manual,sec_0583,303,5.6-numbering_scheme,PASS,,Printed folios are arabic (for example 291). The scheme 'arabic' is correct.,
Philips-MP20-MP90-Manual,sec_0583,303,5.6-offset_applied,PASS,,"offset_applied is 0. The TOC pages are physical pages and the heading is on the expected page. The printed folio 291 differs from the physical page because of front matter, which is normal.",
Philips-MP20-MP90-Manual,sec_0583,303,5.6-table_content,FAIL,Medium,"The table #/tables/103 is on p304, not p303. In the print the row labels (Event groups, Measurements per group, Annotation, ...) are in the first column. In #/tables/103 the labels are moved to the end of rows. Example: '3 | 3 (plus 1 for episode recording) | Measurements per group 4'. The value 4 belongs to Advanced but sits in the last cell. The header cell joins 'Event Functionality Basic Event Surveillance Option C06'.","Old problem (BUG-008, v2.13): still present. Values sit under the wrong column, so they cannot be matched to their option. Medium per the contract."
Philips-MP20-MP90-Manual,sec_0583,303,5.5-filters_discarding,PASS,,"p303 and p304 have no figure, only text and the table. No meaningful image was dropped.",
Philips-MP20-MP90-Manual,sec_0583,303,5.5-filters_passing_noise,PASS,,"No decorative image is kept for sec_0583. No rule, logo or divider appears in images.json for this section.",
Philips-MP20-MP90-Manual,sec_0583,303,5.5-image_section_mapping,PASS,,"images.json lists no image for sec_0583. The rendered pages show no figure under 'Levels of Event Surveillance', so nothing is mapped wrongly.",
Philips-MP20-MP90-Manual,sec_0599,312,5.4-hierarchy_level,PASS,,'Event Summary Window' is level 3 (same style as Event Review Window). The stored hierarchy_level matches the heading style on the page.,
Philips-MP20-MP90-Manual,sec_0599,312,5.4-parent_child,PASS,,"sec_0599 sits under sec_0595 Viewing Events, which is the correct chapter or section. Its child list matches the headings printed below it.",
Philips-MP20-MP90-Manual,sec_0599,312,5.4-page_start_end,PASS,,"Heading 'Event Summary Window' (#/texts/5715) starts on p312 and its text, table cells and last paragraph end before the heading 'Event Review Window' (sec_0600). Nodes #/texts/5713-5714 are running header text.",
Philips-MP20-MP90-Manual,sec_0599,312,5.4-hierarchy_path,PASS,,"hierarchy_path of sec_0599 is correct and ordered: chapter, then parent, then 'Event Summary Window'.",
Philips-MP20-MP90-Manual,sec_0599,312,5.4-gaps_duplicates,PASS,,Table cells of the symbol table are kept as separate paragraph nodes #/texts/5717-5735 in reading order. No node is missing or duplicated. Neighbour sec_0598 ends on p311 and sec_0600 begins on p312.,"The table became loose paragraphs, but the text is complete."
Philips-MP20-MP90-Manual,sec_0599,312,5.4-flagged_for_review,PASS,,"sec_0599 has flagged_for_review = false. The section is correct, so no flag is needed.",
Philips-MP20-MP90-Manual,sec_0599,312,5.4-structural_source,PASS,,structural_source of sec_0599 is 'toc'. The heading is printed on the page where the bookmark points (p312).,
Philips-MP20-MP90-Manual,sec_0599,312,5.6-numbering_scheme,PASS,,Printed folios are arabic (for example 300). The scheme 'arabic' is correct.,
Philips-MP20-MP90-Manual,sec_0599,312,5.6-offset_applied,PASS,,"offset_applied is 0. The TOC pages are physical pages and the heading is on the expected page. The printed folio 300 differs from the physical page because of front matter, which is normal.",
Philips-MP20-MP90-Manual,sec_0599,312,5.5-filters_discarding,FAIL,Medium,"On p312 the table 'symbol / meaning' has five status symbols (red, yellow and single-star alarm triangles, speaker, arrow). None was extracted as an image. Only the meaning text survives in #/texts/5719-5735, so the link between each symbol and its meaning is lost. The window screenshot (img_0174) is kept and shows the icons, but not with their meanings.","Old problem (BUG-017, v2): still present. Probably the small-image area filter drops them. Medium (not Low) by the agreed rule: the symbol column is unique information, even if each icon is small. verify_claims expects Low only because of icon size."
Philips-MP20-MP90-Manual,sec_0599,312,5.5-filters_passing_noise,PASS,,"img_0174 is the real window screenshot (icons, counts, timeline). It is not noise. No decorative image is kept.",
Philips-MP20-MP90-Manual,sec_0599,312,5.5-image_section_mapping,PASS,,The Event Summary screenshot on p312 is img_0174. It is mapped to sec_0599 and sits under its heading. That is correct. The table symbols are not extracted (see filters_discarding).,
Philips-MP20-MP90-Manual,sec_0612,320,5.4-hierarchy_level,PASS,,'Event Summary Reports' is level 4 (small bold heading under Event Reports). The stored hierarchy_level matches the heading style on the page.,
Philips-MP20-MP90-Manual,sec_0612,320,5.4-parent_child,PASS,,"sec_0612 sits under sec_0609 Event Reports, which is the correct chapter or section. Its child list matches the headings printed below it.",
Philips-MP20-MP90-Manual,sec_0612,320,5.4-page_start_end,PASS,,"Heading 'Event Summary Reports' (#/texts/5919) and its text are on p319, with the report picture img_0180. p320 is blank except the running header and folio 308. page_end is now 320, not 321. The p321 chapter number '25' is no longer in this section.","Old problem (BUG-014, v2.4): now fixed. The end moved from 321 to 320."
Philips-MP20-MP90-Manual,sec_0612,320,5.4-hierarchy_path,PASS,,"hierarchy_path of sec_0612 is correct and ordered: chapter, then parent, then 'Event Summary Reports'.",
Philips-MP20-MP90-Manual,sec_0612,320,5.4-gaps_duplicates,PASS,,"Nodes of sec_0612 (#/texts/5919-5922 and #/tables/108) are in reading order. Nothing is missing, repeated or shared with a neighbour.",
Philips-MP20-MP90-Manual,sec_0612,320,5.4-flagged_for_review,PASS,,"sec_0612 has flagged_for_review = false. The section is correct, so no flag is needed.",
Philips-MP20-MP90-Manual,sec_0612,320,5.4-structural_source,PASS,,structural_source of sec_0612 is 'toc'. The heading is printed on the page where the bookmark points (p319).,
Philips-MP20-MP90-Manual,sec_0612,320,5.6-numbering_scheme,PASS,,Printed folios are arabic (for example 307). The scheme 'arabic' is correct.,
Philips-MP20-MP90-Manual,sec_0612,320,5.6-offset_applied,PASS,,"offset_applied is 0. The TOC pages are physical pages and the heading is on the expected page. The printed folio 307 differs from the physical page because of front matter, which is normal.",
Philips-MP20-MP90-Manual,sec_0612,320,5.6-table_content,FAIL,Low,#/tables/108 (p320) holds only the running header text '24 Event Surveillance | Documenting Events'. The p320 render is blank apart from this blue bar and folio 308. The bar is not a table and has no data rows.,"Old problem (BUG-008, v2.13): still present. A header bar is read as a table. No content is lost, so Low. verify_claims suggests Medium, but no value changes meaning here."
Philips-MP20-MP90-Manual,sec_0612,320,5.5-filters_discarding,PASS,,"img_0180 shows the whole summary report (group bars, timeline, 15 event rows, Philips footer). Nothing is cut. p320 has no figure.",
Philips-MP20-MP90-Manual,sec_0612,320,5.5-filters_passing_noise,PASS,,img_0180 is real report content. The blank p320 has no kept image. No decorative image is kept.,
Philips-MP20-MP90-Manual,sec_0612,320,5.5-image_section_mapping,PASS,,"On p319 the Event Summary report picture is img_0180, mapped to sec_0612 below its heading. The Episode report picture above it is img_0181 in sec_0611. Both are correct.",
Philips-MP20-MP90-Manual,sec_0614,321,5.4-hierarchy_level,PASS,,'SSC Sepsis Protocol' is level 2 (a heading under chapter 25 ProtocolWatch). The stored hierarchy_level matches the heading style on the page.,
Philips-MP20-MP90-Manual,sec_0614,321,5.4-parent_child,PASS,,"sec_0614 sits under sec_0613 ProtocolWatch, which is the correct chapter or section. Its child list matches the headings printed below it.",
Philips-MP20-MP90-Manual,sec_0614,321,5.4-page_start_end,PASS,,"The heading #/texts/5931 opens the section on p321, below the chapter 25 intro (sec_0613). page_end is now 332, the blank page with folio 320. The chapter 26 label #/texts/6321 and the '26' nodes #/texts/6320 and #/texts/6322 are now in sec_0634 (p333), not here.","Old problem (BUG-014, v2.4): now fixed. page_end is 332, not 333, and the p333 nodes are owned by sec_0634."
Philips-MP20-MP90-Manual,sec_0614,321,5.4-hierarchy_path,PASS,,"hierarchy_path of sec_0614 is correct and ordered: chapter, then parent, then 'SSC Sepsis Protocol'.",
Philips-MP20-MP90-Manual,sec_0614,321,5.4-gaps_duplicates,PASS,,sec_0614 holds #/texts/5931-5960 (p321-322). The child sec_0633 ends on p332 and sec_0634 (Recording) owns the p333 nodes #/texts/6320-6324. No overlap and no missing node.,"Old problem (BUG-014, v2.4): now fixed. No chapter 26 content is inside sec_0614."
Philips-MP20-MP90-Manual,sec_0614,321,5.4-flagged_for_review,PASS,,"sec_0614 has flagged_for_review = false. The section is correct, so no flag is needed.",
Philips-MP20-MP90-Manual,sec_0614,321,5.4-structural_source,PASS,,structural_source of sec_0614 is 'toc'. The heading is printed on the page where the bookmark points (p321).,
Philips-MP20-MP90-Manual,sec_0614,321,5.6-numbering_scheme,PASS,,Printed folios are arabic (for example 309). The scheme 'arabic' is correct.,
Philips-MP20-MP90-Manual,sec_0614,321,5.6-offset_applied,PASS,,"offset_applied is 0. The TOC pages are physical pages and the heading is on the expected page. The printed folio 309 differs from the physical page because of front matter, which is normal.",
Philips-MP20-MP90-Manual,sec_0614,321,5.5-filters_discarding,PASS,,"p321 has no figure. On p322 the screenshot img_0182 is kept. Its text (#/texts/5948-5960) is kept as text nodes, so nothing is lost.",
Philips-MP20-MP90-Manual,sec_0614,321,5.5-filters_passing_noise,PASS,,"On p321 and p322 no decorative image is kept. img_0182 is the real ProtocolWatch-SSC Sepsis window screenshot (blue bar and grey body). The folio #/texts/5939 is a text node, not an image.","Old problem (BUG-014, v2.4): now fixed. No chapter 26 boilerplate is in this section."
Philips-MP20-MP90-Manual,sec_0614,321,5.5-image_section_mapping,PASS,,On p322 img_0182 is the screenshot of the SSC Sepsis window. It is under the sec_0614 body text and is mapped to sec_0614. The orientation bar img_0183 is under the heading 'Orientation On The Screen' and is mapped to sec_0615. Both are correct.,
Philips-MP20-MP90-Manual,sec_0633,332,5.4-hierarchy_level,PASS,,"""Always Discharge Patients"" (#/texts/6313) is a small bold sub-heading on p331, below ""Viewing And Printing The Protocol Log"". hierarchy_level 3 fits.",
Philips-MP20-MP90-Manual,sec_0633,332,5.4-parent_child,PASS,,"Parent sec_0614 ""SSC Sepsis Protocol"" (p321-332) is correct. sec_0633 has no children.",
Philips-MP20-MP90-Manual,sec_0633,332,5.4-page_start_end,PASS,,"Text of the section is on p331 (#/texts/6313-6315). Page 332 is blank, with only the header and folio 320 (#/texts/6317-6319). The chapter number ""26"" and the margin note ""MP40/MP50/MP60/MP70/MP90"" from p333 are no longer in this section.","Old problem (PH-C, v2): now fixed. The chapter nodes are now in sec_0634."
Philips-MP20-MP90-Manual,sec_0633,332,5.4-hierarchy_path,PASS,,Path /ProtocolWatch/SSC Sepsis Protocol/Always Discharge Patients follows the page headers and the heading order.,
Philips-MP20-MP90-Manual,sec_0633,332,5.4-gaps_duplicates,PASS,,"The 7 nodes #/texts/6313-6319 cover all p331 text under the heading plus the header and folio of blank p332. Nothing is missing, and no foreign node is present.","Old problem (PH-C, v2): now fixed."
Philips-MP20-MP90-Manual,sec_0633,332,5.4-flagged_for_review,PASS,,"flagged_for_review is false. The section is now correct, so the flag is right.",
Philips-MP20-MP90-Manual,sec_0633,332,5.4-structural_source,PASS,,"structural_source ""toc"" is right. The bookmark title matches heading #/texts/6313 on p331.",
Philips-MP20-MP90-Manual,sec_0633,332,5.6-numbering_scheme,PASS,,Printed folios 319 (p331) and 320 (p332) are arabic. numbering_scheme is arabic.,
Philips-MP20-MP90-Manual,sec_0633,332,5.6-offset_applied,PASS,,"offset_applied 0. page_start 331 is the physical page of the heading, and page_end 332 is the blank page 332 (folio 320).",
Philips-MP20-MP90-Manual,sec_0633,332,5.5-filters_discarding,PASS,,p332 is blank. p331 has no picture. Nothing was dropped.,
Philips-MP20-MP90-Manual,sec_0633,332,5.5-filters_passing_noise,PASS,,No image is mapped to sec_0633 and none is needed. No decorative item is kept as an image.,
Philips-MP20-MP90-Manual,sec_0633,332,5.5-image_section_mapping,PASS,,"pp331-332 have no figure, and sec_0633 has no image. This was checked on the rendered pages.",
Philips-MP20-MP90-Manual,sec_0634,333,5.4-hierarchy_level,PASS,,"""Recording"" is the large chapter title ""26 Recording"" on p333. hierarchy_level 1 fits a chapter.",
Philips-MP20-MP90-Manual,sec_0634,333,5.4-parent_child,PASS,,"Chapter 26 has no parent (parent_section_id null) and is a top-level chapter. Its children sec_0635-sec_0650 are sections of this chapter, such as ""Recording Priorities"" (p338) and ""Recorder Status Messages"" (p341).",
Philips-MP20-MP90-Manual,sec_0634,333,5.4-page_start_end,PASS,,"Start, p333: the chapter number ""26"", title, margin label ""MP40/MP50/MP60/MP70/MP90"" (#/texts/6321) and the intro #/texts/6324 are all in sec_0634. End, p342: page_end 342 is the blank page of child sec_0650. Chapter 27 opener on p343 (#/texts/6484-6486) is in sec_0651.","Old problem (PH-C, v2.4): now fixed. Neighbour sec_0651 in tree.json owns the p343 chapter 27 nodes."
Philips-MP20-MP90-Manual,sec_0634,333,5.4-hierarchy_path,PASS,,Path /Recording matches the chapter title. Chapter 26 is a root chapter.,
Philips-MP20-MP90-Manual,sec_0634,333,5.4-gaps_duplicates,PASS,,"The margin label #/texts/6321 and the chapter number are now in sec_0634. The figure text (Continue LED, RUN/CONT key, STOP key) is in #/texts/6325-6333, all in this section. No overlap with sec_0633 or sec_0651.","Old problem (PH-C, v2.4): now fixed. The chapter number ""26"" appears in two nodes, #/texts/6320 and #/texts/6322, probably one number drawn twice. It is boilerplate, so not graded."
Philips-MP20-MP90-Manual,sec_0634,333,5.4-flagged_for_review,PASS,,"flagged_for_review is false. The section is now correct, so the flag is right.",
Philips-MP20-MP90-Manual,sec_0634,333,5.4-structural_source,PASS,,"structural_source ""toc"" is right. The title ""Recording"" matches the chapter title on p333.",
Philips-MP20-MP90-Manual,sec_0634,333,5.6-numbering_scheme,PASS,,Printed folio 321 on p333 is arabic. numbering_scheme is arabic.,
Philips-MP20-MP90-Manual,sec_0634,333,5.6-offset_applied,PASS,,offset_applied 0. page_start 333 is the physical page of the chapter opener (folio 321).,
Philips-MP20-MP90-Manual,sec_0634,333,5.5-filters_discarding,FAIL,Medium,"The M1116B recorder figure on p333 is kept as vector crop img_0204 (726x502). But the crop is cut on the right side. The callout text reads ""Flashes if a continuous reco"", ""Starts a delayed recording o"" and ""current recording continuou"". The full words are in text nodes #/texts/6326-6333.","Figure is cut: Medium by the agreed image rule. The words survive in the text nodes, so the real loss is small. Probably the crop box is too narrow (BUG-010 vector crop area). verify_claims expects Critical because it does not match the raster photo (128x173 px) to the vector crop img_0204; the figure is present in images.json, so I keep Medium."
Philips-MP20-MP90-Manual,sec_0634,333,5.5-filters_passing_noise,PASS,,"The only image on p333 is the recorder figure. No rule, logo or footer is kept as an image.",
Philips-MP20-MP90-Manual,sec_0634,333,5.5-image_section_mapping,PASS,,"img_0204 (p333) is the recorder figure under the chapter intro and is mapped to sec_0634, which is correct. img_0205 (p334) is also mapped to sec_0634, next to nodes #/texts/6337 ""MP20/MP30"" and #/texts/6339. I did not see p334 render, so I could not check it.",Low confidence only for img_0205 on p334 (no render in this batch).
Philips-MP20-MP90-Manual,sec_0650,342,5.4-hierarchy_level,PASS,,"""Recorder Status Messages"" is a large heading on p341, same size as ""Recording Priorities"". hierarchy_level 2 fits, one level below chapter 26.",
Philips-MP20-MP90-Manual,sec_0650,342,5.4-parent_child,PASS,,"Parent sec_0634 ""Recording"" is correct. sec_0650 has no children.",
Philips-MP20-MP90-Manual,sec_0650,342,5.4-page_start_end,PASS,,"p341 holds the heading #/texts/6479 and the table #/tables/114. p342 is a blank page with only header ""26 Recording"" and folio 330. No node of chapter 27 is here. The chapter 27 opener on p343 is in sec_0651.","Old problem (v2.4, ""27"" nodes on p343): now fixed. page_end is 342 and the ""27"" nodes are in sec_0651."
Philips-MP20-MP90-Manual,sec_0650,342,5.4-hierarchy_path,PASS,,Path /Recording/Recorder Status Messages is correct.,
Philips-MP20-MP90-Manual,sec_0650,342,5.4-gaps_duplicates,PASS,,"The 8 nodes cover the p341 heading, header, folio 329, the table, and the blank p342 header and folio 330. Nothing is missing. The heading text appears twice (#/texts/6477 running header, #/texts/6479 heading), which is page boilerplate.",
Philips-MP20-MP90-Manual,sec_0650,342,5.4-flagged_for_review,PASS,,"flagged_for_review is false, and the section content is correct.",
Philips-MP20-MP90-Manual,sec_0650,342,5.4-structural_source,PASS,,"structural_source ""toc"" is right. The bookmark title matches the heading on p341.",
Philips-MP20-MP90-Manual,sec_0650,342,5.6-numbering_scheme,PASS,,Printed folios 329 and 330 are arabic. numbering_scheme is arabic.,
Philips-MP20-MP90-Manual,sec_0650,342,5.6-offset_applied,PASS,,"offset_applied 0. page_start 341 is the physical page of the heading, and page_end 342 is the blank page 342.",
Philips-MP20-MP90-Manual,sec_0650,342,5.6-table_content,PASS,,"#/tables/114 has a header and 6 rows. Every message and explanation matches the printed table on p341, for example ""<Recorder name> door open"" and ""The M1116A recorder is not supported"". No cell is merged or shifted.",
Philips-MP20-MP90-Manual,sec_0650,342,5.5-filters_discarding,PASS,,p341 and p342 have no picture. Nothing was dropped.,
Philips-MP20-MP90-Manual,sec_0650,342,5.5-filters_passing_noise,PASS,,"No image is mapped to sec_0650, and no decorative item is kept.",
Philips-MP20-MP90-Manual,sec_0650,342,5.5-image_section_mapping,PASS,,pp341-342 have no figure and sec_0650 has no image. This was checked on the render.,
Philips-MP20-MP90-Manual,sec_0652,343,5.4-hierarchy_level,PASS,,"""Starting Report Printouts"" is a large heading under the chapter title ""27 Printing Patient Reports"" on p343. hierarchy_level 2 fits.",
Philips-MP20-MP90-Manual,sec_0652,343,5.4-parent_child,PASS,,"Parent sec_0651 ""Printing Patient Reports"" (chapter 27) is correct. sec_0652 has no children.",
Philips-MP20-MP90-Manual,sec_0652,343,5.4-page_start_end,PASS,,"The section starts at heading #/texts/6487 on p343 after the chapter title. The table #/tables/115 is at the top of p344 before the heading ""Stopping Reports Printouts"", so it belongs here. That heading is sec_0653 (#/texts/6502). Node #/texts/6501 is only the page header text.",
Philips-MP20-MP90-Manual,sec_0652,343,5.4-hierarchy_path,PASS,,Path /Printing Patient Reports/Starting Report Printouts follows the headings.,
Philips-MP20-MP90-Manual,sec_0652,343,5.4-gaps_duplicates,PASS,,"The 16 nodes cover all p343 text from the heading to folio 331, the p344 header, and the table. Nothing is missing. The chapter 27 title nodes are in sec_0651. No overlap.",
Philips-MP20-MP90-Manual,sec_0652,343,5.4-flagged_for_review,PASS,,"flagged_for_review is false, and the section content is correct.",
Philips-MP20-MP90-Manual,sec_0652,343,5.4-structural_source,PASS,,"structural_source ""toc"" is right. The bookmark title matches the heading on p343.",
Philips-MP20-MP90-Manual,sec_0652,343,5.6-numbering_scheme,PASS,,Printed folios 331 and 332 are arabic. numbering_scheme is arabic.,
Philips-MP20-MP90-Manual,sec_0652,343,5.6-offset_applied,PASS,,offset_applied 0. page_start 343 is the physical page of the heading and page_end 344 holds the table.,
Philips-MP20-MP90-Manual,sec_0652,343,5.6-table_content,FAIL,Low,"In #/tables/115 (p344) the 3 columns and 15 rows are in the right order. Two cells are merged. ""Event Episode with up to 5 episodes"" and ""Graphic or tabular Event Review"" are one text in the Events Reports row. The ""Graphic Trends Report"" contents cell is empty, as the print shares one cell with Vital Signs.","Old problem (BUG-008, v2.13): still present. Merged cells only; values and order are kept. Low by contract. I judged this on the p344 render in sec_0652_p344.png."
Philips-MP20-MP90-Manual,sec_0652,343,5.5-filters_discarding,PASS,,pp343-344 have no picture. The report table is text. Nothing was dropped.,
Philips-MP20-MP90-Manual,sec_0652,343,5.5-filters_passing_noise,PASS,,"No image is mapped to sec_0652, and no decorative item is kept.",
Philips-MP20-MP90-Manual,sec_0652,343,5.5-image_section_mapping,PASS,,pp343-344 have no figure and sec_0652 has no image. This was checked on the render.,
Philips-MP20-MP90-Manual,sec_0671,354,5.4-hierarchy_level,PASS,,"""ECG Reports"" is a small bold sub-heading on p354 under ""Sample Report Printouts"". hierarchy_level 3 fits.",
Philips-MP20-MP90-Manual,sec_0671,354,5.4-parent_child,PASS,,"Parent sec_0667 ""Sample Report Printouts"" is correct. Sibling sec_0672 ""Other Reports"" (p354) has its own heading. sec_0671 has no children.",
Philips-MP20-MP90-Manual,sec_0671,354,5.4-page_start_end,PASS,,"The section starts at heading #/texts/6661 and ends with the ECG formats table #/tables/118. The heading ""Other Reports"" and its text are in sec_0672 (#/texts/6667). No neighbour content is absorbed.",
Philips-MP20-MP90-Manual,sec_0671,354,5.4-hierarchy_path,PASS,,Path /Printing Patient Reports/Sample Report Printouts/ECG Reports follows the page header and heading.,
Philips-MP20-MP90-Manual,sec_0671,354,5.4-gaps_duplicates,PASS,,"The 9 nodes cover the headers, heading, callout words, the paragraph and the table. Nothing is missing or repeated.",
Philips-MP20-MP90-Manual,sec_0671,354,5.4-flagged_for_review,PASS,,"flagged_for_review is false, and the section content is correct.",
Philips-MP20-MP90-Manual,sec_0671,354,5.4-structural_source,PASS,,"structural_source ""toc"" is right. The bookmark title matches the heading on p354.",
Philips-MP20-MP90-Manual,sec_0671,354,5.6-numbering_scheme,PASS,,Printed folio 342 is arabic. numbering_scheme is arabic.,
Philips-MP20-MP90-Manual,sec_0671,354,5.6-offset_applied,PASS,,offset_applied 0. page_start 354 is the physical page of the heading.,
Philips-MP20-MP90-Manual,sec_0671,354,5.6-table_content,PASS,,"#/tables/118 has 3 columns and 8 data rows. Every format and paper size matches the p354 table, for example ""12X1 (2P) landscape | A4, letter (2 pages)"". Empty cells under ""12-Lead ECG"" and ""Multi-lead ECG"" match the merged cells in the print.",
Philips-MP20-MP90-Manual,sec_0671,354,5.5-filters_discarding,PASS,,"The 12-lead ECG sample is kept as vector crop img_0214 (869x456). The crop shows the full report and the callout words ""Patient information"", ""Numeric block"" and ""Wave area"". Nothing is cut.","verify_claims says a raster figure (909x1400 px) is missing from images_v1.json. I disagree: it is inside the vector crop img_0214 (in this batch images.json, sec_0671), and I checked the crop visually."
Philips-MP20-MP90-Manual,sec_0671,354,5.5-filters_passing_noise,PASS,,"The only image is the ECG sample report, which is real content. No rule or logo is kept as an image.",
Philips-MP20-MP90-Manual,sec_0671,354,5.5-image_section_mapping,PASS,,"img_0214 (p354) is the ECG sample under the heading ""ECG Reports"" and maps to sec_0671. This is correct.",
Philips-MP20-MP90-Manual,sec_0674,355,5.4-hierarchy_level,PASS,,On p355 'Accessing the Drug Calculator' is a heading under sec_0673 'Using the Drug Calculator'. hierarchy_level 2 fits the bookmark nesting and the heading size.,
Philips-MP20-MP90-Manual,sec_0674,355,5.4-parent_child,PASS,,"parent_section_id gives sec_0673 'Using the Drug Calculator', which matches the document structure. It has no child sections and none are printed on its page.",
Philips-MP20-MP90-Manual,sec_0674,355,5.4-page_start_end,PASS,,"On p355 sec_0674 owns the heading 'Accessing the Drug Calculator' (#/texts/6678), the access instruction (#/texts/6679) and the folio '343'. The Term/Definition/Units table (#/tables/119) printed above the heading is now in sec_0673, with its intro, the 'mcg' note and the WARNING.","Old problem (BUG-003, v2): now fixed. Checked sec_0673 in tree.json, which now owns table #/tables/119."
Philips-MP20-MP90-Manual,sec_0674,355,5.4-hierarchy_path,PASS,,hierarchy_path ends with 'Accessing the Drug Calculator' and the ancestors match the printed outline for p355.,
Philips-MP20-MP90-Manual,sec_0674,355,5.4-gaps_duplicates,PASS,,"On p355 the chapter intro, the Term table (#/tables/119), the 'mcg' note and the WARNING are in sec_0673 only. sec_0674 has only its own heading and instruction. No node is repeated or missing.","Old table-placement problem (BUG-003, v2): now fixed."
Philips-MP20-MP90-Manual,sec_0674,355,5.4-flagged_for_review,PASS,,"flagged_for_review is false and verification_score is 100. The heading 'Accessing the Drug Calculator' is visible on p355, so no flag is needed.",
Philips-MP20-MP90-Manual,sec_0674,355,5.4-structural_source,PASS,,structural_source is 'toc'. The title 'Accessing the Drug Calculator' is a PDF bookmark and the heading is found on p355.,
Philips-MP20-MP90-Manual,sec_0674,355,5.6-numbering_scheme,PASS,,"numbering_scheme is 'arabic'. The printed folios on p355 are arabic numbers (for example 343), which fits.",
Philips-MP20-MP90-Manual,sec_0674,355,5.6-offset_applied,PASS,,"offset_applied is 0. page_start 355 is the physical page where the heading 'Accessing the Drug Calculator' is rendered (the printed folio is 343, so the bookmark already uses physical pages).",
Philips-MP20-MP90-Manual,sec_0674,355,5.5-filters_discarding,FAIL,Low,On p355 a small Drug Calculator SmartKey icon is printed to the right of the access instruction (#/texts/6679) under the heading of sec_0674. It is not in images.json and no image is mapped to sec_0674. The key name 'Drug Calculator SmartKey' is in the text.,"Old problem (BUG-020, v2): still present. Small icon dropped by the minimum-area image filter. Meaning is kept in text, so Low."
Philips-MP20-MP90-Manual,sec_0674,355,5.5-filters_passing_noise,PASS,,No decorative element or noise image is kept for sec_0674 on p355. No image is mapped to it.,
Philips-MP20-MP90-Manual,sec_0674,355,5.5-image_section_mapping,PASS,,"No image is mapped to sec_0674. The only visual in its area is the small SmartKey icon on p355, which was not extracted (see 5.5-filters_discarding). No image is wrongly mapped to this section.",
Philips-MP20-MP90-Manual,sec_0682,359,5.4-hierarchy_level,PASS,,On p359 'IntelliBridge EC10 Module' is a heading under none (chapter level). hierarchy_level 1 fits the bookmark nesting and the heading size.,
Philips-MP20-MP90-Manual,sec_0682,359,5.4-parent_child,PASS,,"parent_section_id gives none (chapter level), which matches the document structure. Its child sections (sub-headings on the following pages) are listed in child_sections and all point back to it.",
Philips-MP20-MP90-Manual,sec_0682,359,5.4-page_start_end,PASS,,"sec_0682 owns the chapter title, the intro, the legend table #/tables/120 and the figure labels on p359, all printed before the first sub-heading. page_end 362 is the end of its children. No neighbour content is absorbed.",
Philips-MP20-MP90-Manual,sec_0682,359,5.4-hierarchy_path,PASS,,hierarchy_path ends with 'IntelliBridge EC10 Module' and the ancestors match the printed outline for p359.,
Philips-MP20-MP90-Manual,sec_0682,359,5.4-gaps_duplicates,PASS,,Each text block of 'IntelliBridge EC10 Module' on p359 is in one section only. No block is missing and none is repeated in a neighbour.,
Philips-MP20-MP90-Manual,sec_0682,359,5.4-flagged_for_review,PASS,,"flagged_for_review is false and verification_score is 100. The heading 'IntelliBridge EC10 Module' is visible on p359, so no flag is needed.",
Philips-MP20-MP90-Manual,sec_0682,359,5.4-structural_source,PASS,,structural_source is 'toc'. The title 'IntelliBridge EC10 Module' is a PDF bookmark and the heading is found on p359.,
Philips-MP20-MP90-Manual,sec_0682,359,5.6-numbering_scheme,PASS,,"numbering_scheme is 'arabic'. The printed folios on p359 are arabic numbers (for example 347), which fits.",
Philips-MP20-MP90-Manual,sec_0682,359,5.6-offset_applied,PASS,,"offset_applied is 0. page_start 359 is the physical page where the heading 'IntelliBridge EC10 Module' is rendered (the printed folio is 347, so the bookmark already uses physical pages).",
Philips-MP20-MP90-Manual,sec_0682,359,5.6-table_content,FAIL,Low,On p359 the legend table #/tables/120 prints 'a a module name' in row 1. The page shows 'a module name' (bold a plus text). Rows b to e are correct and every value stays with its letter.,"The first letter is repeated. Probably a cell-reading artefact. Meaning and order are kept, so Low."
Philips-MP20-MP90-Manual,sec_0682,359,5.5-filters_discarding,PASS,,"On p359 the module figure was kept as img_0219 (origin vector, 292x313 px). The crop shows the full module and the arrows a to e. No figure is lost.",
Philips-MP20-MP90-Manual,sec_0682,359,5.5-filters_passing_noise,PASS,,"The only image for sec_0682, img_0219, is a real figure (module drawing with a to e labels). The labels are part of the drawing. No decorative noise is kept.",
Philips-MP20-MP90-Manual,sec_0682,359,5.5-image_section_mapping,PASS,,"On p359 the vector figure img_0219 (IntelliBridge EC10 module with arrows a to e) is mapped to sec_0682. This is the right owner, because the figure sits under the chapter title and intro.",
Philips-MP20-MP90-Manual,sec_0690,363,5.4-hierarchy_level,PASS,,On p363 'VueLink Modules' is a heading under none (chapter level). hierarchy_level 1 fits the bookmark nesting and the heading size.,
Philips-MP20-MP90-Manual,sec_0690,363,5.4-parent_child,PASS,,"parent_section_id gives none (chapter level), which matches the document structure. Its child sections (sub-headings on the following pages) are listed in child_sections and all point back to it.",
Philips-MP20-MP90-Manual,sec_0690,363,5.4-page_start_end,PASS,,"sec_0690 owns the heading, two intro paragraphs, tables #/tables/122 and #/tables/123 and the figure labels, all on p363. page_end 366 is the end of its child sections (sec_0691 to sec_0697). The p366 bullet belongs to sec_0697. No neighbour content is absorbed.",
Philips-MP20-MP90-Manual,sec_0690,363,5.4-hierarchy_path,PASS,,hierarchy_path ends with 'VueLink Modules' and the ancestors match the printed outline for p363.,
Philips-MP20-MP90-Manual,sec_0690,363,5.4-gaps_duplicates,PASS,,Each text block of 'VueLink Modules' on p363 is in one section only. No block is missing and none is repeated in a neighbour.,
Philips-MP20-MP90-Manual,sec_0690,363,5.4-flagged_for_review,PASS,,"flagged_for_review is false and verification_score is 100. The heading 'VueLink Modules' is visible on p363, so no flag is needed.",
Philips-MP20-MP90-Manual,sec_0690,363,5.4-structural_source,PASS,,structural_source is 'toc'. The title 'VueLink Modules' is a PDF bookmark and the heading is found on p363.,
Philips-MP20-MP90-Manual,sec_0690,363,5.6-numbering_scheme,PASS,,"numbering_scheme is 'arabic'. The printed folios on p363 are arabic numbers (for example 351), which fits.",
Philips-MP20-MP90-Manual,sec_0690,363,5.6-offset_applied,PASS,,"offset_applied is 0. page_start 363 is the physical page where the heading 'VueLink Modules' is rendered (the printed folio is 351, so the bookmark already uses physical pages).",
Philips-MP20-MP90-Manual,sec_0690,363,5.6-table_content,FAIL,Low,"On p363 the legend table #/tables/123 prints 'a a module name' and 'c c selection LED'. The page shows 'a module name' and 'c selection LED'. The other rows (b, d to g) are correct. Table #/tables/122 (module types) matches the page in all 5 rows and 5 columns.","The letter is repeated in two rows. Probably a cell-reading artefact. Meaning and order are kept, so Low."
Philips-MP20-MP90-Manual,sec_0690,363,5.5-filters_discarding,PASS,,"On p363 the module figure was kept as img_0222 (origin vector, 428x305 px). The crop shows the whole module and the labels a to g. No figure is lost.",
Philips-MP20-MP90-Manual,sec_0690,363,5.5-filters_passing_noise,PASS,,"The only image for sec_0690, img_0222, is a real figure (VueLink module with labels). No decorative noise is kept.",
Philips-MP20-MP90-Manual,sec_0690,363,5.5-image_section_mapping,PASS,,"On p363 the vector figure img_0222 (VueLink module with labels a to g) is mapped to sec_0690. This is the right owner, because the figure sits under the chapter heading.",
Philips-MP20-MP90-Manual,sec_0700,367,5.4-hierarchy_level,PASS,,On p367 'Timer Types' is a heading under sec_0699 'Viewing Timers'. hierarchy_level 3 fits the bookmark nesting and the heading size.,
Philips-MP20-MP90-Manual,sec_0700,367,5.4-parent_child,PASS,,"parent_section_id gives sec_0699 'Viewing Timers', which matches the document structure. It has no child sections and none are printed on its page.",
Philips-MP20-MP90-Manual,sec_0700,367,5.4-page_start_end,PASS,,"Section sec_0700 owns #/texts/6996 heading, #/texts/6997 and #/texts/6998 paragraphs on p367. The heading starts the section. The text stops before the next heading, and no neighbour content is absorbed or missing.",
Philips-MP20-MP90-Manual,sec_0700,367,5.4-hierarchy_path,PASS,,hierarchy_path ends with 'Timer Types' and the ancestors match the printed outline for p367.,
Philips-MP20-MP90-Manual,sec_0700,367,5.4-gaps_duplicates,PASS,,Each text block of 'Timer Types' on p367 is in one section only. No block is missing and none is repeated in a neighbour.,
Philips-MP20-MP90-Manual,sec_0700,367,5.4-flagged_for_review,PASS,,"flagged_for_review is false and verification_score is 100. The heading 'Timer Types' is visible on p367, so no flag is needed.",
Philips-MP20-MP90-Manual,sec_0700,367,5.4-structural_source,PASS,,structural_source is 'toc'. The title 'Timer Types' is a PDF bookmark and the heading is found on p367.,
Philips-MP20-MP90-Manual,sec_0700,367,5.6-numbering_scheme,PASS,,"numbering_scheme is 'arabic'. The printed folios on p367 are arabic numbers (for example 355), which fits.",
Philips-MP20-MP90-Manual,sec_0700,367,5.6-offset_applied,PASS,,"offset_applied is 0. page_start 367 is the physical page where the heading 'Timer Types' is rendered (the printed folio is 355, so the bookmark already uses physical pages).",
Philips-MP20-MP90-Manual,sec_0700,367,5.5-filters_discarding,FAIL,Low,On p367 a small round timer icon is printed beside the 'Select the Timer SmartKey' bullet. It is not in images.json and no image is extracted for this page. The text 'Timer SmartKey' states the meaning.,"Old problem (BUG-020, v2): still present. The icon is above the heading of sec_0700 and probably belongs to sec_0699 'Viewing Timers', but it is dropped from the whole tree. Low because the text has the meaning."
Philips-MP20-MP90-Manual,sec_0700,367,5.5-filters_passing_noise,PASS,,"No decorative image, rule or logo is kept as an image for 'Timer Types'. No image is mapped to sec_0700.",
Philips-MP20-MP90-Manual,sec_0700,367,5.5-image_section_mapping,PASS,,"No image is mapped to sec_0700. The timer icon on p367 sits above the 'Timer Types' heading, next to the SmartKey bullet of 'Viewing Timers', so it is not part of this section. Its loss is graded in 5.5-filters_discarding.",
Philips-MP20-MP90-Manual,sec_0712,371,5.4-hierarchy_level,PASS,,"On p371 the heading 'Viewing Loops' (#/texts/7075) is under the chapter intro, with the folio 359 at the bottom. This matches hierarchy_level 2.",
Philips-MP20-MP90-Manual,sec_0712,371,5.4-parent_child,PASS,,"The parent is sec_0711 'Respiratory Loops' (level 1, chapter 32). It has no child sections. This agrees with the headings on the page.",
Philips-MP20-MP90-Manual,sec_0712,371,5.4-page_start_end,PASS,,The section starts at the heading #/texts/7075 on p371. The chapter intro above it is not in this section. On p372 it owns the 'To open the Loops window' text and the screen labels (#/texts/7083-7100). It ends before the heading 'Capturing and Deleting Loops' (sec_0713). The folio 359 and the p372 running header are page boilerplate inside the range.,No old FAIL context for this section.
Philips-MP20-MP90-Manual,sec_0712,371,5.4-hierarchy_path,PASS,,The path '/Respiratory Loops/Viewing Loops' lists the ancestors in the right order and the last name is the heading seen on the page.,
Philips-MP20-MP90-Manual,sec_0712,371,5.4-gaps_duplicates,PASS,,"Nodes #/texts/7075-7100 follow each other with no gap. The next section sec_0713 starts at its own heading on p372. No node is listed twice. The screenshot labels (#/texts/7086-7100) are split into short nodes and out of visual order, but all are present.",
Philips-MP20-MP90-Manual,sec_0712,371,5.4-flagged_for_review,PASS,,"flagged_for_review is false and verification_score is 100. The heading is on the expected page, so no flag is needed.",
Philips-MP20-MP90-Manual,sec_0712,371,5.4-structural_source,PASS,,structural_source is 'toc'. The embedded bookmark points to the page where the heading 'Viewing Loops' is printed.,
Philips-MP20-MP90-Manual,sec_0712,371,5.6-numbering_scheme,PASS,,numbering_scheme is arabic. The printed folios are arabic numbers (for example p371 shows a number in the bottom corner).,
Philips-MP20-MP90-Manual,sec_0712,371,5.6-offset_applied,PASS,,offset_applied is 0. The bookmark pages are physical pages and the heading is on page_start (p371).,"The printed folio is a different number from the physical page, but the bookmark uses the physical page, so no offset is needed."
Philips-MP20-MP90-Manual,sec_0712,371,5.5-filters_discarding,PASS,,"No figure is printed on p371. The two figures of this section are on p372 and both were extracted: img_0226 (the pop-up key bar) and img_0227 (the Loops screen). The red and green rectangle icons lower on p372 are under the next heading, so they belong to the next section.",
Philips-MP20-MP90-Manual,sec_0712,371,5.5-filters_passing_noise,PASS,,"img_0226 and img_0227 show only the two figures. No extra text, rule or footer is in the crops. The screen title and key names are not in the crops, but they are kept as text nodes (#/texts/7086-7100).",
Philips-MP20-MP90-Manual,sec_0712,371,5.5-image_section_mapping,PASS,,img_0226 and img_0227 are mapped to sec_0712 on p372. Both sit under the text 'To open the Loops window' and above the heading 'Capturing and Deleting Loops'. This is the correct owner.,
Philips-MP20-MP90-Manual,sec_0723,377,5.4-hierarchy_level,PASS,,On p377 the heading 'General Points' (#/texts/7215) is under the chapter 34 intro. This matches hierarchy_level 2.,
Philips-MP20-MP90-Manual,sec_0723,377,5.4-parent_child,PASS,,"The parent is sec_0722 'Care and Cleaning' (level 1, chapter 34). It has no child sections. This agrees with the headings on the page.",
Philips-MP20-MP90-Manual,sec_0723,377,5.4-page_start_end,PASS,,The section starts at heading #/texts/7215 on p377 and ends at the folio 365 (#/texts/7226). It has the precautions list and the WARNING box (#/texts/7210 and #/texts/7224). It has no node from p378. The page_end is 377. The chapter intro above the heading is not in this section.,"Old problem (BUG-022, v2): now fixed. In v2 the section ended with the running header of p378."
Philips-MP20-MP90-Manual,sec_0723,377,5.4-hierarchy_path,PASS,,The path '/Care and Cleaning/General Points' lists the ancestors in the right order and the last name is the heading seen on the page.,
Philips-MP20-MP90-Manual,sec_0723,377,5.4-gaps_duplicates,PASS,,The WARNING label (#/texts/7210) and its text (#/texts/7224) are in the same section. The last paragraph (#/texts/7225) is present. No node is repeated.,
Philips-MP20-MP90-Manual,sec_0723,377,5.4-flagged_for_review,PASS,,"flagged_for_review is false and verification_score is 100. The heading is on the expected page, so no flag is needed.",
Philips-MP20-MP90-Manual,sec_0723,377,5.4-structural_source,PASS,,structural_source is 'toc'. The embedded bookmark points to the page where the heading 'General Points' is printed.,
Philips-MP20-MP90-Manual,sec_0723,377,5.6-numbering_scheme,PASS,,numbering_scheme is arabic. The printed folios are arabic numbers (for example p377 shows a number in the bottom corner).,
Philips-MP20-MP90-Manual,sec_0723,377,5.6-offset_applied,PASS,,offset_applied is 0. The bookmark pages are physical pages and the heading is on page_start (p377).,"The printed folio is a different number from the physical page, but the bookmark uses the physical page, so no offset is needed."
Philips-MP20-MP90-Manual,sec_0723,377,5.5-filters_discarding,PASS,,p377 has no figure. The orange rules around the WARNING box are decoration. Nothing meaningful was dropped.,
Philips-MP20-MP90-Manual,sec_0723,377,5.5-filters_passing_noise,PASS,,No image is mapped to this section. The orange WARNING rules and the blue chapter bar were not kept as images.,
Philips-MP20-MP90-Manual,sec_0723,377,5.5-image_section_mapping,PASS,,"No figure is printed in this section on p377, and no image is mapped to sec_0723.",
Philips-MP20-MP90-Manual,sec_0731,381,5.4-hierarchy_level,PASS,,On p381 the chapter title 'Using Batteries' (#/texts/7267) is under the big number 35. This matches hierarchy_level 1.,
Philips-MP20-MP90-Manual,sec_0731,381,5.4-parent_child,PASS,,"The parent is none (chapter 35 is a top-level section). Its children sec_0732, sec_0739, sec_0740, sec_0741 and sec_0747 are its sub-headings. This agrees with the headings on the page.",
Philips-MP20-MP90-Manual,sec_0731,381,5.4-page_start_end,PASS,,"On p381 the section owns the chapter number 35 (#/texts/7264 and #/texts/7266), the margin label 'IntelliVue MP20/MP30/ MP40/MP50' (#/texts/7265) and the two intro paragraphs (#/texts/7268, #/texts/7270). It also owns the p382 top text up to 'Battery operation may not be available' (#/texts/7279). The next chapter number 36 and the 'WARNING' label (#/texts/7435-7437) are now in sec_0748. page_end is 388 because of the child sec_0747.","Old problem (BUG-029, v2.4): now fixed. The margin label and the 35 numbers were in sec_0730 before, and the 36 / WARNING nodes were in sec_0747. The ends of the chapter are right now."
Philips-MP20-MP90-Manual,sec_0731,381,5.4-hierarchy_path,PASS,,The path '/Using Batteries' lists the ancestors in the right order and the last name is the heading seen on the page.,
Philips-MP20-MP90-Manual,sec_0731,381,5.4-gaps_duplicates,PASS,,"The margin label #/texts/7265 and both '35' nodes are now in sec_0731 next to the intro text. On p389 the 'WARNING' label (#/texts/7436) and its box text (#/texts/7439) are in the same section, sec_0748. No node is split from its text or repeated.","Old problem (BUG-029, v2.4): now fixed. The label and the WARNING box are no longer split."
Philips-MP20-MP90-Manual,sec_0731,381,5.4-flagged_for_review,PASS,,"flagged_for_review is false and verification_score is 100. The heading is on the expected page, so no flag is needed.",
Philips-MP20-MP90-Manual,sec_0731,381,5.4-structural_source,PASS,,structural_source is 'toc'. The embedded bookmark points to the page where the heading 'Using Batteries' is printed.,
Philips-MP20-MP90-Manual,sec_0731,381,5.6-numbering_scheme,PASS,,numbering_scheme is arabic. The printed folios are arabic numbers (for example p381 shows a number in the bottom corner).,
Philips-MP20-MP90-Manual,sec_0731,381,5.6-offset_applied,PASS,,offset_applied is 0. The bookmark pages are physical pages and the heading is on page_start (p381).,"The printed folio is a different number from the physical page, but the bookmark uses the physical page, so no offset is needed."
Philips-MP20-MP90-Manual,sec_0731,381,5.5-filters_discarding,FAIL,Low,"On p381 the rear-view figure was saved as img_0231. On the page, a black box and a leader line mark the battery compartment. The figure is extracted, but the box and line are not drawn in the crop. The same is true for img_0232 on p382 (box not drawn). The label 'Battery compartment' is kept as text (#/texts/7269, #/texts/7274).","The drawn box and line (an overlay on the photo) were probably left out of the crop. The figure itself is present and the text names the compartment, so the loss is small. Low per the agreed rule. A reviewer may accept it."
Philips-MP20-MP90-Manual,sec_0731,381,5.5-filters_passing_noise,PASS,,"img_0231 (p381) and img_0232 (p382) show only the monitor back view. No caption, rule or footer is inside the crops.",
Philips-MP20-MP90-Manual,sec_0731,381,5.5-image_section_mapping,PASS,,"img_0231 on p381 is under the intro paragraph and above the MP40/MP50 paragraph. It is mapped to sec_0731. img_0232 at the top of p382 is above the heading 'Battery Power Indicators', so sec_0731 is also correct for it.",
Philips-MP20-MP90-Manual,sec_0749,389,5.4-hierarchy_level,PASS,,On p389 the heading (#/texts/7441) is under the chapter 36 title and its WARNING box. This matches hierarchy_level 2.,
Philips-MP20-MP90-Manual,sec_0749,389,5.4-parent_child,PASS,,"The parent is sec_0748 'Maintenance and Troubleshooting' (level 1, chapter 36). It has no child sections. This agrees with the headings on the page.",
Philips-MP20-MP90-Manual,sec_0749,389,5.4-page_start_end,PASS,,"The section starts at heading #/texts/7441 and has the intro and the four numbered steps (#/texts/7442-7446). It ends before the heading 'Inspecting the Cables and Cords' (sec_0750). The chapter number 36, the title and the WARNING box are in sec_0748, which is right.",
Philips-MP20-MP90-Manual,sec_0749,389,5.4-hierarchy_path,PASS,,The path '/Maintenance and Troubleshooting/Inspecting the Equipment and Accessories' lists the ancestors in the right order and the last name is the heading seen on the page.,
Philips-MP20-MP90-Manual,sec_0749,389,5.4-gaps_duplicates,PASS,,Steps 1 to 4 are all present and in order. The WARNING label (#/texts/7436) and its text (#/texts/7439) are together in sec_0748. No node is repeated.,
Philips-MP20-MP90-Manual,sec_0749,389,5.4-flagged_for_review,PASS,,"flagged_for_review is false and verification_score is 100. The heading is on the expected page, so no flag is needed.",
Philips-MP20-MP90-Manual,sec_0749,389,5.4-structural_source,PASS,,structural_source is 'toc'. The embedded bookmark points to the page where the heading 'Inspecting the Equipment and Accessories' is printed.,
Philips-MP20-MP90-Manual,sec_0749,389,5.6-numbering_scheme,PASS,,numbering_scheme is arabic. The printed folios are arabic numbers (for example p389 shows a number in the bottom corner).,
Philips-MP20-MP90-Manual,sec_0749,389,5.6-offset_applied,PASS,,offset_applied is 0. The bookmark pages are physical pages and the heading is on page_start (p389).,"The printed folio is a different number from the physical page, but the bookmark uses the physical page, so no offset is needed."
Philips-MP20-MP90-Manual,sec_0749,389,5.5-filters_discarding,PASS,,p389 has no figure in this section. The orange rules of the WARNING box are decoration. Nothing was dropped.,
Philips-MP20-MP90-Manual,sec_0749,389,5.5-filters_passing_noise,PASS,,No image is mapped to this section. The orange rules and the blue chapter bar were not kept as images.,
Philips-MP20-MP90-Manual,sec_0749,389,5.5-image_section_mapping,PASS,,No figure is printed in this section on p389 and no image is mapped to sec_0749.,
Philips-MP20-MP90-Manual,sec_0758,393,5.4-hierarchy_level,PASS,,"On p393 the heading 'Trunk Cables' (#/texts/7497) is the smallest of three stacked headings: 'ECG/Resp Accessories', 'Recommended Cables', 'Trunk Cables'. This matches hierarchy_level 4.",
Philips-MP20-MP90-Manual,sec_0758,393,5.4-parent_child,PASS,,The parent is sec_0757 'Recommended Cables' (level 3). It has no child sections. This agrees with the headings on the page.,
Philips-MP20-MP90-Manual,sec_0758,393,5.4-page_start_end,PASS,,"The section starts at heading #/texts/7497 and has the trunk cable table (node 131) and the folio 381 (#/texts/7498). page_end is 393. The next page starts with its own running header in sec_0759, so no p394 node is absorbed. The chapter intro and the WARNING box above are in earlier sections.","Old problem (BUG-022, v2): now fixed. In v2 the section ended with the running header of p394."
Philips-MP20-MP90-Manual,sec_0758,393,5.4-hierarchy_path,PASS,,The path '/Accessories/ECG/Resp Accessories/Recommended Cables/Trunk Cables' lists the ancestors in the right order and the last name is the heading seen on the page.,
Philips-MP20-MP90-Manual,sec_0758,393,5.4-gaps_duplicates,PASS,,"The heading, the table and the folio are in the section. The p394 running header (#/texts/7499-7500) is in sec_0759. No node is repeated or missing.",
Philips-MP20-MP90-Manual,sec_0758,393,5.4-flagged_for_review,PASS,,"flagged_for_review is false and verification_score is 100. The heading is on the expected page, so no flag is needed.",
Philips-MP20-MP90-Manual,sec_0758,393,5.4-structural_source,PASS,,structural_source is 'toc'. The embedded bookmark points to the page where the heading 'Trunk Cables' is printed.,
Philips-MP20-MP90-Manual,sec_0758,393,5.6-numbering_scheme,PASS,,numbering_scheme is arabic. The printed folios are arabic numbers (for example p393 shows a number in the bottom corner).,
Philips-MP20-MP90-Manual,sec_0758,393,5.6-offset_applied,PASS,,offset_applied is 0. The bookmark pages are physical pages and the heading is on page_start (p393).,"The printed folio is a different number from the physical page, but the bookmark uses the physical page, so no offset is needed."
Philips-MP20-MP90-Manual,sec_0758,393,5.6-table_content,PASS,,"The table has 3 rows and 6 columns. Part No. is M1669A, M1668A, M1667A, M1663A and M1665A. Length is 2.7m, 2.7m, 2.7m, 2.0m and 2.7m. The headers match the page and each value is under the right column.",
Philips-MP20-MP90-Manual,sec_0758,393,5.5-filters_discarding,PASS,,"The heart-and-bars symbol on p393 is printed under 'ECG/Resp Accessories', above this section. This section has no figure. Nothing of it was dropped.",
Philips-MP20-MP90-Manual,sec_0758,393,5.5-filters_passing_noise,PASS,,No image is mapped to this section. The orange WARNING rules and the table header shading were not kept as images.,
Philips-MP20-MP90-Manual,sec_0758,393,5.5-image_section_mapping,PASS,,No figure is printed under 'Trunk Cables' and no image is mapped to sec_0758.,
Philips-MP20-MP90-Manual,sec_0781,402,5.4-hierarchy_level,PASS,,The heading 'SpO2 Accessories' on p399 has the same style as its sibling headings. hierarchy_level=2 fits the outline.,
Philips-MP20-MP90-Manual,sec_0781,402,5.4-parent_child,PASS,,sec_0781 sits under sec_0755 (Accessories). It has no child sections. The page shows the section in the expected place of the outline.,
Philips-MP20-MP90-Manual,sec_0781,402,5.4-page_start_end,PASS,,"The section starts at heading #/texts/7543 on p399. The 'Transducer, accessories, sensor kits' table printed above it on p399 is not in sec_0781. It is #/tables/151 in sec_0780. The last nodes are on p404 (#/tables/159, #/texts/7571). No p405 header is owned.","Old problem (BUG-003, v2): now fixed."
Philips-MP20-MP90-Manual,sec_0781,402,5.4-hierarchy_path,PASS,,hierarchy_path '/Accessories/SpO2 Accessories' lists the ancestors in the correct order.,
Philips-MP20-MP90-Manual,sec_0781,402,5.4-gaps_duplicates,PASS,,"Tables #/tables/152 to #/tables/159 follow the pages p399 to p404 in order, one table node per printed table part. None is repeated and no part is missing. The p399 table above the heading is not duplicated here.",
Philips-MP20-MP90-Manual,sec_0781,402,5.4-flagged_for_review,PASS,,"flagged_for_review is false and verification_score is high. The heading 'SpO2 Accessories' is visible on p399, so the flag state is right.",
Philips-MP20-MP90-Manual,sec_0781,402,5.4-structural_source,PASS,,"structural_source is 'toc'. The heading 'SpO2 Accessories' is on physical p399, where page_start=399 points.",
Philips-MP20-MP90-Manual,sec_0781,402,5.6-numbering_scheme,PASS,,"Printed folio on p402 is 390. Folios are arabic and continuous, so numbering_scheme 'arabic' is right.",
Philips-MP20-MP90-Manual,sec_0781,402,5.6-offset_applied,PASS,,"page_start=399 is the physical page where the heading is printed. The printed folio is 12 lower than the physical page, constant along the chapter. offset_applied=0 is consistent.",
Philips-MP20-MP90-Manual,sec_0781,402,5.6-table_content,FAIL,Medium,On p402 #/tables/155 has two cell errors. The row 'Dura-Y D-YS' / 'Y-sensor' is read as 'Dura-Y D-YS Y-sensor' in the first cell and Description is empty. The OxiCliq A comment stops at 'Option A02 : Must use adapter cables'. The render continues 'M1943NL and OC-3 adapter cable.' and that tail is not in the node.,"Old problem (BUG-008, v2.13): still present. A value is in the wrong column and a comment tail is lost, so Medium. Row-spanning comments are also split across rows (M1943A and M1943AL)."
Philips-MP20-MP90-Manual,sec_0781,402,5.5-filters_discarding,PASS,,"On p402 I see no figure, photo, icon or vector drawing in this section; the only image of the section, img_0238 (Masimo logo), is on p404. Nothing meaningful was dropped.",
Philips-MP20-MP90-Manual,sec_0781,402,5.5-filters_passing_noise,PASS,,"No image of this section is mapped to p402 in images.json, so no decorative element was kept as an image.",
Philips-MP20-MP90-Manual,sec_0781,402,5.5-image_section_mapping,PASS,,p402 has no figure to map. I checked that no visual is missing from the section on this page.,
Philips-MP20-MP90-Manual,sec_0798,412,5.4-hierarchy_level,PASS,,The heading 'Battery Accessories' on p411 has the same style as its sibling headings. hierarchy_level=2 fits the outline.,
Philips-MP20-MP90-Manual,sec_0798,412,5.4-parent_child,PASS,,sec_0798 sits under sec_0755 (Accessories). It has no child sections. The page shows the section in the expected place of the outline.,
Philips-MP20-MP90-Manual,sec_0798,412,5.4-page_start_end,PASS,,"The section starts at heading #/texts/7629 on p411 and has the parts table #/tables/177 under it. p412 is blank except the running header and folio 400 (#/texts/7631 to #/texts/7633). The real end is p412, so page_end=412 is right.",
Philips-MP20-MP90-Manual,sec_0798,412,5.4-hierarchy_path,PASS,,hierarchy_path '/Accessories/Battery Accessories' lists the ancestors in the correct order.,
Philips-MP20-MP90-Manual,sec_0798,412,5.4-gaps_duplicates,PASS,,Nodes #/texts/7629 to #/texts/7633 and #/tables/177 are owned once. The Recorder table #/tables/176 on p411 is in sec_0797. The chapter 38 nodes on p413 are in sec_0799. No gap and no overlap.,
Philips-MP20-MP90-Manual,sec_0798,412,5.4-flagged_for_review,PASS,,"flagged_for_review is false and verification_score is high. The heading 'Battery Accessories' is visible on p411, so the flag state is right.",
Philips-MP20-MP90-Manual,sec_0798,412,5.4-structural_source,PASS,,"structural_source is 'toc'. The heading 'Battery Accessories' is on physical p411, where page_start=411 points.",
Philips-MP20-MP90-Manual,sec_0798,412,5.6-numbering_scheme,PASS,,"Printed folio on p412 is 400. Folios are arabic and continuous, so numbering_scheme 'arabic' is right.",
Philips-MP20-MP90-Manual,sec_0798,412,5.6-offset_applied,PASS,,"page_start=411 is the physical page where the heading is printed. The printed folio is 12 lower than the physical page, constant along the chapter. offset_applied=0 is consistent.",
Philips-MP20-MP90-Manual,sec_0798,412,5.6-table_content,PASS,,p412 has no table. The section's only table #/tables/177 is on p411. It matches the render: Battery Charger and Conditioner M8043A and Size adapter 4512 610 17451.,
Philips-MP20-MP90-Manual,sec_0798,412,5.5-filters_discarding,PASS,,"On p412 I see no figure, photo, icon or vector drawing in this section; the page is blank. Nothing meaningful was dropped.",
Philips-MP20-MP90-Manual,sec_0798,412,5.5-filters_passing_noise,PASS,,"No image of this section is mapped to p412 in images.json, so no decorative element was kept as an image.",
Philips-MP20-MP90-Manual,sec_0798,412,5.5-image_section_mapping,PASS,,p412 has no figure to map. I checked that no visual is missing from the section on this page.,
Philips-MP20-MP90-Manual,sec_0800,413,5.4-hierarchy_level,PASS,,The heading 'Intended Use' on p413 has the same style as its sibling headings. hierarchy_level=2 fits the outline.,
Philips-MP20-MP90-Manual,sec_0800,413,5.4-parent_child,PASS,,sec_0800 sits under sec_0799 (Installation and Specifications). It has no child sections. The page shows the section in the expected place of the outline.,
Philips-MP20-MP90-Manual,sec_0800,413,5.4-page_start_end,PASS,,The section starts at heading #/texts/7639 'Intended Use' on p413. It owns the paragraphs down to the PPV paragraph #/texts/7649. It also owns the p414 text before 'Manufacturer's Information': #/texts/7654 and the WARNING #/texts/7653 and #/texts/7655. page_end=414 matches. Chapter intro text above the heading is in sec_0799.,"Old problem (BUG-014, v2): now fixed. page_end is 414 and the text on p414 is inside the range. Old problem (BUG-022, v2.4, seen under sec_0798): now fixed. The chapter number '38' is not in this section."
Philips-MP20-MP90-Manual,sec_0800,413,5.4-hierarchy_path,PASS,,hierarchy_path '/Installation and Specifications/Intended Use' lists the ancestors in the correct order.,
Philips-MP20-MP90-Manual,sec_0800,413,5.4-gaps_duplicates,PASS,,Nodes #/texts/7639 to #/texts/7655 are owned once and in reading order on p413 and p414. The next heading 'Manufacturer's Information' on p414 starts sec_0801. No overlap and no gap.,
Philips-MP20-MP90-Manual,sec_0800,413,5.4-flagged_for_review,PASS,,"flagged_for_review is false and verification_score is high. The heading 'Intended Use' is visible on p413, so the flag state is right.",
Philips-MP20-MP90-Manual,sec_0800,413,5.4-structural_source,PASS,,"structural_source is 'toc'. The heading 'Intended Use' is on physical p413, where page_start=413 points.",
Philips-MP20-MP90-Manual,sec_0800,413,5.6-numbering_scheme,PASS,,"Printed folio on p413 is 401. Folios are arabic and continuous, so numbering_scheme 'arabic' is right.",
Philips-MP20-MP90-Manual,sec_0800,413,5.6-offset_applied,PASS,,"page_start=413 is the physical page where the heading is printed. The printed folio is 12 lower than the physical page, constant along the chapter. offset_applied=0 is consistent.",
Philips-MP20-MP90-Manual,sec_0800,413,5.5-filters_discarding,PASS,,"On p413 I see no figure, photo, icon or vector drawing in this section. Nothing meaningful was dropped.",
Philips-MP20-MP90-Manual,sec_0800,413,5.5-filters_passing_noise,PASS,,"No image of this section is mapped to p413 in images.json, so no decorative element was kept as an image.",
Philips-MP20-MP90-Manual,sec_0800,413,5.5-image_section_mapping,PASS,,p413 has no figure to map. I checked that no visual is missing from the section on this page.,
Philips-MP20-MP90-Manual,sec_0807,420,5.4-hierarchy_level,PASS,,"The heading 'MP40/MP50' on p420 is a small bold sub-heading, like 'MP60/MP70' on p421. hierarchy_level=4 under Connectors is plausible.",
Philips-MP20-MP90-Manual,sec_0807,420,5.4-parent_child,PASS,,sec_0807 sits under sec_0805 (Connectors). It has no child sections. The page shows the section in the expected place of the outline.,
Philips-MP20-MP90-Manual,sec_0807,420,5.4-page_start_end,PASS,,The section starts at heading #/texts/7806 on p420. It owns the rear figure legend 1-14 (#/texts/7817 to #/texts/7830). On p421 it owns the 'Left side of monitor' caption #/texts/7835 and legend 1-3 up to the 'MP60/MP70' heading. That heading starts sec_0808. page_end=421 is right.,"Old problem (BUG-022, v2): now fixed. The MP40/MP50 Left side caption and legend on p421 are in this section, not in sec_0808."
Philips-MP20-MP90-Manual,sec_0807,420,5.4-hierarchy_path,PASS,,hierarchy_path '/Installation and Specifications/Installation Safety Information/Connectors/MP40/MP50' lists the ancestors in the correct order.,
Philips-MP20-MP90-Manual,sec_0807,420,5.4-gaps_duplicates,PASS,,Callout numbers (#/texts/7808 to #/texts/7816) and legend lines (#/texts/7817 to #/texts/7830) on p420 each appear once. The p421 nodes #/texts/7835 to #/texts/7838 and #/texts/7851 to #/texts/7853 are owned here. sec_0808 owns the right-side legend. No overlap.,
Philips-MP20-MP90-Manual,sec_0807,420,5.4-flagged_for_review,PASS,,"flagged_for_review is false and verification_score is high. The heading 'MP40/MP50' is visible on p420, so the flag state is right.",
Philips-MP20-MP90-Manual,sec_0807,420,5.4-structural_source,PASS,,"structural_source is 'toc'. The heading 'MP40/MP50' is on physical p420, where page_start=420 points.",
Philips-MP20-MP90-Manual,sec_0807,420,5.6-numbering_scheme,PASS,,"Printed folio on p420 is 408. Folios are arabic and continuous, so numbering_scheme 'arabic' is right.",
Philips-MP20-MP90-Manual,sec_0807,420,5.6-offset_applied,PASS,,"page_start=420 is the physical page where the heading is printed. The printed folio is 12 lower than the physical page, constant along the chapter. offset_applied=0 is consistent.",
Philips-MP20-MP90-Manual,sec_0807,420,5.5-filters_discarding,FAIL,Medium,"On p420 the lower figure (telemetry adapter, callouts 11 to 14) is only the raster photo img_0255. Its pointer lines and numbers 11 to 14 are not in any image. The vector crop img_0256 ends above it. The numbers exist only as bare text nodes #/texts/7812 to #/texts/7815.","Probably BUG-010 (vector figure parts not grouped into the crop). The figure is cut: the link between legend items 11-14 and the parts is lost. Medium = figure cut. The legend text itself is kept. verify_claims expects Critical because a 227x222 pt raster is not listed in images_v1.json. I checked it: that is the rear-of-monitor photo, and it is inside the vector crop img_0256, so the figure is not lost."
Philips-MP20-MP90-Manual,sec_0807,420,5.5-filters_passing_noise,FAIL,Low,On p420 the vector crop img_0256 includes the printed caption 'MP40/MP50 Rear of monitor' at its top edge. The same caption is also text node #/texts/7807. The figure and callouts 1 to 10 are otherwise complete.,Probably BUG-010 (crop box takes nearby text). Extra text in a crop = Low. Same caption text is also in img_0257 and img_0258 on p421.
Philips-MP20-MP90-Manual,sec_0807,420,5.5-image_section_mapping,PASS,,img_0255 and img_0256 are on p420 under the MP40/MP50 heading and are mapped to sec_0807. On p421 img_0257 (MP40/MP50 left side) is also in sec_0807 and img_0258 (right side MP60/70) is in sec_0808. All mappings match the printed headings.,
Philips-MP20-MP90-Manual,sec_0815,428,5.4-hierarchy_level,PASS,,The heading 'Physical Specifications' on p427 has the same style as its sibling headings. hierarchy_level=3 fits the outline.,
Philips-MP20-MP90-Manual,sec_0815,428,5.4-parent_child,PASS,,sec_0815 sits under sec_0814 (EMC And Radio Regulatory Compliance). It has no child sections. The page shows the section in the expected place of the outline.,
Philips-MP20-MP90-Manual,sec_0815,428,5.4-page_start_end,PASS,,The section starts at heading #/texts/7959 on p427 and has table #/tables/181 (p427) and #/tables/182 (p428). The 'Environmental Specifications' heading at the bottom of p428 and its two paragraphs are in sec_0816. page_end=428 is right.,
Philips-MP20-MP90-Manual,sec_0815,428,5.4-hierarchy_path,PASS,,hierarchy_path '/Installation and Specifications/EMC And Radio Regulatory Compliance/Physical Specifications' lists the ancestors in the correct order.,
Philips-MP20-MP90-Manual,sec_0815,428,5.4-gaps_duplicates,PASS,,The weight table is split in two nodes: #/tables/181 on p427 and #/tables/182 on p428. The split follows the page break. No row is repeated. Environmental text on p428 is in sec_0816.,
Philips-MP20-MP90-Manual,sec_0815,428,5.4-flagged_for_review,PASS,,"flagged_for_review is false and verification_score is high. The heading 'Physical Specifications' is visible on p427, so the flag state is right.",
Philips-MP20-MP90-Manual,sec_0815,428,5.4-structural_source,PASS,,"structural_source is 'toc'. The heading 'Physical Specifications' is on physical p427, where page_start=427 points.",
Philips-MP20-MP90-Manual,sec_0815,428,5.6-numbering_scheme,PASS,,"Printed folio on p428 is 416. Folios are arabic and continuous, so numbering_scheme 'arabic' is right.",
Philips-MP20-MP90-Manual,sec_0815,428,5.6-offset_applied,PASS,,"page_start=427 is the physical page where the heading is printed. The printed folio is 12 lower than the physical page, constant along the chapter. offset_applied=0 is consistent.",
Philips-MP20-MP90-Manual,sec_0815,428,5.6-table_content,FAIL,Medium,"p428 #/tables/182 matches the render (M1014A to M1116B). But it continues #/tables/181 on p427, which is shifted. M3012A has no name in its row and '1.2 lb' sits in the M3014A row. M3014A and M3015A values move down one row. M1012A has no weight and 225 g is under 'Temperature Module'. The M8026A name is on the M8025A row.","Old problem (BUG-008, v2.13): still present. The sampled p428 half is correct. The defect is in the first half on p427 (checked on the p427 render). Probably BUG-008 (tall cells grouped wrongly). verify_claims expects Low because it only sees the p428 half. I kept Medium because values in #/tables/181 sit under the wrong product. Lead: downgrade to PASS if only p428 counts."
Philips-MP20-MP90-Manual,sec_0815,428,5.5-filters_discarding,PASS,,"On p428 I see no figure, photo, icon or vector drawing in this section. Nothing meaningful was dropped.",
Philips-MP20-MP90-Manual,sec_0815,428,5.5-filters_passing_noise,PASS,,"No image of this section is mapped to p428 in images.json, so no decorative element was kept as an image.",
Philips-MP20-MP90-Manual,sec_0815,428,5.5-image_section_mapping,PASS,,p428 has no figure to map. I checked that no visual is missing from the section on this page.,
Philips-MP20-MP90-Manual,sec_0817,435,5.4-hierarchy_level,PASS,,The heading 'Monitor Performance Specifications' on p431 has the same style as its sibling headings. hierarchy_level=2 fits the outline.,
Philips-MP20-MP90-Manual,sec_0817,435,5.4-parent_child,PASS,,sec_0817 sits under sec_0799 (Installation and Specifications). It has no child sections. The page shows the section in the expected place of the outline.,
Philips-MP20-MP90-Manual,sec_0817,435,5.4-page_start_end,PASS,,"The section starts at heading #/texts/7977 on p431 below the M8025A table (sec_0816). On p435 it owns tables #/tables/198 to #/tables/202, all under this heading. It ends on p440 with table #/tables/210, before the 'M4605A Battery Specifications' heading of sec_0818. The range p431-p440 is right.",
Philips-MP20-MP90-Manual,sec_0817,435,5.4-hierarchy_path,PASS,,hierarchy_path '/Installation and Specifications/Monitor Performance Specifications' lists the ancestors in the correct order.,
Philips-MP20-MP90-Manual,sec_0817,435,5.4-gaps_duplicates,PASS,,Tables #/tables/194 to #/tables/210 follow the pages p431 to p440 in order. Each printed table or part appears once. #/tables/202 on p435 continues as #/tables/203 on p436. No gap and no duplicate.,
Philips-MP20-MP90-Manual,sec_0817,435,5.4-flagged_for_review,PASS,,"flagged_for_review is false and verification_score is high. The heading 'Monitor Performance Specifications' is visible on p431, so the flag state is right.",
Philips-MP20-MP90-Manual,sec_0817,435,5.4-structural_source,PASS,,"structural_source is 'toc'. The heading 'Monitor Performance Specifications' is on physical p431, where page_start=431 points.",
Philips-MP20-MP90-Manual,sec_0817,435,5.6-numbering_scheme,PASS,,"Printed folio on p435 is 423. Folios are arabic and continuous, so numbering_scheme 'arabic' is right.",
Philips-MP20-MP90-Manual,sec_0817,435,5.6-offset_applied,PASS,,"page_start=431 is the physical page where the heading is printed. The printed folio is 12 lower than the physical page, constant along the chapter. offset_applied=0 is consistent.",
Philips-MP20-MP90-Manual,sec_0817,435,5.6-table_content,FAIL,Medium,"On p435 tables #/tables/198 to #/tables/202 match the render (M8023A, MMS M3001A, D80, Docking Station, Network/Parallel/PS/2 rows). But the X2 table #/tables/197 on p434 has no '4 different alarm sounds' line in the 'Sounds' row. That text is not anywhere in the section.","Old problem (BUG-008, v2.13): still present. Lead check of the p434 render: the Sounds cell prints '4 different alarm sounds'. This line is not in #/tables/197 and not anywhere in tree.json. It is one line of a cell, not a whole row, so Medium (unique information lost)."
Philips-MP20-MP90-Manual,sec_0817,435,5.5-filters_discarding,PASS,,"On p435 I see no figure, photo, icon or vector drawing in this section. Nothing meaningful was dropped.",
Philips-MP20-MP90-Manual,sec_0817,435,5.5-filters_passing_noise,PASS,,"No image of this section is mapped to p435 in images.json, so no decorative element was kept as an image.",
Philips-MP20-MP90-Manual,sec_0817,435,5.5-image_section_mapping,PASS,,p435 has no figure to map. I checked that no visual is missing from the section on this page.,
Philips-MP20-MP90-Manual,sec_0820,442,5.4-hierarchy_level,PASS,,The heading 'ECG/Arrhythmia/ST/QT' on p441 has the same style as its sibling headings. hierarchy_level=3 fits the outline.,
Philips-MP20-MP90-Manual,sec_0820,442,5.4-parent_child,PASS,,sec_0820 sits under sec_0819 (Measurement Specifications). It has no child sections. The page shows the section in the expected place of the outline.,
Philips-MP20-MP90-Manual,sec_0820,442,5.4-page_start_end,PASS,,"The section starts at heading #/texts/8016 on p441. p442 has no heading. Its three tables #/tables/213 to #/tables/215 (bandwidth, alarm limits, AAMI supplement) belong to this section. The range p441-p443 is right.",
Philips-MP20-MP90-Manual,sec_0820,442,5.4-hierarchy_path,PASS,,hierarchy_path '/Installation and Specifications/Measurement Specifications/ECG/Arrhythmia/ST/QT' lists the ancestors in the correct order.,
Philips-MP20-MP90-Manual,sec_0820,442,5.4-gaps_duplicates,PASS,,Tables #/tables/212 to #/tables/216 follow p441 to p443 in order. Each printed table or part appears once. No gap and no duplicate.,
Philips-MP20-MP90-Manual,sec_0820,442,5.4-flagged_for_review,PASS,,"flagged_for_review is false and verification_score is high. The heading 'ECG/Arrhythmia/ST/QT' is visible on p441, so the flag state is right.",
Philips-MP20-MP90-Manual,sec_0820,442,5.4-structural_source,PASS,,"structural_source is 'toc'. The heading 'ECG/Arrhythmia/ST/QT' is on physical p441, where page_start=441 points.",
Philips-MP20-MP90-Manual,sec_0820,442,5.6-numbering_scheme,PASS,,"Printed folio on p442 is 430. Folios are arabic and continuous, so numbering_scheme 'arabic' is right.",
Philips-MP20-MP90-Manual,sec_0820,442,5.6-offset_applied,PASS,,"page_start=441 is the physical page where the heading is printed. The printed folio is 12 lower than the physical page, constant along the chapter. offset_applied=0 is consistent.",
Philips-MP20-MP90-Manual,sec_0820,442,5.6-table_content,FAIL,Low,On p442 #/tables/213 keeps all values in the right rows. But the Bandwidth label 'when the ECG is transmitted from a telemetry device via short range radio' is split. 'via' ends in the Extended Monitoring Mode row and 'short range radio' is in the Monitoring Mode row. #/tables/214 and #/tables/215 match the render.,"Old problem (BUG-008, v2.13): still present. A tall cell is read as two rows. Values and order are kept, so Low."
Philips-MP20-MP90-Manual,sec_0820,442,5.5-filters_discarding,PASS,,"On p442 I see no figure, photo, icon or vector drawing in this section. Nothing meaningful was dropped.",
Philips-MP20-MP90-Manual,sec_0820,442,5.5-filters_passing_noise,PASS,,"No image of this section is mapped to p442 in images.json, so no decorative element was kept as an image.",
Philips-MP20-MP90-Manual,sec_0820,442,5.5-image_section_mapping,PASS,,p442 has no figure to map. I checked that no visual is missing from the section on this page.,
Philips-MP20-MP90-Manual,sec_0823,449,5.4-hierarchy_level,PASS,,The heading 'NBP' on p447 has the same style as its sibling headings. hierarchy_level=3 fits the outline.,
Philips-MP20-MP90-Manual,sec_0823,449,5.4-parent_child,PASS,,sec_0823 sits under sec_0819 (Measurement Specifications). It has no child sections. The page shows the section in the expected place of the outline.,
Philips-MP20-MP90-Manual,sec_0823,449,5.4-page_start_end,PASS,,The section starts at heading #/texts/8041 'NBP' on p447. The 'SpO2 Performance' and 'SpO2 Alarm' tables printed above it on p447 are #/tables/220 and #/tables/221 in sec_0822. On p449 the section owns the NBP tables #/tables/224 and #/tables/225. The p450 header is in sec_0824. page_end=449 is right.,"Old problem (BUG-003, v2): now fixed. The SpO2 tables are in sec_0822 and the p450 running header is not owned here."
Philips-MP20-MP90-Manual,sec_0823,449,5.4-hierarchy_path,PASS,,hierarchy_path '/Installation and Specifications/Measurement Specifications/NBP' lists the ancestors in the correct order.,
Philips-MP20-MP90-Manual,sec_0823,449,5.4-gaps_duplicates,PASS,,"Tables #/tables/222 (p447), #/tables/223 (p448), #/tables/224 and #/tables/225 (p449) follow in order. The SpO2 tables above the heading are not duplicated here. No gap and no overlap.",
Philips-MP20-MP90-Manual,sec_0823,449,5.4-flagged_for_review,PASS,,"flagged_for_review is false and verification_score is high. The heading 'NBP' is visible on p447, so the flag state is right.",
Philips-MP20-MP90-Manual,sec_0823,449,5.4-structural_source,PASS,,"structural_source is 'toc'. The heading 'NBP' is on physical p447, where page_start=447 points.",
Philips-MP20-MP90-Manual,sec_0823,449,5.6-numbering_scheme,PASS,,"Printed folio on p449 is 437. Folios are arabic and continuous, so numbering_scheme 'arabic' is right.",
Philips-MP20-MP90-Manual,sec_0823,449,5.6-offset_applied,PASS,,"page_start=447 is the physical page where the heading is printed. The printed folio is 12 lower than the physical page, constant along the chapter. offset_applied=0 is consistent.",
Philips-MP20-MP90-Manual,sec_0823,449,5.6-table_content,PASS,,"#/tables/224 (NBP Alarm Specifications) and #/tables/225 (NBP Overpressure Settings) match the render. Systolic, Diastolic and Mean ranges, the 2 mmHg and 5 mmHg steps, and the 300/300/150 mmHg overpressure values are in the right rows.",
Philips-MP20-MP90-Manual,sec_0823,449,5.5-filters_discarding,PASS,,"On p449 I see no figure, photo, icon or vector drawing in this section. Nothing meaningful was dropped.",
Philips-MP20-MP90-Manual,sec_0823,449,5.5-filters_passing_noise,PASS,,"No image of this section is mapped to p449 in images.json, so no decorative element was kept as an image.",
Philips-MP20-MP90-Manual,sec_0823,449,5.5-image_section_mapping,PASS,,p449 has no figure to map. I checked that no visual is missing from the section on this page.,
Philips-MP20-MP90-Manual,sec_0829,457,5.4-hierarchy_level,PASS,,On p457 'Cardiac Output / Continuous Cardiac Output' is a large top heading. hierarchy_level 3 under sec_0819 fits.,
Philips-MP20-MP90-Manual,sec_0829,457,5.4-parent_child,PASS,,"Parent sec_0819 'Measurement Specifications' contains it. No children, and the page shows no sub-headings.",
Philips-MP20-MP90-Manual,sec_0829,457,5.4-page_start_end,PASS,,"sec_0829 has heading #/texts/8096 and tables #/tables/241 and #/tables/242 on p457. The 'tcGas' heading, its note and its table #/tables/243 are in sec_0830 (confirmed in tree.json). Old problem (BUG-003, v2): now fixed.","Old problem (BUG-003, v2): now fixed. The tcGas table is no longer in this section."
Philips-MP20-MP90-Manual,sec_0829,457,5.4-hierarchy_path,PASS,,Path /Installation and Specifications/Measurement Specifications/Cardiac Output / Continuous Cardiac Output matches the p457 running headers.,
Philips-MP20-MP90-Manual,sec_0829,457,5.4-gaps_duplicates,PASS,,"Heading and both C.O./CCO tables are in sec_0829 once. The tcGas table is only in sec_0830, so no overlap and no loss.",
Philips-MP20-MP90-Manual,sec_0829,457,5.4-flagged_for_review,PASS,,"flagged_for_review is false and verification_score is 100.0. The heading of sec_0829 is on its page as expected, so no flag is needed.",
Philips-MP20-MP90-Manual,sec_0829,457,5.4-structural_source,PASS,,"structural_source is 'toc'. The title 'Cardiac Output / Continuous Cardiac Output' is also a bookmark-style heading on the rendered page, so the provenance holds.",
Philips-MP20-MP90-Manual,sec_0829,457,5.6-numbering_scheme,PASS,,"numbering_scheme is arabic. The printed folios on the sampled pages are plain numbers (for example 438 to 464), with no roman or lettered pages.",
Philips-MP20-MP90-Manual,sec_0829,457,5.6-offset_applied,PASS,,"offset_applied is 0. The heading of sec_0829 is on its bookmarked physical page 457 in the render, so the mapping is right.",
Philips-MP20-MP90-Manual,sec_0829,457,5.6-table_content,FAIL,Low,"On p457 #/tables/241 and #/tables/242 keep the right rows, columns and numbers. The page shows a plus-minus sign (for example 3 %, 5 %, 10 %), but #/tables/241 has a plain '+' ('+3% or 0.1 l/min', '+10% or 30 ml'). Values stay in the right columns.","Old problem (no BUG id, v2.13): still present. The sign loses its minus part, but numbers and columns are right, so Low. Probably a text-layer limit."
Philips-MP20-MP90-Manual,sec_0829,457,5.5-filters_discarding,PASS,,"The rendered page 457 shows only text and tables, with no figure, photo or icon. images.json is empty, so nothing meaningful was discarded.",
Philips-MP20-MP90-Manual,sec_0829,457,5.5-filters_passing_noise,PASS,,images.json lists no image for this section. The blue header bands and rules on p457 were not kept as images.,
Philips-MP20-MP90-Manual,sec_0829,457,5.5-image_section_mapping,PASS,,"There is no visual on p457 that needs mapping. No image is mapped to sec_0829, and none is missing.",
Philips-MP20-MP90-Manual,sec_0844,464,5.4-hierarchy_level,PASS,,On p463 'Restart time' is a small bold sub-heading like its siblings. hierarchy_level 4 under sec_0841 fits.,
Philips-MP20-MP90-Manual,sec_0844,464,5.4-parent_child,PASS,,Parent sec_0841 'Recommended separation distances...' (p462-464) contains it. No children.,
Philips-MP20-MP90-Manual,sec_0844,464,5.4-page_start_end,PASS,,"sec_0844 has heading #/texts/8154 and a sentence on p463. Its last nodes are only the blank p464 header and folio '452'. Chapter number '39' is now in sec_0845 (#/texts/8160, #/texts/8161). Old problem (BUG-022, v2): now fixed.","Old problem (BUG-022, v2): now fixed. The p465 chapter number is no longer in this section."
Philips-MP20-MP90-Manual,sec_0844,464,5.4-hierarchy_path,PASS,,Path /Installation and Specifications/Safety and Performance Tests/Recommended separation distances.../Restart time matches the p463 headings.,
Philips-MP20-MP90-Manual,sec_0844,464,5.4-gaps_duplicates,PASS,,"The heading and its one sentence are here once. p464 is blank except for the running header and folio, so nothing is lost. The p465 chapter number is not here.",
Philips-MP20-MP90-Manual,sec_0844,464,5.4-flagged_for_review,PASS,,"flagged_for_review is false and verification_score is 100.0. The heading of sec_0844 is on its page as expected, so no flag is needed.",
Philips-MP20-MP90-Manual,sec_0844,464,5.4-structural_source,PASS,,"structural_source is 'toc'. The title 'Restart time' is also a bookmark-style heading on the rendered page, so the provenance holds.",
Philips-MP20-MP90-Manual,sec_0844,464,5.6-numbering_scheme,PASS,,"numbering_scheme is arabic. The printed folios on the sampled pages are plain numbers (for example 438 to 464), with no roman or lettered pages.",
Philips-MP20-MP90-Manual,sec_0844,464,5.6-offset_applied,PASS,,"offset_applied is 0. The heading of sec_0844 is on its bookmarked physical page 463 in the render, so the mapping is right.",
Philips-MP20-MP90-Manual,sec_0844,464,5.5-filters_discarding,PASS,,"The rendered page 464 shows only text and tables, with no figure, photo or icon. images.json is empty, so nothing meaningful was discarded.",
Philips-MP20-MP90-Manual,sec_0844,464,5.5-filters_passing_noise,PASS,,images.json lists no image for this section. The blue header bands and rules on p464 were not kept as images.,
Philips-MP20-MP90-Manual,sec_0844,464,5.5-image_section_mapping,PASS,,"There is no visual on p464 that needs mapping. No image is mapped to sec_0844, and none is missing.",
Philips-MP20-MP90-Manual,sec_0846,465,5.4-hierarchy_level,PASS,,On p465 'Country-Specific Default Settings' is a large heading under the chapter title 'Default Settings Appendix'. hierarchy_level 2 under sec_0845 (level 1) fits.,
Philips-MP20-MP90-Manual,sec_0846,465,5.4-parent_child,PASS,,Parent sec_0845 'Default Settings Appendix' (p465-484) contains it. The chapter title and intro text above it are in sec_0845. No children.,
Philips-MP20-MP90-Manual,sec_0846,465,5.4-page_start_end,PASS,,"sec_0846 starts at heading #/texts/8165 on p465 and ends with folio '458' (#/texts/8182) on p470. The p471 running header is now in sec_0847. Old problem (BUG-022, v2): now fixed.","Old problem (BUG-022, v2): now fixed. The p471 running header is no longer in this section."
Philips-MP20-MP90-Manual,sec_0846,465,5.4-hierarchy_path,PASS,,Path /Default Settings Appendix/Country-Specific Default Settings matches the chapter title and running headers.,
Philips-MP20-MP90-Manual,sec_0846,465,5.4-gaps_duplicates,PASS,,"Heading, intro and the country tables #/tables/255 to #/tables/260 cover p465-470 in order. The chapter title and intro are in sec_0845 (confirmed in tree.json). No loss or repeat.",
Philips-MP20-MP90-Manual,sec_0846,465,5.4-flagged_for_review,PASS,,"flagged_for_review is false and verification_score is 100.0. The heading of sec_0846 is on its page as expected, so no flag is needed.",
Philips-MP20-MP90-Manual,sec_0846,465,5.4-structural_source,PASS,,"structural_source is 'toc'. The title 'Country-Specific Default Settings' is also a bookmark-style heading on the rendered page, so the provenance holds.",
Philips-MP20-MP90-Manual,sec_0846,465,5.6-numbering_scheme,PASS,,"numbering_scheme is arabic. The printed folios on the sampled pages are plain numbers (for example 438 to 464), with no roman or lettered pages.",
Philips-MP20-MP90-Manual,sec_0846,465,5.6-offset_applied,PASS,,"offset_applied is 0. The heading of sec_0846 is on its bookmarked physical page 465 in the render, so the mapping is right.",
Philips-MP20-MP90-Manual,sec_0846,465,5.6-table_content,PASS,,"On p465 #/tables/255 keeps the header row, the '50/60 [Hz]' units row and all 22 country rows (Afghanistan to Belgium) with the right values.",
Philips-MP20-MP90-Manual,sec_0846,465,5.5-filters_discarding,PASS,,"The rendered page 465 shows only text and tables, with no figure, photo or icon. images.json is empty, so nothing meaningful was discarded.",
Philips-MP20-MP90-Manual,sec_0846,465,5.5-filters_passing_noise,PASS,,images.json lists no image for this section. The blue header bands and rules on p465 were not kept as images.,
Philips-MP20-MP90-Manual,sec_0846,465,5.5-image_section_mapping,PASS,,"There is no visual on p465 that needs mapping. No image is mapped to sec_0846, and none is missing.",
Philips-MP20-MP90-Manual,sec_0849,474,5.4-hierarchy_level,PASS,,"On p472 'ECG, Arrhythmia, ST and QT Default Settings' is a large heading. hierarchy_level 2 under sec_0845 fits the sibling settings sections.",
Philips-MP20-MP90-Manual,sec_0849,474,5.4-parent_child,PASS,,"Parent sec_0845 'Default Settings Appendix' contains it. No children, and the pages show no sub-headings.",
Philips-MP20-MP90-Manual,sec_0849,474,5.4-page_start_end,PASS,,"sec_0849 starts at heading #/texts/8191 on p472 and ends with folio '462' (#/texts/8198) on p474. The p475 running header is in sec_0850 and 'Pulse Default Settings' starts there. Old problem (BUG-022, v2): now fixed.","Old problem (BUG-022, v2): now fixed. The p475 running header is no longer in this section."
Philips-MP20-MP90-Manual,sec_0849,474,5.4-hierarchy_path,PASS,,"Path /Default Settings Appendix/ECG, Arrhythmia, ST and QT Default Settings matches the running headers on p472-474.",
Philips-MP20-MP90-Manual,sec_0849,474,5.4-gaps_duplicates,PASS,,"ECG, Arrhythmia, ST and QT tables #/tables/262 to #/tables/267 cover p472-474 once, with the ST table continued on p474. Nothing is lost or in a neighbour.",
Philips-MP20-MP90-Manual,sec_0849,474,5.4-flagged_for_review,PASS,,"flagged_for_review is false and verification_score is 100.0. The heading of sec_0849 is on its page as expected, so no flag is needed.",
Philips-MP20-MP90-Manual,sec_0849,474,5.4-structural_source,PASS,,"structural_source is 'toc'. The title 'ECG, Arrhythmia, ST and QT Default Settings' is also a bookmark-style heading on the rendered page, so the provenance holds.",
Philips-MP20-MP90-Manual,sec_0849,474,5.6-numbering_scheme,PASS,,"numbering_scheme is arabic. The printed folios on the sampled pages are plain numbers (for example 438 to 464), with no roman or lettered pages.",
Philips-MP20-MP90-Manual,sec_0849,474,5.6-offset_applied,PASS,,"offset_applied is 0. The heading of sec_0849 is on its bookmarked physical page 472 in the render, so the mapping is right.",
Philips-MP20-MP90-Manual,sec_0849,474,5.6-table_content,PASS,,"On p473-474 the tables keep rows and values. In #/tables/263 'Arrhythmia | On | | Off | Off' and the H30 Off values sit in the right columns. ST rows '+2.0mm' lose only a space. Old problem (BUG-008, v2, Medium): now fixed.","Old problem (BUG-008, v2, Medium) on p473: now fixed."
Philips-MP20-MP90-Manual,sec_0849,474,5.5-filters_discarding,PASS,,"The rendered page 474 shows only text and tables, with no figure, photo or icon. images.json is empty, so nothing meaningful was discarded.",
Philips-MP20-MP90-Manual,sec_0849,474,5.5-filters_passing_noise,PASS,,images.json lists no image for this section. The blue header bands and rules on p474 were not kept as images.,
Philips-MP20-MP90-Manual,sec_0849,474,5.5-image_section_mapping,PASS,,"There is no visual on p474 that needs mapping. No image is mapped to sec_0849, and none is missing.",
Philips-MP20-MP90-Manual,sec_0864,484,5.4-hierarchy_level,PASS,,"sec_0864 'BIS Default Settings' has hierarchy_level 2. On p484 its heading has the same size as the other appendix headings (NBP, Temperature, SO2 and so on).",
Philips-MP20-MP90-Manual,sec_0864,484,5.4-parent_child,PASS,,"sec_0864 has parent_section_id sec_0845 and no children. Parent sec_0845 'Default Settings Appendix' (level 1, p465-484) has this section as a level-2 child.",
Philips-MP20-MP90-Manual,sec_0864,484,5.4-page_start_end,PASS,,"sec_0864 covers p483 to p484. It starts at the 'BIS Default Settings' heading on p483, under the EEG section (sec_0863). It ends with the second BIS table (#/tables/292) at the top of p484. The 'VueLink Default Settings' heading below it is in sec_0865.","The header text 'VueLink Default Settings' on p484 (#/texts/8243) is page boilerplate. It is inside the page range, so this is not an error."
Philips-MP20-MP90-Manual,sec_0864,484,5.4-hierarchy_path,PASS,,hierarchy_path is '/Default Settings Appendix/BIS Default Settings'. This matches the chapter 39 appendix title and the section heading.,
Philips-MP20-MP90-Manual,sec_0864,484,5.4-gaps_duplicates,PASS,,"Nodes #/texts/8240 to 8243 and #/tables/291, 292 appear once, in sec_0864. sec_0865 has the VueLink nodes. No gap and no duplicate between p483 and p484.",
Philips-MP20-MP90-Manual,sec_0864,484,5.4-flagged_for_review,PASS,,"sec_0864 has flagged_for_review false and verification_score 100. The heading is visible on p483, so the flag state is right.",
Philips-MP20-MP90-Manual,sec_0864,484,5.4-structural_source,PASS,,"structural_source is 'toc'. The heading 'BIS Default Settings' is printed on p483, so the bookmark is supported.",
Philips-MP20-MP90-Manual,sec_0864,484,5.6-numbering_scheme,PASS,,numbering_scheme is 'arabic'. Physical p484 shows an arabic folio and there is no roman part in this section.,
Philips-MP20-MP90-Manual,sec_0864,484,5.6-offset_applied,PASS,,"offset_applied is 0. The heading 'BIS Default Settings' is on physical p483, the same page as the bookmark, so no offset is needed.",
Philips-MP20-MP90-Manual,sec_0864,484,5.6-table_content,PASS,,"On p484, #/tables/292 (BIS Settings, second part) matches the render. Values are High Filter 70 Hz, Notch Filter On, Alarms On, Smoothing Rate 30 sec and 15 sec in H30, Color Yellow and Magenta. #/tables/291 on p483 also matches (SQI to Low Filter 2 Hz, Bursts On and Off).",
Philips-MP20-MP90-Manual,sec_0864,484,5.5-filters_discarding,PASS,,"images.json is empty. Page p484 shows no figure, photo or drawing, only tables and headings. Nothing meaningful was discarded.",
Philips-MP20-MP90-Manual,sec_0864,484,5.5-filters_passing_noise,PASS,,"images.json is empty, so no noise image was kept. The blue header bar on p484 was not kept as an image.",
Philips-MP20-MP90-Manual,sec_0864,484,5.5-image_section_mapping,PASS,,"No image is mapped to sec_0864. Page p484 has no visual to map, so none is missing.",
Philips-MP20-MP90-Manual,sec_0865,484,5.4-hierarchy_level,PASS,,"sec_0865 'VueLink Default Settings' has hierarchy_level 2. On p484 its heading has the same size as the other appendix headings (NBP, Temperature, SO2 and so on).",
Philips-MP20-MP90-Manual,sec_0865,484,5.4-parent_child,PASS,,"sec_0865 has parent_section_id sec_0845 and no children. Parent sec_0845 'Default Settings Appendix' (level 1, p465-484) has this section as a level-2 child.",
Philips-MP20-MP90-Manual,sec_0865,484,5.4-page_start_end,PASS,,sec_0865 covers p484 only. It starts at the 'VueLink Default Settings' heading and has the small Device Alarms table (#/tables/293). It is the last bookmarked section. The index (p485 to p496) is not in it. The tree ends at p484.,BUG-002 check: the unbookmarked index is not absorbed.
Philips-MP20-MP90-Manual,sec_0865,484,5.4-hierarchy_path,PASS,,hierarchy_path is '/Default Settings Appendix/VueLink Default Settings'. This matches the chapter 39 appendix title and the section heading.,
Philips-MP20-MP90-Manual,sec_0865,484,5.4-gaps_duplicates,PASS,,"#/texts/8244, #/texts/8245 and #/tables/293 appear once, in sec_0865. The BIS table above the heading is in sec_0864. No index node is in this section.",
Philips-MP20-MP90-Manual,sec_0865,484,5.4-flagged_for_review,PASS,,"sec_0865 has flagged_for_review false and verification_score 100. The heading is visible on p484, so the flag state is right.",
Philips-MP20-MP90-Manual,sec_0865,484,5.4-structural_source,PASS,,"structural_source is 'toc'. The heading 'VueLink Default Settings' is printed on p484, so the bookmark is supported.",
Philips-MP20-MP90-Manual,sec_0865,484,5.6-numbering_scheme,PASS,,numbering_scheme is 'arabic'. Physical p484 shows an arabic folio and there is no roman part in this section.,
Philips-MP20-MP90-Manual,sec_0865,484,5.6-offset_applied,PASS,,"offset_applied is 0. The heading 'VueLink Default Settings' is on physical p484, the same page as the bookmark, so no offset is needed.",
Philips-MP20-MP90-Manual,sec_0865,484,5.6-table_content,PASS,,"On p484, #/tables/293 matches the render. It has Device Alarms = Ignored and Color = Green.",
Philips-MP20-MP90-Manual,sec_0865,484,5.5-filters_discarding,PASS,,"images.json is empty. Page p484 shows no figure, photo or drawing, only tables and headings. Nothing meaningful was discarded.",
Philips-MP20-MP90-Manual,sec_0865,484,5.5-filters_passing_noise,PASS,,"images.json is empty, so no noise image was kept. The blue header bar on p484 was not kept as an image.",
Philips-MP20-MP90-Manual,sec_0865,484,5.5-image_section_mapping,PASS,,"No image is mapped to sec_0865. Page p484 has no visual to map, so none is missing.",
Philips-MP20-MP90-Manual,DOCUMENT-LEVEL,,5.6-sanity_report,,,,
Philips-MP20-MP90-Manual,sec_0013,20,5.4-hierarchy_level,PASS,,On p20 the heading 'Docking Station' is styled as a level 3 heading. It matches hierarchy_level 3.,
Philips-MP20-MP90-Manual,sec_0013,20,5.4-parent_child,PASS,,sec_0013 has parent sec_0002 ('Introducing the IntelliVue Family') and no children. This matches the heading nesting on the page.,
Philips-MP20-MP90-Manual,sec_0013,20,5.4-page_start_end,PASS,,On p20 the heading 'Docking Station' (#/texts/185) comes after the alarm device legend. sec_0013 starts with its own text #/texts/185-189 and the callout digits #/texts/190-194. The alarm legend #/texts/195-199 is no longer here.,"Old problem (BUG-023, v2.4): now fixed. Alarm legend moved to sec_0012."
Philips-MP20-MP90-Manual,sec_0013,20,5.4-hierarchy_path,PASS,,hierarchy_path '/Basic Operation/Introducing the IntelliVue Family/Docking Station' follows the real heading order.,
Philips-MP20-MP90-Manual,sec_0013,20,5.4-gaps_duplicates,PASS,,"On p20 the docking text, the WARNING (#/texts/187-188) and the digits 1-5 are in sec_0013 once. The alarm legend is in sec_0012 only. No wrong owner or duplicate.","Old problem (BUG-023, v2.4): now fixed. The legend is no longer stored in sec_0013."
Philips-MP20-MP90-Manual,sec_0013,20,5.4-flagged_for_review,PASS,,"sec_0013 is not flagged (verification_score 100.0). The heading is on the expected page, so no flag is needed.",
Philips-MP20-MP90-Manual,sec_0013,20,5.4-structural_source,PASS,,structural_source is 'toc'. The heading 'Docking Station' is on the page of its bookmark.,
Philips-MP20-MP90-Manual,sec_0013,20,5.6-numbering_scheme,PASS,,"numbering_scheme is 'arabic'. The printed folio on this page is a plain arabic number, so this is correct.",
Philips-MP20-MP90-Manual,sec_0013,20,5.6-offset_applied,PASS,,"offset_applied is 0, the same as the neighbours. The heading 'Docking Station' is on the bookmark page, so the offset is plausible.",
Philips-MP20-MP90-Manual,sec_0013,20,5.5-filters_discarding,PASS,,The docking station photo on p20 is extracted as img_0012 (512x321). No figure is missing.,"verify_claims flags a raster photo (257x397 px) on p20. It is the Remote Alarm Device photo, which is in sec_0012 as img_0013 (vector render, checked visually). Not lost."
Philips-MP20-MP90-Manual,sec_0013,20,5.5-filters_passing_noise,PASS,,"Only the docking photo is kept for sec_0013. No logo, rule or icon was kept.",
Philips-MP20-MP90-Manual,sec_0013,20,5.5-image_section_mapping,PASS,,img_0012 is the docking photo under the 'Docking Station' heading and it is mapped to sec_0013. This is correct.,
Philips-MP20-MP90-Manual,sec_0013,21,5.4-hierarchy_level,PASS,,On p21 the heading 'Docking Station' is styled as a level 3 heading. It matches hierarchy_level 3.,
Philips-MP20-MP90-Manual,sec_0013,21,5.4-parent_child,PASS,,sec_0013 has parent sec_0002 ('Introducing the IntelliVue Family') and no children. This matches the heading nesting on the page.,
Philips-MP20-MP90-Manual,sec_0013,21,5.4-page_start_end,PASS,,At the top of p21 sec_0013 holds the legend 1-5 'Open position' to 'Locked Position' (#/texts/204-208) and the running header #/texts/201-202. This legend explains the docking photo. The WARNING label #/texts/203 is no longer in sec_0013. The big heading 'Devices for Acquiring Measurements' starts sec_0014.,"Old problem (BUG-023, v2.4): now fixed. The WARNING node of sec_0014 is not in sec_0013 any more."
Philips-MP20-MP90-Manual,sec_0013,21,5.4-hierarchy_path,PASS,,hierarchy_path '/Basic Operation/Introducing the IntelliVue Family/Docking Station' follows the real heading order.,
Philips-MP20-MP90-Manual,sec_0013,21,5.4-gaps_duplicates,PASS,,"On p21 the legend list 1-5 is in sec_0013 once. The WARNING box is under 'Devices for Acquiring Measurements', not here. No wrong owner or duplicate seen.","Old problem (BUG-023, v2.4): now fixed."
Philips-MP20-MP90-Manual,sec_0013,21,5.4-flagged_for_review,PASS,,"sec_0013 is not flagged (verification_score 100.0). The heading is on the expected page, so no flag is needed.",
Philips-MP20-MP90-Manual,sec_0013,21,5.4-structural_source,PASS,,structural_source is 'toc'. The heading 'Docking Station' is on the page of its bookmark.,
Philips-MP20-MP90-Manual,sec_0013,21,5.6-numbering_scheme,PASS,,"numbering_scheme is 'arabic'. The printed folio on this page is a plain arabic number, so this is correct.",
Philips-MP20-MP90-Manual,sec_0013,21,5.6-offset_applied,PASS,,"offset_applied is 0, the same as the neighbours. The heading 'Docking Station' is on the bookmark page, so the offset is plausible.",
Philips-MP20-MP90-Manual,sec_0013,21,5.5-filters_discarding,PASS,,"The top of p21 has only the legend text, no picture. The FMS photo lower on the page is extracted as img_0014. Nothing is missing for sec_0013.",
Philips-MP20-MP90-Manual,sec_0013,21,5.5-filters_passing_noise,PASS,,No image on p21 is mapped to sec_0013. No logo or rule was kept.,
Philips-MP20-MP90-Manual,sec_0013,21,5.5-image_section_mapping,PASS,,The p21 FMS photo (img_0014) is under 'Flexible Module Rack (M8048A)' and is mapped to sec_0015. This is correct. sec_0013 has no image on p21.,
Philips-MP20-MP90-Manual,sec_0016,22,5.4-hierarchy_level,PASS,,On p22 the heading 'Measurement Modules' is styled as a level 3 heading. It matches hierarchy_level 3.,
Philips-MP20-MP90-Manual,sec_0016,22,5.4-parent_child,PASS,,sec_0016 has parent sec_0014 ('Devices for Acquiring Measurements') and no children. This matches the heading nesting on the page.,
Philips-MP20-MP90-Manual,sec_0016,22,5.4-page_start_end,PASS,,p22 starts with the heading 'Measurement Modules' (#/texts/228) and ends with the 'Example Module (Pressure)' legend and figure (#/texts/246-259). The next heading X1 starts on p23. page_start 22 and page_end 22 are right. The running header #/texts/226-227 is only boilerplate on its own page.,
Philips-MP20-MP90-Manual,sec_0016,22,5.4-hierarchy_path,PASS,,hierarchy_path '/Basic Operation/Devices for Acquiring Measurements/Measurement Modules' follows the real heading order.,
Philips-MP20-MP90-Manual,sec_0016,22,5.4-gaps_duplicates,PASS,,"The 13 module list lines, the 3 paragraphs and the legend 1-5 each appear once in sec_0016. No gap or duplicate seen.",
Philips-MP20-MP90-Manual,sec_0016,22,5.4-flagged_for_review,PASS,,"sec_0016 is not flagged (verification_score 100.0). The heading is on the expected page, so no flag is needed.",
Philips-MP20-MP90-Manual,sec_0016,22,5.4-structural_source,PASS,,structural_source is 'toc'. The heading 'Measurement Modules' is on the page of its bookmark.,
Philips-MP20-MP90-Manual,sec_0016,22,5.6-numbering_scheme,PASS,,"numbering_scheme is 'arabic'. The printed folio on this page is a plain arabic number, so this is correct.",
Philips-MP20-MP90-Manual,sec_0016,22,5.6-offset_applied,PASS,,"offset_applied is 0, the same as the neighbours. The heading 'Measurement Modules' is on the bookmark page, so the offset is plausible.",
Philips-MP20-MP90-Manual,sec_0016,22,5.5-filters_discarding,PASS,,"The 'Example Module (Pressure)' drawing with callouts 1-5 is extracted as img_0015 (origin vector, 295x306). The figure is complete.",
Philips-MP20-MP90-Manual,sec_0016,22,5.5-filters_passing_noise,PASS,,"Only the module drawing is kept. The words PRESS, Press and 80x80 (#/texts/252, 258-259) are text inside the drawing, not extra images.",
Philips-MP20-MP90-Manual,sec_0016,22,5.5-image_section_mapping,PASS,,img_0015 is under 'Example Module (Pressure)' on p22 and is mapped to sec_0016. This is correct.,
Philips-MP20-MP90-Manual,sec_0019,25,5.4-hierarchy_level,PASS,,On p25 the heading 'X2 Overview' is styled as a level 4 heading. It matches hierarchy_level 4.,
Philips-MP20-MP90-Manual,sec_0019,25,5.4-parent_child,PASS,,sec_0019 has parent sec_0018 ('X2 Multi-Measurement Module (M3002A)') and no children. This matches the heading nesting on the page.,
Philips-MP20-MP90-Manual,sec_0019,25,5.4-page_start_end,PASS,,"On p25 'X2 Overview' (#/texts/311) starts below the X2 intro text, which is in sec_0018. sec_0019 holds the callout digits and legend 1-8 (#/texts/326-333) and the folio. The next heading 'X2 Controls and Indicators' starts on p26. page_start 25 and page_end 25 are right.",
Philips-MP20-MP90-Manual,sec_0019,25,5.4-hierarchy_path,PASS,,hierarchy_path '/Basic Operation/Devices for Acquiring Measurements/X2 Multi-Measurement Module (M3002A)/X2 Overview' follows the real heading order.,
Philips-MP20-MP90-Manual,sec_0019,25,5.4-gaps_duplicates,PASS,,The legend 1 to 8 appears once in sec_0019. The digits 1-8 of the callouts are present. No gap or duplicate seen.,
Philips-MP20-MP90-Manual,sec_0019,25,5.4-flagged_for_review,PASS,,"sec_0019 is not flagged (verification_score 100.0). The heading is on the expected page, so no flag is needed.",
Philips-MP20-MP90-Manual,sec_0019,25,5.4-structural_source,PASS,,structural_source is 'toc'. The heading 'X2 Overview' is on the page of its bookmark.,
Philips-MP20-MP90-Manual,sec_0019,25,5.6-numbering_scheme,PASS,,"numbering_scheme is 'arabic'. The printed folio on this page is a plain arabic number, so this is correct.",
Philips-MP20-MP90-Manual,sec_0019,25,5.6-offset_applied,PASS,,"offset_applied is 0, the same as the neighbours. The heading 'X2 Overview' is on the bookmark page, so the offset is plausible.",
Philips-MP20-MP90-Manual,sec_0019,25,5.5-filters_discarding,PASS,,The X2 photo on p25 is extracted as img_0020 (443x342). The callout digits are text nodes. No figure is missing.,
Philips-MP20-MP90-Manual,sec_0019,25,5.5-filters_passing_noise,PASS,,Only the X2 photo is kept for sec_0019. No logo or rule was kept.,
Philips-MP20-MP90-Manual,sec_0019,25,5.5-image_section_mapping,PASS,,img_0020 is under 'X2 Overview' and is mapped to sec_0019. This is correct.,
Philips-MP20-MP90-Manual,sec_0020,26,5.4-hierarchy_level,PASS,,On p26 the heading 'X2 Controls and Indicators' is styled as a level 4 heading. It matches hierarchy_level 4.,
Philips-MP20-MP90-Manual,sec_0020,26,5.4-parent_child,PASS,,sec_0020 has parent sec_0018 ('X2 Multi-Measurement Module (M3002A)') and no children. This matches the heading nesting on the page.,
Philips-MP20-MP90-Manual,sec_0020,26,5.4-page_start_end,FAIL,Critical,"On p26 the right column has a legend 1-11 ('On/Standby switch' to 'Main Screen key') next to the X2 controls figure. sec_0020 has only the running header, the heading and 11 digit nodes (#/texts/335-348). The legend text is not in sec_0020.","Lead check: the legend nodes #/texts/368-378 are in sec_0021, confirmed in tree.json. So sec_0020 keeps only its heading and the digits. Cause: BUG-023 (the right-column legend is read after the next heading). Sprint table: body text in another section = Critical."
Philips-MP20-MP90-Manual,sec_0020,26,5.4-hierarchy_path,PASS,,hierarchy_path '/Basic Operation/Devices for Acquiring Measurements/X2 Multi-Measurement Module (M3002A)/X2 Controls and Indicators' follows the real heading order.,
Philips-MP20-MP90-Manual,sec_0020,26,5.4-gaps_duplicates,FAIL,Critical,"The legend 1-11 for 'X2 Controls and Indicators' is missing from sec_0020, which keeps only the digits 1-11. The text is probably stored in sec_0021 'X2 Patient Connectors, Right Side'.",Same cause as the 5.4-page_start_end row (BUG-023). Lead check: the legend 1-11 is in sec_0021 (#/texts/368-378). Both rows are Critical by the Sprint table.
Philips-MP20-MP90-Manual,sec_0020,26,5.4-flagged_for_review,PASS,,"sec_0020 is not flagged (verification_score 100.0). The heading is on the expected page, so no flag is needed.",
Philips-MP20-MP90-Manual,sec_0020,26,5.4-structural_source,PASS,,structural_source is 'toc'. The heading 'X2 Controls and Indicators' is on the page of its bookmark.,
Philips-MP20-MP90-Manual,sec_0020,26,5.6-numbering_scheme,PASS,,"numbering_scheme is 'arabic'. The printed folio on this page is a plain arabic number, so this is correct.",
Philips-MP20-MP90-Manual,sec_0020,26,5.6-offset_applied,PASS,,"offset_applied is 0, the same as the neighbours. The heading 'X2 Controls and Indicators' is on the bookmark page, so the offset is plausible.",
Philips-MP20-MP90-Manual,sec_0020,26,5.5-filters_discarding,PASS,,"The controls figure with callouts 1-11 is extracted as img_0026 (origin vector, 603x675). The five connector photos on the page are separate images in sec_0021. Nothing is lost.","verify_claims flags small raster insets on p26 as not in images_v1.json. I checked img_0026: the render includes all the insets (LED close-ups, keys, power switch). So they are not lost; the signal is a false alarm."
Philips-MP20-MP90-Manual,sec_0020,26,5.5-filters_passing_noise,PASS,,"img_0026 is the only image kept for sec_0020, and it is a real figure. No logo or rule was kept.",
Philips-MP20-MP90-Manual,sec_0020,26,5.5-image_section_mapping,PASS,,img_0026 sits under 'X2 Controls and Indicators' and is mapped to sec_0020. The connector photos img_0021-img_0025 are under the next heading and are mapped to sec_0021. This is correct.,
Philips-MP20-MP90-Manual,sec_0024,28,5.4-hierarchy_level,PASS,,"On p28 the heading 'M3014A, M3015A and M3016A Capnography MMS Extensions' is styled as a level 4 heading. It matches hierarchy_level 4.",
Philips-MP20-MP90-Manual,sec_0024,28,5.4-parent_child,PASS,,sec_0024 has parent sec_0023 ('MMS Extensions') and no children. This matches the heading nesting on the page.,
Philips-MP20-MP90-Manual,sec_0024,28,5.4-page_start_end,PASS,,On p28 the heading (#/texts/404) and two paragraphs (#/texts/405-406) are in sec_0024. On p29 the nodes #/texts/408-433 are the figure labels and legends of the three extensions. The next heading 'M3012A' starts on p30. page_start 28 and page_end 29 are right.,
Philips-MP20-MP90-Manual,sec_0024,28,5.4-hierarchy_path,PASS,,"hierarchy_path '/Basic Operation/Devices for Acquiring Measurements/MMS Extensions/M3014A, M3015A and M3016A Capnography MMS Extensions' follows the real heading order.",
Philips-MP20-MP90-Manual,sec_0024,28,5.4-gaps_duplicates,PASS,,The p28 paragraphs and the p29 legends 1-7 appear once in sec_0024. No gap or duplicate seen.,
Philips-MP20-MP90-Manual,sec_0024,28,5.4-flagged_for_review,PASS,,"sec_0024 is not flagged (verification_score 100.0). The heading is on the expected page, so no flag is needed.",
Philips-MP20-MP90-Manual,sec_0024,28,5.4-structural_source,PASS,,"structural_source is 'toc'. The heading 'M3014A, M3015A and M3016A Capnography MMS Extensions' is on the page of its bookmark.",
Philips-MP20-MP90-Manual,sec_0024,28,5.6-numbering_scheme,PASS,,"numbering_scheme is 'arabic'. The printed folio on this page is a plain arabic number, so this is correct.",
Philips-MP20-MP90-Manual,sec_0024,28,5.6-offset_applied,PASS,,"offset_applied is 0, the same as the neighbours. The heading 'M3014A, M3015A and M3016A Capnography MMS Extensions' is on the bookmark page, so the offset is plausible.",
Philips-MP20-MP90-Manual,sec_0024,28,5.5-filters_discarding,PASS,,p28 has a hands photo (img_0029) and p29 has three extension photos (img_0030-img_0032). All four are extracted. Nothing is missing.,
Philips-MP20-MP90-Manual,sec_0024,28,5.5-filters_passing_noise,PASS,,"Only real photos are kept. No logo, rule or icon was kept.",
Philips-MP20-MP90-Manual,sec_0024,28,5.5-image_section_mapping,FAIL,Medium,"At the top of p28, above the heading 'M3014A, M3015A and M3016A...', there is a hands photo of separating an extension (img_0029). It is mapped to sec_0024. It belongs to sec_0023 'MMS Extensions', because the sentence 'To separate an extension from the MMS...' is at the end of p27.","Probably a page-based image mapping issue; the photo is above the sec_0024 heading. The photo is kept, but the owner is wrong (Medium per Sprint table)."
Philips-MP20-MP90-Manual,sec_0025,30,5.4-hierarchy_level,PASS,,On p30 the heading 'M3012A Hemodynamic MMS Extension' is styled as a level 4 heading. It matches hierarchy_level 4.,
Philips-MP20-MP90-Manual,sec_0025,30,5.4-parent_child,PASS,,sec_0025 has parent sec_0023 ('MMS Extensions') and no children. This matches the heading nesting on the page.,
Philips-MP20-MP90-Manual,sec_0025,30,5.4-page_start_end,PASS,,"p30 starts with the heading 'M3012A Hemodynamic MMS Extension' (#/texts/436). sec_0025 holds the digits, legend 1-4 and two paragraphs (#/texts/437-446). The next chapter part 'Operating and Navigating' starts on p31. page_start 30 and page_end 30 are right.",
Philips-MP20-MP90-Manual,sec_0025,30,5.4-hierarchy_path,PASS,,hierarchy_path '/Basic Operation/Devices for Acquiring Measurements/MMS Extensions/M3012A Hemodynamic MMS Extension' follows the real heading order.,
Philips-MP20-MP90-Manual,sec_0025,30,5.4-gaps_duplicates,PASS,,The legend 1-4 and both paragraphs appear once in sec_0025. No gap or duplicate seen.,
Philips-MP20-MP90-Manual,sec_0025,30,5.4-flagged_for_review,PASS,,"sec_0025 is not flagged (verification_score 100.0). The heading is on the expected page, so no flag is needed.",
Philips-MP20-MP90-Manual,sec_0025,30,5.4-structural_source,PASS,,structural_source is 'toc'. The heading 'M3012A Hemodynamic MMS Extension' is on the page of its bookmark.,
Philips-MP20-MP90-Manual,sec_0025,30,5.6-numbering_scheme,PASS,,"numbering_scheme is 'arabic'. The printed folio on this page is a plain arabic number, so this is correct.",
Philips-MP20-MP90-Manual,sec_0025,30,5.6-offset_applied,PASS,,"offset_applied is 0, the same as the neighbours. The heading 'M3012A Hemodynamic MMS Extension' is on the bookmark page, so the offset is plausible.",
Philips-MP20-MP90-Manual,sec_0025,30,5.5-filters_discarding,PASS,,The M3012A photo on p30 is extracted as img_0033 (472x437). Nothing is missing.,
Philips-MP20-MP90-Manual,sec_0025,30,5.5-filters_passing_noise,PASS,,Only the M3012A photo is kept. No logo or rule was kept.,
Philips-MP20-MP90-Manual,sec_0025,30,5.5-image_section_mapping,PASS,,img_0033 is under the M3012A heading and is mapped to sec_0025. This is correct.,
Philips-MP20-MP90-Manual,sec_0026,31,5.4-hierarchy_level,PASS,,"On p31 'Operating and Navigating' is a large heading, same size as other chapter sub-headings under '1 Basic Operation'. hierarchy_level 2 matches.",
Philips-MP20-MP90-Manual,sec_0026,31,5.4-parent_child,PASS,,"parent_section_id is sec_0001 'Basic Operation', which is the heading above it in the document. Its 11 children (sec_0027 to sec_0035, sec_0040, sec_0041) match the sub-headings printed on p32 to p38.",
Philips-MP20-MP90-Manual,sec_0026,31,5.4-page_start_end,PASS,,"The heading and all own nodes (#/texts/448 to #/texts/470, #/tables/12) are on p31. The text and table match the page. page_end 38 is the end of the last child, sec_0041 (p38 checked). Callout numbers '1' to '19' are kept as loose text nodes.",
Philips-MP20-MP90-Manual,sec_0026,31,5.4-hierarchy_path,PASS,,hierarchy_path ends with 'Operating and Navigating' and lists the same ancestors as the headings seen in the PDF.,
Philips-MP20-MP90-Manual,sec_0026,31,5.4-gaps_duplicates,PASS,,"'Operating and Navigating' appears once in the tree (page_start 31, page_end 38). The heading is printed once on its page. No overlap with the neighbours was seen.",
Philips-MP20-MP90-Manual,sec_0026,31,5.4-flagged_for_review,PASS,,"flagged_for_review is false and verification_score is 100. The heading 'Operating and Navigating' is visible on the rendered page, so no flag is needed.",
Philips-MP20-MP90-Manual,sec_0026,31,5.4-structural_source,PASS,,structural_source is 'toc'. The PDF has bookmarks and the heading is at the bookmarked page.,
Philips-MP20-MP90-Manual,sec_0026,31,5.6-numbering_scheme,PASS,,"numbering_scheme is 'arabic'. The printed folios are arabic numbers, so this is correct.",
Philips-MP20-MP90-Manual,sec_0026,31,5.6-offset_applied,PASS,,offset_applied is 0. The bookmark page equals the physical page (31) where the heading is seen.,
Philips-MP20-MP90-Manual,sec_0026,31,5.6-table_content,PASS,,#/tables/12 has 9 rows with the left list (1 to 9) and right list (10 to 18). The cell texts match the rendered table on p31.,"Header cell between the two lists is empty, as in the page."
Philips-MP20-MP90-Manual,sec_0026,31,5.5-filters_discarding,FAIL,Medium,On p31 the extracted figure img_0034 is only the monitor screenshot (1024x800). The 19 callout numbers and leader lines drawn on top of it are not in the image. The numbers are only loose text nodes #/texts/453 to #/texts/470 with no position. The table #/tables/12 refers to those numbers.,"Probably the callouts are vector overlays that the raster crop does not include (BUG-010 family). Not confirmed. No old FAIL for this row. Unique information lost: which screen element has which number. Severity Medium, not Critical: the screenshot itself is extracted (img_0034); only the overlay is missing (agreed rule: unique information lost = Medium). verify_claims expects Critical because it only sees evidence of a missing figure."
Philips-MP20-MP90-Manual,sec_0026,31,5.5-filters_passing_noise,PASS,,"Only img_0034 is extracted on p31. It is the monitor screenshot. No rule, logo or divider image was kept.",
Philips-MP20-MP90-Manual,sec_0026,31,5.5-image_section_mapping,PASS,,"img_0034 is on p31 and is mapped to sec_0026. The heading, intro text and callout table of sec_0026 surround it.",
Philips-MP20-MP90-Manual,sec_0031,33,5.4-hierarchy_level,PASS,,On p33 'Using the SpeedPoint' is a sub-heading under 'Operating and Navigating'. hierarchy_level 3 matches.,
Philips-MP20-MP90-Manual,sec_0031,33,5.4-parent_child,PASS,,"parent_section_id is sec_0026 'Operating and Navigating', which is the heading above it in the document. It has no children and p33 shows no lower heading.",
Philips-MP20-MP90-Manual,sec_0031,33,5.4-page_start_end,PASS,,The heading starts at the top of p33. Nodes #/texts/485 to #/texts/498 and #/tables/14 are all on p33 and match it. The folio '21' is the last node. The next heading is on p34.,
Philips-MP20-MP90-Manual,sec_0031,33,5.4-hierarchy_path,PASS,,hierarchy_path ends with 'Using the SpeedPoint' and lists the same ancestors as the headings seen in the PDF.,
Philips-MP20-MP90-Manual,sec_0031,33,5.4-gaps_duplicates,PASS,,"'Using the SpeedPoint' appears once in the tree (page_start 33, page_end 33). The heading is printed once on its page. No overlap with the neighbours was seen.",
Philips-MP20-MP90-Manual,sec_0031,33,5.4-flagged_for_review,PASS,,"flagged_for_review is false and verification_score is 100. The heading 'Using the SpeedPoint' is visible on the rendered page, so no flag is needed.",
Philips-MP20-MP90-Manual,sec_0031,33,5.4-structural_source,PASS,,structural_source is 'toc'. The PDF has bookmarks and the heading is at the bookmarked page.,
Philips-MP20-MP90-Manual,sec_0031,33,5.6-numbering_scheme,PASS,,"numbering_scheme is 'arabic'. The printed folios are arabic numbers, so this is correct.",
Philips-MP20-MP90-Manual,sec_0031,33,5.6-offset_applied,PASS,,offset_applied is 0. The bookmark page equals the physical page (33) where the heading is seen.,
Philips-MP20-MP90-Manual,sec_0031,33,5.6-table_content,PASS,,#/tables/14 has 7 rows (1 to 7). Each number and key text matches the rendered table on p33.,Bold style is lost; text and order are kept.
Philips-MP20-MP90-Manual,sec_0031,33,5.5-filters_discarding,PASS,,"On p33 two figures were kept: img_0036 (vector crop of the key photo with numbers 1 to 7) and img_0035 (remote SpeedPoint, 128x128). The dashed lines from 6 and 7 to the remote are not in the crops, but rows 6 and 7 of #/tables/14 name those keys.","Minor loss only. Low confidence because the dashed lines are lost. A human may grade this Low. verify_claims flags a 113x222 px raster on p33 as not extracted: it is the left key photo, which is present as the vector crop img_0036 (it includes the callout numbers). So the figure is not lost."
Philips-MP20-MP90-Manual,sec_0031,33,5.5-filters_passing_noise,PASS,,"img_0035 and img_0036 are the two product photos on p33. No divider, logo or decoration was kept.",
Philips-MP20-MP90-Manual,sec_0031,33,5.5-image_section_mapping,PASS,,Both images are on p33 and are mapped to sec_0031. It is the only section with a heading on p33.,
Philips-MP20-MP90-Manual,sec_0037,36,5.4-hierarchy_level,PASS,,"On p35 'SmartKeys' has the same small bold style as 'Permanent Keys', under 'Using Keys'. Level 4 fits. hierarchy_level 4 matches.",
Philips-MP20-MP90-Manual,sec_0037,36,5.4-parent_child,PASS,,"parent_section_id is sec_0035 'Using Keys', which is the heading above it in the document. It has no children. Its sibling sec_0036 'Permanent Keys' is also level 4. The next heading 'Hardkeys' on p37 is outside it.",
Philips-MP20-MP90-Manual,sec_0037,36,5.4-page_start_end,PASS,,'SmartKeys' heading #/texts/529 is on p35 below the four permanent keys. The nodes run through p36 and p37 and end at 'open unit conversion window'. All icon labels on p35 to p37 are present. The next heading 'Hardkeys' on p37 is not absorbed.,"Some label nodes on p36 and p37 are in a mixed order, but all stay in the right section."
Philips-MP20-MP90-Manual,sec_0037,36,5.4-hierarchy_path,PASS,,hierarchy_path ends with 'SmartKeys' and lists the same ancestors as the headings seen in the PDF.,
Philips-MP20-MP90-Manual,sec_0037,36,5.4-gaps_duplicates,PASS,,"'SmartKeys' appears once in the tree (page_start 35, page_end 37). The heading is printed once on its page. No overlap with the neighbours was seen.",
Philips-MP20-MP90-Manual,sec_0037,36,5.4-flagged_for_review,PASS,,"flagged_for_review is false and verification_score is 100. The heading 'SmartKeys' is visible on the rendered page, so no flag is needed.",
Philips-MP20-MP90-Manual,sec_0037,36,5.4-structural_source,PASS,,structural_source is 'toc'. The PDF has bookmarks and the heading is at the bookmarked page.,
Philips-MP20-MP90-Manual,sec_0037,36,5.6-numbering_scheme,PASS,,"numbering_scheme is 'arabic'. The printed folios are arabic numbers, so this is correct.",
Philips-MP20-MP90-Manual,sec_0037,36,5.6-offset_applied,PASS,,offset_applied is 0. The bookmark page equals the physical page (35) where the heading is seen.,
Philips-MP20-MP90-Manual,sec_0037,36,5.5-filters_discarding,FAIL,Low,"On p35, p36 and p37 every key label has a small icon (about 55 px wide) next to it, around 80 in total. None of them is in images.json. The text labels are in the section nodes.",Probably the small-image filter (BUG-017 / BUG-020). Not confirmed. Graded Low by the agreed rule for small icons. A human may regrade: the icon is the way to find the key.
Philips-MP20-MP90-Manual,sec_0037,36,5.5-filters_passing_noise,PASS,,"No image is mapped to sec_0037, so no noise was kept.",
Philips-MP20-MP90-Manual,sec_0037,36,5.5-image_section_mapping,PASS,,"No image is mapped to sec_0037, and none is on p35 to p37 in images.json. The missing icons are logged in the filters_discarding row.",
Philips-MP20-MP90-Manual,sec_0043,39,5.4-hierarchy_level,PASS,,On p39 'Standby Mode' is a small bold sub-heading under the large 'Operating Modes' heading. hierarchy_level 3 matches.,
Philips-MP20-MP90-Manual,sec_0043,39,5.4-parent_child,PASS,,"parent_section_id is sec_0042 'Operating Modes', which is the heading above it in the document. It has no children. The next heading 'Understanding Screens' on p40 is a level 2 sibling of the parent.",
Philips-MP20-MP90-Manual,sec_0043,39,5.4-page_start_end,PASS,,"Heading #/texts/622 is on p39. Nodes #/texts/622 to #/texts/630 match the p39 text down to 'To resume monitoring,'. On p40 the bullet and the X2/MP5 paragraph (#/texts/633, #/texts/634) are included. 'Understanding Screens' on p40 is not absorbed.",Small text error: node #/texts/626 ends with a stray 'y.'. The running header nodes #/texts/631-632 are inside the page range.
Philips-MP20-MP90-Manual,sec_0043,39,5.4-hierarchy_path,PASS,,hierarchy_path ends with 'Standby Mode' and lists the same ancestors as the headings seen in the PDF.,
Philips-MP20-MP90-Manual,sec_0043,39,5.4-gaps_duplicates,PASS,,"'Standby Mode' appears once in the tree (page_start 39, page_end 40). The heading is printed once on its page. No overlap with the neighbours was seen.",
Philips-MP20-MP90-Manual,sec_0043,39,5.4-flagged_for_review,PASS,,"flagged_for_review is false and verification_score is 100. The heading 'Standby Mode' is visible on the rendered page, so no flag is needed.",
Philips-MP20-MP90-Manual,sec_0043,39,5.4-structural_source,PASS,,structural_source is 'toc'. The PDF has bookmarks and the heading is at the bookmarked page.,
Philips-MP20-MP90-Manual,sec_0043,39,5.6-numbering_scheme,PASS,,"numbering_scheme is 'arabic'. The printed folios are arabic numbers, so this is correct.",
Philips-MP20-MP90-Manual,sec_0043,39,5.6-offset_applied,PASS,,offset_applied is 0. The bookmark page equals the physical page (39) where the heading is seen.,
Philips-MP20-MP90-Manual,sec_0043,39,5.5-filters_discarding,PASS,,Standby Mode has no figure on p39 or p40. The gray 'Config' box on p39 is above the heading and belongs to 'Operating Modes'. The Change Screen icon on p40 belongs to 'Switching to a Different Screen'.,"verify_claims flags a small 111x28 px raster dropped on p39. It is the gray 'Config' box printed above the Standby Mode heading. It belongs to 'Operating Modes' (sec_0042), so it is not a loss for this section."
Philips-MP20-MP90-Manual,sec_0043,39,5.5-filters_passing_noise,PASS,,No image is mapped to sec_0043 and none is on its text on p39 or p40.,
Philips-MP20-MP90-Manual,sec_0043,39,5.5-image_section_mapping,PASS,,"No image in images.json is on p39 or p40. Nothing is mapped to sec_0043, and it has no figure of its own.",
Philips-MP20-MP90-Manual,sec_0048,42,5.4-hierarchy_level,PASS,,"On p42 this is a large heading, same size as 'Using the Visitor Screen' below it. Level 2 fits. hierarchy_level 2 matches.",
Philips-MP20-MP90-Manual,sec_0048,42,5.4-parent_child,PASS,,"parent_section_id is sec_0001 'Basic Operation', which is the heading above it in the document. It has no children and no sub-heading is printed in it.",
Philips-MP20-MP90-Manual,sec_0048,42,5.4-page_start_end,PASS,,Heading #/texts/685 is at the middle of p42. The three paragraphs #/texts/686 to #/texts/688 follow and end before the heading 'Using the Visitor Screen'. The text above the heading on p42 belongs to sec_0047.,
Philips-MP20-MP90-Manual,sec_0048,42,5.4-hierarchy_path,PASS,,hierarchy_path ends with 'Using the XDS Remote Display' and lists the same ancestors as the headings seen in the PDF.,
Philips-MP20-MP90-Manual,sec_0048,42,5.4-gaps_duplicates,PASS,,"'Using the XDS Remote Display' appears once in the tree (page_start 42, page_end 42). The heading is printed once on its page. No overlap with the neighbours was seen.",
Philips-MP20-MP90-Manual,sec_0048,42,5.4-flagged_for_review,PASS,,"flagged_for_review is false and verification_score is 100. The heading 'Using the XDS Remote Display' is visible on the rendered page, so no flag is needed.",
Philips-MP20-MP90-Manual,sec_0048,42,5.4-structural_source,PASS,,structural_source is 'toc'. The PDF has bookmarks and the heading is at the bookmarked page.,
Philips-MP20-MP90-Manual,sec_0048,42,5.6-numbering_scheme,PASS,,"numbering_scheme is 'arabic'. The printed folios are arabic numbers, so this is correct.",
Philips-MP20-MP90-Manual,sec_0048,42,5.6-offset_applied,PASS,,offset_applied is 0. The bookmark page equals the physical page (42) where the heading is seen.,
Philips-MP20-MP90-Manual,sec_0048,42,5.5-filters_discarding,PASS,,Using the XDS Remote Display has no figure on p42.,
Philips-MP20-MP90-Manual,sec_0048,42,5.5-filters_passing_noise,PASS,,No image is mapped to sec_0048 and none is on p42.,
Philips-MP20-MP90-Manual,sec_0048,42,5.5-image_section_mapping,PASS,,No image in images.json is on p42. sec_0048 has no figure.,
Philips-MP20-MP90-Manual,sec_0056,45,5.4-hierarchy_level,PASS,,"On p45 this is a medium bold heading, same size as 'Switching a Measurement On and Off'. Level 3 fits. hierarchy_level 3 matches.",
Philips-MP20-MP90-Manual,sec_0056,45,5.4-parent_child,PASS,,"parent_section_id is sec_0055 'Understanding Settings', which is the heading above it in the document. It has no children and no sub-heading is printed in it.",
Philips-MP20-MP90-Manual,sec_0056,45,5.4-page_start_end,PASS,,Heading #/texts/750 is at the middle of p45. Paragraph and bullet nodes #/texts/751 to #/texts/756 match the text down to 'This guide always describes...'. The next heading 'Switching a Measurement On and Off' is not absorbed. The text above the heading belongs to the parent.,
Philips-MP20-MP90-Manual,sec_0056,45,5.4-hierarchy_path,PASS,,hierarchy_path ends with 'Changing Measurement Settings' and lists the same ancestors as the headings seen in the PDF.,
Philips-MP20-MP90-Manual,sec_0056,45,5.4-gaps_duplicates,PASS,,"'Changing Measurement Settings' appears once in the tree (page_start 45, page_end 45). The heading is printed once on its page. No overlap with the neighbours was seen.",
Philips-MP20-MP90-Manual,sec_0056,45,5.4-flagged_for_review,PASS,,"flagged_for_review is false and verification_score is 100. The heading 'Changing Measurement Settings' is visible on the rendered page, so no flag is needed.",
Philips-MP20-MP90-Manual,sec_0056,45,5.4-structural_source,PASS,,structural_source is 'toc'. The PDF has bookmarks and the heading is at the bookmarked page.,
Philips-MP20-MP90-Manual,sec_0056,45,5.6-numbering_scheme,PASS,,"numbering_scheme is 'arabic'. The printed folios are arabic numbers, so this is correct.",
Philips-MP20-MP90-Manual,sec_0056,45,5.6-offset_applied,PASS,,offset_applied is 0. The bookmark page equals the physical page (45) where the heading is seen.,
Philips-MP20-MP90-Manual,sec_0056,45,5.5-filters_discarding,PASS,,p45 has no figure or icon in Changing Measurement Settings.,
Philips-MP20-MP90-Manual,sec_0056,45,5.5-filters_passing_noise,PASS,,No image is mapped to sec_0056 and none is on p45.,
Philips-MP20-MP90-Manual,sec_0056,45,5.5-image_section_mapping,PASS,,No image in images.json is on p45. sec_0056 has no figure.,
Philips-MP20-MP90-Manual,sec_0065,47,5.4-hierarchy_level,PASS,,On p46 this is a medium bold heading under the large 'Freezing Waves' heading. Level 3 fits. hierarchy_level 3 matches.,
Philips-MP20-MP90-Manual,sec_0065,47,5.4-parent_child,PASS,,"parent_section_id is sec_0063 'Freezing Waves', which is the heading above it in the document. It has no children. The next heading 'Measuring Frozen Waves' on p47 is a sibling.",
Philips-MP20-MP90-Manual,sec_0065,47,5.4-page_start_end,PASS,,"p46: heading #/texts/794, 'To freeze all waves on the screen,' and folio '34'. p47: running header, step 1 'Select the Freeze Waves SmartKey.' and 'All realtime waves are replaced with frozen waves.' The next heading 'Measuring Frozen Waves' is not absorbed.",
Philips-MP20-MP90-Manual,sec_0065,47,5.4-hierarchy_path,PASS,,hierarchy_path ends with 'Freezing All Waves' and lists the same ancestors as the headings seen in the PDF.,
Philips-MP20-MP90-Manual,sec_0065,47,5.4-gaps_duplicates,PASS,,"'Freezing All Waves' appears once in the tree (page_start 46, page_end 47). The heading is printed once on its page. No overlap with the neighbours was seen.",
Philips-MP20-MP90-Manual,sec_0065,47,5.4-flagged_for_review,PASS,,"flagged_for_review is false and verification_score is 100. The heading 'Freezing All Waves' is visible on the rendered page, so no flag is needed.",
Philips-MP20-MP90-Manual,sec_0065,47,5.4-structural_source,PASS,,structural_source is 'toc'. The PDF has bookmarks and the heading is at the bookmarked page.,
Philips-MP20-MP90-Manual,sec_0065,47,5.6-numbering_scheme,PASS,,"numbering_scheme is 'arabic'. The printed folios are arabic numbers, so this is correct.",
Philips-MP20-MP90-Manual,sec_0065,47,5.6-offset_applied,PASS,,offset_applied is 0. The bookmark page equals the physical page (46) where the heading is seen.,
Philips-MP20-MP90-Manual,sec_0065,47,5.5-filters_discarding,FAIL,Low,On p47 a small Freeze Waves icon (about 55 px) is printed at the top right of step 1. It is not in images.json. The step text 'Select the Freeze Waves SmartKey.' is in #/texts/799.,Probably the small-image filter (BUG-017 / BUG-020). Not confirmed. Graded Low by the agreed rule for small icons. No old FAIL for this row.
Philips-MP20-MP90-Manual,sec_0065,47,5.5-filters_passing_noise,PASS,,"No image is mapped to sec_0065, so no noise was kept.",
Philips-MP20-MP90-Manual,sec_0065,47,5.5-image_section_mapping,PASS,,No image in images.json is on p46 or p47. The missing icon is logged in the filters_discarding row.,
Philips-MP20-MP90-Manual,sec_0071,48,5.4-hierarchy_level,PASS,,On p48 this is a medium bold heading under the large 'Using Labels' heading. Level 3 fits. hierarchy_level 3 matches.,
Philips-MP20-MP90-Manual,sec_0071,48,5.4-parent_child,PASS,,"parent_section_id is sec_0070 'Using Labels', which is the heading above it in the document. It has no children. The next heading 'Changing Measurement Labels' is a sibling.",
Philips-MP20-MP90-Manual,sec_0071,48,5.4-page_start_end,PASS,,Heading #/texts/830 is at the top of p48. The three paragraphs #/texts/831 to #/texts/833 match the page. The next heading 'Changing Measurement Labels (e.g. Pressure)' is not absorbed.,
Philips-MP20-MP90-Manual,sec_0071,48,5.4-hierarchy_path,PASS,,hierarchy_path ends with 'About Label Sets' and lists the same ancestors as the headings seen in the PDF.,
Philips-MP20-MP90-Manual,sec_0071,48,5.4-gaps_duplicates,PASS,,"'About Label Sets' appears once in the tree (page_start 48, page_end 48). The heading is printed once on its page. No overlap with the neighbours was seen.",
Philips-MP20-MP90-Manual,sec_0071,48,5.4-flagged_for_review,PASS,,"flagged_for_review is false and verification_score is 100. The heading 'About Label Sets' is visible on the rendered page, so no flag is needed.",
Philips-MP20-MP90-Manual,sec_0071,48,5.4-structural_source,PASS,,structural_source is 'toc'. The PDF has bookmarks and the heading is at the bookmarked page.,
Philips-MP20-MP90-Manual,sec_0071,48,5.6-numbering_scheme,PASS,,"numbering_scheme is 'arabic'. The printed folios are arabic numbers, so this is correct.",
Philips-MP20-MP90-Manual,sec_0071,48,5.6-offset_applied,PASS,,offset_applied is 0. The bookmark page equals the physical page (48) where the heading is seen.,
Philips-MP20-MP90-Manual,sec_0071,48,5.5-filters_discarding,PASS,,p48 has no figure or icon in About Label Sets.,
Philips-MP20-MP90-Manual,sec_0071,48,5.5-filters_passing_noise,PASS,,No image is mapped to sec_0071 and none is on p48.,
Philips-MP20-MP90-Manual,sec_0071,48,5.5-image_section_mapping,PASS,,No image in images.json is on p48. sec_0071 has no figure.,
Philips-MP20-MP90-Manual,sec_0073,50,5.4-hierarchy_level,PASS,,"On p50, 'Resolving Label Conflicts' is a bold sub-heading, the same style as 'About Label Sets' under chapter heading 'Using Labels' on p48. hierarchy_level=3 agrees with this.",
Philips-MP20-MP90-Manual,sec_0073,50,5.4-parent_child,PASS,,"Parent sec_0070 'Using Labels' (p48-50) is the bigger heading above it. sec_0073 has no children, and none are visible. This matches parent_section_id=sec_0070.",
Philips-MP20-MP90-Manual,sec_0073,50,5.4-page_start_end,PASS,,The last node is #/texts/916 ('Modify Driver') on p50. The next heading 'Label Compatibility' is below it and is not in this section. page_end=50 is correct.,
Philips-MP20-MP90-Manual,sec_0073,50,5.4-hierarchy_path,PASS,,"hierarchy_path '/Basic Operation/Using Labels/Resolving Label Conflicts' lists the real ancestors in order, as seen in the headings around p50.",
Philips-MP20-MP90-Manual,sec_0073,50,5.4-gaps_duplicates,PASS,,"No node is missing or repeated. Figure labels (e.g. #/texts/859 to #/texts/892) are extra short paragraphs, not duplicates of page text.",
Philips-MP20-MP90-Manual,sec_0073,50,5.4-flagged_for_review,PASS,,"flagged_for_review=false and verification_score=100. Page 50 shows the heading in the expected place, so no flag is needed.",
Philips-MP20-MP90-Manual,sec_0073,50,5.4-structural_source,PASS,,"structural_source='toc'. The heading of this section is visible in the page layout where the bookmark points, so the provenance is supported.",
Philips-MP20-MP90-Manual,sec_0073,50,5.6-numbering_scheme,PASS,,"numbering_scheme='arabic'. The printed folio on p50 is 38, an arabic number.",
Philips-MP20-MP90-Manual,sec_0073,50,5.6-offset_applied,PASS,,"offset_applied=0. The section heading and content are on the physical page given by page_start=48/page_end=50. Printed folio 38 is on physical p50, which is the page the viewer shows.",
Philips-MP20-MP90-Manual,sec_0073,50,5.5-filters_discarding,PASS,,"p50 has one figure, the 'MP5 connected to host monitor' screen. It is extracted as img_0043. No small icon is on this page.",
Philips-MP20-MP90-Manual,sec_0073,50,5.5-filters_passing_noise,PASS,,"img_0043 is the MP5 host-monitor screen. It is real content, not a rule or logo. The right side is cut in the source page too.",
Philips-MP20-MP90-Manual,sec_0073,50,5.5-image_section_mapping,PASS,,"img_0043 is mapped to sec_0073. The figure is at the top of p50, before the 'Label Compatibility' heading, and belongs to this section.",
Philips-MP20-MP90-Manual,sec_0078,52,5.4-hierarchy_level,PASS,,"On p52, 'Adjusting the Screen Brightness' is a bold sub-heading at the top of p52, the same style as 'Setting the Date and Time' below it. hierarchy_level=3 agrees with this.",
Philips-MP20-MP90-Manual,sec_0078,52,5.4-parent_child,PASS,,"Parent sec_0077 holds the monitor settings group. sec_0078 has no children, and none are visible. This matches parent_section_id=sec_0077.",
Philips-MP20-MP90-Manual,sec_0078,52,5.4-page_start_end,PASS,,The heading and the 2 steps with 2 paragraphs (#/texts/948 to #/texts/952) end before 'Setting the Date and Time'. page_start=page_end=52 is correct. Running headers #/texts/946 and #/texts/947 are boilerplate on the same page.,
Philips-MP20-MP90-Manual,sec_0078,52,5.4-hierarchy_path,PASS,,"hierarchy_path '/Basic Operation/Changing Monitor Settings/Adjusting the Screen Brightness' lists the real ancestors in order, as seen in the headings around p52.",
Philips-MP20-MP90-Manual,sec_0078,52,5.4-gaps_duplicates,PASS,,Nodes #/texts/946 to #/texts/952 follow the page order. Nothing is missing or repeated.,
Philips-MP20-MP90-Manual,sec_0078,52,5.4-flagged_for_review,PASS,,"flagged_for_review=false and verification_score=100. Page 52 shows the heading in the expected place, so no flag is needed.",
Philips-MP20-MP90-Manual,sec_0078,52,5.4-structural_source,PASS,,"structural_source='toc'. The heading of this section is visible in the page layout where the bookmark points, so the provenance is supported.",
Philips-MP20-MP90-Manual,sec_0078,52,5.6-numbering_scheme,PASS,,"numbering_scheme='arabic'. The printed folio on p52 is 40, an arabic number.",
Philips-MP20-MP90-Manual,sec_0078,52,5.6-offset_applied,PASS,,"offset_applied=0. The section heading and content are on the physical page given by page_start=52/page_end=52. Printed folio 40 is on physical p52, which is the page the viewer shows.",
Philips-MP20-MP90-Manual,sec_0078,52,5.5-filters_discarding,FAIL,Low,At the right of step 1 on p52 there is a small brightness icon (sun above a ramp). images.json has no image for sec_0078. The text names the 'Brightness' SmartKey.,"New row, no old FAIL. Probably BUG-020 (small icon dropped by the minimum-area filter). The meaning is in the text."
Philips-MP20-MP90-Manual,sec_0078,52,5.5-filters_passing_noise,PASS,,"No image is kept for this section on p52. No rule, divider or logo is kept as an image.",
Philips-MP20-MP90-Manual,sec_0078,52,5.5-image_section_mapping,PASS,,"No image is mapped to sec_0078 and none is on p52 that belongs to it, so there is nothing to map.",
Philips-MP20-MP90-Manual,sec_0092,56,5.4-hierarchy_level,PASS,,"On p56, 'Using the X2 or MP5 with a Host Monitor' is a large bold heading on p56, the same style as 'Using Remote Applications'. hierarchy_level=2 agrees with this.",
Philips-MP20-MP90-Manual,sec_0092,56,5.4-parent_child,PASS,,"Parent sec_0001 is 'Basic Operation'. sec_0092 has no children, and none are visible. This matches parent_section_id=sec_0001.",
Philips-MP20-MP90-Manual,sec_0092,56,5.4-page_start_end,PASS,,"The section holds the heading, the intro and all bullets on p56 (#/texts/1034 to #/texts/1043) and the folio '44' (#/texts/1044). It has no node from p57. The large chapter number '2' of the next chapter is not in it.","Old problem (BUG-022, v2): now fixed."
Philips-MP20-MP90-Manual,sec_0092,56,5.4-hierarchy_path,PASS,,"hierarchy_path '/Basic Operation/Using the X2 or MP5 with a Host Monitor' lists the real ancestors in order, as seen in the headings around p56.",
Philips-MP20-MP90-Manual,sec_0092,56,5.4-gaps_duplicates,PASS,,Nodes #/texts/1034 to #/texts/1044 follow page order. Nothing is missing or repeated.,
Philips-MP20-MP90-Manual,sec_0092,56,5.4-flagged_for_review,PASS,,"flagged_for_review=false and verification_score=100. Page 56 shows the heading in the expected place, so no flag is needed.",
Philips-MP20-MP90-Manual,sec_0092,56,5.4-structural_source,PASS,,"structural_source='toc'. The heading of this section is visible in the page layout where the bookmark points, so the provenance is supported.",
Philips-MP20-MP90-Manual,sec_0092,56,5.6-numbering_scheme,PASS,,"numbering_scheme='arabic'. The printed folio on p56 is 44, an arabic number.",
Philips-MP20-MP90-Manual,sec_0092,56,5.6-offset_applied,PASS,,"offset_applied=0. The section heading and content are on the physical page given by page_start=56/page_end=56. Printed folio 44 is on physical p56, which is the page the viewer shows.",
Philips-MP20-MP90-Manual,sec_0092,56,5.5-filters_discarding,PASS,,"p56 has only text and headings. No figure or icon is on the page, so nothing was discarded.",
Philips-MP20-MP90-Manual,sec_0092,56,5.5-filters_passing_noise,PASS,,"No image is kept for this section on p56. No rule, divider or logo is kept as an image.",
Philips-MP20-MP90-Manual,sec_0092,56,5.5-image_section_mapping,PASS,,"No image is mapped to sec_0092 and none is on p56 that belongs to it, so there is nothing to map.",
Philips-MP20-MP90-Manual,sec_0096,61,5.4-hierarchy_level,PASS,,"On p61, 'What's New in Release E.0?' is a large bold heading on p60 (near the bottom), the same style as the other release headings. hierarchy_level=2 agrees with this.",
Philips-MP20-MP90-Manual,sec_0096,61,5.4-parent_child,PASS,,"Parent sec_0093 is the chapter 'What's New?'. sec_0096 has no children, and none are visible. This matches parent_section_id=sec_0093.",
Philips-MP20-MP90-Manual,sec_0096,61,5.4-page_start_end,PASS,,The section starts at the heading on p60 and ends on p62 with 'New SmartKeys' (#/texts/1159). p61 is the middle page. All its nodes (#/texts/1126 to #/texts/1151) belong to E.0.,
Philips-MP20-MP90-Manual,sec_0096,61,5.4-hierarchy_path,PASS,,"hierarchy_path '/What’s New?/What’s New in Release E.0?' lists the real ancestors in order, as seen in the headings around p61.",
Philips-MP20-MP90-Manual,sec_0096,61,5.4-gaps_duplicates,PASS,,Items run in order from p60 to p62. The top bullets of p62 (#/texts/1154 to #/texts/1157) continue 'PiCCO Enhancements' and are owned correctly.,
Philips-MP20-MP90-Manual,sec_0096,61,5.4-flagged_for_review,PASS,,"flagged_for_review=false and verification_score=96. Page 61 shows the heading in the expected place, so no flag is needed.",
Philips-MP20-MP90-Manual,sec_0096,61,5.4-structural_source,PASS,,"structural_source='toc'. The heading of this section is visible in the page layout where the bookmark points, so the provenance is supported.",
Philips-MP20-MP90-Manual,sec_0096,61,5.6-numbering_scheme,PASS,,"numbering_scheme='arabic'. The printed folio on p61 is 49, an arabic number.",
Philips-MP20-MP90-Manual,sec_0096,61,5.6-offset_applied,PASS,,"offset_applied=0. The section heading and content are on the physical page given by page_start=60/page_end=62. Printed folio 49 is on physical p61, which is the page the viewer shows.",
Philips-MP20-MP90-Manual,sec_0096,61,5.5-filters_discarding,PASS,,"p61 has only text and headings. No figure or icon is on the page, so nothing was discarded.",
Philips-MP20-MP90-Manual,sec_0096,61,5.5-filters_passing_noise,PASS,,"No image is kept for this section on p61. No rule, divider or logo is kept as an image.",
Philips-MP20-MP90-Manual,sec_0096,61,5.5-image_section_mapping,PASS,,"No image is mapped to sec_0096 and none is on p61 that belongs to it, so there is nothing to map.",
Philips-MP20-MP90-Manual,sec_0096,62,5.4-hierarchy_level,PASS,,"On p62, 'What's New in Release E.0?' is a large bold heading on p60 (near the bottom), the same style as the other release headings. hierarchy_level=2 agrees with this.",
Philips-MP20-MP90-Manual,sec_0096,62,5.4-parent_child,PASS,,"Parent sec_0093 is the chapter 'What's New?'. sec_0096 has no children, and none are visible. This matches parent_section_id=sec_0093.",
Philips-MP20-MP90-Manual,sec_0096,62,5.4-page_start_end,PASS,,The last node #/texts/1159 ('New SmartKeys' paragraph) is above the heading 'What's New in Release D.0?'. The D.0 heading is not in this section. page_end=62 is correct.,
Philips-MP20-MP90-Manual,sec_0096,62,5.4-hierarchy_path,PASS,,"hierarchy_path '/What’s New?/What’s New in Release E.0?' lists the real ancestors in order, as seen in the headings around p62.",
Philips-MP20-MP90-Manual,sec_0096,62,5.4-gaps_duplicates,PASS,,Items run in order from p60 to p62. The top bullets of p62 (#/texts/1154 to #/texts/1157) continue 'PiCCO Enhancements' and are owned correctly.,
Philips-MP20-MP90-Manual,sec_0096,62,5.4-flagged_for_review,PASS,,"flagged_for_review=false and verification_score=96. Page 62 shows the heading in the expected place, so no flag is needed.",
Philips-MP20-MP90-Manual,sec_0096,62,5.4-structural_source,PASS,,"structural_source='toc'. The heading of this section is visible in the page layout where the bookmark points, so the provenance is supported.",
Philips-MP20-MP90-Manual,sec_0096,62,5.6-numbering_scheme,PASS,,"numbering_scheme='arabic'. The printed folio on p62 is 50, an arabic number.",
Philips-MP20-MP90-Manual,sec_0096,62,5.6-offset_applied,PASS,,"offset_applied=0. The section heading and content are on the physical page given by page_start=60/page_end=62. Printed folio 50 is on physical p62, which is the page the viewer shows.",
Philips-MP20-MP90-Manual,sec_0096,62,5.5-filters_discarding,PASS,,"p62 has only text and headings. No figure or icon is on the page, so nothing was discarded.",
Philips-MP20-MP90-Manual,sec_0096,62,5.5-filters_passing_noise,PASS,,"No image is kept for this section on p62. No rule, divider or logo is kept as an image.",
Philips-MP20-MP90-Manual,sec_0096,62,5.5-image_section_mapping,PASS,,"No image is mapped to sec_0096 and none is on p62 that belongs to it, so there is nothing to map.",
Philips-MP20-MP90-Manual,sec_0098,64,5.4-hierarchy_level,PASS,,"On p64, 'What's New in Release C.0?' is a large bold heading near the bottom of p62, the same style as the other release headings. hierarchy_level=2 agrees with this.",
Philips-MP20-MP90-Manual,sec_0098,64,5.4-parent_child,PASS,,"Parent sec_0093 is the chapter 'What's New?'. sec_0098 has no children, and none are visible. This matches parent_section_id=sec_0093.",
Philips-MP20-MP90-Manual,sec_0098,64,5.4-page_start_end,PASS,,"The section starts at the heading on p62 and ends on p64 with 'Freeze and measure waves on the Main Screen' (#/texts/1221), above the heading 'What's New in Release B.1?'. page_end=64 is correct.",
Philips-MP20-MP90-Manual,sec_0098,64,5.4-hierarchy_path,PASS,,"hierarchy_path '/What’s New?/What’s New in Release C.0?' lists the real ancestors in order, as seen in the headings around p64.",
Philips-MP20-MP90-Manual,sec_0098,64,5.4-gaps_duplicates,PASS,,Nodes #/texts/1175 to #/texts/1221 follow page order across p62 to p64. Nothing is missing or repeated.,
Philips-MP20-MP90-Manual,sec_0098,64,5.4-flagged_for_review,PASS,,"flagged_for_review=false and verification_score=96. Page 64 shows the heading in the expected place, so no flag is needed.",
Philips-MP20-MP90-Manual,sec_0098,64,5.4-structural_source,PASS,,"structural_source='toc'. The heading of this section is visible in the page layout where the bookmark points, so the provenance is supported.",
Philips-MP20-MP90-Manual,sec_0098,64,5.6-numbering_scheme,PASS,,"numbering_scheme='arabic'. The printed folio on p64 is 52, an arabic number.",
Philips-MP20-MP90-Manual,sec_0098,64,5.6-offset_applied,PASS,,"offset_applied=0. The section heading and content are on the physical page given by page_start=62/page_end=64. Printed folio 52 is on physical p64, which is the page the viewer shows.",
Philips-MP20-MP90-Manual,sec_0098,64,5.5-filters_discarding,PASS,,"p64 has only text and headings. No figure or icon is on the page, so nothing was discarded.",
Philips-MP20-MP90-Manual,sec_0098,64,5.5-filters_passing_noise,PASS,,"No image is kept for this section on p64. No rule, divider or logo is kept as an image.",
Philips-MP20-MP90-Manual,sec_0098,64,5.5-image_section_mapping,PASS,,"No image is mapped to sec_0098 and none is on p64 that belongs to it, so there is nothing to map.",
Philips-MP20-MP90-Manual,sec_0103,68,5.4-hierarchy_level,PASS,,"On p68, 'Visual Alarm Indicators' is a bold sub-heading on p68, the same style as 'Audible Alarm Indicators' on p69, below the chapter 'Alarms'. hierarchy_level=2 agrees with this.",
Philips-MP20-MP90-Manual,sec_0103,68,5.4-parent_child,PASS,,"Parent sec_0102 is the chapter 'Alarms'. sec_0103 has no children, and none are visible. This matches parent_section_id=sec_0102.",
Philips-MP20-MP90-Manual,sec_0103,68,5.4-page_start_end,PASS,,"The section starts at the heading on p68, after the intro paragraph that stays in sec_0102. It ends on p69 with 'Nurse call systems' (#/texts/1321), above the heading 'Audible Alarm Indicators'. page_end=69 is correct.",
Philips-MP20-MP90-Manual,sec_0103,68,5.4-hierarchy_path,PASS,,"hierarchy_path '/Alarms/Visual Alarm Indicators' lists the real ancestors in order, as seen in the headings around p68.",
Philips-MP20-MP90-Manual,sec_0103,68,5.4-gaps_duplicates,PASS,,"Warning, alarm lamp text and the INOP lamp table (#/tables/17) are present once, in page order. Nothing is missing or repeated.",
Philips-MP20-MP90-Manual,sec_0103,68,5.4-flagged_for_review,PASS,,"flagged_for_review=false and verification_score=100. Page 68 shows the heading in the expected place, so no flag is needed.",
Philips-MP20-MP90-Manual,sec_0103,68,5.4-structural_source,PASS,,"structural_source='toc'. The heading of this section is visible in the page layout where the bookmark points, so the provenance is supported.",
Philips-MP20-MP90-Manual,sec_0103,68,5.6-numbering_scheme,PASS,,"numbering_scheme='arabic'. The printed folio on p68 is 56, an arabic number.",
Philips-MP20-MP90-Manual,sec_0103,68,5.6-offset_applied,PASS,,"offset_applied=0. The section heading and content are on the physical page given by page_start=68/page_end=69. Printed folio 56 is on physical p68, which is the page the viewer shows.",
Philips-MP20-MP90-Manual,sec_0103,68,5.6-table_content,FAIL,Low,"Table #/tables/17 on p68 keeps all values (Yellow 1.0 s / 1.0 s, Red 0.25 s / 0.25 s). The two-row header is split: the first column header 'INOP Lamp Color' becomes 'INOP Lamp' in row 1 and 'Color' in row 2, with 'On | Off' beside 'Color'.",Cosmetic header split. Values and reading order are kept. No known BUG id. Low impact.
Philips-MP20-MP90-Manual,sec_0103,68,5.5-filters_discarding,PASS,,p68 has the blue 'Companion Mode / No Alarm Display' bar. Its text is kept in #/texts/1309. No other figure or icon is on the page.,
Philips-MP20-MP90-Manual,sec_0103,68,5.5-filters_passing_noise,PASS,,"No image is kept for this section on p68. No rule, divider or logo is kept as an image.",
Philips-MP20-MP90-Manual,sec_0103,68,5.5-image_section_mapping,PASS,,"No image is mapped to sec_0103 and none is on p68 that belongs to it, so there is nothing to map.",
Philips-MP20-MP90-Manual,sec_0125,75,5.4-hierarchy_level,PASS,,'Viewing All Alarm Limits' is a sub-heading on p74 at the same size as 'Viewing Individual Alarm Limits' (sec_0124). hierarchy_level 3 fits this size and its place under sec_0123 'Alarm Limits'.,
Philips-MP20-MP90-Manual,sec_0125,75,5.4-parent_child,PASS,,"parent_section_id points to sec_0123 'Alarm Limits', which is the heading above it. It has no children, and none are needed. The sibling order follows the printed order.",
Philips-MP20-MP90-Manual,sec_0125,75,5.4-page_start_end,PASS,,"sec_0125 owns the heading and text on p74 and the Alarm Limits window with its list and pop-up key notes on p75. The next heading 'Changing Alarm Limits' on p75 starts sec_0126. Running header nodes on p75 sit inside the section, not at its edge.",
Philips-MP20-MP90-Manual,sec_0125,75,5.4-hierarchy_path,PASS,,"hierarchy_path is '/Alarms/Alarm Limits/Viewing All Alarm Limits'. Each name is a real printed heading, in the right order, and the last name is the section's own heading.",
Philips-MP20-MP90-Manual,sec_0125,75,5.4-gaps_duplicates,PASS,,No node is missing or repeated. The text before and after the p75 window is all in sec_0125 (#/texts/1449 to #/texts/1479). The p74 'Viewing Individual Alarm Limits' text stays in sec_0124.,
Philips-MP20-MP90-Manual,sec_0125,75,5.4-flagged_for_review,PASS,,"sec_0125 has flagged_for_review false and confidence 1.0. The p75 render shows a normal heading with no sign of doubt, so no flag is needed.",
Philips-MP20-MP90-Manual,sec_0125,75,5.4-structural_source,PASS,,"structural_source is toc. The heading 'Viewing All Alarm Limits' is printed on p74, so the bookmark source is supported.",
Philips-MP20-MP90-Manual,sec_0125,75,5.6-numbering_scheme,PASS,,"Page p75 shows the printed folio 63, in plain Arabic numbers. numbering_scheme arabic is correct.",
Philips-MP20-MP90-Manual,sec_0125,75,5.6-offset_applied,PASS,,"Physical p75 shows printed folio 63. The bookmark page is used as physical page (offset_applied 0). The heading 'Viewing All Alarm Limits' is on physical p74, as stored.",
Philips-MP20-MP90-Manual,sec_0125,75,5.5-filters_discarding,FAIL,Low,"On p74, inside sec_0125, a small alarm-bell icon with the SmartKey look sits at the right of 'To open the Alarm Limits window'. No image for it is in images.json. The text names the Alarm Limits SmartKey, so the meaning is kept. The big p75 window is kept as img_0048 (vector).","Old problem (BUG-020, v2.13): still present. Probably the small-icon filter. Low because the meaning is in the text. verify_claims proposes Critical because the p75 raster is not matched by pixel size, but img_0048 (vector, 651x673, sec_0125) covers that window, so only the small p74 icon is lost."
Philips-MP20-MP90-Manual,sec_0125,75,5.5-filters_passing_noise,PASS,,"img_0048 (p75, vector) is the Alarm Limits window with callouts 1, 2 and 3. It is real content, not a rule, logo or footer line. No decorative item was kept.",
Philips-MP20-MP90-Manual,sec_0125,75,5.5-image_section_mapping,PASS,,"On p75 the Alarm Limits window sits under the heading 'Viewing All Alarm Limits'. It is mapped to sec_0125 as img_0048, so the mapping is right. The crop is complete and shows labels 1 to 3 and the arrows.",The p74 'HR 120 85' picture belongs to sec_0124 and is not judged here.
Philips-MP20-MP90-Manual,sec_0126,77,5.4-hierarchy_level,PASS,,'Changing Alarm Limits' is a sub-heading on p75 at the same size as 'About Automatic Alarm Limits (AutoLimits)' (sec_0127). hierarchy_level 3 fits this size and its place under sec_0123 'Alarm Limits'.,
Philips-MP20-MP90-Manual,sec_0126,77,5.4-parent_child,PASS,,"parent_section_id points to sec_0123 'Alarm Limits', which is the heading above it. It has no children, and none are needed. The sibling order follows the printed order.",
Philips-MP20-MP90-Manual,sec_0126,77,5.4-page_start_end,PASS,,sec_0126 starts at its heading on p75 and ends with 'When an ST measurement is in the Change Limits window...' on p77. The heading 'About Automatic Alarm Limits (AutoLimits)' on p77 starts sec_0127. The p77 AutoLimits figure is not in sec_0126.,
Philips-MP20-MP90-Manual,sec_0126,77,5.4-hierarchy_path,PASS,,"hierarchy_path is '/Alarms/Alarm Limits/Changing Alarm Limits'. Each name is a real printed heading, in the right order, and the last name is the section's own heading.",
Philips-MP20-MP90-Manual,sec_0126,77,5.4-gaps_duplicates,PASS,,"Steps 1 and 2, the p76 numbered legend (1 to 11) and the p77 notes are all in sec_0126 (#/texts/1480 to #/texts/1523). Nothing is repeated. The p77 AutoLimits text stays in sec_0127.",
Philips-MP20-MP90-Manual,sec_0126,77,5.4-flagged_for_review,PASS,,"sec_0126 has flagged_for_review false and confidence 1.0. The p77 render shows a normal heading with no sign of doubt, so no flag is needed.",
Philips-MP20-MP90-Manual,sec_0126,77,5.4-structural_source,PASS,,"structural_source is toc. The heading 'Changing Alarm Limits' is printed on p75, so the bookmark source is supported.",
Philips-MP20-MP90-Manual,sec_0126,77,5.6-numbering_scheme,PASS,,"Page p77 shows the printed folio 65, in plain Arabic numbers. numbering_scheme arabic is correct.",
Philips-MP20-MP90-Manual,sec_0126,77,5.6-offset_applied,PASS,,"Physical p77 shows printed folio 65. The bookmark page is used as physical page (offset_applied 0). The heading 'Changing Alarm Limits' is on physical p75, as stored.",
Philips-MP20-MP90-Manual,sec_0126,77,5.5-filters_discarding,PASS,,"The p77 page has the AutoLimits graph, which is extracted as img_0050 for sec_0127. The p76 HR window is kept as img_0049 (vector) for sec_0126. No figure on these pages is missing.","verify_claims says CONTRADICTED (Critical) for a 395x302 raster on p77. That raster is the AutoLimits graph. It is kept as the vector image img_0050 (422x283) and mapped to sec_0127, so nothing is lost."
Philips-MP20-MP90-Manual,sec_0126,77,5.5-filters_passing_noise,PASS,,"img_0049 (HR window with callouts 1 to 11) and img_0050 (AutoLimits graph) are real figures. No rule, logo or footer line was kept as an image.",
Philips-MP20-MP90-Manual,sec_0126,77,5.5-image_section_mapping,PASS,,"On p77 the AutoLimits graph is below the heading 'About Automatic Alarm Limits (AutoLimits)', so img_0050 is correctly in sec_0127, not in sec_0126. The p76 HR window img_0049 is correctly in sec_0126.",
Philips-MP20-MP90-Manual,sec_0137,83,5.4-hierarchy_level,PASS,,'Alarm Recordings' is a large heading on p81 at the same size as 'Testing Alarms' and 'Alarm Behavior at On/Off'. hierarchy_level 2 fits this size and its place under sec_0102 'Alarms'.,
Philips-MP20-MP90-Manual,sec_0137,83,5.4-parent_child,PASS,,"parent_section_id points to sec_0102 'Alarms', which is the heading above it. It has no children, and none are needed. The sibling order follows the printed order.",
Philips-MP20-MP90-Manual,sec_0137,83,5.4-page_start_end,PASS,,On p83 the new chapter 'Patient Alarms and INOPs' starts with a big '4'. None of these nodes are in sec_0137. The section ends on p82 with folio '70'.,
Philips-MP20-MP90-Manual,sec_0137,83,5.4-hierarchy_path,PASS,,"hierarchy_path is '/Alarms/Alarm Recordings'. Each name is a real printed heading, in the right order, and the last name is the section's own heading.",
Philips-MP20-MP90-Manual,sec_0137,83,5.4-gaps_duplicates,PASS,,"The heading, intro, steps 1 to 5 and the Refer note on p81 are in sec_0137. The blank p82 adds only its header and folio 70. Nothing is repeated.",
Philips-MP20-MP90-Manual,sec_0137,83,5.4-flagged_for_review,PASS,,"sec_0137 has flagged_for_review false and confidence 1.0. The p83 render shows a normal heading with no sign of doubt, so no flag is needed.",
Philips-MP20-MP90-Manual,sec_0137,83,5.4-structural_source,PASS,,"structural_source is toc. The heading 'Alarm Recordings' is printed on p81, so the bookmark source is supported.",
Philips-MP20-MP90-Manual,sec_0137,83,5.6-numbering_scheme,PASS,,"Page p83 shows the printed folio 71, in plain Arabic numbers. numbering_scheme arabic is correct.",
Philips-MP20-MP90-Manual,sec_0137,83,5.6-offset_applied,PASS,,"Physical p83 shows printed folio 71. The bookmark page is used as physical page (offset_applied 0). The heading 'Alarm Recordings' is on physical p81, as stored.",
Philips-MP20-MP90-Manual,sec_0137,83,5.5-filters_discarding,PASS,,"Page 83 has the chapter number, the title bar and a table, with no figure that sec_0137 should own. Nothing of sec_0137 is dropped.",
Philips-MP20-MP90-Manual,sec_0137,83,5.5-filters_passing_noise,PASS,,The blue bar under the big '4' on p83 is not kept as an image in sec_0137. images.json has no image for it.,
Philips-MP20-MP90-Manual,sec_0137,83,5.5-image_section_mapping,PASS,,"Pages 81 to 83 show no figure for sec_0137, and images.json lists none. This agrees.",
Philips-MP20-MP90-Manual,sec_0139,87,5.4-hierarchy_level,PASS,,'Patient Alarm Messages' is a large heading on p83 under the chapter title 'Patient Alarms and INOPs'. hierarchy_level 2 fits this size and its place under sec_0138 'Patient Alarms and INOPs'.,
Philips-MP20-MP90-Manual,sec_0139,87,5.4-parent_child,PASS,,"parent_section_id points to sec_0138 'Patient Alarms and INOPs', which is the heading above it. It has no children, and none are needed. The sibling order follows the printed order.",
Philips-MP20-MP90-Manual,sec_0139,87,5.4-page_start_end,PASS,,"On p87 the table continues, with header row and 16 rows, from 'RR LOW' to 'tcpO2 LOW'. It belongs to sec_0139 (#/tables/26). The section ends on p88, not later.",
Philips-MP20-MP90-Manual,sec_0139,87,5.4-hierarchy_path,PASS,,"hierarchy_path is '/Patient Alarms and INOPs/Patient Alarm Messages'. Each name is a real printed heading, in the right order, and the last name is the section's own heading.",
Philips-MP20-MP90-Manual,sec_0139,87,5.4-gaps_duplicates,PASS,,"The heading, notes and the six tables (#/tables/22 to 27) on p83 to p88 are all in sec_0139. No row is repeated. p88 ends with the last table and folio 76.",
Philips-MP20-MP90-Manual,sec_0139,87,5.4-flagged_for_review,PASS,,"sec_0139 has flagged_for_review false and confidence 1.0. The p87 render shows a normal heading with no sign of doubt, so no flag is needed.",
Philips-MP20-MP90-Manual,sec_0139,87,5.4-structural_source,PASS,,"structural_source is toc. The heading 'Patient Alarm Messages' is printed on p83, so the bookmark source is supported.",
Philips-MP20-MP90-Manual,sec_0139,87,5.6-numbering_scheme,PASS,,"Page p87 shows the printed folio 75, in plain Arabic numbers. numbering_scheme arabic is correct.",
Philips-MP20-MP90-Manual,sec_0139,87,5.6-offset_applied,PASS,,"Physical p87 shows printed folio 75. The bookmark page is used as physical page (offset_applied 0). The heading 'Patient Alarm Messages' is on physical p83, as stored.",
Philips-MP20-MP90-Manual,sec_0139,87,5.6-table_content,PASS,,On p87 the table #/tables/26 has the header row and 16 rows ('**RR LOW' to '**tcpO 2 LOW/ **tcpCO 2 LOW'). The values stay in the right columns. The source typo 'The the' is also in the PDF.,
Philips-MP20-MP90-Manual,sec_0139,87,5.5-filters_discarding,PASS,,"Page 87 has only the text and the table, with no figure or icon. images.json lists no image for sec_0139, which agrees.",
Philips-MP20-MP90-Manual,sec_0139,87,5.5-filters_passing_noise,PASS,,No image is kept for sec_0139. Page 87 has no logo or rule kept as an image.,
Philips-MP20-MP90-Manual,sec_0139,87,5.5-image_section_mapping,PASS,,Page 87 shows no figure. images.json has none for sec_0139. This agrees.,
Philips-MP20-MP90-Manual,sec_0140,94,5.4-hierarchy_level,PASS,,"'Technical Alarm Messages (INOPs)' is a large heading on p89, the same size as 'Patient Alarm Messages' (sec_0139). hierarchy_level 2 fits this size and its place under sec_0138 'Patient Alarms and INOPs'.",
Philips-MP20-MP90-Manual,sec_0140,94,5.4-parent_child,PASS,,"parent_section_id points to sec_0138 'Patient Alarms and INOPs', which is the heading above it. It has no children, and none are needed. The sibling order follows the printed order.",
Philips-MP20-MP90-Manual,sec_0140,94,5.4-page_start_end,PASS,,"On p94 table #/tables/33 has 16 INOP rows. It is the next part of the same INOP list, so it belongs to sec_0140. The section range p89 to p112 is right.",
Philips-MP20-MP90-Manual,sec_0140,94,5.4-hierarchy_path,PASS,,"hierarchy_path is '/Patient Alarms and INOPs/Technical Alarm Messages (INOPs)'. Each name is a real printed heading, in the right order, and the last name is the section's own heading.",
Philips-MP20-MP90-Manual,sec_0140,94,5.4-gaps_duplicates,PASS,,"Intro on p89 and tables #/tables/28 to 50 on p89 to p111 are in sec_0140. Each page has one table. Nothing is repeated. The only extra table is the p112 header (#/tables/51), noted under 5.6-table_content.",
Philips-MP20-MP90-Manual,sec_0140,94,5.4-flagged_for_review,PASS,,"sec_0140 has flagged_for_review false and confidence 1.0. The p94 render shows a normal heading with no sign of doubt, so no flag is needed.",
Philips-MP20-MP90-Manual,sec_0140,94,5.4-structural_source,PASS,,"structural_source is toc. The heading 'Technical Alarm Messages (INOPs)' is printed on p89, so the bookmark source is supported.",
Philips-MP20-MP90-Manual,sec_0140,94,5.6-numbering_scheme,PASS,,"Page p94 shows the printed folio 82, in plain Arabic numbers. numbering_scheme arabic is correct.",
Philips-MP20-MP90-Manual,sec_0140,94,5.6-offset_applied,PASS,,"Physical p94 shows printed folio 82. The bookmark page is used as physical page (offset_applied 0). The heading 'Technical Alarm Messages (INOPs)' is on physical p89, as stored.",
Philips-MP20-MP90-Manual,sec_0140,94,5.6-table_content,PASS,,"On p94 table #/tables/33 has the header row and 16 rows, from 'CENTRAL:TELE ONLY' to 'Check MSL Voltage'. The 3 columns match the render. No cell is shifted.",
Philips-MP20-MP90-Manual,sec_0140,94,5.5-filters_discarding,PASS,,"Page 94 has only an INOP table, with no figure or icon. images.json lists no image for sec_0140, which agrees.",
Philips-MP20-MP90-Manual,sec_0140,94,5.5-filters_passing_noise,PASS,,No image is kept for sec_0140. Page 94 has no logo or rule kept as an image.,
Philips-MP20-MP90-Manual,sec_0140,94,5.5-image_section_mapping,PASS,,"Page 94 shows no figure, and images.json has none for sec_0140. This agrees.",
Philips-MP20-MP90-Manual,sec_0140,111,5.4-hierarchy_level,PASS,,"'Technical Alarm Messages (INOPs)' is a large heading on p89, the same size as 'Patient Alarm Messages' (sec_0139). hierarchy_level 2 fits this size and its place under sec_0138 'Patient Alarms and INOPs'.",
Philips-MP20-MP90-Manual,sec_0140,111,5.4-parent_child,PASS,,"parent_section_id points to sec_0138 'Patient Alarms and INOPs', which is the heading above it. It has no children, and none are needed. The sibling order follows the printed order.",
Philips-MP20-MP90-Manual,sec_0140,111,5.4-page_start_end,PASS,,On p111 the last 4 rows (VueLink INOPs) are in #/tables/50. Blank p112 (header and folio 100) is the last page of the section. The next chapter starts on p113.,
Philips-MP20-MP90-Manual,sec_0140,111,5.4-hierarchy_path,PASS,,"hierarchy_path is '/Patient Alarms and INOPs/Technical Alarm Messages (INOPs)'. Each name is a real printed heading, in the right order, and the last name is the section's own heading.",
Philips-MP20-MP90-Manual,sec_0140,111,5.4-gaps_duplicates,PASS,,"Intro on p89 and tables #/tables/28 to 50 on p89 to p111 are in sec_0140. Each page has one table. Nothing is repeated. The only extra table is the p112 header (#/tables/51), noted under 5.6-table_content.",
Philips-MP20-MP90-Manual,sec_0140,111,5.4-flagged_for_review,PASS,,"sec_0140 has flagged_for_review false and confidence 1.0. The p111 render shows a normal heading with no sign of doubt, so no flag is needed.",
Philips-MP20-MP90-Manual,sec_0140,111,5.4-structural_source,PASS,,"structural_source is toc. The heading 'Technical Alarm Messages (INOPs)' is printed on p89, so the bookmark source is supported.",
Philips-MP20-MP90-Manual,sec_0140,111,5.6-numbering_scheme,PASS,,"Page p111 shows the printed folio 99, in plain Arabic numbers. numbering_scheme arabic is correct.",
Philips-MP20-MP90-Manual,sec_0140,111,5.6-offset_applied,PASS,,"Physical p111 shows printed folio 99. The bookmark page is used as physical page (offset_applied 0). The heading 'Technical Alarm Messages (INOPs)' is on physical p89, as stored.",
Philips-MP20-MP90-Manual,sec_0140,111,5.6-table_content,PASS,,On p111 table #/tables/50 has 4 rows ('<VueLink option> CHECK SETUP' to 'VueLnk UNPLUGGED') in 3 columns. They match the render.,The false header table #/tables/51 on p112 is reported on the p90 row.
Philips-MP20-MP90-Manual,sec_0140,111,5.5-filters_discarding,PASS,,"Page 111 has only an INOP table, with no figure or icon. images.json lists no image for sec_0140, which agrees.",
Philips-MP20-MP90-Manual,sec_0140,111,5.5-filters_passing_noise,PASS,,No image is kept for sec_0140. Page 111 has no logo or rule kept as an image.,
Philips-MP20-MP90-Manual,sec_0140,111,5.5-image_section_mapping,PASS,,"Page 111 shows no figure, and images.json has none for sec_0140. This agrees.",
Philips-MP20-MP90-Manual,sec_0143,115,5.4-hierarchy_level,PASS,,"'Patient Category and Paced Status' is a smaller sub-heading on p115, like 'Admitting a Centrally-Monitored Patient' (sec_0144). hierarchy_level 3 fits this size and its place under sec_0142 'Admitting a Patient'.",
Philips-MP20-MP90-Manual,sec_0143,115,5.4-parent_child,PASS,,"parent_section_id points to sec_0142 'Admitting a Patient', which is the heading above it. It has no children, and none are needed. The sibling order follows the printed order.",
Philips-MP20-MP90-Manual,sec_0143,115,5.4-page_start_end,PASS,,"sec_0143 starts on p115 with the p115 running header ('Quick Admitting a Patient', '5 Managing Patients') and its heading 'Patient Category and Paced Status'. It ends with 'Paced status...' before 'Admitting a Centrally-Monitored Patient' (sec_0144). The header text on p115 is page furniture, not the heading of another section.",
Philips-MP20-MP90-Manual,sec_0143,115,5.4-hierarchy_path,PASS,,"hierarchy_path is '/Managing Patients/Admitting a Patient/Patient Category and Paced Status'. Each name is a real printed heading, in the right order, and the last name is the section's own heading.",
Philips-MP20-MP90-Manual,sec_0143,115,5.4-gaps_duplicates,PASS,,"The intro, WARNING and the 'Patient category' and 'Paced status' texts are all in sec_0143 (#/texts/1774 to #/texts/1781). Nothing is repeated in a neighbour.",
Philips-MP20-MP90-Manual,sec_0143,115,5.4-flagged_for_review,PASS,,"sec_0143 has flagged_for_review false and confidence 1.0. The p115 render shows a normal heading with no sign of doubt, so no flag is needed.",
Philips-MP20-MP90-Manual,sec_0143,115,5.4-structural_source,PASS,,"structural_source is toc. The heading 'Patient Category and Paced Status' is printed on p115, so the bookmark source is supported.",
Philips-MP20-MP90-Manual,sec_0143,115,5.6-numbering_scheme,PASS,,"Page p115 shows the printed folio 103, in plain Arabic numbers. numbering_scheme arabic is correct.",
Philips-MP20-MP90-Manual,sec_0143,115,5.6-offset_applied,PASS,,"Physical p115 shows printed folio 103. The bookmark page is used as physical page (offset_applied 0). The heading 'Patient Category and Paced Status' is on physical p115, as stored.",
Philips-MP20-MP90-Manual,sec_0143,115,5.5-filters_discarding,PASS,,Page 115 has no figure or icon in the area of sec_0143. images.json lists none for this section.,
Philips-MP20-MP90-Manual,sec_0143,115,5.5-filters_passing_noise,PASS,,"No image is kept for sec_0143. No logo, rule or footer line is kept as an image.",
Philips-MP20-MP90-Manual,sec_0143,115,5.5-image_section_mapping,PASS,,"Page 115 shows no figure for sec_0143, and images.json has none. This agrees.",
Philips-MP20-MP90-Manual,sec_0164,125,5.4-hierarchy_level,PASS,,"'Understanding the Care Group Overview Bar' is a smaller sub-heading at the bottom of p123, under the large heading 'Care Groups'. hierarchy_level 3 fits this size and its place under sec_0163 'Care Groups'.",
Philips-MP20-MP90-Manual,sec_0164,125,5.4-parent_child,PASS,,"parent_section_id points to sec_0163 'Care Groups', which is the heading above it. It has no children, and none are needed. The sibling order follows the printed order.",
Philips-MP20-MP90-Manual,sec_0164,125,5.4-page_start_end,PASS,,sec_0164 starts at its heading at the bottom of p123 and ends on p125 with the Care Group Symbols table (#/tables/55). The heading 'Viewing the My Care Group Window' on p125 starts sec_0165. page_end 125 is right because the table is at the top of p125.,
Philips-MP20-MP90-Manual,sec_0164,125,5.4-hierarchy_path,PASS,,"hierarchy_path is '/Managing Patients/Care Groups/Understanding the Care Group Overview Bar'. Each name is a real printed heading, in the right order, and the last name is the section's own heading.",
Philips-MP20-MP90-Manual,sec_0164,125,5.4-gaps_duplicates,PASS,,"The intro on p123, the p124 symbol labels ('Bed 1'...'Demonstration mode') and the p125 table are all in sec_0164. The p125 'Viewing the My Care Group Window' text stays in sec_0165.",The p124 render was not given. This is checked from the node list and the images.
Philips-MP20-MP90-Manual,sec_0164,125,5.4-flagged_for_review,PASS,,"sec_0164 has flagged_for_review false and confidence 1.0. The p125 render shows a normal heading with no sign of doubt, so no flag is needed.",
Philips-MP20-MP90-Manual,sec_0164,125,5.4-structural_source,PASS,,"structural_source is toc. The heading 'Understanding the Care Group Overview Bar' is printed on p123, so the bookmark source is supported.",
Philips-MP20-MP90-Manual,sec_0164,125,5.6-numbering_scheme,PASS,,"Page p125 shows the printed folio 113, in plain Arabic numbers. numbering_scheme arabic is correct.",
Philips-MP20-MP90-Manual,sec_0164,125,5.6-offset_applied,PASS,,"Physical p125 shows printed folio 113. The bookmark page is used as physical page (offset_applied 0). The heading 'Understanding the Care Group Overview Bar' is on physical p123, as stored.",
Philips-MP20-MP90-Manual,sec_0164,125,5.6-table_content,PASS,,"On p125 table #/tables/55 has the header row and 4 rows: telemetry bed, wireless network, wired network, paired bed. The text matches the render. The icon column is empty in the table; see 5.5-filters_discarding.",
Philips-MP20-MP90-Manual,sec_0164,125,5.5-filters_discarding,FAIL,Low,"On p125 the 4 symbol icons in the Care Group Symbols table (telemetry, wireless, wired and paired bed) are not in images.json. Table #/tables/55 has empty cells in the icon column. Only the meaning text is kept. The reader cannot tell which icon means which text.","Probably BUG-020 (small-image filter). Low because the icons are small and the meaning text is kept. It could be argued as Medium, since the icon-to-meaning link is lost. The p124 overview bar (img_0055) and symbol chart (img_0056) are kept."
Philips-MP20-MP90-Manual,sec_0164,125,5.5-filters_passing_noise,PASS,,"img_0055 (overview bar strip) and img_0056 (symbol chart) are real figures from p124. No rule, logo or footer line is kept as an image.",I saw these two only as image files because p124 was not given.
Philips-MP20-MP90-Manual,sec_0164,125,5.5-image_section_mapping,PASS,,"On p125 the My Care Group window screenshot is under 'Viewing the My Care Group Window'. It is mapped to sec_0165 as img_0057, which is right. The p124 images img_0055 and img_0056 are in sec_0164, which is right.",img_0057 has no title text or bed names inside the crop. Please check this on sec_0165.
Philips-MP20-MP90-Manual,sec_0167,127,5.4-hierarchy_level,PASS,,"'Other Bed Pop-Up Keys' is a small bold heading on p127, like 'Visual Alarm Status Information in the Other Bed Window' (sec_0168). hierarchy_level 4 fits this size and its place under sec_0166 'Viewing the Other Bed Window'.",
Philips-MP20-MP90-Manual,sec_0167,127,5.4-parent_child,PASS,,"parent_section_id points to sec_0166 'Viewing the Other Bed Window', which is the heading above it. It has no children, and none are needed. The sibling order follows the printed order.",
Philips-MP20-MP90-Manual,sec_0167,127,5.4-page_start_end,PASS,,sec_0167 starts at 'Other Bed Pop-Up Keys' on p127 and ends with 'To silence own bed alarms...' in the WARNING box. It does not include the screenshot above the heading (sec_0166) or 'Visual Alarm Status Information...' below (sec_0168). The WARNING label #/texts/2070 is typed as heading but is in the right section.,
Philips-MP20-MP90-Manual,sec_0167,127,5.4-hierarchy_path,PASS,,"hierarchy_path is '/Managing Patients/Care Groups/Viewing the Other Bed Window/Other Bed Pop-Up Keys'. Each name is a real printed heading, in the right order, and the last name is the section's own heading.",
Philips-MP20-MP90-Manual,sec_0167,127,5.4-gaps_duplicates,PASS,,"The intro, the six pop-up key lines and the WARNING text are all in sec_0167 (#/texts/2076 to #/texts/2085). Nothing is repeated.",
Philips-MP20-MP90-Manual,sec_0167,127,5.4-flagged_for_review,PASS,,"sec_0167 has flagged_for_review false and confidence 1.0. The p127 render shows a normal heading with no sign of doubt, so no flag is needed.",
Philips-MP20-MP90-Manual,sec_0167,127,5.4-structural_source,PASS,,"structural_source is toc. The heading 'Other Bed Pop-Up Keys' is printed on p127, so the bookmark source is supported.",
Philips-MP20-MP90-Manual,sec_0167,127,5.6-numbering_scheme,PASS,,"Page p127 shows the printed folio 115, in plain Arabic numbers. numbering_scheme arabic is correct.",
Philips-MP20-MP90-Manual,sec_0167,127,5.6-offset_applied,PASS,,"Physical p127 shows printed folio 115. The bookmark page is used as physical page (offset_applied 0). The heading 'Other Bed Pop-Up Keys' is on physical p127, as stored.",
Philips-MP20-MP90-Manual,sec_0167,127,5.5-filters_discarding,PASS,,"Page 127 has one screenshot, kept as img_0059. The WARNING box has no icon image. Nothing in sec_0167 is dropped.",
Philips-MP20-MP90-Manual,sec_0167,127,5.5-filters_passing_noise,PASS,,"img_0059 is the embedded Other Bed screenshot, not a rule, logo or footer line. No decorative image is kept.",
Philips-MP20-MP90-Manual,sec_0167,127,5.5-image_section_mapping,PASS,,"The screenshot is above the heading 'Other Bed Pop-Up Keys', beside the 'embedded Other Bed screen element' text. It is mapped to sec_0166 as img_0059, so it is not wrongly in sec_0167.","The crop has no 'Bed Label', 'Patient Name' or 'VTACH' text. Please check this on sec_0166."
Philips-MP20-MP90-Manual,sec_0187,135,5.4-hierarchy_level,PASS,,"On the page, 'ECG Leads Monitored' is drawn as a level 3 heading style, below its parent. The node shows hierarchy_level 3. They match.",
Philips-MP20-MP90-Manual,sec_0187,135,5.4-parent_child,PASS,,"The parent is sec_0186 About ECG Leads (level 2). This matches the printed heading nesting on p135. The section has no children, and none are expected.",
Philips-MP20-MP90-Manual,sec_0187,135,5.4-page_start_end,PASS,,"ECG Leads Monitored covers p135. It owns the heading and the leads table (#/texts/2254, #/tables/56). Sec_0188 Changing Lead Sets follows on p135. No node of a neighbour section is inside it.",
Philips-MP20-MP90-Manual,sec_0187,135,5.4-hierarchy_path,PASS,,The path ends with 'ECG Leads Monitored' and goes through sec_0186 About ECG Leads (level 2). The order matches the headings on p135.,
Philips-MP20-MP90-Manual,sec_0187,135,5.4-gaps_duplicates,PASS,,No gap or overlap on p135. Sec_0188 Changing Lead Sets follows on p135. Each visible text block sits in exactly one section.,
Philips-MP20-MP90-Manual,sec_0187,135,5.4-flagged_for_review,PASS,,"flagged_for_review is false, with verification_score 100. The heading is found on p135, so no flag is needed.",
Philips-MP20-MP90-Manual,sec_0187,135,5.4-structural_source,PASS,,"structural_source is toc. The heading 'ECG Leads Monitored' is printed on p135, so the bookmark is supported.",
Philips-MP20-MP90-Manual,sec_0187,135,5.6-numbering_scheme,PASS,,The printed folios are arabic numbers on the page footer (for example the folio next to p135). numbering_scheme is arabic.,
Philips-MP20-MP90-Manual,sec_0187,135,5.6-offset_applied,PASS,,"offset_applied is 0. Physical p135 shows printed folio 123, so the printed number is 12 lower. page_start/page_end 135 match the physical page.",
Philips-MP20-MP90-Manual,sec_0187,135,5.6-table_content,PASS,,On p135 the leads table has a header and 5 rows. #/tables/56 has all 6 rows. The three columns match the page.,
Philips-MP20-MP90-Manual,sec_0187,135,5.5-filters_discarding,PASS,,No meaningful figure is lost on p135. Visible figures are extracted or are text.,
Philips-MP20-MP90-Manual,sec_0187,135,5.5-filters_passing_noise,PASS,,"No decorative image is kept as content on p135. images.json has no logo, rule or divider for this section.",
Philips-MP20-MP90-Manual,sec_0187,135,5.5-image_section_mapping,PASS,,"No figure belongs to this section on p135, and none is mapped to it.",
Philips-MP20-MP90-Manual,sec_0197,140,5.4-hierarchy_level,PASS,,"On the page, 'Modified 12-Lead ECG' is drawn as a level 4 heading style, below its parent. The node shows hierarchy_level 4. They match.",
Philips-MP20-MP90-Manual,sec_0197,140,5.4-parent_child,PASS,,"The parent is sec_0196 Conventional 12-Lead ECG (level 3). This matches the printed heading nesting on p140. The section has no children, and none are expected.",
Philips-MP20-MP90-Manual,sec_0197,140,5.4-page_start_end,PASS,,"Modified 12-Lead ECG covers p140. It owns the small heading, the legend 1-6, two paragraphs and the figure numbers (#/texts/2374-2388). Sec_0198 Choosing Standard or Modified Electrode Placement follows on p140. No node of a neighbour section is inside it.",
Philips-MP20-MP90-Manual,sec_0197,140,5.4-hierarchy_path,PASS,,The path ends with 'Modified 12-Lead ECG' and goes through sec_0196 Conventional 12-Lead ECG (level 3). The order matches the headings on p140.,
Philips-MP20-MP90-Manual,sec_0197,140,5.4-gaps_duplicates,PASS,,No gap or overlap on p140. Sec_0198 Choosing Standard or Modified Electrode Placement follows on p140. Each visible text block sits in exactly one section.,
Philips-MP20-MP90-Manual,sec_0197,140,5.4-flagged_for_review,PASS,,"flagged_for_review is false, with verification_score 100. The heading is found on p140, so no flag is needed.",
Philips-MP20-MP90-Manual,sec_0197,140,5.4-structural_source,PASS,,"structural_source is toc. The heading 'Modified 12-Lead ECG' is printed on p140, so the bookmark is supported.",
Philips-MP20-MP90-Manual,sec_0197,140,5.6-numbering_scheme,PASS,,The printed folios are arabic numbers on the page footer (for example the folio next to p140). numbering_scheme is arabic.,
Philips-MP20-MP90-Manual,sec_0197,140,5.6-offset_applied,PASS,,"offset_applied is 0. Physical p140 shows printed folio 128, so the printed number is 12 lower. page_start/page_end 140 match the physical page.",
Philips-MP20-MP90-Manual,sec_0197,140,5.5-filters_discarding,PASS,,"On p140 the chest figure (6 electrode points) is extracted as img_0069 (498x472, raster). The crop shows the full body. The labels 1-6 are separate text nodes (#/texts/2375-2388), so no information is lost.",
Philips-MP20-MP90-Manual,sec_0197,140,5.5-filters_passing_noise,PASS,,"img_0069 is a real figure, not decoration. No logo or divider image is kept for sec_0197 on p140.",
Philips-MP20-MP90-Manual,sec_0197,140,5.5-image_section_mapping,PASS,,"On p140 the figure sits under the 'Modified 12-Lead ECG' heading at the top. img_0069 is mapped to sec_0197, the correct owner. The later headings on the page have no figure.",
Philips-MP20-MP90-Manual,sec_0207,144,5.4-hierarchy_level,PASS,,"On the page, 'ECG Safety Information' is drawn as a level 2 heading style, below its parent. The node shows hierarchy_level 2. They match.",
Philips-MP20-MP90-Manual,sec_0207,144,5.4-parent_child,PASS,,"The parent is sec_0170 (chapter 6, level 1). This matches the printed heading nesting on p144-145. The section has no children, and none are expected.",
Philips-MP20-MP90-Manual,sec_0207,144,5.4-page_start_end,PASS,,"sec_0207 covers p144-145. It owns the CAUTION and WARNING text on p144 and the last three pacemaker warnings on p145, up to the orange rule (#/texts/2455-2475). sec_0208 starts below the rule on p145. The folio 132 and running headers are only boilerplate inside the range.",
Philips-MP20-MP90-Manual,sec_0207,144,5.4-hierarchy_path,PASS,,"The path ends with 'ECG Safety Information' and goes through sec_0170 (chapter 6, level 1). The order matches the headings on p144-145.",
Philips-MP20-MP90-Manual,sec_0207,144,5.4-gaps_duplicates,PASS,,No gap or overlap on p144-145. The warnings continue across the page break and stay in sec_0207. sec_0208 'About Arrhythmia Monitoring' owns the text below the orange rule on p145.,
Philips-MP20-MP90-Manual,sec_0207,144,5.4-flagged_for_review,PASS,,"flagged_for_review is false, with verification_score 100. The heading is found on p144-145, so no flag is needed.",
Philips-MP20-MP90-Manual,sec_0207,144,5.4-structural_source,PASS,,"structural_source is toc. The heading 'ECG Safety Information' is printed on p144-145, so the bookmark is supported.",
Philips-MP20-MP90-Manual,sec_0207,144,5.6-numbering_scheme,PASS,,The printed folios are arabic numbers on the page footer (for example the folio next to p144-145). numbering_scheme is arabic.,
Philips-MP20-MP90-Manual,sec_0207,144,5.6-offset_applied,PASS,,"offset_applied is 0. Physical p144 shows printed folio 132, so the printed number is 12 lower. page_start 144 and page_end 145 match the physical pages.",
Philips-MP20-MP90-Manual,sec_0207,144,5.5-filters_discarding,PASS,,No meaningful figure is lost on p144-145. Visible figures are extracted or are text.,
Philips-MP20-MP90-Manual,sec_0207,144,5.5-filters_passing_noise,PASS,,"No decorative image is kept as content on p144-145. images.json has no logo, rule or divider for this section.",
Philips-MP20-MP90-Manual,sec_0207,144,5.5-image_section_mapping,PASS,,"p144-145 have no figures, only text and the orange warning rules. No image is mapped to sec_0207.",
Philips-MP20-MP90-Manual,sec_0225,151,5.4-hierarchy_level,PASS,,"On the page, 'Arrhythmia Relearn and Lead Fallback' is drawn as a level 4 heading style, below its parent. The node shows hierarchy_level 4. They match.",
Philips-MP20-MP90-Manual,sec_0225,151,5.4-parent_child,PASS,,"The parent is sec_0224 Automatic Arrhythmia Relearn (level 3). This matches the printed heading nesting on p151. The section has no children, and none are expected.",
Philips-MP20-MP90-Manual,sec_0225,151,5.4-page_start_end,PASS,,"Arrhythmia Relearn and Lead Fallback covers p151. It owns the heading, the intro line, the WARNING box and its bullets (#/texts/2616-2629). Sec_0226 Arrhythmia Alarms starts below the warning on p151. No node of a neighbour section is inside it.",
Philips-MP20-MP90-Manual,sec_0225,151,5.4-hierarchy_path,PASS,,The path ends with 'Arrhythmia Relearn and Lead Fallback' and goes through sec_0224 Automatic Arrhythmia Relearn (level 3). The order matches the headings on p151.,
Philips-MP20-MP90-Manual,sec_0225,151,5.4-gaps_duplicates,PASS,,No gap or overlap on p151. Sec_0226 Arrhythmia Alarms starts below the warning on p151. Each visible text block sits in exactly one section.,
Philips-MP20-MP90-Manual,sec_0225,151,5.4-flagged_for_review,PASS,,"flagged_for_review is false, with verification_score 100. The heading is found on p151, so no flag is needed.",
Philips-MP20-MP90-Manual,sec_0225,151,5.4-structural_source,PASS,,"structural_source is toc. The heading 'Arrhythmia Relearn and Lead Fallback' is printed on p151, so the bookmark is supported.",
Philips-MP20-MP90-Manual,sec_0225,151,5.6-numbering_scheme,PASS,,The printed folios are arabic numbers on the page footer (for example the folio next to p151). numbering_scheme is arabic.,
Philips-MP20-MP90-Manual,sec_0225,151,5.6-offset_applied,PASS,,"offset_applied is 0. Physical p151 shows printed folio 139, so the printed number is 12 lower. page_start/page_end 151 match the physical page.",
Philips-MP20-MP90-Manual,sec_0225,151,5.5-filters_discarding,PASS,,No meaningful figure is lost on p151. Visible figures are extracted or are text.,
Philips-MP20-MP90-Manual,sec_0225,151,5.5-filters_passing_noise,PASS,,"No decorative image is kept as content on p151. images.json has no logo, rule or divider for this section.",
Philips-MP20-MP90-Manual,sec_0225,151,5.5-image_section_mapping,PASS,,"No figure belongs to this section on p151, and none is mapped to it.",
Philips-MP20-MP90-Manual,sec_0241,158,5.4-hierarchy_level,PASS,,"On the page, 'Understanding the ST Display' is drawn as a level 2 heading style, below its parent. The node shows hierarchy_level 2. They match.",
Philips-MP20-MP90-Manual,sec_0241,158,5.4-parent_child,PASS,,"The parent is sec_0170 (chapter 6, level 1). This matches the printed heading nesting on p158-159. The section has no children, and none are expected.",
Philips-MP20-MP90-Manual,sec_0241,158,5.4-page_start_end,PASS,,sec_0241 covers p158-159. It owns the ST display figure text on p158 and the ST snippets and baseline text on p159 (#/texts/2799-2842). The p159 heading 'Updating ST Baseline Snippets' at the bottom starts sec_0242.,
Philips-MP20-MP90-Manual,sec_0241,158,5.4-hierarchy_path,PASS,,"The path ends with 'Understanding the ST Display' and goes through sec_0170 (chapter 6, level 1). The order matches the headings on p158-159.",
Philips-MP20-MP90-Manual,sec_0241,158,5.4-gaps_duplicates,PASS,,No gap or overlap on p158-159. The steps above the heading on p158 are in sec_0240. The text after the heading at the bottom of p159 is in sec_0242.,
Philips-MP20-MP90-Manual,sec_0241,158,5.4-flagged_for_review,PASS,,"flagged_for_review is false, with verification_score 100. The heading is found on p158-159, so no flag is needed.",
Philips-MP20-MP90-Manual,sec_0241,158,5.4-structural_source,PASS,,"structural_source is toc. The heading 'Understanding the ST Display' is printed on p158-159, so the bookmark is supported.",
Philips-MP20-MP90-Manual,sec_0241,158,5.6-numbering_scheme,PASS,,The printed folios are arabic numbers on the page footer (for example the folio next to p158-159). numbering_scheme is arabic.,
Philips-MP20-MP90-Manual,sec_0241,158,5.6-offset_applied,PASS,,"offset_applied is 0. Physical p158 shows printed folio 146, so the printed number is 12 lower. page_start 158 and page_end 159 match the physical pages.",
Philips-MP20-MP90-Manual,sec_0241,158,5.5-filters_discarding,PASS,,"On p158 the ST screen figure is extracted as img_0075 (vector, 331x243). On p159 the ST Baseline window is extracted as img_0076 (vector, 756x364). Both crops show the full figure with arrow numbers 1-3 and 1-6.","The raster 183x122 px on p158 is the black ST screen (about 137x92 pt). It is inside the vector crop img_0075 (331x243), so it is not lost. Check says it is not in images_v1.json because it was merged into img_0075."
Philips-MP20-MP90-Manual,sec_0241,158,5.5-filters_passing_noise,PASS,,img_0075 and img_0076 are real figures. The crops have no extra text. No decorative image is kept for sec_0241.,
Philips-MP20-MP90-Manual,sec_0241,158,5.5-image_section_mapping,PASS,,"The p158 figure is under the 'Understanding the ST Display' heading. The p159 baseline figure belongs to the same heading, above 'Updating ST Baseline Snippets'. Both are mapped to sec_0241, the correct owner.",
Philips-MP20-MP90-Manual,sec_0245,161,5.4-hierarchy_level,PASS,,"On p161, sec_0245 ""Adjusting ST Measurement Points"" is printed as the level-3 heading at the bottom of p160, under ""About the ST Measurement Points"". Its hierarchy_level is 3, which fits the heading size and style.",
Philips-MP20-MP90-Manual,sec_0245,161,5.4-parent_child,PASS,,"The parent of sec_0245 is sec_0244 (About the ST Measurement Points). This is the heading above it on the page and in the document. It has no children, and none is expected.",
Philips-MP20-MP90-Manual,sec_0245,161,5.4-page_start_end,PASS,,"The section starts at the heading on p160 (#/texts/2868) and runs through p161 and p162 (#/texts/2868-2913). On p161 it has the bullets, steps 1-3, the Adjust ST Points screen labels and the ISO-point text. On p162 it has the J-point and ST-point text and steps 4-5. ""ST Alarms"" starts later on p162 in sec_0246.",
Philips-MP20-MP90-Manual,sec_0245,161,5.4-hierarchy_path,PASS,,"The path of sec_0245 is built from its ancestors in order and ends with ""Adjusting ST Measurement Points"". It matches the headings above it on the printed pages.",
Philips-MP20-MP90-Manual,sec_0245,161,5.4-gaps_duplicates,PASS,,"No node is duplicated and no node is missing on the sampled page. The section starts at the heading on p160 (#/texts/2868) and runs through p161 and p162 (#/texts/2868-2913). On p161 it has the bullets, steps 1-3, the Adjust ST Points screen labels and the ISO-point text. On p162 it has the J-point and ST-point text and steps 4-5. ""ST Alarms"" starts later on p162 in sec_0246.",
Philips-MP20-MP90-Manual,sec_0245,161,5.4-flagged_for_review,PASS,,"sec_0245 has flagged_for_review False. Its boundaries on the rendered page are correct, so no flag is needed.",
Philips-MP20-MP90-Manual,sec_0245,161,5.4-structural_source,PASS,,"sec_0245 has structural_source toc. Its heading ""Adjusting ST Measurement Points"" is a real printed heading on the rendered page, so the provenance is supported.",
Philips-MP20-MP90-Manual,sec_0245,161,5.6-numbering_scheme,PASS,,The numbering scheme is arabic. The folios printed on the sampled pages are plain arabic numbers (for example 148-165 in chapters 6-8).,
Philips-MP20-MP90-Manual,sec_0245,161,5.6-offset_applied,PASS,,"offset_applied is 0 and page_start of sec_0245 matches the physical page where the heading is printed. The printed folio differs from the physical page, but the section pages are physical and correct.",
Philips-MP20-MP90-Manual,sec_0245,161,5.5-filters_discarding,FAIL,Medium,"On p161 the vector crop img_0079 (848x437) shows the Adjust ST Points screen with its callouts. The crop starts too low and too far left. The first callout line ""ST label and the ST"" and the start of its arrow are cut off. The crop is cut, not lost. The cut text is probably still in the text nodes (#/texts/2889).","Figure is cut at its top-left edge. Medium by the agreed image rule. The cut words are in the text, so not Critical. Cause is probably the vector crop box (BUG-010 family, mitigated). verify_claims expects Critical because the raster screen (642x360 px) is not in images_v1.json by itself. But it is inside the vector crop img_0079, so the figure is not lost; only its callout edge is cut."
Philips-MP20-MP90-Manual,sec_0245,161,5.5-filters_passing_noise,PASS,,"All images listed for this page are real content (screens, ECG icons or ST maps), not decoration. p161 has the ISO icon (img_0078) and the vector screenshot ""Adjust ST Points"" (img_0079). Both are mapped to sec_0245, which is the right owner.",
Philips-MP20-MP90-Manual,sec_0245,161,5.5-image_section_mapping,PASS,,"p161 has the ISO icon (img_0078) and the vector screenshot ""Adjust ST Points"" (img_0079). Both are mapped to sec_0245, which is the right owner. There is no wrong sibling mapping.",
Philips-MP20-MP90-Manual,sec_0245,162,5.4-hierarchy_level,PASS,,"On p162, sec_0245 ""Adjusting ST Measurement Points"" is printed as the level-3 heading at the bottom of p160. Its hierarchy_level is 3, which fits the heading size and style.",
Philips-MP20-MP90-Manual,sec_0245,162,5.4-parent_child,PASS,,"The parent of sec_0245 is sec_0244 (About the ST Measurement Points). This is the heading above it on the page and in the document. It has no children, and none is expected.",
Philips-MP20-MP90-Manual,sec_0245,162,5.4-page_start_end,PASS,,"On p162 the section has the J-point text, the ST-point instructions and steps 4 and 5 (#/texts/2903-2913), down to just before the ""ST Alarms"" heading. page_end 162 is right. The heading ""ST Alarms"" and later text are in sec_0246 and sec_0247.",
Philips-MP20-MP90-Manual,sec_0245,162,5.4-hierarchy_path,PASS,,"The path of sec_0245 is built from its ancestors in order and ends with ""Adjusting ST Measurement Points"". It matches the headings above it on the printed pages.",
Philips-MP20-MP90-Manual,sec_0245,162,5.4-gaps_duplicates,PASS,,"No node is duplicated and no node is missing on the sampled page. On p162 the section has the J-point text, the ST-point instructions and steps 4 and 5 (#/texts/2903-2913), down to just before the ""ST Alarms"" heading. page_end 162 is right. The heading ""ST Alarms"" and later text are in sec_0246 and sec_0247.",
Philips-MP20-MP90-Manual,sec_0245,162,5.4-flagged_for_review,PASS,,"sec_0245 has flagged_for_review False. Its boundaries on the rendered page are correct, so no flag is needed.",
Philips-MP20-MP90-Manual,sec_0245,162,5.4-structural_source,PASS,,"sec_0245 has structural_source toc. Its heading ""Adjusting ST Measurement Points"" is a real printed heading on the rendered page, so the provenance is supported.",
Philips-MP20-MP90-Manual,sec_0245,162,5.6-numbering_scheme,PASS,,The numbering scheme is arabic. The folios printed on the sampled pages are plain arabic numbers (for example 148-165 in chapters 6-8).,
Philips-MP20-MP90-Manual,sec_0245,162,5.6-offset_applied,PASS,,"offset_applied is 0 and page_start of sec_0245 matches the physical page where the heading is printed. The printed folio differs from the physical page, but the section pages are physical and correct.",
Philips-MP20-MP90-Manual,sec_0245,162,5.5-filters_discarding,PASS,,"p162 has two small ECG icons (img_0080 J-point, img_0081 ST-point). Both are mapped to sec_0245, the right owner. No visible figure on the sampled page is missing.",
Philips-MP20-MP90-Manual,sec_0245,162,5.5-filters_passing_noise,PASS,,"All images listed for this page are real content (screens, ECG icons or ST maps), not decoration. p162 has two small ECG icons (img_0080 J-point, img_0081 ST-point). Both are mapped to sec_0245, the right owner.",
Philips-MP20-MP90-Manual,sec_0245,162,5.5-image_section_mapping,PASS,,"p162 has two small ECG icons (img_0080 J-point, img_0081 ST-point). Both are mapped to sec_0245, the right owner. There is no wrong sibling mapping.",
Philips-MP20-MP90-Manual,sec_0247,162,5.4-hierarchy_level,PASS,,"On p162, sec_0247 ""Single- or Multi-lead ST Alarming"" is printed as the level-3 heading on p162, under ""ST Alarms"". Its hierarchy_level is 3, which fits the heading size and style.",
Philips-MP20-MP90-Manual,sec_0247,162,5.4-parent_child,PASS,,"The parent of sec_0247 is sec_0246 (ST Alarms). This is the heading above it on the page and in the document. It has no children, and none is expected.",
Philips-MP20-MP90-Manual,sec_0247,162,5.4-page_start_end,PASS,,"sec_0247 has the heading and three body nodes (#/texts/2917-2920), all on p162, before ""Changing ST Alarm Limits"" (sec_0248). The last node ends with a stray ""T."" after ""Multi ST."" that is not printed on the page. This is only a small text artefact; no node is in the wrong section.",
Philips-MP20-MP90-Manual,sec_0247,162,5.4-hierarchy_path,PASS,,"The path of sec_0247 is built from its ancestors in order and ends with ""Single- or Multi-lead ST Alarming"". It matches the headings above it on the printed pages.",
Philips-MP20-MP90-Manual,sec_0247,162,5.4-gaps_duplicates,PASS,,"No node is duplicated and no node is missing on the sampled page. sec_0247 has the heading and three body nodes (#/texts/2917-2920), all on p162, before ""Changing ST Alarm Limits"" (sec_0248). The last node ends with a stray ""T."" after ""Multi ST."" that is not printed on the page. This is only a small text artefact; no node is in the wrong section.",
Philips-MP20-MP90-Manual,sec_0247,162,5.4-flagged_for_review,PASS,,"sec_0247 has flagged_for_review False. Its boundaries on the rendered page are correct, so no flag is needed.",
Philips-MP20-MP90-Manual,sec_0247,162,5.4-structural_source,PASS,,"sec_0247 has structural_source toc. Its heading ""Single- or Multi-lead ST Alarming"" is a real printed heading on the rendered page, so the provenance is supported.",
Philips-MP20-MP90-Manual,sec_0247,162,5.6-numbering_scheme,PASS,,The numbering scheme is arabic. The folios printed on the sampled pages are plain arabic numbers (for example 148-165 in chapters 6-8).,
Philips-MP20-MP90-Manual,sec_0247,162,5.6-offset_applied,PASS,,"offset_applied is 0 and page_start of sec_0247 matches the physical page where the heading is printed. The printed folio differs from the physical page, but the section pages are physical and correct.",
Philips-MP20-MP90-Manual,sec_0247,162,5.5-filters_discarding,PASS,,"The two J-point icons on p162 are above ""ST Alarms"" and belong to sec_0245. sec_0247 has no figure of its own. No visible figure on the sampled page is missing.",
Philips-MP20-MP90-Manual,sec_0247,162,5.5-filters_passing_noise,PASS,,"No decorative item, rule or logo is kept as an image for this section on the sampled page. The two J-point icons on p162 are above ""ST Alarms"" and belong to sec_0245. sec_0247 has no figure of its own.",
Philips-MP20-MP90-Manual,sec_0247,162,5.5-image_section_mapping,PASS,,"The two J-point icons on p162 are above ""ST Alarms"" and belong to sec_0245. sec_0247 has no figure of its own. Nothing to map wrongly.",
Philips-MP20-MP90-Manual,sec_0263,168,5.4-hierarchy_level,PASS,,"On p168, sec_0263 ""Indications For Use Of QT Interval Monitoring"" is printed as the level-3 heading at the top of p168, under the page header. Its hierarchy_level is 3, which fits the heading size and style.",
Philips-MP20-MP90-Manual,sec_0263,168,5.4-parent_child,PASS,,"The parent of sec_0263 is sec_0260 (About QT/QTc Interval Monitoring). This is the heading above it on the page and in the document. It has no children, and none is expected.",
Philips-MP20-MP90-Manual,sec_0263,168,5.4-page_start_end,PASS,,"sec_0263 has the p168 running header, the heading and one paragraph (#/texts/3017-3020). The next heading ""Limitations For Use Of QT Interval Monitoring"" starts sec_0264. Nothing is mixed.",
Philips-MP20-MP90-Manual,sec_0263,168,5.4-hierarchy_path,PASS,,"The path of sec_0263 is built from its ancestors in order and ends with ""Indications For Use Of QT Interval Monitoring"". It matches the headings above it on the printed pages.",
Philips-MP20-MP90-Manual,sec_0263,168,5.4-gaps_duplicates,PASS,,"No node is duplicated and no node is missing on the sampled page. sec_0263 has the p168 running header, the heading and one paragraph (#/texts/3017-3020). The next heading ""Limitations For Use Of QT Interval Monitoring"" starts sec_0264. Nothing is mixed.",
Philips-MP20-MP90-Manual,sec_0263,168,5.4-flagged_for_review,PASS,,"sec_0263 has flagged_for_review False. Its boundaries on the rendered page are correct, so no flag is needed.",
Philips-MP20-MP90-Manual,sec_0263,168,5.4-structural_source,PASS,,"sec_0263 has structural_source toc. Its heading ""Indications For Use Of QT Interval Monitoring"" is a real printed heading on the rendered page, so the provenance is supported.",
Philips-MP20-MP90-Manual,sec_0263,168,5.6-numbering_scheme,PASS,,The numbering scheme is arabic. The folios printed on the sampled pages are plain arabic numbers (for example 148-165 in chapters 6-8).,
Philips-MP20-MP90-Manual,sec_0263,168,5.6-offset_applied,PASS,,"offset_applied is 0 and page_start of sec_0263 matches the physical page where the heading is printed. The printed folio differs from the physical page, but the section pages are physical and correct.",
Philips-MP20-MP90-Manual,sec_0263,168,5.5-filters_discarding,PASS,,No figure on p168 and none is mapped to sec_0263. No visible figure on the sampled page is missing.,
Philips-MP20-MP90-Manual,sec_0263,168,5.5-filters_passing_noise,PASS,,"No decorative item, rule or logo is kept as an image for this section on the sampled page. No figure on p168 and none is mapped to sec_0263.",
Philips-MP20-MP90-Manual,sec_0263,168,5.5-image_section_mapping,PASS,,No figure on p168 and none is mapped to sec_0263. Nothing to map wrongly.,
Philips-MP20-MP90-Manual,sec_0268,170,5.4-hierarchy_level,PASS,,"On p170, sec_0268 ""Setting The QT Baseline"" is printed as the level-4 heading on p169, under ""QT View"". Its hierarchy_level is 4, which fits the heading size and style.",
Philips-MP20-MP90-Manual,sec_0268,170,5.4-parent_child,PASS,,"The parent of sec_0268 is sec_0266 (QT View). This is the heading above it on the page and in the document. It has no children, and none is expected.",
Philips-MP20-MP90-Manual,sec_0268,170,5.4-page_start_end,PASS,,"The section starts on p169 (#/texts/3055-3059) and goes on to p170 (#/texts/3060-3062). On p170 it has the running header and the paragraph ""If no baseline has been set..."", which belongs to this section. The next heading ""Printing The QT Waves"" is in sec_0269.",
Philips-MP20-MP90-Manual,sec_0268,170,5.4-hierarchy_path,PASS,,"The path of sec_0268 is built from its ancestors in order and ends with ""Setting The QT Baseline"". It matches the headings above it on the printed pages.",
Philips-MP20-MP90-Manual,sec_0268,170,5.4-gaps_duplicates,PASS,,"No node is duplicated and no node is missing on the sampled page. The section starts on p169 (#/texts/3055-3059) and goes on to p170 (#/texts/3060-3062). On p170 it has the running header and the paragraph ""If no baseline has been set..."", which belongs to this section. The next heading ""Printing The QT Waves"" is in sec_0269.",
Philips-MP20-MP90-Manual,sec_0268,170,5.4-flagged_for_review,PASS,,"sec_0268 has flagged_for_review False. Its boundaries on the rendered page are correct, so no flag is needed.",
Philips-MP20-MP90-Manual,sec_0268,170,5.4-structural_source,PASS,,"sec_0268 has structural_source toc. Its heading ""Setting The QT Baseline"" is a real printed heading on the rendered page, so the provenance is supported.",
Philips-MP20-MP90-Manual,sec_0268,170,5.6-numbering_scheme,PASS,,The numbering scheme is arabic. The folios printed on the sampled pages are plain arabic numbers (for example 148-165 in chapters 6-8).,
Philips-MP20-MP90-Manual,sec_0268,170,5.6-offset_applied,PASS,,"offset_applied is 0 and page_start of sec_0268 matches the physical page where the heading is printed. The printed folio differs from the physical page, but the section pages are physical and correct.",
Philips-MP20-MP90-Manual,sec_0268,170,5.5-filters_discarding,PASS,,"No figure on p170. The QT View screenshot on p169 (img_0089) is mapped to sec_0266, which is right. No visible figure on the sampled page is missing.",
Philips-MP20-MP90-Manual,sec_0268,170,5.5-filters_passing_noise,PASS,,"No decorative item, rule or logo is kept as an image for this section on the sampled page. No figure on p170. The QT View screenshot on p169 (img_0089) is mapped to sec_0266, which is right.",
Philips-MP20-MP90-Manual,sec_0268,170,5.5-image_section_mapping,PASS,,"No figure on p170. The QT View screenshot on p169 (img_0089) is mapped to sec_0266, which is right. Nothing to map wrongly.",
Philips-MP20-MP90-Manual,sec_0272,171,5.4-hierarchy_level,PASS,,"On p171, sec_0272 ""Switching Individual QTc Alarms On and Off"" is printed as the level-3 heading at the top of p171, under the page header. Its hierarchy_level is 3, which fits the heading size and style.",
Philips-MP20-MP90-Manual,sec_0272,171,5.4-parent_child,PASS,,"The parent of sec_0272 is sec_0271 (QT Alarms). This is the heading above it on the page and in the document. It has no children, and none is expected.",
Philips-MP20-MP90-Manual,sec_0272,171,5.4-page_start_end,PASS,,"sec_0272 has the p171 running header, the heading, one sentence and one bullet (#/texts/3073-3077), all on p171. ""Changing QTc Alarm Limits"" starts sec_0273. Nothing is mixed.",
Philips-MP20-MP90-Manual,sec_0272,171,5.4-hierarchy_path,PASS,,"The path of sec_0272 is built from its ancestors in order and ends with ""Switching Individual QTc Alarms On and Off"". It matches the headings above it on the printed pages.",
Philips-MP20-MP90-Manual,sec_0272,171,5.4-gaps_duplicates,PASS,,"No node is duplicated and no node is missing on the sampled page. sec_0272 has the p171 running header, the heading, one sentence and one bullet (#/texts/3073-3077), all on p171. ""Changing QTc Alarm Limits"" starts sec_0273. Nothing is mixed.",
Philips-MP20-MP90-Manual,sec_0272,171,5.4-flagged_for_review,PASS,,"sec_0272 has flagged_for_review False. Its boundaries on the rendered page are correct, so no flag is needed.",
Philips-MP20-MP90-Manual,sec_0272,171,5.4-structural_source,PASS,,"sec_0272 has structural_source toc. Its heading ""Switching Individual QTc Alarms On and Off"" is a real printed heading on the rendered page, so the provenance is supported.",
Philips-MP20-MP90-Manual,sec_0272,171,5.6-numbering_scheme,PASS,,The numbering scheme is arabic. The folios printed on the sampled pages are plain arabic numbers (for example 148-165 in chapters 6-8).,
Philips-MP20-MP90-Manual,sec_0272,171,5.6-offset_applied,PASS,,"offset_applied is 0 and page_start of sec_0272 matches the physical page where the heading is printed. The printed folio differs from the physical page, but the section pages are physical and correct.",
Philips-MP20-MP90-Manual,sec_0272,171,5.5-filters_discarding,PASS,,No figure on p171 and none is mapped to sec_0272. No visible figure on the sampled page is missing.,
Philips-MP20-MP90-Manual,sec_0272,171,5.5-filters_passing_noise,PASS,,"No decorative item, rule or logo is kept as an image for this section on the sampled page. No figure on p171 and none is mapped to sec_0272.",
Philips-MP20-MP90-Manual,sec_0272,171,5.5-image_section_mapping,PASS,,No figure on p171 and none is mapped to sec_0272. Nothing to map wrongly.,
Philips-MP20-MP90-Manual,sec_0280,175,5.4-hierarchy_level,PASS,,"On p175, sec_0280 ""Selecting the Active Alarm Source: ECG or Pulse?"" is printed as the level-3 heading on p174, under ""Using Pulse Alarms"". Its hierarchy_level is 3, which fits the heading size and style.",
Philips-MP20-MP90-Manual,sec_0280,175,5.4-parent_child,PASS,,"The parent of sec_0280 is sec_0279 (Using Pulse Alarms). This is the heading above it on the page and in the document. It has no children, and none is expected.",
Philips-MP20-MP90-Manual,sec_0280,175,5.4-page_start_end,PASS,,"The section starts on p174 (#/texts/3115-3125) and goes on to p175 (#/texts/3126-3130). On p175 it has the running header, the WARNING box and the sentence about pulse alarms. These belong to it. The next heading ""Alarm Source Selection Disabled"" is in sec_0281.",
Philips-MP20-MP90-Manual,sec_0280,175,5.4-hierarchy_path,PASS,,"The path of sec_0280 is built from its ancestors in order and ends with ""Selecting the Active Alarm Source: ECG or Pulse?"". It matches the headings above it on the printed pages.",
Philips-MP20-MP90-Manual,sec_0280,175,5.4-gaps_duplicates,PASS,,"No node is duplicated and no node is missing on the sampled page. The section starts on p174 (#/texts/3115-3125) and goes on to p175 (#/texts/3126-3130). On p175 it has the running header, the WARNING box and the sentence about pulse alarms. These belong to it. The next heading ""Alarm Source Selection Disabled"" is in sec_0281.",
Philips-MP20-MP90-Manual,sec_0280,175,5.4-flagged_for_review,PASS,,"sec_0280 has flagged_for_review False. Its boundaries on the rendered page are correct, so no flag is needed.",
Philips-MP20-MP90-Manual,sec_0280,175,5.4-structural_source,PASS,,"sec_0280 has structural_source toc. Its heading ""Selecting the Active Alarm Source: ECG or Pulse?"" is a real printed heading on the rendered page, so the provenance is supported.",
Philips-MP20-MP90-Manual,sec_0280,175,5.6-numbering_scheme,PASS,,The numbering scheme is arabic. The folios printed on the sampled pages are plain arabic numbers (for example 148-165 in chapters 6-8).,
Philips-MP20-MP90-Manual,sec_0280,175,5.6-offset_applied,PASS,,"offset_applied is 0 and page_start of sec_0280 matches the physical page where the heading is printed. The printed folio differs from the physical page, but the section pages are physical and correct.",
Philips-MP20-MP90-Manual,sec_0280,175,5.5-filters_discarding,PASS,,No figure on p174 or p175 and none is mapped to sec_0280. No visible figure on the sampled page is missing.,
Philips-MP20-MP90-Manual,sec_0280,175,5.5-filters_passing_noise,PASS,,"No decorative item, rule or logo is kept as an image for this section on the sampled page. No figure on p174 or p175 and none is mapped to sec_0280.",
Philips-MP20-MP90-Manual,sec_0280,175,5.5-image_section_mapping,PASS,,No figure on p174 or p175 and none is mapped to sec_0280. Nothing to map wrongly.,
Philips-MP20-MP90-Manual,sec_0300,182,5.4-hierarchy_level,PASS,,"On p180 'Resp Safety Information' is a large chapter-level-2 heading, same size as 'Using Resp Alarms'. hierarchy_level=2 under sec_0285 matches.",
Philips-MP20-MP90-Manual,sec_0300,182,5.4-parent_child,PASS,,sec_0300 has parent sec_0285 (Monitoring Respiration Rate) and no children. The page 180 heading sits under that chapter.,
Philips-MP20-MP90-Manual,sec_0300,182,5.4-page_start_end,PASS,,"page_start=180, page_end=182. On p180 the heading, the WARNING and the Resp Accessories text are in nodes 3217-3224. P181 carries the pacemaker text (3227). P182 shows only a running header and folio 170. P183 starts the SpO2 chapter in sec_0301, so nothing is absorbed.",
Philips-MP20-MP90-Manual,sec_0300,182,5.4-hierarchy_path,PASS,,Path '/Monitoring Respiration Rate (Resp)/Resp Safety Information' matches the chapter and the heading.,
Philips-MP20-MP90-Manual,sec_0300,182,5.4-gaps_duplicates,PASS,,"Every visible block on p180 is in sec_0300 once: WARNING, Apnea, Interference, Resp Accessories. No text is repeated or left in a neighbour.",
Philips-MP20-MP90-Manual,sec_0300,182,5.4-flagged_for_review,PASS,,"sec_0300 has flagged_for_review=false and verification_score=100. The heading is visible on the rendered page, so no flag is needed.",
Philips-MP20-MP90-Manual,sec_0300,182,5.4-structural_source,PASS,,structural_source='toc'. The heading text for sec_0300 is visible on the physical page and agrees with the bookmark title.,
Philips-MP20-MP90-Manual,sec_0300,182,5.6-numbering_scheme,PASS,,"numbering_scheme='arabic'. The printed folios are arabic numbers (for example 168 on physical p180), so this is correct.",
Philips-MP20-MP90-Manual,sec_0300,182,5.6-offset_applied,PASS,,"offset_applied=0 and page_start matches the physical page where the heading is rendered. The printed folio differs from the physical number, but the tree uses physical pages.",
Philips-MP20-MP90-Manual,sec_0300,182,5.5-filters_discarding,PASS,,"p182 has no figure, only a header bar and folio 170. p180 has none either.",
Philips-MP20-MP90-Manual,sec_0300,182,5.5-filters_passing_noise,PASS,,"No image is kept for this section. Only the running header and folio on p181-182 (nodes 3225, 3226, 3229-3231) are kept as text nodes, which is the usual boilerplate.",
Philips-MP20-MP90-Manual,sec_0300,182,5.5-image_section_mapping,PASS,,"p182 is blank apart from the header bar and folio 170, and p180 has no figure. Nothing to map.",
Philips-MP20-MP90-Manual,sec_0316,188,5.4-hierarchy_level,PASS,,On p188 'Setting SpO2/Pleth as Pulse Source' is a section heading at the top of the page. hierarchy_level=2 matches its siblings on the page.,
Philips-MP20-MP90-Manual,sec_0316,188,5.4-parent_child,PASS,,Parent sec_0301 is 'Monitoring SpO2'. The heading is one of several sibling headings on p188. No children.,
Philips-MP20-MP90-Manual,sec_0316,188,5.4-page_start_end,PASS,,"page_start=page_end=188. Nodes 3333-3337 are the running header, the heading and steps 1 and 2. The next heading 'Setting Up Tone Modulation' starts below and is not in this section.",
Philips-MP20-MP90-Manual,sec_0316,188,5.4-hierarchy_path,PASS,,Path '/Monitoring SpO2/Setting SpO2/Pleth as Pulse Source' matches chapter 9 and the heading. The extra slash comes from the title text.,
Philips-MP20-MP90-Manual,sec_0316,188,5.4-gaps_duplicates,PASS,,"Steps 1 and 2 (3336, 3337) are the only body text under the heading. Nothing is missing or duplicated.",
Philips-MP20-MP90-Manual,sec_0316,188,5.4-flagged_for_review,PASS,,"sec_0316 has flagged_for_review=false and verification_score=100. The heading is visible on the rendered page, so no flag is needed.",
Philips-MP20-MP90-Manual,sec_0316,188,5.4-structural_source,PASS,,structural_source='toc'. The heading text for sec_0316 is visible on the physical page and agrees with the bookmark title.,
Philips-MP20-MP90-Manual,sec_0316,188,5.6-numbering_scheme,PASS,,"numbering_scheme='arabic'. The printed folios are arabic numbers (for example 168 on physical p180), so this is correct.",
Philips-MP20-MP90-Manual,sec_0316,188,5.6-offset_applied,PASS,,"offset_applied=0 and page_start matches the physical page where the heading is rendered. The printed folio differs from the physical number, but the tree uses physical pages.",
Philips-MP20-MP90-Manual,sec_0316,188,5.5-filters_discarding,PASS,,"p188 has no figure. Only headings, steps and menu names are visible.",
Philips-MP20-MP90-Manual,sec_0316,188,5.5-filters_passing_noise,PASS,,"No image of this section is a rule, divider or logo. Running headers and folios appear only as small text nodes.",
Philips-MP20-MP90-Manual,sec_0316,188,5.5-image_section_mapping,PASS,,"No figure is assigned to this section on the sampled page, and none is missing there.",
Philips-MP20-MP90-Manual,sec_0319,189,5.4-hierarchy_level,PASS,,"On p188 'Calculating SpO2 Difference' is a section heading, same size as the other headings on the page. hierarchy_level=2 matches.",
Philips-MP20-MP90-Manual,sec_0319,189,5.4-parent_child,PASS,,Parent sec_0301 is 'Monitoring SpO2'. The heading is a sibling of 'Setting the QRS Volume'. No children.,
Philips-MP20-MP90-Manual,sec_0319,189,5.4-page_start_end,PASS,,"page_start=page_end=188. Nodes 3344-3350 are the heading, the intro and steps 1-5. Node 3351 is folio 176. The sampled p189 starts chapter 10 'Monitoring NBP' and has no node of this section.",
Philips-MP20-MP90-Manual,sec_0319,189,5.4-hierarchy_path,PASS,,Path '/Monitoring SpO2/Calculating SpO2 Difference' matches the chapter title and the heading.,
Philips-MP20-MP90-Manual,sec_0319,189,5.4-gaps_duplicates,PASS,,Intro and steps 1-5 are all present once. No gap and no duplicate.,
Philips-MP20-MP90-Manual,sec_0319,189,5.4-flagged_for_review,PASS,,"sec_0319 has flagged_for_review=false and verification_score=100. The heading is visible on the rendered page, so no flag is needed.",
Philips-MP20-MP90-Manual,sec_0319,189,5.4-structural_source,PASS,,structural_source='toc'. The heading text for sec_0319 is visible on the physical page and agrees with the bookmark title.,
Philips-MP20-MP90-Manual,sec_0319,189,5.6-numbering_scheme,PASS,,"numbering_scheme='arabic'. The printed folios are arabic numbers (for example 168 on physical p180), so this is correct.",
Philips-MP20-MP90-Manual,sec_0319,189,5.6-offset_applied,PASS,,"offset_applied=0 and page_start matches the physical page where the heading is rendered. The printed folio differs from the physical number, but the tree uses physical pages.",
Philips-MP20-MP90-Manual,sec_0319,189,5.5-filters_discarding,PASS,,p189 (sampled) and p188 show no figure for this section.,
Philips-MP20-MP90-Manual,sec_0319,189,5.5-filters_passing_noise,PASS,,"No image of this section is a rule, divider or logo. Running headers and folios appear only as small text nodes.",
Philips-MP20-MP90-Manual,sec_0319,189,5.5-image_section_mapping,PASS,,"No figure is assigned to this section on the sampled page, and none is missing there.",
Philips-MP20-MP90-Manual,sec_0327,192,5.4-hierarchy_level,PASS,,On p191 'Understanding the NBP Numerics' has the same heading size as 'Correcting the Measurement if Limb is not at Heart Level' (level 3). 'Preparing to Measure NBP' is larger (level 2). hierarchy_level=3 matches.,
Philips-MP20-MP90-Manual,sec_0327,192,5.4-parent_child,PASS,,Parent sec_0325 'Preparing to Measure NBP' is correct. The heading sits below that level-2 section on p191. No children.,
Philips-MP20-MP90-Manual,sec_0327,192,5.4-page_start_end,PASS,,"page_start=191, page_end=192. P191 has the heading, the numerics picture labels (3406-3415), the 'Depending on...' text and 'Alarm Sources'. P192 has the NBP Timestamp text and the Meas Time and Next Meas items (3421-3424), above the heading 'Starting and Stopping Measurements', which is sec_0328. Both pages are correct.",
Philips-MP20-MP90-Manual,sec_0327,192,5.4-hierarchy_path,PASS,,Path '/Monitoring NBP/Preparing to Measure NBP/Understanding the NBP Numerics' is correct.,
Philips-MP20-MP90-Manual,sec_0327,192,5.4-gaps_duplicates,PASS,,"Label words (Sys., Auto, Alarm limits, Systolic...) are present as short nodes. Timestamp text on p192 is present. No other section holds these nodes.",
Philips-MP20-MP90-Manual,sec_0327,192,5.4-flagged_for_review,PASS,,"sec_0327 has flagged_for_review=false and verification_score=100. The heading is visible on the rendered page, so no flag is needed.",
Philips-MP20-MP90-Manual,sec_0327,192,5.4-structural_source,PASS,,structural_source='toc'. The heading text for sec_0327 is visible on the physical page and agrees with the bookmark title.,
Philips-MP20-MP90-Manual,sec_0327,192,5.6-numbering_scheme,PASS,,"numbering_scheme='arabic'. The printed folios are arabic numbers (for example 168 on physical p180), so this is correct.",
Philips-MP20-MP90-Manual,sec_0327,192,5.6-offset_applied,PASS,,"offset_applied=0 and page_start matches the physical page where the heading is rendered. The printed folio differs from the physical number, but the tree uses physical pages.",
Philips-MP20-MP90-Manual,sec_0327,192,5.5-filters_discarding,FAIL,Low,On p192 the Next Meas example picture (black display with a bar and '8:51') sits beside the text 'as shown here'. It is not in images.json or exports/images_v1.json. Only the p191 numerics picture (img_0096) is kept for this section.,"Small picture lost, probably BUG-020 (small raster dropped by the area filter, 130x28 pt, 0.8% of the page). The text already says a bar with the remaining time is shown, so I grade Low (small figure, meaning in text). A reviewer could grade it Medium."
Philips-MP20-MP90-Manual,sec_0327,192,5.5-filters_passing_noise,PASS,,"img_0096 is a crop of the numerics display only. The callout words are separate text nodes. No rule, logo or divider is kept as an image.","The callout lines and arrows of the numerics picture are not in the crop. The labels are in the text nodes, so the meaning is kept."
Philips-MP20-MP90-Manual,sec_0327,192,5.5-image_section_mapping,PASS,,"p191: img_0096 (the NBP numerics display) is mapped to sec_0327 and sits under its heading. img_0097 (NBP connector drawing, vector) is mapped to sec_0325 and sits above the heading 'Correcting the Measurement...', so that is right. On p192 the five SmartKey icons are in the table of sec_0328, which is right.",
Philips-MP20-MP90-Manual,sec_0334,196,5.4-hierarchy_level,PASS,,"On p195 'Calibrating NBP' is a section heading, same size as 'Assisting Venous Puncture'. hierarchy_level=2 matches.",
Philips-MP20-MP90-Manual,sec_0334,196,5.4-parent_child,PASS,,Parent sec_0320 is 'Monitoring NBP'. It is a sibling of 'Assisting Venous Puncture' (sec_0333). No children.,
Philips-MP20-MP90-Manual,sec_0334,196,5.4-page_start_end,PASS,,"page_start=195, page_end=196. P195 has the heading and one paragraph (3476, 3477). P196 (sampled) is a blank page with only a header bar 'Calibrating NBP' and folio 184. The next section starts on p197, so nothing is absorbed.",
Philips-MP20-MP90-Manual,sec_0334,196,5.4-hierarchy_path,PASS,,Path '/Monitoring NBP/Calibrating NBP' is correct.,
Philips-MP20-MP90-Manual,sec_0334,196,5.4-gaps_duplicates,PASS,,The single paragraph about calibration is present once. The venous puncture text and picture above belong to sec_0333.,
Philips-MP20-MP90-Manual,sec_0334,196,5.4-flagged_for_review,PASS,,"sec_0334 has flagged_for_review=false and verification_score=100. The heading is visible on the rendered page, so no flag is needed.",
Philips-MP20-MP90-Manual,sec_0334,196,5.4-structural_source,PASS,,structural_source='toc'. The heading text for sec_0334 is visible on the physical page and agrees with the bookmark title.,
Philips-MP20-MP90-Manual,sec_0334,196,5.6-numbering_scheme,PASS,,"numbering_scheme='arabic'. The printed folios are arabic numbers (for example 168 on physical p180), so this is correct.",
Philips-MP20-MP90-Manual,sec_0334,196,5.6-offset_applied,PASS,,"offset_applied=0 and page_start matches the physical page where the heading is rendered. The printed folio differs from the physical number, but the tree uses physical pages.",
Philips-MP20-MP90-Manual,sec_0334,196,5.5-filters_discarding,PASS,,p196 has no figure. The venous puncture figure on p195 belongs to sec_0333 (img_0107).,
Philips-MP20-MP90-Manual,sec_0334,196,5.5-filters_passing_noise,PASS,,No image is mapped to sec_0334. P196 is blank apart from the header bar and folio 184.,
Philips-MP20-MP90-Manual,sec_0334,196,5.5-image_section_mapping,PASS,,"p196 has no figure. On p195 the venous puncture figure (img_0107) is mapped to sec_0333 and sits above the heading 'Calibrating NBP', so it is correctly not in sec_0334.",
Philips-MP20-MP90-Manual,sec_0339,199,5.4-hierarchy_level,PASS,,"On p198 'Calculating Temp Difference' is a large section heading, bigger than the two sub-headings above it. hierarchy_level=2 matches.",
Philips-MP20-MP90-Manual,sec_0339,199,5.4-parent_child,PASS,,"Parent sec_0335 is 'Monitoring Temperature'. The heading is below the level-3 label sections, so it is a sibling of sec_0336. No children.",
Philips-MP20-MP90-Manual,sec_0339,199,5.4-page_start_end,PASS,,"page_start=page_end=198. Nodes 3509-3515 are the heading, the intro and steps 1-5. The sampled p199 starts chapter 12 and none of its content belongs here. The label tables on p198 belong to sec_0337 and sec_0338.",
Philips-MP20-MP90-Manual,sec_0339,199,5.4-hierarchy_path,PASS,,Path '/Monitoring Temperature/Calculating Temp Difference' is correct.,
Philips-MP20-MP90-Manual,sec_0339,199,5.4-gaps_duplicates,PASS,,Intro and steps 1-5 are present once. No node of the label tables is in this section.,
Philips-MP20-MP90-Manual,sec_0339,199,5.4-flagged_for_review,PASS,,"sec_0339 has flagged_for_review=false and verification_score=100. The heading is visible on the rendered page, so no flag is needed.",
Philips-MP20-MP90-Manual,sec_0339,199,5.4-structural_source,PASS,,structural_source='toc'. The heading text for sec_0339 is visible on the physical page and agrees with the bookmark title.,
Philips-MP20-MP90-Manual,sec_0339,199,5.6-numbering_scheme,PASS,,"numbering_scheme='arabic'. The printed folios are arabic numbers (for example 168 on physical p180), so this is correct.",
Philips-MP20-MP90-Manual,sec_0339,199,5.6-offset_applied,PASS,,"offset_applied=0 and page_start matches the physical page where the heading is rendered. The printed folio differs from the physical number, but the tree uses physical pages.",
Philips-MP20-MP90-Manual,sec_0339,199,5.5-filters_discarding,PASS,,"Sampled p199 has three photos under 'Setting up the Pressure Measurement'. They belong to sec_0341, not to sec_0339. None of them is lost: img_0110 and img_0109 hold them.","verify_claims flags two rasters (X1 and X2 MMS) as not in images_v1.json. They are inside the img_0110 vector crop (X1 and X2 photos with labels), so they are not lost."
Philips-MP20-MP90-Manual,sec_0339,199,5.5-filters_passing_noise,PASS,,"No image of this section is a rule, divider or logo. Running headers and folios appear only as small text nodes.",
Philips-MP20-MP90-Manual,sec_0339,199,5.5-image_section_mapping,PASS,,"Sampled p199 has three photos under 'Setting up the Pressure Measurement'. They are mapped to sec_0341 (img_0109, img_0110), which is correct. sec_0339 has no figure.",
Philips-MP20-MP90-Manual,sec_0363,208,5.4-hierarchy_level,PASS,,"On p207 'Calculating Pulse Pressure Variation' is a large section heading, same size as 'Calculating Cerebral Perfusion'. hierarchy_level=2 matches.",
Philips-MP20-MP90-Manual,sec_0363,208,5.4-parent_child,PASS,,Parent sec_0340 is 'Monitoring Invasive Pressure'. It is a sibling of sec_0362 and sec_0364. No children.,
Philips-MP20-MP90-Manual,sec_0363,208,5.4-page_start_end,PASS,,"page_start=207, page_end=208. P207 has the heading, the Note and the PPV paragraph (3687-3689). P208 has the WARNING bullets, the PPV source steps and the CAUTION (3693-3704) above 'Measuring Pulmonary Artery Wedge Pressure', which is sec_0364. Both pages are correct.",
Philips-MP20-MP90-Manual,sec_0363,208,5.4-hierarchy_path,PASS,,Path '/Monitoring Invasive Pressure/Calculating Pulse Pressure Variation' is correct.,
Philips-MP20-MP90-Manual,sec_0363,208,5.4-gaps_duplicates,PASS,,"All three WARNING bullet groups, steps 1-2 and the CAUTION are present once. No node belongs to a neighbour.",
Philips-MP20-MP90-Manual,sec_0363,208,5.4-flagged_for_review,PASS,,"sec_0363 has flagged_for_review=false and verification_score=100. The heading is visible on the rendered page, so no flag is needed.",
Philips-MP20-MP90-Manual,sec_0363,208,5.4-structural_source,PASS,,structural_source='toc'. The heading text for sec_0363 is visible on the physical page and agrees with the bookmark title.,
Philips-MP20-MP90-Manual,sec_0363,208,5.6-numbering_scheme,PASS,,"numbering_scheme='arabic'. The printed folios are arabic numbers (for example 168 on physical p180), so this is correct.",
Philips-MP20-MP90-Manual,sec_0363,208,5.6-offset_applied,PASS,,"offset_applied=0 and page_start matches the physical page where the heading is rendered. The printed folio differs from the physical number, but the tree uses physical pages.",
Philips-MP20-MP90-Manual,sec_0363,208,5.5-filters_discarding,PASS,,"p208 has no figure. Only text, a WARNING box and a CAUTION box.",
Philips-MP20-MP90-Manual,sec_0363,208,5.5-filters_passing_noise,PASS,,"No image of this section is a rule, divider or logo. Running headers and folios appear only as small text nodes.",
Philips-MP20-MP90-Manual,sec_0363,208,5.5-image_section_mapping,PASS,,"No figure is assigned to this section on the sampled page, and none is missing there.",
Philips-MP20-MP90-Manual,sec_0366,210,5.4-hierarchy_level,PASS,,"The heading 'Identifying the Pressure Analog Output Connector' is drawn in the style of a level-2 heading (large bold heading at the same size as its siblings). hierarchy_level is 2, which matches.",
Philips-MP20-MP90-Manual,sec_0366,210,5.4-parent_child,PASS,,parent_section_id is sec_0340 (Monitoring Invasive Pressure) and the section has no children. This matches the heading nesting seen in the PDF pages 210-210.,
Philips-MP20-MP90-Manual,sec_0366,210,5.4-page_start_end,PASS,,"p210 shows heading 'Identifying the Pressure Analog Output Connector' (#/texts/3742), the callout 'analog output (module M1006B, option C01 only)' (#/texts/3743, #/texts/3744) and folio '198' (#/texts/3745). The chapter number '13' is no longer in this section; it is in sec_0367 on p211. page_start and page_end are both 210.","Old problem (BUG-022, v2): now fixed. The two trailing '13' nodes are gone from sec_0366."
Philips-MP20-MP90-Manual,sec_0366,210,5.4-hierarchy_path,PASS,,"hierarchy_path is '/Monitoring Invasive Pressure/Identifying the Pressure Analog Output Connector'. Each level is a real heading in the PDF, in the right order, and the running header on p210 names the same chapter.",
Philips-MP20-MP90-Manual,sec_0366,210,5.4-gaps_duplicates,PASS,,"4 nodes, all on p210, in order: heading, two callout lines, folio. The paragraph 'If the PAWP ...' above the heading is in sec_0365. Nothing from p211 is here and nothing is duplicated.",
Philips-MP20-MP90-Manual,sec_0366,210,5.4-flagged_for_review,PASS,,"flagged_for_review is false and verification_score is 100. The heading 'Identifying the Pressure Analog Output Connector' is visible where the section starts, so the flag state is right.",
Philips-MP20-MP90-Manual,sec_0366,210,5.4-structural_source,PASS,,"structural_source is 'toc'. The title 'Identifying the Pressure Analog Output Connector' matches a real heading in the PDF (pages 210-210), so the bookmark source is supported.",
Philips-MP20-MP90-Manual,sec_0366,210,5.6-numbering_scheme,PASS,,"The physical page p210 shows the printed folio 198 in arabic digits. numbering_scheme is 'arabic', which matches.",
Philips-MP20-MP90-Manual,sec_0366,210,5.6-offset_applied,PASS,,"offset_applied is 0 and the heading of this section is on the physical page given by page_start (210). The printed folio on p210 is 198, which is the usual front-matter shift of 12 pages, so the mapping is right.",
Philips-MP20-MP90-Manual,sec_0366,210,5.5-filters_discarding,PASS,,"The pressure module drawing under the heading is present as img_0113 (187x384 px, raster). The saved PNG shows the full module front: PRESS label, round connector, keys and the lid. The callout text and arrow are not cut off in the page render, and the text is in nodes #/texts/3743 and #/texts/3744.","Old problem (BUG-020, v2): now fixed. The small figure is no longer dropped by the 2% area filter."
Philips-MP20-MP90-Manual,sec_0366,210,5.5-filters_passing_noise,PASS,,"img_0113 is the real figure of this section, not a logo or rule. No header bar or orange rule was kept as an image.",
Philips-MP20-MP90-Manual,sec_0366,210,5.5-image_section_mapping,PASS,,img_0113 is on p210 under the heading of sec_0366 and is mapped to sec_0366. This is the right and deepest section.,
Philips-MP20-MP90-Manual,sec_0375,215,5.4-hierarchy_level,PASS,,"The heading 'Measuring Pulse Pressure Variation' is drawn in the style of a level-3 heading (smaller bold heading below a level-2 heading). hierarchy_level is 3, which matches.",
Philips-MP20-MP90-Manual,sec_0375,215,5.4-parent_child,PASS,,parent_section_id is sec_0372 (Measuring C. O. Using the PiCCO Method) and the section has no children. This matches the heading nesting seen in the PDF pages 215-215.,
Philips-MP20-MP90-Manual,sec_0375,215,5.4-page_start_end,PASS,,"The heading 'Measuring Pulse Pressure Variation' (#/texts/3859) is at the top of p215. The note, the PPV paragraphs and the WARNING bullets follow, and the section ends with folio '203' (#/texts/3870). The first two nodes (#/texts/3857, #/texts/3858) are the page's running header, which is normal. The next heading, 'Setting Up the PiCCO C.O. Measurement', starts sec_0376 on p216.",
Philips-MP20-MP90-Manual,sec_0375,215,5.4-hierarchy_path,PASS,,"hierarchy_path is '/Monitoring Cardiac Output/Measuring C. O. Using the PiCCO Method/Measuring Pulse Pressure Variation'. Each level is a real heading in the PDF, in the right order, and the running header on p215 names the same chapter.",
Philips-MP20-MP90-Manual,sec_0375,215,5.4-gaps_duplicates,PASS,,"14 nodes cover all of p215: heading, note, 2 paragraphs, the WARNING bullets and sub-bullets, and the folio. The WARNING label (#/texts/3869) is read after the bullets, but it stays in this section. No node is missing or duplicated.",
Philips-MP20-MP90-Manual,sec_0375,215,5.4-flagged_for_review,PASS,,"flagged_for_review is false and verification_score is 100. The heading 'Measuring Pulse Pressure Variation' is visible where the section starts, so the flag state is right.",
Philips-MP20-MP90-Manual,sec_0375,215,5.4-structural_source,PASS,,"structural_source is 'toc'. The title 'Measuring Pulse Pressure Variation' matches a real heading in the PDF (pages 215-215), so the bookmark source is supported.",
Philips-MP20-MP90-Manual,sec_0375,215,5.6-numbering_scheme,PASS,,"The physical page p215 shows the printed folio 203 in arabic digits. numbering_scheme is 'arabic', which matches.",
Philips-MP20-MP90-Manual,sec_0375,215,5.6-offset_applied,PASS,,"offset_applied is 0 and the heading of this section is on the physical page given by page_start (215). The printed folio on p215 is 203, which is the usual front-matter shift of 12 pages, so the mapping is right.",
Philips-MP20-MP90-Manual,sec_0375,215,5.5-filters_discarding,PASS,,"p215 has only text and orange rules. There is no diagram or screenshot, and none was extracted.",
Philips-MP20-MP90-Manual,sec_0375,215,5.5-filters_passing_noise,PASS,,No image is mapped to sec_0375. The orange rules around the WARNING box and the blue header bar were not kept as images.,
Philips-MP20-MP90-Manual,sec_0375,215,5.5-image_section_mapping,PASS,,No image is on p215 and none is mapped to sec_0375.,
Philips-MP20-MP90-Manual,sec_0392,222,5.4-hierarchy_level,PASS,,"The heading 'C.O./CCO Curve Alert Messages' is drawn in the style of a level-2 heading (large bold heading at the same size as its siblings). hierarchy_level is 2, which matches.",
Philips-MP20-MP90-Manual,sec_0392,222,5.4-parent_child,PASS,,parent_section_id is sec_0367 (Monitoring Cardiac Output) and the section has no children. This matches the heading nesting seen in the PDF pages 222-223.,
Philips-MP20-MP90-Manual,sec_0392,222,5.4-page_start_end,PASS,,"On p222 the section has its page header (#/texts/4019, #/texts/4020), the heading (#/texts/4021), the intro paragraph (#/texts/4022), the folio (#/texts/4023) and table #/tables/81. The table continues on p223 (#/tables/82) and the paragraph 'If you have followed all of these guidelines' (#/texts/4026) ends the section. The heading 'C.O./CCO Prompt Messages' on p223 starts sec_0393.",
Philips-MP20-MP90-Manual,sec_0392,222,5.4-hierarchy_path,PASS,,"hierarchy_path is '/Monitoring Cardiac Output/C.O./CCO Curve Alert Messages'. Each level is a real heading in the PDF, in the right order, and the running header on p222 names the same chapter.",
Philips-MP20-MP90-Manual,sec_0392,222,5.4-gaps_duplicates,PASS,,"Table #/tables/81 (p222) and #/tables/82 (p223) split the table across the page break. #/tables/82 repeats the header row and starts with 'Check Injectate Temperature Probe Type', exactly as on the render. No row is lost or repeated between them. The Prompt Messages table is in sec_0393, not here.",
Philips-MP20-MP90-Manual,sec_0392,222,5.4-flagged_for_review,PASS,,"flagged_for_review is false and verification_score is 100. The heading 'C.O./CCO Curve Alert Messages' is visible where the section starts, so the flag state is right.",
Philips-MP20-MP90-Manual,sec_0392,222,5.4-structural_source,PASS,,"structural_source is 'toc'. The title 'C.O./CCO Curve Alert Messages' matches a real heading in the PDF (pages 222-223), so the bookmark source is supported.",
Philips-MP20-MP90-Manual,sec_0392,222,5.6-numbering_scheme,PASS,,"The physical page p222 shows the printed folio 210 in arabic digits. numbering_scheme is 'arabic', which matches.",
Philips-MP20-MP90-Manual,sec_0392,222,5.6-offset_applied,PASS,,"offset_applied is 0 and the heading of this section is on the physical page given by page_start (222). The printed folio on p222 is 210, which is the usual front-matter shift of 12 pages, so the mapping is right.",
Philips-MP20-MP90-Manual,sec_0392,222,5.6-table_content,FAIL,Medium,"In #/tables/81 (p222) the 'Noisy baseline' cell ends with '- Do not rinse the catheter during measurement, to avoid'. The render shows the last words 'temperature fluctuations.' and they are missing. The other rows (Tinj off scale, Temperature baseline drift, Small signal, Injectate temperature too high, High ETVI, Disturbed injection) match the render. The bullet lines of the cell are joined with ' - ' in one line, but their order and values are kept.","Old problem (BUG-008, v2.13): still present. The words 'temperature fluctuations.' are lost and are nowhere else in the section. Probably a text cut at the end of a long cell. Medium because text is lost, not only merged. A reviewer can lower it to Low."
Philips-MP20-MP90-Manual,sec_0392,222,5.5-filters_discarding,PASS,,"p222 has only text and tables. There is no diagram or screenshot, and none was extracted.",
Philips-MP20-MP90-Manual,sec_0392,222,5.5-filters_passing_noise,PASS,,No image is mapped to sec_0392. The blue table header rows and header bar on p222 were not kept as images.,
Philips-MP20-MP90-Manual,sec_0392,222,5.5-image_section_mapping,PASS,,No image is on p222 for this section and none is mapped to it.,
Philips-MP20-MP90-Manual,sec_0392,223,5.4-hierarchy_level,PASS,,"The heading 'C.O./CCO Curve Alert Messages' is drawn in the style of a level-2 heading (large bold heading at the same size as its siblings). hierarchy_level is 2, which matches.",
Philips-MP20-MP90-Manual,sec_0392,223,5.4-parent_child,PASS,,parent_section_id is sec_0367 (Monitoring Cardiac Output) and the section has no children. This matches the heading nesting seen in the PDF pages 222-223.,
Philips-MP20-MP90-Manual,sec_0392,223,5.4-page_start_end,PASS,,"On p223 the section owns the continued table #/tables/82 and the paragraph 'If you have followed all of these guidelines' (#/texts/4026), above the heading 'C.O./CCO Prompt Messages'. The two header nodes #/texts/4024 and #/texts/4025 are the header of this page. The prompt-messages table and heading belong to sec_0393.",
Philips-MP20-MP90-Manual,sec_0392,223,5.4-hierarchy_path,PASS,,"hierarchy_path is '/Monitoring Cardiac Output/C.O./CCO Curve Alert Messages'. Each level is a real heading in the PDF, in the right order, and the running header on p223 names the same chapter.",
Philips-MP20-MP90-Manual,sec_0392,223,5.4-gaps_duplicates,PASS,,"Table #/tables/81 (p222) and #/tables/82 (p223) split the table across the page break. #/tables/82 repeats the header row and starts with 'Check Injectate Temperature Probe Type', exactly as on the render. No row is lost or repeated between them. The Prompt Messages table is in sec_0393, not here.",
Philips-MP20-MP90-Manual,sec_0392,223,5.4-flagged_for_review,PASS,,"flagged_for_review is false and verification_score is 100. The heading 'C.O./CCO Curve Alert Messages' is visible where the section starts, so the flag state is right.",
Philips-MP20-MP90-Manual,sec_0392,223,5.4-structural_source,PASS,,"structural_source is 'toc'. The title 'C.O./CCO Curve Alert Messages' matches a real heading in the PDF (pages 222-223), so the bookmark source is supported.",
Philips-MP20-MP90-Manual,sec_0392,223,5.6-numbering_scheme,PASS,,"The physical page p223 shows the printed folio 211 in arabic digits. numbering_scheme is 'arabic', which matches.",
Philips-MP20-MP90-Manual,sec_0392,223,5.6-offset_applied,PASS,,"offset_applied is 0 and the heading of this section is on the physical page given by page_start (222). The printed folio on p223 is 211, which is the usual front-matter shift of 12 pages, so the mapping is right.",
Philips-MP20-MP90-Manual,sec_0392,223,5.6-table_content,PASS,,"#/tables/82 has the header row and 8 rows from 'Check Injectate Temperature Probe Type' to 'Delayed injection'. Each message is next to its text, including 'Start C.O. is selected'. The render has the same rows and the same text, and no cell is cut.",
Philips-MP20-MP90-Manual,sec_0392,223,5.5-filters_discarding,PASS,,"p223 has only text and tables. There is no diagram or screenshot, and none was extracted.",
Philips-MP20-MP90-Manual,sec_0392,223,5.5-filters_passing_noise,PASS,,No image is mapped to sec_0392. The blue table header rows and header bar on p223 were not kept as images.,
Philips-MP20-MP90-Manual,sec_0392,223,5.5-image_section_mapping,PASS,,No image is on p223 for this section and none is mapped to it.,
Philips-MP20-MP90-Manual,sec_0395,225,5.4-hierarchy_level,PASS,,"The heading 'C.O./CCO Safety Information' is drawn in the style of a level-2 heading (large bold heading at the same size as its siblings). hierarchy_level is 2, which matches.",
Philips-MP20-MP90-Manual,sec_0395,225,5.4-parent_child,PASS,,parent_section_id is sec_0367 (Monitoring Cardiac Output) and the section has no children. This matches the heading nesting seen in the PDF pages 224-226.,
Philips-MP20-MP90-Manual,sec_0395,225,5.4-page_start_end,PASS,,"p225 holds the page header (#/texts/4043, #/texts/4044), the CAUTION box (#/texts/4045, #/texts/4046) and folio '213' (#/texts/4047). The CAUTION text is part of the Safety Information, which starts on p224 (#/texts/4034). The section has no content from another heading on p225.",
Philips-MP20-MP90-Manual,sec_0395,225,5.4-hierarchy_path,PASS,,"hierarchy_path is '/Monitoring Cardiac Output/C.O./CCO Safety Information'. Each level is a real heading in the PDF, in the right order, and the running header on p225 names the same chapter.",
Philips-MP20-MP90-Manual,sec_0395,225,5.4-gaps_duplicates,PASS,,"17 nodes run from the heading (#/texts/4034, p224) to the folio on p226 (#/texts/4050), in order. The previous section sec_0394 ends with the Warning Messages table on p224. The next section sec_0396 starts on p227. No gap and no duplicate. The p225 CAUTION label is typed as 'heading' but it is only a label.",
Philips-MP20-MP90-Manual,sec_0395,225,5.4-flagged_for_review,PASS,,"flagged_for_review is false and verification_score is 100. The heading 'C.O./CCO Safety Information' is visible where the section starts, so the flag state is right.",
Philips-MP20-MP90-Manual,sec_0395,225,5.4-structural_source,PASS,,"structural_source is 'toc'. The title 'C.O./CCO Safety Information' matches a real heading in the PDF (pages 224-226), so the bookmark source is supported.",
Philips-MP20-MP90-Manual,sec_0395,225,5.6-numbering_scheme,PASS,,"The physical page p225 shows the printed folio 213 in arabic digits. numbering_scheme is 'arabic', which matches.",
Philips-MP20-MP90-Manual,sec_0395,225,5.6-offset_applied,PASS,,"offset_applied is 0 and the heading of this section is on the physical page given by page_start (224). The printed folio on p225 is 213, which is the usual front-matter shift of 12 pages, so the mapping is right.",
Philips-MP20-MP90-Manual,sec_0395,225,5.5-filters_discarding,PASS,,"p225 has a CAUTION box with text only. No diagram or screenshot is on the page, and none was extracted.",
Philips-MP20-MP90-Manual,sec_0395,225,5.5-filters_passing_noise,PASS,,No image is mapped to sec_0395. The yellow rules and blue header bar on p225 were not kept as images.,
Philips-MP20-MP90-Manual,sec_0395,225,5.5-image_section_mapping,PASS,,No image is on p225 and none is mapped to sec_0395.,
Philips-MP20-MP90-Manual,sec_0397,228,5.4-hierarchy_level,PASS,,"The heading 'Measuring CO2 using M3014A or X2' is drawn in the style of a level-2 heading (large bold heading at the same size as its siblings). hierarchy_level is 2, which matches.",
Philips-MP20-MP90-Manual,sec_0397,228,5.4-parent_child,PASS,,"parent_section_id is sec_0396 (Monitoring Carbon Dioxide) and the section has 2 children (sec_0398, sec_0399). This matches the heading nesting seen in the PDF pages 228-231.",
Philips-MP20-MP90-Manual,sec_0397,228,5.4-page_start_end,PASS,,"On p228 the heading 'Measuring CO2 using M3014A or X2' (#/texts/4081) is at the middle of the page. The section owns the text below it, the WARNING (#/texts/4072, #/texts/4084, #/texts/4085), the CAUTION (#/texts/4073, #/texts/4086) and folio '216' (#/texts/4087). The text above the heading (Max Hold, Correlation WARNING) is in sec_0396, which is correct. The first child sec_0398 starts on p229.",
Philips-MP20-MP90-Manual,sec_0397,228,5.4-hierarchy_path,PASS,,"hierarchy_path is '/Monitoring Carbon Dioxide/Measuring CO2 using M3014A or X2'. Each level is a real heading in the PDF, in the right order, and the running header on p228 names the same chapter.",
Philips-MP20-MP90-Manual,sec_0397,228,5.4-gaps_duplicates,PASS,,"9 nodes, all on p228, from the heading to the folio. The paragraphs above the heading ('Depending on the Max Hold setting', 'Refer to your Gas Module') are in sec_0396, as the render shows them before the heading. No node is duplicated in the neighbour.",
Philips-MP20-MP90-Manual,sec_0397,228,5.4-flagged_for_review,PASS,,"flagged_for_review is false and verification_score is 100. The heading 'Measuring CO2 using M3014A or X2' is visible where the section starts, so the flag state is right.",
Philips-MP20-MP90-Manual,sec_0397,228,5.4-structural_source,PASS,,"structural_source is 'toc'. The title 'Measuring CO2 using M3014A or X2' matches a real heading in the PDF (pages 228-231), so the bookmark source is supported.",
Philips-MP20-MP90-Manual,sec_0397,228,5.6-numbering_scheme,PASS,,"The physical page p228 shows the printed folio 216 in arabic digits. numbering_scheme is 'arabic', which matches.",
Philips-MP20-MP90-Manual,sec_0397,228,5.6-offset_applied,PASS,,"offset_applied is 0 and the heading of this section is on the physical page given by page_start (228). The printed folio on p228 is 216, which is the usual front-matter shift of 12 pages, so the mapping is right.",
Philips-MP20-MP90-Manual,sec_0397,228,5.5-filters_discarding,PASS,,"p228 has only text, WARNING and CAUTION boxes. No diagram or screenshot is on the page, and none was extracted.",
Philips-MP20-MP90-Manual,sec_0397,228,5.5-filters_passing_noise,PASS,,No image is mapped to sec_0397. The orange and yellow box rules were not kept as images.,
Philips-MP20-MP90-Manual,sec_0397,228,5.5-image_section_mapping,PASS,,"No image is on p228 and none is mapped to sec_0397. The image img_0124 on p231 is mapped to sec_0400, where its steps are.",
Philips-MP20-MP90-Manual,sec_0406,233,5.4-hierarchy_level,PASS,,"The heading 'Attaching and Removing the CO2 Transducer' is drawn in the style of a level-3 heading (smaller bold heading below a level-2 heading). hierarchy_level is 3, which matches.",
Philips-MP20-MP90-Manual,sec_0406,233,5.4-parent_child,PASS,,parent_section_id is sec_0402 (Measuring Mainstream CO2 using M3016A) and the section has no children. This matches the heading nesting seen in the PDF pages 232-233.,
Philips-MP20-MP90-Manual,sec_0406,233,5.4-page_start_end,PASS,,"The heading 'Attaching and Removing the CO2 Transducer' (#/texts/4160) is on p232. On p233 the section has the page header (#/texts/4167, #/texts/4168), step 2 'To remove the transducer ...' (#/texts/4169) and the WARNING (#/texts/4170), then ends. The heading 'Measuring Microstream CO2 using M3015A' on p233 starts sec_0407.",
Philips-MP20-MP90-Manual,sec_0406,233,5.4-hierarchy_path,PASS,,"hierarchy_path is '/Monitoring Carbon Dioxide/Measuring Mainstream CO2 using M3016A/Attaching and Removing the CO2 Transducer'. Each level is a real heading in the PDF, in the right order, and the running header on p233 names the same chapter.",
Philips-MP20-MP90-Manual,sec_0406,233,5.4-gaps_duplicates,PASS,,"11 nodes from the p232 heading to the p233 WARNING. Step 1 is on p232 and step 2 is on p233 with no gap. The label nodes 'Airway Adapter', 'CO', '2', 'Transducer' (#/texts/4162 to #/texts/4165) are the figure labels. Nothing is duplicated in sec_0407.",
Philips-MP20-MP90-Manual,sec_0406,233,5.4-flagged_for_review,PASS,,"flagged_for_review is false and verification_score is 100. The heading 'Attaching and Removing the CO2 Transducer' is visible where the section starts, so the flag state is right.",
Philips-MP20-MP90-Manual,sec_0406,233,5.4-structural_source,PASS,,"structural_source is 'toc'. The title 'Attaching and Removing the CO2 Transducer' matches a real heading in the PDF (pages 232-233), so the bookmark source is supported.",
Philips-MP20-MP90-Manual,sec_0406,233,5.6-numbering_scheme,PASS,,"The physical page p233 shows the printed folio 221 in arabic digits. numbering_scheme is 'arabic', which matches.",
Philips-MP20-MP90-Manual,sec_0406,233,5.6-offset_applied,PASS,,"offset_applied is 0 and the heading of this section is on the physical page given by page_start (232). The printed folio on p233 is 221, which is the usual front-matter shift of 12 pages, so the mapping is right.",
Philips-MP20-MP90-Manual,sec_0406,233,5.5-filters_discarding,PASS,,p233 has one photo (airway adapter with tubes) at the top. It is extracted as img_0126 (213x202 px) and the PNG shows the whole photo. The p232 figure with labels is extracted as img_0125 (vector crop). Both are present.,
Philips-MP20-MP90-Manual,sec_0406,233,5.5-filters_passing_noise,PASS,,"img_0125 and img_0126 are real figures of this section. The crop of img_0125 holds only the figure labels 'Airway Adapter' and 'CO2 Transducer', which are part of the figure. No rule or logo was kept.",
Philips-MP20-MP90-Manual,sec_0406,233,5.5-image_section_mapping,PASS,,"img_0126 on p233 and img_0125 on p232 are both mapped to sec_0406. They sit below the heading 'Attaching and Removing the CO2 Transducer' and above the next heading, so this is the right section.",
Philips-MP20-MP90-Manual,sec_0420,237,5.4-hierarchy_level,PASS,,On p236 the heading 'Changing awRR Alarm Limits' (#/texts/4240) sits under the running header 'Setting up all CO2 Measurements'. This matches level 3 under level-2 sec_0413.,"The heading is printed in the same large font as its siblings, so the level comes from the bookmark and the header."
Philips-MP20-MP90-Manual,sec_0420,237,5.4-parent_child,PASS,,sec_0420 has parent sec_0413 'Setting up all CO2 Measurements'. On p236 it is the last of the sibling headings after 'Deriving Alarms From awRR' (sec_0419). It has no children and none are needed.,
Philips-MP20-MP90-Manual,sec_0420,237,5.4-page_start_end,PASS,,"sec_0420 spans p236 only. Its nodes #/texts/4240 to 4244 are the heading, steps 1 to 3 and the footer folio '224'. Sampled p237 is the chapter-15 opening and belongs to sec_0421; no p237 node is in sec_0420.",
Philips-MP20-MP90-Manual,sec_0420,237,5.4-hierarchy_path,PASS,,hierarchy_path is /Monitoring Carbon Dioxide/Setting up all CO2 Measurements/Changing awRR Alarm Limits. This matches the chapter 14 header on p236 and the order of the headings.,
Philips-MP20-MP90-Manual,sec_0420,237,5.4-gaps_duplicates,PASS,,"The three steps on p236 (select awRR, High/Low Limit, appropriate setting) each appear once, in sec_0420. The section before it, sec_0419, ends at its own step 3. Nothing is missing or repeated.",
Philips-MP20-MP90-Manual,sec_0420,237,5.4-flagged_for_review,PASS,,"flagged_for_review is false with verification_score 100. The heading text is found on p236, so the flag state is correct.",
Philips-MP20-MP90-Manual,sec_0420,237,5.4-structural_source,PASS,,"structural_source is 'toc'. The title and page 236 match the rendered page, so the bookmark source is supported.",
Philips-MP20-MP90-Manual,sec_0420,237,5.6-numbering_scheme,PASS,,"numbering_scheme is 'arabic'. The printed folio on p236 is '224', an arabic number.",
Philips-MP20-MP90-Manual,sec_0420,237,5.6-offset_applied,PASS,,"offset_applied is 0. The section content is on physical p236 as the bookmark says. The printed folio 224 differs from the physical page, which is normal for this manual.",
Philips-MP20-MP90-Manual,sec_0420,237,5.5-filters_discarding,PASS,,"p236 has no figure, icon or screenshot. Only text is printed, so nothing could be discarded.",
Philips-MP20-MP90-Manual,sec_0420,237,5.5-filters_passing_noise,PASS,,No image is mapped to sec_0420 and none is visible on p236. No decorative image was kept.,
Philips-MP20-MP90-Manual,sec_0420,237,5.5-image_section_mapping,PASS,,No image on p236 and none mapped to sec_0420 in images.json. Both agree.,
Philips-MP20-MP90-Manual,sec_0439,245,5.4-hierarchy_level,PASS,,On p244 'Changing the Temperature of the Inspired Gas' sits under the running header 'Setting up Spirometry'. This matches level 3 under level-2 sec_0429.,"The heading is printed in the same large font as level-2 headings in other places, so the level comes from the bookmark and the header."
Philips-MP20-MP90-Manual,sec_0439,245,5.4-parent_child,PASS,,Parent is sec_0429 'Setting up Spirometry' (p242 to p244). The page header on p244 shows the same title. sec_0439 has no children.,
Philips-MP20-MP90-Manual,sec_0439,245,5.4-page_start_end,PASS,,"sec_0439 spans p244. Its nodes #/texts/4388 to 4394 are the heading, intro, steps 1 to 3, the NOTE and folio '232'. The step '3 Select the appropriate setting.' at the top of p244 belongs to the earlier section sec_0438. Sampled p245 is the chapter-16 opening and belongs to sec_0440 and sec_0441.",
Philips-MP20-MP90-Manual,sec_0439,245,5.4-hierarchy_path,PASS,,"hierarchy_path is /Monitoring Airway Flow, Volume and Pressure/Setting up Spirometry/Changing the Temperature of the Inspired Gas. It matches the p244 header.",
Philips-MP20-MP90-Manual,sec_0439,245,5.4-gaps_duplicates,PASS,,"The intro, the 3 steps and the NOTE on p244 each appear once in sec_0439. The page is empty below the NOTE, so nothing is lost.",
Philips-MP20-MP90-Manual,sec_0439,245,5.4-flagged_for_review,PASS,,"flagged_for_review is false and verification_score is 100. The heading is on p244, so the flag is right.",
Philips-MP20-MP90-Manual,sec_0439,245,5.4-structural_source,PASS,,structural_source is 'toc'. The title and page match the rendered p244.,
Philips-MP20-MP90-Manual,sec_0439,245,5.6-numbering_scheme,PASS,,numbering_scheme is 'arabic'. The folio on p244 is '232'.,
Philips-MP20-MP90-Manual,sec_0439,245,5.6-offset_applied,PASS,,offset_applied is 0. The heading is on physical p244 as the bookmark says.,
Philips-MP20-MP90-Manual,sec_0439,245,5.5-filters_discarding,PASS,,"p244 has only text and a NOTE. There is no figure or icon to discard. p245 shows a module picture, but it belongs to sec_0441.",
Philips-MP20-MP90-Manual,sec_0439,245,5.5-filters_passing_noise,PASS,,No image is mapped to sec_0439 and none is visible on p244.,
Philips-MP20-MP90-Manual,sec_0439,245,5.5-image_section_mapping,PASS,,"No image on p244 and none mapped to sec_0439. The picture on p245 is mapped to sec_0441, which is correct.",
Philips-MP20-MP90-Manual,sec_0444,246,5.4-hierarchy_level,PASS,,On p246 'Setting the tcGas Site Timer' is printed in a smaller font than the level-2 heading 'Using the tcGas Site Timer' above it. Level 3 is right.,
Philips-MP20-MP90-Manual,sec_0444,246,5.4-parent_child,PASS,,Parent is sec_0443 'Using the tcGas Site Timer' (p246 to p247). The smaller heading is under the larger one with its WARNING box. sec_0444 has no children.,
Philips-MP20-MP90-Manual,sec_0444,246,5.4-page_start_end,PASS,,"sec_0444 spans p246. Its nodes #/texts/4427 to 4433 are the heading, intro, steps 1 and 2, two body paragraphs and folio '234'. The WARNING box above the heading belongs to sec_0443. The next heading, sec_0445, starts on p247.",
Philips-MP20-MP90-Manual,sec_0444,246,5.4-hierarchy_path,PASS,,hierarchy_path is /Monitoring tcGas/Using the tcGas Site Timer/Setting the tcGas Site Timer. This matches the heading order on p246.,
Philips-MP20-MP90-Manual,sec_0444,246,5.4-gaps_duplicates,PASS,,"All 7 text blocks below the heading on p246 appear once in sec_0444. The WARNING box is in sec_0443, not repeated here.",
Philips-MP20-MP90-Manual,sec_0444,246,5.4-flagged_for_review,PASS,,"flagged_for_review is false and verification_score is 100. The heading is on p246, so the flag is right.",
Philips-MP20-MP90-Manual,sec_0444,246,5.4-structural_source,PASS,,structural_source is 'toc'. The title and p246 match the rendered page.,
Philips-MP20-MP90-Manual,sec_0444,246,5.6-numbering_scheme,PASS,,numbering_scheme is 'arabic'. The folio on p246 is '234'.,
Philips-MP20-MP90-Manual,sec_0444,246,5.6-offset_applied,PASS,,offset_applied is 0. The heading is on physical p246 as the bookmark says.,
Philips-MP20-MP90-Manual,sec_0444,246,5.5-filters_discarding,PASS,,p246 has only text and a WARNING box. There is no figure or icon to discard.,
Philips-MP20-MP90-Manual,sec_0444,246,5.5-filters_passing_noise,PASS,,No image is mapped to sec_0444 and none is visible on p246.,
Philips-MP20-MP90-Manual,sec_0444,246,5.5-image_section_mapping,PASS,,No image on p246 and none in images.json for sec_0444. Both agree.,
Philips-MP20-MP90-Manual,sec_0452,248,5.4-hierarchy_level,PASS,,On p248 'Calibration Failure' is a small bold heading below the step list. This matches level 3 under level-2 'Calibrating the tcGas Transducer'.,
Philips-MP20-MP90-Manual,sec_0452,248,5.4-parent_child,PASS,,Parent is sec_0451 'Calibrating the tcGas Transducer' (p247 to p249). The p248 header shows the same title. sec_0452 has no children.,
Philips-MP20-MP90-Manual,sec_0452,248,5.4-page_start_end,PASS,,"sec_0452 spans p248. Its nodes are the heading, the paragraph 'If calibration fails...' and folio '236' (#/texts/4469 to 4471). The steps and figures above the heading are in sec_0451. Next section sec_0453 starts on p249 and has no calibration-failure text.",
Philips-MP20-MP90-Manual,sec_0452,248,5.4-hierarchy_path,PASS,,hierarchy_path is /Monitoring tcGas/Calibrating the tcGas Transducer/Calibration Failure. It matches the p248 header and heading order.,
Philips-MP20-MP90-Manual,sec_0452,248,5.4-gaps_duplicates,PASS,,The one paragraph under 'Calibration Failure' on p248 is in sec_0452 once. The step list 1 to 4 is in sec_0451 once.,
Philips-MP20-MP90-Manual,sec_0452,248,5.4-flagged_for_review,PASS,,"flagged_for_review is false and verification_score is 100. The heading is on p248, so the flag is right.",
Philips-MP20-MP90-Manual,sec_0452,248,5.4-structural_source,PASS,,structural_source is 'toc'. The title and p248 match the rendered page.,
Philips-MP20-MP90-Manual,sec_0452,248,5.6-numbering_scheme,PASS,,numbering_scheme is 'arabic'. The folio on p248 is '236'.,
Philips-MP20-MP90-Manual,sec_0452,248,5.6-offset_applied,PASS,,offset_applied is 0. The heading is on physical p248 as the bookmark says.,
Philips-MP20-MP90-Manual,sec_0452,248,5.5-filters_discarding,PASS,,"p248 has three calibration figures (the unit with tubing, two module views, the unit with a hand). images.json has four crops, img_0134 to img_0137, so none is lost.",The module-view figure is probably split in two crops.
Philips-MP20-MP90-Manual,sec_0452,248,5.5-filters_passing_noise,PASS,,"The crops img_0134 to img_0137 are all calibration drawings. No logo, rule or decoration is kept.",
Philips-MP20-MP90-Manual,sec_0452,248,5.5-image_section_mapping,PASS,,"All four images on p248 are mapped to sec_0451. They are printed above the 'Calibration Failure' heading and next to steps 1 to 4, so sec_0451 is right. None is wrongly in sec_0452.",
Philips-MP20-MP90-Manual,sec_0464,255,5.4-hierarchy_level,PASS,,On p255 'Carrying out a Pre-insertion Calibration' is a small bold heading below the level-2 heading 'Preparing to Monitor with the M1021A Wide Module'. Level 3 is right.,
Philips-MP20-MP90-Manual,sec_0464,255,5.4-parent_child,PASS,,Parent is sec_0463 'Preparing to Monitor with the M1021A Wide Module' (p255 to p257). The smaller heading is under the larger one. sec_0464 has no children.,
Philips-MP20-MP90-Manual,sec_0464,255,5.4-page_start_end,PASS,,"sec_0464 starts on p255 at its heading and takes the WARNING box, the paragraph and steps 1 and 2. On p256 it takes steps 3 to 5, which continue the list, plus the p256 running header. The next heading 'Inserting the Catheter' (sec_0465) starts below step 5 on p256. page_end 256 is right.","The intro and figure above the heading on p255 are in sec_0463, which is right."
Philips-MP20-MP90-Manual,sec_0464,255,5.4-hierarchy_path,PASS,,hierarchy_path is /Monitoring Intravascular Oxygen Saturation/Preparing to Monitor with the M1021A Wide Module/Carrying out a Pre-insertion Calibration. It matches the heading order on p255.,
Philips-MP20-MP90-Manual,sec_0464,255,5.4-gaps_duplicates,PASS,,"Steps 1 and 2 are on p255 and steps 3 to 5 are on p256, each once and in order. The p255 folio '243' is in the section. No step is missing.",
Philips-MP20-MP90-Manual,sec_0464,255,5.4-flagged_for_review,PASS,,"flagged_for_review is false and verification_score is 100. The heading is on p255, so the flag is right.",
Philips-MP20-MP90-Manual,sec_0464,255,5.4-structural_source,PASS,,structural_source is 'toc'. The title and p255 match the rendered page.,
Philips-MP20-MP90-Manual,sec_0464,255,5.6-numbering_scheme,PASS,,numbering_scheme is 'arabic'. The folio on p255 is '243' and on p256 it is '244'.,
Philips-MP20-MP90-Manual,sec_0464,255,5.6-offset_applied,PASS,,offset_applied is 0. The heading is on physical p255 as the bookmark says.,
Philips-MP20-MP90-Manual,sec_0464,255,5.5-filters_discarding,PASS,,"p255 has one figure, the optical module and catheter drawing. It is kept as img_0143 (862x502, vector). p256 has one screen picture, kept as img_0144. Nothing meaningful was discarded.","verify_claims says a raster of 295x210 pt on p255 is not in images_v1.json. I think this is the same drawing, kept as vector crop img_0143 (862x502), which I checked visually. So I keep PASS."
Philips-MP20-MP90-Manual,sec_0464,255,5.5-filters_passing_noise,PASS,,"img_0143 and img_0144 are real figures. No logo, rule or decoration is kept.",
Philips-MP20-MP90-Manual,sec_0464,255,5.5-image_section_mapping,PASS,,No image is mapped to sec_0464. The p255 drawing (img_0143) is above its heading and goes to sec_0463. The p256 screen picture (img_0144) is under 'Performing a Light Intensity Calibration' and goes to sec_0466. Both are right.,
Philips-MP20-MP90-Manual,sec_0481,262,5.4-hierarchy_level,PASS,,On p262 'EEG Monitoring Setup' is a large heading below chapter 18. Level 2 is right.,
Philips-MP20-MP90-Manual,sec_0481,262,5.4-parent_child,PASS,,"Parent is sec_0480 'Monitoring EEG'. The next sibling, sec_0482 'Using the EEG Impedance/Montage Window', starts lower on the same page. sec_0481 has no children.",
Philips-MP20-MP90-Manual,sec_0481,262,5.4-page_start_end,PASS,,"sec_0481 spans p262. It owns the p262 running header, the heading and steps 1 to 8 (#/texts/4684 to 4697). 'Using the EEG Impedance/Montage Window' and the figure start below step 8 and belong to sec_0482. The folio '250' is in sec_0482.","Old problem (BUG-022, v2, seen in sec_0480): now fixed. The running header is in the section that starts on p262."
Philips-MP20-MP90-Manual,sec_0481,262,5.4-hierarchy_path,PASS,,hierarchy_path is /Monitoring EEG/EEG Monitoring Setup. It matches the chapter title and the p262 heading.,
Philips-MP20-MP90-Manual,sec_0481,262,5.4-gaps_duplicates,PASS,,All 8 steps and the 3 dash sub-steps on p262 appear once in sec_0481. The text under the next heading is in sec_0482.,
Philips-MP20-MP90-Manual,sec_0481,262,5.4-flagged_for_review,PASS,,"flagged_for_review is false and verification_score is 100. The heading is on p262, so the flag is right.",
Philips-MP20-MP90-Manual,sec_0481,262,5.4-structural_source,PASS,,structural_source is 'toc'. The title and p262 match the rendered page.,
Philips-MP20-MP90-Manual,sec_0481,262,5.6-numbering_scheme,PASS,,numbering_scheme is 'arabic'. The folio on p262 is '250'.,
Philips-MP20-MP90-Manual,sec_0481,262,5.6-offset_applied,PASS,,offset_applied is 0. The heading is on physical p262 as the bookmark says.,
Philips-MP20-MP90-Manual,sec_0481,262,5.5-filters_discarding,PASS,,"p262 has one figure, the EEG Impedance/Montage window. It is kept as img_0146 (710x477, vector). The crop is whole. Nothing meaningful was discarded.","verify_claims says a raster of 341x201 pt on p262 is not in images_v1.json. I think this is the same window picture, kept as vector crop img_0146 (710x477), which I checked visually. So I keep PASS."
Philips-MP20-MP90-Manual,sec_0481,262,5.5-filters_passing_noise,PASS,,img_0146 shows only the window and its two arrow callouts. No logo or decoration is in the crop.,
Philips-MP20-MP90-Manual,sec_0481,262,5.5-image_section_mapping,PASS,,"img_0146 is mapped to sec_0482. The figure is below the heading 'Using the EEG Impedance/Montage Window', not under 'EEG Monitoring Setup', so sec_0482 is right. No image belongs to sec_0481.",
Philips-MP20-MP90-Manual,sec_0512,275,5.4-hierarchy_level,PASS,,"""BIS Safety Information"" on p275 is a large heading, like the other level 2 headings. The tree has level 2 and the bookmark agrees.",
Philips-MP20-MP90-Manual,sec_0512,275,5.4-parent_child,PASS,,"Parent is sec_0497 ""Monitoring BIS"", and the parent lists sec_0512 as its last child. Next section sec_0513 is a new chapter. It has no children.",
Philips-MP20-MP90-Manual,sec_0512,275,5.4-page_start_end,PASS,,"p275 has the full section: intro, ""Considerations for Use"", WARNING box, CAUTION box and the folio 263. p276 is a blank page with only the header bar and folio 264. page_end is 276, which is correct. No text of sec_0513 (starts p277) is inside.",
Philips-MP20-MP90-Manual,sec_0512,275,5.4-hierarchy_path,PASS,,"The path ""/Monitoring BIS/BIS Safety Information"" is correct.",
Philips-MP20-MP90-Manual,sec_0512,275,5.4-gaps_duplicates,PASS,,"All p275 paragraphs are present once. The title also appears as the running header node #/texts/4943, which is boilerplate. The WARNING and CAUTION labels (#/texts/4956, 4957) are listed after their paragraphs. This is only an order problem.",
Philips-MP20-MP90-Manual,sec_0512,275,5.4-flagged_for_review,PASS,,flagged_for_review is false and the heading is clear on p275. No flag is needed.,
Philips-MP20-MP90-Manual,sec_0512,275,5.4-structural_source,PASS,,"structural_source is ""toc"". The heading is on p275 and matches the bookmark.",
Philips-MP20-MP90-Manual,sec_0512,275,5.6-numbering_scheme,PASS,,"The numbering scheme is ""arabic"". The folios on p275 and p276 are 263 and 264.",
Philips-MP20-MP90-Manual,sec_0512,275,5.6-offset_applied,PASS,,"offset_applied is 0. The heading is on physical p275, as in the bookmark. Neighbour sections also use offset 0.",
Philips-MP20-MP90-Manual,sec_0512,275,5.6-table_content,FAIL,Low,"p275 has no real table. #/tables/96 is on p276. It holds only ""19 Monitoring BIS | BIS Safety Information"", the text of the blue header bar. The p276 render is blank apart from that bar and the folio 264. The page has no other table text.","Old problem (BUG-021, v2.13): still present. A header bar is read as a table. Cosmetic only (header row misdetected as a table), so Low."
Philips-MP20-MP90-Manual,sec_0512,275,5.5-filters_discarding,PASS,,"p275 and p276 have no figure or icon. Only text boxes (WARNING, CAUTION) and a blank page are visible. No image is listed.",
Philips-MP20-MP90-Manual,sec_0512,275,5.5-filters_passing_noise,PASS,,No image is mapped to sec_0512. The header bars were not kept as images.,
Philips-MP20-MP90-Manual,sec_0512,275,5.5-image_section_mapping,PASS,,sec_0512 has no image and the pages show no figure. Nothing needs mapping.,
Philips-MP20-MP90-Manual,sec_0527,282,5.4-hierarchy_level,PASS,,"""Synchronized Settings"" on p281 is a small bold heading. The tree has level 3 and the bookmark list agrees.",
Philips-MP20-MP90-Manual,sec_0527,282,5.4-parent_child,PASS,,"Parent is sec_0525 ""General Telemetry-related Functions"". Sibling sec_0526 is before it and sec_0528 follows. It has no children, which is right.",
Philips-MP20-MP90-Manual,sec_0527,282,5.4-page_start_end,PASS,,"The section starts at the heading on p281 and has the intro, table, footnotes, WARNING box and folio 269. On p282 it has the two paragraphs before the heading ""Use Models With Telemetry"". The p282 heading belongs to sec_0528.",
Philips-MP20-MP90-Manual,sec_0527,282,5.4-hierarchy_path,PASS,,"The path ""/Assigning Two Devices to One Patient/General Telemetry-related Functions/Synchronized Settings"" is correct.",
Philips-MP20-MP90-Manual,sec_0527,282,5.4-gaps_duplicates,PASS,,"The nodes #/texts/5066 to 5077 and #/tables/97 cover all text from p281 and the top of p282. No node is missing or repeated. Running-header text ""Use Models With Telemetry"" is at the top of p282 and is boilerplate.",
Philips-MP20-MP90-Manual,sec_0527,282,5.4-flagged_for_review,PASS,,flagged_for_review is false and the heading is clear on p281. No flag is needed.,
Philips-MP20-MP90-Manual,sec_0527,282,5.4-structural_source,PASS,,"structural_source is ""toc"". The heading is on p281 and matches the bookmark.",
Philips-MP20-MP90-Manual,sec_0527,282,5.6-numbering_scheme,PASS,,"The numbering scheme is ""arabic"". The folio on p281 is 269 and on p282 is 270.",
Philips-MP20-MP90-Manual,sec_0527,282,5.6-offset_applied,PASS,,"offset_applied is 0. The heading is on physical p281, as in the bookmark. Neighbour sections also use offset 0.",
Philips-MP20-MP90-Manual,sec_0527,282,5.6-table_content,FAIL,Low,"The table #/tables/97 is on p281. It has 6 rows (Heart Rate, ECG, Arrhythmia, ST, QT, SpO2 T) and every setting list is present. Footnote marks show as plain ""1"" and ""2"" (Va Lead 1, QTc Formula 2). In the last row the two lines are joined: ""SpO 2 Alarm limits NBP Alarm Suppression On/Off"". Values and order are kept. p282 has no table.","Old problem (BUG-008 family, v2.13): still present. Two paragraphs of one cell are joined and footnote marks are digits. Cosmetic only, so Low."
Philips-MP20-MP90-Manual,sec_0527,282,5.5-filters_discarding,PASS,,"p281 and p282 have no figure or icon. Only text and a table are visible, and images.json lists none for these pages.",
Philips-MP20-MP90-Manual,sec_0527,282,5.5-filters_passing_noise,PASS,,No image is mapped to sec_0527 on p281 or p282.,
Philips-MP20-MP90-Manual,sec_0527,282,5.5-image_section_mapping,PASS,,sec_0527 has no image and the pages show no figure. Nothing needs mapping.,
Philips-MP20-MP90-Manual,sec_0534,286,5.4-hierarchy_level,PASS,,"""Viewing Histogram Trends"" on p286 is a heading like its siblings ""Viewing Graphic Trends"" and ""Viewing Vital Signs Trends"". The tree has level 3 and the bookmark agrees.",
Philips-MP20-MP90-Manual,sec_0534,286,5.4-parent_child,PASS,,"Parent is sec_0530 ""Viewing Trends"". Previous sibling is sec_0533. Next section sec_0535 ""Setting Up Trends"" is level 2. It has no children.",
Philips-MP20-MP90-Manual,sec_0534,286,5.4-page_start_end,PASS,,"p286 shows the heading, the histogram, and seven paragraphs. All are in sec_0534 (#/texts/5153 to 5164). The heading ""Setting Up Trends"" below belongs to sec_0535 and is not in this section. The first two nodes are the running header.",
Philips-MP20-MP90-Manual,sec_0534,286,5.4-hierarchy_path,PASS,,"The path ""/Trends/Viewing Trends/Viewing Histogram Trends"" is correct.",
Philips-MP20-MP90-Manual,sec_0534,286,5.4-gaps_duplicates,PASS,,"All seven paragraphs on p286 are present once. Text from the histogram image (title and ""rpm"") is also kept as nodes #/texts/5156 and 5157. Nothing is missing.",
Philips-MP20-MP90-Manual,sec_0534,286,5.4-flagged_for_review,PASS,,flagged_for_review is false and the heading is clear on p286. No flag is needed.,
Philips-MP20-MP90-Manual,sec_0534,286,5.4-structural_source,PASS,,"structural_source is ""toc"". The heading is on p286 and matches the bookmark.",
Philips-MP20-MP90-Manual,sec_0534,286,5.6-numbering_scheme,PASS,,"The numbering scheme is ""arabic"". The folio on p286 is 274.",
Philips-MP20-MP90-Manual,sec_0534,286,5.6-offset_applied,PASS,,"offset_applied is 0. The heading is on physical p286, as in the bookmark. Neighbour sections also use offset 0.",
Philips-MP20-MP90-Manual,sec_0534,286,5.5-filters_discarding,PASS,,"The one figure on p286 is the RR histogram. It is extracted as img_0159 (642x528) and shows all bars, axes and the percent scale. The title text is kept in nodes.",
Philips-MP20-MP90-Manual,sec_0534,286,5.5-filters_passing_noise,PASS,,img_0159 is a real screenshot and not decoration. It has no logo or rule.,
Philips-MP20-MP90-Manual,sec_0534,286,5.5-image_section_mapping,PASS,,"img_0159 is mapped to sec_0534. It sits right under the heading ""Viewing Histogram Trends"", so the mapping is correct.",
Philips-MP20-MP90-Manual,sec_0537,287,5.4-hierarchy_level,PASS,,"""Expanded View"" on p287 is a small bold heading, smaller than ""Making Segment Settings"". The tree has level 4 and the bookmark agrees.",
Philips-MP20-MP90-Manual,sec_0537,287,5.4-parent_child,PASS,,"Parent is sec_0536 ""Making Segment Settings"". Next section sec_0538 ""Trend Scales for Segment Measurements"" is a sibling. It has no children.",
Philips-MP20-MP90-Manual,sec_0537,287,5.4-page_start_end,PASS,,"The section starts at the heading on p287 and has the expand, highlight and return steps (#/texts/5175 to 5181). The next heading ""Trend Scales for Segment Measurements"" starts sec_0538. The intro bullet above the heading belongs to sec_0536.",
Philips-MP20-MP90-Manual,sec_0537,287,5.4-hierarchy_path,PASS,,"The path ""/Trends/Setting Up Trends/Making Segment Settings/Expanded View"" is correct.",
Philips-MP20-MP90-Manual,sec_0537,287,5.4-gaps_duplicates,PASS,,"All text between the two headings on p287 is in sec_0537, once. No gap and no repeat.",
Philips-MP20-MP90-Manual,sec_0537,287,5.4-flagged_for_review,PASS,,flagged_for_review is false and the heading is clear on p287. No flag is needed.,
Philips-MP20-MP90-Manual,sec_0537,287,5.4-structural_source,PASS,,"structural_source is ""toc"". The heading is on p287 and matches the bookmark.",
Philips-MP20-MP90-Manual,sec_0537,287,5.6-numbering_scheme,PASS,,"The numbering scheme is ""arabic"". The folio on p287 is 275.",
Philips-MP20-MP90-Manual,sec_0537,287,5.6-offset_applied,PASS,,"offset_applied is 0. The heading is on physical p287, as in the bookmark. Neighbour sections also use offset 0.",
Philips-MP20-MP90-Manual,sec_0537,287,5.5-filters_discarding,PASS,,p287 has no figure or icon. Only text with diamond bullets is visible. No image is listed.,
Philips-MP20-MP90-Manual,sec_0537,287,5.5-filters_passing_noise,PASS,,No image is mapped to sec_0537 on p287.,
Philips-MP20-MP90-Manual,sec_0537,287,5.5-image_section_mapping,PASS,,sec_0537 has no image and p287 shows no figure. Nothing needs mapping.,
Philips-MP20-MP90-Manual,sec_0551,291,5.4-hierarchy_level,PASS,,"""Trending Multiple-Value Measurements"" on p291 is a small bold heading. The next heading ""Screen Trends"" is larger (level 2). The tree has level 3 and the bookmark agrees.",
Philips-MP20-MP90-Manual,sec_0551,291,5.4-parent_child,PASS,,"Parent is sec_0549 ""Trends Databases"", which lists sec_0550 and sec_0551. The next section sec_0552 ""Screen Trends"" is a sibling of the parent. It has no children.",
Philips-MP20-MP90-Manual,sec_0551,291,5.4-page_start_end,PASS,,"The section has the running header, the heading and one paragraph on p291 (#/texts/5285 to 5288). The heading ""Screen Trends"" and the figure below belong to sec_0552. page_start and page_end are both 291.",
Philips-MP20-MP90-Manual,sec_0551,291,5.4-hierarchy_path,PASS,,"The path ""/Trends/Trends Databases/Trending Multiple-Value Measurements"" is correct.",
Philips-MP20-MP90-Manual,sec_0551,291,5.4-gaps_duplicates,PASS,,"The only body paragraph on the page before ""Screen Trends"" is in sec_0551, once. Nothing is missing or repeated.",
Philips-MP20-MP90-Manual,sec_0551,291,5.4-flagged_for_review,PASS,,flagged_for_review is false and the heading is clear on p291. No flag is needed.,
Philips-MP20-MP90-Manual,sec_0551,291,5.4-structural_source,PASS,,"structural_source is ""toc"". The heading is on p291 and matches the bookmark.",
Philips-MP20-MP90-Manual,sec_0551,291,5.6-numbering_scheme,PASS,,"The numbering scheme is ""arabic"". The folio on p291 is 279.",
Philips-MP20-MP90-Manual,sec_0551,291,5.6-offset_applied,PASS,,"offset_applied is 0. The heading is on physical p291, as in the bookmark. Neighbour sections also use offset 0.",
Philips-MP20-MP90-Manual,sec_0551,291,5.5-filters_discarding,PASS,,"p291 has one large screenshot with labels and an enlarged ABP strip. It is extracted as img_0162 (vector origin, mapped to sec_0552) and the crop shows the labels, the arrows and the strip. Nothing is cut.","verify_claims flags a 709x485 px raster on p291 as missing. This is the monitor screenshot inside img_0162 (748x794 px, in images_v1.json for sec_0552). The figure is not lost, so PASS."
Philips-MP20-MP90-Manual,sec_0551,291,5.5-filters_passing_noise,PASS,,img_0162 is a real figure and not decoration. No logo or rule is kept.,
Philips-MP20-MP90-Manual,sec_0551,291,5.5-image_section_mapping,PASS,,"img_0162 sits under the heading ""Screen Trends"" and is mapped to sec_0552. It is not in sec_0551, which is correct.",
Philips-MP20-MP90-Manual,sec_0562,295,5.4-hierarchy_level,PASS,,"""Setting the Time Period for the Trend Indicator Arrow"" is a small bold heading on p294. The tree has level 4 and the bookmark agrees. The sampled page p295 is the next chapter.",
Philips-MP20-MP90-Manual,sec_0562,295,5.4-parent_child,PASS,,"Parent is sec_0556 ""Changing the Screen Trend View"". Previous sibling is sec_0561. Next section sec_0563 ""Calculations"" is a new chapter. It has no children.",
Philips-MP20-MP90-Manual,sec_0562,295,5.4-page_start_end,PASS,,"The section is on p294 and ends with the steps 1-3 and the folio 282 (#/texts/5367 to 5372). The sampled page p295 is the start of chapter 22 ""Calculations"". None of its text is in sec_0562. It belongs to sec_0563. page_end 294 is correct.",
Philips-MP20-MP90-Manual,sec_0562,295,5.4-hierarchy_path,PASS,,"The path ""/Trends/Screen Trends/Changing the Screen Trend View/Setting the Time Period for the Trend Indicator Arrow"" is correct.",
Philips-MP20-MP90-Manual,sec_0562,295,5.4-gaps_duplicates,PASS,,"sec_0562 has only the p294 nodes. The p295 chapter title, text and table are in sec_0563 (#/texts/5373 onward). No node is shared or repeated.",
Philips-MP20-MP90-Manual,sec_0562,295,5.4-flagged_for_review,PASS,,flagged_for_review is false and the heading is clear on p294. No flag is needed.,
Philips-MP20-MP90-Manual,sec_0562,295,5.4-structural_source,PASS,,"structural_source is ""toc"". The heading is on p294 and matches the bookmark.",
Philips-MP20-MP90-Manual,sec_0562,295,5.6-numbering_scheme,PASS,,"The numbering scheme is ""arabic"". The folio on p294 is 282 and on p295 is 283.",
Philips-MP20-MP90-Manual,sec_0562,295,5.6-offset_applied,PASS,,"offset_applied is 0. The heading is on physical p294, as in the bookmark. The next chapter starts on p295 with the same offset.",
Philips-MP20-MP90-Manual,sec_0562,295,5.5-filters_discarding,PASS,,p294 has no figure. The only small icon on the sampled p295 is the Calculations SmartKey. It is outside this section and belongs to chapter 22 (sec_0563 and its children).,"Sampled page p295 is outside the section range. verify_claims flags a small 77x46 px icon dropped on p295. It sits under sec_0564 ""Viewing Calculations"", not in sec_0562, so it is not a defect of this section. Its meaning is in the text (""Select the Calculations SmartKey""). Judged on p294 and the p295 boundary only."
Philips-MP20-MP90-Manual,sec_0562,295,5.5-filters_passing_noise,PASS,,No image is mapped to sec_0562. The blue rule on p295 is not kept as an image.,
Philips-MP20-MP90-Manual,sec_0562,295,5.5-image_section_mapping,PASS,,sec_0562 has no image and p294 shows no figure. The p295 icon is not in this section.,
Philips-MP20-MP90-Manual,sec_0581,303,5.4-hierarchy_level,PASS,,'Hi-Res Trend Wave Recordings' is level 2 (a heading under chapter 23). The stored hierarchy_level matches the heading style on the page.,
Philips-MP20-MP90-Manual,sec_0581,303,5.4-parent_child,PASS,,"sec_0581 sits under sec_0576 High Resolution Trend Waves, which is the correct chapter or section. Its child list matches the headings printed below it.",
Philips-MP20-MP90-Manual,sec_0581,303,5.4-page_start_end,PASS,,"Sampled p303 is the chapter 24 opener (Event Surveillance, sec_0582). sec_0581 ends on p302 (page_end 302) with steps 1-2 and folio 290 (#/texts/5531-5536). No p303 node is in this section. The heading is on p302 below the p302 trend figure.",
Philips-MP20-MP90-Manual,sec_0581,303,5.4-hierarchy_path,PASS,,"hierarchy_path of sec_0581 is correct and ordered: chapter, then parent, then 'Hi-Res Trend Wave Recordings'.",
Philips-MP20-MP90-Manual,sec_0581,303,5.4-gaps_duplicates,PASS,,"Nodes of sec_0581 (#/texts/5531-5536 (heading, intro, steps 1-2, folio 290)) are in reading order. Nothing is missing, repeated or shared with a neighbour.",
Philips-MP20-MP90-Manual,sec_0581,303,5.4-flagged_for_review,PASS,,"sec_0581 has flagged_for_review = false. The section is correct, so no flag is needed.",
Philips-MP20-MP90-Manual,sec_0581,303,5.4-structural_source,PASS,,structural_source of sec_0581 is 'toc'. The heading is printed on the page where the bookmark points (p302).,
Philips-MP20-MP90-Manual,sec_0581,303,5.6-numbering_scheme,PASS,,Printed folios are arabic (for example 290). The scheme 'arabic' is correct.,
Philips-MP20-MP90-Manual,sec_0581,303,5.6-offset_applied,PASS,,"offset_applied is 0. The TOC pages are physical pages and the heading is on the expected page. The printed folio 290 differs from the physical page because of front matter, which is normal.",
Philips-MP20-MP90-Manual,sec_0581,303,5.5-filters_discarding,PASS,,"p302 has one screenshot, kept as img_0168 in sec_0580. No figure is missing. Sampled p303 has no figure either.",
Philips-MP20-MP90-Manual,sec_0581,303,5.5-filters_passing_noise,PASS,,"No decorative image is kept for sec_0581. No rule, logo or divider appears in images.json for this section.",
Philips-MP20-MP90-Manual,sec_0581,303,5.5-image_section_mapping,PASS,,On p302 the trend screenshot (img_0168) is above the heading 'Printing Hi-Res Trend Wave Reports' and is mapped to sec_0580. That is correct. There is no figure under 'Hi-Res Trend Wave Recordings'.,
Philips-MP20-MP90-Manual,sec_0585,305,5.4-hierarchy_level,PASS,,'Event Episodes' is level 2 (a heading under chapter 24). The stored hierarchy_level matches the heading style on the page.,
Philips-MP20-MP90-Manual,sec_0585,305,5.4-parent_child,PASS,,"sec_0585 sits under sec_0582 Event Surveillance, which is the correct chapter or section. Its child list matches the headings printed below it.",
Philips-MP20-MP90-Manual,sec_0585,305,5.4-page_start_end,PASS,,"Heading 'Event Episodes' (#/texts/5566) and its text, figure labels and table #/tables/104 are all on p305. The next heading 'Events Pop-Up Keys' at the bottom of p305 belongs to sec_0586. The first node #/texts/5564 is the running header copy.",
Philips-MP20-MP90-Manual,sec_0585,305,5.4-hierarchy_path,PASS,,"hierarchy_path of sec_0585 is correct and ordered: chapter, then parent, then 'Event Episodes'.",
Philips-MP20-MP90-Manual,sec_0585,305,5.4-gaps_duplicates,PASS,,"Nodes of sec_0585 (#/texts/5564-5572 and #/tables/104) are in reading order. Nothing is missing, repeated or shared with a neighbour.",
Philips-MP20-MP90-Manual,sec_0585,305,5.4-flagged_for_review,PASS,,"sec_0585 has flagged_for_review = false. The section is correct, so no flag is needed.",
Philips-MP20-MP90-Manual,sec_0585,305,5.4-structural_source,PASS,,structural_source of sec_0585 is 'toc'. The heading is printed on the page where the bookmark points (p305).,
Philips-MP20-MP90-Manual,sec_0585,305,5.6-numbering_scheme,PASS,,Printed folios are arabic (for example 293). The scheme 'arabic' is correct.,
Philips-MP20-MP90-Manual,sec_0585,305,5.6-offset_applied,PASS,,"offset_applied is 0. The TOC pages are physical pages and the heading is on the expected page. The printed folio 293 differs from the physical page because of front matter, which is normal.",
Philips-MP20-MP90-Manual,sec_0585,305,5.6-table_content,FAIL,Low,"In #/tables/104 (p305) Pre-time and Post-time are separate columns. Every pair matches the print in order (2/18 ... 18/2, 1/3, 2/2, 3/1, 5 s/10 s, 10 s/5 s). Multi-line labels are split over rows: 'Average trend' and '20 minutes, five samples per minute' are on two rows. The HiResTrnd label text is split and the word 'HiResTrnd' lands on the third row.","Old problem (BUG-008, v2.13): still present (Low). All values stay in the right rows and columns. Only the label text is split."
Philips-MP20-MP90-Manual,sec_0585,305,5.5-filters_discarding,PASS,,"img_0169 shows the full diagram: arrow line, trigger line, both time labels and the Event Episode bracket. Nothing is cut. No other figure is on p305.",
Philips-MP20-MP90-Manual,sec_0585,305,5.5-filters_passing_noise,PASS,,The only image of the section is the real diagram img_0169. No rule or logo is kept as an image.,
Philips-MP20-MP90-Manual,sec_0585,305,5.5-image_section_mapping,PASS,,The Event trigger / pre-time / post-time diagram on p305 is extracted as img_0169 (origin vector) and mapped to sec_0585. It is under the heading 'Event Episodes'. That is correct.,
Philips-MP20-MP90-Manual,sec_0601,314,5.4-hierarchy_level,PASS,,'Event Episode Window' is level 3 (same style as Event Review Window). The stored hierarchy_level matches the heading style on the page.,
Philips-MP20-MP90-Manual,sec_0601,314,5.4-parent_child,PASS,,"sec_0601 sits under sec_0595 Viewing Events, which is the correct chapter or section. Its child list matches the headings printed below it.",
Philips-MP20-MP90-Manual,sec_0601,314,5.4-page_start_end,PASS,,Heading 'Event Episode Window' (#/texts/5768) is at the bottom of p313 with its two text nodes. p314 has the figure labels (#/texts/5774-5791) and the paragraph 'The event values to the left...' (#/texts/5792). Heading 'Annotating Events' follows and belongs to sec_0602. Nodes #/texts/5772-5773 are running header text.,
Philips-MP20-MP90-Manual,sec_0601,314,5.4-hierarchy_path,PASS,,"hierarchy_path of sec_0601 is correct and ordered: chapter, then parent, then 'Event Episode Window'.",
Philips-MP20-MP90-Manual,sec_0601,314,5.4-gaps_duplicates,PASS,,"Nodes of sec_0601 (#/texts/5768-5792) are in reading order. Nothing is missing, repeated or shared with a neighbour.",
Philips-MP20-MP90-Manual,sec_0601,314,5.4-flagged_for_review,PASS,,"sec_0601 has flagged_for_review = false. The section is correct, so no flag is needed.",
Philips-MP20-MP90-Manual,sec_0601,314,5.4-structural_source,PASS,,structural_source of sec_0601 is 'toc'. The heading is printed on the page where the bookmark points (p313).,
Philips-MP20-MP90-Manual,sec_0601,314,5.6-numbering_scheme,PASS,,Printed folios are arabic (for example 301). The scheme 'arabic' is correct.,
Philips-MP20-MP90-Manual,sec_0601,314,5.6-offset_applied,PASS,,"offset_applied is 0. The TOC pages are physical pages and the heading is on the expected page. The printed folio 301 differs from the physical page because of front matter, which is normal.",
Philips-MP20-MP90-Manual,sec_0601,314,5.5-filters_discarding,PASS,,"img_0176 shows the full window: HR, SpO2 and Resp traces, event values, timeline, and the four callout labels. Nothing is cut.",
Philips-MP20-MP90-Manual,sec_0601,314,5.5-filters_passing_noise,PASS,,img_0176 is the real figure. The callout text in it is part of the figure and is not noise. No decorative image is kept.,
Philips-MP20-MP90-Manual,sec_0601,314,5.5-image_section_mapping,PASS,,"On p314 the Event Episode screenshot is img_0176 (origin vector), mapped to sec_0601. It is above the heading 'Annotating Events', so sec_0601 owns it. The p313 Event Review figure is img_0175 in sec_0600, which is also correct.",
Philips-MP20-MP90-Manual,sec_0607,315,5.4-hierarchy_level,PASS,,'Event Review Recordings' is level 4 (small bold heading under Event Recordings). The stored hierarchy_level matches the heading style on the page.,
Philips-MP20-MP90-Manual,sec_0607,315,5.4-parent_child,PASS,,"sec_0607 sits under sec_0606 Event Recordings, which is the correct chapter or section. Its child list matches the headings printed below it.",
Philips-MP20-MP90-Manual,sec_0607,315,5.4-page_start_end,PASS,,Heading 'Event Review Recordings' (#/texts/5810) is on p315 and its figure labels run to p316. The p316 text and table #/tables/106 (tabular review recording) belong here. Heading 'Event Episode Recordings' lower on p316 belongs to sec_0608.,
Philips-MP20-MP90-Manual,sec_0607,315,5.4-hierarchy_path,PASS,,"hierarchy_path of sec_0607 is correct and ordered: chapter, then parent, then 'Event Review Recordings'.",
Philips-MP20-MP90-Manual,sec_0607,315,5.4-gaps_duplicates,PASS,,"Nodes of sec_0607 (#/texts/5810-5862 and #/tables/106) are in reading order. Nothing is missing, repeated or shared with a neighbour.",
Philips-MP20-MP90-Manual,sec_0607,315,5.4-flagged_for_review,PASS,,"sec_0607 has flagged_for_review = false. The section is correct, so no flag is needed.",
Philips-MP20-MP90-Manual,sec_0607,315,5.4-structural_source,PASS,,structural_source of sec_0607 is 'toc'. The heading is printed on the page where the bookmark points (p315).,
Philips-MP20-MP90-Manual,sec_0607,315,5.6-numbering_scheme,PASS,,Printed folios are arabic (for example 303). The scheme 'arabic' is correct.,
Philips-MP20-MP90-Manual,sec_0607,315,5.6-offset_applied,PASS,,"offset_applied is 0. The TOC pages are physical pages and the heading is on the expected page. The printed folio 303 differs from the physical page because of front matter, which is normal.",
Philips-MP20-MP90-Manual,sec_0607,315,5.6-table_content,PASS,,"#/tables/106 (p316) has 6 columns and 5 rows. Times, groups and parameters match the print (for example row 5: 23 Jan 02 08:32, Stand ard, HR(Pulse), ST-II, SpO2 LOW 95<96). Words split as 'Stand ard' are split in the print too. The '...' row is missing.",
Philips-MP20-MP90-Manual,sec_0607,315,5.5-filters_discarding,PASS,,"The strip (img_0177) is kept. Its labels (Standard, Neuro, times) are text nodes #/texts/5851-5856. The recording-summary box on p315 is kept as text nodes #/texts/5823-5848. Only the box lines and callout arrows are lost.","Callout arrows are lost, but all label and value text is kept. Not graded as a defect."
Philips-MP20-MP90-Manual,sec_0607,315,5.5-filters_passing_noise,PASS,,"img_0177 is a real recording strip. No rule, logo or divider is kept as an image for this section.",
Philips-MP20-MP90-Manual,sec_0607,315,5.5-image_section_mapping,PASS,,"The p315 timeline strip is img_0177, mapped to sec_0607. The p316 waveform strip img_0178 is under 'Event Episode Recordings' and is mapped to sec_0608. Both are correct.",
Philips-MP20-MP90-Manual,sec_0615,322,5.4-hierarchy_level,PASS,,'Orientation On The Screen' is level 3 (small bold heading under SSC Sepsis Protocol). The stored hierarchy_level matches the heading style on the page.,
Philips-MP20-MP90-Manual,sec_0615,322,5.4-parent_child,PASS,,"sec_0615 sits under sec_0614 SSC Sepsis Protocol, which is the correct chapter or section. Its child list matches the headings printed below it.",
Philips-MP20-MP90-Manual,sec_0615,322,5.4-page_start_end,PASS,,Heading 'Orientation On The Screen' (#/texts/5961) is on p322 above the orientation bar. p323 starts with a paragraph and the two SSC Screening icons that still belong to this section. The heading 'Transferring Patients...' on p323 belongs to sec_0616.,
Philips-MP20-MP90-Manual,sec_0615,322,5.4-hierarchy_path,PASS,,"hierarchy_path of sec_0615 is correct and ordered: chapter, then parent, then 'Orientation On The Screen'.",
Philips-MP20-MP90-Manual,sec_0615,322,5.4-gaps_duplicates,PASS,,"Nodes of sec_0615 (#/texts/5961-5975) are in reading order. Nothing is missing, repeated or shared with a neighbour.",
Philips-MP20-MP90-Manual,sec_0615,322,5.4-flagged_for_review,PASS,,"sec_0615 has flagged_for_review = false. The section is correct, so no flag is needed.",
Philips-MP20-MP90-Manual,sec_0615,322,5.4-structural_source,PASS,,structural_source of sec_0615 is 'toc'. The heading is printed on the page where the bookmark points (p322).,
Philips-MP20-MP90-Manual,sec_0615,322,5.6-numbering_scheme,PASS,,Printed folios are arabic (for example 310). The scheme 'arabic' is correct.,
Philips-MP20-MP90-Manual,sec_0615,322,5.6-offset_applied,PASS,,"offset_applied is 0. The TOC pages are physical pages and the heading is on the expected page. The printed folio 310 differs from the physical page because of front matter, which is normal.",
Philips-MP20-MP90-Manual,sec_0615,322,5.5-filters_discarding,PASS,,The orientation bar and both SSC Screening symbols are kept. The tab names and symbol text are also kept as text nodes #/texts/5963-5975. Nothing meaningful is lost.,
Philips-MP20-MP90-Manual,sec_0615,322,5.5-filters_passing_noise,PASS,,The three kept images are real screenshots. No decorative image is kept.,
Philips-MP20-MP90-Manual,sec_0615,322,5.5-image_section_mapping,PASS,,"img_0183 (orientation bar, p322) and img_0184 and img_0185 (the two SSC Screening symbols, p323) are under this heading before the next one. All are mapped to sec_0615. That is correct.",
Philips-MP20-MP90-Manual,sec_0623,327,5.4-hierarchy_level,PASS,,"On p327 the heading ""Authorized Clinician Review"" (#/texts/6129) is a small bold sub-heading. hierarchy_level 4 fits, under level 3 sec_0618.",
Philips-MP20-MP90-Manual,sec_0623,327,5.4-parent_child,PASS,,"Parent sec_0618 ""Severe Sepsis Screening"" (p323-327) is the section just above on this chapter flow. sec_0623 has no children and none are needed.",
Philips-MP20-MP90-Manual,sec_0623,327,5.4-page_start_end,PASS,,"The heading #/texts/6129 starts the section at top of p327. The last node #/texts/6144 ends before the big heading ""Sepsis Resuscitation Bundle"", which is in sec_0624. No foreign text is absorbed.",
Philips-MP20-MP90-Manual,sec_0623,327,5.4-hierarchy_path,PASS,,"Path /ProtocolWatch/SSC Sepsis Protocol/Severe Sepsis Screening/Authorized Clinician Review matches the page header ""25 ProtocolWatch / SSC Sepsis Protocol"" and the heading order.",
Philips-MP20-MP90-Manual,sec_0623,327,5.4-gaps_duplicates,PASS,,"The 18 nodes #/texts/6127-6144 cover all text from the heading to the ""Select Confirm"" paragraph on p327. No text is missing or repeated. The dialog words (Inactive, Screening, Confirm, Remind 5 min) are present once.",
Philips-MP20-MP90-Manual,sec_0623,327,5.4-flagged_for_review,PASS,,"flagged_for_review is false. The heading is on the expected page and the content is correct, so the flag is right.",
Philips-MP20-MP90-Manual,sec_0623,327,5.4-structural_source,PASS,,"structural_source is ""toc"". The bookmark title matches the heading seen on p327.",
Philips-MP20-MP90-Manual,sec_0623,327,5.6-numbering_scheme,PASS,,"Printed folio 315 is arabic, and numbering_scheme is arabic.",
Philips-MP20-MP90-Manual,sec_0623,327,5.6-offset_applied,PASS,,"offset_applied is 0 and page_start 327 is the physical page where the heading appears. Printed folio is 315, but the sections use physical pages, so this is consistent.",
Philips-MP20-MP90-Manual,sec_0623,327,5.5-filters_discarding,PASS,,The monitor screen on p327 (img_0196) is kept and mapped to sec_0624. The two dialog strips are kept as img_0195 and img_0197. The dialog words are kept as text nodes #/texts/6130-6142. No meaningful figure is lost.,
Philips-MP20-MP90-Manual,sec_0623,327,5.5-filters_passing_noise,FAIL,Low,img_0195 (770x65) and img_0197 (643x107) show only blue and grey bars with no words. The dialog words are already in text nodes #/texts/6130-6142. These two empty strips add no information.,"Probably the dialog background, split from its text by the extractor. Low per the agreed image rule (small, unreadable pieces). Human reviewer may judge this PASS."
Philips-MP20-MP90-Manual,sec_0623,327,5.5-image_section_mapping,PASS,,"img_0195 and img_0197 sit under the heading ""Authorized Clinician Review"" and above ""Sepsis Resuscitation Bundle"", so sec_0623 is correct. The big monitor screen img_0196 is below that heading and maps to sec_0624, which is correct.",
Philips-MP20-MP90-Manual,sec_0626,329,5.4-hierarchy_level,PASS,,"On p329 ""Checking The Sepsis Resuscitation Bundle Window"" is a small bold sub-heading, same style as the other level 4 headings on the page. hierarchy_level 4 fits.",
Philips-MP20-MP90-Manual,sec_0626,329,5.4-parent_child,PASS,,"Parent sec_0624 ""Sepsis Resuscitation Bundle"" (p327-329) is the large heading above on the same chapter flow. No children are needed.",
Philips-MP20-MP90-Manual,sec_0626,329,5.4-page_start_end,PASS,,"The section starts at heading #/texts/6230 and ends with #/texts/6234 (the gray recommendations bullet). The next heading ""Previewing the Sepsis Management Bundle"" starts the next section. The ""Select Confirm"" line at the top of p329 is not in this section, which is correct.",
Philips-MP20-MP90-Manual,sec_0626,329,5.4-hierarchy_path,PASS,,Path /ProtocolWatch/SSC Sepsis Protocol/Sepsis Resuscitation Bundle/Checking The Sepsis Resuscitation Bundle Window follows the heading order on pp327-329.,
Philips-MP20-MP90-Manual,sec_0626,329,5.4-gaps_duplicates,PASS,,"The 5 nodes #/texts/6230-6234 hold the heading, the intro and the three bullets (black, red, gray). Nothing is missing or repeated.",
Philips-MP20-MP90-Manual,sec_0626,329,5.4-flagged_for_review,PASS,,"flagged_for_review is false, and the section content is correct.",
Philips-MP20-MP90-Manual,sec_0626,329,5.4-structural_source,PASS,,"structural_source ""toc"" is right. The bookmark title matches the heading on p329.",
Philips-MP20-MP90-Manual,sec_0626,329,5.6-numbering_scheme,PASS,,"Printed folio 317 is arabic, and numbering_scheme is arabic.",
Philips-MP20-MP90-Manual,sec_0626,329,5.6-offset_applied,PASS,,offset_applied 0 and page 329 match the physical page where the heading appears.,
Philips-MP20-MP90-Manual,sec_0626,329,5.5-filters_discarding,PASS,,"p329 has one picture, a dialog (img_0200, img_0201), under ""Ending The Sepsis Resuscitation Bundle"". It is kept and mapped to sec_0628. Nothing for sec_0626 is lost.",
Philips-MP20-MP90-Manual,sec_0626,329,5.5-filters_passing_noise,PASS,,"sec_0626 has no extracted image, and its text part on p329 has no logo, rule or other noise kept as an image.",
Philips-MP20-MP90-Manual,sec_0626,329,5.5-image_section_mapping,PASS,,"sec_0626 has no image and the p329 text part has no figure. The dialog on p329 is under ""Ending The Sepsis Resuscitation Bundle"" and maps to sec_0628, which is correct.","verify_claims says the 767x61 image (img_0201) sits under sec_0629. I disagree: on the p329 render the softkey strip is above the text ""You are asked to confirm"" and above the large heading ""Sepsis Management Bundle"" (sec_0629), so sec_0628 is right. The tool probably mixes y-axis origins."
Philips-MP20-MP90-Manual,sec_0633,333,5.4-hierarchy_level,PASS,,"""Always Discharge Patients"" (#/texts/6313) is a small bold sub-heading on p331, below ""Viewing And Printing The Protocol Log"". hierarchy_level 3 fits.",
Philips-MP20-MP90-Manual,sec_0633,333,5.4-parent_child,PASS,,"Parent sec_0614 ""SSC Sepsis Protocol"" (p321-332) is correct. sec_0633 has no children.",
Philips-MP20-MP90-Manual,sec_0633,333,5.4-page_start_end,PASS,,"Page 333 is outside this section (page_end 332). It is the opener of chapter 26 ""Recording"". Its nodes #/texts/6320-6324 are in sec_0634, not in sec_0633. sec_0633 ends cleanly at the blank p332.","Old problem (PH-C, v2): now fixed. Neighbour sec_0634 in tree.json confirms it owns #/texts/6320-6322."
Philips-MP20-MP90-Manual,sec_0633,333,5.4-hierarchy_path,PASS,,Path /ProtocolWatch/SSC Sepsis Protocol/Always Discharge Patients follows the page headers and the heading order.,
Philips-MP20-MP90-Manual,sec_0633,333,5.4-gaps_duplicates,PASS,,"sec_0633 has no node from p333. The chapter number ""26"" and the margin label #/texts/6321 appear in sec_0634 only, so there is no overlap with sec_0633.","Old problem (PH-C, v2): now fixed."
Philips-MP20-MP90-Manual,sec_0633,333,5.4-flagged_for_review,PASS,,"flagged_for_review is false. The section is now correct, so the flag is right.",
Philips-MP20-MP90-Manual,sec_0633,333,5.4-structural_source,PASS,,"structural_source ""toc"" is right. The bookmark title matches heading #/texts/6313 on p331.",
Philips-MP20-MP90-Manual,sec_0633,333,5.6-numbering_scheme,PASS,,Printed folios 319 (p331) and 320 (p332) are arabic. numbering_scheme is arabic.,
Philips-MP20-MP90-Manual,sec_0633,333,5.6-offset_applied,PASS,,"offset_applied 0. page_start 331 is the physical page of the heading, and page_end 332 is the blank page 332 (folio 320).",
Philips-MP20-MP90-Manual,sec_0633,333,5.5-filters_discarding,PASS,,The recorder picture on p333 is kept as img_0204 and belongs to sec_0634. Nothing is dropped for sec_0633. The crop of that picture is graded in sec_0634.,"verify_claims says a raster figure is missing from images_v1.json. I disagree: the 128x173 px recorder photo is inside the vector crop img_0204 (in this batch images.json, sec_0634). It is not lost."
Philips-MP20-MP90-Manual,sec_0633,333,5.5-filters_passing_noise,PASS,,"No image is mapped to sec_0633. The p333 picture is real content, not noise.",
Philips-MP20-MP90-Manual,sec_0633,333,5.5-image_section_mapping,PASS,,"The only figure on p333 (img_0204, the M1116B recorder) is mapped to sec_0634, the chapter 26 intro. It is not mapped to sec_0633, which is correct.",
Philips-MP20-MP90-Manual,sec_0646,339,5.4-hierarchy_level,PASS,,"""Recording Strip Code"" (#/texts/6447) is a small bold sub-heading on p338, below the big heading ""Sample Recording Strip"". hierarchy_level 3 fits.",
Philips-MP20-MP90-Manual,sec_0646,339,5.4-parent_child,PASS,,"Parent sec_0645 ""Sample Recording Strip"" is the big heading above. sec_0646 has no children.",
Philips-MP20-MP90-Manual,sec_0646,339,5.4-page_start_end,PASS,,"The heading and its intro are on p338 (#/texts/6447-6448). The code table (#/tables/113) is at the top of p339, before the heading ""Recorded Waveforms"", so it belongs here. ""Recorded Waveforms"" and ""Maintaining Recording Strips"" are in sec_0647 and sec_0648. Correct.",
Philips-MP20-MP90-Manual,sec_0646,339,5.4-hierarchy_path,PASS,,Path /Recording/Sample Recording Strip/Recording Strip Code follows the headings on pp338-339.,
Philips-MP20-MP90-Manual,sec_0646,339,5.4-gaps_duplicates,PASS,,"The 6 nodes cover the heading, the intro, the folio 326, the p339 header and the table. Nothing is missing or repeated. Sample strip figure text on p338 is in sec_0645.",
Philips-MP20-MP90-Manual,sec_0646,339,5.4-flagged_for_review,PASS,,"flagged_for_review is false, and the section content is correct.",
Philips-MP20-MP90-Manual,sec_0646,339,5.4-structural_source,PASS,,"structural_source ""toc"" is right. The bookmark title matches the heading on p338.",
Philips-MP20-MP90-Manual,sec_0646,339,5.6-numbering_scheme,PASS,,Printed folios 326 and 327 are arabic. numbering_scheme is arabic.,
Philips-MP20-MP90-Manual,sec_0646,339,5.6-offset_applied,PASS,,offset_applied 0. page_start 338 and page_end 339 are the physical pages that hold the heading and the table.,
Philips-MP20-MP90-Manual,sec_0646,339,5.6-table_content,FAIL,Low,"In #/tables/113 (p339) the labels are right. But the codes are joined in one cell: ""90 8A 0B 91"", and the meanings in another: ""Realtime Delayed Alarm Context (Procedures)"". The page shows one code and one meaning per line. Order is the same, so a code can still be matched by position.","Old problem (BUG-008, v2.13): still present. Cells are merged but values and order are kept. Low by contract."
Philips-MP20-MP90-Manual,sec_0646,339,5.5-filters_discarding,PASS,,p339 has no picture. The table is text. The sample strip drawing is on p338 and is kept as img_0206 in sec_0645.,
Philips-MP20-MP90-Manual,sec_0646,339,5.5-filters_passing_noise,PASS,,"No image is mapped to sec_0646, and no decorative item is kept.",
Philips-MP20-MP90-Manual,sec_0646,339,5.5-image_section_mapping,PASS,,"sec_0646 has no figure. The sample strip drawing (img_0206, p338, vector) is above the heading ""Recording Strip Code"" and maps to sec_0645, which is correct.",
Philips-MP20-MP90-Manual,sec_0665,349,5.4-hierarchy_level,PASS,,"""Printing Manually"" is a small bold sub-heading on p349, same style as ""Printing Manually"" level 3 items. hierarchy_level 3 fits under a level 2 section.",
Philips-MP20-MP90-Manual,sec_0665,349,5.4-parent_child,PASS,,"Parent sec_0664 ""Checking Report Status and Printing Manually"" (p348-349) is correct. sec_0665 has no children.",
Philips-MP20-MP90-Manual,sec_0665,349,5.4-page_start_end,PASS,,"The section starts at heading #/texts/6612 and ends at ""Selecting Print All Reps."" (#/texts/6616). The big heading ""Printer Status Messages"" and its table are in sec_0666. The bullets above the heading (Reports Job List, CAUTION) belong to sec_0664.",
Philips-MP20-MP90-Manual,sec_0665,349,5.4-hierarchy_path,PASS,,Path /Printing Patient Reports/Checking Report Status and Printing Manually/Printing Manually follows the headings.,
Philips-MP20-MP90-Manual,sec_0665,349,5.4-gaps_duplicates,PASS,,"The 5 nodes #/texts/6612-6616 hold the heading, the intro and the two steps plus the last line. Nothing is missing or repeated.",
Philips-MP20-MP90-Manual,sec_0665,349,5.4-flagged_for_review,PASS,,"flagged_for_review is false, and the section content is correct.",
Philips-MP20-MP90-Manual,sec_0665,349,5.4-structural_source,PASS,,"structural_source ""toc"" is right. The bookmark title matches the heading on p349.",
Philips-MP20-MP90-Manual,sec_0665,349,5.6-numbering_scheme,PASS,,Printed folio 337 is arabic. numbering_scheme is arabic.,
Philips-MP20-MP90-Manual,sec_0665,349,5.6-offset_applied,PASS,,offset_applied 0. page_start 349 is the physical page of the heading.,
Philips-MP20-MP90-Manual,sec_0665,349,5.5-filters_discarding,PASS,,p349 has no picture. The CAUTION box is text. Nothing was dropped.,
Philips-MP20-MP90-Manual,sec_0665,349,5.5-filters_passing_noise,PASS,,"No image is mapped to sec_0665, and no decorative item is kept.",
Philips-MP20-MP90-Manual,sec_0665,349,5.5-image_section_mapping,PASS,,p349 has no figure and sec_0665 has no image. This was checked on the render.,
Philips-MP20-MP90-Manual,sec_0668,351,5.4-hierarchy_level,PASS,,"""Alarm Limits Report"" is a small bold sub-heading on p351 under ""Sample Report Printouts"". hierarchy_level 3 fits.",
Philips-MP20-MP90-Manual,sec_0668,351,5.4-parent_child,PASS,,"Parent sec_0667 ""Sample Report Printouts"" (p350-354) is correct. sec_0668 has no children.",
Philips-MP20-MP90-Manual,sec_0668,351,5.4-page_start_end,PASS,,"The section starts at heading #/texts/6627 on p351. It holds the callout text and folio 339. p351 has only this report, so there is no neighbour content on the page.",
Philips-MP20-MP90-Manual,sec_0668,351,5.4-hierarchy_path,PASS,,Path /Printing Patient Reports/Sample Report Printouts/Alarm Limits Report follows the page header and heading.,
Philips-MP20-MP90-Manual,sec_0668,351,5.4-gaps_duplicates,PASS,,"The 11 nodes cover the headers, heading, callout text and folio. Nothing is missing or repeated. The words on the printout itself are inside the figure.",
Philips-MP20-MP90-Manual,sec_0668,351,5.4-flagged_for_review,PASS,,"flagged_for_review is false, and the section content is correct.",
Philips-MP20-MP90-Manual,sec_0668,351,5.4-structural_source,PASS,,"structural_source ""toc"" is right. The bookmark title matches the heading on p351.",
Philips-MP20-MP90-Manual,sec_0668,351,5.6-numbering_scheme,PASS,,Printed folio 339 is arabic. numbering_scheme is arabic.,
Philips-MP20-MP90-Manual,sec_0668,351,5.6-offset_applied,PASS,,offset_applied 0. page_start 351 is the physical page of the heading.,
Philips-MP20-MP90-Manual,sec_0668,351,5.5-filters_discarding,FAIL,Medium,The alarm limits printout is kept as vector crop img_0211 (733x1052). But the crop cuts the callout parts. The arrow tails run off the left and bottom edges and the label boxes are outside the crop. The callout words are in text nodes #/texts/6628-6633.,"Figure is cut: Medium by the agreed image rule. Impact is limited because the callout words survive as text. Probably the crop box covers the printout only (BUG-010 vector crop area). Less sure than for a missing figure. verify_claims expects Critical because it does not match the 709x1014 px raster to the vector crop img_0211; the figure is present in images.json, so I keep Medium."
Philips-MP20-MP90-Manual,sec_0668,351,5.5-filters_passing_noise,PASS,,"The only image is the report printout, which is real content. No rule or logo is kept as an image.",
Philips-MP20-MP90-Manual,sec_0668,351,5.5-image_section_mapping,PASS,,"img_0211 (p351) is the Alarm Limits printout under the heading ""Alarm Limits Report"" and maps to sec_0668. This is correct.",
Philips-MP20-MP90-Manual,sec_0672,355,5.4-hierarchy_level,PASS,,"On p354 'Other Reports' is a heading under sec_0667 'Sample Report Printouts'. hierarchy_level 3 fits the bookmark nesting and the heading size. Sampled page 355 is the chapter 28 opener and is outside this section, so the content was judged on p354.",
Philips-MP20-MP90-Manual,sec_0672,355,5.4-parent_child,PASS,,"parent_section_id gives sec_0667 'Sample Report Printouts', which matches the document structure. It has no child sections and none are printed on its page. Sampled page 355 is the chapter 28 opener and is outside this section, so the content was judged on p354.",
Philips-MP20-MP90-Manual,sec_0672,355,5.4-page_start_end,PASS,,"Section sec_0672 owns #/texts/6667 heading, #/texts/6668 paragraph and the folio #/texts/6669 ('342') on p354. The heading starts the section. The text stops before the next heading, and no neighbour content is absorbed or missing. Sampled page 355 is the chapter 28 opener and is outside this section, so the content was judged on p354.",
Philips-MP20-MP90-Manual,sec_0672,355,5.4-hierarchy_path,PASS,,"hierarchy_path ends with 'Other Reports' and the ancestors match the printed outline for p354. Sampled page 355 is the chapter 28 opener and is outside this section, so the content was judged on p354.",
Philips-MP20-MP90-Manual,sec_0672,355,5.4-gaps_duplicates,PASS,,On p354 the heading 'Other Reports' and its one sentence are in sec_0672. The ECG table above it is in the neighbour sec_0671. Nothing is repeated or missing. Sampled p355 is the chapter 28 opener.,
Philips-MP20-MP90-Manual,sec_0672,355,5.4-flagged_for_review,PASS,,"flagged_for_review is false and verification_score is 100. The heading 'Other Reports' is visible on p354, so no flag is needed. Sampled page 355 is the chapter 28 opener and is outside this section, so the content was judged on p354.",
Philips-MP20-MP90-Manual,sec_0672,355,5.4-structural_source,PASS,,"structural_source is 'toc'. The title 'Other Reports' is a PDF bookmark and the heading is found on p354. Sampled page 355 is the chapter 28 opener and is outside this section, so the content was judged on p354.",
Philips-MP20-MP90-Manual,sec_0672,355,5.6-numbering_scheme,PASS,,"numbering_scheme is 'arabic'. The printed folios on p354 are arabic numbers (for example 342), which fits. Sampled page 355 is the chapter 28 opener and is outside this section, so the content was judged on p354.",
Philips-MP20-MP90-Manual,sec_0672,355,5.6-offset_applied,PASS,,"offset_applied is 0. page_start 354 is the physical page where the heading 'Other Reports' is rendered (the printed folio is 342, so the bookmark already uses physical pages). Sampled page 355 is the chapter 28 opener and is outside this section, so the content was judged on p354.",
Philips-MP20-MP90-Manual,sec_0672,355,5.5-filters_discarding,PASS,,"Sec_0672 has no figure on p354. The p355 sampled page is the chapter 28 opener; its only visual loss is the small SmartKey icon, which sits under sec_0674.","verify_claims flags a dropped 36x24 raster on p355. That icon belongs to sec_0674 and is graded there (FAIL Low, BUG-020), so it is not counted twice here."
Philips-MP20-MP90-Manual,sec_0672,355,5.5-filters_passing_noise,PASS,,"No decorative image, rule or logo is kept as an image for 'Other Reports'. No image is mapped to sec_0672. Sampled page 355 is the chapter 28 opener and is outside this section, so the content was judged on p354.",
Philips-MP20-MP90-Manual,sec_0672,355,5.5-image_section_mapping,PASS,,"No image is mapped to sec_0672 and no figure is printed in its area on p354. Nearby images are mapped to their own sections. Sampled page 355 is the chapter 28 opener and is outside this section, so the content was judged on p354.",
Philips-MP20-MP90-Manual,sec_0676,356,5.4-hierarchy_level,PASS,,On p356 'About the Rule of Six' is a heading under sec_0675 'Performing Drug Calculations'. hierarchy_level 3 fits the bookmark nesting and the heading size.,
Philips-MP20-MP90-Manual,sec_0676,356,5.4-parent_child,PASS,,"parent_section_id gives sec_0675 'Performing Drug Calculations', which matches the document structure. It has no child sections and none are printed on its page.",
Philips-MP20-MP90-Manual,sec_0676,356,5.4-page_start_end,PASS,,"Section sec_0676 owns #/texts/6687 to #/texts/6693 (heading, intro, CAUTION box, formula text, two bullets) on p356. The heading starts the section. The text stops before the next heading, and no neighbour content is absorbed or missing.",
Philips-MP20-MP90-Manual,sec_0676,356,5.4-hierarchy_path,PASS,,hierarchy_path ends with 'About the Rule of Six' and the ancestors match the printed outline for p356.,
Philips-MP20-MP90-Manual,sec_0676,356,5.4-gaps_duplicates,PASS,,Each text block of 'About the Rule of Six' on p356 is in one section only. No block is missing and none is repeated in a neighbour.,
Philips-MP20-MP90-Manual,sec_0676,356,5.4-flagged_for_review,PASS,,"flagged_for_review is false and verification_score is 100. The heading 'About the Rule of Six' is visible on p356, so no flag is needed.",
Philips-MP20-MP90-Manual,sec_0676,356,5.4-structural_source,PASS,,structural_source is 'toc'. The title 'About the Rule of Six' is a PDF bookmark and the heading is found on p356.,
Philips-MP20-MP90-Manual,sec_0676,356,5.6-numbering_scheme,PASS,,"numbering_scheme is 'arabic'. The printed folios on p356 are arabic numbers (for example 344), which fits.",
Philips-MP20-MP90-Manual,sec_0676,356,5.6-offset_applied,PASS,,"offset_applied is 0. page_start 356 is the physical page where the heading 'About the Rule of Six' is rendered (the printed folio is 344, so the bookmark already uses physical pages).",
Philips-MP20-MP90-Manual,sec_0676,356,5.5-filters_discarding,PASS,,No meaningful figure is lost on p356 for this section. Nothing visual in the section area is missing from images.json.,
Philips-MP20-MP90-Manual,sec_0676,356,5.5-filters_passing_noise,PASS,,"No decorative image, rule or logo is kept as an image for 'About the Rule of Six'. No image is mapped to sec_0676.",
Philips-MP20-MP90-Manual,sec_0676,356,5.5-image_section_mapping,PASS,,On p356 the Drug Calculator screenshot (img_0215) is printed under 'Performing Calculations for a Non-Specific Drug' and is mapped to sec_0677. That is the right owner. No image belongs to sec_0676.,
Philips-MP20-MP90-Manual,sec_0681,359,5.4-hierarchy_level,PASS,,"On p358 'Documenting Drug Calculations' is a heading under sec_0673 'Using the Drug Calculator'. hierarchy_level 2 fits the bookmark nesting and the heading size. Sampled page 359 is the chapter 29 opener and is outside this section, so the content was judged on p358.",
Philips-MP20-MP90-Manual,sec_0681,359,5.4-parent_child,PASS,,"parent_section_id gives sec_0673 'Using the Drug Calculator', which matches the document structure. It has no child sections and none are printed on its page. Sampled page 359 is the chapter 29 opener and is outside this section, so the content was judged on p358.",
Philips-MP20-MP90-Manual,sec_0681,359,5.4-page_start_end,FAIL,Critical,"On p358 the text inside the Titration Table screenshot (Lidocaine, Titration Table, Rate, Dose, mg/min, ml/hour and more; #/texts/6790 to #/texts/6816) is stored in sec_0681. That screenshot sits under 'Using the Titration Table' (sec_0680). sec_0681 should own only its heading and three bullets (#/texts/6786 to #/texts/6789).","Lead check of p358: the Titration Table screenshot is printed beside the sec_0680 text. Its labels #/texts/6790-6816 are read after the 'Documenting Drug Calculations' heading, so they land in sec_0681. Probably BUG-023 (same as sec_0047 p41). Critical by the Sprint table. The nodes are screenshot text only, so the human may weigh this lower."
Philips-MP20-MP90-Manual,sec_0681,359,5.4-hierarchy_path,PASS,,"hierarchy_path ends with 'Documenting Drug Calculations' and the ancestors match the printed outline for p358. Sampled page 359 is the chapter 29 opener and is outside this section, so the content was judged on p358.",
Philips-MP20-MP90-Manual,sec_0681,359,5.4-gaps_duplicates,FAIL,Critical,Nodes #/texts/6790 to #/texts/6816 (text of the Titration Table screenshot on p358) belong to sec_0680 but are in sec_0681. sec_0680 has the image img_0218 but none of its text. The Drip Table screenshot text is correctly kept in sec_0679.,"Lead check of p358: the Titration Table screenshot is printed beside the sec_0680 text. Its labels #/texts/6790-6816 are read after the 'Documenting Drug Calculations' heading, so they land in sec_0681. Probably BUG-023 (same as sec_0047 p41). Critical by the Sprint table. The nodes are screenshot text only, so the human may weigh this lower."
Philips-MP20-MP90-Manual,sec_0681,359,5.4-flagged_for_review,PASS,,"flagged_for_review is false and verification_score is 100. The heading 'Documenting Drug Calculations' is visible on p358, so no flag is needed. Sampled page 359 is the chapter 29 opener and is outside this section, so the content was judged on p358.",
Philips-MP20-MP90-Manual,sec_0681,359,5.4-structural_source,PASS,,"structural_source is 'toc'. The title 'Documenting Drug Calculations' is a PDF bookmark and the heading is found on p358. Sampled page 359 is the chapter 29 opener and is outside this section, so the content was judged on p358.",
Philips-MP20-MP90-Manual,sec_0681,359,5.6-numbering_scheme,PASS,,"numbering_scheme is 'arabic'. The printed folios on p358 are arabic numbers (for example 346), which fits. Sampled page 359 is the chapter 29 opener and is outside this section, so the content was judged on p358.",
Philips-MP20-MP90-Manual,sec_0681,359,5.6-offset_applied,PASS,,"offset_applied is 0. page_start 358 is the physical page where the heading 'Documenting Drug Calculations' is rendered (the printed folio is 346, so the bookmark already uses physical pages). Sampled page 359 is the chapter 29 opener and is outside this section, so the content was judged on p358.",
Philips-MP20-MP90-Manual,sec_0681,359,5.5-filters_discarding,PASS,,"No meaningful figure is lost on p358 for this section. Nothing visual in the section area is missing from images.json. Sampled page 359 is the chapter 29 opener and is outside this section, so the content was judged on p358.",
Philips-MP20-MP90-Manual,sec_0681,359,5.5-filters_passing_noise,PASS,,"No decorative image, rule or logo is kept as an image for 'Documenting Drug Calculations'. No image is mapped to sec_0681. Sampled page 359 is the chapter 29 opener and is outside this section, so the content was judged on p358.",
Philips-MP20-MP90-Manual,sec_0681,359,5.5-image_section_mapping,PASS,,On p358 the Drip Table and Titration Table screenshots are mapped to sec_0679 (img_0217) and sec_0680 (img_0218). Each sits under its own heading. No image belongs to sec_0681.,
Philips-MP20-MP90-Manual,sec_0689,363,5.4-hierarchy_level,PASS,,"On p362 'Language Conflict with External Device Drivers' is a heading under sec_0682 'IntelliBridge EC10 Module'. hierarchy_level 2 fits the bookmark nesting and the heading size. Sampled page 363 is the chapter 30 opener (sec_0690) and is outside this section, so the content was judged on p362.",
Philips-MP20-MP90-Manual,sec_0689,363,5.4-parent_child,PASS,,"parent_section_id gives sec_0682 'IntelliBridge EC10 Module', which matches the document structure. It has no child sections and none are printed on its page. Sampled page 363 is the chapter 30 opener (sec_0690) and is outside this section, so the content was judged on p362.",
Philips-MP20-MP90-Manual,sec_0689,363,5.4-page_start_end,PASS,,"Section sec_0689 owns #/texts/6905 heading, #/texts/6906 intro, two bullets and the folio #/texts/6909 ('350') on p362. The heading starts the section. The text stops before the next heading, and no neighbour content is absorbed or missing. Sampled page 363 is the chapter 30 opener (sec_0690) and is outside this section, so the content was judged on p362.",
Philips-MP20-MP90-Manual,sec_0689,363,5.4-hierarchy_path,PASS,,"hierarchy_path ends with 'Language Conflict with External Device Drivers' and the ancestors match the printed outline for p362. Sampled page 363 is the chapter 30 opener (sec_0690) and is outside this section, so the content was judged on p362.",
Philips-MP20-MP90-Manual,sec_0689,363,5.4-gaps_duplicates,PASS,,"On p362 the INOP table is in the previous section (sec_0688). sec_0689 has its heading, the intro and two bullets only. Nothing is repeated or missing. The last VueLink bullet on p366 belongs to sec_0697, not here.",
Philips-MP20-MP90-Manual,sec_0689,363,5.4-flagged_for_review,PASS,,"flagged_for_review is false and verification_score is 100. The heading 'Language Conflict with External Device Drivers' is visible on p362, so no flag is needed. Sampled page 363 is the chapter 30 opener (sec_0690) and is outside this section, so the content was judged on p362.",
Philips-MP20-MP90-Manual,sec_0689,363,5.4-structural_source,PASS,,"structural_source is 'toc'. The title 'Language Conflict with External Device Drivers' is a PDF bookmark and the heading is found on p362. Sampled page 363 is the chapter 30 opener (sec_0690) and is outside this section, so the content was judged on p362.",
Philips-MP20-MP90-Manual,sec_0689,363,5.6-numbering_scheme,PASS,,"numbering_scheme is 'arabic'. The printed folios on p362 are arabic numbers (for example 350), which fits. Sampled page 363 is the chapter 30 opener (sec_0690) and is outside this section, so the content was judged on p362.",
Philips-MP20-MP90-Manual,sec_0689,363,5.6-offset_applied,PASS,,"offset_applied is 0. page_start 362 is the physical page where the heading 'Language Conflict with External Device Drivers' is rendered (the printed folio is 350, so the bookmark already uses physical pages). Sampled page 363 is the chapter 30 opener (sec_0690) and is outside this section, so the content was judged on p362.",
Philips-MP20-MP90-Manual,sec_0689,363,5.5-filters_discarding,PASS,,"No meaningful figure is lost on p362 for this section. Nothing visual in the section area is missing from images.json. Sampled page 363 is the chapter 30 opener (sec_0690) and is outside this section, so the content was judged on p362.",
Philips-MP20-MP90-Manual,sec_0689,363,5.5-filters_passing_noise,PASS,,"No decorative image, rule or logo is kept as an image for 'Language Conflict with External Device Drivers'. No image is mapped to sec_0689. Sampled page 363 is the chapter 30 opener (sec_0690) and is outside this section, so the content was judged on p362.",
Philips-MP20-MP90-Manual,sec_0689,363,5.5-image_section_mapping,PASS,,"No image is mapped to sec_0689 and no figure is printed in its area on p362. Nearby images are mapped to their own sections. Sampled page 363 is the chapter 30 opener (sec_0690) and is outside this section, so the content was judged on p362.",
Philips-MP20-MP90-Manual,sec_0706,369,5.4-hierarchy_level,PASS,,On p369 'Notification' is a heading under sec_0702 'Setting Up Timers'. hierarchy_level 3 fits the bookmark nesting and the heading size.,
Philips-MP20-MP90-Manual,sec_0706,369,5.4-parent_child,PASS,,"parent_section_id gives sec_0702 'Setting Up Timers', which matches the document structure. It has no child sections and none are printed on its page.",
Philips-MP20-MP90-Manual,sec_0706,369,5.4-page_start_end,FAIL,Low,"On p369 the first two nodes of sec_0706 are the running header '#/texts/7028 Displaying a Timer On The Main Screen' and '#/texts/7029 31 Using Timers' (y 754, above the heading at y 721). They are page boilerplate, not part of 'Notification'. All body nodes #/texts/7030 to #/texts/7039 are correct.","Probably BUG-022 (running headers kept as section nodes). Only boilerplate is wrong, so Low. verify_claims shows no boundary signal for this row, but the two header nodes are in sec_0706 in sections.json and the p369 render shows them as the running header bar, so I keep FAIL Low."
Philips-MP20-MP90-Manual,sec_0706,369,5.4-hierarchy_path,PASS,,hierarchy_path ends with 'Notification' and the ancestors match the printed outline for p369.,
Philips-MP20-MP90-Manual,sec_0706,369,5.4-gaps_duplicates,PASS,,Each text block of 'Notification' on p369 is in one section only. No block is missing and none is repeated in a neighbour.,
Philips-MP20-MP90-Manual,sec_0706,369,5.4-flagged_for_review,PASS,,"flagged_for_review is false and verification_score is 100. The heading 'Notification' is visible on p369, so no flag is needed.",
Philips-MP20-MP90-Manual,sec_0706,369,5.4-structural_source,PASS,,structural_source is 'toc'. The title 'Notification' is a PDF bookmark and the heading is found on p369.,
Philips-MP20-MP90-Manual,sec_0706,369,5.6-numbering_scheme,PASS,,"numbering_scheme is 'arabic'. The printed folios on p369 are arabic numbers (for example 357), which fits.",
Philips-MP20-MP90-Manual,sec_0706,369,5.6-offset_applied,PASS,,"offset_applied is 0. page_start 369 is the physical page where the heading 'Notification' is rendered (the printed folio is 357, so the bookmark already uses physical pages).",
Philips-MP20-MP90-Manual,sec_0706,369,5.5-filters_discarding,PASS,,No meaningful figure is lost on p369 for this section. Nothing visual in the section area is missing from images.json.,
Philips-MP20-MP90-Manual,sec_0706,369,5.5-filters_passing_noise,PASS,,"No decorative image, rule or logo is kept as an image for 'Notification'. No image is mapped to sec_0706.",
Philips-MP20-MP90-Manual,sec_0706,369,5.5-image_section_mapping,PASS,,On p369 the black timer screenshot img_0225 is under 'Displaying a Timer On The Main Screen' and is mapped to sec_0708. That is the right owner. No image belongs to sec_0706.,
Philips-MP20-MP90-Manual,sec_0710,371,5.4-hierarchy_level,PASS,,"On p370 'Displaying A Clock On The Main Screen' is a heading under sec_0698 'Using Timers'. hierarchy_level 2 fits the bookmark nesting and the heading size. Sampled page 371 is the chapter 32 opener and is outside this section, so the content was judged on p370.",
Philips-MP20-MP90-Manual,sec_0710,371,5.4-parent_child,PASS,,"parent_section_id gives sec_0698 'Using Timers', which matches the document structure. It has no child sections and none are printed on its page. Sampled page 371 is the chapter 32 opener and is outside this section, so the content was judged on p370.",
Philips-MP20-MP90-Manual,sec_0710,371,5.4-page_start_end,PASS,,"Section sec_0710 owns #/texts/7058 heading, #/texts/7059 to #/texts/7064 body text and the folio #/texts/7065 ('358') on p370. The heading starts the section. The text stops before the next heading, and no neighbour content is absorbed or missing. Sampled page 371 is the chapter 32 opener and is outside this section, so the content was judged on p370.",
Philips-MP20-MP90-Manual,sec_0710,371,5.4-hierarchy_path,PASS,,"hierarchy_path ends with 'Displaying A Clock On The Main Screen' and the ancestors match the printed outline for p370. Sampled page 371 is the chapter 32 opener and is outside this section, so the content was judged on p370.",
Philips-MP20-MP90-Manual,sec_0710,371,5.4-gaps_duplicates,PASS,,"Each text block of 'Displaying A Clock On The Main Screen' on p370 is in one section only. No block is missing and none is repeated in a neighbour. Sampled page 371 is the chapter 32 opener and is outside this section, so the content was judged on p370.",
Philips-MP20-MP90-Manual,sec_0710,371,5.4-flagged_for_review,PASS,,"flagged_for_review is false and verification_score is 100. The heading 'Displaying A Clock On The Main Screen' is visible on p370, so no flag is needed. Sampled page 371 is the chapter 32 opener and is outside this section, so the content was judged on p370.",
Philips-MP20-MP90-Manual,sec_0710,371,5.4-structural_source,PASS,,"structural_source is 'toc'. The title 'Displaying A Clock On The Main Screen' is a PDF bookmark and the heading is found on p370. Sampled page 371 is the chapter 32 opener and is outside this section, so the content was judged on p370.",
Philips-MP20-MP90-Manual,sec_0710,371,5.6-numbering_scheme,PASS,,"numbering_scheme is 'arabic'. The printed folios on p370 are arabic numbers (for example 358), which fits. Sampled page 371 is the chapter 32 opener and is outside this section, so the content was judged on p370.",
Philips-MP20-MP90-Manual,sec_0710,371,5.6-offset_applied,PASS,,"offset_applied is 0. page_start 370 is the physical page where the heading 'Displaying A Clock On The Main Screen' is rendered (the printed folio is 358, so the bookmark already uses physical pages). Sampled page 371 is the chapter 32 opener and is outside this section, so the content was judged on p370.",
Philips-MP20-MP90-Manual,sec_0710,371,5.5-filters_discarding,PASS,,"No meaningful figure is lost on p370 for this section. Nothing visual in the section area is missing from images.json. Sampled page 371 is the chapter 32 opener and is outside this section, so the content was judged on p370.",
Philips-MP20-MP90-Manual,sec_0710,371,5.5-filters_passing_noise,PASS,,"No decorative image, rule or logo is kept as an image for 'Displaying A Clock On The Main Screen'. No image is mapped to sec_0710. Sampled page 371 is the chapter 32 opener and is outside this section, so the content was judged on p370.",
Philips-MP20-MP90-Manual,sec_0710,371,5.5-image_section_mapping,PASS,,"On p370 no figure is printed. The timer screenshot img_0225 is on p369 and is mapped to sec_0708, not here. No image belongs to sec_0710.",
Philips-MP20-MP90-Manual,sec_0721,376,5.4-hierarchy_level,PASS,,On p375 the heading 'Viewing Received Data' (#/texts/7172) is under the chapter 33 intro. This matches hierarchy_level 2.,
Philips-MP20-MP90-Manual,sec_0721,376,5.4-parent_child,PASS,,"The parent is sec_0720 'Laboratory Data' (level 1, chapter 33). It has no child sections. This agrees with the headings on the page.",
Philips-MP20-MP90-Manual,sec_0721,376,5.4-page_start_end,PASS,,"The section starts at heading #/texts/7172 on p375 and ends on p376 with the folio 364 (#/texts/7208). The last body text is the Enzymes/Markers, Coagulation and Urine Diagnostics bullets and the note on the * mark (#/texts/7204-7207). Chapter 34 starts on p377, so nothing of the next chapter is absorbed.",
Philips-MP20-MP90-Manual,sec_0721,376,5.4-hierarchy_path,PASS,,The path '/Laboratory Data/Viewing Received Data' lists the ancestors in the right order and the last name is the heading seen on the page.,
Philips-MP20-MP90-Manual,sec_0721,376,5.4-gaps_duplicates,PASS,,"Nodes #/texts/7172-7208 are in order with no gap. The lab screen labels are split into short nodes (#/texts/7174-7194), but they are present once. The category list continues from p375 to p376 without a break.",
Philips-MP20-MP90-Manual,sec_0721,376,5.4-flagged_for_review,PASS,,"flagged_for_review is false and verification_score is 100. The heading is on the expected page, so no flag is needed.",
Philips-MP20-MP90-Manual,sec_0721,376,5.4-structural_source,PASS,,structural_source is 'toc'. The embedded bookmark points to the page where the heading 'Viewing Received Data' is printed.,
Philips-MP20-MP90-Manual,sec_0721,376,5.6-numbering_scheme,PASS,,numbering_scheme is arabic. The printed folios are arabic numbers (for example p376 shows a number in the bottom corner).,
Philips-MP20-MP90-Manual,sec_0721,376,5.6-offset_applied,PASS,,offset_applied is 0. The bookmark pages are physical pages and the heading is on page_start (p375).,"The printed folio is a different number from the physical page, but the bookmark uses the physical page, so no offset is needed."
Philips-MP20-MP90-Manual,sec_0721,376,5.5-filters_discarding,PASS,,"The figure of this section is the Lab Results screen on p375. It was extracted as img_0229 (804x524). It shows the values, ranges and timestamps. No figure is printed on p376.",The parameter and unit names are kept as text nodes (#/texts/7174-7194).
Philips-MP20-MP90-Manual,sec_0721,376,5.5-filters_passing_noise,PASS,,"img_0229 shows only the Lab Results screen. There is no extra text, rule or footer in the crop.",
Philips-MP20-MP90-Manual,sec_0721,376,5.5-image_section_mapping,PASS,,"img_0229 (p375) is under the heading 'Viewing Received Data' and above the text 'The Lab Results window shows...'. It is mapped to sec_0721, which is correct.",
Philips-MP20-MP90-Manual,sec_0721,377,5.4-hierarchy_level,PASS,,On p375 the heading 'Viewing Received Data' (#/texts/7172) is under the chapter 33 intro. This matches hierarchy_level 2.,
Philips-MP20-MP90-Manual,sec_0721,377,5.4-parent_child,PASS,,"The parent is sec_0720 'Laboratory Data' (level 1, chapter 33). It has no child sections. This agrees with the headings on the page.",
Philips-MP20-MP90-Manual,sec_0721,377,5.4-page_start_end,PASS,,p377 is the chapter 34 'Care and Cleaning' opener. The section correctly stops at p376 (page_end 376) and owns no node from p377. The p377 content is in sec_0722 and sec_0723.,The sampled page is just after the section end. Nothing is absorbed.
Philips-MP20-MP90-Manual,sec_0721,377,5.4-hierarchy_path,PASS,,The path '/Laboratory Data/Viewing Received Data' lists the ancestors in the right order and the last name is the heading seen on the page.,
Philips-MP20-MP90-Manual,sec_0721,377,5.4-gaps_duplicates,PASS,,"No p377 node is in this section, and none of its p376 nodes is repeated on p377. The p377 text is in sec_0723, so there is no overlap.",
Philips-MP20-MP90-Manual,sec_0721,377,5.4-flagged_for_review,PASS,,"flagged_for_review is false and verification_score is 100. The heading is on the expected page, so no flag is needed.",
Philips-MP20-MP90-Manual,sec_0721,377,5.4-structural_source,PASS,,structural_source is 'toc'. The embedded bookmark points to the page where the heading 'Viewing Received Data' is printed.,
Philips-MP20-MP90-Manual,sec_0721,377,5.6-numbering_scheme,PASS,,numbering_scheme is arabic. The printed folios are arabic numbers (for example p377 shows a number in the bottom corner).,
Philips-MP20-MP90-Manual,sec_0721,377,5.6-offset_applied,PASS,,"offset_applied is 0. The bookmark pages are physical pages and the heading is on page_start (p375). On p377 the section is not present, and the folio is 365.","The printed folio is a different number from the physical page, but the bookmark uses the physical page, so no offset is needed."
Philips-MP20-MP90-Manual,sec_0721,377,5.5-filters_discarding,PASS,,p377 has no figure. The orange rules around the WARNING box are not figures. Nothing meaningful was dropped.,
Philips-MP20-MP90-Manual,sec_0721,377,5.5-filters_passing_noise,PASS,,No image is mapped to p377 for this section. The orange WARNING rules and the blue header bar were not kept as images.,
Philips-MP20-MP90-Manual,sec_0721,377,5.5-image_section_mapping,PASS,,"No figure on p377 is mapped to sec_0721. p377 has no figure, so there is nothing to map.",
Philips-MP20-MP90-Manual,sec_0730,380,5.4-hierarchy_level,PASS,,"On p380 the heading (#/texts/7261) is at the top of the page, under the running header. This matches hierarchy_level 2.",
Philips-MP20-MP90-Manual,sec_0730,380,5.4-parent_child,PASS,,The parent is sec_0722 'Care and Cleaning' (level 1). It has no child sections. This agrees with the headings on the page.,
Philips-MP20-MP90-Manual,sec_0730,380,5.4-page_start_end,PASS,,The section starts at heading #/texts/7261 on p380 and ends with the folio 368 (#/texts/7263). The text 'Wipe with a lint-free cloth ... Do not soak the battery' (#/texts/7262) is complete. The p380 running header is at the top of the same page. Chapter 35 starts on p381 and is not absorbed.,
Philips-MP20-MP90-Manual,sec_0730,380,5.4-hierarchy_path,PASS,,The path '/Care and Cleaning/Cleaning Batteries and the Battery Compartment' lists the ancestors in the right order and the last name is the heading seen on the page.,
Philips-MP20-MP90-Manual,sec_0730,380,5.4-gaps_duplicates,PASS,,Nodes #/texts/7259-7263 are in order. The margin label 'MP20/MP30 MP40/MP50 Only' and the body text are in one node (#/texts/7262). Nothing is repeated or missing.,
Philips-MP20-MP90-Manual,sec_0730,380,5.4-flagged_for_review,PASS,,"flagged_for_review is false and verification_score is 100. The heading is on the expected page, so no flag is needed.",
Philips-MP20-MP90-Manual,sec_0730,380,5.4-structural_source,PASS,,structural_source is 'toc'. The embedded bookmark points to the page where the heading 'Cleaning Batteries and the Battery Compartment' is printed.,
Philips-MP20-MP90-Manual,sec_0730,380,5.6-numbering_scheme,PASS,,numbering_scheme is arabic. The printed folios are arabic numbers (for example p380 shows a number in the bottom corner).,
Philips-MP20-MP90-Manual,sec_0730,380,5.6-offset_applied,PASS,,offset_applied is 0. The bookmark pages are physical pages and the heading is on page_start (p380).,"The printed folio is a different number from the physical page, but the bookmark uses the physical page, so no offset is needed."
Philips-MP20-MP90-Manual,sec_0730,380,5.5-filters_discarding,PASS,,"p380 has no figure, only a heading and one paragraph. Nothing was dropped.",
Philips-MP20-MP90-Manual,sec_0730,380,5.5-filters_passing_noise,PASS,,No image is mapped to this section. The blue running-header bar was not kept as an image.,
Philips-MP20-MP90-Manual,sec_0730,380,5.5-image_section_mapping,PASS,,No figure is printed on p380 and no image is mapped to sec_0730. This was checked on the rendered page.,
Philips-MP20-MP90-Manual,sec_0733,382,5.4-hierarchy_level,PASS,,On p382 the small heading 'Battery LED' (#/texts/7284) is under the larger heading 'Battery Power Indicators'. This matches hierarchy_level 3.,
Philips-MP20-MP90-Manual,sec_0733,382,5.4-parent_child,PASS,,The parent is sec_0732 'Battery Power Indicators' (level 2). It has no child sections. This agrees with the headings on the page.,
Philips-MP20-MP90-Manual,sec_0733,382,5.4-page_start_end,PASS,,"The section starts at heading #/texts/7284 on p382. The back-view figure and the text above it belong to sec_0731, and the 'Battery Power Indicators' text belongs to sec_0732. This section has only the one sentence under its heading on p382 and the folio 370.",
Philips-MP20-MP90-Manual,sec_0733,382,5.4-hierarchy_path,PASS,,The path '/Using Batteries/Battery Power Indicators/Battery LED' lists the ancestors in the right order and the last name is the heading seen on the page.,
Philips-MP20-MP90-Manual,sec_0733,382,5.4-gaps_duplicates,PASS,,Nodes #/texts/7284-7286 on p382 continue with #/texts/7287-7291 and table 129 on p383. No node is missing or repeated. The first sentence of the section is on p382 and the figure with the table is on p383.,
Philips-MP20-MP90-Manual,sec_0733,382,5.4-flagged_for_review,PASS,,"flagged_for_review is false and verification_score is 100. The heading is on the expected page, so no flag is needed.",
Philips-MP20-MP90-Manual,sec_0733,382,5.4-structural_source,PASS,,structural_source is 'toc'. The embedded bookmark points to the page where the heading 'Battery LED' is printed.,
Philips-MP20-MP90-Manual,sec_0733,382,5.6-numbering_scheme,PASS,,numbering_scheme is arabic. The printed folios are arabic numbers (for example p382 shows a number in the bottom corner).,
Philips-MP20-MP90-Manual,sec_0733,382,5.6-offset_applied,PASS,,offset_applied is 0. The bookmark pages are physical pages and the heading is on page_start (p382).,"The printed folio is a different number from the physical page, but the bookmark uses the physical page, so no offset is needed."
Philips-MP20-MP90-Manual,sec_0733,382,5.6-table_content,PASS,,No table is printed on p382 in this section. The only table of the section is on p383 and it is checked on that page.,
Philips-MP20-MP90-Manual,sec_0733,382,5.5-filters_discarding,PASS,,No figure belongs to this section on p382. The large back-view figure at the top of p382 belongs to sec_0731. Nothing of this section was dropped on p382.,
Philips-MP20-MP90-Manual,sec_0733,382,5.5-filters_passing_noise,PASS,,"No image is mapped to this section on p382, so no noise was kept.",
Philips-MP20-MP90-Manual,sec_0733,382,5.5-image_section_mapping,PASS,,"No image is mapped to sec_0733 on p382. The back-view figure there (img_0232) is above the heading 'Battery Power Indicators' and is mapped to sec_0731, which is right.",
Philips-MP20-MP90-Manual,sec_0733,383,5.4-hierarchy_level,PASS,,On p382 the small heading 'Battery LED' (#/texts/7284) is under the larger heading 'Battery Power Indicators'. This matches hierarchy_level 3.,
Philips-MP20-MP90-Manual,sec_0733,383,5.4-parent_child,PASS,,The parent is sec_0732 'Battery Power Indicators' (level 2). It has no child sections. This agrees with the headings on the page.,
Philips-MP20-MP90-Manual,sec_0733,383,5.4-page_start_end,PASS,,"On p383 the section owns the running header, the figure label, the margin label 'MP20/30/ 40/50 only' (#/texts/7289), the LED table (node 129) and the MP40/50 paragraph (#/texts/7291). It ends before the heading 'Battery Status on the Main Screen' (sec_0734).",
Philips-MP20-MP90-Manual,sec_0733,383,5.4-hierarchy_path,PASS,,The path '/Using Batteries/Battery Power Indicators/Battery LED' lists the ancestors in the right order and the last name is the heading seen on the page.,
Philips-MP20-MP90-Manual,sec_0733,383,5.4-gaps_duplicates,PASS,,The table and its text are in one section and no node is repeated. The next heading 'Battery Status on the Main Screen' and its figure are in sec_0734.,
Philips-MP20-MP90-Manual,sec_0733,383,5.4-flagged_for_review,PASS,,"flagged_for_review is false and verification_score is 100. The heading is on the expected page, so no flag is needed.",
Philips-MP20-MP90-Manual,sec_0733,383,5.4-structural_source,PASS,,structural_source is 'toc'. The embedded bookmark points to the page where the heading 'Battery LED' is printed.,
Philips-MP20-MP90-Manual,sec_0733,383,5.6-numbering_scheme,PASS,,numbering_scheme is arabic. The printed folios are arabic numbers (for example p383 shows a number in the bottom corner).,
Philips-MP20-MP90-Manual,sec_0733,383,5.6-offset_applied,PASS,,offset_applied is 0. The bookmark pages are physical pages and the heading is on page_start (p382).,"The printed folio is a different number from the physical page, but the bookmark uses the physical page, so no offset is needed."
Philips-MP20-MP90-Manual,sec_0733,383,5.6-table_content,PASS,,"The extracted table (node 129) has the header 'Battery LED Colors' with 2 state columns and 4 colour rows. Green is '> 90%'. Yellow is 'batteries charging (< 90%)'. Red, flashing is 'less than 10 minutes'. Red, flashes intermittently is 'battery malfunction' in both columns. Empty cells are in the right columns. All of this matches the page.",
Philips-MP20-MP90-Manual,sec_0733,383,5.5-filters_discarding,FAIL,Low,"On p383 the front-of-monitor figure was saved as img_0233. On the page, an arrow points to the battery LED. The figure is extracted, but the arrow is not drawn in the crop. The label 'Battery LED' is kept as text (#/texts/7290).","The drawn arrow (an overlay on the photo) was probably left out of the crop. The text states the LED, so the loss is small. Low per the agreed rule. A reviewer may accept it."
Philips-MP20-MP90-Manual,sec_0733,383,5.5-filters_passing_noise,PASS,,"img_0233 shows only the monitor front with its LEDs. There is no extra text, rule or footer in the crop.",
Philips-MP20-MP90-Manual,sec_0733,383,5.5-image_section_mapping,PASS,,"img_0233 is at the top of p383, above the LED table and below the 'Battery Power Indicators' header. It illustrates the Battery LED text and is mapped to sec_0733, which is correct.",
Philips-MP20-MP90-Manual,sec_0736,385,5.4-hierarchy_level,PASS,,On p385 the small bold heading 'Viewing Individual Battery Status' (#/texts/7363) has the same style as its siblings 'Recording Battery Status' and 'Printing Battery Reports'. This matches hierarchy_level 4.,
Philips-MP20-MP90-Manual,sec_0736,385,5.4-parent_child,PASS,,"The parent is sec_0735 'Battery Status Window' (level 3, starts p384). It has no child sections. This agrees with the headings on the page.",
Philips-MP20-MP90-Manual,sec_0736,385,5.4-page_start_end,PASS,,The section has the heading #/texts/7363 and the one bullet with the margin label 'MP20/30/ 40/50 only' (#/texts/7364). The text above the heading belongs to the previous section. It ends before the heading 'Recording Battery Status' (sec_0737). page_start and page_end are both 385.,
Philips-MP20-MP90-Manual,sec_0736,385,5.4-hierarchy_path,PASS,,The path '/Using Batteries/Battery Power Indicators/Battery Status Window/Viewing Individual Battery Status' lists the ancestors in the right order and the last name is the heading seen on the page.,
Philips-MP20-MP90-Manual,sec_0736,385,5.4-gaps_duplicates,PASS,,The heading and its single bullet are in the section. The margin label and the bullet text are in the same node. The top paragraphs about TimeToEmpty and TimeToFull are in an earlier section. No node is repeated.,
Philips-MP20-MP90-Manual,sec_0736,385,5.4-flagged_for_review,PASS,,"flagged_for_review is false and verification_score is 100. The heading is on the expected page, so no flag is needed.",
Philips-MP20-MP90-Manual,sec_0736,385,5.4-structural_source,PASS,,structural_source is 'toc'. The embedded bookmark points to the page where the heading 'Viewing Individual Battery Status' is printed.,
Philips-MP20-MP90-Manual,sec_0736,385,5.6-numbering_scheme,PASS,,numbering_scheme is arabic. The printed folios are arabic numbers (for example p385 shows a number in the bottom corner).,
Philips-MP20-MP90-Manual,sec_0736,385,5.6-offset_applied,PASS,,offset_applied is 0. The bookmark pages are physical pages and the heading is on page_start (p385).,"The printed folio is a different number from the physical page, but the bookmark uses the physical page, so no offset is needed."
Philips-MP20-MP90-Manual,sec_0736,385,5.5-filters_discarding,PASS,,p385 has no figure. Nothing was dropped.,
Philips-MP20-MP90-Manual,sec_0736,385,5.5-filters_passing_noise,PASS,,No image is mapped to this section. The blue running-header bar was not kept as an image.,
Philips-MP20-MP90-Manual,sec_0736,385,5.5-image_section_mapping,PASS,,No figure is printed on p385 and no image is mapped to sec_0736. This was checked on the rendered page.,
Philips-MP20-MP90-Manual,sec_0769,396,5.4-hierarchy_level,PASS,,"On p396 the heading '3-Electrode Cable Sets' (#/texts/7519) is at the top, under the running header, and has the same style as the other cable-set headings below it. This matches hierarchy_level 4.",
Philips-MP20-MP90-Manual,sec_0769,396,5.4-parent_child,PASS,,"The parent is sec_0767 'Supported Cables' (level 3, starts p395). It has no child sections. This agrees with the headings on the page.",
Philips-MP20-MP90-Manual,sec_0769,396,5.4-page_start_end,PASS,,"The section starts at heading #/texts/7519 at the top of p396, below the running header (#/texts/7517-7518). It has only its own table (node 140). It ends before the heading '5-Electrode Cable Sets' (sec_0770). The folio 384 is not listed in this section.",
Philips-MP20-MP90-Manual,sec_0769,396,5.4-hierarchy_path,PASS,,The path '/Accessories/ECG/Resp Accessories/Supported Cables/3-Electrode Cable Sets' lists the ancestors in the right order and the last name is the heading seen on the page.,
Philips-MP20-MP90-Manual,sec_0769,396,5.4-gaps_duplicates,PASS,,The heading and its single table are in the section. The other four tables on p396 belong to the next headings. No node is repeated.,
Philips-MP20-MP90-Manual,sec_0769,396,5.4-flagged_for_review,PASS,,"flagged_for_review is false and verification_score is 100. The heading is on the expected page, so no flag is needed.",
Philips-MP20-MP90-Manual,sec_0769,396,5.4-structural_source,PASS,,structural_source is 'toc'. The embedded bookmark points to the page where the heading '3-Electrode Cable Sets' is printed.,
Philips-MP20-MP90-Manual,sec_0769,396,5.6-numbering_scheme,PASS,,numbering_scheme is arabic. The printed folios are arabic numbers (for example p396 shows a number in the bottom corner).,
Philips-MP20-MP90-Manual,sec_0769,396,5.6-offset_applied,PASS,,offset_applied is 0. The bookmark pages are physical pages and the heading is on page_start (p396).,"The printed folio is a different number from the physical page, but the bookmark uses the physical page, so no offset is needed."
Philips-MP20-MP90-Manual,sec_0769,396,5.6-table_content,PASS,,"The table has 5 data rows with 4 columns: Description, Length, AAMI Part No., IEC Part No. For example, 'ICU Clip non-shielded | 0.45m | M1608A | M1618A'. All rows and values match the page.",
Philips-MP20-MP90-Manual,sec_0769,396,5.5-filters_discarding,PASS,,p396 has only tables and no figure. Nothing was dropped.,
Philips-MP20-MP90-Manual,sec_0769,396,5.5-filters_passing_noise,PASS,,No image is mapped to this section. The blue table header shading and header bar were not kept as images.,
Philips-MP20-MP90-Manual,sec_0769,396,5.5-image_section_mapping,PASS,,No figure is printed on p396 and no image is mapped to sec_0769. This was checked on the rendered page.,
Philips-MP20-MP90-Manual,sec_0781,403,5.4-hierarchy_level,PASS,,The heading 'SpO2 Accessories' on p399 has the same style as its sibling headings. hierarchy_level=2 fits the outline.,
Philips-MP20-MP90-Manual,sec_0781,403,5.4-parent_child,PASS,,sec_0781 sits under sec_0755 (Accessories). It has no child sections. The page shows the section in the expected place of the outline.,
Philips-MP20-MP90-Manual,sec_0781,403,5.4-page_start_end,PASS,,Range p399-p404 is right. The section starts at heading #/texts/7543 on p399 and ends with the Masimo sensors table #/tables/159 on p404. The top table of p399 belongs to sec_0780. The p403 tables #/tables/156 and #/tables/157 are owned here and sit under this heading.,
Philips-MP20-MP90-Manual,sec_0781,403,5.4-hierarchy_path,PASS,,hierarchy_path '/Accessories/SpO2 Accessories' lists the ancestors in the correct order.,
Philips-MP20-MP90-Manual,sec_0781,403,5.4-gaps_duplicates,PASS,,"Tables #/tables/152 to #/tables/159 follow the pages p399 to p404 in order, one table node per printed table part. None is repeated and no part is missing. The p399 table above the heading is not duplicated here.",
Philips-MP20-MP90-Manual,sec_0781,403,5.4-flagged_for_review,PASS,,"flagged_for_review is false and verification_score is high. The heading 'SpO2 Accessories' is visible on p399, so the flag state is right.",
Philips-MP20-MP90-Manual,sec_0781,403,5.4-structural_source,PASS,,"structural_source is 'toc'. The heading 'SpO2 Accessories' is on physical p399, where page_start=399 points.",
Philips-MP20-MP90-Manual,sec_0781,403,5.6-numbering_scheme,PASS,,"Printed folio on p403 is 391. Folios are arabic and continuous, so numbering_scheme 'arabic' is right.",
Philips-MP20-MP90-Manual,sec_0781,403,5.6-offset_applied,PASS,,"page_start=399 is the physical page where the heading is printed. The printed folio is 12 lower than the physical page, constant along the chapter. offset_applied=0 is consistent.",
Philips-MP20-MP90-Manual,sec_0781,403,5.6-table_content,PASS,,"On p403 #/tables/156 (M1943NL, OC-3) and #/tables/157 (Masimo LNOP/LNCS sensors with Philips part numbers) match the render row by row. Product, Opt. A01, Opt. A02 and part number values are in the right columns.",
Philips-MP20-MP90-Manual,sec_0781,403,5.5-filters_discarding,PASS,,"On p403 I see no figure, photo, icon or vector drawing in this section; the only image of the section, img_0238 (Masimo logo), is on p404. Nothing meaningful was dropped.",
Philips-MP20-MP90-Manual,sec_0781,403,5.5-filters_passing_noise,PASS,,"No image of this section is mapped to p403 in images.json, so no decorative element was kept as an image.",
Philips-MP20-MP90-Manual,sec_0781,403,5.5-image_section_mapping,PASS,,p403 has no figure to map. I checked that no visual is missing from the section on this page.,
Philips-MP20-MP90-Manual,sec_0784,406,5.4-hierarchy_level,PASS,,The heading 'Mainstream CO2 Accessories' on p406 has the same style as its sibling headings. hierarchy_level=2 fits the outline.,
Philips-MP20-MP90-Manual,sec_0784,406,5.4-parent_child,PASS,,sec_0784 sits under sec_0755 (Accessories). It has no child sections. The page shows the section in the expected place of the outline.,
Philips-MP20-MP90-Manual,sec_0784,406,5.4-page_start_end,PASS,,The section is only the heading #/texts/7580 and the five-row table #/tables/163 on p406. The table above the heading (Transpulmonary Thermodilution) is #/tables/162 in sec_0783. The 'Sidestream CO2 Accessories' heading and table below are in sec_0785. page_start=page_end=406 is right.,
Philips-MP20-MP90-Manual,sec_0784,406,5.4-hierarchy_path,PASS,,hierarchy_path '/Accessories/Mainstream CO2 Accessories' lists the ancestors in the correct order.,
Philips-MP20-MP90-Manual,sec_0784,406,5.4-gaps_duplicates,PASS,,Heading #/texts/7580 and table #/tables/163 appear once. They do not overlap with #/tables/162 (sec_0783) or #/tables/164 (sec_0785).,
Philips-MP20-MP90-Manual,sec_0784,406,5.4-flagged_for_review,PASS,,"flagged_for_review is false and verification_score is high. The heading 'Mainstream CO2 Accessories' is visible on p406, so the flag state is right.",
Philips-MP20-MP90-Manual,sec_0784,406,5.4-structural_source,PASS,,"structural_source is 'toc'. The heading 'Mainstream CO2 Accessories' is on physical p406, where page_start=406 points.",
Philips-MP20-MP90-Manual,sec_0784,406,5.6-numbering_scheme,PASS,,"Printed folio on p406 is 394. Folios are arabic and continuous, so numbering_scheme 'arabic' is right.",
Philips-MP20-MP90-Manual,sec_0784,406,5.6-offset_applied,PASS,,"page_start=406 is the physical page where the heading is printed. The printed folio is 12 lower than the physical page, constant along the chapter. offset_applied=0 is consistent.",
Philips-MP20-MP90-Manual,sec_0784,406,5.6-table_content,PASS,,"#/tables/163 has the five rows of the render: CO2 Sensor M2501A, M2513A, M2516A, M2533A, M2536A. Descriptions and part numbers are in the right columns.",
Philips-MP20-MP90-Manual,sec_0784,406,5.5-filters_discarding,PASS,,"On p406 I see no figure, photo, icon or vector drawing in this section. Nothing meaningful was dropped.",
Philips-MP20-MP90-Manual,sec_0784,406,5.5-filters_passing_noise,PASS,,"No image of this section is mapped to p406 in images.json, so no decorative element was kept as an image.",
Philips-MP20-MP90-Manual,sec_0784,406,5.5-image_section_mapping,PASS,,p406 has no figure to map. I checked that no visual is missing from the section on this page.,
Philips-MP20-MP90-Manual,sec_0798,413,5.4-hierarchy_level,PASS,,The heading 'Battery Accessories' on p411 has the same style as its sibling headings. hierarchy_level=2 fits the outline.,
Philips-MP20-MP90-Manual,sec_0798,413,5.4-parent_child,PASS,,sec_0798 sits under sec_0755 (Accessories). It has no child sections. The page shows the section in the expected place of the outline.,
Philips-MP20-MP90-Manual,sec_0798,413,5.4-page_start_end,PASS,,p413 is the chapter 38 opening page. The section owns no node on p413. The two '38' chapter-number nodes (#/texts/7634 and #/texts/7635) are in sec_0799. page_end=412 is right.,"Old problem (BUG-022, v2.4): now fixed. The chapter number of the next chapter is no longer in this section."
Philips-MP20-MP90-Manual,sec_0798,413,5.4-hierarchy_path,PASS,,hierarchy_path '/Accessories/Battery Accessories' lists the ancestors in the correct order.,
Philips-MP20-MP90-Manual,sec_0798,413,5.4-gaps_duplicates,PASS,,Nodes #/texts/7629 to #/texts/7633 and #/tables/177 are owned once. The Recorder table #/tables/176 on p411 is in sec_0797. The chapter 38 nodes on p413 are in sec_0799. No gap and no overlap.,
Philips-MP20-MP90-Manual,sec_0798,413,5.4-flagged_for_review,PASS,,"flagged_for_review is false and verification_score is high. The heading 'Battery Accessories' is visible on p411, so the flag state is right.",
Philips-MP20-MP90-Manual,sec_0798,413,5.4-structural_source,PASS,,"structural_source is 'toc'. The heading 'Battery Accessories' is on physical p411, where page_start=411 points.",
Philips-MP20-MP90-Manual,sec_0798,413,5.6-numbering_scheme,PASS,,"Printed folio on p413 is 401. Folios are arabic and continuous, so numbering_scheme 'arabic' is right.",
Philips-MP20-MP90-Manual,sec_0798,413,5.6-offset_applied,PASS,,"page_start=411 is the physical page where the heading is printed. The printed folio is 12 lower than the physical page, constant along the chapter. offset_applied=0 is consistent.",
Philips-MP20-MP90-Manual,sec_0798,413,5.6-table_content,PASS,,"p413 has no table of this section. The only table of the section, #/tables/177 on p411, matches the render (M8043A and 4512 610 17451).",
Philips-MP20-MP90-Manual,sec_0798,413,5.5-filters_discarding,PASS,,"On p413 I see no figure, photo, icon or vector drawing in this section; only the blue rule under chapter number 38 is printed and it is not extracted. Nothing meaningful was dropped.",
Philips-MP20-MP90-Manual,sec_0798,413,5.5-filters_passing_noise,PASS,,"No image of this section is mapped to p413 in images.json, so no decorative element was kept as an image.",
Philips-MP20-MP90-Manual,sec_0798,413,5.5-image_section_mapping,PASS,,p413 has no figure to map. I checked that no visual is missing from the section on this page.,
Philips-MP20-MP90-Manual,sec_0816,428,5.4-hierarchy_level,PASS,,The heading 'Environmental Specifications' on p428 has the same style as its sibling headings. hierarchy_level=3 fits the outline.,
Philips-MP20-MP90-Manual,sec_0816,428,5.4-parent_child,PASS,,sec_0816 sits under sec_0814 (EMC And Radio Regulatory Compliance). It has no child sections. The page shows the section in the expected place of the outline.,
Philips-MP20-MP90-Manual,sec_0816,428,5.4-page_start_end,PASS,,"The section starts at heading #/texts/7963 at the bottom of p428. Its two paragraphs (#/texts/7964, #/texts/7965) follow. The physical weight table above the heading is in sec_0815. page_start=428 is right.",
Philips-MP20-MP90-Manual,sec_0816,428,5.4-hierarchy_path,PASS,,hierarchy_path '/Installation and Specifications/EMC And Radio Regulatory Compliance/Environmental Specifications' lists the ancestors in the correct order.,
Philips-MP20-MP90-Manual,sec_0816,428,5.4-gaps_duplicates,PASS,,Heading and two paragraphs on p428 are owned once. The p428 table above is in sec_0815. Tables start on p429. No gap and no overlap.,
Philips-MP20-MP90-Manual,sec_0816,428,5.4-flagged_for_review,PASS,,"flagged_for_review is false and verification_score is high. The heading 'Environmental Specifications' is visible on p428, so the flag state is right.",
Philips-MP20-MP90-Manual,sec_0816,428,5.4-structural_source,PASS,,"structural_source is 'toc'. The heading 'Environmental Specifications' is on physical p428, where page_start=428 points.",
Philips-MP20-MP90-Manual,sec_0816,428,5.6-numbering_scheme,PASS,,"Printed folio on p428 is 416. Folios are arabic and continuous, so numbering_scheme 'arabic' is right.",
Philips-MP20-MP90-Manual,sec_0816,428,5.6-offset_applied,PASS,,"page_start=428 is the physical page where the heading is printed. The printed folio is 12 lower than the physical page, constant along the chapter. offset_applied=0 is consistent.",
Philips-MP20-MP90-Manual,sec_0816,428,5.6-table_content,PASS,,"p428 has no table of this section; only the heading and two paragraphs are printed under it. The tables of this section start on p429, so there is nothing to compare here.",
Philips-MP20-MP90-Manual,sec_0816,428,5.5-filters_discarding,PASS,,"On p428 I see no figure, photo, icon or vector drawing in this section. Nothing meaningful was dropped.",
Philips-MP20-MP90-Manual,sec_0816,428,5.5-filters_passing_noise,PASS,,"No image of this section is mapped to p428 in images.json, so no decorative element was kept as an image.",
Philips-MP20-MP90-Manual,sec_0816,428,5.5-image_section_mapping,PASS,,p428 has no figure to map. I checked that no visual is missing from the section on this page.,
Philips-MP20-MP90-Manual,sec_0816,429,5.4-hierarchy_level,PASS,,The heading 'Environmental Specifications' on p428 has the same style as its sibling headings. hierarchy_level=3 fits the outline.,
Philips-MP20-MP90-Manual,sec_0816,429,5.4-parent_child,PASS,,sec_0816 sits under sec_0814 (EMC And Radio Regulatory Compliance). It has no child sections. The page shows the section in the expected place of the outline.,
Philips-MP20-MP90-Manual,sec_0816,429,5.4-page_start_end,PASS,,On p429 the four tables #/tables/183 to #/tables/186 and the footnote #/texts/7969 are the environmental tables under this heading. No content of a neighbour is absorbed. The range p428-p431 is right.,
Philips-MP20-MP90-Manual,sec_0816,429,5.4-hierarchy_path,PASS,,hierarchy_path '/Installation and Specifications/EMC And Radio Regulatory Compliance/Environmental Specifications' lists the ancestors in the correct order.,
Philips-MP20-MP90-Manual,sec_0816,429,5.4-gaps_duplicates,PASS,,Tables #/tables/183 to #/tables/186 and footnote #/texts/7969 on p429 appear once and in order. Table #/tables/187 continues on p430. No duplicate.,
Philips-MP20-MP90-Manual,sec_0816,429,5.4-flagged_for_review,PASS,,"flagged_for_review is false and verification_score is high. The heading 'Environmental Specifications' is visible on p428, so the flag state is right.",
Philips-MP20-MP90-Manual,sec_0816,429,5.4-structural_source,PASS,,"structural_source is 'toc'. The heading 'Environmental Specifications' is on physical p428, where page_start=428 points.",
Philips-MP20-MP90-Manual,sec_0816,429,5.6-numbering_scheme,PASS,,"Printed folio on p429 is 417. Folios are arabic and continuous, so numbering_scheme 'arabic' is right.",
Philips-MP20-MP90-Manual,sec_0816,429,5.6-offset_applied,PASS,,"page_start=428 is the physical page where the heading is printed. The printed folio is 12 lower than the physical page, constant along the chapter. offset_applied=0 is consistent.",
Philips-MP20-MP90-Manual,sec_0816,429,5.6-table_content,PASS,,"#/tables/183 to #/tables/186 match the render: temperature, humidity and altitude ranges for MP40-MP90, MP20/MP30, all monitors and X2/M8023A. Values, units and conditions are in the right rows. Footnote marker '1' is kept.",
Philips-MP20-MP90-Manual,sec_0816,429,5.5-filters_discarding,PASS,,"On p429 I see no figure, photo, icon or vector drawing in this section. Nothing meaningful was dropped.",
Philips-MP20-MP90-Manual,sec_0816,429,5.5-filters_passing_noise,PASS,,"No image of this section is mapped to p429 in images.json, so no decorative element was kept as an image.",
Philips-MP20-MP90-Manual,sec_0816,429,5.5-image_section_mapping,PASS,,p429 has no figure to map. I checked that no visual is missing from the section on this page.,
Philips-MP20-MP90-Manual,sec_0816,431,5.4-hierarchy_level,PASS,,The heading 'Environmental Specifications' on p428 has the same style as its sibling headings. hierarchy_level=3 fits the outline.,
Philips-MP20-MP90-Manual,sec_0816,431,5.4-parent_child,PASS,,sec_0816 sits under sec_0814 (EMC And Radio Regulatory Compliance). It has no child sections. The page shows the section in the expected place of the outline.,
Philips-MP20-MP90-Manual,sec_0816,431,5.4-page_start_end,PASS,,"On p431 the tables #/tables/191 to #/tables/193 (M1116B, M8026A, M8025A) are printed above the 'Monitor Performance Specifications' heading and belong here. That heading and table #/tables/194 start sec_0817. page_end=431 is right.",
Philips-MP20-MP90-Manual,sec_0816,431,5.4-hierarchy_path,PASS,,hierarchy_path '/Installation and Specifications/EMC And Radio Regulatory Compliance/Environmental Specifications' lists the ancestors in the correct order.,
Philips-MP20-MP90-Manual,sec_0816,431,5.4-gaps_duplicates,PASS,,Tables #/tables/191 to #/tables/193 on p431 follow #/tables/190 from p430 in order. The table #/tables/194 below the heading is in sec_0817. No duplicate.,
Philips-MP20-MP90-Manual,sec_0816,431,5.4-flagged_for_review,PASS,,"flagged_for_review is false and verification_score is high. The heading 'Environmental Specifications' is visible on p428, so the flag state is right.",
Philips-MP20-MP90-Manual,sec_0816,431,5.4-structural_source,PASS,,"structural_source is 'toc'. The heading 'Environmental Specifications' is on physical p428, where page_start=428 points.",
Philips-MP20-MP90-Manual,sec_0816,431,5.6-numbering_scheme,PASS,,"Printed folio on p431 is 419. Folios are arabic and continuous, so numbering_scheme 'arabic' is right.",
Philips-MP20-MP90-Manual,sec_0816,431,5.6-offset_applied,PASS,,"page_start=428 is the physical page where the heading is printed. The printed folio is 12 lower than the physical page, constant along the chapter. offset_applied=0 is consistent.",
Philips-MP20-MP90-Manual,sec_0816,431,5.6-table_content,PASS,,"#/tables/191 (M1116B), #/tables/192 (M8026A) and #/tables/193 (M8025A) match the render. Operating and storage values for humidity, temperature and altitude are in the right rows.",
Philips-MP20-MP90-Manual,sec_0816,431,5.5-filters_discarding,PASS,,"On p431 I see no figure, photo, icon or vector drawing in this section. Nothing meaningful was dropped.",
Philips-MP20-MP90-Manual,sec_0816,431,5.5-filters_passing_noise,PASS,,"No image of this section is mapped to p431 in images.json, so no decorative element was kept as an image.",
Philips-MP20-MP90-Manual,sec_0816,431,5.5-image_section_mapping,PASS,,p431 has no figure to map. I checked that no visual is missing from the section on this page.,
Philips-MP20-MP90-Manual,sec_0817,436,5.4-hierarchy_level,PASS,,The heading 'Monitor Performance Specifications' on p431 has the same style as its sibling headings. hierarchy_level=2 fits the outline.,
Philips-MP20-MP90-Manual,sec_0817,436,5.4-parent_child,PASS,,sec_0817 sits under sec_0799 (Installation and Specifications). It has no child sections. The page shows the section in the expected place of the outline.,
Philips-MP20-MP90-Manual,sec_0817,436,5.4-page_start_end,PASS,,p436 has only the continued Monitor Interface table #/tables/203. It belongs to this section. The range p431-p440 is right and ends before the 'M4605A Battery Specifications' heading on p440.,
Philips-MP20-MP90-Manual,sec_0817,436,5.4-hierarchy_path,PASS,,hierarchy_path '/Installation and Specifications/Monitor Performance Specifications' lists the ancestors in the correct order.,
Philips-MP20-MP90-Manual,sec_0817,436,5.4-gaps_duplicates,PASS,,#/tables/203 on p436 continues #/tables/202 from p435 and is followed by #/tables/204 on p437. Each part appears once. No gap and no duplicate.,
Philips-MP20-MP90-Manual,sec_0817,436,5.4-flagged_for_review,PASS,,"flagged_for_review is false and verification_score is high. The heading 'Monitor Performance Specifications' is visible on p431, so the flag state is right.",
Philips-MP20-MP90-Manual,sec_0817,436,5.4-structural_source,PASS,,"structural_source is 'toc'. The heading 'Monitor Performance Specifications' is on physical p431, where page_start=431 points.",
Philips-MP20-MP90-Manual,sec_0817,436,5.6-numbering_scheme,PASS,,"Printed folio on p436 is 424. Folios are arabic and continuous, so numbering_scheme 'arabic' is right.",
Philips-MP20-MP90-Manual,sec_0817,436,5.6-offset_applied,PASS,,"page_start=431 is the physical page where the heading is printed. The printed folio is 12 lower than the physical page, constant along the chapter. offset_applied=0 is consistent.",
Philips-MP20-MP90-Manual,sec_0817,436,5.6-table_content,PASS,,"#/tables/203 matches the render: Dual MIB/RS232, USB, ECG Output/Marker Input, Marker Input, Basic and Flexible Nurse Call Relay. Values like 320 to 3200 in 19 steps, <20 %, 1 to 80 Hz and 1.5 kV are in the right rows.",
Philips-MP20-MP90-Manual,sec_0817,436,5.5-filters_discarding,PASS,,"On p436 I see no figure, photo, icon or vector drawing in this section. Nothing meaningful was dropped.",
Philips-MP20-MP90-Manual,sec_0817,436,5.5-filters_passing_noise,PASS,,"No image of this section is mapped to p436 in images.json, so no decorative element was kept as an image.",
Philips-MP20-MP90-Manual,sec_0817,436,5.5-image_section_mapping,PASS,,p436 has no figure to map. I checked that no visual is missing from the section on this page.,
Philips-MP20-MP90-Manual,sec_0820,443,5.4-hierarchy_level,PASS,,The heading 'ECG/Arrhythmia/ST/QT' on p441 has the same style as its sibling headings. hierarchy_level=3 fits the outline.,
Philips-MP20-MP90-Manual,sec_0820,443,5.4-parent_child,PASS,,sec_0820 sits under sec_0819 (Measurement Specifications). It has no child sections. The page shows the section in the expected place of the outline.,
Philips-MP20-MP90-Manual,sec_0820,443,5.4-page_start_end,PASS,,On p443 the AAMI supplemental table #/tables/216 is above the 'Respiration' heading and belongs here. The Respiration heading and its table start sec_0821. page_end=443 is right.,
Philips-MP20-MP90-Manual,sec_0820,443,5.4-hierarchy_path,PASS,,hierarchy_path '/Installation and Specifications/Measurement Specifications/ECG/Arrhythmia/ST/QT' lists the ancestors in the correct order.,
Philips-MP20-MP90-Manual,sec_0820,443,5.4-gaps_duplicates,PASS,,Tables #/tables/212 to #/tables/216 follow p441 to p443 in order. Each printed table or part appears once. No gap and no duplicate.,
Philips-MP20-MP90-Manual,sec_0820,443,5.4-flagged_for_review,PASS,,"flagged_for_review is false and verification_score is high. The heading 'ECG/Arrhythmia/ST/QT' is visible on p441, so the flag state is right.",
Philips-MP20-MP90-Manual,sec_0820,443,5.4-structural_source,PASS,,"structural_source is 'toc'. The heading 'ECG/Arrhythmia/ST/QT' is on physical p441, where page_start=441 points.",
Philips-MP20-MP90-Manual,sec_0820,443,5.6-numbering_scheme,PASS,,"Printed folio on p443 is 431. Folios are arabic and continuous, so numbering_scheme 'arabic' is right.",
Philips-MP20-MP90-Manual,sec_0820,443,5.6-offset_applied,PASS,,"page_start=441 is the physical page where the heading is printed. The printed folio is 12 lower than the physical page, constant along the chapter. offset_applied=0 is consistent.",
Philips-MP20-MP90-Manual,sec_0820,443,5.6-table_content,FAIL,Critical,"On p443 #/tables/216 has only two rows for 'Vent Tachycardia 2 mV pp, 195 bpm' (Gain 0.5 and 1.0). The render also has 'Gain 2.0, Range 5.3 to 6.1 seconds, Average 5.7 seconds'. That row is not in the node. The test name reads 'mVp Vpp' instead of 'mV pp'. Other rows match.","Old problem (BUG-008, v2.13): still present. Lead change: Medium to Critical. The row 'Gain 2.0, Range 5.3 to 6.1 seconds, Average 5.7 seconds' is printed on p443. Its text is nowhere in tree.json (lead search). Agreed rule: a lost table row whose text is nowhere else = Critical."
Philips-MP20-MP90-Manual,sec_0820,443,5.5-filters_discarding,PASS,,"On p443 I see no figure, photo, icon or vector drawing in this section. Nothing meaningful was dropped.",
Philips-MP20-MP90-Manual,sec_0820,443,5.5-filters_passing_noise,PASS,,"No image of this section is mapped to p443 in images.json, so no decorative element was kept as an image.",
Philips-MP20-MP90-Manual,sec_0820,443,5.5-image_section_mapping,PASS,,p443 has no figure to map. I checked that no visual is missing from the section on this page.,
Philips-MP20-MP90-Manual,sec_0824,450,5.4-hierarchy_level,PASS,,On p450 'Invasive Pressure and Pulse' is a large top heading under the running header 'Measurement Specifications'. hierarchy_level 3 under sec_0819 (level 2) fits.,
Philips-MP20-MP90-Manual,sec_0824,450,5.4-parent_child,PASS,,Parent sec_0819 'Measurement Specifications' spans p441-459 and contains this section. children is empty and the page shows no sub-headings.,
Philips-MP20-MP90-Manual,sec_0824,450,5.4-page_start_end,PASS,,sec_0824 starts at its heading #/texts/8054 on p450 and ends with table #/tables/228 on p451. The 'Temp' heading below it on p451 is in sec_0825 (#/texts/8059).,
Philips-MP20-MP90-Manual,sec_0824,450,5.4-hierarchy_path,PASS,,Path /Installation and Specifications/Measurement Specifications/Invasive Pressure and Pulse matches the running headers on p450 and p451.,
Philips-MP20-MP90-Manual,sec_0824,450,5.4-gaps_duplicates,PASS,,"p450 heading, note, tables #/tables/226-227 and p451 table #/tables/228 are all here. They are not repeated in sec_0823 or sec_0825.",
Philips-MP20-MP90-Manual,sec_0824,450,5.4-flagged_for_review,PASS,,"flagged_for_review is false and verification_score is 100.0. The heading of sec_0824 is on its page as expected, so no flag is needed.",
Philips-MP20-MP90-Manual,sec_0824,450,5.4-structural_source,PASS,,"structural_source is 'toc'. The title 'Invasive Pressure and Pulse' is also a bookmark-style heading on the rendered page, so the provenance holds.",
Philips-MP20-MP90-Manual,sec_0824,450,5.6-numbering_scheme,PASS,,"numbering_scheme is arabic. The printed folios on the sampled pages are plain numbers (for example 438 to 464), with no roman or lettered pages.",
Philips-MP20-MP90-Manual,sec_0824,450,5.6-offset_applied,PASS,,"offset_applied is 0. The heading of sec_0824 is on its bookmarked physical page 450 in the render, so the mapping is right.",
Philips-MP20-MP90-Manual,sec_0824,450,5.6-table_content,PASS,,"On p450-451 #/tables/226, #/tables/227 and #/tables/228 match the page in rows, columns and values. The alarm table continues on p451 with its header repeated.",
Philips-MP20-MP90-Manual,sec_0824,450,5.5-filters_discarding,PASS,,"The rendered page 450 shows only text and tables, with no figure, photo or icon. images.json is empty, so nothing meaningful was discarded.",
Philips-MP20-MP90-Manual,sec_0824,450,5.5-filters_passing_noise,PASS,,images.json lists no image for this section. The blue header bands and rules on p450 were not kept as images.,
Philips-MP20-MP90-Manual,sec_0824,450,5.5-image_section_mapping,PASS,,"There is no visual on p450 that needs mapping. No image is mapped to sec_0824, and none is missing.",
Philips-MP20-MP90-Manual,sec_0828,456,5.4-hierarchy_level,PASS,,On p455 'Spirometry' is a large top heading. hierarchy_level 3 under sec_0819 fits the other sibling headings.,
Philips-MP20-MP90-Manual,sec_0828,456,5.4-parent_child,PASS,,"Parent sec_0819 'Measurement Specifications' (p441-459) contains it. No children, and the page shows no sub-headings.",
Philips-MP20-MP90-Manual,sec_0828,456,5.4-page_start_end,PASS,,"sec_0828 starts at heading #/texts/8088 on p455. The gas table tail at the top of p455 (Ethanol to Methane) stays in sec_0827 as #/tables/238. The section ends with #/tables/240 on p456, before sec_0829 on p457.",
Philips-MP20-MP90-Manual,sec_0828,456,5.4-hierarchy_path,PASS,,Path /Installation and Specifications/Measurement Specifications/Spirometry matches the running headers on p455-456.,
Philips-MP20-MP90-Manual,sec_0828,456,5.4-gaps_duplicates,PASS,,"Heading, intro text #/texts/8089 and tables #/tables/239 and #/tables/240 are here once. No node is missing or repeated in sec_0827 or sec_0829.",
Philips-MP20-MP90-Manual,sec_0828,456,5.4-flagged_for_review,PASS,,"flagged_for_review is false and verification_score is 100.0. The heading of sec_0828 is on its page as expected, so no flag is needed.",
Philips-MP20-MP90-Manual,sec_0828,456,5.4-structural_source,PASS,,"structural_source is 'toc'. The title 'Spirometry' is also a bookmark-style heading on the rendered page, so the provenance holds.",
Philips-MP20-MP90-Manual,sec_0828,456,5.6-numbering_scheme,PASS,,"numbering_scheme is arabic. The printed folios on the sampled pages are plain numbers (for example 438 to 464), with no roman or lettered pages.",
Philips-MP20-MP90-Manual,sec_0828,456,5.6-offset_applied,PASS,,"offset_applied is 0. The heading of sec_0828 is on its bookmarked physical page 455 in the render, so the mapping is right.",
Philips-MP20-MP90-Manual,sec_0828,456,5.6-table_content,PASS,,"On p455-456 #/tables/239 and #/tables/240 keep all Spirometry rows, ranges and the neonatal/pediatric/adult values in order. Only spacing differs from the page.",
Philips-MP20-MP90-Manual,sec_0828,456,5.5-filters_discarding,PASS,,"The rendered page 456 shows only text and tables, with no figure, photo or icon. images.json is empty, so nothing meaningful was discarded.",
Philips-MP20-MP90-Manual,sec_0828,456,5.5-filters_passing_noise,PASS,,images.json lists no image for this section. The blue header bands and rules on p456 were not kept as images.,
Philips-MP20-MP90-Manual,sec_0828,456,5.5-image_section_mapping,PASS,,"There is no visual on p456 that needs mapping. No image is mapped to sec_0828, and none is missing.",
Philips-MP20-MP90-Manual,sec_0830,458,5.4-hierarchy_level,PASS,,"On p457 'tcGas' is a large top heading, the same style as its siblings. hierarchy_level 3 under sec_0819 fits.",
Philips-MP20-MP90-Manual,sec_0830,458,5.4-parent_child,PASS,,"Parent sec_0819 'Measurement Specifications' contains it. No children, and the page shows no sub-headings.",
Philips-MP20-MP90-Manual,sec_0830,458,5.4-page_start_end,PASS,,"sec_0830 starts at heading #/texts/8098 on p457 and ends with #/tables/245 on p458. 'Intravascular Oxygen Saturation' on p458 is in sec_0831. Old problem (BUG-003, v2): the p457 tcGas table is now in this section, so now fixed.",Old v2 problem (BUG-003) on sec_0829: now fixed. The table is correctly here.
Philips-MP20-MP90-Manual,sec_0830,458,5.4-hierarchy_path,PASS,,Path /Installation and Specifications/Measurement Specifications/tcGas matches the running headers on p457-458.,
Philips-MP20-MP90-Manual,sec_0830,458,5.4-gaps_duplicates,PASS,,"Heading, compliance note, folio and #/tables/243 (p457), plus #/tables/244 and #/tables/245 (p458) are here once. Nothing is in sec_0829 or sec_0831 by mistake.",
Philips-MP20-MP90-Manual,sec_0830,458,5.4-flagged_for_review,PASS,,"flagged_for_review is false and verification_score is 100.0. The heading of sec_0830 is on its page as expected, so no flag is needed.",
Philips-MP20-MP90-Manual,sec_0830,458,5.4-structural_source,PASS,,"structural_source is 'toc'. The title 'tcGas' is also a bookmark-style heading on the rendered page, so the provenance holds.",
Philips-MP20-MP90-Manual,sec_0830,458,5.6-numbering_scheme,PASS,,"numbering_scheme is arabic. The printed folios on the sampled pages are plain numbers (for example 438 to 464), with no roman or lettered pages.",
Philips-MP20-MP90-Manual,sec_0830,458,5.6-offset_applied,PASS,,"offset_applied is 0. The heading of sec_0830 is on its bookmarked physical page 457 in the render, so the mapping is right.",
Philips-MP20-MP90-Manual,sec_0830,458,5.6-table_content,FAIL,Low,"On p458 #/tables/244 and #/tables/245 keep order and values. In #/tables/244 the plus-minus sign shows as '+' ('better than +5 mmHg(+0.7 kPa)'). In #/tables/245 the shared Alarm Delay cell is only on the tcpO2 row, and the tcpCO2 delay is empty.","Old problem (no BUG id, v2.13): still present. A sign is simplified and a merged cell is not repeated. Values stay in their columns, so Low. Probably a text-layer limit."
Philips-MP20-MP90-Manual,sec_0830,458,5.5-filters_discarding,PASS,,"The rendered page 458 shows only text and tables, with no figure, photo or icon. images.json is empty, so nothing meaningful was discarded.",
Philips-MP20-MP90-Manual,sec_0830,458,5.5-filters_passing_noise,PASS,,images.json lists no image for this section. The blue header bands and rules on p458 were not kept as images.,
Philips-MP20-MP90-Manual,sec_0830,458,5.5-image_section_mapping,PASS,,"There is no visual on p458 that needs mapping. No image is mapped to sec_0830, and none is missing.",
Philips-MP20-MP90-Manual,sec_0842,463,5.4-hierarchy_level,PASS,,"On p463 'Electrosurgery Interference/Defibrillation/Electrostatic Discharge' is a small bold sub-heading, same style as 'Fast Transients/Bursts' and 'Restart time'. hierarchy_level 4 fits.",
Philips-MP20-MP90-Manual,sec_0842,463,5.4-parent_child,PASS,,Parent sec_0841 'Recommended separation distances...' (p462-464) owns the table above this heading and contains this section. No children.,
Philips-MP20-MP90-Manual,sec_0842,463,5.4-page_start_end,PASS,,sec_0842 has heading #/texts/8150 and one paragraph #/texts/8151 on p463. The table above it is #/tables/254 in sec_0841. 'Fast Transients/Bursts' is in sec_0843. Page start and end 463 are right.,
Philips-MP20-MP90-Manual,sec_0842,463,5.4-hierarchy_path,PASS,,Path /Installation and Specifications/Safety and Performance Tests/Recommended separation distances.../Electrosurgery Interference/... has the correct order for p463.,
Philips-MP20-MP90-Manual,sec_0842,463,5.4-gaps_duplicates,PASS,,The heading and the whole paragraph (returns to previous mode within 10 seconds) are here once. No neighbour has them.,
Philips-MP20-MP90-Manual,sec_0842,463,5.4-flagged_for_review,PASS,,"flagged_for_review is false and verification_score is 100.0. The heading of sec_0842 is on its page as expected, so no flag is needed.",
Philips-MP20-MP90-Manual,sec_0842,463,5.4-structural_source,PASS,,"structural_source is 'toc'. The title 'Electrosurgery Interference/Defibrillation/Electrostatic Discharge' is also a bookmark-style heading on the rendered page, so the provenance holds.",
Philips-MP20-MP90-Manual,sec_0842,463,5.6-numbering_scheme,PASS,,"numbering_scheme is arabic. The printed folios on the sampled pages are plain numbers (for example 438 to 464), with no roman or lettered pages.",
Philips-MP20-MP90-Manual,sec_0842,463,5.6-offset_applied,PASS,,"offset_applied is 0. The heading of sec_0842 is on its bookmarked physical page 463 in the render, so the mapping is right.",
Philips-MP20-MP90-Manual,sec_0842,463,5.5-filters_discarding,PASS,,"The rendered page 463 shows only text and tables, with no figure, photo or icon. images.json is empty, so nothing meaningful was discarded.",
Philips-MP20-MP90-Manual,sec_0842,463,5.5-filters_passing_noise,PASS,,images.json lists no image for this section. The blue header bands and rules on p463 were not kept as images.,
Philips-MP20-MP90-Manual,sec_0842,463,5.5-image_section_mapping,PASS,,"There is no visual on p463 that needs mapping. No image is mapped to sec_0842, and none is missing.",
Philips-MP20-MP90-Manual,sec_0846,469,5.4-hierarchy_level,PASS,,On p465 'Country-Specific Default Settings' is a large heading under the chapter title 'Default Settings Appendix'. hierarchy_level 2 under sec_0845 (level 1) fits.,
Philips-MP20-MP90-Manual,sec_0846,469,5.4-parent_child,PASS,,Parent sec_0845 'Default Settings Appendix' (p465-484) contains it. The chapter title and intro text above it are in sec_0845. No children.,
Philips-MP20-MP90-Manual,sec_0846,469,5.4-page_start_end,PASS,,"sec_0846 starts at heading #/texts/8165 on p465 and ends with folio '458' (#/texts/8182) on p470. The p471 running header is now in sec_0847. Old problem (BUG-022, v2): now fixed.","Old problem (BUG-022, v2): now fixed. The p471 running header is no longer in this section."
Philips-MP20-MP90-Manual,sec_0846,469,5.4-hierarchy_path,PASS,,Path /Default Settings Appendix/Country-Specific Default Settings matches the chapter title and running headers.,
Philips-MP20-MP90-Manual,sec_0846,469,5.4-gaps_duplicates,PASS,,"Heading, intro and the country tables #/tables/255 to #/tables/260 cover p465-470 in order. The chapter title and intro are in sec_0845 (confirmed in tree.json). No loss or repeat.",
Philips-MP20-MP90-Manual,sec_0846,469,5.4-flagged_for_review,PASS,,"flagged_for_review is false and verification_score is 100.0. The heading of sec_0846 is on its page as expected, so no flag is needed.",
Philips-MP20-MP90-Manual,sec_0846,469,5.4-structural_source,PASS,,"structural_source is 'toc'. The title 'Country-Specific Default Settings' is also a bookmark-style heading on the rendered page, so the provenance holds.",
Philips-MP20-MP90-Manual,sec_0846,469,5.6-numbering_scheme,PASS,,"numbering_scheme is arabic. The printed folios on the sampled pages are plain numbers (for example 438 to 464), with no roman or lettered pages.",
Philips-MP20-MP90-Manual,sec_0846,469,5.6-offset_applied,PASS,,"offset_applied is 0. The heading of sec_0846 is on its bookmarked physical page 465 in the render, so the mapping is right.",
Philips-MP20-MP90-Manual,sec_0846,469,5.6-table_content,FAIL,Low,On p469 #/tables/259 has the right values and order. One problem: 'South Georgia and the South Sandwich Islands' wraps to two lines on the page. The tree makes two rows: 'South Georgia and the South Sandwich | 60 | lb | in | AAMI' and 'Islands |  |  |  | '.,"Old problem (no BUG id, v2.13): still present. One wrapped cell became two rows. Values stay in their columns, so Low. Probably a line-wrap limit in the cell reader."
Philips-MP20-MP90-Manual,sec_0846,469,5.5-filters_discarding,PASS,,"The rendered page 469 shows only text and tables, with no figure, photo or icon. images.json is empty, so nothing meaningful was discarded.",
Philips-MP20-MP90-Manual,sec_0846,469,5.5-filters_passing_noise,PASS,,images.json lists no image for this section. The blue header bands and rules on p469 were not kept as images.,
Philips-MP20-MP90-Manual,sec_0846,469,5.5-image_section_mapping,PASS,,"There is no visual on p469 that needs mapping. No image is mapped to sec_0846, and none is missing.",
Philips-MP20-MP90-Manual,sec_0846,470,5.4-hierarchy_level,PASS,,On p465 'Country-Specific Default Settings' is a large heading under the chapter title 'Default Settings Appendix'. hierarchy_level 2 under sec_0845 (level 1) fits.,
Philips-MP20-MP90-Manual,sec_0846,470,5.4-parent_child,PASS,,Parent sec_0845 'Default Settings Appendix' (p465-484) contains it. The chapter title and intro text above it are in sec_0845. No children.,
Philips-MP20-MP90-Manual,sec_0846,470,5.4-page_start_end,PASS,,"sec_0846 starts at heading #/texts/8165 on p465 and ends with folio '458' (#/texts/8182) on p470. The p471 running header is now in sec_0847. Old problem (BUG-022, v2): now fixed.","Old problem (BUG-022, v2): now fixed. The p471 running header is no longer in this section."
Philips-MP20-MP90-Manual,sec_0846,470,5.4-hierarchy_path,PASS,,Path /Default Settings Appendix/Country-Specific Default Settings matches the chapter title and running headers.,
Philips-MP20-MP90-Manual,sec_0846,470,5.4-gaps_duplicates,PASS,,"Heading, intro and the country tables #/tables/255 to #/tables/260 cover p465-470 in order. The chapter title and intro are in sec_0845 (confirmed in tree.json). No loss or repeat.",
Philips-MP20-MP90-Manual,sec_0846,470,5.4-flagged_for_review,PASS,,"flagged_for_review is false and verification_score is 100.0. The heading of sec_0846 is on its page as expected, so no flag is needed.",
Philips-MP20-MP90-Manual,sec_0846,470,5.4-structural_source,PASS,,"structural_source is 'toc'. The title 'Country-Specific Default Settings' is also a bookmark-style heading on the rendered page, so the provenance holds.",
Philips-MP20-MP90-Manual,sec_0846,470,5.6-numbering_scheme,PASS,,"numbering_scheme is arabic. The printed folios on the sampled pages are plain numbers (for example 438 to 464), with no roman or lettered pages.",
Philips-MP20-MP90-Manual,sec_0846,470,5.6-offset_applied,PASS,,"offset_applied is 0. The heading of sec_0846 is on its bookmarked physical page 465 in the render, so the mapping is right.",
Philips-MP20-MP90-Manual,sec_0846,470,5.6-table_content,PASS,,"On p470 #/tables/260 (Turkey to Zimbabwe, 23 rows) matches the page in order and values (for example Turks and Caicos Islands | 60 | kg | cm | AAMI). No wrapped cell on this page.",
Philips-MP20-MP90-Manual,sec_0846,470,5.5-filters_discarding,PASS,,"The rendered page 470 shows only text and tables, with no figure, photo or icon. images.json is empty, so nothing meaningful was discarded.",
Philips-MP20-MP90-Manual,sec_0846,470,5.5-filters_passing_noise,PASS,,images.json lists no image for this section. The blue header bands and rules on p470 were not kept as images.,
Philips-MP20-MP90-Manual,sec_0846,470,5.5-image_section_mapping,PASS,,"There is no visual on p470 that needs mapping. No image is mapped to sec_0846, and none is missing.",
Philips-MP20-MP90-Manual,sec_0849,473,5.4-hierarchy_level,PASS,,"On p472 'ECG, Arrhythmia, ST and QT Default Settings' is a large heading. hierarchy_level 2 under sec_0845 fits the sibling settings sections.",
Philips-MP20-MP90-Manual,sec_0849,473,5.4-parent_child,PASS,,"Parent sec_0845 'Default Settings Appendix' contains it. No children, and the pages show no sub-headings.",
Philips-MP20-MP90-Manual,sec_0849,473,5.4-page_start_end,PASS,,"sec_0849 starts at heading #/texts/8191 on p472 and ends with folio '462' (#/texts/8198) on p474. The p475 running header is in sec_0850 and 'Pulse Default Settings' starts there. Old problem (BUG-022, v2): now fixed.","Old problem (BUG-022, v2): now fixed. The p475 running header is no longer in this section."
Philips-MP20-MP90-Manual,sec_0849,473,5.4-hierarchy_path,PASS,,"Path /Default Settings Appendix/ECG, Arrhythmia, ST and QT Default Settings matches the running headers on p472-474.",
Philips-MP20-MP90-Manual,sec_0849,473,5.4-gaps_duplicates,PASS,,"ECG, Arrhythmia, ST and QT tables #/tables/262 to #/tables/267 cover p472-474 once, with the ST table continued on p474. Nothing is lost or in a neighbour.",
Philips-MP20-MP90-Manual,sec_0849,473,5.4-flagged_for_review,PASS,,"flagged_for_review is false and verification_score is 100.0. The heading of sec_0849 is on its page as expected, so no flag is needed.",
Philips-MP20-MP90-Manual,sec_0849,473,5.4-structural_source,PASS,,"structural_source is 'toc'. The title 'ECG, Arrhythmia, ST and QT Default Settings' is also a bookmark-style heading on the rendered page, so the provenance holds.",
Philips-MP20-MP90-Manual,sec_0849,473,5.6-numbering_scheme,PASS,,"numbering_scheme is arabic. The printed folios on the sampled pages are plain numbers (for example 438 to 464), with no roman or lettered pages.",
Philips-MP20-MP90-Manual,sec_0849,473,5.6-offset_applied,PASS,,"offset_applied is 0. The heading of sec_0849 is on its bookmarked physical page 472 in the render, so the mapping is right.",
Philips-MP20-MP90-Manual,sec_0849,473,5.6-table_content,PASS,,"On p473-474 the tables keep rows and values. In #/tables/263 'Arrhythmia | On | | Off | Off' and the H30 Off values sit in the right columns. ST rows '+2.0mm' lose only a space. Old problem (BUG-008, v2, Medium): now fixed.","Old problem (BUG-008, v2, Medium) on p473: now fixed."
Philips-MP20-MP90-Manual,sec_0849,473,5.5-filters_discarding,PASS,,"The rendered page 473 shows only text and tables, with no figure, photo or icon. images.json is empty, so nothing meaningful was discarded.",
Philips-MP20-MP90-Manual,sec_0849,473,5.5-filters_passing_noise,PASS,,images.json lists no image for this section. The blue header bands and rules on p473 were not kept as images.,
Philips-MP20-MP90-Manual,sec_0849,473,5.5-image_section_mapping,PASS,,"There is no visual on p473 that needs mapping. No image is mapped to sec_0849, and none is missing.",
Philips-MP20-MP90-Manual,sec_0850,475,5.4-hierarchy_level,PASS,,On p475 'Pulse Default Settings' is a large heading. hierarchy_level 2 under sec_0845 fits.,
Philips-MP20-MP90-Manual,sec_0850,475,5.4-parent_child,PASS,,"Parent sec_0845 contains it. 'Respiration Default Settings' lower on p475 is a sibling in sec_0851, not a child.",
Philips-MP20-MP90-Manual,sec_0850,475,5.4-page_start_end,PASS,,"sec_0850 has its heading #/texts/8201, tables #/tables/268 and #/tables/269, and the note 'Pulse alarms use...' on p475. 'Respiration Default Settings' with #/tables/270 is in sec_0851 (confirmed in tree.json). Start and end 475 are right.",
Philips-MP20-MP90-Manual,sec_0850,475,5.4-hierarchy_path,PASS,,Path /Default Settings Appendix/Pulse Default Settings matches the p475 running header.,
Philips-MP20-MP90-Manual,sec_0850,475,5.4-gaps_duplicates,PASS,,"Heading, two Pulse tables and the closing note are here once. Respiration content and folio '463' are in sec_0851, so no overlap.",
Philips-MP20-MP90-Manual,sec_0850,475,5.4-flagged_for_review,PASS,,"flagged_for_review is false and verification_score is 100.0. The heading of sec_0850 is on its page as expected, so no flag is needed.",
Philips-MP20-MP90-Manual,sec_0850,475,5.4-structural_source,PASS,,"structural_source is 'toc'. The title 'Pulse Default Settings' is also a bookmark-style heading on the rendered page, so the provenance holds.",
Philips-MP20-MP90-Manual,sec_0850,475,5.6-numbering_scheme,PASS,,"numbering_scheme is arabic. The printed folios on the sampled pages are plain numbers (for example 438 to 464), with no roman or lettered pages.",
Philips-MP20-MP90-Manual,sec_0850,475,5.6-offset_applied,PASS,,"offset_applied is 0. The heading of sec_0850 is on its bookmarked physical page 475 in the render, so the mapping is right.",
Philips-MP20-MP90-Manual,sec_0850,475,5.6-table_content,PASS,,"On p475 #/tables/268 and #/tables/269 match the page, including 'Brady Clamp | 40 bpm | 40 bpm | 50 bpm | 40 | 60 | 80' and 'System Pulse | SpO2 | | | Auto'.",
Philips-MP20-MP90-Manual,sec_0850,475,5.5-filters_discarding,PASS,,"The rendered page 475 shows only text and tables, with no figure, photo or icon. images.json is empty, so nothing meaningful was discarded.",
Philips-MP20-MP90-Manual,sec_0850,475,5.5-filters_passing_noise,PASS,,images.json lists no image for this section. The blue header bands and rules on p475 were not kept as images.,
Philips-MP20-MP90-Manual,sec_0850,475,5.5-image_section_mapping,PASS,,"There is no visual on p475 that needs mapping. No image is mapped to sec_0850, and none is missing.",
Philips-MP20-MP90-Manual,sec_0852,476,5.4-hierarchy_level,PASS,,On p476 'SpO2 Default Settings' is a large heading. hierarchy_level 2 under sec_0845 fits.,
Philips-MP20-MP90-Manual,sec_0852,476,5.4-parent_child,PASS,,Parent sec_0845 contains it. No children and no sub-headings on p476.,
Philips-MP20-MP90-Manual,sec_0852,476,5.4-page_start_end,PASS,,"sec_0852 has heading #/texts/8207, folio '464' and tables #/tables/271 and #/tables/272, all on p476. The next heading, 'NBP Default Settings', is on p477 in sec_0853. Start and end 476 are right.",
Philips-MP20-MP90-Manual,sec_0852,476,5.4-hierarchy_path,PASS,,Path /Default Settings Appendix/SpO2 Default Settings matches the p476 running header.,
Philips-MP20-MP90-Manual,sec_0852,476,5.4-gaps_duplicates,PASS,,Heading and both SpO2 tables are here once. Nothing is lost or in a neighbour.,
Philips-MP20-MP90-Manual,sec_0852,476,5.4-flagged_for_review,PASS,,"flagged_for_review is false and verification_score is 100.0. The heading of sec_0852 is on its page as expected, so no flag is needed.",
Philips-MP20-MP90-Manual,sec_0852,476,5.4-structural_source,PASS,,"structural_source is 'toc'. The title 'SpO2 Default Settings' is also a bookmark-style heading on the rendered page, so the provenance holds.",
Philips-MP20-MP90-Manual,sec_0852,476,5.6-numbering_scheme,PASS,,"numbering_scheme is arabic. The printed folios on the sampled pages are plain numbers (for example 438 to 464), with no roman or lettered pages.",
Philips-MP20-MP90-Manual,sec_0852,476,5.6-offset_applied,PASS,,"offset_applied is 0. The heading of sec_0852 is on its bookmarked physical page 476 in the render, so the mapping is right.",
Philips-MP20-MP90-Manual,sec_0852,476,5.6-table_content,PASS,,"On p476 #/tables/271 and #/tables/272 match the page rows and values, including the 'Pulse Settings' sub-row and the bpm limits.",
Philips-MP20-MP90-Manual,sec_0852,476,5.5-filters_discarding,PASS,,"The rendered page 476 shows only text and tables, with no figure, photo or icon. images.json is empty, so nothing meaningful was discarded.",
Philips-MP20-MP90-Manual,sec_0852,476,5.5-filters_passing_noise,PASS,,images.json lists no image for this section. The blue header bands and rules on p476 were not kept as images.,
Philips-MP20-MP90-Manual,sec_0852,476,5.5-image_section_mapping,PASS,,"There is no visual on p476 that needs mapping. No image is mapped to sec_0852, and none is missing.",
Philips-MP20-MP90-Manual,sec_0855,479,5.4-hierarchy_level,PASS,,"sec_0855 'Invasive Pressure Default Settings' has hierarchy_level 2. On p479 its heading has the same size as the other appendix headings (NBP, Temperature, SO2 and so on).",
Philips-MP20-MP90-Manual,sec_0855,479,5.4-parent_child,PASS,,"sec_0855 has parent_section_id sec_0845 and no children. Parent sec_0845 'Default Settings Appendix' (level 1, p465-484) has this section as a level-2 child.",
Philips-MP20-MP90-Manual,sec_0855,479,5.4-page_start_end,PASS,,"sec_0855 has page_start 477 and page_end 479. It starts at its heading on p477, below the NBP and Temperature sections. It ends with the ICP, IC1, IC2 table (#/tables/279) on p479. sec_0856 begins at its own heading on p480. No neighbour content is absorbed.",Only p477 and p479 were rendered. p478 was not.
Philips-MP20-MP90-Manual,sec_0855,479,5.4-hierarchy_path,PASS,,hierarchy_path is '/Default Settings Appendix/Invasive Pressure Default Settings'. This matches the chapter 39 appendix title and the section heading.,
Philips-MP20-MP90-Manual,sec_0855,479,5.4-gaps_duplicates,PASS,,"The five tables #/tables/275 to 279 and the p477 to p479 header and folio nodes appear once, in sec_0855. The neighbours sec_0854 and sec_0856 do not repeat them. No gap is seen from p477 to p479.",
Philips-MP20-MP90-Manual,sec_0855,479,5.4-flagged_for_review,PASS,,"sec_0855 has flagged_for_review false and verification_score 100. The heading is visible on p477, so the flag state is right.",
Philips-MP20-MP90-Manual,sec_0855,479,5.4-structural_source,PASS,,"structural_source is 'toc'. The heading 'Invasive Pressure Default Settings' is printed on p477, so the bookmark is supported.",
Philips-MP20-MP90-Manual,sec_0855,479,5.6-numbering_scheme,PASS,,numbering_scheme is 'arabic'. Physical p479 shows an arabic folio and there is no roman part in this section.,
Philips-MP20-MP90-Manual,sec_0855,479,5.6-offset_applied,PASS,,"offset_applied is 0. The heading 'Invasive Pressure Default Settings' is on physical p477, the same page as the bookmark, so no offset is needed.",
Philips-MP20-MP90-Manual,sec_0855,479,5.6-table_content,PASS,,"On p479, #/tables/278 (PAP Settings) and #/tables/279 (ICP, IC1, IC2 Settings) match the rendering. Values such as 34/16 (20), 60/4 (26), 14/6 (10) and Color Yellow or Magenta are in the right columns. On p477, #/tables/275 matches the rows Alarms from to Alarms.","Tables #/tables/276 and 277 are on p478. That page was not rendered, so they are not checked visually. Confidence is lower for that reason."
Philips-MP20-MP90-Manual,sec_0855,479,5.5-filters_discarding,PASS,,"images.json is empty. Page p479 shows no figure, photo or drawing, only tables and headings. Nothing meaningful was discarded.",
Philips-MP20-MP90-Manual,sec_0855,479,5.5-filters_passing_noise,PASS,,"images.json is empty, so no noise image was kept. The blue header bar on p479 was not kept as an image.",
Philips-MP20-MP90-Manual,sec_0855,479,5.5-image_section_mapping,PASS,,"No image is mapped to sec_0855. Page p479 has no visual to map, so none is missing.",
Philips-MP20-MP90-Manual,sec_0856,480,5.4-hierarchy_level,PASS,,"sec_0856 'Cardiac Output Default Settings' has hierarchy_level 2. On p480 its heading has the same size as the other appendix headings (NBP, Temperature, SO2 and so on).",
Philips-MP20-MP90-Manual,sec_0856,480,5.4-parent_child,PASS,,"sec_0856 has parent_section_id sec_0845 and no children. Parent sec_0845 'Default Settings Appendix' (level 1, p465-484) has this section as a level-2 child.",
Philips-MP20-MP90-Manual,sec_0856,480,5.4-page_start_end,PASS,,"sec_0856 covers p480 only. It has its heading 'Cardiac Output Default Settings', the C.O. Settings table (#/tables/280) and the CCO/CCI table (#/tables/281). The 'CO2 Default Settings' heading and its CO2 table sit below on p480. They are in sec_0857 (#/texts/8224, #/tables/282), not here.","Old problem (BUG-001, v2): now fixed. The CO2 table is no longer in sec_0856. sec_0857 now has its own table."
Philips-MP20-MP90-Manual,sec_0856,480,5.4-hierarchy_path,PASS,,hierarchy_path is '/Default Settings Appendix/Cardiac Output Default Settings'. This matches the chapter 39 appendix title and the section heading.,
Philips-MP20-MP90-Manual,sec_0856,480,5.4-gaps_duplicates,PASS,,"The nodes #/texts/8221 to 8223 and #/tables/280, 281 appear once, in sec_0856. The CO2 table #/tables/282 is only in sec_0857. sec_0857 is no longer empty. No gap and no duplicate.","Old problem (BUG-001, v2): now fixed. Tables are placed by position under the correct heading."
Philips-MP20-MP90-Manual,sec_0856,480,5.4-flagged_for_review,PASS,,"sec_0856 has flagged_for_review false and verification_score 100. The heading is visible on p480, so the flag state is right.",
Philips-MP20-MP90-Manual,sec_0856,480,5.4-structural_source,PASS,,"structural_source is 'toc'. The heading 'Cardiac Output Default Settings' is printed on p480, so the bookmark is supported.",
Philips-MP20-MP90-Manual,sec_0856,480,5.6-numbering_scheme,PASS,,numbering_scheme is 'arabic'. Physical p480 shows an arabic folio and there is no roman part in this section.,
Philips-MP20-MP90-Manual,sec_0856,480,5.6-offset_applied,PASS,,"offset_applied is 0. The heading 'Cardiac Output Default Settings' is on physical p480, the same page as the bookmark, so no offset is needed.",
Philips-MP20-MP90-Manual,sec_0856,480,5.6-table_content,PASS,,"On p480, #/tables/280 (C.O. Settings) matches the render. Values are 39.0 C, 36.0 C, On, Green and Yellow in H30. #/tables/281 (CCO/CCI) matches too. Values such as 8.5 l/min, 3.7 l/min, 1.3 l/min and 4.3 l/min/m 2 are in the right columns.",Superscript 2 is written as 'm 2'. The meaning is kept.
Philips-MP20-MP90-Manual,sec_0856,480,5.5-filters_discarding,PASS,,"images.json is empty. Page p480 shows no figure, photo or drawing, only tables and headings. Nothing meaningful was discarded.",
Philips-MP20-MP90-Manual,sec_0856,480,5.5-filters_passing_noise,PASS,,"images.json is empty, so no noise image was kept. The blue header bar on p480 was not kept as an image.",
Philips-MP20-MP90-Manual,sec_0856,480,5.5-image_section_mapping,PASS,,"No image is mapped to sec_0856. Page p480 has no visual to map, so none is missing.",
Philips-MP20-MP90-Manual,sec_0860,482,5.4-hierarchy_level,PASS,,"sec_0860 'SO2 Default Settings' has hierarchy_level 2. On p482 its heading has the same size as the other appendix headings (NBP, Temperature, SO2 and so on).",
Philips-MP20-MP90-Manual,sec_0860,482,5.4-parent_child,PASS,,"sec_0860 has parent_section_id sec_0845 and no children. Parent sec_0845 'Default Settings Appendix' (level 1, p465-484) has this section as a level-2 child.",
Philips-MP20-MP90-Manual,sec_0860,482,5.4-page_start_end,PASS,,"sec_0860 covers p482 only. It starts at the heading 'SO2 Default Settings' and has one table (#/tables/287). The tcGas table above it belongs to sec_0859 (#/tables/286). The SvO2 heading and table below belong to sec_0861 (#/texts/8234, #/tables/288).",
Philips-MP20-MP90-Manual,sec_0860,482,5.4-hierarchy_path,PASS,,hierarchy_path is '/Default Settings Appendix/SO2 Default Settings'. This matches the chapter 39 appendix title and the section heading.,
Philips-MP20-MP90-Manual,sec_0860,482,5.4-gaps_duplicates,PASS,,"#/texts/8233 and #/tables/287 appear once, in sec_0860. The tcGas and SvO2 content on the same page is in sec_0859 and sec_0861. No gap and no duplicate.",
Philips-MP20-MP90-Manual,sec_0860,482,5.4-flagged_for_review,PASS,,"sec_0860 has flagged_for_review false and verification_score 100. The heading is visible on p482, so the flag state is right.",
Philips-MP20-MP90-Manual,sec_0860,482,5.4-structural_source,PASS,,"structural_source is 'toc'. The heading 'SO2 Default Settings' is printed on p482, so the bookmark is supported.",
Philips-MP20-MP90-Manual,sec_0860,482,5.6-numbering_scheme,PASS,,numbering_scheme is 'arabic'. Physical p482 shows an arabic folio and there is no roman part in this section.,
Philips-MP20-MP90-Manual,sec_0860,482,5.6-offset_applied,PASS,,"offset_applied is 0. The heading 'SO2 Default Settings' is on physical p482, the same page as the bookmark, so no offset is needed.",
Philips-MP20-MP90-Manual,sec_0860,482,5.6-table_content,PASS,,"On p482, #/tables/287 (SO2 Settings) matches the render. Rows are Low Limit 70%, High Limit 80%, Alarms On, Light Intensity On, Color Yellow, Hb/Hct Entry Hct [%], Factor Entry Disabled.",
Philips-MP20-MP90-Manual,sec_0860,482,5.5-filters_discarding,PASS,,"images.json is empty. Page p482 shows no figure, photo or drawing, only tables and headings. Nothing meaningful was discarded.",
Philips-MP20-MP90-Manual,sec_0860,482,5.5-filters_passing_noise,PASS,,"images.json is empty, so no noise image was kept. The blue header bar on p482 was not kept as an image.",
Philips-MP20-MP90-Manual,sec_0860,482,5.5-image_section_mapping,PASS,,"No image is mapped to sec_0860. Page p482 has no visual to map, so none is missing.",
Philips-MP20-MP90-Manual,sec_0865,488,5.4-hierarchy_level,PASS,,"sec_0865 'VueLink Default Settings' has hierarchy_level 2. On p488 its heading has the same size as the other appendix headings (NBP, Temperature, SO2 and so on).",
Philips-MP20-MP90-Manual,sec_0865,488,5.4-parent_child,PASS,,"sec_0865 has parent_section_id sec_0845 and no children. Parent sec_0845 'Default Settings Appendix' (level 1, p465-484) has this section as a level-2 child.",
Philips-MP20-MP90-Manual,sec_0865,488,5.4-page_start_end,PASS,,"Sampled p488 is an alphabetical index page (entries 'display' to 'event snapshots', roman folio iv). It is not a node of sec_0865. The section ends at page_end 484 and the tree has no section past p484. The index is not absorbed.","Old problem (BUG-002, v2): now fixed. The last section no longer runs to the last page."
Philips-MP20-MP90-Manual,sec_0865,488,5.4-hierarchy_path,PASS,,hierarchy_path is '/Default Settings Appendix/VueLink Default Settings'. This matches the chapter 39 appendix title and the section heading.,
Philips-MP20-MP90-Manual,sec_0865,488,5.4-gaps_duplicates,PASS,,"The index pages p485 to p496 are in no section. They have no bookmark and are back matter, so this is the intended exclusion. No node is duplicated. sec_0865 holds only the VueLink nodes.","Old problem (BUG-002, v2): now fixed. Open design question: the index is outside the tree on purpose. Confidence is lower for that reason."
Philips-MP20-MP90-Manual,sec_0865,488,5.4-flagged_for_review,PASS,,"sec_0865 has flagged_for_review false and verification_score 100. The heading is visible on p484, so the flag state is right.",
Philips-MP20-MP90-Manual,sec_0865,488,5.4-structural_source,PASS,,"structural_source is 'toc'. The heading 'VueLink Default Settings' is printed on p484, so the bookmark is supported.",
Philips-MP20-MP90-Manual,sec_0865,488,5.6-numbering_scheme,PASS,,"numbering_scheme is 'arabic' for sec_0865, which ends at p484 (folio 472). The roman index folio 'iv' on p488 is outside this section, so no arabic to roman change is hidden inside it.","Old problem (BUG-002, v2): now fixed. The index was in this section before."
Philips-MP20-MP90-Manual,sec_0865,488,5.6-offset_applied,PASS,,"offset_applied is 0. The heading 'VueLink Default Settings' is on physical p484, the bookmark page. Sampled p488 is outside the section and needs no offset.",
Philips-MP20-MP90-Manual,sec_0865,488,5.6-table_content,PASS,,"No table is on p488. It has only index text in three columns. The only table of sec_0865 is #/tables/293 on p484, which matches the render.",
Philips-MP20-MP90-Manual,sec_0865,488,5.5-filters_discarding,PASS,,images.json is empty. Index page p488 has only text. The header bar is decorative. Nothing meaningful was discarded.,
Philips-MP20-MP90-Manual,sec_0865,488,5.5-filters_passing_noise,PASS,,"images.json is empty, so no noise image was kept. The blue header bar on p488 is not an image in the tree.",
Philips-MP20-MP90-Manual,sec_0865,488,5.5-image_section_mapping,PASS,,"No image is mapped to sec_0865. Page p488 has no figure, so none is missing.",
