manual_id,section_id,page_sampled,checklist_ref,result,severity,evidence,notes
SOMATOM_Force_IFU_VB30,sec_0001,2,5.4-hierarchy_level,PASS,,"On p2 'Legend' is the large orange chapter title, so level 1 is right. The section has no parent, as expected for a top-level chapter.",
SOMATOM_Force_IFU_VB30,sec_0001,2,5.4-parent_child,PASS,,"sec_0001 has no parent and no children. Pages 2-3 show only one title, with no sub-headings that need child sections. The next sibling is sec_0002 'Introduction'.","Orange, CAUTION and WARNING are labels inside the legend, not sections."
SOMATOM_Force_IFU_VB30,sec_0001,2,5.4-page_start_end,PASS,,"The section starts at the 'Legend' title on p2 and ends with the WARNING block on p3. The legend table (#/tables/0), CAUTION text on p2 and WARNING text on p3 all belong to it. No text from another chapter is included.","The nodes include running headers and footers (#/texts/3, 18-21, 29-31). These are boilerplate inside the section, not a boundary problem."
SOMATOM_Force_IFU_VB30,sec_0001,2,5.4-hierarchy_path,PASS,,hierarchy_path is '/Legend'. It matches the single top-level title shown on p2.,
SOMATOM_Force_IFU_VB30,sec_0001,2,5.4-gaps_duplicates,PASS,,"Nodes 1-30 run in order and cover all text on p2 and p3. The same words appear twice only because of the running header 'Legend' (#/texts/3, #/texts/21) and the title (#/texts/11). Pages 4-9 are not in any section before sec_0002 starts on p10.","Two nodes hold garbled text: '&$87,21' (#/texts/10) is the CAUTION label and ':$51,1*' (#/texts/22) is the WARNING label. This is a font-encoding problem and the real words are in the next nodes. Pages 4-9 were not rendered here; they are probably the printed contents, so confidence is lower."
SOMATOM_Force_IFU_VB30,sec_0001,2,5.4-flagged_for_review,PASS,,"flagged_for_review is false and verification_score is 100. The title 'Legend' is clearly visible at the top of p2, so no flag is needed.",
SOMATOM_Force_IFU_VB30,sec_0001,2,5.4-structural_source,PASS,,"structural_source is 'toc'. The title and page 2 match the visible title on p2, so the TOC source is supported.",
SOMATOM_Force_IFU_VB30,sec_0001,2,5.6-numbering_scheme,PASS,,The printed folios are '2' on p2 and '3' on p3 in Arabic numerals. numbering_scheme is 'arabic'.,
SOMATOM_Force_IFU_VB30,sec_0001,2,5.6-offset_applied,PASS,,"The printed folio on p2 is 2 and on p3 is 3. offset_applied is 0, so printed and physical pages agree.",
SOMATOM_Force_IFU_VB30,sec_0001,2,5.6-table_content,PASS,,On p2 the legend table has the description column with real grid content matching the visible text. Only hyphenation changed since v1. The left symbol labels are not table cells.,The left labels are separate nodes (#/texts/4-9). This matches the approved v1 grading (PASS). The icons are reported in 5.5-filters_discarding.
SOMATOM_Force_IFU_VB30,sec_0001,2,5.5-filters_discarding,FAIL,Low,"The legend icons on p2 are not in the image output (the 'i' hint icon, the '>>' icon and the CAUTION banner). The list has no image for this section.","Each icon meaning is also written in the text ('Indicates a hint', and so on), so retrieval still works. Only the pictures are lost. This follows the Sprint pattern of a small icon dropped."
SOMATOM_Force_IFU_VB30,sec_0001,2,5.5-filters_passing_noise,PASS,,"No image is kept for sec_0001 and none for p2 or p3. No decorative item (orange tab, footer line) was kept as an image.",
SOMATOM_Force_IFU_VB30,sec_0001,2,5.5-image_section_mapping,PASS,,The p2 and p3 renderings show only small icons and text. The image list has no image for these pages. There is nothing to map to a wrong section.,The missing icons are reported in 5.5-filters_discarding.
SOMATOM_Force_IFU_VB30,sec_0005,11,5.4-hierarchy_level,,,,
SOMATOM_Force_IFU_VB30,sec_0005,11,5.4-parent_child,,,,
SOMATOM_Force_IFU_VB30,sec_0005,11,5.4-page_start_end,,,,
SOMATOM_Force_IFU_VB30,sec_0005,11,5.4-hierarchy_path,,,,
SOMATOM_Force_IFU_VB30,sec_0005,11,5.4-gaps_duplicates,,,,
SOMATOM_Force_IFU_VB30,sec_0005,11,5.4-flagged_for_review,,,,
SOMATOM_Force_IFU_VB30,sec_0005,11,5.4-structural_source,,,,
SOMATOM_Force_IFU_VB30,sec_0005,11,5.6-numbering_scheme,,,,
SOMATOM_Force_IFU_VB30,sec_0005,11,5.6-offset_applied,,,,
SOMATOM_Force_IFU_VB30,sec_0005,11,5.5-filters_discarding,,,,
SOMATOM_Force_IFU_VB30,sec_0005,11,5.5-filters_passing_noise,,,,
SOMATOM_Force_IFU_VB30,sec_0005,11,5.5-image_section_mapping,,,,
SOMATOM_Force_IFU_VB30,sec_0023,18,5.4-hierarchy_level,,,,
SOMATOM_Force_IFU_VB30,sec_0023,18,5.4-parent_child,,,,
SOMATOM_Force_IFU_VB30,sec_0023,18,5.4-page_start_end,,,,
SOMATOM_Force_IFU_VB30,sec_0023,18,5.4-hierarchy_path,,,,
SOMATOM_Force_IFU_VB30,sec_0023,18,5.4-gaps_duplicates,,,,
SOMATOM_Force_IFU_VB30,sec_0023,18,5.4-flagged_for_review,,,,
SOMATOM_Force_IFU_VB30,sec_0023,18,5.4-structural_source,,,,
SOMATOM_Force_IFU_VB30,sec_0023,18,5.6-numbering_scheme,,,,
SOMATOM_Force_IFU_VB30,sec_0023,18,5.6-offset_applied,,,,
SOMATOM_Force_IFU_VB30,sec_0023,18,5.5-filters_discarding,,,,
SOMATOM_Force_IFU_VB30,sec_0023,18,5.5-filters_passing_noise,,,,
SOMATOM_Force_IFU_VB30,sec_0023,18,5.5-image_section_mapping,,,,
SOMATOM_Force_IFU_VB30,sec_0046,25,5.4-hierarchy_level,,,,
SOMATOM_Force_IFU_VB30,sec_0046,25,5.4-parent_child,,,,
SOMATOM_Force_IFU_VB30,sec_0046,25,5.4-page_start_end,,,,
SOMATOM_Force_IFU_VB30,sec_0046,25,5.4-hierarchy_path,,,,
SOMATOM_Force_IFU_VB30,sec_0046,25,5.4-gaps_duplicates,,,,
SOMATOM_Force_IFU_VB30,sec_0046,25,5.4-flagged_for_review,,,,
SOMATOM_Force_IFU_VB30,sec_0046,25,5.4-structural_source,,,,
SOMATOM_Force_IFU_VB30,sec_0046,25,5.6-numbering_scheme,,,,
SOMATOM_Force_IFU_VB30,sec_0046,25,5.6-offset_applied,,,,
SOMATOM_Force_IFU_VB30,sec_0046,25,5.5-filters_discarding,,,,
SOMATOM_Force_IFU_VB30,sec_0046,25,5.5-filters_passing_noise,,,,
SOMATOM_Force_IFU_VB30,sec_0046,25,5.5-image_section_mapping,,,,
SOMATOM_Force_IFU_VB30,sec_0057,32,5.4-hierarchy_level,,,,
SOMATOM_Force_IFU_VB30,sec_0057,32,5.4-parent_child,,,,
SOMATOM_Force_IFU_VB30,sec_0057,32,5.4-page_start_end,,,,
SOMATOM_Force_IFU_VB30,sec_0057,32,5.4-hierarchy_path,,,,
SOMATOM_Force_IFU_VB30,sec_0057,32,5.4-gaps_duplicates,,,,
SOMATOM_Force_IFU_VB30,sec_0057,32,5.4-flagged_for_review,,,,
SOMATOM_Force_IFU_VB30,sec_0057,32,5.4-structural_source,,,,
SOMATOM_Force_IFU_VB30,sec_0057,32,5.6-numbering_scheme,,,,
SOMATOM_Force_IFU_VB30,sec_0057,32,5.6-offset_applied,,,,
SOMATOM_Force_IFU_VB30,sec_0057,32,5.5-filters_discarding,,,,
SOMATOM_Force_IFU_VB30,sec_0057,32,5.5-filters_passing_noise,,,,
SOMATOM_Force_IFU_VB30,sec_0057,32,5.5-image_section_mapping,,,,
SOMATOM_Force_IFU_VB30,sec_0073,39,5.4-hierarchy_level,,,,
SOMATOM_Force_IFU_VB30,sec_0073,39,5.4-parent_child,,,,
SOMATOM_Force_IFU_VB30,sec_0073,39,5.4-page_start_end,,,,
SOMATOM_Force_IFU_VB30,sec_0073,39,5.4-hierarchy_path,,,,
SOMATOM_Force_IFU_VB30,sec_0073,39,5.4-gaps_duplicates,,,,
SOMATOM_Force_IFU_VB30,sec_0073,39,5.4-flagged_for_review,,,,
SOMATOM_Force_IFU_VB30,sec_0073,39,5.4-structural_source,,,,
SOMATOM_Force_IFU_VB30,sec_0073,39,5.6-numbering_scheme,,,,
SOMATOM_Force_IFU_VB30,sec_0073,39,5.6-offset_applied,,,,
SOMATOM_Force_IFU_VB30,sec_0073,39,5.5-filters_discarding,,,,
SOMATOM_Force_IFU_VB30,sec_0073,39,5.5-filters_passing_noise,,,,
SOMATOM_Force_IFU_VB30,sec_0073,39,5.5-image_section_mapping,,,,
SOMATOM_Force_IFU_VB30,sec_0083,46,5.4-hierarchy_level,,,,
SOMATOM_Force_IFU_VB30,sec_0083,46,5.4-parent_child,,,,
SOMATOM_Force_IFU_VB30,sec_0083,46,5.4-page_start_end,,,,
SOMATOM_Force_IFU_VB30,sec_0083,46,5.4-hierarchy_path,,,,
SOMATOM_Force_IFU_VB30,sec_0083,46,5.4-gaps_duplicates,,,,
SOMATOM_Force_IFU_VB30,sec_0083,46,5.4-flagged_for_review,,,,
SOMATOM_Force_IFU_VB30,sec_0083,46,5.4-structural_source,,,,
SOMATOM_Force_IFU_VB30,sec_0083,46,5.6-numbering_scheme,,,,
SOMATOM_Force_IFU_VB30,sec_0083,46,5.6-offset_applied,,,,
SOMATOM_Force_IFU_VB30,sec_0083,46,5.5-filters_discarding,,,,
SOMATOM_Force_IFU_VB30,sec_0083,46,5.5-filters_passing_noise,,,,
SOMATOM_Force_IFU_VB30,sec_0083,46,5.5-image_section_mapping,,,,
SOMATOM_Force_IFU_VB30,sec_0092,52,5.4-hierarchy_level,,,,
SOMATOM_Force_IFU_VB30,sec_0092,52,5.4-parent_child,,,,
SOMATOM_Force_IFU_VB30,sec_0092,52,5.4-page_start_end,,,,
SOMATOM_Force_IFU_VB30,sec_0092,52,5.4-hierarchy_path,,,,
SOMATOM_Force_IFU_VB30,sec_0092,52,5.4-gaps_duplicates,,,,
SOMATOM_Force_IFU_VB30,sec_0092,52,5.4-flagged_for_review,,,,
SOMATOM_Force_IFU_VB30,sec_0092,52,5.4-structural_source,,,,
SOMATOM_Force_IFU_VB30,sec_0092,52,5.6-numbering_scheme,,,,
SOMATOM_Force_IFU_VB30,sec_0092,52,5.6-offset_applied,,,,
SOMATOM_Force_IFU_VB30,sec_0092,52,5.5-filters_discarding,,,,
SOMATOM_Force_IFU_VB30,sec_0092,52,5.5-filters_passing_noise,,,,
SOMATOM_Force_IFU_VB30,sec_0092,52,5.5-image_section_mapping,,,,
SOMATOM_Force_IFU_VB30,sec_0102,59,5.4-hierarchy_level,,,,
SOMATOM_Force_IFU_VB30,sec_0102,59,5.4-parent_child,,,,
SOMATOM_Force_IFU_VB30,sec_0102,59,5.4-page_start_end,,,,
SOMATOM_Force_IFU_VB30,sec_0102,59,5.4-hierarchy_path,,,,
SOMATOM_Force_IFU_VB30,sec_0102,59,5.4-gaps_duplicates,,,,
SOMATOM_Force_IFU_VB30,sec_0102,59,5.4-flagged_for_review,,,,
SOMATOM_Force_IFU_VB30,sec_0102,59,5.4-structural_source,,,,
SOMATOM_Force_IFU_VB30,sec_0102,59,5.6-numbering_scheme,,,,
SOMATOM_Force_IFU_VB30,sec_0102,59,5.6-offset_applied,,,,
SOMATOM_Force_IFU_VB30,sec_0102,59,5.5-filters_discarding,,,,
SOMATOM_Force_IFU_VB30,sec_0102,59,5.5-filters_passing_noise,,,,
SOMATOM_Force_IFU_VB30,sec_0102,59,5.5-image_section_mapping,,,,
SOMATOM_Force_IFU_VB30,sec_0117,66,5.4-hierarchy_level,,,,
SOMATOM_Force_IFU_VB30,sec_0117,66,5.4-parent_child,,,,
SOMATOM_Force_IFU_VB30,sec_0117,66,5.4-page_start_end,,,,
SOMATOM_Force_IFU_VB30,sec_0117,66,5.4-hierarchy_path,,,,
SOMATOM_Force_IFU_VB30,sec_0117,66,5.4-gaps_duplicates,,,,
SOMATOM_Force_IFU_VB30,sec_0117,66,5.4-flagged_for_review,,,,
SOMATOM_Force_IFU_VB30,sec_0117,66,5.4-structural_source,,,,
SOMATOM_Force_IFU_VB30,sec_0117,66,5.6-numbering_scheme,,,,
SOMATOM_Force_IFU_VB30,sec_0117,66,5.6-offset_applied,,,,
SOMATOM_Force_IFU_VB30,sec_0117,66,5.5-filters_discarding,,,,
SOMATOM_Force_IFU_VB30,sec_0117,66,5.5-filters_passing_noise,,,,
SOMATOM_Force_IFU_VB30,sec_0117,66,5.5-image_section_mapping,,,,
SOMATOM_Force_IFU_VB30,sec_0134,73,5.4-hierarchy_level,,,,
SOMATOM_Force_IFU_VB30,sec_0134,73,5.4-parent_child,,,,
SOMATOM_Force_IFU_VB30,sec_0134,73,5.4-page_start_end,,,,
SOMATOM_Force_IFU_VB30,sec_0134,73,5.4-hierarchy_path,,,,
SOMATOM_Force_IFU_VB30,sec_0134,73,5.4-gaps_duplicates,,,,
SOMATOM_Force_IFU_VB30,sec_0134,73,5.4-flagged_for_review,,,,
SOMATOM_Force_IFU_VB30,sec_0134,73,5.4-structural_source,,,,
SOMATOM_Force_IFU_VB30,sec_0134,73,5.6-numbering_scheme,,,,
SOMATOM_Force_IFU_VB30,sec_0134,73,5.6-offset_applied,,,,
SOMATOM_Force_IFU_VB30,sec_0134,73,5.5-filters_discarding,,,,
SOMATOM_Force_IFU_VB30,sec_0134,73,5.5-filters_passing_noise,,,,
SOMATOM_Force_IFU_VB30,sec_0134,73,5.5-image_section_mapping,,,,
SOMATOM_Force_IFU_VB30,sec_0139,80,5.4-hierarchy_level,,,,
SOMATOM_Force_IFU_VB30,sec_0139,80,5.4-parent_child,,,,
SOMATOM_Force_IFU_VB30,sec_0139,80,5.4-page_start_end,,,,
SOMATOM_Force_IFU_VB30,sec_0139,80,5.4-hierarchy_path,,,,
SOMATOM_Force_IFU_VB30,sec_0139,80,5.4-gaps_duplicates,,,,
SOMATOM_Force_IFU_VB30,sec_0139,80,5.4-flagged_for_review,,,,
SOMATOM_Force_IFU_VB30,sec_0139,80,5.4-structural_source,,,,
SOMATOM_Force_IFU_VB30,sec_0139,80,5.6-numbering_scheme,,,,
SOMATOM_Force_IFU_VB30,sec_0139,80,5.6-offset_applied,,,,
SOMATOM_Force_IFU_VB30,sec_0139,80,5.5-filters_discarding,,,,
SOMATOM_Force_IFU_VB30,sec_0139,80,5.5-filters_passing_noise,,,,
SOMATOM_Force_IFU_VB30,sec_0139,80,5.5-image_section_mapping,,,,
SOMATOM_Force_IFU_VB30,sec_0149,87,5.4-hierarchy_level,,,,
SOMATOM_Force_IFU_VB30,sec_0149,87,5.4-parent_child,,,,
SOMATOM_Force_IFU_VB30,sec_0149,87,5.4-page_start_end,,,,
SOMATOM_Force_IFU_VB30,sec_0149,87,5.4-hierarchy_path,,,,
SOMATOM_Force_IFU_VB30,sec_0149,87,5.4-gaps_duplicates,,,,
SOMATOM_Force_IFU_VB30,sec_0149,87,5.4-flagged_for_review,,,,
SOMATOM_Force_IFU_VB30,sec_0149,87,5.4-structural_source,,,,
SOMATOM_Force_IFU_VB30,sec_0149,87,5.6-numbering_scheme,,,,
SOMATOM_Force_IFU_VB30,sec_0149,87,5.6-offset_applied,,,,
SOMATOM_Force_IFU_VB30,sec_0149,87,5.6-table_content,,,,
SOMATOM_Force_IFU_VB30,sec_0149,87,5.5-filters_discarding,,,,
SOMATOM_Force_IFU_VB30,sec_0149,87,5.5-filters_passing_noise,,,,
SOMATOM_Force_IFU_VB30,sec_0149,87,5.5-image_section_mapping,,,,
SOMATOM_Force_IFU_VB30,sec_0151,88,5.4-hierarchy_level,,,,
SOMATOM_Force_IFU_VB30,sec_0151,88,5.4-parent_child,,,,
SOMATOM_Force_IFU_VB30,sec_0151,88,5.4-page_start_end,,,,
SOMATOM_Force_IFU_VB30,sec_0151,88,5.4-hierarchy_path,,,,
SOMATOM_Force_IFU_VB30,sec_0151,88,5.4-gaps_duplicates,,,,
SOMATOM_Force_IFU_VB30,sec_0151,88,5.4-flagged_for_review,,,,
SOMATOM_Force_IFU_VB30,sec_0151,88,5.4-structural_source,,,,
SOMATOM_Force_IFU_VB30,sec_0151,88,5.6-numbering_scheme,,,,
SOMATOM_Force_IFU_VB30,sec_0151,88,5.6-offset_applied,,,,
SOMATOM_Force_IFU_VB30,sec_0151,88,5.5-filters_discarding,,,,
SOMATOM_Force_IFU_VB30,sec_0151,88,5.5-filters_passing_noise,,,,
SOMATOM_Force_IFU_VB30,sec_0151,88,5.5-image_section_mapping,,,,
SOMATOM_Force_IFU_VB30,sec_0157,95,5.4-hierarchy_level,,,,
SOMATOM_Force_IFU_VB30,sec_0157,95,5.4-parent_child,,,,
SOMATOM_Force_IFU_VB30,sec_0157,95,5.4-page_start_end,,,,
SOMATOM_Force_IFU_VB30,sec_0157,95,5.4-hierarchy_path,,,,
SOMATOM_Force_IFU_VB30,sec_0157,95,5.4-gaps_duplicates,,,,
SOMATOM_Force_IFU_VB30,sec_0157,95,5.4-flagged_for_review,,,,
SOMATOM_Force_IFU_VB30,sec_0157,95,5.4-structural_source,,,,
SOMATOM_Force_IFU_VB30,sec_0157,95,5.6-numbering_scheme,,,,
SOMATOM_Force_IFU_VB30,sec_0157,95,5.6-offset_applied,,,,
SOMATOM_Force_IFU_VB30,sec_0157,95,5.5-filters_discarding,,,,
SOMATOM_Force_IFU_VB30,sec_0157,95,5.5-filters_passing_noise,,,,
SOMATOM_Force_IFU_VB30,sec_0157,95,5.5-image_section_mapping,,,,
SOMATOM_Force_IFU_VB30,sec_0170,102,5.4-hierarchy_level,,,,
SOMATOM_Force_IFU_VB30,sec_0170,102,5.4-parent_child,,,,
SOMATOM_Force_IFU_VB30,sec_0170,102,5.4-page_start_end,,,,
SOMATOM_Force_IFU_VB30,sec_0170,102,5.4-hierarchy_path,,,,
SOMATOM_Force_IFU_VB30,sec_0170,102,5.4-gaps_duplicates,,,,
SOMATOM_Force_IFU_VB30,sec_0170,102,5.4-flagged_for_review,,,,
SOMATOM_Force_IFU_VB30,sec_0170,102,5.4-structural_source,,,,
SOMATOM_Force_IFU_VB30,sec_0170,102,5.6-numbering_scheme,,,,
SOMATOM_Force_IFU_VB30,sec_0170,102,5.6-offset_applied,,,,
SOMATOM_Force_IFU_VB30,sec_0170,102,5.5-filters_discarding,,,,
SOMATOM_Force_IFU_VB30,sec_0170,102,5.5-filters_passing_noise,,,,
SOMATOM_Force_IFU_VB30,sec_0170,102,5.5-image_section_mapping,,,,
SOMATOM_Force_IFU_VB30,sec_0184,109,5.4-hierarchy_level,,,,
SOMATOM_Force_IFU_VB30,sec_0184,109,5.4-parent_child,,,,
SOMATOM_Force_IFU_VB30,sec_0184,109,5.4-page_start_end,,,,
SOMATOM_Force_IFU_VB30,sec_0184,109,5.4-hierarchy_path,,,,
SOMATOM_Force_IFU_VB30,sec_0184,109,5.4-gaps_duplicates,,,,
SOMATOM_Force_IFU_VB30,sec_0184,109,5.4-flagged_for_review,,,,
SOMATOM_Force_IFU_VB30,sec_0184,109,5.4-structural_source,,,,
SOMATOM_Force_IFU_VB30,sec_0184,109,5.6-numbering_scheme,,,,
SOMATOM_Force_IFU_VB30,sec_0184,109,5.6-offset_applied,,,,
SOMATOM_Force_IFU_VB30,sec_0184,109,5.5-filters_discarding,,,,
SOMATOM_Force_IFU_VB30,sec_0184,109,5.5-filters_passing_noise,,,,
SOMATOM_Force_IFU_VB30,sec_0184,109,5.5-image_section_mapping,,,,
SOMATOM_Force_IFU_VB30,sec_0202,116,5.4-hierarchy_level,,,,
SOMATOM_Force_IFU_VB30,sec_0202,116,5.4-parent_child,,,,
SOMATOM_Force_IFU_VB30,sec_0202,116,5.4-page_start_end,,,,
SOMATOM_Force_IFU_VB30,sec_0202,116,5.4-hierarchy_path,,,,
SOMATOM_Force_IFU_VB30,sec_0202,116,5.4-gaps_duplicates,,,,
SOMATOM_Force_IFU_VB30,sec_0202,116,5.4-flagged_for_review,,,,
SOMATOM_Force_IFU_VB30,sec_0202,116,5.4-structural_source,,,,
SOMATOM_Force_IFU_VB30,sec_0202,116,5.6-numbering_scheme,,,,
SOMATOM_Force_IFU_VB30,sec_0202,116,5.6-offset_applied,,,,
SOMATOM_Force_IFU_VB30,sec_0202,116,5.5-filters_discarding,,,,
SOMATOM_Force_IFU_VB30,sec_0202,116,5.5-filters_passing_noise,,,,
SOMATOM_Force_IFU_VB30,sec_0202,116,5.5-image_section_mapping,,,,
SOMATOM_Force_IFU_VB30,sec_0212,124,5.4-hierarchy_level,,,,
SOMATOM_Force_IFU_VB30,sec_0212,124,5.4-parent_child,,,,
SOMATOM_Force_IFU_VB30,sec_0212,124,5.4-page_start_end,,,,
SOMATOM_Force_IFU_VB30,sec_0212,124,5.4-hierarchy_path,,,,
SOMATOM_Force_IFU_VB30,sec_0212,124,5.4-gaps_duplicates,,,,
SOMATOM_Force_IFU_VB30,sec_0212,124,5.4-flagged_for_review,,,,
SOMATOM_Force_IFU_VB30,sec_0212,124,5.4-structural_source,,,,
SOMATOM_Force_IFU_VB30,sec_0212,124,5.6-numbering_scheme,,,,
SOMATOM_Force_IFU_VB30,sec_0212,124,5.6-offset_applied,,,,
SOMATOM_Force_IFU_VB30,sec_0212,124,5.5-filters_discarding,,,,
SOMATOM_Force_IFU_VB30,sec_0212,124,5.5-filters_passing_noise,,,,
SOMATOM_Force_IFU_VB30,sec_0212,124,5.5-image_section_mapping,,,,
SOMATOM_Force_IFU_VB30,sec_0225,131,5.4-hierarchy_level,,,,
SOMATOM_Force_IFU_VB30,sec_0225,131,5.4-parent_child,,,,
SOMATOM_Force_IFU_VB30,sec_0225,131,5.4-page_start_end,,,,
SOMATOM_Force_IFU_VB30,sec_0225,131,5.4-hierarchy_path,,,,
SOMATOM_Force_IFU_VB30,sec_0225,131,5.4-gaps_duplicates,,,,
SOMATOM_Force_IFU_VB30,sec_0225,131,5.4-flagged_for_review,,,,
SOMATOM_Force_IFU_VB30,sec_0225,131,5.4-structural_source,,,,
SOMATOM_Force_IFU_VB30,sec_0225,131,5.6-numbering_scheme,,,,
SOMATOM_Force_IFU_VB30,sec_0225,131,5.6-offset_applied,,,,
SOMATOM_Force_IFU_VB30,sec_0225,131,5.5-filters_discarding,,,,
SOMATOM_Force_IFU_VB30,sec_0225,131,5.5-filters_passing_noise,,,,
SOMATOM_Force_IFU_VB30,sec_0225,131,5.5-image_section_mapping,,,,
SOMATOM_Force_IFU_VB30,sec_0244,138,5.4-hierarchy_level,,,,
SOMATOM_Force_IFU_VB30,sec_0244,138,5.4-parent_child,,,,
SOMATOM_Force_IFU_VB30,sec_0244,138,5.4-page_start_end,,,,
SOMATOM_Force_IFU_VB30,sec_0244,138,5.4-hierarchy_path,,,,
SOMATOM_Force_IFU_VB30,sec_0244,138,5.4-gaps_duplicates,,,,
SOMATOM_Force_IFU_VB30,sec_0244,138,5.4-flagged_for_review,,,,
SOMATOM_Force_IFU_VB30,sec_0244,138,5.4-structural_source,,,,
SOMATOM_Force_IFU_VB30,sec_0244,138,5.6-numbering_scheme,,,,
SOMATOM_Force_IFU_VB30,sec_0244,138,5.6-offset_applied,,,,
SOMATOM_Force_IFU_VB30,sec_0244,138,5.5-filters_discarding,,,,
SOMATOM_Force_IFU_VB30,sec_0244,138,5.5-filters_passing_noise,,,,
SOMATOM_Force_IFU_VB30,sec_0244,138,5.5-image_section_mapping,,,,
SOMATOM_Force_IFU_VB30,sec_0257,145,5.4-hierarchy_level,,,,
SOMATOM_Force_IFU_VB30,sec_0257,145,5.4-parent_child,,,,
SOMATOM_Force_IFU_VB30,sec_0257,145,5.4-page_start_end,,,,
SOMATOM_Force_IFU_VB30,sec_0257,145,5.4-hierarchy_path,,,,
SOMATOM_Force_IFU_VB30,sec_0257,145,5.4-gaps_duplicates,,,,
SOMATOM_Force_IFU_VB30,sec_0257,145,5.4-flagged_for_review,,,,
SOMATOM_Force_IFU_VB30,sec_0257,145,5.4-structural_source,,,,
SOMATOM_Force_IFU_VB30,sec_0257,145,5.6-numbering_scheme,,,,
SOMATOM_Force_IFU_VB30,sec_0257,145,5.6-offset_applied,,,,
SOMATOM_Force_IFU_VB30,sec_0257,145,5.5-filters_discarding,,,,
SOMATOM_Force_IFU_VB30,sec_0257,145,5.5-filters_passing_noise,,,,
SOMATOM_Force_IFU_VB30,sec_0257,145,5.5-image_section_mapping,,,,
SOMATOM_Force_IFU_VB30,sec_0271,152,5.4-hierarchy_level,,,,
SOMATOM_Force_IFU_VB30,sec_0271,152,5.4-parent_child,,,,
SOMATOM_Force_IFU_VB30,sec_0271,152,5.4-page_start_end,,,,
SOMATOM_Force_IFU_VB30,sec_0271,152,5.4-hierarchy_path,,,,
SOMATOM_Force_IFU_VB30,sec_0271,152,5.4-gaps_duplicates,,,,
SOMATOM_Force_IFU_VB30,sec_0271,152,5.4-flagged_for_review,,,,
SOMATOM_Force_IFU_VB30,sec_0271,152,5.4-structural_source,,,,
SOMATOM_Force_IFU_VB30,sec_0271,152,5.6-numbering_scheme,,,,
SOMATOM_Force_IFU_VB30,sec_0271,152,5.6-offset_applied,,,,
SOMATOM_Force_IFU_VB30,sec_0271,152,5.5-filters_discarding,,,,
SOMATOM_Force_IFU_VB30,sec_0271,152,5.5-filters_passing_noise,,,,
SOMATOM_Force_IFU_VB30,sec_0271,152,5.5-image_section_mapping,,,,
SOMATOM_Force_IFU_VB30,sec_0280,159,5.4-hierarchy_level,,,,
SOMATOM_Force_IFU_VB30,sec_0280,159,5.4-parent_child,,,,
SOMATOM_Force_IFU_VB30,sec_0280,159,5.4-page_start_end,,,,
SOMATOM_Force_IFU_VB30,sec_0280,159,5.4-hierarchy_path,,,,
SOMATOM_Force_IFU_VB30,sec_0280,159,5.4-gaps_duplicates,,,,
SOMATOM_Force_IFU_VB30,sec_0280,159,5.4-flagged_for_review,,,,
SOMATOM_Force_IFU_VB30,sec_0280,159,5.4-structural_source,,,,
SOMATOM_Force_IFU_VB30,sec_0280,159,5.6-numbering_scheme,,,,
SOMATOM_Force_IFU_VB30,sec_0280,159,5.6-offset_applied,,,,
SOMATOM_Force_IFU_VB30,sec_0280,159,5.5-filters_discarding,,,,
SOMATOM_Force_IFU_VB30,sec_0280,159,5.5-filters_passing_noise,,,,
SOMATOM_Force_IFU_VB30,sec_0280,159,5.5-image_section_mapping,,,,
SOMATOM_Force_IFU_VB30,sec_0284,160,5.4-hierarchy_level,,,,
SOMATOM_Force_IFU_VB30,sec_0284,160,5.4-parent_child,,,,
SOMATOM_Force_IFU_VB30,sec_0284,160,5.4-page_start_end,,,,
SOMATOM_Force_IFU_VB30,sec_0284,160,5.4-hierarchy_path,,,,
SOMATOM_Force_IFU_VB30,sec_0284,160,5.4-gaps_duplicates,,,,
SOMATOM_Force_IFU_VB30,sec_0284,160,5.4-flagged_for_review,,,,
SOMATOM_Force_IFU_VB30,sec_0284,160,5.4-structural_source,,,,
SOMATOM_Force_IFU_VB30,sec_0284,160,5.6-numbering_scheme,,,,
SOMATOM_Force_IFU_VB30,sec_0284,160,5.6-offset_applied,,,,
SOMATOM_Force_IFU_VB30,sec_0284,160,5.5-filters_discarding,,,,
SOMATOM_Force_IFU_VB30,sec_0284,160,5.5-filters_passing_noise,,,,
SOMATOM_Force_IFU_VB30,sec_0284,160,5.5-image_section_mapping,,,,
SOMATOM_Force_IFU_VB30,sec_0303,167,5.4-hierarchy_level,,,,
SOMATOM_Force_IFU_VB30,sec_0303,167,5.4-parent_child,,,,
SOMATOM_Force_IFU_VB30,sec_0303,167,5.4-page_start_end,,,,
SOMATOM_Force_IFU_VB30,sec_0303,167,5.4-hierarchy_path,,,,
SOMATOM_Force_IFU_VB30,sec_0303,167,5.4-gaps_duplicates,,,,
SOMATOM_Force_IFU_VB30,sec_0303,167,5.4-flagged_for_review,,,,
SOMATOM_Force_IFU_VB30,sec_0303,167,5.4-structural_source,,,,
SOMATOM_Force_IFU_VB30,sec_0303,167,5.6-numbering_scheme,,,,
SOMATOM_Force_IFU_VB30,sec_0303,167,5.6-offset_applied,,,,
SOMATOM_Force_IFU_VB30,sec_0303,167,5.5-filters_discarding,,,,
SOMATOM_Force_IFU_VB30,sec_0303,167,5.5-filters_passing_noise,,,,
SOMATOM_Force_IFU_VB30,sec_0303,167,5.5-image_section_mapping,,,,
SOMATOM_Force_IFU_VB30,sec_0343,174,5.4-hierarchy_level,,,,
SOMATOM_Force_IFU_VB30,sec_0343,174,5.4-parent_child,,,,
SOMATOM_Force_IFU_VB30,sec_0343,174,5.4-page_start_end,,,,
SOMATOM_Force_IFU_VB30,sec_0343,174,5.4-hierarchy_path,,,,
SOMATOM_Force_IFU_VB30,sec_0343,174,5.4-gaps_duplicates,,,,
SOMATOM_Force_IFU_VB30,sec_0343,174,5.4-flagged_for_review,,,,
SOMATOM_Force_IFU_VB30,sec_0343,174,5.4-structural_source,,,,
SOMATOM_Force_IFU_VB30,sec_0343,174,5.6-numbering_scheme,,,,
SOMATOM_Force_IFU_VB30,sec_0343,174,5.6-offset_applied,,,,
SOMATOM_Force_IFU_VB30,sec_0343,174,5.5-filters_discarding,,,,
SOMATOM_Force_IFU_VB30,sec_0343,174,5.5-filters_passing_noise,,,,
SOMATOM_Force_IFU_VB30,sec_0343,174,5.5-image_section_mapping,,,,
SOMATOM_Force_IFU_VB30,sec_0364,181,5.4-hierarchy_level,,,,
SOMATOM_Force_IFU_VB30,sec_0364,181,5.4-parent_child,,,,
SOMATOM_Force_IFU_VB30,sec_0364,181,5.4-page_start_end,,,,
SOMATOM_Force_IFU_VB30,sec_0364,181,5.4-hierarchy_path,,,,
SOMATOM_Force_IFU_VB30,sec_0364,181,5.4-gaps_duplicates,,,,
SOMATOM_Force_IFU_VB30,sec_0364,181,5.4-flagged_for_review,,,,
SOMATOM_Force_IFU_VB30,sec_0364,181,5.4-structural_source,,,,
SOMATOM_Force_IFU_VB30,sec_0364,181,5.6-numbering_scheme,,,,
SOMATOM_Force_IFU_VB30,sec_0364,181,5.6-offset_applied,,,,
SOMATOM_Force_IFU_VB30,sec_0364,181,5.5-filters_discarding,,,,
SOMATOM_Force_IFU_VB30,sec_0364,181,5.5-filters_passing_noise,,,,
SOMATOM_Force_IFU_VB30,sec_0364,181,5.5-image_section_mapping,,,,
SOMATOM_Force_IFU_VB30,sec_0382,188,5.4-hierarchy_level,,,,
SOMATOM_Force_IFU_VB30,sec_0382,188,5.4-parent_child,,,,
SOMATOM_Force_IFU_VB30,sec_0382,188,5.4-page_start_end,,,,
SOMATOM_Force_IFU_VB30,sec_0382,188,5.4-hierarchy_path,,,,
SOMATOM_Force_IFU_VB30,sec_0382,188,5.4-gaps_duplicates,,,,
SOMATOM_Force_IFU_VB30,sec_0382,188,5.4-flagged_for_review,,,,
SOMATOM_Force_IFU_VB30,sec_0382,188,5.4-structural_source,,,,
SOMATOM_Force_IFU_VB30,sec_0382,188,5.6-numbering_scheme,,,,
SOMATOM_Force_IFU_VB30,sec_0382,188,5.6-offset_applied,,,,
SOMATOM_Force_IFU_VB30,sec_0382,188,5.5-filters_discarding,,,,
SOMATOM_Force_IFU_VB30,sec_0382,188,5.5-filters_passing_noise,,,,
SOMATOM_Force_IFU_VB30,sec_0382,188,5.5-image_section_mapping,,,,
SOMATOM_Force_IFU_VB30,sec_0385,189,5.4-hierarchy_level,,,,
SOMATOM_Force_IFU_VB30,sec_0385,189,5.4-parent_child,,,,
SOMATOM_Force_IFU_VB30,sec_0385,189,5.4-page_start_end,,,,
SOMATOM_Force_IFU_VB30,sec_0385,189,5.4-hierarchy_path,,,,
SOMATOM_Force_IFU_VB30,sec_0385,189,5.4-gaps_duplicates,,,,
SOMATOM_Force_IFU_VB30,sec_0385,189,5.4-flagged_for_review,,,,
SOMATOM_Force_IFU_VB30,sec_0385,189,5.4-structural_source,,,,
SOMATOM_Force_IFU_VB30,sec_0385,189,5.6-numbering_scheme,,,,
SOMATOM_Force_IFU_VB30,sec_0385,189,5.6-offset_applied,,,,
SOMATOM_Force_IFU_VB30,sec_0385,189,5.5-filters_discarding,,,,
SOMATOM_Force_IFU_VB30,sec_0385,189,5.5-filters_passing_noise,,,,
SOMATOM_Force_IFU_VB30,sec_0385,189,5.5-image_section_mapping,,,,
SOMATOM_Force_IFU_VB30,sec_0395,196,5.4-hierarchy_level,,,,
SOMATOM_Force_IFU_VB30,sec_0395,196,5.4-parent_child,,,,
SOMATOM_Force_IFU_VB30,sec_0395,196,5.4-page_start_end,,,,
SOMATOM_Force_IFU_VB30,sec_0395,196,5.4-hierarchy_path,,,,
SOMATOM_Force_IFU_VB30,sec_0395,196,5.4-gaps_duplicates,,,,
SOMATOM_Force_IFU_VB30,sec_0395,196,5.4-flagged_for_review,,,,
SOMATOM_Force_IFU_VB30,sec_0395,196,5.4-structural_source,,,,
SOMATOM_Force_IFU_VB30,sec_0395,196,5.6-numbering_scheme,,,,
SOMATOM_Force_IFU_VB30,sec_0395,196,5.6-offset_applied,,,,
SOMATOM_Force_IFU_VB30,sec_0395,196,5.5-filters_discarding,,,,
SOMATOM_Force_IFU_VB30,sec_0395,196,5.5-filters_passing_noise,,,,
SOMATOM_Force_IFU_VB30,sec_0395,196,5.5-image_section_mapping,,,,
SOMATOM_Force_IFU_VB30,sec_0411,204,5.4-hierarchy_level,,,,
SOMATOM_Force_IFU_VB30,sec_0411,204,5.4-parent_child,,,,
SOMATOM_Force_IFU_VB30,sec_0411,204,5.4-page_start_end,,,,
SOMATOM_Force_IFU_VB30,sec_0411,204,5.4-hierarchy_path,,,,
SOMATOM_Force_IFU_VB30,sec_0411,204,5.4-gaps_duplicates,,,,
SOMATOM_Force_IFU_VB30,sec_0411,204,5.4-flagged_for_review,,,,
SOMATOM_Force_IFU_VB30,sec_0411,204,5.4-structural_source,,,,
SOMATOM_Force_IFU_VB30,sec_0411,204,5.6-numbering_scheme,,,,
SOMATOM_Force_IFU_VB30,sec_0411,204,5.6-offset_applied,,,,
SOMATOM_Force_IFU_VB30,sec_0411,204,5.5-filters_discarding,,,,
SOMATOM_Force_IFU_VB30,sec_0411,204,5.5-filters_passing_noise,,,,
SOMATOM_Force_IFU_VB30,sec_0411,204,5.5-image_section_mapping,,,,
SOMATOM_Force_IFU_VB30,sec_0427,212,5.4-hierarchy_level,,,,
SOMATOM_Force_IFU_VB30,sec_0427,212,5.4-parent_child,,,,
SOMATOM_Force_IFU_VB30,sec_0427,212,5.4-page_start_end,,,,
SOMATOM_Force_IFU_VB30,sec_0427,212,5.4-hierarchy_path,,,,
SOMATOM_Force_IFU_VB30,sec_0427,212,5.4-gaps_duplicates,,,,
SOMATOM_Force_IFU_VB30,sec_0427,212,5.4-flagged_for_review,,,,
SOMATOM_Force_IFU_VB30,sec_0427,212,5.4-structural_source,,,,
SOMATOM_Force_IFU_VB30,sec_0427,212,5.6-numbering_scheme,,,,
SOMATOM_Force_IFU_VB30,sec_0427,212,5.6-offset_applied,,,,
SOMATOM_Force_IFU_VB30,sec_0427,212,5.5-filters_discarding,,,,
SOMATOM_Force_IFU_VB30,sec_0427,212,5.5-filters_passing_noise,,,,
SOMATOM_Force_IFU_VB30,sec_0427,212,5.5-image_section_mapping,,,,
SOMATOM_Force_IFU_VB30,sec_0447,219,5.4-hierarchy_level,,,,
SOMATOM_Force_IFU_VB30,sec_0447,219,5.4-parent_child,,,,
SOMATOM_Force_IFU_VB30,sec_0447,219,5.4-page_start_end,,,,
SOMATOM_Force_IFU_VB30,sec_0447,219,5.4-hierarchy_path,,,,
SOMATOM_Force_IFU_VB30,sec_0447,219,5.4-gaps_duplicates,,,,
SOMATOM_Force_IFU_VB30,sec_0447,219,5.4-flagged_for_review,,,,
SOMATOM_Force_IFU_VB30,sec_0447,219,5.4-structural_source,,,,
SOMATOM_Force_IFU_VB30,sec_0447,219,5.6-numbering_scheme,,,,
SOMATOM_Force_IFU_VB30,sec_0447,219,5.6-offset_applied,,,,
SOMATOM_Force_IFU_VB30,sec_0447,219,5.5-filters_discarding,,,,
SOMATOM_Force_IFU_VB30,sec_0447,219,5.5-filters_passing_noise,,,,
SOMATOM_Force_IFU_VB30,sec_0447,219,5.5-image_section_mapping,,,,
SOMATOM_Force_IFU_VB30,sec_0458,226,5.4-hierarchy_level,,,,
SOMATOM_Force_IFU_VB30,sec_0458,226,5.4-parent_child,,,,
SOMATOM_Force_IFU_VB30,sec_0458,226,5.4-page_start_end,,,,
SOMATOM_Force_IFU_VB30,sec_0458,226,5.4-hierarchy_path,,,,
SOMATOM_Force_IFU_VB30,sec_0458,226,5.4-gaps_duplicates,,,,
SOMATOM_Force_IFU_VB30,sec_0458,226,5.4-flagged_for_review,,,,
SOMATOM_Force_IFU_VB30,sec_0458,226,5.4-structural_source,,,,
SOMATOM_Force_IFU_VB30,sec_0458,226,5.6-numbering_scheme,,,,
SOMATOM_Force_IFU_VB30,sec_0458,226,5.6-offset_applied,,,,
SOMATOM_Force_IFU_VB30,sec_0458,226,5.5-filters_discarding,,,,
SOMATOM_Force_IFU_VB30,sec_0458,226,5.5-filters_passing_noise,,,,
SOMATOM_Force_IFU_VB30,sec_0458,226,5.5-image_section_mapping,,,,
SOMATOM_Force_IFU_VB30,sec_0488,234,5.4-hierarchy_level,,,,
SOMATOM_Force_IFU_VB30,sec_0488,234,5.4-parent_child,,,,
SOMATOM_Force_IFU_VB30,sec_0488,234,5.4-page_start_end,,,,
SOMATOM_Force_IFU_VB30,sec_0488,234,5.4-hierarchy_path,,,,
SOMATOM_Force_IFU_VB30,sec_0488,234,5.4-gaps_duplicates,,,,
SOMATOM_Force_IFU_VB30,sec_0488,234,5.4-flagged_for_review,,,,
SOMATOM_Force_IFU_VB30,sec_0488,234,5.4-structural_source,,,,
SOMATOM_Force_IFU_VB30,sec_0488,234,5.6-numbering_scheme,,,,
SOMATOM_Force_IFU_VB30,sec_0488,234,5.6-offset_applied,,,,
SOMATOM_Force_IFU_VB30,sec_0488,234,5.5-filters_discarding,,,,
SOMATOM_Force_IFU_VB30,sec_0488,234,5.5-filters_passing_noise,,,,
SOMATOM_Force_IFU_VB30,sec_0488,234,5.5-image_section_mapping,,,,
SOMATOM_Force_IFU_VB30,sec_0491,235,5.4-hierarchy_level,PASS,,On p235 '6.1 Examination procedure overview' is a section heading under the chapter '6 Examination'. hierarchy_level 2 is right.,
SOMATOM_Force_IFU_VB30,sec_0491,235,5.4-parent_child,PASS,,The parent sec_0490 is the chapter '6 Examination'. The children sec_0492 to sec_0501 match 6.1.1 to 6.1.10 on p236 to p238. The next section 6.2 (sec_0502) is a sibling.,
SOMATOM_Force_IFU_VB30,sec_0491,235,5.4-page_start_end,PASS,,"The section starts at the '6.1' heading on p235. The chapter title '6 Examination' and its intro line above it are not in sec_0491. The two workflow tables belong to 6.1 (tables 21 and 22 on p235, table 23 on p236, steps 3-11 before the 6.1.1 heading). page_end 238 matches the last child 6.1.10, and 6.2 starts below it on p238.","Nodes include running headers and footers (#/texts/4972-4974). The tables are placed after the text in semantic_order, not in page order. Both points are minor."
SOMATOM_Force_IFU_VB30,sec_0491,235,5.4-hierarchy_path,PASS,,hierarchy_path '/Examination/Examination procedure overview' matches the chapter 6 and section 6.1 headings on p235.,
SOMATOM_Force_IFU_VB30,sec_0491,235,5.4-gaps_duplicates,PASS,,"The table on p236 (#/tables/23, steps 3-11) continues the p235 table (#/tables/22, steps 1-2) and repeats only the header row. No row is lost or duplicated, and the first table (#/tables/21) is a different table.",
SOMATOM_Force_IFU_VB30,sec_0491,235,5.4-flagged_for_review,PASS,,flagged_for_review is false with verification_score 100. The '6.1 Examination procedure overview' title is clearly on p235.,
SOMATOM_Force_IFU_VB30,sec_0491,235,5.4-structural_source,PASS,,structural_source is 'toc'. The title and page 235 agree with the heading seen on p235.,
SOMATOM_Force_IFU_VB30,sec_0491,235,5.6-numbering_scheme,PASS,,The folios are '235' on p235 and '238' on p238 in Arabic numerals. numbering_scheme is 'arabic'.,
SOMATOM_Force_IFU_VB30,sec_0491,235,5.6-offset_applied,PASS,,"The printed folio is 235 on p235 and 238 on p238. offset_applied is 0, so they agree with the physical pages.",
SOMATOM_Force_IFU_VB30,sec_0491,235,5.6-table_content,PASS,,"On p235 the Touch Panel table has 4 columns and 9 steps. #/tables/21 keeps all rows and cells. The predecessor table on p235 and p236 (#/tables/22 and #/tables/23, steps 1-11) also matches the render.",The arrow in the cross-references ('Page 236') is an empty private-use character in the text. This is cosmetic. The table was split in two at the page break.
SOMATOM_Force_IFU_VB30,sec_0491,235,5.5-filters_discarding,PASS,,"p235 and p238 contain only text, headings and tables. The cross-reference arrows are small glyphs inside the text. No figure or photo was lost.",
SOMATOM_Force_IFU_VB30,sec_0491,235,5.5-filters_passing_noise,PASS,,No image is kept for sec_0491. The teal tab and footer line on p235 and p238 are not in the image list.,
SOMATOM_Force_IFU_VB30,sec_0491,235,5.5-image_section_mapping,PASS,,"p235 and p238 have no figure. The image list has no image mapped to sec_0491, so there is nothing mapped wrongly.",
SOMATOM_Force_IFU_VB30,sec_0511,242,5.4-hierarchy_level,,,,
SOMATOM_Force_IFU_VB30,sec_0511,242,5.4-parent_child,,,,
SOMATOM_Force_IFU_VB30,sec_0511,242,5.4-page_start_end,,,,
SOMATOM_Force_IFU_VB30,sec_0511,242,5.4-hierarchy_path,,,,
SOMATOM_Force_IFU_VB30,sec_0511,242,5.4-gaps_duplicates,,,,
SOMATOM_Force_IFU_VB30,sec_0511,242,5.4-flagged_for_review,,,,
SOMATOM_Force_IFU_VB30,sec_0511,242,5.4-structural_source,,,,
SOMATOM_Force_IFU_VB30,sec_0511,242,5.6-numbering_scheme,,,,
SOMATOM_Force_IFU_VB30,sec_0511,242,5.6-offset_applied,,,,
SOMATOM_Force_IFU_VB30,sec_0511,242,5.5-filters_discarding,,,,
SOMATOM_Force_IFU_VB30,sec_0511,242,5.5-filters_passing_noise,,,,
SOMATOM_Force_IFU_VB30,sec_0511,242,5.5-image_section_mapping,,,,
SOMATOM_Force_IFU_VB30,sec_0517,248,5.4-hierarchy_level,,,,
SOMATOM_Force_IFU_VB30,sec_0517,248,5.4-parent_child,,,,
SOMATOM_Force_IFU_VB30,sec_0517,248,5.4-page_start_end,,,,
SOMATOM_Force_IFU_VB30,sec_0517,248,5.4-hierarchy_path,,,,
SOMATOM_Force_IFU_VB30,sec_0517,248,5.4-gaps_duplicates,,,,
SOMATOM_Force_IFU_VB30,sec_0517,248,5.4-flagged_for_review,,,,
SOMATOM_Force_IFU_VB30,sec_0517,248,5.4-structural_source,,,,
SOMATOM_Force_IFU_VB30,sec_0517,248,5.6-numbering_scheme,,,,
SOMATOM_Force_IFU_VB30,sec_0517,248,5.6-offset_applied,,,,
SOMATOM_Force_IFU_VB30,sec_0517,248,5.5-filters_discarding,,,,
SOMATOM_Force_IFU_VB30,sec_0517,248,5.5-filters_passing_noise,,,,
SOMATOM_Force_IFU_VB30,sec_0517,248,5.5-image_section_mapping,,,,
SOMATOM_Force_IFU_VB30,sec_0530,255,5.4-hierarchy_level,,,,
SOMATOM_Force_IFU_VB30,sec_0530,255,5.4-parent_child,,,,
SOMATOM_Force_IFU_VB30,sec_0530,255,5.4-page_start_end,,,,
SOMATOM_Force_IFU_VB30,sec_0530,255,5.4-hierarchy_path,,,,
SOMATOM_Force_IFU_VB30,sec_0530,255,5.4-gaps_duplicates,,,,
SOMATOM_Force_IFU_VB30,sec_0530,255,5.4-flagged_for_review,,,,
SOMATOM_Force_IFU_VB30,sec_0530,255,5.4-structural_source,,,,
SOMATOM_Force_IFU_VB30,sec_0530,255,5.6-numbering_scheme,,,,
SOMATOM_Force_IFU_VB30,sec_0530,255,5.6-offset_applied,,,,
SOMATOM_Force_IFU_VB30,sec_0530,255,5.5-filters_discarding,,,,
SOMATOM_Force_IFU_VB30,sec_0530,255,5.5-filters_passing_noise,,,,
SOMATOM_Force_IFU_VB30,sec_0530,255,5.5-image_section_mapping,,,,
SOMATOM_Force_IFU_VB30,sec_0545,262,5.4-hierarchy_level,,,,
SOMATOM_Force_IFU_VB30,sec_0545,262,5.4-parent_child,,,,
SOMATOM_Force_IFU_VB30,sec_0545,262,5.4-page_start_end,,,,
SOMATOM_Force_IFU_VB30,sec_0545,262,5.4-hierarchy_path,,,,
SOMATOM_Force_IFU_VB30,sec_0545,262,5.4-gaps_duplicates,,,,
SOMATOM_Force_IFU_VB30,sec_0545,262,5.4-flagged_for_review,,,,
SOMATOM_Force_IFU_VB30,sec_0545,262,5.4-structural_source,,,,
SOMATOM_Force_IFU_VB30,sec_0545,262,5.6-numbering_scheme,,,,
SOMATOM_Force_IFU_VB30,sec_0545,262,5.6-offset_applied,,,,
SOMATOM_Force_IFU_VB30,sec_0545,262,5.5-filters_discarding,,,,
SOMATOM_Force_IFU_VB30,sec_0545,262,5.5-filters_passing_noise,,,,
SOMATOM_Force_IFU_VB30,sec_0545,262,5.5-image_section_mapping,,,,
SOMATOM_Force_IFU_VB30,sec_0554,268,5.4-hierarchy_level,,,,
SOMATOM_Force_IFU_VB30,sec_0554,268,5.4-parent_child,,,,
SOMATOM_Force_IFU_VB30,sec_0554,268,5.4-page_start_end,,,,
SOMATOM_Force_IFU_VB30,sec_0554,268,5.4-hierarchy_path,,,,
SOMATOM_Force_IFU_VB30,sec_0554,268,5.4-gaps_duplicates,,,,
SOMATOM_Force_IFU_VB30,sec_0554,268,5.4-flagged_for_review,,,,
SOMATOM_Force_IFU_VB30,sec_0554,268,5.4-structural_source,,,,
SOMATOM_Force_IFU_VB30,sec_0554,268,5.6-numbering_scheme,,,,
SOMATOM_Force_IFU_VB30,sec_0554,268,5.6-offset_applied,,,,
SOMATOM_Force_IFU_VB30,sec_0554,268,5.5-filters_discarding,,,,
SOMATOM_Force_IFU_VB30,sec_0554,268,5.5-filters_passing_noise,,,,
SOMATOM_Force_IFU_VB30,sec_0554,268,5.5-image_section_mapping,,,,
SOMATOM_Force_IFU_VB30,sec_0565,275,5.4-hierarchy_level,,,,
SOMATOM_Force_IFU_VB30,sec_0565,275,5.4-parent_child,,,,
SOMATOM_Force_IFU_VB30,sec_0565,275,5.4-page_start_end,,,,
SOMATOM_Force_IFU_VB30,sec_0565,275,5.4-hierarchy_path,,,,
SOMATOM_Force_IFU_VB30,sec_0565,275,5.4-gaps_duplicates,,,,
SOMATOM_Force_IFU_VB30,sec_0565,275,5.4-flagged_for_review,,,,
SOMATOM_Force_IFU_VB30,sec_0565,275,5.4-structural_source,,,,
SOMATOM_Force_IFU_VB30,sec_0565,275,5.6-numbering_scheme,,,,
SOMATOM_Force_IFU_VB30,sec_0565,275,5.6-offset_applied,,,,
SOMATOM_Force_IFU_VB30,sec_0565,275,5.5-filters_discarding,,,,
SOMATOM_Force_IFU_VB30,sec_0565,275,5.5-filters_passing_noise,,,,
SOMATOM_Force_IFU_VB30,sec_0565,275,5.5-image_section_mapping,,,,
SOMATOM_Force_IFU_VB30,sec_0590,282,5.4-hierarchy_level,,,,
SOMATOM_Force_IFU_VB30,sec_0590,282,5.4-parent_child,,,,
SOMATOM_Force_IFU_VB30,sec_0590,282,5.4-page_start_end,,,,
SOMATOM_Force_IFU_VB30,sec_0590,282,5.4-hierarchy_path,,,,
SOMATOM_Force_IFU_VB30,sec_0590,282,5.4-gaps_duplicates,,,,
SOMATOM_Force_IFU_VB30,sec_0590,282,5.4-flagged_for_review,,,,
SOMATOM_Force_IFU_VB30,sec_0590,282,5.4-structural_source,,,,
SOMATOM_Force_IFU_VB30,sec_0590,282,5.6-numbering_scheme,,,,
SOMATOM_Force_IFU_VB30,sec_0590,282,5.6-offset_applied,,,,
SOMATOM_Force_IFU_VB30,sec_0590,282,5.5-filters_discarding,,,,
SOMATOM_Force_IFU_VB30,sec_0590,282,5.5-filters_passing_noise,,,,
SOMATOM_Force_IFU_VB30,sec_0590,282,5.5-image_section_mapping,,,,
SOMATOM_Force_IFU_VB30,sec_0604,288,5.4-hierarchy_level,,,,
SOMATOM_Force_IFU_VB30,sec_0604,288,5.4-parent_child,,,,
SOMATOM_Force_IFU_VB30,sec_0604,288,5.4-page_start_end,,,,
SOMATOM_Force_IFU_VB30,sec_0604,288,5.4-hierarchy_path,,,,
SOMATOM_Force_IFU_VB30,sec_0604,288,5.4-gaps_duplicates,,,,
SOMATOM_Force_IFU_VB30,sec_0604,288,5.4-flagged_for_review,,,,
SOMATOM_Force_IFU_VB30,sec_0604,288,5.4-structural_source,,,,
SOMATOM_Force_IFU_VB30,sec_0604,288,5.6-numbering_scheme,,,,
SOMATOM_Force_IFU_VB30,sec_0604,288,5.6-offset_applied,,,,
SOMATOM_Force_IFU_VB30,sec_0604,288,5.5-filters_discarding,,,,
SOMATOM_Force_IFU_VB30,sec_0604,288,5.5-filters_passing_noise,,,,
SOMATOM_Force_IFU_VB30,sec_0604,288,5.5-image_section_mapping,,,,
SOMATOM_Force_IFU_VB30,sec_0616,295,5.4-hierarchy_level,,,,
SOMATOM_Force_IFU_VB30,sec_0616,295,5.4-parent_child,,,,
SOMATOM_Force_IFU_VB30,sec_0616,295,5.4-page_start_end,,,,
SOMATOM_Force_IFU_VB30,sec_0616,295,5.4-hierarchy_path,,,,
SOMATOM_Force_IFU_VB30,sec_0616,295,5.4-gaps_duplicates,,,,
SOMATOM_Force_IFU_VB30,sec_0616,295,5.4-flagged_for_review,,,,
SOMATOM_Force_IFU_VB30,sec_0616,295,5.4-structural_source,,,,
SOMATOM_Force_IFU_VB30,sec_0616,295,5.6-numbering_scheme,,,,
SOMATOM_Force_IFU_VB30,sec_0616,295,5.6-offset_applied,,,,
SOMATOM_Force_IFU_VB30,sec_0616,295,5.5-filters_discarding,,,,
SOMATOM_Force_IFU_VB30,sec_0616,295,5.5-filters_passing_noise,,,,
SOMATOM_Force_IFU_VB30,sec_0616,295,5.5-image_section_mapping,,,,
SOMATOM_Force_IFU_VB30,sec_0624,302,5.4-hierarchy_level,,,,
SOMATOM_Force_IFU_VB30,sec_0624,302,5.4-parent_child,,,,
SOMATOM_Force_IFU_VB30,sec_0624,302,5.4-page_start_end,,,,
SOMATOM_Force_IFU_VB30,sec_0624,302,5.4-hierarchy_path,,,,
SOMATOM_Force_IFU_VB30,sec_0624,302,5.4-gaps_duplicates,,,,
SOMATOM_Force_IFU_VB30,sec_0624,302,5.4-flagged_for_review,,,,
SOMATOM_Force_IFU_VB30,sec_0624,302,5.4-structural_source,,,,
SOMATOM_Force_IFU_VB30,sec_0624,302,5.6-numbering_scheme,,,,
SOMATOM_Force_IFU_VB30,sec_0624,302,5.6-offset_applied,,,,
SOMATOM_Force_IFU_VB30,sec_0624,302,5.5-filters_discarding,,,,
SOMATOM_Force_IFU_VB30,sec_0624,302,5.5-filters_passing_noise,,,,
SOMATOM_Force_IFU_VB30,sec_0624,302,5.5-image_section_mapping,,,,
SOMATOM_Force_IFU_VB30,sec_0635,309,5.4-hierarchy_level,,,,
SOMATOM_Force_IFU_VB30,sec_0635,309,5.4-parent_child,,,,
SOMATOM_Force_IFU_VB30,sec_0635,309,5.4-page_start_end,,,,
SOMATOM_Force_IFU_VB30,sec_0635,309,5.4-hierarchy_path,,,,
SOMATOM_Force_IFU_VB30,sec_0635,309,5.4-gaps_duplicates,,,,
SOMATOM_Force_IFU_VB30,sec_0635,309,5.4-flagged_for_review,,,,
SOMATOM_Force_IFU_VB30,sec_0635,309,5.4-structural_source,,,,
SOMATOM_Force_IFU_VB30,sec_0635,309,5.6-numbering_scheme,,,,
SOMATOM_Force_IFU_VB30,sec_0635,309,5.6-offset_applied,,,,
SOMATOM_Force_IFU_VB30,sec_0635,309,5.5-filters_discarding,,,,
SOMATOM_Force_IFU_VB30,sec_0635,309,5.5-filters_passing_noise,,,,
SOMATOM_Force_IFU_VB30,sec_0635,309,5.5-image_section_mapping,,,,
SOMATOM_Force_IFU_VB30,sec_0643,315,5.4-hierarchy_level,,,,
SOMATOM_Force_IFU_VB30,sec_0643,315,5.4-parent_child,,,,
SOMATOM_Force_IFU_VB30,sec_0643,315,5.4-page_start_end,,,,
SOMATOM_Force_IFU_VB30,sec_0643,315,5.4-hierarchy_path,,,,
SOMATOM_Force_IFU_VB30,sec_0643,315,5.4-gaps_duplicates,,,,
SOMATOM_Force_IFU_VB30,sec_0643,315,5.4-flagged_for_review,,,,
SOMATOM_Force_IFU_VB30,sec_0643,315,5.4-structural_source,,,,
SOMATOM_Force_IFU_VB30,sec_0643,315,5.6-numbering_scheme,,,,
SOMATOM_Force_IFU_VB30,sec_0643,315,5.6-offset_applied,,,,
SOMATOM_Force_IFU_VB30,sec_0643,315,5.5-filters_discarding,,,,
SOMATOM_Force_IFU_VB30,sec_0643,315,5.5-filters_passing_noise,,,,
SOMATOM_Force_IFU_VB30,sec_0643,315,5.5-image_section_mapping,,,,
SOMATOM_Force_IFU_VB30,sec_0655,322,5.4-hierarchy_level,,,,
SOMATOM_Force_IFU_VB30,sec_0655,322,5.4-parent_child,,,,
SOMATOM_Force_IFU_VB30,sec_0655,322,5.4-page_start_end,,,,
SOMATOM_Force_IFU_VB30,sec_0655,322,5.4-hierarchy_path,,,,
SOMATOM_Force_IFU_VB30,sec_0655,322,5.4-gaps_duplicates,,,,
SOMATOM_Force_IFU_VB30,sec_0655,322,5.4-flagged_for_review,,,,
SOMATOM_Force_IFU_VB30,sec_0655,322,5.4-structural_source,,,,
SOMATOM_Force_IFU_VB30,sec_0655,322,5.6-numbering_scheme,,,,
SOMATOM_Force_IFU_VB30,sec_0655,322,5.6-offset_applied,,,,
SOMATOM_Force_IFU_VB30,sec_0655,322,5.5-filters_discarding,,,,
SOMATOM_Force_IFU_VB30,sec_0655,322,5.5-filters_passing_noise,,,,
SOMATOM_Force_IFU_VB30,sec_0655,322,5.5-image_section_mapping,,,,
SOMATOM_Force_IFU_VB30,sec_0673,329,5.4-hierarchy_level,PASS,,"On p329 'State of Reconstruction' is a margin title under '6.7.4 Performing a reconstruction'. The tree has it at level 5. This matches the PDF bookmark nesting (levels 3, 4, 5, all on p329).","On p329 the printed margin titles 'Starting reconstruction' and 'State of Reconstruction' look like siblings. The PDF bookmark tree nests them as levels 4 and 5, so this is a source bookmark choice, not a pipeline defect. Graded PASS as in approved v1."
SOMATOM_Force_IFU_VB30,sec_0673,329,5.4-parent_child,PASS,,"The parent is sec_0672 'Starting reconstruction'. This is the same nesting as in the PDF bookmark tree. The intro, table and last table row of 'State of Reconstruction' are in sec_0673 on p329 and p330.","On p329 the printed margin titles 'Starting reconstruction' and 'State of Reconstruction' look like siblings. The PDF bookmark tree nests them as levels 4 and 5, so this is a source bookmark choice, not a pipeline defect. Graded PASS as in approved v1."
SOMATOM_Force_IFU_VB30,sec_0673,329,5.4-page_start_end,PASS,,"The section starts at the margin title 'State of Reconstruction' on p329. It holds the intro line, the icon table (#/tables/30) and its last row on p330 (#/texts/7123-7127, 'Indicates that images have been reconstructed'). It ends before 'Performing retrospective reconstruction' on p330. 'Starting reconstruction' content stays in sec_0672.",The p330 table row is stored as paragraph nodes before the table in semantic_order. All text is owned by the right section.
SOMATOM_Force_IFU_VB30,sec_0673,329,5.4-hierarchy_path,PASS,,"hierarchy_path is '/Examination/Reconstruction/Performing a reconstruction/Starting reconstruction/State of Reconstruction'. It follows the PDF bookmark nesting, and the headings on p329 are in this order.","On p329 the printed margin titles 'Starting reconstruction' and 'State of Reconstruction' look like siblings. The PDF bookmark tree nests them as levels 4 and 5, so this is a source bookmark choice, not a pipeline defect. Graded PASS as in approved v1."
SOMATOM_Force_IFU_VB30,sec_0673,329,5.4-gaps_duplicates,PASS,,"All text of the 'State of Reconstruction' block is present once: the intro on p329, ten table rows on p329 and the eleventh row on p330. Nothing is repeated in sec_0672 or sec_0674.",
SOMATOM_Force_IFU_VB30,sec_0673,329,5.4-flagged_for_review,PASS,,"flagged_for_review is false with verification_score 100. The title is clearly seen on p329. The nesting problem was not flagged, but the flag only needs to show uncertainty.",The unflagged nesting error is reported in 5.4-hierarchy_level.
SOMATOM_Force_IFU_VB30,sec_0673,329,5.4-structural_source,PASS,,structural_source is 'toc'. The title and page 329 match the margin title on p329.,
SOMATOM_Force_IFU_VB30,sec_0673,329,5.6-numbering_scheme,PASS,,The folios are '329' on p329 and '330' on p330 in Arabic numerals. numbering_scheme is 'arabic'.,
SOMATOM_Force_IFU_VB30,sec_0673,329,5.6-offset_applied,PASS,,"Printed folio 329 is on physical p329, and 330 on p330. offset_applied is 0, so they agree.",
SOMATOM_Force_IFU_VB30,sec_0673,329,5.6-table_content,PASS,,On p329 the status table has ten rows with an icon column and a description column. #/tables/30 keeps the ten descriptions in order with real grid content. Only hyphenation changed since v1.,The icon column is empty because the icons are pictures. The 11th row on p330 is outside the table node. This matches the approved v1 grading (PASS); the lost icons are in 5.5-filters_discarding.
SOMATOM_Force_IFU_VB30,sec_0673,329,5.5-filters_discarding,FAIL,Low,"On p329 each table row starts with a small status icon (grey square, pink frame, '3D', 'RT', black 'RT', checker, X, hourglass, bars, queue). The p330 row has a thumbnail icon. The image list has no image for p329 or p330 in this section.","The meaning of each row is written in the text, but the icon that a user must recognise is lost. This is a small-icon drop with the meaning in text, so Low. If the reviewer thinks the icon appearance is the key information, the severity may be higher."
SOMATOM_Force_IFU_VB30,sec_0673,329,5.5-filters_passing_noise,PASS,,"No image is kept for sec_0673, so no decorative element is kept as an image.",
SOMATOM_Force_IFU_VB30,sec_0673,329,5.5-image_section_mapping,PASS,,"The image list has no image for p329 or p330, so no image is mapped to the wrong section. The info box icon on p329 is a small icon outside this section.",The missing icons are reported in 5.5-filters_discarding.
SOMATOM_Force_IFU_VB30,sec_0685,335,5.4-hierarchy_level,,,,
SOMATOM_Force_IFU_VB30,sec_0685,335,5.4-parent_child,,,,
SOMATOM_Force_IFU_VB30,sec_0685,335,5.4-page_start_end,,,,
SOMATOM_Force_IFU_VB30,sec_0685,335,5.4-hierarchy_path,,,,
SOMATOM_Force_IFU_VB30,sec_0685,335,5.4-gaps_duplicates,,,,
SOMATOM_Force_IFU_VB30,sec_0685,335,5.4-flagged_for_review,,,,
SOMATOM_Force_IFU_VB30,sec_0685,335,5.4-structural_source,,,,
SOMATOM_Force_IFU_VB30,sec_0685,335,5.6-numbering_scheme,,,,
SOMATOM_Force_IFU_VB30,sec_0685,335,5.6-offset_applied,,,,
SOMATOM_Force_IFU_VB30,sec_0685,335,5.5-filters_discarding,,,,
SOMATOM_Force_IFU_VB30,sec_0685,335,5.5-filters_passing_noise,,,,
SOMATOM_Force_IFU_VB30,sec_0685,335,5.5-image_section_mapping,,,,
SOMATOM_Force_IFU_VB30,sec_0695,342,5.4-hierarchy_level,,,,
SOMATOM_Force_IFU_VB30,sec_0695,342,5.4-parent_child,,,,
SOMATOM_Force_IFU_VB30,sec_0695,342,5.4-page_start_end,,,,
SOMATOM_Force_IFU_VB30,sec_0695,342,5.4-hierarchy_path,,,,
SOMATOM_Force_IFU_VB30,sec_0695,342,5.4-gaps_duplicates,,,,
SOMATOM_Force_IFU_VB30,sec_0695,342,5.4-flagged_for_review,,,,
SOMATOM_Force_IFU_VB30,sec_0695,342,5.4-structural_source,,,,
SOMATOM_Force_IFU_VB30,sec_0695,342,5.6-numbering_scheme,,,,
SOMATOM_Force_IFU_VB30,sec_0695,342,5.6-offset_applied,,,,
SOMATOM_Force_IFU_VB30,sec_0695,342,5.5-filters_discarding,,,,
SOMATOM_Force_IFU_VB30,sec_0695,342,5.5-filters_passing_noise,,,,
SOMATOM_Force_IFU_VB30,sec_0695,342,5.5-image_section_mapping,,,,
SOMATOM_Force_IFU_VB30,sec_0698,343,5.4-hierarchy_level,,,,
SOMATOM_Force_IFU_VB30,sec_0698,343,5.4-parent_child,,,,
SOMATOM_Force_IFU_VB30,sec_0698,343,5.4-page_start_end,,,,
SOMATOM_Force_IFU_VB30,sec_0698,343,5.4-hierarchy_path,,,,
SOMATOM_Force_IFU_VB30,sec_0698,343,5.4-gaps_duplicates,,,,
SOMATOM_Force_IFU_VB30,sec_0698,343,5.4-flagged_for_review,,,,
SOMATOM_Force_IFU_VB30,sec_0698,343,5.4-structural_source,,,,
SOMATOM_Force_IFU_VB30,sec_0698,343,5.6-numbering_scheme,,,,
SOMATOM_Force_IFU_VB30,sec_0698,343,5.6-offset_applied,,,,
SOMATOM_Force_IFU_VB30,sec_0698,343,5.5-filters_discarding,,,,
SOMATOM_Force_IFU_VB30,sec_0698,343,5.5-filters_passing_noise,,,,
SOMATOM_Force_IFU_VB30,sec_0698,343,5.5-image_section_mapping,,,,
SOMATOM_Force_IFU_VB30,sec_0710,350,5.4-hierarchy_level,,,,
SOMATOM_Force_IFU_VB30,sec_0710,350,5.4-parent_child,,,,
SOMATOM_Force_IFU_VB30,sec_0710,350,5.4-page_start_end,,,,
SOMATOM_Force_IFU_VB30,sec_0710,350,5.4-hierarchy_path,,,,
SOMATOM_Force_IFU_VB30,sec_0710,350,5.4-gaps_duplicates,,,,
SOMATOM_Force_IFU_VB30,sec_0710,350,5.4-flagged_for_review,,,,
SOMATOM_Force_IFU_VB30,sec_0710,350,5.4-structural_source,,,,
SOMATOM_Force_IFU_VB30,sec_0710,350,5.6-numbering_scheme,,,,
SOMATOM_Force_IFU_VB30,sec_0710,350,5.6-offset_applied,,,,
SOMATOM_Force_IFU_VB30,sec_0710,350,5.6-table_content,,,,
SOMATOM_Force_IFU_VB30,sec_0710,350,5.5-filters_discarding,,,,
SOMATOM_Force_IFU_VB30,sec_0710,350,5.5-filters_passing_noise,,,,
SOMATOM_Force_IFU_VB30,sec_0710,350,5.5-image_section_mapping,,,,
SOMATOM_Force_IFU_VB30,sec_0715,356,5.4-hierarchy_level,,,,
SOMATOM_Force_IFU_VB30,sec_0715,356,5.4-parent_child,,,,
SOMATOM_Force_IFU_VB30,sec_0715,356,5.4-page_start_end,,,,
SOMATOM_Force_IFU_VB30,sec_0715,356,5.4-hierarchy_path,,,,
SOMATOM_Force_IFU_VB30,sec_0715,356,5.4-gaps_duplicates,,,,
SOMATOM_Force_IFU_VB30,sec_0715,356,5.4-flagged_for_review,,,,
SOMATOM_Force_IFU_VB30,sec_0715,356,5.4-structural_source,,,,
SOMATOM_Force_IFU_VB30,sec_0715,356,5.6-numbering_scheme,,,,
SOMATOM_Force_IFU_VB30,sec_0715,356,5.6-offset_applied,,,,
SOMATOM_Force_IFU_VB30,sec_0715,356,5.5-filters_discarding,,,,
SOMATOM_Force_IFU_VB30,sec_0715,356,5.5-filters_passing_noise,,,,
SOMATOM_Force_IFU_VB30,sec_0715,356,5.5-image_section_mapping,,,,
SOMATOM_Force_IFU_VB30,sec_0723,362,5.4-hierarchy_level,,,,
SOMATOM_Force_IFU_VB30,sec_0723,362,5.4-parent_child,,,,
SOMATOM_Force_IFU_VB30,sec_0723,362,5.4-page_start_end,,,,
SOMATOM_Force_IFU_VB30,sec_0723,362,5.4-hierarchy_path,,,,
SOMATOM_Force_IFU_VB30,sec_0723,362,5.4-gaps_duplicates,,,,
SOMATOM_Force_IFU_VB30,sec_0723,362,5.4-flagged_for_review,,,,
SOMATOM_Force_IFU_VB30,sec_0723,362,5.4-structural_source,,,,
SOMATOM_Force_IFU_VB30,sec_0723,362,5.6-numbering_scheme,,,,
SOMATOM_Force_IFU_VB30,sec_0723,362,5.6-offset_applied,,,,
SOMATOM_Force_IFU_VB30,sec_0723,362,5.5-filters_discarding,,,,
SOMATOM_Force_IFU_VB30,sec_0723,362,5.5-filters_passing_noise,,,,
SOMATOM_Force_IFU_VB30,sec_0723,362,5.5-image_section_mapping,,,,
SOMATOM_Force_IFU_VB30,sec_0742,369,5.4-hierarchy_level,,,,
SOMATOM_Force_IFU_VB30,sec_0742,369,5.4-parent_child,,,,
SOMATOM_Force_IFU_VB30,sec_0742,369,5.4-page_start_end,,,,
SOMATOM_Force_IFU_VB30,sec_0742,369,5.4-hierarchy_path,,,,
SOMATOM_Force_IFU_VB30,sec_0742,369,5.4-gaps_duplicates,,,,
SOMATOM_Force_IFU_VB30,sec_0742,369,5.4-flagged_for_review,,,,
SOMATOM_Force_IFU_VB30,sec_0742,369,5.4-structural_source,,,,
SOMATOM_Force_IFU_VB30,sec_0742,369,5.6-numbering_scheme,,,,
SOMATOM_Force_IFU_VB30,sec_0742,369,5.6-offset_applied,,,,
SOMATOM_Force_IFU_VB30,sec_0742,369,5.5-filters_discarding,,,,
SOMATOM_Force_IFU_VB30,sec_0742,369,5.5-filters_passing_noise,,,,
SOMATOM_Force_IFU_VB30,sec_0742,369,5.5-image_section_mapping,,,,
SOMATOM_Force_IFU_VB30,sec_0754,376,5.4-hierarchy_level,,,,
SOMATOM_Force_IFU_VB30,sec_0754,376,5.4-parent_child,,,,
SOMATOM_Force_IFU_VB30,sec_0754,376,5.4-page_start_end,,,,
SOMATOM_Force_IFU_VB30,sec_0754,376,5.4-hierarchy_path,,,,
SOMATOM_Force_IFU_VB30,sec_0754,376,5.4-gaps_duplicates,,,,
SOMATOM_Force_IFU_VB30,sec_0754,376,5.4-flagged_for_review,,,,
SOMATOM_Force_IFU_VB30,sec_0754,376,5.4-structural_source,,,,
SOMATOM_Force_IFU_VB30,sec_0754,376,5.6-numbering_scheme,,,,
SOMATOM_Force_IFU_VB30,sec_0754,376,5.6-offset_applied,,,,
SOMATOM_Force_IFU_VB30,sec_0754,376,5.5-filters_discarding,,,,
SOMATOM_Force_IFU_VB30,sec_0754,376,5.5-filters_passing_noise,,,,
SOMATOM_Force_IFU_VB30,sec_0754,376,5.5-image_section_mapping,,,,
SOMATOM_Force_IFU_VB30,sec_0764,382,5.4-hierarchy_level,,,,
SOMATOM_Force_IFU_VB30,sec_0764,382,5.4-parent_child,,,,
SOMATOM_Force_IFU_VB30,sec_0764,382,5.4-page_start_end,,,,
SOMATOM_Force_IFU_VB30,sec_0764,382,5.4-hierarchy_path,,,,
SOMATOM_Force_IFU_VB30,sec_0764,382,5.4-gaps_duplicates,,,,
SOMATOM_Force_IFU_VB30,sec_0764,382,5.4-flagged_for_review,,,,
SOMATOM_Force_IFU_VB30,sec_0764,382,5.4-structural_source,,,,
SOMATOM_Force_IFU_VB30,sec_0764,382,5.6-numbering_scheme,,,,
SOMATOM_Force_IFU_VB30,sec_0764,382,5.6-offset_applied,,,,
SOMATOM_Force_IFU_VB30,sec_0764,382,5.5-filters_discarding,,,,
SOMATOM_Force_IFU_VB30,sec_0764,382,5.5-filters_passing_noise,,,,
SOMATOM_Force_IFU_VB30,sec_0764,382,5.5-image_section_mapping,,,,
SOMATOM_Force_IFU_VB30,sec_0786,388,5.4-hierarchy_level,,,,
SOMATOM_Force_IFU_VB30,sec_0786,388,5.4-parent_child,,,,
SOMATOM_Force_IFU_VB30,sec_0786,388,5.4-page_start_end,,,,
SOMATOM_Force_IFU_VB30,sec_0786,388,5.4-hierarchy_path,,,,
SOMATOM_Force_IFU_VB30,sec_0786,388,5.4-gaps_duplicates,,,,
SOMATOM_Force_IFU_VB30,sec_0786,388,5.4-flagged_for_review,,,,
SOMATOM_Force_IFU_VB30,sec_0786,388,5.4-structural_source,,,,
SOMATOM_Force_IFU_VB30,sec_0786,388,5.6-numbering_scheme,,,,
SOMATOM_Force_IFU_VB30,sec_0786,388,5.6-offset_applied,,,,
SOMATOM_Force_IFU_VB30,sec_0786,388,5.5-filters_discarding,,,,
SOMATOM_Force_IFU_VB30,sec_0786,388,5.5-filters_passing_noise,,,,
SOMATOM_Force_IFU_VB30,sec_0786,388,5.5-image_section_mapping,,,,
SOMATOM_Force_IFU_VB30,sec_0815,395,5.4-hierarchy_level,,,,
SOMATOM_Force_IFU_VB30,sec_0815,395,5.4-parent_child,,,,
SOMATOM_Force_IFU_VB30,sec_0815,395,5.4-page_start_end,,,,
SOMATOM_Force_IFU_VB30,sec_0815,395,5.4-hierarchy_path,,,,
SOMATOM_Force_IFU_VB30,sec_0815,395,5.4-gaps_duplicates,,,,
SOMATOM_Force_IFU_VB30,sec_0815,395,5.4-flagged_for_review,,,,
SOMATOM_Force_IFU_VB30,sec_0815,395,5.4-structural_source,,,,
SOMATOM_Force_IFU_VB30,sec_0815,395,5.6-numbering_scheme,,,,
SOMATOM_Force_IFU_VB30,sec_0815,395,5.6-offset_applied,,,,
SOMATOM_Force_IFU_VB30,sec_0815,395,5.5-filters_discarding,,,,
SOMATOM_Force_IFU_VB30,sec_0815,395,5.5-filters_passing_noise,,,,
SOMATOM_Force_IFU_VB30,sec_0815,395,5.5-image_section_mapping,,,,
SOMATOM_Force_IFU_VB30,sec_0844,402,5.4-hierarchy_level,,,,
SOMATOM_Force_IFU_VB30,sec_0844,402,5.4-parent_child,,,,
SOMATOM_Force_IFU_VB30,sec_0844,402,5.4-page_start_end,,,,
SOMATOM_Force_IFU_VB30,sec_0844,402,5.4-hierarchy_path,,,,
SOMATOM_Force_IFU_VB30,sec_0844,402,5.4-gaps_duplicates,,,,
SOMATOM_Force_IFU_VB30,sec_0844,402,5.4-flagged_for_review,,,,
SOMATOM_Force_IFU_VB30,sec_0844,402,5.4-structural_source,,,,
SOMATOM_Force_IFU_VB30,sec_0844,402,5.6-numbering_scheme,,,,
SOMATOM_Force_IFU_VB30,sec_0844,402,5.6-offset_applied,,,,
SOMATOM_Force_IFU_VB30,sec_0844,402,5.5-filters_discarding,,,,
SOMATOM_Force_IFU_VB30,sec_0844,402,5.5-filters_passing_noise,,,,
SOMATOM_Force_IFU_VB30,sec_0844,402,5.5-image_section_mapping,,,,
SOMATOM_Force_IFU_VB30,sec_0857,408,5.4-hierarchy_level,,,,
SOMATOM_Force_IFU_VB30,sec_0857,408,5.4-parent_child,,,,
SOMATOM_Force_IFU_VB30,sec_0857,408,5.4-page_start_end,,,,
SOMATOM_Force_IFU_VB30,sec_0857,408,5.4-hierarchy_path,,,,
SOMATOM_Force_IFU_VB30,sec_0857,408,5.4-gaps_duplicates,,,,
SOMATOM_Force_IFU_VB30,sec_0857,408,5.4-flagged_for_review,,,,
SOMATOM_Force_IFU_VB30,sec_0857,408,5.4-structural_source,,,,
SOMATOM_Force_IFU_VB30,sec_0857,408,5.6-numbering_scheme,,,,
SOMATOM_Force_IFU_VB30,sec_0857,408,5.6-offset_applied,,,,
SOMATOM_Force_IFU_VB30,sec_0857,408,5.5-filters_discarding,,,,
SOMATOM_Force_IFU_VB30,sec_0857,408,5.5-filters_passing_noise,,,,
SOMATOM_Force_IFU_VB30,sec_0857,408,5.5-image_section_mapping,,,,
SOMATOM_Force_IFU_VB30,sec_0874,414,5.4-hierarchy_level,,,,
SOMATOM_Force_IFU_VB30,sec_0874,414,5.4-parent_child,,,,
SOMATOM_Force_IFU_VB30,sec_0874,414,5.4-page_start_end,,,,
SOMATOM_Force_IFU_VB30,sec_0874,414,5.4-hierarchy_path,,,,
SOMATOM_Force_IFU_VB30,sec_0874,414,5.4-gaps_duplicates,,,,
SOMATOM_Force_IFU_VB30,sec_0874,414,5.4-flagged_for_review,,,,
SOMATOM_Force_IFU_VB30,sec_0874,414,5.4-structural_source,,,,
SOMATOM_Force_IFU_VB30,sec_0874,414,5.6-numbering_scheme,,,,
SOMATOM_Force_IFU_VB30,sec_0874,414,5.6-offset_applied,,,,
SOMATOM_Force_IFU_VB30,sec_0874,414,5.5-filters_discarding,,,,
SOMATOM_Force_IFU_VB30,sec_0874,414,5.5-filters_passing_noise,,,,
SOMATOM_Force_IFU_VB30,sec_0874,414,5.5-image_section_mapping,,,,
SOMATOM_Force_IFU_VB30,sec_0890,421,5.4-hierarchy_level,,,,
SOMATOM_Force_IFU_VB30,sec_0890,421,5.4-parent_child,,,,
SOMATOM_Force_IFU_VB30,sec_0890,421,5.4-page_start_end,,,,
SOMATOM_Force_IFU_VB30,sec_0890,421,5.4-hierarchy_path,,,,
SOMATOM_Force_IFU_VB30,sec_0890,421,5.4-gaps_duplicates,,,,
SOMATOM_Force_IFU_VB30,sec_0890,421,5.4-flagged_for_review,,,,
SOMATOM_Force_IFU_VB30,sec_0890,421,5.4-structural_source,,,,
SOMATOM_Force_IFU_VB30,sec_0890,421,5.6-numbering_scheme,,,,
SOMATOM_Force_IFU_VB30,sec_0890,421,5.6-offset_applied,,,,
SOMATOM_Force_IFU_VB30,sec_0890,421,5.5-filters_discarding,,,,
SOMATOM_Force_IFU_VB30,sec_0890,421,5.5-filters_passing_noise,,,,
SOMATOM_Force_IFU_VB30,sec_0890,421,5.5-image_section_mapping,,,,
SOMATOM_Force_IFU_VB30,sec_0899,424,5.4-hierarchy_level,,,,
SOMATOM_Force_IFU_VB30,sec_0899,424,5.4-parent_child,,,,
SOMATOM_Force_IFU_VB30,sec_0899,424,5.4-page_start_end,,,,
SOMATOM_Force_IFU_VB30,sec_0899,424,5.4-hierarchy_path,,,,
SOMATOM_Force_IFU_VB30,sec_0899,424,5.4-gaps_duplicates,,,,
SOMATOM_Force_IFU_VB30,sec_0899,424,5.4-flagged_for_review,,,,
SOMATOM_Force_IFU_VB30,sec_0899,424,5.4-structural_source,,,,
SOMATOM_Force_IFU_VB30,sec_0899,424,5.6-numbering_scheme,,,,
SOMATOM_Force_IFU_VB30,sec_0899,424,5.6-offset_applied,,,,
SOMATOM_Force_IFU_VB30,sec_0899,424,5.5-filters_discarding,,,,
SOMATOM_Force_IFU_VB30,sec_0899,424,5.5-filters_passing_noise,,,,
SOMATOM_Force_IFU_VB30,sec_0899,424,5.5-image_section_mapping,,,,
SOMATOM_Force_IFU_VB30,sec_0908,428,5.4-hierarchy_level,,,,
SOMATOM_Force_IFU_VB30,sec_0908,428,5.4-parent_child,,,,
SOMATOM_Force_IFU_VB30,sec_0908,428,5.4-page_start_end,,,,
SOMATOM_Force_IFU_VB30,sec_0908,428,5.4-hierarchy_path,,,,
SOMATOM_Force_IFU_VB30,sec_0908,428,5.4-gaps_duplicates,,,,
SOMATOM_Force_IFU_VB30,sec_0908,428,5.4-flagged_for_review,,,,
SOMATOM_Force_IFU_VB30,sec_0908,428,5.4-structural_source,,,,
SOMATOM_Force_IFU_VB30,sec_0908,428,5.6-numbering_scheme,,,,
SOMATOM_Force_IFU_VB30,sec_0908,428,5.6-offset_applied,,,,
SOMATOM_Force_IFU_VB30,sec_0908,428,5.5-filters_discarding,,,,
SOMATOM_Force_IFU_VB30,sec_0908,428,5.5-filters_passing_noise,,,,
SOMATOM_Force_IFU_VB30,sec_0908,428,5.5-image_section_mapping,,,,
SOMATOM_Force_IFU_VB30,sec_0914,432,5.4-hierarchy_level,,,,
SOMATOM_Force_IFU_VB30,sec_0914,432,5.4-parent_child,,,,
SOMATOM_Force_IFU_VB30,sec_0914,432,5.4-page_start_end,,,,
SOMATOM_Force_IFU_VB30,sec_0914,432,5.4-hierarchy_path,,,,
SOMATOM_Force_IFU_VB30,sec_0914,432,5.4-gaps_duplicates,,,,
SOMATOM_Force_IFU_VB30,sec_0914,432,5.4-flagged_for_review,,,,
SOMATOM_Force_IFU_VB30,sec_0914,432,5.4-structural_source,,,,
SOMATOM_Force_IFU_VB30,sec_0914,432,5.6-numbering_scheme,,,,
SOMATOM_Force_IFU_VB30,sec_0914,432,5.6-offset_applied,,,,
SOMATOM_Force_IFU_VB30,sec_0914,432,5.5-filters_discarding,,,,
SOMATOM_Force_IFU_VB30,sec_0914,432,5.5-filters_passing_noise,,,,
SOMATOM_Force_IFU_VB30,sec_0914,432,5.5-image_section_mapping,,,,
SOMATOM_Force_IFU_VB30,sec_0920,439,5.4-hierarchy_level,,,,
SOMATOM_Force_IFU_VB30,sec_0920,439,5.4-parent_child,,,,
SOMATOM_Force_IFU_VB30,sec_0920,439,5.4-page_start_end,,,,
SOMATOM_Force_IFU_VB30,sec_0920,439,5.4-hierarchy_path,,,,
SOMATOM_Force_IFU_VB30,sec_0920,439,5.4-gaps_duplicates,,,,
SOMATOM_Force_IFU_VB30,sec_0920,439,5.4-flagged_for_review,,,,
SOMATOM_Force_IFU_VB30,sec_0920,439,5.4-structural_source,,,,
SOMATOM_Force_IFU_VB30,sec_0920,439,5.6-numbering_scheme,,,,
SOMATOM_Force_IFU_VB30,sec_0920,439,5.6-offset_applied,,,,
SOMATOM_Force_IFU_VB30,sec_0920,439,5.5-filters_discarding,,,,
SOMATOM_Force_IFU_VB30,sec_0920,439,5.5-filters_passing_noise,,,,
SOMATOM_Force_IFU_VB30,sec_0920,439,5.5-image_section_mapping,,,,
SOMATOM_Force_IFU_VB30,sec_0927,447,5.4-hierarchy_level,,,,
SOMATOM_Force_IFU_VB30,sec_0927,447,5.4-parent_child,,,,
SOMATOM_Force_IFU_VB30,sec_0927,447,5.4-page_start_end,,,,
SOMATOM_Force_IFU_VB30,sec_0927,447,5.4-hierarchy_path,,,,
SOMATOM_Force_IFU_VB30,sec_0927,447,5.4-gaps_duplicates,,,,
SOMATOM_Force_IFU_VB30,sec_0927,447,5.4-flagged_for_review,,,,
SOMATOM_Force_IFU_VB30,sec_0927,447,5.4-structural_source,,,,
SOMATOM_Force_IFU_VB30,sec_0927,447,5.6-numbering_scheme,,,,
SOMATOM_Force_IFU_VB30,sec_0927,447,5.6-offset_applied,,,,
SOMATOM_Force_IFU_VB30,sec_0927,447,5.5-filters_discarding,,,,
SOMATOM_Force_IFU_VB30,sec_0927,447,5.5-filters_passing_noise,,,,
SOMATOM_Force_IFU_VB30,sec_0927,447,5.5-image_section_mapping,,,,
SOMATOM_Force_IFU_VB30,sec_0939,454,5.4-hierarchy_level,,,,
SOMATOM_Force_IFU_VB30,sec_0939,454,5.4-parent_child,,,,
SOMATOM_Force_IFU_VB30,sec_0939,454,5.4-page_start_end,,,,
SOMATOM_Force_IFU_VB30,sec_0939,454,5.4-hierarchy_path,,,,
SOMATOM_Force_IFU_VB30,sec_0939,454,5.4-gaps_duplicates,,,,
SOMATOM_Force_IFU_VB30,sec_0939,454,5.4-flagged_for_review,,,,
SOMATOM_Force_IFU_VB30,sec_0939,454,5.4-structural_source,,,,
SOMATOM_Force_IFU_VB30,sec_0939,454,5.6-numbering_scheme,,,,
SOMATOM_Force_IFU_VB30,sec_0939,454,5.6-offset_applied,,,,
SOMATOM_Force_IFU_VB30,sec_0939,454,5.5-filters_discarding,,,,
SOMATOM_Force_IFU_VB30,sec_0939,454,5.5-filters_passing_noise,,,,
SOMATOM_Force_IFU_VB30,sec_0939,454,5.5-image_section_mapping,,,,
SOMATOM_Force_IFU_VB30,sec_0951,462,5.4-hierarchy_level,,,,
SOMATOM_Force_IFU_VB30,sec_0951,462,5.4-parent_child,,,,
SOMATOM_Force_IFU_VB30,sec_0951,462,5.4-page_start_end,,,,
SOMATOM_Force_IFU_VB30,sec_0951,462,5.4-hierarchy_path,,,,
SOMATOM_Force_IFU_VB30,sec_0951,462,5.4-gaps_duplicates,,,,
SOMATOM_Force_IFU_VB30,sec_0951,462,5.4-flagged_for_review,,,,
SOMATOM_Force_IFU_VB30,sec_0951,462,5.4-structural_source,,,,
SOMATOM_Force_IFU_VB30,sec_0951,462,5.6-numbering_scheme,,,,
SOMATOM_Force_IFU_VB30,sec_0951,462,5.6-offset_applied,,,,
SOMATOM_Force_IFU_VB30,sec_0951,462,5.5-filters_discarding,,,,
SOMATOM_Force_IFU_VB30,sec_0951,462,5.5-filters_passing_noise,,,,
SOMATOM_Force_IFU_VB30,sec_0951,462,5.5-image_section_mapping,,,,
SOMATOM_Force_IFU_VB30,DOCUMENT-LEVEL,,5.6-sanity_report,,,,
SOMATOM_Force_IFU_VB30,sec_0024,18,5.4-hierarchy_level,,,,
SOMATOM_Force_IFU_VB30,sec_0024,18,5.4-parent_child,,,,
SOMATOM_Force_IFU_VB30,sec_0024,18,5.4-page_start_end,,,,
SOMATOM_Force_IFU_VB30,sec_0024,18,5.4-hierarchy_path,,,,
SOMATOM_Force_IFU_VB30,sec_0024,18,5.4-gaps_duplicates,,,,
SOMATOM_Force_IFU_VB30,sec_0024,18,5.4-flagged_for_review,,,,
SOMATOM_Force_IFU_VB30,sec_0024,18,5.4-structural_source,,,,
SOMATOM_Force_IFU_VB30,sec_0024,18,5.6-numbering_scheme,,,,
SOMATOM_Force_IFU_VB30,sec_0024,18,5.6-offset_applied,,,,
SOMATOM_Force_IFU_VB30,sec_0024,18,5.5-filters_discarding,,,,
SOMATOM_Force_IFU_VB30,sec_0024,18,5.5-filters_passing_noise,,,,
SOMATOM_Force_IFU_VB30,sec_0024,18,5.5-image_section_mapping,,,,
SOMATOM_Force_IFU_VB30,sec_0028,21,5.4-hierarchy_level,PASS,,On p21 'SOMATOM Force / Force Velo (side view)' is a figure heading above the dose map. It is a lower level than the section heading '2.1.14 Radiation protection equipment' below it. hierarchy_level 4 fits a sibling of '(top view)'.,"The parent heading is on an earlier page and was not rendered here, so confidence is a little lower."
SOMATOM_Force_IFU_VB30,sec_0028,21,5.4-parent_child,PASS,,"The parent is sec_0026 'Radiation protection', which lists sec_0027 'top view' and sec_0028 'side view'. sec_0028 has no children and none are needed.",
SOMATOM_Force_IFU_VB30,sec_0028,21,5.4-page_start_end,PASS,,"The section covers only the figure and caption at the top of p21. The '2.1.14 Radiation protection equipment' heading and its text start below the figure and belong to sec_0029. The section is one page, page_start = page_end = 21.","The checker says the section has no body of its own. This is expected: its body is the figure, a vector drawing saved as img_0008 (the heading text and the dose values are in the image). The node '2 Safety information' (#/texts/285) is the p21 running header. No text node of another section is lost or absorbed, so PASS is kept."
SOMATOM_Force_IFU_VB30,sec_0028,21,5.4-hierarchy_path,PASS,,hierarchy_path '/Safety information/General safety information/Radiation protection/SOMATOM Force / Force Velo (side view)' is consistent with the running header '2 Safety information' on p21 and with the sibling and parent sections.,
SOMATOM_Force_IFU_VB30,sec_0028,21,5.4-gaps_duplicates,PASS,,"The p21 figure heading and image img_0008 are in sec_0028. The 2.1.14 text on p21 is in sec_0029. Nothing is duplicated between sec_0027, sec_0028 and sec_0029.","The checker flags a section with no body, but the body is the figure img_0008 and no text is missing. Same reasoning as 5.4-page_start_end."
SOMATOM_Force_IFU_VB30,sec_0028,21,5.4-flagged_for_review,PASS,,flagged_for_review is false with verification_score 100. The title is clearly seen above the figure on p21.,
SOMATOM_Force_IFU_VB30,sec_0028,21,5.4-structural_source,PASS,,structural_source is 'toc'. The title and page 21 match the figure heading seen on p21.,
SOMATOM_Force_IFU_VB30,sec_0028,21,5.6-numbering_scheme,PASS,,The folio on p21 is '21' in Arabic numerals. numbering_scheme is 'arabic'.,
SOMATOM_Force_IFU_VB30,sec_0028,21,5.6-offset_applied,PASS,,"The printed folio '21' is on physical p21. offset_applied is 0, so they agree.",
SOMATOM_Force_IFU_VB30,sec_0028,21,5.5-filters_discarding,PASS,,"The dose map on p21 is a vector drawing. img_0008 (origin vector, 886 x 494 px) shows the whole map with its scales and values. No meaningful figure is lost.",
SOMATOM_Force_IFU_VB30,sec_0028,21,5.5-filters_passing_noise,PASS,,"The only image kept for sec_0028 is img_0008, the dose map. It is real content, not a rule, logo or footer line.",
SOMATOM_Force_IFU_VB30,sec_0028,21,5.5-image_section_mapping,PASS,,"img_0008 is mapped to sec_0028 on p21 and sits directly under its heading. The next figure-free text '2.1.14' is in sec_0029, so the mapping is right.",
SOMATOM_Force_IFU_VB30,sec_0047,25,5.4-hierarchy_level,,,,
SOMATOM_Force_IFU_VB30,sec_0047,25,5.4-parent_child,,,,
SOMATOM_Force_IFU_VB30,sec_0047,25,5.4-page_start_end,,,,
SOMATOM_Force_IFU_VB30,sec_0047,25,5.4-hierarchy_path,,,,
SOMATOM_Force_IFU_VB30,sec_0047,25,5.4-gaps_duplicates,,,,
SOMATOM_Force_IFU_VB30,sec_0047,25,5.4-flagged_for_review,,,,
SOMATOM_Force_IFU_VB30,sec_0047,25,5.4-structural_source,,,,
SOMATOM_Force_IFU_VB30,sec_0047,25,5.6-numbering_scheme,,,,
SOMATOM_Force_IFU_VB30,sec_0047,25,5.6-offset_applied,,,,
SOMATOM_Force_IFU_VB30,sec_0047,25,5.5-filters_discarding,,,,
SOMATOM_Force_IFU_VB30,sec_0047,25,5.5-filters_passing_noise,,,,
SOMATOM_Force_IFU_VB30,sec_0047,25,5.5-image_section_mapping,,,,
SOMATOM_Force_IFU_VB30,sec_0058,32,5.4-hierarchy_level,,,,
SOMATOM_Force_IFU_VB30,sec_0058,32,5.4-parent_child,,,,
SOMATOM_Force_IFU_VB30,sec_0058,32,5.4-page_start_end,,,,
SOMATOM_Force_IFU_VB30,sec_0058,32,5.4-hierarchy_path,,,,
SOMATOM_Force_IFU_VB30,sec_0058,32,5.4-gaps_duplicates,,,,
SOMATOM_Force_IFU_VB30,sec_0058,32,5.4-flagged_for_review,,,,
SOMATOM_Force_IFU_VB30,sec_0058,32,5.4-structural_source,,,,
SOMATOM_Force_IFU_VB30,sec_0058,32,5.6-numbering_scheme,,,,
SOMATOM_Force_IFU_VB30,sec_0058,32,5.6-offset_applied,,,,
SOMATOM_Force_IFU_VB30,sec_0058,32,5.5-filters_discarding,,,,
SOMATOM_Force_IFU_VB30,sec_0058,32,5.5-filters_passing_noise,,,,
SOMATOM_Force_IFU_VB30,sec_0058,32,5.5-image_section_mapping,,,,
SOMATOM_Force_IFU_VB30,sec_0077,43,5.4-hierarchy_level,,,,
SOMATOM_Force_IFU_VB30,sec_0077,43,5.4-parent_child,,,,
SOMATOM_Force_IFU_VB30,sec_0077,43,5.4-page_start_end,,,,
SOMATOM_Force_IFU_VB30,sec_0077,43,5.4-hierarchy_path,,,,
SOMATOM_Force_IFU_VB30,sec_0077,43,5.4-gaps_duplicates,,,,
SOMATOM_Force_IFU_VB30,sec_0077,43,5.4-flagged_for_review,,,,
SOMATOM_Force_IFU_VB30,sec_0077,43,5.4-structural_source,,,,
SOMATOM_Force_IFU_VB30,sec_0077,43,5.6-numbering_scheme,,,,
SOMATOM_Force_IFU_VB30,sec_0077,43,5.6-offset_applied,,,,
SOMATOM_Force_IFU_VB30,sec_0077,43,5.5-filters_discarding,,,,
SOMATOM_Force_IFU_VB30,sec_0077,43,5.5-filters_passing_noise,,,,
SOMATOM_Force_IFU_VB30,sec_0077,43,5.5-image_section_mapping,,,,
SOMATOM_Force_IFU_VB30,sec_0084,46,5.4-hierarchy_level,,,,
SOMATOM_Force_IFU_VB30,sec_0084,46,5.4-parent_child,,,,
SOMATOM_Force_IFU_VB30,sec_0084,46,5.4-page_start_end,,,,
SOMATOM_Force_IFU_VB30,sec_0084,46,5.4-hierarchy_path,,,,
SOMATOM_Force_IFU_VB30,sec_0084,46,5.4-gaps_duplicates,,,,
SOMATOM_Force_IFU_VB30,sec_0084,46,5.4-flagged_for_review,,,,
SOMATOM_Force_IFU_VB30,sec_0084,46,5.4-structural_source,,,,
SOMATOM_Force_IFU_VB30,sec_0084,46,5.6-numbering_scheme,,,,
SOMATOM_Force_IFU_VB30,sec_0084,46,5.6-offset_applied,,,,
SOMATOM_Force_IFU_VB30,sec_0084,46,5.5-filters_discarding,,,,
SOMATOM_Force_IFU_VB30,sec_0084,46,5.5-filters_passing_noise,,,,
SOMATOM_Force_IFU_VB30,sec_0084,46,5.5-image_section_mapping,,,,
SOMATOM_Force_IFU_VB30,sec_0093,52,5.4-hierarchy_level,,,,
SOMATOM_Force_IFU_VB30,sec_0093,52,5.4-parent_child,,,,
SOMATOM_Force_IFU_VB30,sec_0093,52,5.4-page_start_end,,,,
SOMATOM_Force_IFU_VB30,sec_0093,52,5.4-hierarchy_path,,,,
SOMATOM_Force_IFU_VB30,sec_0093,52,5.4-gaps_duplicates,,,,
SOMATOM_Force_IFU_VB30,sec_0093,52,5.4-flagged_for_review,,,,
SOMATOM_Force_IFU_VB30,sec_0093,52,5.4-structural_source,,,,
SOMATOM_Force_IFU_VB30,sec_0093,52,5.6-numbering_scheme,,,,
SOMATOM_Force_IFU_VB30,sec_0093,52,5.6-offset_applied,,,,
SOMATOM_Force_IFU_VB30,sec_0093,52,5.5-filters_discarding,,,,
SOMATOM_Force_IFU_VB30,sec_0093,52,5.5-filters_passing_noise,,,,
SOMATOM_Force_IFU_VB30,sec_0093,52,5.5-image_section_mapping,,,,
SOMATOM_Force_IFU_VB30,sec_0118,66,5.4-hierarchy_level,,,,
SOMATOM_Force_IFU_VB30,sec_0118,66,5.4-parent_child,,,,
SOMATOM_Force_IFU_VB30,sec_0118,66,5.4-page_start_end,,,,
SOMATOM_Force_IFU_VB30,sec_0118,66,5.4-hierarchy_path,,,,
SOMATOM_Force_IFU_VB30,sec_0118,66,5.4-gaps_duplicates,,,,
SOMATOM_Force_IFU_VB30,sec_0118,66,5.4-flagged_for_review,,,,
SOMATOM_Force_IFU_VB30,sec_0118,66,5.4-structural_source,,,,
SOMATOM_Force_IFU_VB30,sec_0118,66,5.6-numbering_scheme,,,,
SOMATOM_Force_IFU_VB30,sec_0118,66,5.6-offset_applied,,,,
SOMATOM_Force_IFU_VB30,sec_0118,66,5.5-filters_discarding,,,,
SOMATOM_Force_IFU_VB30,sec_0118,66,5.5-filters_passing_noise,,,,
SOMATOM_Force_IFU_VB30,sec_0118,66,5.5-image_section_mapping,,,,
SOMATOM_Force_IFU_VB30,sec_0135,73,5.4-hierarchy_level,,,,
SOMATOM_Force_IFU_VB30,sec_0135,73,5.4-parent_child,,,,
SOMATOM_Force_IFU_VB30,sec_0135,73,5.4-page_start_end,,,,
SOMATOM_Force_IFU_VB30,sec_0135,73,5.4-hierarchy_path,,,,
SOMATOM_Force_IFU_VB30,sec_0135,73,5.4-gaps_duplicates,,,,
SOMATOM_Force_IFU_VB30,sec_0135,73,5.4-flagged_for_review,,,,
SOMATOM_Force_IFU_VB30,sec_0135,73,5.4-structural_source,,,,
SOMATOM_Force_IFU_VB30,sec_0135,73,5.6-numbering_scheme,,,,
SOMATOM_Force_IFU_VB30,sec_0135,73,5.6-offset_applied,,,,
SOMATOM_Force_IFU_VB30,sec_0135,73,5.5-filters_discarding,,,,
SOMATOM_Force_IFU_VB30,sec_0135,73,5.5-filters_passing_noise,,,,
SOMATOM_Force_IFU_VB30,sec_0135,73,5.5-image_section_mapping,,,,
SOMATOM_Force_IFU_VB30,sec_0138,79,5.4-hierarchy_level,,,,
SOMATOM_Force_IFU_VB30,sec_0138,79,5.4-parent_child,,,,
SOMATOM_Force_IFU_VB30,sec_0138,79,5.4-page_start_end,,,,
SOMATOM_Force_IFU_VB30,sec_0138,79,5.4-hierarchy_path,,,,
SOMATOM_Force_IFU_VB30,sec_0138,79,5.4-gaps_duplicates,,,,
SOMATOM_Force_IFU_VB30,sec_0138,79,5.4-flagged_for_review,,,,
SOMATOM_Force_IFU_VB30,sec_0138,79,5.4-structural_source,,,,
SOMATOM_Force_IFU_VB30,sec_0138,79,5.6-numbering_scheme,,,,
SOMATOM_Force_IFU_VB30,sec_0138,79,5.6-offset_applied,,,,
SOMATOM_Force_IFU_VB30,sec_0138,79,5.5-filters_discarding,,,,
SOMATOM_Force_IFU_VB30,sec_0138,79,5.5-filters_passing_noise,,,,
SOMATOM_Force_IFU_VB30,sec_0138,79,5.5-image_section_mapping,,,,
SOMATOM_Force_IFU_VB30,sec_0168,101,5.4-hierarchy_level,,,,
SOMATOM_Force_IFU_VB30,sec_0168,101,5.4-parent_child,,,,
SOMATOM_Force_IFU_VB30,sec_0168,101,5.4-page_start_end,,,,
SOMATOM_Force_IFU_VB30,sec_0168,101,5.4-hierarchy_path,,,,
SOMATOM_Force_IFU_VB30,sec_0168,101,5.4-gaps_duplicates,,,,
SOMATOM_Force_IFU_VB30,sec_0168,101,5.4-flagged_for_review,,,,
SOMATOM_Force_IFU_VB30,sec_0168,101,5.4-structural_source,,,,
SOMATOM_Force_IFU_VB30,sec_0168,101,5.6-numbering_scheme,,,,
SOMATOM_Force_IFU_VB30,sec_0168,101,5.6-offset_applied,,,,
SOMATOM_Force_IFU_VB30,sec_0168,101,5.5-filters_discarding,,,,
SOMATOM_Force_IFU_VB30,sec_0168,101,5.5-filters_passing_noise,,,,
SOMATOM_Force_IFU_VB30,sec_0168,101,5.5-image_section_mapping,,,,
SOMATOM_Force_IFU_VB30,sec_0171,102,5.4-hierarchy_level,,,,
SOMATOM_Force_IFU_VB30,sec_0171,102,5.4-parent_child,,,,
SOMATOM_Force_IFU_VB30,sec_0171,102,5.4-page_start_end,,,,
SOMATOM_Force_IFU_VB30,sec_0171,102,5.4-hierarchy_path,,,,
SOMATOM_Force_IFU_VB30,sec_0171,102,5.4-gaps_duplicates,,,,
SOMATOM_Force_IFU_VB30,sec_0171,102,5.4-flagged_for_review,,,,
SOMATOM_Force_IFU_VB30,sec_0171,102,5.4-structural_source,,,,
SOMATOM_Force_IFU_VB30,sec_0171,102,5.6-numbering_scheme,,,,
SOMATOM_Force_IFU_VB30,sec_0171,102,5.6-offset_applied,,,,
SOMATOM_Force_IFU_VB30,sec_0171,102,5.5-filters_discarding,,,,
SOMATOM_Force_IFU_VB30,sec_0171,102,5.5-filters_passing_noise,,,,
SOMATOM_Force_IFU_VB30,sec_0171,102,5.5-image_section_mapping,,,,
SOMATOM_Force_IFU_VB30,sec_0172,103,5.4-hierarchy_level,,,,
SOMATOM_Force_IFU_VB30,sec_0172,103,5.4-parent_child,,,,
SOMATOM_Force_IFU_VB30,sec_0172,103,5.4-page_start_end,,,,
SOMATOM_Force_IFU_VB30,sec_0172,103,5.4-hierarchy_path,,,,
SOMATOM_Force_IFU_VB30,sec_0172,103,5.4-gaps_duplicates,,,,
SOMATOM_Force_IFU_VB30,sec_0172,103,5.4-flagged_for_review,,,,
SOMATOM_Force_IFU_VB30,sec_0172,103,5.4-structural_source,,,,
SOMATOM_Force_IFU_VB30,sec_0172,103,5.6-numbering_scheme,,,,
SOMATOM_Force_IFU_VB30,sec_0172,103,5.6-offset_applied,,,,
SOMATOM_Force_IFU_VB30,sec_0172,103,5.5-filters_discarding,,,,
SOMATOM_Force_IFU_VB30,sec_0172,103,5.5-filters_passing_noise,,,,
SOMATOM_Force_IFU_VB30,sec_0172,103,5.5-image_section_mapping,,,,
SOMATOM_Force_IFU_VB30,sec_0185,109,5.4-hierarchy_level,,,,
SOMATOM_Force_IFU_VB30,sec_0185,109,5.4-parent_child,,,,
SOMATOM_Force_IFU_VB30,sec_0185,109,5.4-page_start_end,,,,
SOMATOM_Force_IFU_VB30,sec_0185,109,5.4-hierarchy_path,,,,
SOMATOM_Force_IFU_VB30,sec_0185,109,5.4-gaps_duplicates,,,,
SOMATOM_Force_IFU_VB30,sec_0185,109,5.4-flagged_for_review,,,,
SOMATOM_Force_IFU_VB30,sec_0185,109,5.4-structural_source,,,,
SOMATOM_Force_IFU_VB30,sec_0185,109,5.6-numbering_scheme,,,,
SOMATOM_Force_IFU_VB30,sec_0185,109,5.6-offset_applied,,,,
SOMATOM_Force_IFU_VB30,sec_0185,109,5.5-filters_discarding,,,,
SOMATOM_Force_IFU_VB30,sec_0185,109,5.5-filters_passing_noise,,,,
SOMATOM_Force_IFU_VB30,sec_0185,109,5.5-image_section_mapping,,,,
SOMATOM_Force_IFU_VB30,sec_0188,110,5.4-hierarchy_level,,,,
SOMATOM_Force_IFU_VB30,sec_0188,110,5.4-parent_child,,,,
SOMATOM_Force_IFU_VB30,sec_0188,110,5.4-page_start_end,,,,
SOMATOM_Force_IFU_VB30,sec_0188,110,5.4-hierarchy_path,,,,
SOMATOM_Force_IFU_VB30,sec_0188,110,5.4-gaps_duplicates,,,,
SOMATOM_Force_IFU_VB30,sec_0188,110,5.4-flagged_for_review,,,,
SOMATOM_Force_IFU_VB30,sec_0188,110,5.4-structural_source,,,,
SOMATOM_Force_IFU_VB30,sec_0188,110,5.6-numbering_scheme,,,,
SOMATOM_Force_IFU_VB30,sec_0188,110,5.6-offset_applied,,,,
SOMATOM_Force_IFU_VB30,sec_0188,110,5.5-filters_discarding,,,,
SOMATOM_Force_IFU_VB30,sec_0188,110,5.5-filters_passing_noise,,,,
SOMATOM_Force_IFU_VB30,sec_0188,110,5.5-image_section_mapping,,,,
SOMATOM_Force_IFU_VB30,sec_0195,114,5.4-hierarchy_level,,,,
SOMATOM_Force_IFU_VB30,sec_0195,114,5.4-parent_child,,,,
SOMATOM_Force_IFU_VB30,sec_0195,114,5.4-page_start_end,,,,
SOMATOM_Force_IFU_VB30,sec_0195,114,5.4-hierarchy_path,,,,
SOMATOM_Force_IFU_VB30,sec_0195,114,5.4-gaps_duplicates,,,,
SOMATOM_Force_IFU_VB30,sec_0195,114,5.4-flagged_for_review,,,,
SOMATOM_Force_IFU_VB30,sec_0195,114,5.4-structural_source,,,,
SOMATOM_Force_IFU_VB30,sec_0195,114,5.6-numbering_scheme,,,,
SOMATOM_Force_IFU_VB30,sec_0195,114,5.6-offset_applied,,,,
SOMATOM_Force_IFU_VB30,sec_0195,114,5.5-filters_discarding,,,,
SOMATOM_Force_IFU_VB30,sec_0195,114,5.5-filters_passing_noise,,,,
SOMATOM_Force_IFU_VB30,sec_0195,114,5.5-image_section_mapping,,,,
SOMATOM_Force_IFU_VB30,sec_0203,117,5.4-hierarchy_level,PASS,,"On p116 'Orientation aids' is a margin title in the same style as 'RTP adaptor connections' (sec_0202). Both are level 6 under the RTP table top (level 5, sec_0201).",
SOMATOM_Force_IFU_VB30,sec_0203,117,5.4-parent_child,PASS,,The parent sec_0201 'Radiation Therapy Planning (RTP) table top' lists sec_0202 and sec_0203 as children. On p116 both margin titles sit under the RTP table top. sec_0203 has no children.,
SOMATOM_Force_IFU_VB30,sec_0203,117,5.4-page_start_end,PASS,,"The section starts at the 'Orientation aids' margin title and its intro paragraph at the bottom of p116. It continues on p117 with the figure, the key (1) to (3) and the three-row table. '3.3.3 Definitions and limit values' below the table is a new section (sec_0204). page_end 117 is right.","The title node #/texts/2491 is typed 'paragraph', not 'heading'. This is cosmetic."
SOMATOM_Force_IFU_VB30,sec_0203,117,5.4-hierarchy_path,PASS,,hierarchy_path ends '.../Radiation Therapy Planning (RTP) table top/Orientation aids'. This is consistent with the parent and the folio '3 System description' header on p116 and p117.,
SOMATOM_Force_IFU_VB30,sec_0203,117,5.4-gaps_duplicates,PASS,,"The p116 intro and the p117 figure, key and table form one continuous block in order. The two p116 photos belong to sec_0202 and the load icon to sec_0201, so nothing is shared or repeated.",
SOMATOM_Force_IFU_VB30,sec_0203,117,5.4-flagged_for_review,PASS,,flagged_for_review is false with verification_score 100. The title is clearly visible on p116.,
SOMATOM_Force_IFU_VB30,sec_0203,117,5.4-structural_source,PASS,,structural_source is 'toc'. The title and page 116 match the margin title seen on p116.,
SOMATOM_Force_IFU_VB30,sec_0203,117,5.6-numbering_scheme,PASS,,The folios are '116' and '117' in Arabic numerals. numbering_scheme is 'arabic'.,
SOMATOM_Force_IFU_VB30,sec_0203,117,5.6-offset_applied,PASS,,"Printed folio 116 is on physical p116 and 117 on p117. offset_applied is 0, so they agree.",
SOMATOM_Force_IFU_VB30,sec_0203,117,5.6-table_content,PASS,,"The p117 table has Object, Position and Function columns and three rows. #/tables/9 has the same cells (air filled plastic tube, Perspex rod, 3 copper wires) with the right values in the right columns.",The words 'x-direc- tion' and 'equiva- lent' keep the print hyphen from the line wrap. This is cosmetic.
SOMATOM_Force_IFU_VB30,sec_0203,117,5.5-filters_discarding,PASS,,"The only figure in this section (the table top with callouts 1, 2 and 3 on p117) is extracted as img_0080. No other figure is lost in sec_0203.","The small 'i' note icon and CAUTION icon on p116 are not in the image list, but they lie in sec_0202 and sec_0201 and their text is kept."
SOMATOM_Force_IFU_VB30,sec_0203,117,5.5-filters_passing_noise,PASS,,"img_0080 is the table top figure with callouts, which is real content. No footer line or logo is kept for sec_0203.",
SOMATOM_Force_IFU_VB30,sec_0203,117,5.5-image_section_mapping,PASS,,img_0080 is the p117 figure of the orientation aids and is mapped to sec_0203. The two photos on p116 are mapped to sec_0202 'RTP adaptor connections' and the load icon img_0079 to sec_0201. These match the page.,"img_0079 (227 kg icon) is upside down in its PNG. This extraction fault is in sec_0201, which is outside this batch."
SOMATOM_Force_IFU_VB30,sec_0208,121,5.4-hierarchy_level,,,,
SOMATOM_Force_IFU_VB30,sec_0208,121,5.4-parent_child,,,,
SOMATOM_Force_IFU_VB30,sec_0208,121,5.4-page_start_end,,,,
SOMATOM_Force_IFU_VB30,sec_0208,121,5.4-hierarchy_path,,,,
SOMATOM_Force_IFU_VB30,sec_0208,121,5.4-gaps_duplicates,,,,
SOMATOM_Force_IFU_VB30,sec_0208,121,5.4-flagged_for_review,,,,
SOMATOM_Force_IFU_VB30,sec_0208,121,5.4-structural_source,,,,
SOMATOM_Force_IFU_VB30,sec_0208,121,5.6-numbering_scheme,,,,
SOMATOM_Force_IFU_VB30,sec_0208,121,5.6-offset_applied,,,,
SOMATOM_Force_IFU_VB30,sec_0208,121,5.5-filters_discarding,,,,
SOMATOM_Force_IFU_VB30,sec_0208,121,5.5-filters_passing_noise,,,,
SOMATOM_Force_IFU_VB30,sec_0208,121,5.5-image_section_mapping,,,,
SOMATOM_Force_IFU_VB30,sec_0213,124,5.4-hierarchy_level,,,,
SOMATOM_Force_IFU_VB30,sec_0213,124,5.4-parent_child,,,,
SOMATOM_Force_IFU_VB30,sec_0213,124,5.4-page_start_end,,,,
SOMATOM_Force_IFU_VB30,sec_0213,124,5.4-hierarchy_path,,,,
SOMATOM_Force_IFU_VB30,sec_0213,124,5.4-gaps_duplicates,,,,
SOMATOM_Force_IFU_VB30,sec_0213,124,5.4-flagged_for_review,,,,
SOMATOM_Force_IFU_VB30,sec_0213,124,5.4-structural_source,,,,
SOMATOM_Force_IFU_VB30,sec_0213,124,5.6-numbering_scheme,,,,
SOMATOM_Force_IFU_VB30,sec_0213,124,5.6-offset_applied,,,,
SOMATOM_Force_IFU_VB30,sec_0213,124,5.5-filters_discarding,,,,
SOMATOM_Force_IFU_VB30,sec_0213,124,5.5-filters_passing_noise,,,,
SOMATOM_Force_IFU_VB30,sec_0213,124,5.5-image_section_mapping,,,,
SOMATOM_Force_IFU_VB30,sec_0214,125,5.4-hierarchy_level,,,,
SOMATOM_Force_IFU_VB30,sec_0214,125,5.4-parent_child,,,,
SOMATOM_Force_IFU_VB30,sec_0214,125,5.4-page_start_end,,,,
SOMATOM_Force_IFU_VB30,sec_0214,125,5.4-hierarchy_path,,,,
SOMATOM_Force_IFU_VB30,sec_0214,125,5.4-gaps_duplicates,,,,
SOMATOM_Force_IFU_VB30,sec_0214,125,5.4-flagged_for_review,,,,
SOMATOM_Force_IFU_VB30,sec_0214,125,5.4-structural_source,,,,
SOMATOM_Force_IFU_VB30,sec_0214,125,5.6-numbering_scheme,,,,
SOMATOM_Force_IFU_VB30,sec_0214,125,5.6-offset_applied,,,,
SOMATOM_Force_IFU_VB30,sec_0214,125,5.5-filters_discarding,,,,
SOMATOM_Force_IFU_VB30,sec_0214,125,5.5-filters_passing_noise,,,,
SOMATOM_Force_IFU_VB30,sec_0214,125,5.5-image_section_mapping,,,,
SOMATOM_Force_IFU_VB30,sec_0217,128,5.4-hierarchy_level,,,,
SOMATOM_Force_IFU_VB30,sec_0217,128,5.4-parent_child,,,,
SOMATOM_Force_IFU_VB30,sec_0217,128,5.4-page_start_end,,,,
SOMATOM_Force_IFU_VB30,sec_0217,128,5.4-hierarchy_path,,,,
SOMATOM_Force_IFU_VB30,sec_0217,128,5.4-gaps_duplicates,,,,
SOMATOM_Force_IFU_VB30,sec_0217,128,5.4-flagged_for_review,,,,
SOMATOM_Force_IFU_VB30,sec_0217,128,5.4-structural_source,,,,
SOMATOM_Force_IFU_VB30,sec_0217,128,5.6-numbering_scheme,,,,
SOMATOM_Force_IFU_VB30,sec_0217,128,5.6-offset_applied,,,,
SOMATOM_Force_IFU_VB30,sec_0217,128,5.5-filters_discarding,,,,
SOMATOM_Force_IFU_VB30,sec_0217,128,5.5-filters_passing_noise,,,,
SOMATOM_Force_IFU_VB30,sec_0217,128,5.5-image_section_mapping,,,,
SOMATOM_Force_IFU_VB30,sec_0234,134,5.4-hierarchy_level,,,,
SOMATOM_Force_IFU_VB30,sec_0234,134,5.4-parent_child,,,,
SOMATOM_Force_IFU_VB30,sec_0234,134,5.4-page_start_end,,,,
SOMATOM_Force_IFU_VB30,sec_0234,134,5.4-hierarchy_path,,,,
SOMATOM_Force_IFU_VB30,sec_0234,134,5.4-gaps_duplicates,,,,
SOMATOM_Force_IFU_VB30,sec_0234,134,5.4-flagged_for_review,,,,
SOMATOM_Force_IFU_VB30,sec_0234,134,5.4-structural_source,,,,
SOMATOM_Force_IFU_VB30,sec_0234,134,5.6-numbering_scheme,,,,
SOMATOM_Force_IFU_VB30,sec_0234,134,5.6-offset_applied,,,,
SOMATOM_Force_IFU_VB30,sec_0234,134,5.5-filters_discarding,,,,
SOMATOM_Force_IFU_VB30,sec_0234,134,5.5-filters_passing_noise,,,,
SOMATOM_Force_IFU_VB30,sec_0234,134,5.5-image_section_mapping,,,,
SOMATOM_Force_IFU_VB30,sec_0240,136,5.4-hierarchy_level,,,,
SOMATOM_Force_IFU_VB30,sec_0240,136,5.4-parent_child,,,,
SOMATOM_Force_IFU_VB30,sec_0240,136,5.4-page_start_end,,,,
SOMATOM_Force_IFU_VB30,sec_0240,136,5.4-hierarchy_path,,,,
SOMATOM_Force_IFU_VB30,sec_0240,136,5.4-gaps_duplicates,,,,
SOMATOM_Force_IFU_VB30,sec_0240,136,5.4-flagged_for_review,,,,
SOMATOM_Force_IFU_VB30,sec_0240,136,5.4-structural_source,,,,
SOMATOM_Force_IFU_VB30,sec_0240,136,5.6-numbering_scheme,,,,
SOMATOM_Force_IFU_VB30,sec_0240,136,5.6-offset_applied,,,,
SOMATOM_Force_IFU_VB30,sec_0240,136,5.5-filters_discarding,,,,
SOMATOM_Force_IFU_VB30,sec_0240,136,5.5-filters_passing_noise,,,,
SOMATOM_Force_IFU_VB30,sec_0240,136,5.5-image_section_mapping,,,,
SOMATOM_Force_IFU_VB30,sec_0309,169,5.4-hierarchy_level,,,,
SOMATOM_Force_IFU_VB30,sec_0309,169,5.4-parent_child,,,,
SOMATOM_Force_IFU_VB30,sec_0309,169,5.4-page_start_end,,,,
SOMATOM_Force_IFU_VB30,sec_0309,169,5.4-hierarchy_path,,,,
SOMATOM_Force_IFU_VB30,sec_0309,169,5.4-gaps_duplicates,,,,
SOMATOM_Force_IFU_VB30,sec_0309,169,5.4-flagged_for_review,,,,
SOMATOM_Force_IFU_VB30,sec_0309,169,5.4-structural_source,,,,
SOMATOM_Force_IFU_VB30,sec_0309,169,5.6-numbering_scheme,,,,
SOMATOM_Force_IFU_VB30,sec_0309,169,5.6-offset_applied,,,,
SOMATOM_Force_IFU_VB30,sec_0309,169,5.5-filters_discarding,,,,
SOMATOM_Force_IFU_VB30,sec_0309,169,5.5-filters_passing_noise,,,,
SOMATOM_Force_IFU_VB30,sec_0309,169,5.5-image_section_mapping,,,,
SOMATOM_Force_IFU_VB30,sec_0350,175,5.4-hierarchy_level,,,,
SOMATOM_Force_IFU_VB30,sec_0350,175,5.4-parent_child,,,,
SOMATOM_Force_IFU_VB30,sec_0350,175,5.4-page_start_end,,,,
SOMATOM_Force_IFU_VB30,sec_0350,175,5.4-hierarchy_path,,,,
SOMATOM_Force_IFU_VB30,sec_0350,175,5.4-gaps_duplicates,,,,
SOMATOM_Force_IFU_VB30,sec_0350,175,5.4-flagged_for_review,,,,
SOMATOM_Force_IFU_VB30,sec_0350,175,5.4-structural_source,,,,
SOMATOM_Force_IFU_VB30,sec_0350,175,5.6-numbering_scheme,,,,
SOMATOM_Force_IFU_VB30,sec_0350,175,5.6-offset_applied,,,,
SOMATOM_Force_IFU_VB30,sec_0350,175,5.5-filters_discarding,,,,
SOMATOM_Force_IFU_VB30,sec_0350,175,5.5-filters_passing_noise,,,,
SOMATOM_Force_IFU_VB30,sec_0350,175,5.5-image_section_mapping,,,,
SOMATOM_Force_IFU_VB30,sec_0355,178,5.4-hierarchy_level,,,,
SOMATOM_Force_IFU_VB30,sec_0355,178,5.4-parent_child,,,,
SOMATOM_Force_IFU_VB30,sec_0355,178,5.4-page_start_end,,,,
SOMATOM_Force_IFU_VB30,sec_0355,178,5.4-hierarchy_path,,,,
SOMATOM_Force_IFU_VB30,sec_0355,178,5.4-gaps_duplicates,,,,
SOMATOM_Force_IFU_VB30,sec_0355,178,5.4-flagged_for_review,,,,
SOMATOM_Force_IFU_VB30,sec_0355,178,5.4-structural_source,,,,
SOMATOM_Force_IFU_VB30,sec_0355,178,5.6-numbering_scheme,,,,
SOMATOM_Force_IFU_VB30,sec_0355,178,5.6-offset_applied,,,,
SOMATOM_Force_IFU_VB30,sec_0355,178,5.5-filters_discarding,,,,
SOMATOM_Force_IFU_VB30,sec_0355,178,5.5-filters_passing_noise,,,,
SOMATOM_Force_IFU_VB30,sec_0355,178,5.5-image_section_mapping,,,,
SOMATOM_Force_IFU_VB30,sec_0358,179,5.4-hierarchy_level,,,,
SOMATOM_Force_IFU_VB30,sec_0358,179,5.4-parent_child,,,,
SOMATOM_Force_IFU_VB30,sec_0358,179,5.4-page_start_end,,,,
SOMATOM_Force_IFU_VB30,sec_0358,179,5.4-hierarchy_path,,,,
SOMATOM_Force_IFU_VB30,sec_0358,179,5.4-gaps_duplicates,,,,
SOMATOM_Force_IFU_VB30,sec_0358,179,5.4-flagged_for_review,,,,
SOMATOM_Force_IFU_VB30,sec_0358,179,5.4-structural_source,,,,
SOMATOM_Force_IFU_VB30,sec_0358,179,5.6-numbering_scheme,,,,
SOMATOM_Force_IFU_VB30,sec_0358,179,5.6-offset_applied,,,,
SOMATOM_Force_IFU_VB30,sec_0358,179,5.5-filters_discarding,,,,
SOMATOM_Force_IFU_VB30,sec_0358,179,5.5-filters_passing_noise,,,,
SOMATOM_Force_IFU_VB30,sec_0358,179,5.5-image_section_mapping,,,,
SOMATOM_Force_IFU_VB30,sec_0368,182,5.4-hierarchy_level,,,,
SOMATOM_Force_IFU_VB30,sec_0368,182,5.4-parent_child,,,,
SOMATOM_Force_IFU_VB30,sec_0368,182,5.4-page_start_end,,,,
SOMATOM_Force_IFU_VB30,sec_0368,182,5.4-hierarchy_path,,,,
SOMATOM_Force_IFU_VB30,sec_0368,182,5.4-gaps_duplicates,,,,
SOMATOM_Force_IFU_VB30,sec_0368,182,5.4-flagged_for_review,,,,
SOMATOM_Force_IFU_VB30,sec_0368,182,5.4-structural_source,,,,
SOMATOM_Force_IFU_VB30,sec_0368,182,5.6-numbering_scheme,,,,
SOMATOM_Force_IFU_VB30,sec_0368,182,5.6-offset_applied,,,,
SOMATOM_Force_IFU_VB30,sec_0368,182,5.5-filters_discarding,,,,
SOMATOM_Force_IFU_VB30,sec_0368,182,5.5-filters_passing_noise,,,,
SOMATOM_Force_IFU_VB30,sec_0368,182,5.5-image_section_mapping,,,,
SOMATOM_Force_IFU_VB30,sec_0373,184,5.4-hierarchy_level,,,,
SOMATOM_Force_IFU_VB30,sec_0373,184,5.4-parent_child,,,,
SOMATOM_Force_IFU_VB30,sec_0373,184,5.4-page_start_end,,,,
SOMATOM_Force_IFU_VB30,sec_0373,184,5.4-hierarchy_path,,,,
SOMATOM_Force_IFU_VB30,sec_0373,184,5.4-gaps_duplicates,,,,
SOMATOM_Force_IFU_VB30,sec_0373,184,5.4-flagged_for_review,,,,
SOMATOM_Force_IFU_VB30,sec_0373,184,5.4-structural_source,,,,
SOMATOM_Force_IFU_VB30,sec_0373,184,5.6-numbering_scheme,,,,
SOMATOM_Force_IFU_VB30,sec_0373,184,5.6-offset_applied,,,,
SOMATOM_Force_IFU_VB30,sec_0373,184,5.5-filters_discarding,,,,
SOMATOM_Force_IFU_VB30,sec_0373,184,5.5-filters_passing_noise,,,,
SOMATOM_Force_IFU_VB30,sec_0373,184,5.5-image_section_mapping,,,,
SOMATOM_Force_IFU_VB30,sec_0393,194,5.4-hierarchy_level,,,,
SOMATOM_Force_IFU_VB30,sec_0393,194,5.4-parent_child,,,,
SOMATOM_Force_IFU_VB30,sec_0393,194,5.4-page_start_end,,,,
SOMATOM_Force_IFU_VB30,sec_0393,194,5.4-hierarchy_path,,,,
SOMATOM_Force_IFU_VB30,sec_0393,194,5.4-gaps_duplicates,,,,
SOMATOM_Force_IFU_VB30,sec_0393,194,5.4-flagged_for_review,,,,
SOMATOM_Force_IFU_VB30,sec_0393,194,5.4-structural_source,,,,
SOMATOM_Force_IFU_VB30,sec_0393,194,5.6-numbering_scheme,,,,
SOMATOM_Force_IFU_VB30,sec_0393,194,5.6-offset_applied,,,,
SOMATOM_Force_IFU_VB30,sec_0393,194,5.5-filters_discarding,,,,
SOMATOM_Force_IFU_VB30,sec_0393,194,5.5-filters_passing_noise,,,,
SOMATOM_Force_IFU_VB30,sec_0393,194,5.5-image_section_mapping,,,,
SOMATOM_Force_IFU_VB30,sec_0396,196,5.4-hierarchy_level,,,,
SOMATOM_Force_IFU_VB30,sec_0396,196,5.4-parent_child,,,,
SOMATOM_Force_IFU_VB30,sec_0396,196,5.4-page_start_end,,,,
SOMATOM_Force_IFU_VB30,sec_0396,196,5.4-hierarchy_path,,,,
SOMATOM_Force_IFU_VB30,sec_0396,196,5.4-gaps_duplicates,,,,
SOMATOM_Force_IFU_VB30,sec_0396,196,5.4-flagged_for_review,,,,
SOMATOM_Force_IFU_VB30,sec_0396,196,5.4-structural_source,,,,
SOMATOM_Force_IFU_VB30,sec_0396,196,5.6-numbering_scheme,,,,
SOMATOM_Force_IFU_VB30,sec_0396,196,5.6-offset_applied,,,,
SOMATOM_Force_IFU_VB30,sec_0396,196,5.5-filters_discarding,,,,
SOMATOM_Force_IFU_VB30,sec_0396,196,5.5-filters_passing_noise,,,,
SOMATOM_Force_IFU_VB30,sec_0396,196,5.5-image_section_mapping,,,,
SOMATOM_Force_IFU_VB30,sec_0397,197,5.4-hierarchy_level,,,,
SOMATOM_Force_IFU_VB30,sec_0397,197,5.4-parent_child,,,,
SOMATOM_Force_IFU_VB30,sec_0397,197,5.4-page_start_end,,,,
SOMATOM_Force_IFU_VB30,sec_0397,197,5.4-hierarchy_path,,,,
SOMATOM_Force_IFU_VB30,sec_0397,197,5.4-gaps_duplicates,,,,
SOMATOM_Force_IFU_VB30,sec_0397,197,5.4-flagged_for_review,,,,
SOMATOM_Force_IFU_VB30,sec_0397,197,5.4-structural_source,,,,
SOMATOM_Force_IFU_VB30,sec_0397,197,5.6-numbering_scheme,,,,
SOMATOM_Force_IFU_VB30,sec_0397,197,5.6-offset_applied,,,,
SOMATOM_Force_IFU_VB30,sec_0397,197,5.5-filters_discarding,,,,
SOMATOM_Force_IFU_VB30,sec_0397,197,5.5-filters_passing_noise,,,,
SOMATOM_Force_IFU_VB30,sec_0397,197,5.5-image_section_mapping,,,,
SOMATOM_Force_IFU_VB30,sec_0435,215,5.4-hierarchy_level,,,,
SOMATOM_Force_IFU_VB30,sec_0435,215,5.4-parent_child,,,,
SOMATOM_Force_IFU_VB30,sec_0435,215,5.4-page_start_end,,,,
SOMATOM_Force_IFU_VB30,sec_0435,215,5.4-hierarchy_path,,,,
SOMATOM_Force_IFU_VB30,sec_0435,215,5.4-gaps_duplicates,,,,
SOMATOM_Force_IFU_VB30,sec_0435,215,5.4-flagged_for_review,,,,
SOMATOM_Force_IFU_VB30,sec_0435,215,5.4-structural_source,,,,
SOMATOM_Force_IFU_VB30,sec_0435,215,5.6-numbering_scheme,,,,
SOMATOM_Force_IFU_VB30,sec_0435,215,5.6-offset_applied,,,,
SOMATOM_Force_IFU_VB30,sec_0435,215,5.5-filters_discarding,,,,
SOMATOM_Force_IFU_VB30,sec_0435,215,5.5-filters_passing_noise,,,,
SOMATOM_Force_IFU_VB30,sec_0435,215,5.5-image_section_mapping,,,,
SOMATOM_Force_IFU_VB30,sec_0489,234,5.4-hierarchy_level,,,,
SOMATOM_Force_IFU_VB30,sec_0489,234,5.4-parent_child,,,,
SOMATOM_Force_IFU_VB30,sec_0489,234,5.4-page_start_end,,,,
SOMATOM_Force_IFU_VB30,sec_0489,234,5.4-hierarchy_path,,,,
SOMATOM_Force_IFU_VB30,sec_0489,234,5.4-gaps_duplicates,,,,
SOMATOM_Force_IFU_VB30,sec_0489,234,5.4-flagged_for_review,,,,
SOMATOM_Force_IFU_VB30,sec_0489,234,5.4-structural_source,,,,
SOMATOM_Force_IFU_VB30,sec_0489,234,5.6-numbering_scheme,,,,
SOMATOM_Force_IFU_VB30,sec_0489,234,5.6-offset_applied,,,,
SOMATOM_Force_IFU_VB30,sec_0489,234,5.5-filters_discarding,,,,
SOMATOM_Force_IFU_VB30,sec_0489,234,5.5-filters_passing_noise,,,,
SOMATOM_Force_IFU_VB30,sec_0489,234,5.5-image_section_mapping,,,,
SOMATOM_Force_IFU_VB30,sec_0518,248,5.4-hierarchy_level,,,,
SOMATOM_Force_IFU_VB30,sec_0518,248,5.4-parent_child,,,,
SOMATOM_Force_IFU_VB30,sec_0518,248,5.4-page_start_end,,,,
SOMATOM_Force_IFU_VB30,sec_0518,248,5.4-hierarchy_path,,,,
SOMATOM_Force_IFU_VB30,sec_0518,248,5.4-gaps_duplicates,,,,
SOMATOM_Force_IFU_VB30,sec_0518,248,5.4-flagged_for_review,,,,
SOMATOM_Force_IFU_VB30,sec_0518,248,5.4-structural_source,,,,
SOMATOM_Force_IFU_VB30,sec_0518,248,5.6-numbering_scheme,,,,
SOMATOM_Force_IFU_VB30,sec_0518,248,5.6-offset_applied,,,,
SOMATOM_Force_IFU_VB30,sec_0518,248,5.5-filters_discarding,,,,
SOMATOM_Force_IFU_VB30,sec_0518,248,5.5-filters_passing_noise,,,,
SOMATOM_Force_IFU_VB30,sec_0518,248,5.5-image_section_mapping,,,,
SOMATOM_Force_IFU_VB30,sec_0531,255,5.4-hierarchy_level,,,,
SOMATOM_Force_IFU_VB30,sec_0531,255,5.4-parent_child,,,,
SOMATOM_Force_IFU_VB30,sec_0531,255,5.4-page_start_end,,,,
SOMATOM_Force_IFU_VB30,sec_0531,255,5.4-hierarchy_path,,,,
SOMATOM_Force_IFU_VB30,sec_0531,255,5.4-gaps_duplicates,,,,
SOMATOM_Force_IFU_VB30,sec_0531,255,5.4-flagged_for_review,,,,
SOMATOM_Force_IFU_VB30,sec_0531,255,5.4-structural_source,,,,
SOMATOM_Force_IFU_VB30,sec_0531,255,5.6-numbering_scheme,,,,
SOMATOM_Force_IFU_VB30,sec_0531,255,5.6-offset_applied,,,,
SOMATOM_Force_IFU_VB30,sec_0531,255,5.5-filters_discarding,,,,
SOMATOM_Force_IFU_VB30,sec_0531,255,5.5-filters_passing_noise,,,,
SOMATOM_Force_IFU_VB30,sec_0531,255,5.5-image_section_mapping,,,,
SOMATOM_Force_IFU_VB30,sec_0540,258,5.4-hierarchy_level,,,,
SOMATOM_Force_IFU_VB30,sec_0540,258,5.4-parent_child,,,,
SOMATOM_Force_IFU_VB30,sec_0540,258,5.4-page_start_end,,,,
SOMATOM_Force_IFU_VB30,sec_0540,258,5.4-hierarchy_path,,,,
SOMATOM_Force_IFU_VB30,sec_0540,258,5.4-gaps_duplicates,,,,
SOMATOM_Force_IFU_VB30,sec_0540,258,5.4-flagged_for_review,,,,
SOMATOM_Force_IFU_VB30,sec_0540,258,5.4-structural_source,,,,
SOMATOM_Force_IFU_VB30,sec_0540,258,5.6-numbering_scheme,,,,
SOMATOM_Force_IFU_VB30,sec_0540,258,5.6-offset_applied,,,,
SOMATOM_Force_IFU_VB30,sec_0540,258,5.5-filters_discarding,,,,
SOMATOM_Force_IFU_VB30,sec_0540,258,5.5-filters_passing_noise,,,,
SOMATOM_Force_IFU_VB30,sec_0540,258,5.5-image_section_mapping,,,,
SOMATOM_Force_IFU_VB30,sec_0546,262,5.4-hierarchy_level,,,,
SOMATOM_Force_IFU_VB30,sec_0546,262,5.4-parent_child,,,,
SOMATOM_Force_IFU_VB30,sec_0546,262,5.4-page_start_end,,,,
SOMATOM_Force_IFU_VB30,sec_0546,262,5.4-hierarchy_path,,,,
SOMATOM_Force_IFU_VB30,sec_0546,262,5.4-gaps_duplicates,,,,
SOMATOM_Force_IFU_VB30,sec_0546,262,5.4-flagged_for_review,,,,
SOMATOM_Force_IFU_VB30,sec_0546,262,5.4-structural_source,,,,
SOMATOM_Force_IFU_VB30,sec_0546,262,5.6-numbering_scheme,,,,
SOMATOM_Force_IFU_VB30,sec_0546,262,5.6-offset_applied,,,,
SOMATOM_Force_IFU_VB30,sec_0546,262,5.5-filters_discarding,,,,
SOMATOM_Force_IFU_VB30,sec_0546,262,5.5-filters_passing_noise,,,,
SOMATOM_Force_IFU_VB30,sec_0546,262,5.5-image_section_mapping,,,,
SOMATOM_Force_IFU_VB30,sec_0555,268,5.4-hierarchy_level,,,,
SOMATOM_Force_IFU_VB30,sec_0555,268,5.4-parent_child,,,,
SOMATOM_Force_IFU_VB30,sec_0555,268,5.4-page_start_end,,,,
SOMATOM_Force_IFU_VB30,sec_0555,268,5.4-hierarchy_path,,,,
SOMATOM_Force_IFU_VB30,sec_0555,268,5.4-gaps_duplicates,,,,
SOMATOM_Force_IFU_VB30,sec_0555,268,5.4-flagged_for_review,,,,
SOMATOM_Force_IFU_VB30,sec_0555,268,5.4-structural_source,,,,
SOMATOM_Force_IFU_VB30,sec_0555,268,5.6-numbering_scheme,,,,
SOMATOM_Force_IFU_VB30,sec_0555,268,5.6-offset_applied,,,,
SOMATOM_Force_IFU_VB30,sec_0555,268,5.5-filters_discarding,,,,
SOMATOM_Force_IFU_VB30,sec_0555,268,5.5-filters_passing_noise,,,,
SOMATOM_Force_IFU_VB30,sec_0555,268,5.5-image_section_mapping,,,,
SOMATOM_Force_IFU_VB30,sec_0562,274,5.4-hierarchy_level,,,,
SOMATOM_Force_IFU_VB30,sec_0562,274,5.4-parent_child,,,,
SOMATOM_Force_IFU_VB30,sec_0562,274,5.4-page_start_end,,,,
SOMATOM_Force_IFU_VB30,sec_0562,274,5.4-hierarchy_path,,,,
SOMATOM_Force_IFU_VB30,sec_0562,274,5.4-gaps_duplicates,,,,
SOMATOM_Force_IFU_VB30,sec_0562,274,5.4-flagged_for_review,,,,
SOMATOM_Force_IFU_VB30,sec_0562,274,5.4-structural_source,,,,
SOMATOM_Force_IFU_VB30,sec_0562,274,5.6-numbering_scheme,,,,
SOMATOM_Force_IFU_VB30,sec_0562,274,5.6-offset_applied,,,,
SOMATOM_Force_IFU_VB30,sec_0562,274,5.5-filters_discarding,,,,
SOMATOM_Force_IFU_VB30,sec_0562,274,5.5-filters_passing_noise,,,,
SOMATOM_Force_IFU_VB30,sec_0562,274,5.5-image_section_mapping,,,,
SOMATOM_Force_IFU_VB30,sec_0591,282,5.4-hierarchy_level,,,,
SOMATOM_Force_IFU_VB30,sec_0591,282,5.4-parent_child,,,,
SOMATOM_Force_IFU_VB30,sec_0591,282,5.4-page_start_end,,,,
SOMATOM_Force_IFU_VB30,sec_0591,282,5.4-hierarchy_path,,,,
SOMATOM_Force_IFU_VB30,sec_0591,282,5.4-gaps_duplicates,,,,
SOMATOM_Force_IFU_VB30,sec_0591,282,5.4-flagged_for_review,,,,
SOMATOM_Force_IFU_VB30,sec_0591,282,5.4-structural_source,,,,
SOMATOM_Force_IFU_VB30,sec_0591,282,5.6-numbering_scheme,,,,
SOMATOM_Force_IFU_VB30,sec_0591,282,5.6-offset_applied,,,,
SOMATOM_Force_IFU_VB30,sec_0591,282,5.5-filters_discarding,,,,
SOMATOM_Force_IFU_VB30,sec_0591,282,5.5-filters_passing_noise,,,,
SOMATOM_Force_IFU_VB30,sec_0591,282,5.5-image_section_mapping,,,,
SOMATOM_Force_IFU_VB30,sec_0612,291,5.4-hierarchy_level,,,,
SOMATOM_Force_IFU_VB30,sec_0612,291,5.4-parent_child,,,,
SOMATOM_Force_IFU_VB30,sec_0612,291,5.4-page_start_end,,,,
SOMATOM_Force_IFU_VB30,sec_0612,291,5.4-hierarchy_path,,,,
SOMATOM_Force_IFU_VB30,sec_0612,291,5.4-gaps_duplicates,,,,
SOMATOM_Force_IFU_VB30,sec_0612,291,5.4-flagged_for_review,,,,
SOMATOM_Force_IFU_VB30,sec_0612,291,5.4-structural_source,,,,
SOMATOM_Force_IFU_VB30,sec_0612,291,5.6-numbering_scheme,,,,
SOMATOM_Force_IFU_VB30,sec_0612,291,5.6-offset_applied,,,,
SOMATOM_Force_IFU_VB30,sec_0612,291,5.5-filters_discarding,,,,
SOMATOM_Force_IFU_VB30,sec_0612,291,5.5-filters_passing_noise,,,,
SOMATOM_Force_IFU_VB30,sec_0612,291,5.5-image_section_mapping,,,,
SOMATOM_Force_IFU_VB30,sec_0617,295,5.4-hierarchy_level,,,,
SOMATOM_Force_IFU_VB30,sec_0617,295,5.4-parent_child,,,,
SOMATOM_Force_IFU_VB30,sec_0617,295,5.4-page_start_end,,,,
SOMATOM_Force_IFU_VB30,sec_0617,295,5.4-hierarchy_path,,,,
SOMATOM_Force_IFU_VB30,sec_0617,295,5.4-gaps_duplicates,,,,
SOMATOM_Force_IFU_VB30,sec_0617,295,5.4-flagged_for_review,,,,
SOMATOM_Force_IFU_VB30,sec_0617,295,5.4-structural_source,,,,
SOMATOM_Force_IFU_VB30,sec_0617,295,5.6-numbering_scheme,,,,
SOMATOM_Force_IFU_VB30,sec_0617,295,5.6-offset_applied,,,,
SOMATOM_Force_IFU_VB30,sec_0617,295,5.5-filters_discarding,,,,
SOMATOM_Force_IFU_VB30,sec_0617,295,5.5-filters_passing_noise,,,,
SOMATOM_Force_IFU_VB30,sec_0617,295,5.5-image_section_mapping,,,,
SOMATOM_Force_IFU_VB30,sec_0625,302,5.4-hierarchy_level,,,,
SOMATOM_Force_IFU_VB30,sec_0625,302,5.4-parent_child,,,,
SOMATOM_Force_IFU_VB30,sec_0625,302,5.4-page_start_end,,,,
SOMATOM_Force_IFU_VB30,sec_0625,302,5.4-hierarchy_path,,,,
SOMATOM_Force_IFU_VB30,sec_0625,302,5.4-gaps_duplicates,,,,
SOMATOM_Force_IFU_VB30,sec_0625,302,5.4-flagged_for_review,,,,
SOMATOM_Force_IFU_VB30,sec_0625,302,5.4-structural_source,,,,
SOMATOM_Force_IFU_VB30,sec_0625,302,5.6-numbering_scheme,,,,
SOMATOM_Force_IFU_VB30,sec_0625,302,5.6-offset_applied,,,,
SOMATOM_Force_IFU_VB30,sec_0625,302,5.5-filters_discarding,,,,
SOMATOM_Force_IFU_VB30,sec_0625,302,5.5-filters_passing_noise,,,,
SOMATOM_Force_IFU_VB30,sec_0625,302,5.5-image_section_mapping,,,,
SOMATOM_Force_IFU_VB30,sec_0629,305,5.4-hierarchy_level,,,,
SOMATOM_Force_IFU_VB30,sec_0629,305,5.4-parent_child,,,,
SOMATOM_Force_IFU_VB30,sec_0629,305,5.4-page_start_end,,,,
SOMATOM_Force_IFU_VB30,sec_0629,305,5.4-hierarchy_path,,,,
SOMATOM_Force_IFU_VB30,sec_0629,305,5.4-gaps_duplicates,,,,
SOMATOM_Force_IFU_VB30,sec_0629,305,5.4-flagged_for_review,,,,
SOMATOM_Force_IFU_VB30,sec_0629,305,5.4-structural_source,,,,
SOMATOM_Force_IFU_VB30,sec_0629,305,5.6-numbering_scheme,,,,
SOMATOM_Force_IFU_VB30,sec_0629,305,5.6-offset_applied,,,,
SOMATOM_Force_IFU_VB30,sec_0629,305,5.5-filters_discarding,,,,
SOMATOM_Force_IFU_VB30,sec_0629,305,5.5-filters_passing_noise,,,,
SOMATOM_Force_IFU_VB30,sec_0629,305,5.5-image_section_mapping,,,,
SOMATOM_Force_IFU_VB30,sec_0636,309,5.4-hierarchy_level,,,,
SOMATOM_Force_IFU_VB30,sec_0636,309,5.4-parent_child,,,,
SOMATOM_Force_IFU_VB30,sec_0636,309,5.4-page_start_end,,,,
SOMATOM_Force_IFU_VB30,sec_0636,309,5.4-hierarchy_path,,,,
SOMATOM_Force_IFU_VB30,sec_0636,309,5.4-gaps_duplicates,,,,
SOMATOM_Force_IFU_VB30,sec_0636,309,5.4-flagged_for_review,,,,
SOMATOM_Force_IFU_VB30,sec_0636,309,5.4-structural_source,,,,
SOMATOM_Force_IFU_VB30,sec_0636,309,5.6-numbering_scheme,,,,
SOMATOM_Force_IFU_VB30,sec_0636,309,5.6-offset_applied,,,,
SOMATOM_Force_IFU_VB30,sec_0636,309,5.5-filters_discarding,,,,
SOMATOM_Force_IFU_VB30,sec_0636,309,5.5-filters_passing_noise,,,,
SOMATOM_Force_IFU_VB30,sec_0636,309,5.5-image_section_mapping,,,,
SOMATOM_Force_IFU_VB30,sec_0645,315,5.4-hierarchy_level,,,,
SOMATOM_Force_IFU_VB30,sec_0645,315,5.4-parent_child,,,,
SOMATOM_Force_IFU_VB30,sec_0645,315,5.4-page_start_end,,,,
SOMATOM_Force_IFU_VB30,sec_0645,315,5.4-hierarchy_path,,,,
SOMATOM_Force_IFU_VB30,sec_0645,315,5.4-gaps_duplicates,,,,
SOMATOM_Force_IFU_VB30,sec_0645,315,5.4-flagged_for_review,,,,
SOMATOM_Force_IFU_VB30,sec_0645,315,5.4-structural_source,,,,
SOMATOM_Force_IFU_VB30,sec_0645,315,5.6-numbering_scheme,,,,
SOMATOM_Force_IFU_VB30,sec_0645,315,5.6-offset_applied,,,,
SOMATOM_Force_IFU_VB30,sec_0645,315,5.5-filters_discarding,,,,
SOMATOM_Force_IFU_VB30,sec_0645,315,5.5-filters_passing_noise,,,,
SOMATOM_Force_IFU_VB30,sec_0645,315,5.5-image_section_mapping,,,,
SOMATOM_Force_IFU_VB30,sec_0651,320,5.4-hierarchy_level,,,,
SOMATOM_Force_IFU_VB30,sec_0651,320,5.4-parent_child,,,,
SOMATOM_Force_IFU_VB30,sec_0651,320,5.4-page_start_end,,,,
SOMATOM_Force_IFU_VB30,sec_0651,320,5.4-hierarchy_path,,,,
SOMATOM_Force_IFU_VB30,sec_0651,320,5.4-gaps_duplicates,,,,
SOMATOM_Force_IFU_VB30,sec_0651,320,5.4-flagged_for_review,,,,
SOMATOM_Force_IFU_VB30,sec_0651,320,5.4-structural_source,,,,
SOMATOM_Force_IFU_VB30,sec_0651,320,5.6-numbering_scheme,,,,
SOMATOM_Force_IFU_VB30,sec_0651,320,5.6-offset_applied,,,,
SOMATOM_Force_IFU_VB30,sec_0651,320,5.5-filters_discarding,,,,
SOMATOM_Force_IFU_VB30,sec_0651,320,5.5-filters_passing_noise,,,,
SOMATOM_Force_IFU_VB30,sec_0651,320,5.5-image_section_mapping,,,,
SOMATOM_Force_IFU_VB30,sec_0656,322,5.4-hierarchy_level,,,,
SOMATOM_Force_IFU_VB30,sec_0656,322,5.4-parent_child,,,,
SOMATOM_Force_IFU_VB30,sec_0656,322,5.4-page_start_end,,,,
SOMATOM_Force_IFU_VB30,sec_0656,322,5.4-hierarchy_path,,,,
SOMATOM_Force_IFU_VB30,sec_0656,322,5.4-gaps_duplicates,,,,
SOMATOM_Force_IFU_VB30,sec_0656,322,5.4-flagged_for_review,,,,
SOMATOM_Force_IFU_VB30,sec_0656,322,5.4-structural_source,,,,
SOMATOM_Force_IFU_VB30,sec_0656,322,5.6-numbering_scheme,,,,
SOMATOM_Force_IFU_VB30,sec_0656,322,5.6-offset_applied,,,,
SOMATOM_Force_IFU_VB30,sec_0656,322,5.5-filters_discarding,,,,
SOMATOM_Force_IFU_VB30,sec_0656,322,5.5-filters_passing_noise,,,,
SOMATOM_Force_IFU_VB30,sec_0656,322,5.5-image_section_mapping,,,,
SOMATOM_Force_IFU_VB30,sec_0713,353,5.4-hierarchy_level,,,,
SOMATOM_Force_IFU_VB30,sec_0713,353,5.4-parent_child,,,,
SOMATOM_Force_IFU_VB30,sec_0713,353,5.4-page_start_end,,,,
SOMATOM_Force_IFU_VB30,sec_0713,353,5.4-hierarchy_path,,,,
SOMATOM_Force_IFU_VB30,sec_0713,353,5.4-gaps_duplicates,,,,
SOMATOM_Force_IFU_VB30,sec_0713,353,5.4-flagged_for_review,,,,
SOMATOM_Force_IFU_VB30,sec_0713,353,5.4-structural_source,,,,
SOMATOM_Force_IFU_VB30,sec_0713,353,5.6-numbering_scheme,,,,
SOMATOM_Force_IFU_VB30,sec_0713,353,5.6-offset_applied,,,,
SOMATOM_Force_IFU_VB30,sec_0713,353,5.5-filters_discarding,,,,
SOMATOM_Force_IFU_VB30,sec_0713,353,5.5-filters_passing_noise,,,,
SOMATOM_Force_IFU_VB30,sec_0713,353,5.5-image_section_mapping,,,,
SOMATOM_Force_IFU_VB30,sec_0716,357,5.4-hierarchy_level,,,,
SOMATOM_Force_IFU_VB30,sec_0716,357,5.4-parent_child,,,,
SOMATOM_Force_IFU_VB30,sec_0716,357,5.4-page_start_end,,,,
SOMATOM_Force_IFU_VB30,sec_0716,357,5.4-hierarchy_path,,,,
SOMATOM_Force_IFU_VB30,sec_0716,357,5.4-gaps_duplicates,,,,
SOMATOM_Force_IFU_VB30,sec_0716,357,5.4-flagged_for_review,,,,
SOMATOM_Force_IFU_VB30,sec_0716,357,5.4-structural_source,,,,
SOMATOM_Force_IFU_VB30,sec_0716,357,5.6-numbering_scheme,,,,
SOMATOM_Force_IFU_VB30,sec_0716,357,5.6-offset_applied,,,,
SOMATOM_Force_IFU_VB30,sec_0716,357,5.5-filters_discarding,,,,
SOMATOM_Force_IFU_VB30,sec_0716,357,5.5-filters_passing_noise,,,,
SOMATOM_Force_IFU_VB30,sec_0716,357,5.5-image_section_mapping,,,,
SOMATOM_Force_IFU_VB30,sec_0717,357,5.4-hierarchy_level,,,,
SOMATOM_Force_IFU_VB30,sec_0717,357,5.4-parent_child,,,,
SOMATOM_Force_IFU_VB30,sec_0717,357,5.4-page_start_end,,,,
SOMATOM_Force_IFU_VB30,sec_0717,357,5.4-hierarchy_path,,,,
SOMATOM_Force_IFU_VB30,sec_0717,357,5.4-gaps_duplicates,,,,
SOMATOM_Force_IFU_VB30,sec_0717,357,5.4-flagged_for_review,,,,
SOMATOM_Force_IFU_VB30,sec_0717,357,5.4-structural_source,,,,
SOMATOM_Force_IFU_VB30,sec_0717,357,5.6-numbering_scheme,,,,
SOMATOM_Force_IFU_VB30,sec_0717,357,5.6-offset_applied,,,,
SOMATOM_Force_IFU_VB30,sec_0717,357,5.5-filters_discarding,,,,
SOMATOM_Force_IFU_VB30,sec_0717,357,5.5-filters_passing_noise,,,,
SOMATOM_Force_IFU_VB30,sec_0717,357,5.5-image_section_mapping,,,,
SOMATOM_Force_IFU_VB30,sec_0728,364,5.4-hierarchy_level,,,,
SOMATOM_Force_IFU_VB30,sec_0728,364,5.4-parent_child,,,,
SOMATOM_Force_IFU_VB30,sec_0728,364,5.4-page_start_end,,,,
SOMATOM_Force_IFU_VB30,sec_0728,364,5.4-hierarchy_path,,,,
SOMATOM_Force_IFU_VB30,sec_0728,364,5.4-gaps_duplicates,,,,
SOMATOM_Force_IFU_VB30,sec_0728,364,5.4-flagged_for_review,,,,
SOMATOM_Force_IFU_VB30,sec_0728,364,5.4-structural_source,,,,
SOMATOM_Force_IFU_VB30,sec_0728,364,5.6-numbering_scheme,,,,
SOMATOM_Force_IFU_VB30,sec_0728,364,5.6-offset_applied,,,,
SOMATOM_Force_IFU_VB30,sec_0728,364,5.5-filters_discarding,,,,
SOMATOM_Force_IFU_VB30,sec_0728,364,5.5-filters_passing_noise,,,,
SOMATOM_Force_IFU_VB30,sec_0728,364,5.5-image_section_mapping,,,,
SOMATOM_Force_IFU_VB30,sec_0744,370,5.4-hierarchy_level,,,,
SOMATOM_Force_IFU_VB30,sec_0744,370,5.4-parent_child,,,,
SOMATOM_Force_IFU_VB30,sec_0744,370,5.4-page_start_end,,,,
SOMATOM_Force_IFU_VB30,sec_0744,370,5.4-hierarchy_path,,,,
SOMATOM_Force_IFU_VB30,sec_0744,370,5.4-gaps_duplicates,,,,
SOMATOM_Force_IFU_VB30,sec_0744,370,5.4-flagged_for_review,,,,
SOMATOM_Force_IFU_VB30,sec_0744,370,5.4-structural_source,,,,
SOMATOM_Force_IFU_VB30,sec_0744,370,5.6-numbering_scheme,,,,
SOMATOM_Force_IFU_VB30,sec_0744,370,5.6-offset_applied,,,,
SOMATOM_Force_IFU_VB30,sec_0744,370,5.5-filters_discarding,,,,
SOMATOM_Force_IFU_VB30,sec_0744,370,5.5-filters_passing_noise,,,,
SOMATOM_Force_IFU_VB30,sec_0744,370,5.5-image_section_mapping,,,,
SOMATOM_Force_IFU_VB30,sec_0746,371,5.4-hierarchy_level,,,,
SOMATOM_Force_IFU_VB30,sec_0746,371,5.4-parent_child,,,,
SOMATOM_Force_IFU_VB30,sec_0746,371,5.4-page_start_end,,,,
SOMATOM_Force_IFU_VB30,sec_0746,371,5.4-hierarchy_path,,,,
SOMATOM_Force_IFU_VB30,sec_0746,371,5.4-gaps_duplicates,,,,
SOMATOM_Force_IFU_VB30,sec_0746,371,5.4-flagged_for_review,,,,
SOMATOM_Force_IFU_VB30,sec_0746,371,5.4-structural_source,,,,
SOMATOM_Force_IFU_VB30,sec_0746,371,5.6-numbering_scheme,,,,
SOMATOM_Force_IFU_VB30,sec_0746,371,5.6-offset_applied,,,,
SOMATOM_Force_IFU_VB30,sec_0746,371,5.5-filters_discarding,,,,
SOMATOM_Force_IFU_VB30,sec_0746,371,5.5-filters_passing_noise,,,,
SOMATOM_Force_IFU_VB30,sec_0746,371,5.5-image_section_mapping,,,,
SOMATOM_Force_IFU_VB30,sec_0753,375,5.4-hierarchy_level,,,,
SOMATOM_Force_IFU_VB30,sec_0753,375,5.4-parent_child,,,,
SOMATOM_Force_IFU_VB30,sec_0753,375,5.4-page_start_end,,,,
SOMATOM_Force_IFU_VB30,sec_0753,375,5.4-hierarchy_path,,,,
SOMATOM_Force_IFU_VB30,sec_0753,375,5.4-gaps_duplicates,,,,
SOMATOM_Force_IFU_VB30,sec_0753,375,5.4-flagged_for_review,,,,
SOMATOM_Force_IFU_VB30,sec_0753,375,5.4-structural_source,,,,
SOMATOM_Force_IFU_VB30,sec_0753,375,5.6-numbering_scheme,,,,
SOMATOM_Force_IFU_VB30,sec_0753,375,5.6-offset_applied,,,,
SOMATOM_Force_IFU_VB30,sec_0753,375,5.5-filters_discarding,,,,
SOMATOM_Force_IFU_VB30,sec_0753,375,5.5-filters_passing_noise,,,,
SOMATOM_Force_IFU_VB30,sec_0753,375,5.5-image_section_mapping,,,,
SOMATOM_Force_IFU_VB30,sec_0758,378,5.4-hierarchy_level,,,,
SOMATOM_Force_IFU_VB30,sec_0758,378,5.4-parent_child,,,,
SOMATOM_Force_IFU_VB30,sec_0758,378,5.4-page_start_end,,,,
SOMATOM_Force_IFU_VB30,sec_0758,378,5.4-hierarchy_path,,,,
SOMATOM_Force_IFU_VB30,sec_0758,378,5.4-gaps_duplicates,,,,
SOMATOM_Force_IFU_VB30,sec_0758,378,5.4-flagged_for_review,,,,
SOMATOM_Force_IFU_VB30,sec_0758,378,5.4-structural_source,,,,
SOMATOM_Force_IFU_VB30,sec_0758,378,5.6-numbering_scheme,,,,
SOMATOM_Force_IFU_VB30,sec_0758,378,5.6-offset_applied,,,,
SOMATOM_Force_IFU_VB30,sec_0758,378,5.5-filters_discarding,,,,
SOMATOM_Force_IFU_VB30,sec_0758,378,5.5-filters_passing_noise,,,,
SOMATOM_Force_IFU_VB30,sec_0758,378,5.5-image_section_mapping,,,,
SOMATOM_Force_IFU_VB30,sec_0759,379,5.4-hierarchy_level,,,,
SOMATOM_Force_IFU_VB30,sec_0759,379,5.4-parent_child,,,,
SOMATOM_Force_IFU_VB30,sec_0759,379,5.4-page_start_end,,,,
SOMATOM_Force_IFU_VB30,sec_0759,379,5.4-hierarchy_path,,,,
SOMATOM_Force_IFU_VB30,sec_0759,379,5.4-gaps_duplicates,,,,
SOMATOM_Force_IFU_VB30,sec_0759,379,5.4-flagged_for_review,,,,
SOMATOM_Force_IFU_VB30,sec_0759,379,5.4-structural_source,,,,
SOMATOM_Force_IFU_VB30,sec_0759,379,5.6-numbering_scheme,,,,
SOMATOM_Force_IFU_VB30,sec_0759,379,5.6-offset_applied,,,,
SOMATOM_Force_IFU_VB30,sec_0759,379,5.5-filters_discarding,,,,
SOMATOM_Force_IFU_VB30,sec_0759,379,5.5-filters_passing_noise,,,,
SOMATOM_Force_IFU_VB30,sec_0759,379,5.5-image_section_mapping,,,,
SOMATOM_Force_IFU_VB30,sec_0780,386,5.4-hierarchy_level,,,,
SOMATOM_Force_IFU_VB30,sec_0780,386,5.4-parent_child,,,,
SOMATOM_Force_IFU_VB30,sec_0780,386,5.4-page_start_end,,,,
SOMATOM_Force_IFU_VB30,sec_0780,386,5.4-hierarchy_path,,,,
SOMATOM_Force_IFU_VB30,sec_0780,386,5.4-gaps_duplicates,,,,
SOMATOM_Force_IFU_VB30,sec_0780,386,5.4-flagged_for_review,,,,
SOMATOM_Force_IFU_VB30,sec_0780,386,5.4-structural_source,,,,
SOMATOM_Force_IFU_VB30,sec_0780,386,5.6-numbering_scheme,,,,
SOMATOM_Force_IFU_VB30,sec_0780,386,5.6-offset_applied,,,,
SOMATOM_Force_IFU_VB30,sec_0780,386,5.5-filters_discarding,,,,
SOMATOM_Force_IFU_VB30,sec_0780,386,5.5-filters_passing_noise,,,,
SOMATOM_Force_IFU_VB30,sec_0780,386,5.5-image_section_mapping,,,,
SOMATOM_Force_IFU_VB30,sec_0785,387,5.4-hierarchy_level,,,,
SOMATOM_Force_IFU_VB30,sec_0785,387,5.4-parent_child,,,,
SOMATOM_Force_IFU_VB30,sec_0785,387,5.4-page_start_end,,,,
SOMATOM_Force_IFU_VB30,sec_0785,387,5.4-hierarchy_path,,,,
SOMATOM_Force_IFU_VB30,sec_0785,387,5.4-gaps_duplicates,,,,
SOMATOM_Force_IFU_VB30,sec_0785,387,5.4-flagged_for_review,,,,
SOMATOM_Force_IFU_VB30,sec_0785,387,5.4-structural_source,,,,
SOMATOM_Force_IFU_VB30,sec_0785,387,5.6-numbering_scheme,,,,
SOMATOM_Force_IFU_VB30,sec_0785,387,5.6-offset_applied,,,,
SOMATOM_Force_IFU_VB30,sec_0785,387,5.5-filters_discarding,,,,
SOMATOM_Force_IFU_VB30,sec_0785,387,5.5-filters_passing_noise,,,,
SOMATOM_Force_IFU_VB30,sec_0785,387,5.5-image_section_mapping,,,,
SOMATOM_Force_IFU_VB30,sec_0807,393,5.4-hierarchy_level,,,,
SOMATOM_Force_IFU_VB30,sec_0807,393,5.4-parent_child,,,,
SOMATOM_Force_IFU_VB30,sec_0807,393,5.4-page_start_end,,,,
SOMATOM_Force_IFU_VB30,sec_0807,393,5.4-hierarchy_path,,,,
SOMATOM_Force_IFU_VB30,sec_0807,393,5.4-gaps_duplicates,,,,
SOMATOM_Force_IFU_VB30,sec_0807,393,5.4-flagged_for_review,,,,
SOMATOM_Force_IFU_VB30,sec_0807,393,5.4-structural_source,,,,
SOMATOM_Force_IFU_VB30,sec_0807,393,5.6-numbering_scheme,,,,
SOMATOM_Force_IFU_VB30,sec_0807,393,5.6-offset_applied,,,,
SOMATOM_Force_IFU_VB30,sec_0807,393,5.5-filters_discarding,,,,
SOMATOM_Force_IFU_VB30,sec_0807,393,5.5-filters_passing_noise,,,,
SOMATOM_Force_IFU_VB30,sec_0807,393,5.5-image_section_mapping,,,,
SOMATOM_Force_IFU_VB30,sec_0831,399,5.4-hierarchy_level,,,,
SOMATOM_Force_IFU_VB30,sec_0831,399,5.4-parent_child,,,,
SOMATOM_Force_IFU_VB30,sec_0831,399,5.4-page_start_end,,,,
SOMATOM_Force_IFU_VB30,sec_0831,399,5.4-hierarchy_path,,,,
SOMATOM_Force_IFU_VB30,sec_0831,399,5.4-gaps_duplicates,,,,
SOMATOM_Force_IFU_VB30,sec_0831,399,5.4-flagged_for_review,,,,
SOMATOM_Force_IFU_VB30,sec_0831,399,5.4-structural_source,,,,
SOMATOM_Force_IFU_VB30,sec_0831,399,5.6-numbering_scheme,,,,
SOMATOM_Force_IFU_VB30,sec_0831,399,5.6-offset_applied,,,,
SOMATOM_Force_IFU_VB30,sec_0831,399,5.5-filters_discarding,,,,
SOMATOM_Force_IFU_VB30,sec_0831,399,5.5-filters_passing_noise,,,,
SOMATOM_Force_IFU_VB30,sec_0831,399,5.5-image_section_mapping,,,,
SOMATOM_Force_IFU_VB30,sec_0835,400,5.4-hierarchy_level,,,,
SOMATOM_Force_IFU_VB30,sec_0835,400,5.4-parent_child,,,,
SOMATOM_Force_IFU_VB30,sec_0835,400,5.4-page_start_end,,,,
SOMATOM_Force_IFU_VB30,sec_0835,400,5.4-hierarchy_path,,,,
SOMATOM_Force_IFU_VB30,sec_0835,400,5.4-gaps_duplicates,,,,
SOMATOM_Force_IFU_VB30,sec_0835,400,5.4-flagged_for_review,,,,
SOMATOM_Force_IFU_VB30,sec_0835,400,5.4-structural_source,,,,
SOMATOM_Force_IFU_VB30,sec_0835,400,5.6-numbering_scheme,,,,
SOMATOM_Force_IFU_VB30,sec_0835,400,5.6-offset_applied,,,,
SOMATOM_Force_IFU_VB30,sec_0835,400,5.5-filters_discarding,,,,
SOMATOM_Force_IFU_VB30,sec_0835,400,5.5-filters_passing_noise,,,,
SOMATOM_Force_IFU_VB30,sec_0835,400,5.5-image_section_mapping,,,,
SOMATOM_Force_IFU_VB30,sec_0853,407,5.4-hierarchy_level,,,,
SOMATOM_Force_IFU_VB30,sec_0853,407,5.4-parent_child,,,,
SOMATOM_Force_IFU_VB30,sec_0853,407,5.4-page_start_end,,,,
SOMATOM_Force_IFU_VB30,sec_0853,407,5.4-hierarchy_path,,,,
SOMATOM_Force_IFU_VB30,sec_0853,407,5.4-gaps_duplicates,,,,
SOMATOM_Force_IFU_VB30,sec_0853,407,5.4-flagged_for_review,,,,
SOMATOM_Force_IFU_VB30,sec_0853,407,5.4-structural_source,,,,
SOMATOM_Force_IFU_VB30,sec_0853,407,5.6-numbering_scheme,,,,
SOMATOM_Force_IFU_VB30,sec_0853,407,5.6-offset_applied,,,,
SOMATOM_Force_IFU_VB30,sec_0853,407,5.5-filters_discarding,,,,
SOMATOM_Force_IFU_VB30,sec_0853,407,5.5-filters_passing_noise,,,,
SOMATOM_Force_IFU_VB30,sec_0853,407,5.5-image_section_mapping,,,,
SOMATOM_Force_IFU_VB30,sec_0854,407,5.4-hierarchy_level,,,,
SOMATOM_Force_IFU_VB30,sec_0854,407,5.4-parent_child,,,,
SOMATOM_Force_IFU_VB30,sec_0854,407,5.4-page_start_end,,,,
SOMATOM_Force_IFU_VB30,sec_0854,407,5.4-hierarchy_path,,,,
SOMATOM_Force_IFU_VB30,sec_0854,407,5.4-gaps_duplicates,,,,
SOMATOM_Force_IFU_VB30,sec_0854,407,5.4-flagged_for_review,,,,
SOMATOM_Force_IFU_VB30,sec_0854,407,5.4-structural_source,,,,
SOMATOM_Force_IFU_VB30,sec_0854,407,5.6-numbering_scheme,,,,
SOMATOM_Force_IFU_VB30,sec_0854,407,5.6-offset_applied,,,,
SOMATOM_Force_IFU_VB30,sec_0854,407,5.6-table_content,,,,
SOMATOM_Force_IFU_VB30,sec_0854,407,5.5-filters_discarding,,,,
SOMATOM_Force_IFU_VB30,sec_0854,407,5.5-filters_passing_noise,,,,
SOMATOM_Force_IFU_VB30,sec_0854,407,5.5-image_section_mapping,,,,
SOMATOM_Force_IFU_VB30,sec_0881,417,5.4-hierarchy_level,,,,
SOMATOM_Force_IFU_VB30,sec_0881,417,5.4-parent_child,,,,
SOMATOM_Force_IFU_VB30,sec_0881,417,5.4-page_start_end,,,,
SOMATOM_Force_IFU_VB30,sec_0881,417,5.4-hierarchy_path,,,,
SOMATOM_Force_IFU_VB30,sec_0881,417,5.4-gaps_duplicates,,,,
SOMATOM_Force_IFU_VB30,sec_0881,417,5.4-flagged_for_review,,,,
SOMATOM_Force_IFU_VB30,sec_0881,417,5.4-structural_source,,,,
SOMATOM_Force_IFU_VB30,sec_0881,417,5.6-numbering_scheme,,,,
SOMATOM_Force_IFU_VB30,sec_0881,417,5.6-offset_applied,,,,
SOMATOM_Force_IFU_VB30,sec_0881,417,5.5-filters_discarding,,,,
SOMATOM_Force_IFU_VB30,sec_0881,417,5.5-filters_passing_noise,,,,
SOMATOM_Force_IFU_VB30,sec_0881,417,5.5-image_section_mapping,,,,
SOMATOM_Force_IFU_VB30,sec_0906,428,5.4-hierarchy_level,,,,
SOMATOM_Force_IFU_VB30,sec_0906,428,5.4-parent_child,,,,
SOMATOM_Force_IFU_VB30,sec_0906,428,5.4-page_start_end,,,,
SOMATOM_Force_IFU_VB30,sec_0906,428,5.4-hierarchy_path,,,,
SOMATOM_Force_IFU_VB30,sec_0906,428,5.4-gaps_duplicates,,,,
SOMATOM_Force_IFU_VB30,sec_0906,428,5.4-flagged_for_review,,,,
SOMATOM_Force_IFU_VB30,sec_0906,428,5.4-structural_source,,,,
SOMATOM_Force_IFU_VB30,sec_0906,428,5.6-numbering_scheme,,,,
SOMATOM_Force_IFU_VB30,sec_0906,428,5.6-offset_applied,,,,
SOMATOM_Force_IFU_VB30,sec_0906,428,5.5-filters_discarding,,,,
SOMATOM_Force_IFU_VB30,sec_0906,428,5.5-filters_passing_noise,,,,
SOMATOM_Force_IFU_VB30,sec_0906,428,5.5-image_section_mapping,,,,
SOMATOM_Force_IFU_VB30,sec_0914,431,5.4-hierarchy_level,,,,
SOMATOM_Force_IFU_VB30,sec_0914,431,5.4-parent_child,,,,
SOMATOM_Force_IFU_VB30,sec_0914,431,5.4-page_start_end,,,,
SOMATOM_Force_IFU_VB30,sec_0914,431,5.4-hierarchy_path,,,,
SOMATOM_Force_IFU_VB30,sec_0914,431,5.4-gaps_duplicates,,,,
SOMATOM_Force_IFU_VB30,sec_0914,431,5.4-flagged_for_review,,,,
SOMATOM_Force_IFU_VB30,sec_0914,431,5.4-structural_source,,,,
SOMATOM_Force_IFU_VB30,sec_0914,431,5.6-numbering_scheme,,,,
SOMATOM_Force_IFU_VB30,sec_0914,431,5.6-offset_applied,,,,
SOMATOM_Force_IFU_VB30,sec_0914,431,5.5-filters_discarding,,,,
SOMATOM_Force_IFU_VB30,sec_0914,431,5.5-filters_passing_noise,,,,
SOMATOM_Force_IFU_VB30,sec_0914,431,5.5-image_section_mapping,,,,
SOMATOM_Force_IFU_VB30,sec_0916,436,5.4-hierarchy_level,,,,
SOMATOM_Force_IFU_VB30,sec_0916,436,5.4-parent_child,,,,
SOMATOM_Force_IFU_VB30,sec_0916,436,5.4-page_start_end,,,,
SOMATOM_Force_IFU_VB30,sec_0916,436,5.4-hierarchy_path,,,,
SOMATOM_Force_IFU_VB30,sec_0916,436,5.4-gaps_duplicates,,,,
SOMATOM_Force_IFU_VB30,sec_0916,436,5.4-flagged_for_review,,,,
SOMATOM_Force_IFU_VB30,sec_0916,436,5.4-structural_source,,,,
SOMATOM_Force_IFU_VB30,sec_0916,436,5.6-numbering_scheme,,,,
SOMATOM_Force_IFU_VB30,sec_0916,436,5.6-offset_applied,,,,
SOMATOM_Force_IFU_VB30,sec_0916,436,5.5-filters_discarding,,,,
SOMATOM_Force_IFU_VB30,sec_0916,436,5.5-filters_passing_noise,,,,
SOMATOM_Force_IFU_VB30,sec_0916,436,5.5-image_section_mapping,,,,
SOMATOM_Force_IFU_VB30,sec_0918,438,5.4-hierarchy_level,,,,
SOMATOM_Force_IFU_VB30,sec_0918,438,5.4-parent_child,,,,
SOMATOM_Force_IFU_VB30,sec_0918,438,5.4-page_start_end,,,,
SOMATOM_Force_IFU_VB30,sec_0918,438,5.4-hierarchy_path,,,,
SOMATOM_Force_IFU_VB30,sec_0918,438,5.4-gaps_duplicates,,,,
SOMATOM_Force_IFU_VB30,sec_0918,438,5.4-flagged_for_review,,,,
SOMATOM_Force_IFU_VB30,sec_0918,438,5.4-structural_source,,,,
SOMATOM_Force_IFU_VB30,sec_0918,438,5.6-numbering_scheme,,,,
SOMATOM_Force_IFU_VB30,sec_0918,438,5.6-offset_applied,,,,
SOMATOM_Force_IFU_VB30,sec_0918,438,5.5-filters_discarding,,,,
SOMATOM_Force_IFU_VB30,sec_0918,438,5.5-filters_passing_noise,,,,
SOMATOM_Force_IFU_VB30,sec_0918,438,5.5-image_section_mapping,,,,
SOMATOM_Force_IFU_VB30,sec_0924,444,5.4-hierarchy_level,,,,
SOMATOM_Force_IFU_VB30,sec_0924,444,5.4-parent_child,,,,
SOMATOM_Force_IFU_VB30,sec_0924,444,5.4-page_start_end,,,,
SOMATOM_Force_IFU_VB30,sec_0924,444,5.4-hierarchy_path,,,,
SOMATOM_Force_IFU_VB30,sec_0924,444,5.4-gaps_duplicates,,,,
SOMATOM_Force_IFU_VB30,sec_0924,444,5.4-flagged_for_review,,,,
SOMATOM_Force_IFU_VB30,sec_0924,444,5.4-structural_source,,,,
SOMATOM_Force_IFU_VB30,sec_0924,444,5.6-numbering_scheme,,,,
SOMATOM_Force_IFU_VB30,sec_0924,444,5.6-offset_applied,,,,
SOMATOM_Force_IFU_VB30,sec_0924,444,5.5-filters_discarding,,,,
SOMATOM_Force_IFU_VB30,sec_0924,444,5.5-filters_passing_noise,,,,
SOMATOM_Force_IFU_VB30,sec_0924,444,5.5-image_section_mapping,,,,
SOMATOM_Force_IFU_VB30,sec_0926,446,5.4-hierarchy_level,,,,
SOMATOM_Force_IFU_VB30,sec_0926,446,5.4-parent_child,,,,
SOMATOM_Force_IFU_VB30,sec_0926,446,5.4-page_start_end,,,,
SOMATOM_Force_IFU_VB30,sec_0926,446,5.4-hierarchy_path,,,,
SOMATOM_Force_IFU_VB30,sec_0926,446,5.4-gaps_duplicates,,,,
SOMATOM_Force_IFU_VB30,sec_0926,446,5.4-flagged_for_review,,,,
SOMATOM_Force_IFU_VB30,sec_0926,446,5.4-structural_source,,,,
SOMATOM_Force_IFU_VB30,sec_0926,446,5.6-numbering_scheme,,,,
SOMATOM_Force_IFU_VB30,sec_0926,446,5.6-offset_applied,,,,
SOMATOM_Force_IFU_VB30,sec_0926,446,5.5-filters_discarding,,,,
SOMATOM_Force_IFU_VB30,sec_0926,446,5.5-filters_passing_noise,,,,
SOMATOM_Force_IFU_VB30,sec_0926,446,5.5-image_section_mapping,,,,
SOMATOM_Force_IFU_VB30,sec_0927,446,5.4-hierarchy_level,,,,
SOMATOM_Force_IFU_VB30,sec_0927,446,5.4-parent_child,,,,
SOMATOM_Force_IFU_VB30,sec_0927,446,5.4-page_start_end,,,,
SOMATOM_Force_IFU_VB30,sec_0927,446,5.4-hierarchy_path,,,,
SOMATOM_Force_IFU_VB30,sec_0927,446,5.4-gaps_duplicates,,,,
SOMATOM_Force_IFU_VB30,sec_0927,446,5.4-flagged_for_review,,,,
SOMATOM_Force_IFU_VB30,sec_0927,446,5.4-structural_source,,,,
SOMATOM_Force_IFU_VB30,sec_0927,446,5.6-numbering_scheme,,,,
SOMATOM_Force_IFU_VB30,sec_0927,446,5.6-offset_applied,,,,
SOMATOM_Force_IFU_VB30,sec_0927,446,5.5-filters_discarding,,,,
SOMATOM_Force_IFU_VB30,sec_0927,446,5.5-filters_passing_noise,,,,
SOMATOM_Force_IFU_VB30,sec_0927,446,5.5-image_section_mapping,,,,
SOMATOM_Force_IFU_VB30,sec_0928,447,5.4-hierarchy_level,,,,
SOMATOM_Force_IFU_VB30,sec_0928,447,5.4-parent_child,,,,
SOMATOM_Force_IFU_VB30,sec_0928,447,5.4-page_start_end,,,,
SOMATOM_Force_IFU_VB30,sec_0928,447,5.4-hierarchy_path,,,,
SOMATOM_Force_IFU_VB30,sec_0928,447,5.4-gaps_duplicates,,,,
SOMATOM_Force_IFU_VB30,sec_0928,447,5.4-flagged_for_review,,,,
SOMATOM_Force_IFU_VB30,sec_0928,447,5.4-structural_source,,,,
SOMATOM_Force_IFU_VB30,sec_0928,447,5.6-numbering_scheme,,,,
SOMATOM_Force_IFU_VB30,sec_0928,447,5.6-offset_applied,,,,
SOMATOM_Force_IFU_VB30,sec_0928,447,5.5-filters_discarding,,,,
SOMATOM_Force_IFU_VB30,sec_0928,447,5.5-filters_passing_noise,,,,
SOMATOM_Force_IFU_VB30,sec_0928,447,5.5-image_section_mapping,,,,
SOMATOM_Force_IFU_VB30,sec_0938,453,5.4-hierarchy_level,,,,
SOMATOM_Force_IFU_VB30,sec_0938,453,5.4-parent_child,,,,
SOMATOM_Force_IFU_VB30,sec_0938,453,5.4-page_start_end,,,,
SOMATOM_Force_IFU_VB30,sec_0938,453,5.4-hierarchy_path,,,,
SOMATOM_Force_IFU_VB30,sec_0938,453,5.4-gaps_duplicates,,,,
SOMATOM_Force_IFU_VB30,sec_0938,453,5.4-flagged_for_review,,,,
SOMATOM_Force_IFU_VB30,sec_0938,453,5.4-structural_source,,,,
SOMATOM_Force_IFU_VB30,sec_0938,453,5.6-numbering_scheme,,,,
SOMATOM_Force_IFU_VB30,sec_0938,453,5.6-offset_applied,,,,
SOMATOM_Force_IFU_VB30,sec_0938,453,5.5-filters_discarding,,,,
SOMATOM_Force_IFU_VB30,sec_0938,453,5.5-filters_passing_noise,,,,
SOMATOM_Force_IFU_VB30,sec_0938,453,5.5-image_section_mapping,,,,
SOMATOM_Force_IFU_VB30,sec_0949,460,5.4-hierarchy_level,,,,
SOMATOM_Force_IFU_VB30,sec_0949,460,5.4-parent_child,,,,
SOMATOM_Force_IFU_VB30,sec_0949,460,5.4-page_start_end,,,,
SOMATOM_Force_IFU_VB30,sec_0949,460,5.4-hierarchy_path,,,,
SOMATOM_Force_IFU_VB30,sec_0949,460,5.4-gaps_duplicates,,,,
SOMATOM_Force_IFU_VB30,sec_0949,460,5.4-flagged_for_review,,,,
SOMATOM_Force_IFU_VB30,sec_0949,460,5.4-structural_source,,,,
SOMATOM_Force_IFU_VB30,sec_0949,460,5.6-numbering_scheme,,,,
SOMATOM_Force_IFU_VB30,sec_0949,460,5.6-offset_applied,,,,
SOMATOM_Force_IFU_VB30,sec_0949,460,5.5-filters_discarding,,,,
SOMATOM_Force_IFU_VB30,sec_0949,460,5.5-filters_passing_noise,,,,
SOMATOM_Force_IFU_VB30,sec_0949,460,5.5-image_section_mapping,,,,
SOMATOM_Force_IFU_VB30,sec_0950,461,5.4-hierarchy_level,,,,
SOMATOM_Force_IFU_VB30,sec_0950,461,5.4-parent_child,,,,
SOMATOM_Force_IFU_VB30,sec_0950,461,5.4-page_start_end,,,,
SOMATOM_Force_IFU_VB30,sec_0950,461,5.4-hierarchy_path,,,,
SOMATOM_Force_IFU_VB30,sec_0950,461,5.4-gaps_duplicates,,,,
SOMATOM_Force_IFU_VB30,sec_0950,461,5.4-flagged_for_review,,,,
SOMATOM_Force_IFU_VB30,sec_0950,461,5.4-structural_source,,,,
SOMATOM_Force_IFU_VB30,sec_0950,461,5.6-numbering_scheme,,,,
SOMATOM_Force_IFU_VB30,sec_0950,461,5.6-offset_applied,,,,
SOMATOM_Force_IFU_VB30,sec_0950,461,5.5-filters_discarding,,,,
SOMATOM_Force_IFU_VB30,sec_0950,461,5.5-filters_passing_noise,,,,
SOMATOM_Force_IFU_VB30,sec_0950,461,5.5-image_section_mapping,,,,
SOMATOM_Force_IFU_VB30,sec_0951,465,5.4-hierarchy_level,,,,
SOMATOM_Force_IFU_VB30,sec_0951,465,5.4-parent_child,,,,
SOMATOM_Force_IFU_VB30,sec_0951,465,5.4-page_start_end,,,,
SOMATOM_Force_IFU_VB30,sec_0951,465,5.4-hierarchy_path,,,,
SOMATOM_Force_IFU_VB30,sec_0951,465,5.4-gaps_duplicates,,,,
SOMATOM_Force_IFU_VB30,sec_0951,465,5.4-flagged_for_review,,,,
SOMATOM_Force_IFU_VB30,sec_0951,465,5.4-structural_source,,,,
SOMATOM_Force_IFU_VB30,sec_0951,465,5.6-numbering_scheme,,,,
SOMATOM_Force_IFU_VB30,sec_0951,465,5.6-offset_applied,,,,
SOMATOM_Force_IFU_VB30,sec_0951,465,5.5-filters_discarding,,,,
SOMATOM_Force_IFU_VB30,sec_0951,465,5.5-filters_passing_noise,,,,
SOMATOM_Force_IFU_VB30,sec_0951,465,5.5-image_section_mapping,,,,
SOMATOM_Force_IFU_VB30,sec_0951,467,5.4-hierarchy_level,,,,
SOMATOM_Force_IFU_VB30,sec_0951,467,5.4-parent_child,,,,
SOMATOM_Force_IFU_VB30,sec_0951,467,5.4-page_start_end,,,,
SOMATOM_Force_IFU_VB30,sec_0951,467,5.4-hierarchy_path,,,,
SOMATOM_Force_IFU_VB30,sec_0951,467,5.4-gaps_duplicates,,,,
SOMATOM_Force_IFU_VB30,sec_0951,467,5.4-flagged_for_review,,,,
SOMATOM_Force_IFU_VB30,sec_0951,467,5.4-structural_source,,,,
SOMATOM_Force_IFU_VB30,sec_0951,467,5.6-numbering_scheme,,,,
SOMATOM_Force_IFU_VB30,sec_0951,467,5.6-offset_applied,,,,
SOMATOM_Force_IFU_VB30,sec_0951,467,5.5-filters_discarding,,,,
SOMATOM_Force_IFU_VB30,sec_0951,467,5.5-filters_passing_noise,,,,
SOMATOM_Force_IFU_VB30,sec_0951,467,5.5-image_section_mapping,,,,
